Token indices sequence length is longer than the specified maximum sequence length for this model (262337 > 2048). Running this sequence through the model will result in indexing errors
Loading checkpoint shards:   0%|          | 0/2 [00:00<?, ?it/s]Loading checkpoint shards:  50%|█████     | 1/2 [00:00<00:00,  1.70it/s]Loading checkpoint shards: 100%|██████████| 2/2 [00:00<00:00,  3.38it/s]
`loss_type=None` was set in the config but it is unrecognised.Using the default loss: `ForCausalLMLoss`.
Loading checkpoint shards:   0%|          | 0/2 [00:00<?, ?it/s]Loading checkpoint shards:  50%|█████     | 1/2 [00:00<00:00,  1.82it/s]Loading checkpoint shards: 100%|██████████| 2/2 [00:00<00:00,  3.62it/s]
Evaluation segment 1/1: start=0, windows=8, seqlen=2048
{"stage": "sequential-round-fit", "pid": 113530, "time": 1789709650.031366, "cuda_visible_devices": "2", "allocated_gib": 3.7957167625427246, "reserved_gib": 5.982421875, "peak_allocated_gib": 5.5437822341918945, "gpu_time_budget": null, "module": "model.layers.0.mlp.down_proj", "fit_rows": 49152, "heldout_rows": 16384}
{"stage": "sequential-round-coordinate", "pid": 113530, "time": 1789709650.6954446, "cuda_visible_devices": "2", "allocated_gib": 5.225467205047607, "reserved_gib": 8.232421875, "peak_allocated_gib": 7.100411891937256, "gpu_time_budget": null, "module": "model.layers.0.mlp.down_proj", "step": 128}
{"stage": "sequential-round-coordinate", "pid": 113530, "time": 1789709651.1448436, "cuda_visible_devices": "2", "allocated_gib": 5.225467205047607, "reserved_gib": 8.232421875, "peak_allocated_gib": 7.100411891937256, "gpu_time_budget": null, "module": "model.layers.0.mlp.down_proj", "step": 256}
{"stage": "sequential-round-coordinate", "pid": 113530, "time": 1789709651.5985372, "cuda_visible_devices": "2", "allocated_gib": 5.225467205047607, "reserved_gib": 8.232421875, "peak_allocated_gib": 7.100411891937256, "gpu_time_budget": null, "module": "model.layers.0.mlp.down_proj", "step": 384}
{"stage": "sequential-round-coordinate", "pid": 113530, "time": 1789709652.0954287, "cuda_visible_devices": "2", "allocated_gib": 5.225467205047607, "reserved_gib": 8.232421875, "peak_allocated_gib": 7.100411891937256, "gpu_time_budget": null, "module": "model.layers.0.mlp.down_proj", "step": 512}
{"stage": "sequential-round-coordinate", "pid": 113530, "time": 1789709652.550326, "cuda_visible_devices": "2", "allocated_gib": 5.225467205047607, "reserved_gib": 8.232421875, "peak_allocated_gib": 7.100411891937256, "gpu_time_budget": null, "module": "model.layers.0.mlp.down_proj", "step": 640}
{"stage": "sequential-round-coordinate", "pid": 113530, "time": 1789709653.0069978, "cuda_visible_devices": "2", "allocated_gib": 5.225467205047607, "reserved_gib": 8.232421875, "peak_allocated_gib": 7.100411891937256, "gpu_time_budget": null, "module": "model.layers.0.mlp.down_proj", "step": 768}
{"stage": "sequential-round-coordinate", "pid": 113530, "time": 1789709653.4768877, "cuda_visible_devices": "2", "allocated_gib": 5.225467205047607, "reserved_gib": 8.232421875, "peak_allocated_gib": 7.100411891937256, "gpu_time_budget": null, "module": "model.layers.0.mlp.down_proj", "step": 896}
{"stage": "sequential-round-coordinate", "pid": 113530, "time": 1789709654.1339443, "cuda_visible_devices": "2", "allocated_gib": 5.225467205047607, "reserved_gib": 8.232421875, "peak_allocated_gib": 7.100411891937256, "gpu_time_budget": null, "module": "model.layers.0.mlp.down_proj", "step": 1024}
{"stage": "sequential-round-coordinate", "pid": 113530, "time": 1789709654.7934833, "cuda_visible_devices": "2", "allocated_gib": 5.225467205047607, "reserved_gib": 8.232421875, "peak_allocated_gib": 7.100411891937256, "gpu_time_budget": null, "module": "model.layers.0.mlp.down_proj", "step": 1152}
{"stage": "sequential-round-coordinate", "pid": 113530, "time": 1789709655.4522123, "cuda_visible_devices": "2", "allocated_gib": 5.225467205047607, "reserved_gib": 8.232421875, "peak_allocated_gib": 7.100411891937256, "gpu_time_budget": null, "module": "model.layers.0.mlp.down_proj", "step": 1280}
{"stage": "sequential-round-coordinate", "pid": 113530, "time": 1789709656.1107512, "cuda_visible_devices": "2", "allocated_gib": 5.225467205047607, "reserved_gib": 8.232421875, "peak_allocated_gib": 7.100411891937256, "gpu_time_budget": null, "module": "model.layers.0.mlp.down_proj", "step": 1408}
{"stage": "sequential-round-coordinate", "pid": 113530, "time": 1789709656.7691803, "cuda_visible_devices": "2", "allocated_gib": 5.225467205047607, "reserved_gib": 8.232421875, "peak_allocated_gib": 7.100411891937256, "gpu_time_budget": null, "module": "model.layers.0.mlp.down_proj", "step": 1536}
{"stage": "sequential-round-coordinate", "pid": 113530, "time": 1789709657.4296007, "cuda_visible_devices": "2", "allocated_gib": 5.225467205047607, "reserved_gib": 8.232421875, "peak_allocated_gib": 7.100411891937256, "gpu_time_budget": null, "module": "model.layers.0.mlp.down_proj", "step": 1664}
{"stage": "sequential-round-coordinate", "pid": 113530, "time": 1789709658.089245, "cuda_visible_devices": "2", "allocated_gib": 5.225467205047607, "reserved_gib": 8.232421875, "peak_allocated_gib": 7.100411891937256, "gpu_time_budget": null, "module": "model.layers.0.mlp.down_proj", "step": 1792}
{"stage": "sequential-round-coordinate", "pid": 113530, "time": 1789709658.7255006, "cuda_visible_devices": "2", "allocated_gib": 5.225467205047607, "reserved_gib": 8.232421875, "peak_allocated_gib": 7.100411891937256, "gpu_time_budget": null, "module": "model.layers.0.mlp.down_proj", "step": 1920}
{"stage": "sequential-round-coordinate", "pid": 113530, "time": 1789709659.2677076, "cuda_visible_devices": "2", "allocated_gib": 5.225467205047607, "reserved_gib": 8.232421875, "peak_allocated_gib": 7.100411891937256, "gpu_time_budget": null, "module": "model.layers.0.mlp.down_proj", "step": 2048}
{"stage": "sequential-round-coordinate", "pid": 113530, "time": 1789709659.8505113, "cuda_visible_devices": "2", "allocated_gib": 5.225467205047607, "reserved_gib": 8.232421875, "peak_allocated_gib": 7.100411891937256, "gpu_time_budget": null, "module": "model.layers.0.mlp.down_proj", "step": 2176}
{"stage": "sequential-round-coordinate", "pid": 113530, "time": 1789709660.7333817, "cuda_visible_devices": "2", "allocated_gib": 5.225467205047607, "reserved_gib": 8.232421875, "peak_allocated_gib": 7.100411891937256, "gpu_time_budget": null, "module": "model.layers.0.mlp.down_proj", "step": 2304}
{"stage": "sequential-round-coordinate", "pid": 113530, "time": 1789709661.6128137, "cuda_visible_devices": "2", "allocated_gib": 5.225467205047607, "reserved_gib": 8.232421875, "peak_allocated_gib": 7.100411891937256, "gpu_time_budget": null, "module": "model.layers.0.mlp.down_proj", "step": 2432}
{"stage": "sequential-round-coordinate", "pid": 113530, "time": 1789709662.4948483, "cuda_visible_devices": "2", "allocated_gib": 5.225467205047607, "reserved_gib": 8.232421875, "peak_allocated_gib": 7.100411891937256, "gpu_time_budget": null, "module": "model.layers.0.mlp.down_proj", "step": 2560}
{"stage": "sequential-round-coordinate", "pid": 113530, "time": 1789709663.381601, "cuda_visible_devices": "2", "allocated_gib": 5.225467205047607, "reserved_gib": 8.232421875, "peak_allocated_gib": 7.100411891937256, "gpu_time_budget": null, "module": "model.layers.0.mlp.down_proj", "step": 2688}
{"stage": "sequential-round-coordinate", "pid": 113530, "time": 1789709664.2526157, "cuda_visible_devices": "2", "allocated_gib": 5.225467205047607, "reserved_gib": 8.232421875, "peak_allocated_gib": 7.100411891937256, "gpu_time_budget": null, "module": "model.layers.0.mlp.down_proj", "step": 2816}
{"stage": "sequential-round-coordinate", "pid": 113530, "time": 1789709665.136979, "cuda_visible_devices": "2", "allocated_gib": 5.225467205047607, "reserved_gib": 8.232421875, "peak_allocated_gib": 7.100411891937256, "gpu_time_budget": null, "module": "model.layers.0.mlp.down_proj", "step": 2944}
{"stage": "sequential-round-coordinate", "pid": 113530, "time": 1789709666.0216832, "cuda_visible_devices": "2", "allocated_gib": 5.225467205047607, "reserved_gib": 8.232421875, "peak_allocated_gib": 7.100411891937256, "gpu_time_budget": null, "module": "model.layers.0.mlp.down_proj", "step": 3072}
{"stage": "sequential-round-coordinate", "pid": 113530, "time": 1789709666.9076297, "cuda_visible_devices": "2", "allocated_gib": 5.225467205047607, "reserved_gib": 8.232421875, "peak_allocated_gib": 7.100411891937256, "gpu_time_budget": null, "module": "model.layers.0.mlp.down_proj", "step": 3200}
{"stage": "sequential-round-coordinate", "pid": 113530, "time": 1789709667.793243, "cuda_visible_devices": "2", "allocated_gib": 5.225467205047607, "reserved_gib": 8.232421875, "peak_allocated_gib": 7.100411891937256, "gpu_time_budget": null, "module": "model.layers.0.mlp.down_proj", "step": 3328}
{"stage": "sequential-round-coordinate", "pid": 113530, "time": 1789709668.6773994, "cuda_visible_devices": "2", "allocated_gib": 5.225467205047607, "reserved_gib": 8.232421875, "peak_allocated_gib": 7.100411891937256, "gpu_time_budget": null, "module": "model.layers.0.mlp.down_proj", "step": 3456}
{"stage": "sequential-round-coordinate", "pid": 113530, "time": 1789709669.5618863, "cuda_visible_devices": "2", "allocated_gib": 5.225467205047607, "reserved_gib": 8.232421875, "peak_allocated_gib": 7.100411891937256, "gpu_time_budget": null, "module": "model.layers.0.mlp.down_proj", "step": 3584}
{"stage": "sequential-round-coordinate", "pid": 113530, "time": 1789709670.444024, "cuda_visible_devices": "2", "allocated_gib": 5.225467205047607, "reserved_gib": 8.232421875, "peak_allocated_gib": 7.100411891937256, "gpu_time_budget": null, "module": "model.layers.0.mlp.down_proj", "step": 3712}
{"stage": "sequential-round-coordinate", "pid": 113530, "time": 1789709671.3292012, "cuda_visible_devices": "2", "allocated_gib": 5.225467205047607, "reserved_gib": 8.232421875, "peak_allocated_gib": 7.100411891937256, "gpu_time_budget": null, "module": "model.layers.0.mlp.down_proj", "step": 3840}
{"stage": "sequential-round-coordinate", "pid": 113530, "time": 1789709672.2134452, "cuda_visible_devices": "2", "allocated_gib": 5.225467205047607, "reserved_gib": 8.232421875, "peak_allocated_gib": 7.100411891937256, "gpu_time_budget": null, "module": "model.layers.0.mlp.down_proj", "step": 3968}
{"stage": "sequential-round-coordinate", "pid": 113530, "time": 1789709673.0970118, "cuda_visible_devices": "2", "allocated_gib": 5.225467205047607, "reserved_gib": 8.232421875, "peak_allocated_gib": 7.100411891937256, "gpu_time_budget": null, "module": "model.layers.0.mlp.down_proj", "step": 4096}
{"stage": "sequential-round-coordinate", "pid": 113530, "time": 1789709673.9858513, "cuda_visible_devices": "2", "allocated_gib": 5.225467205047607, "reserved_gib": 8.232421875, "peak_allocated_gib": 7.100411891937256, "gpu_time_budget": null, "module": "model.layers.0.mlp.down_proj", "step": 4224}
{"stage": "sequential-round-coordinate", "pid": 113530, "time": 1789709674.870004, "cuda_visible_devices": "2", "allocated_gib": 5.225467205047607, "reserved_gib": 8.232421875, "peak_allocated_gib": 7.100411891937256, "gpu_time_budget": null, "module": "model.layers.0.mlp.down_proj", "step": 4352}
{"stage": "sequential-round-coordinate", "pid": 113530, "time": 1789709675.7565389, "cuda_visible_devices": "2", "allocated_gib": 5.225467205047607, "reserved_gib": 8.232421875, "peak_allocated_gib": 7.100411891937256, "gpu_time_budget": null, "module": "model.layers.0.mlp.down_proj", "step": 4480}
{"stage": "sequential-round-coordinate", "pid": 113530, "time": 1789709676.6424675, "cuda_visible_devices": "2", "allocated_gib": 5.225467205047607, "reserved_gib": 8.232421875, "peak_allocated_gib": 7.100411891937256, "gpu_time_budget": null, "module": "model.layers.0.mlp.down_proj", "step": 4608}
{"stage": "sequential-round-coordinate", "pid": 113530, "time": 1789709677.5275202, "cuda_visible_devices": "2", "allocated_gib": 5.225467205047607, "reserved_gib": 8.232421875, "peak_allocated_gib": 7.100411891937256, "gpu_time_budget": null, "module": "model.layers.0.mlp.down_proj", "step": 4736}
{"stage": "sequential-round-coordinate", "pid": 113530, "time": 1789709678.4122286, "cuda_visible_devices": "2", "allocated_gib": 5.225467205047607, "reserved_gib": 8.232421875, "peak_allocated_gib": 7.100411891937256, "gpu_time_budget": null, "module": "model.layers.0.mlp.down_proj", "step": 4864}
{"stage": "sequential-round-coordinate", "pid": 113530, "time": 1789709679.2963061, "cuda_visible_devices": "2", "allocated_gib": 5.225467205047607, "reserved_gib": 8.232421875, "peak_allocated_gib": 7.100411891937256, "gpu_time_budget": null, "module": "model.layers.0.mlp.down_proj", "step": 4992}
{"stage": "sequential-round-coordinate", "pid": 113530, "time": 1789709680.1814058, "cuda_visible_devices": "2", "allocated_gib": 5.225467205047607, "reserved_gib": 8.232421875, "peak_allocated_gib": 7.100411891937256, "gpu_time_budget": null, "module": "model.layers.0.mlp.down_proj", "step": 5120}
{"stage": "sequential-round-coordinate", "pid": 113530, "time": 1789709681.0710242, "cuda_visible_devices": "2", "allocated_gib": 5.225467205047607, "reserved_gib": 8.232421875, "peak_allocated_gib": 7.100411891937256, "gpu_time_budget": null, "module": "model.layers.0.mlp.down_proj", "step": 5248}
{"stage": "sequential-round-coordinate", "pid": 113530, "time": 1789709681.9575834, "cuda_visible_devices": "2", "allocated_gib": 5.225467205047607, "reserved_gib": 8.232421875, "peak_allocated_gib": 7.100411891937256, "gpu_time_budget": null, "module": "model.layers.0.mlp.down_proj", "step": 5376}
{"stage": "sequential-round-coordinate", "pid": 113530, "time": 1789709682.8476365, "cuda_visible_devices": "2", "allocated_gib": 5.225467205047607, "reserved_gib": 8.232421875, "peak_allocated_gib": 7.100411891937256, "gpu_time_budget": null, "module": "model.layers.0.mlp.down_proj", "step": 5504}
{"stage": "sequential-round-coordinate", "pid": 113530, "time": 1789709683.7283769, "cuda_visible_devices": "2", "allocated_gib": 5.225467205047607, "reserved_gib": 8.232421875, "peak_allocated_gib": 7.100411891937256, "gpu_time_budget": null, "module": "model.layers.0.mlp.down_proj", "step": 5632}
{"stage": "sequential-round-coordinate", "pid": 113530, "time": 1789709684.61685, "cuda_visible_devices": "2", "allocated_gib": 5.225467205047607, "reserved_gib": 8.232421875, "peak_allocated_gib": 7.100411891937256, "gpu_time_budget": null, "module": "model.layers.0.mlp.down_proj", "step": 5760}
{"stage": "sequential-round-coordinate", "pid": 113530, "time": 1789709685.5015638, "cuda_visible_devices": "2", "allocated_gib": 5.225467205047607, "reserved_gib": 8.232421875, "peak_allocated_gib": 7.100411891937256, "gpu_time_budget": null, "module": "model.layers.0.mlp.down_proj", "step": 5888}
{"stage": "sequential-round-coordinate", "pid": 113530, "time": 1789709686.387758, "cuda_visible_devices": "2", "allocated_gib": 5.225467205047607, "reserved_gib": 8.232421875, "peak_allocated_gib": 7.100411891937256, "gpu_time_budget": null, "module": "model.layers.0.mlp.down_proj", "step": 6016}
{"stage": "sequential-round-coordinate", "pid": 113530, "time": 1789709687.2744792, "cuda_visible_devices": "2", "allocated_gib": 5.225467205047607, "reserved_gib": 8.232421875, "peak_allocated_gib": 7.100411891937256, "gpu_time_budget": null, "module": "model.layers.0.mlp.down_proj", "step": 6144}
{"stage": "sequential-round-coordinate", "pid": 113530, "time": 1789709688.1612616, "cuda_visible_devices": "2", "allocated_gib": 5.225467205047607, "reserved_gib": 8.232421875, "peak_allocated_gib": 7.100411891937256, "gpu_time_budget": null, "module": "model.layers.0.mlp.down_proj", "step": 6272}
{"stage": "sequential-round-coordinate", "pid": 113530, "time": 1789709689.043028, "cuda_visible_devices": "2", "allocated_gib": 5.225467205047607, "reserved_gib": 8.232421875, "peak_allocated_gib": 7.100411891937256, "gpu_time_budget": null, "module": "model.layers.0.mlp.down_proj", "step": 6400}
{"stage": "sequential-round-coordinate", "pid": 113530, "time": 1789709689.9261847, "cuda_visible_devices": "2", "allocated_gib": 5.225467205047607, "reserved_gib": 8.232421875, "peak_allocated_gib": 7.100411891937256, "gpu_time_budget": null, "module": "model.layers.0.mlp.down_proj", "step": 6528}
{"stage": "sequential-round-coordinate", "pid": 113530, "time": 1789709690.8149214, "cuda_visible_devices": "2", "allocated_gib": 5.225467205047607, "reserved_gib": 8.232421875, "peak_allocated_gib": 7.100411891937256, "gpu_time_budget": null, "module": "model.layers.0.mlp.down_proj", "step": 6656}
{"stage": "sequential-round-coordinate", "pid": 113530, "time": 1789709691.7002418, "cuda_visible_devices": "2", "allocated_gib": 5.225467205047607, "reserved_gib": 8.232421875, "peak_allocated_gib": 7.100411891937256, "gpu_time_budget": null, "module": "model.layers.0.mlp.down_proj", "step": 6784}
{"stage": "sequential-round-coordinate", "pid": 113530, "time": 1789709692.5858226, "cuda_visible_devices": "2", "allocated_gib": 5.225467205047607, "reserved_gib": 8.232421875, "peak_allocated_gib": 7.100411891937256, "gpu_time_budget": null, "module": "model.layers.0.mlp.down_proj", "step": 6912}
{"stage": "sequential-round-coordinate", "pid": 113530, "time": 1789709693.466642, "cuda_visible_devices": "2", "allocated_gib": 5.225467205047607, "reserved_gib": 8.232421875, "peak_allocated_gib": 7.100411891937256, "gpu_time_budget": null, "module": "model.layers.0.mlp.down_proj", "step": 7040}
{"stage": "sequential-round-coordinate", "pid": 113530, "time": 1789709694.3527586, "cuda_visible_devices": "2", "allocated_gib": 5.225467205047607, "reserved_gib": 8.232421875, "peak_allocated_gib": 7.100411891937256, "gpu_time_budget": null, "module": "model.layers.0.mlp.down_proj", "step": 7168}
{"stage": "sequential-round-coordinate", "pid": 113530, "time": 1789709695.2391088, "cuda_visible_devices": "2", "allocated_gib": 5.225467205047607, "reserved_gib": 8.232421875, "peak_allocated_gib": 7.100411891937256, "gpu_time_budget": null, "module": "model.layers.0.mlp.down_proj", "step": 7296}
{"stage": "sequential-round-coordinate", "pid": 113530, "time": 1789709696.1257293, "cuda_visible_devices": "2", "allocated_gib": 5.225467205047607, "reserved_gib": 8.232421875, "peak_allocated_gib": 7.100411891937256, "gpu_time_budget": null, "module": "model.layers.0.mlp.down_proj", "step": 7424}
{"stage": "sequential-round-coordinate", "pid": 113530, "time": 1789709697.0101542, "cuda_visible_devices": "2", "allocated_gib": 5.225467205047607, "reserved_gib": 8.232421875, "peak_allocated_gib": 7.100411891937256, "gpu_time_budget": null, "module": "model.layers.0.mlp.down_proj", "step": 7552}
{"stage": "sequential-round-coordinate", "pid": 113530, "time": 1789709697.8936, "cuda_visible_devices": "2", "allocated_gib": 5.225467205047607, "reserved_gib": 8.232421875, "peak_allocated_gib": 7.100411891937256, "gpu_time_budget": null, "module": "model.layers.0.mlp.down_proj", "step": 7680}
{"stage": "sequential-round-coordinate", "pid": 113530, "time": 1789709698.7712514, "cuda_visible_devices": "2", "allocated_gib": 5.225467205047607, "reserved_gib": 8.232421875, "peak_allocated_gib": 7.100411891937256, "gpu_time_budget": null, "module": "model.layers.0.mlp.down_proj", "step": 7808}
{"stage": "sequential-round-coordinate", "pid": 113530, "time": 1789709699.6553738, "cuda_visible_devices": "2", "allocated_gib": 5.225467205047607, "reserved_gib": 8.232421875, "peak_allocated_gib": 7.100411891937256, "gpu_time_budget": null, "module": "model.layers.0.mlp.down_proj", "step": 7936}
{"stage": "sequential-round-coordinate", "pid": 113530, "time": 1789709700.5401175, "cuda_visible_devices": "2", "allocated_gib": 5.225467205047607, "reserved_gib": 8.232421875, "peak_allocated_gib": 7.100411891937256, "gpu_time_budget": null, "module": "model.layers.0.mlp.down_proj", "step": 8064}
{"stage": "sequential-round-coordinate", "pid": 113530, "time": 1789709701.5005498, "cuda_visible_devices": "2", "allocated_gib": 5.225467205047607, "reserved_gib": 8.232421875, "peak_allocated_gib": 7.100411891937256, "gpu_time_budget": null, "module": "model.layers.0.mlp.down_proj", "step": 8192}
{"stage": "sequential-round-train-nll", "pid": 113530, "time": 1789709701.5452347, "cuda_visible_devices": "2", "allocated_gib": 3.7957167625427246, "reserved_gib": 3.80078125, "peak_allocated_gib": 7.100411891937256, "gpu_time_budget": null, "module": "model.layers.0.mlp.down_proj", "step": 512}
Evaluation segment 1/1: start=0, windows=8, seqlen=2048
{"stage": "sequential-round-train-nll", "pid": 113530, "time": 1789709706.5840383, "cuda_visible_devices": "2", "allocated_gib": 3.7957167625427246, "reserved_gib": 5.978515625, "peak_allocated_gib": 7.100411891937256, "gpu_time_budget": null, "module": "model.layers.0.mlp.down_proj", "step": 2048}
Evaluation segment 1/1: start=0, windows=8, seqlen=2048
{"stage": "sequential-round-train-nll", "pid": 113530, "time": 1789709711.625868, "cuda_visible_devices": "2", "allocated_gib": 3.7957167625427246, "reserved_gib": 5.978515625, "peak_allocated_gib": 7.100411891937256, "gpu_time_budget": null, "module": "model.layers.0.mlp.down_proj", "step": 8192}
Evaluation segment 1/1: start=0, windows=8, seqlen=2048
{"stage": "sequential-module-completed", "pid": 113530, "time": 1789709715.502354, "cuda_visible_devices": "2", "allocated_gib": 3.7957167625427246, "reserved_gib": 5.978515625, "peak_allocated_gib": 7.100411891937256, "gpu_time_budget": null, "module": "model.layers.0.mlp.down_proj", "completed": 1, "total": 28, "selected_train_nll": 2.6431519825772964, "elapsed_seconds": 65.93199306097813}
{"stage": "sequential-round-fit", "pid": 113530, "time": 1789709716.2715535, "cuda_visible_devices": "2", "allocated_gib": 3.7957167625427246, "reserved_gib": 5.978515625, "peak_allocated_gib": 7.100411891937256, "gpu_time_budget": null, "module": "model.layers.1.mlp.down_proj", "fit_rows": 49152, "heldout_rows": 16384}
{"stage": "sequential-round-coordinate", "pid": 113530, "time": 1789709717.126723, "cuda_visible_devices": "2", "allocated_gib": 5.225467205047607, "reserved_gib": 8.228515625, "peak_allocated_gib": 7.100411891937256, "gpu_time_budget": null, "module": "model.layers.1.mlp.down_proj", "step": 128}
{"stage": "sequential-round-coordinate", "pid": 113530, "time": 1789709717.7885013, "cuda_visible_devices": "2", "allocated_gib": 5.225467205047607, "reserved_gib": 8.228515625, "peak_allocated_gib": 7.100411891937256, "gpu_time_budget": null, "module": "model.layers.1.mlp.down_proj", "step": 256}
{"stage": "sequential-round-coordinate", "pid": 113530, "time": 1789709718.4506376, "cuda_visible_devices": "2", "allocated_gib": 5.225467205047607, "reserved_gib": 8.228515625, "peak_allocated_gib": 7.100411891937256, "gpu_time_budget": null, "module": "model.layers.1.mlp.down_proj", "step": 384}
{"stage": "sequential-round-coordinate", "pid": 113530, "time": 1789709719.1647928, "cuda_visible_devices": "2", "allocated_gib": 5.225467205047607, "reserved_gib": 8.228515625, "peak_allocated_gib": 7.100411891937256, "gpu_time_budget": null, "module": "model.layers.1.mlp.down_proj", "step": 512}
{"stage": "sequential-round-coordinate", "pid": 113530, "time": 1789709719.8299978, "cuda_visible_devices": "2", "allocated_gib": 5.225467205047607, "reserved_gib": 8.228515625, "peak_allocated_gib": 7.100411891937256, "gpu_time_budget": null, "module": "model.layers.1.mlp.down_proj", "step": 640}
{"stage": "sequential-round-coordinate", "pid": 113530, "time": 1789709720.492783, "cuda_visible_devices": "2", "allocated_gib": 5.225467205047607, "reserved_gib": 8.228515625, "peak_allocated_gib": 7.100411891937256, "gpu_time_budget": null, "module": "model.layers.1.mlp.down_proj", "step": 768}
{"stage": "sequential-round-coordinate", "pid": 113530, "time": 1789709721.154966, "cuda_visible_devices": "2", "allocated_gib": 5.225467205047607, "reserved_gib": 8.228515625, "peak_allocated_gib": 7.100411891937256, "gpu_time_budget": null, "module": "model.layers.1.mlp.down_proj", "step": 896}
{"stage": "sequential-round-coordinate", "pid": 113530, "time": 1789709721.8181021, "cuda_visible_devices": "2", "allocated_gib": 5.225467205047607, "reserved_gib": 8.228515625, "peak_allocated_gib": 7.100411891937256, "gpu_time_budget": null, "module": "model.layers.1.mlp.down_proj", "step": 1024}
{"stage": "sequential-round-coordinate", "pid": 113530, "time": 1789709722.4613717, "cuda_visible_devices": "2", "allocated_gib": 5.225467205047607, "reserved_gib": 8.228515625, "peak_allocated_gib": 7.100411891937256, "gpu_time_budget": null, "module": "model.layers.1.mlp.down_proj", "step": 1152}
{"stage": "sequential-round-coordinate", "pid": 113530, "time": 1789709723.1230764, "cuda_visible_devices": "2", "allocated_gib": 5.225467205047607, "reserved_gib": 8.228515625, "peak_allocated_gib": 7.100411891937256, "gpu_time_budget": null, "module": "model.layers.1.mlp.down_proj", "step": 1280}
{"stage": "sequential-round-coordinate", "pid": 113530, "time": 1789709723.7852876, "cuda_visible_devices": "2", "allocated_gib": 5.225467205047607, "reserved_gib": 8.228515625, "peak_allocated_gib": 7.100411891937256, "gpu_time_budget": null, "module": "model.layers.1.mlp.down_proj", "step": 1408}
{"stage": "sequential-round-coordinate", "pid": 113530, "time": 1789709724.4481342, "cuda_visible_devices": "2", "allocated_gib": 5.225467205047607, "reserved_gib": 8.228515625, "peak_allocated_gib": 7.100411891937256, "gpu_time_budget": null, "module": "model.layers.1.mlp.down_proj", "step": 1536}
{"stage": "sequential-round-coordinate", "pid": 113530, "time": 1789709725.1111689, "cuda_visible_devices": "2", "allocated_gib": 5.225467205047607, "reserved_gib": 8.228515625, "peak_allocated_gib": 7.100411891937256, "gpu_time_budget": null, "module": "model.layers.1.mlp.down_proj", "step": 1664}
{"stage": "sequential-round-coordinate", "pid": 113530, "time": 1789709725.7731144, "cuda_visible_devices": "2", "allocated_gib": 5.225467205047607, "reserved_gib": 8.228515625, "peak_allocated_gib": 7.100411891937256, "gpu_time_budget": null, "module": "model.layers.1.mlp.down_proj", "step": 1792}
{"stage": "sequential-round-coordinate", "pid": 113530, "time": 1789709726.4358256, "cuda_visible_devices": "2", "allocated_gib": 5.225467205047607, "reserved_gib": 8.228515625, "peak_allocated_gib": 7.100411891937256, "gpu_time_budget": null, "module": "model.layers.1.mlp.down_proj", "step": 1920}
{"stage": "sequential-round-coordinate", "pid": 113530, "time": 1789709727.149238, "cuda_visible_devices": "2", "allocated_gib": 5.225467205047607, "reserved_gib": 8.228515625, "peak_allocated_gib": 7.100411891937256, "gpu_time_budget": null, "module": "model.layers.1.mlp.down_proj", "step": 2048}
{"stage": "sequential-round-coordinate", "pid": 113530, "time": 1789709727.7912357, "cuda_visible_devices": "2", "allocated_gib": 5.225467205047607, "reserved_gib": 8.228515625, "peak_allocated_gib": 7.100411891937256, "gpu_time_budget": null, "module": "model.layers.1.mlp.down_proj", "step": 2176}
{"stage": "sequential-round-coordinate", "pid": 113530, "time": 1789709728.3105624, "cuda_visible_devices": "2", "allocated_gib": 5.225467205047607, "reserved_gib": 8.228515625, "peak_allocated_gib": 7.100411891937256, "gpu_time_budget": null, "module": "model.layers.1.mlp.down_proj", "step": 2304}
{"stage": "sequential-round-coordinate", "pid": 113530, "time": 1789709728.8251173, "cuda_visible_devices": "2", "allocated_gib": 5.225467205047607, "reserved_gib": 8.228515625, "peak_allocated_gib": 7.100411891937256, "gpu_time_budget": null, "module": "model.layers.1.mlp.down_proj", "step": 2432}
{"stage": "sequential-round-coordinate", "pid": 113530, "time": 1789709729.4191613, "cuda_visible_devices": "2", "allocated_gib": 5.225467205047607, "reserved_gib": 8.228515625, "peak_allocated_gib": 7.100411891937256, "gpu_time_budget": null, "module": "model.layers.1.mlp.down_proj", "step": 2560}
{"stage": "sequential-round-coordinate", "pid": 113530, "time": 1789709730.3074343, "cuda_visible_devices": "2", "allocated_gib": 5.225467205047607, "reserved_gib": 8.228515625, "peak_allocated_gib": 7.100411891937256, "gpu_time_budget": null, "module": "model.layers.1.mlp.down_proj", "step": 2688}
{"stage": "sequential-round-coordinate", "pid": 113530, "time": 1789709731.1960735, "cuda_visible_devices": "2", "allocated_gib": 5.225467205047607, "reserved_gib": 8.228515625, "peak_allocated_gib": 7.100411891937256, "gpu_time_budget": null, "module": "model.layers.1.mlp.down_proj", "step": 2816}
{"stage": "sequential-round-coordinate", "pid": 113530, "time": 1789709732.0850308, "cuda_visible_devices": "2", "allocated_gib": 5.225467205047607, "reserved_gib": 8.228515625, "peak_allocated_gib": 7.100411891937256, "gpu_time_budget": null, "module": "model.layers.1.mlp.down_proj", "step": 2944}
{"stage": "sequential-round-coordinate", "pid": 113530, "time": 1789709732.9821327, "cuda_visible_devices": "2", "allocated_gib": 5.225467205047607, "reserved_gib": 8.228515625, "peak_allocated_gib": 7.100411891937256, "gpu_time_budget": null, "module": "model.layers.1.mlp.down_proj", "step": 3072}
{"stage": "sequential-round-coordinate", "pid": 113530, "time": 1789709733.8671067, "cuda_visible_devices": "2", "allocated_gib": 5.225467205047607, "reserved_gib": 8.228515625, "peak_allocated_gib": 7.100411891937256, "gpu_time_budget": null, "module": "model.layers.1.mlp.down_proj", "step": 3200}
{"stage": "sequential-round-coordinate", "pid": 113530, "time": 1789709734.7565253, "cuda_visible_devices": "2", "allocated_gib": 5.225467205047607, "reserved_gib": 8.228515625, "peak_allocated_gib": 7.100411891937256, "gpu_time_budget": null, "module": "model.layers.1.mlp.down_proj", "step": 3328}
{"stage": "sequential-round-coordinate", "pid": 113530, "time": 1789709735.6462255, "cuda_visible_devices": "2", "allocated_gib": 5.225467205047607, "reserved_gib": 8.228515625, "peak_allocated_gib": 7.100411891937256, "gpu_time_budget": null, "module": "model.layers.1.mlp.down_proj", "step": 3456}
{"stage": "sequential-round-coordinate", "pid": 113530, "time": 1789709736.586266, "cuda_visible_devices": "2", "allocated_gib": 5.225467205047607, "reserved_gib": 8.228515625, "peak_allocated_gib": 7.100411891937256, "gpu_time_budget": null, "module": "model.layers.1.mlp.down_proj", "step": 3584}
{"stage": "sequential-round-coordinate", "pid": 113530, "time": 1789709737.477432, "cuda_visible_devices": "2", "allocated_gib": 5.225467205047607, "reserved_gib": 8.228515625, "peak_allocated_gib": 7.100411891937256, "gpu_time_budget": null, "module": "model.layers.1.mlp.down_proj", "step": 3712}
{"stage": "sequential-round-coordinate", "pid": 113530, "time": 1789709738.3665571, "cuda_visible_devices": "2", "allocated_gib": 5.225467205047607, "reserved_gib": 8.228515625, "peak_allocated_gib": 7.100411891937256, "gpu_time_budget": null, "module": "model.layers.1.mlp.down_proj", "step": 3840}
{"stage": "sequential-round-coordinate", "pid": 113530, "time": 1789709739.2553873, "cuda_visible_devices": "2", "allocated_gib": 5.225467205047607, "reserved_gib": 8.228515625, "peak_allocated_gib": 7.100411891937256, "gpu_time_budget": null, "module": "model.layers.1.mlp.down_proj", "step": 3968}
{"stage": "sequential-round-coordinate", "pid": 113530, "time": 1789709740.1452608, "cuda_visible_devices": "2", "allocated_gib": 5.225467205047607, "reserved_gib": 8.228515625, "peak_allocated_gib": 7.100411891937256, "gpu_time_budget": null, "module": "model.layers.1.mlp.down_proj", "step": 4096}
{"stage": "sequential-round-coordinate", "pid": 113530, "time": 1789709741.0345054, "cuda_visible_devices": "2", "allocated_gib": 5.225467205047607, "reserved_gib": 8.228515625, "peak_allocated_gib": 7.100411891937256, "gpu_time_budget": null, "module": "model.layers.1.mlp.down_proj", "step": 4224}
{"stage": "sequential-round-coordinate", "pid": 113530, "time": 1789709741.9232032, "cuda_visible_devices": "2", "allocated_gib": 5.225467205047607, "reserved_gib": 8.228515625, "peak_allocated_gib": 7.100411891937256, "gpu_time_budget": null, "module": "model.layers.1.mlp.down_proj", "step": 4352}
{"stage": "sequential-round-coordinate", "pid": 113530, "time": 1789709742.8123908, "cuda_visible_devices": "2", "allocated_gib": 5.225467205047607, "reserved_gib": 8.228515625, "peak_allocated_gib": 7.100411891937256, "gpu_time_budget": null, "module": "model.layers.1.mlp.down_proj", "step": 4480}
{"stage": "sequential-round-coordinate", "pid": 113530, "time": 1789709743.700599, "cuda_visible_devices": "2", "allocated_gib": 5.225467205047607, "reserved_gib": 8.228515625, "peak_allocated_gib": 7.100411891937256, "gpu_time_budget": null, "module": "model.layers.1.mlp.down_proj", "step": 4608}
{"stage": "sequential-round-coordinate", "pid": 113530, "time": 1789709744.5942817, "cuda_visible_devices": "2", "allocated_gib": 5.225467205047607, "reserved_gib": 8.228515625, "peak_allocated_gib": 7.100411891937256, "gpu_time_budget": null, "module": "model.layers.1.mlp.down_proj", "step": 4736}
{"stage": "sequential-round-coordinate", "pid": 113530, "time": 1789709745.4840107, "cuda_visible_devices": "2", "allocated_gib": 5.225467205047607, "reserved_gib": 8.228515625, "peak_allocated_gib": 7.100411891937256, "gpu_time_budget": null, "module": "model.layers.1.mlp.down_proj", "step": 4864}
{"stage": "sequential-round-coordinate", "pid": 113530, "time": 1789709746.3728535, "cuda_visible_devices": "2", "allocated_gib": 5.225467205047607, "reserved_gib": 8.228515625, "peak_allocated_gib": 7.100411891937256, "gpu_time_budget": null, "module": "model.layers.1.mlp.down_proj", "step": 4992}
{"stage": "sequential-round-coordinate", "pid": 113530, "time": 1789709747.261466, "cuda_visible_devices": "2", "allocated_gib": 5.225467205047607, "reserved_gib": 8.228515625, "peak_allocated_gib": 7.100411891937256, "gpu_time_budget": null, "module": "model.layers.1.mlp.down_proj", "step": 5120}
{"stage": "sequential-round-coordinate", "pid": 113530, "time": 1789709748.1489964, "cuda_visible_devices": "2", "allocated_gib": 5.225467205047607, "reserved_gib": 8.228515625, "peak_allocated_gib": 7.100411891937256, "gpu_time_budget": null, "module": "model.layers.1.mlp.down_proj", "step": 5248}
{"stage": "sequential-round-coordinate", "pid": 113530, "time": 1789709749.0385609, "cuda_visible_devices": "2", "allocated_gib": 5.225467205047607, "reserved_gib": 8.228515625, "peak_allocated_gib": 7.100411891937256, "gpu_time_budget": null, "module": "model.layers.1.mlp.down_proj", "step": 5376}
{"stage": "sequential-round-coordinate", "pid": 113530, "time": 1789709749.9278374, "cuda_visible_devices": "2", "allocated_gib": 5.225467205047607, "reserved_gib": 8.228515625, "peak_allocated_gib": 7.100411891937256, "gpu_time_budget": null, "module": "model.layers.1.mlp.down_proj", "step": 5504}
{"stage": "sequential-round-coordinate", "pid": 113530, "time": 1789709750.8195393, "cuda_visible_devices": "2", "allocated_gib": 5.225467205047607, "reserved_gib": 8.228515625, "peak_allocated_gib": 7.100411891937256, "gpu_time_budget": null, "module": "model.layers.1.mlp.down_proj", "step": 5632}
{"stage": "sequential-round-coordinate", "pid": 113530, "time": 1789709751.709851, "cuda_visible_devices": "2", "allocated_gib": 5.225467205047607, "reserved_gib": 8.228515625, "peak_allocated_gib": 7.100411891937256, "gpu_time_budget": null, "module": "model.layers.1.mlp.down_proj", "step": 5760}
{"stage": "sequential-round-coordinate", "pid": 113530, "time": 1789709752.5980716, "cuda_visible_devices": "2", "allocated_gib": 5.225467205047607, "reserved_gib": 8.228515625, "peak_allocated_gib": 7.100411891937256, "gpu_time_budget": null, "module": "model.layers.1.mlp.down_proj", "step": 5888}
{"stage": "sequential-round-coordinate", "pid": 113530, "time": 1789709753.4874048, "cuda_visible_devices": "2", "allocated_gib": 5.225467205047607, "reserved_gib": 8.228515625, "peak_allocated_gib": 7.100411891937256, "gpu_time_budget": null, "module": "model.layers.1.mlp.down_proj", "step": 6016}
{"stage": "sequential-round-coordinate", "pid": 113530, "time": 1789709754.3743477, "cuda_visible_devices": "2", "allocated_gib": 5.225467205047607, "reserved_gib": 8.228515625, "peak_allocated_gib": 7.100411891937256, "gpu_time_budget": null, "module": "model.layers.1.mlp.down_proj", "step": 6144}
{"stage": "sequential-round-coordinate", "pid": 113530, "time": 1789709755.2625651, "cuda_visible_devices": "2", "allocated_gib": 5.225467205047607, "reserved_gib": 8.228515625, "peak_allocated_gib": 7.100411891937256, "gpu_time_budget": null, "module": "model.layers.1.mlp.down_proj", "step": 6272}
{"stage": "sequential-round-coordinate", "pid": 113530, "time": 1789709756.1509545, "cuda_visible_devices": "2", "allocated_gib": 5.225467205047607, "reserved_gib": 8.228515625, "peak_allocated_gib": 7.100411891937256, "gpu_time_budget": null, "module": "model.layers.1.mlp.down_proj", "step": 6400}
{"stage": "sequential-round-coordinate", "pid": 113530, "time": 1789709757.0404499, "cuda_visible_devices": "2", "allocated_gib": 5.225467205047607, "reserved_gib": 8.228515625, "peak_allocated_gib": 7.100411891937256, "gpu_time_budget": null, "module": "model.layers.1.mlp.down_proj", "step": 6528}
{"stage": "sequential-round-coordinate", "pid": 113530, "time": 1789709757.927892, "cuda_visible_devices": "2", "allocated_gib": 5.225467205047607, "reserved_gib": 8.228515625, "peak_allocated_gib": 7.100411891937256, "gpu_time_budget": null, "module": "model.layers.1.mlp.down_proj", "step": 6656}
{"stage": "sequential-round-coordinate", "pid": 113530, "time": 1789709758.8156402, "cuda_visible_devices": "2", "allocated_gib": 5.225467205047607, "reserved_gib": 8.228515625, "peak_allocated_gib": 7.100411891937256, "gpu_time_budget": null, "module": "model.layers.1.mlp.down_proj", "step": 6784}
{"stage": "sequential-round-coordinate", "pid": 113530, "time": 1789709759.7035997, "cuda_visible_devices": "2", "allocated_gib": 5.225467205047607, "reserved_gib": 8.228515625, "peak_allocated_gib": 7.100411891937256, "gpu_time_budget": null, "module": "model.layers.1.mlp.down_proj", "step": 6912}
{"stage": "sequential-round-coordinate", "pid": 113530, "time": 1789709760.5933719, "cuda_visible_devices": "2", "allocated_gib": 5.225467205047607, "reserved_gib": 8.228515625, "peak_allocated_gib": 7.100411891937256, "gpu_time_budget": null, "module": "model.layers.1.mlp.down_proj", "step": 7040}
{"stage": "sequential-round-coordinate", "pid": 113530, "time": 1789709761.481614, "cuda_visible_devices": "2", "allocated_gib": 5.225467205047607, "reserved_gib": 8.228515625, "peak_allocated_gib": 7.100411891937256, "gpu_time_budget": null, "module": "model.layers.1.mlp.down_proj", "step": 7168}
{"stage": "sequential-round-coordinate", "pid": 113530, "time": 1789709762.3715389, "cuda_visible_devices": "2", "allocated_gib": 5.225467205047607, "reserved_gib": 8.228515625, "peak_allocated_gib": 7.100411891937256, "gpu_time_budget": null, "module": "model.layers.1.mlp.down_proj", "step": 7296}
{"stage": "sequential-round-coordinate", "pid": 113530, "time": 1789709763.2606544, "cuda_visible_devices": "2", "allocated_gib": 5.225467205047607, "reserved_gib": 8.228515625, "peak_allocated_gib": 7.100411891937256, "gpu_time_budget": null, "module": "model.layers.1.mlp.down_proj", "step": 7424}
{"stage": "sequential-round-coordinate", "pid": 113530, "time": 1789709764.149683, "cuda_visible_devices": "2", "allocated_gib": 5.225467205047607, "reserved_gib": 8.228515625, "peak_allocated_gib": 7.100411891937256, "gpu_time_budget": null, "module": "model.layers.1.mlp.down_proj", "step": 7552}
{"stage": "sequential-round-coordinate", "pid": 113530, "time": 1789709765.0389602, "cuda_visible_devices": "2", "allocated_gib": 5.225467205047607, "reserved_gib": 8.228515625, "peak_allocated_gib": 7.100411891937256, "gpu_time_budget": null, "module": "model.layers.1.mlp.down_proj", "step": 7680}
{"stage": "sequential-round-coordinate", "pid": 113530, "time": 1789709765.931867, "cuda_visible_devices": "2", "allocated_gib": 5.225467205047607, "reserved_gib": 8.228515625, "peak_allocated_gib": 7.100411891937256, "gpu_time_budget": null, "module": "model.layers.1.mlp.down_proj", "step": 7808}
{"stage": "sequential-round-coordinate", "pid": 113530, "time": 1789709766.8200629, "cuda_visible_devices": "2", "allocated_gib": 5.225467205047607, "reserved_gib": 8.228515625, "peak_allocated_gib": 7.100411891937256, "gpu_time_budget": null, "module": "model.layers.1.mlp.down_proj", "step": 7936}
{"stage": "sequential-round-coordinate", "pid": 113530, "time": 1789709767.7094235, "cuda_visible_devices": "2", "allocated_gib": 5.225467205047607, "reserved_gib": 8.228515625, "peak_allocated_gib": 7.100411891937256, "gpu_time_budget": null, "module": "model.layers.1.mlp.down_proj", "step": 8064}
{"stage": "sequential-round-coordinate", "pid": 113530, "time": 1789709768.675138, "cuda_visible_devices": "2", "allocated_gib": 5.225467205047607, "reserved_gib": 8.228515625, "peak_allocated_gib": 7.100411891937256, "gpu_time_budget": null, "module": "model.layers.1.mlp.down_proj", "step": 8192}
{"stage": "sequential-round-train-nll", "pid": 113530, "time": 1789709768.7250962, "cuda_visible_devices": "2", "allocated_gib": 3.7957167625427246, "reserved_gib": 3.80078125, "peak_allocated_gib": 7.100411891937256, "gpu_time_budget": null, "module": "model.layers.1.mlp.down_proj", "step": 512}
Evaluation segment 1/1: start=0, windows=8, seqlen=2048
{"stage": "sequential-round-train-nll", "pid": 113530, "time": 1789709773.7677004, "cuda_visible_devices": "2", "allocated_gib": 3.7957167625427246, "reserved_gib": 5.978515625, "peak_allocated_gib": 7.100411891937256, "gpu_time_budget": null, "module": "model.layers.1.mlp.down_proj", "step": 2048}
Evaluation segment 1/1: start=0, windows=8, seqlen=2048
{"stage": "sequential-round-train-nll", "pid": 113530, "time": 1789709778.7846937, "cuda_visible_devices": "2", "allocated_gib": 3.7957167625427246, "reserved_gib": 5.978515625, "peak_allocated_gib": 7.100411891937256, "gpu_time_budget": null, "module": "model.layers.1.mlp.down_proj", "step": 8192}
Evaluation segment 1/1: start=0, windows=8, seqlen=2048
{"stage": "sequential-module-completed", "pid": 113530, "time": 1789709783.3405304, "cuda_visible_devices": "2", "allocated_gib": 3.7957167625427246, "reserved_gib": 5.978515625, "peak_allocated_gib": 7.100411891937256, "gpu_time_budget": null, "module": "model.layers.1.mlp.down_proj", "completed": 2, "total": 28, "selected_train_nll": 2.6431519825772964, "elapsed_seconds": 133.7701712200651}
{"stage": "sequential-round-fit", "pid": 113530, "time": 1789709784.5133526, "cuda_visible_devices": "2", "allocated_gib": 3.7957167625427246, "reserved_gib": 5.978515625, "peak_allocated_gib": 7.100411891937256, "gpu_time_budget": null, "module": "model.layers.2.mlp.down_proj", "fit_rows": 49152, "heldout_rows": 16384}
{"stage": "sequential-round-coordinate", "pid": 113530, "time": 1789709785.4817743, "cuda_visible_devices": "2", "allocated_gib": 5.225467205047607, "reserved_gib": 8.228515625, "peak_allocated_gib": 7.100411891937256, "gpu_time_budget": null, "module": "model.layers.2.mlp.down_proj", "step": 128}
{"stage": "sequential-round-coordinate", "pid": 113530, "time": 1789709786.1423554, "cuda_visible_devices": "2", "allocated_gib": 5.225467205047607, "reserved_gib": 8.228515625, "peak_allocated_gib": 7.100411891937256, "gpu_time_budget": null, "module": "model.layers.2.mlp.down_proj", "step": 256}
{"stage": "sequential-round-coordinate", "pid": 113530, "time": 1789709786.7101607, "cuda_visible_devices": "2", "allocated_gib": 5.225467205047607, "reserved_gib": 8.228515625, "peak_allocated_gib": 7.100411891937256, "gpu_time_budget": null, "module": "model.layers.2.mlp.down_proj", "step": 384}
{"stage": "sequential-round-coordinate", "pid": 113530, "time": 1789709787.456397, "cuda_visible_devices": "2", "allocated_gib": 5.225467205047607, "reserved_gib": 8.228515625, "peak_allocated_gib": 7.100411891937256, "gpu_time_budget": null, "module": "model.layers.2.mlp.down_proj", "step": 512}
{"stage": "sequential-round-coordinate", "pid": 113530, "time": 1789709788.115987, "cuda_visible_devices": "2", "allocated_gib": 5.225467205047607, "reserved_gib": 8.228515625, "peak_allocated_gib": 7.100411891937256, "gpu_time_budget": null, "module": "model.layers.2.mlp.down_proj", "step": 640}
{"stage": "sequential-round-coordinate", "pid": 113530, "time": 1789709788.7761834, "cuda_visible_devices": "2", "allocated_gib": 5.225467205047607, "reserved_gib": 8.228515625, "peak_allocated_gib": 7.100411891937256, "gpu_time_budget": null, "module": "model.layers.2.mlp.down_proj", "step": 768}
{"stage": "sequential-round-coordinate", "pid": 113530, "time": 1789709789.4389572, "cuda_visible_devices": "2", "allocated_gib": 5.225467205047607, "reserved_gib": 8.228515625, "peak_allocated_gib": 7.100411891937256, "gpu_time_budget": null, "module": "model.layers.2.mlp.down_proj", "step": 896}
{"stage": "sequential-round-coordinate", "pid": 113530, "time": 1789709790.099634, "cuda_visible_devices": "2", "allocated_gib": 5.225467205047607, "reserved_gib": 8.228515625, "peak_allocated_gib": 7.100411891937256, "gpu_time_budget": null, "module": "model.layers.2.mlp.down_proj", "step": 1024}
{"stage": "sequential-round-coordinate", "pid": 113530, "time": 1789709790.7600343, "cuda_visible_devices": "2", "allocated_gib": 5.225467205047607, "reserved_gib": 8.228515625, "peak_allocated_gib": 7.100411891937256, "gpu_time_budget": null, "module": "model.layers.2.mlp.down_proj", "step": 1152}
{"stage": "sequential-round-coordinate", "pid": 113530, "time": 1789709791.4198809, "cuda_visible_devices": "2", "allocated_gib": 5.225467205047607, "reserved_gib": 8.228515625, "peak_allocated_gib": 7.100411891937256, "gpu_time_budget": null, "module": "model.layers.2.mlp.down_proj", "step": 1280}
{"stage": "sequential-round-coordinate", "pid": 113530, "time": 1789709792.0074859, "cuda_visible_devices": "2", "allocated_gib": 5.225467205047607, "reserved_gib": 8.228515625, "peak_allocated_gib": 7.100411891937256, "gpu_time_budget": null, "module": "model.layers.2.mlp.down_proj", "step": 1408}
{"stage": "sequential-round-coordinate", "pid": 113530, "time": 1789709792.6675875, "cuda_visible_devices": "2", "allocated_gib": 5.225467205047607, "reserved_gib": 8.228515625, "peak_allocated_gib": 7.100411891937256, "gpu_time_budget": null, "module": "model.layers.2.mlp.down_proj", "step": 1536}
{"stage": "sequential-round-coordinate", "pid": 113530, "time": 1789709793.328198, "cuda_visible_devices": "2", "allocated_gib": 5.225467205047607, "reserved_gib": 8.228515625, "peak_allocated_gib": 7.100411891937256, "gpu_time_budget": null, "module": "model.layers.2.mlp.down_proj", "step": 1664}
{"stage": "sequential-round-coordinate", "pid": 113530, "time": 1789709793.98814, "cuda_visible_devices": "2", "allocated_gib": 5.225467205047607, "reserved_gib": 8.228515625, "peak_allocated_gib": 7.100411891937256, "gpu_time_budget": null, "module": "model.layers.2.mlp.down_proj", "step": 1792}
{"stage": "sequential-round-coordinate", "pid": 113530, "time": 1789709794.650815, "cuda_visible_devices": "2", "allocated_gib": 5.225467205047607, "reserved_gib": 8.228515625, "peak_allocated_gib": 7.100411891937256, "gpu_time_budget": null, "module": "model.layers.2.mlp.down_proj", "step": 1920}
{"stage": "sequential-round-coordinate", "pid": 113530, "time": 1789709795.3985095, "cuda_visible_devices": "2", "allocated_gib": 5.225467205047607, "reserved_gib": 8.228515625, "peak_allocated_gib": 7.100411891937256, "gpu_time_budget": null, "module": "model.layers.2.mlp.down_proj", "step": 2048}
{"stage": "sequential-round-coordinate", "pid": 113530, "time": 1789709796.058375, "cuda_visible_devices": "2", "allocated_gib": 5.225467205047607, "reserved_gib": 8.228515625, "peak_allocated_gib": 7.100411891937256, "gpu_time_budget": null, "module": "model.layers.2.mlp.down_proj", "step": 2176}
{"stage": "sequential-round-coordinate", "pid": 113530, "time": 1789709796.7183733, "cuda_visible_devices": "2", "allocated_gib": 5.225467205047607, "reserved_gib": 8.228515625, "peak_allocated_gib": 7.100411891937256, "gpu_time_budget": null, "module": "model.layers.2.mlp.down_proj", "step": 2304}
{"stage": "sequential-round-coordinate", "pid": 113530, "time": 1789709797.3160226, "cuda_visible_devices": "2", "allocated_gib": 5.225467205047607, "reserved_gib": 8.228515625, "peak_allocated_gib": 7.100411891937256, "gpu_time_budget": null, "module": "model.layers.2.mlp.down_proj", "step": 2432}
{"stage": "sequential-round-coordinate", "pid": 113530, "time": 1789709797.859385, "cuda_visible_devices": "2", "allocated_gib": 5.225467205047607, "reserved_gib": 8.228515625, "peak_allocated_gib": 7.100411891937256, "gpu_time_budget": null, "module": "model.layers.2.mlp.down_proj", "step": 2560}
{"stage": "sequential-round-coordinate", "pid": 113530, "time": 1789709798.4000185, "cuda_visible_devices": "2", "allocated_gib": 5.225467205047607, "reserved_gib": 8.228515625, "peak_allocated_gib": 7.100411891937256, "gpu_time_budget": null, "module": "model.layers.2.mlp.down_proj", "step": 2688}
{"stage": "sequential-round-coordinate", "pid": 113530, "time": 1789709799.0780802, "cuda_visible_devices": "2", "allocated_gib": 5.225467205047607, "reserved_gib": 8.228515625, "peak_allocated_gib": 7.100411891937256, "gpu_time_budget": null, "module": "model.layers.2.mlp.down_proj", "step": 2816}
{"stage": "sequential-round-coordinate", "pid": 113530, "time": 1789709799.6630228, "cuda_visible_devices": "2", "allocated_gib": 5.225467205047607, "reserved_gib": 8.228515625, "peak_allocated_gib": 7.100411891937256, "gpu_time_budget": null, "module": "model.layers.2.mlp.down_proj", "step": 2944}
{"stage": "sequential-round-coordinate", "pid": 113530, "time": 1789709800.323657, "cuda_visible_devices": "2", "allocated_gib": 5.225467205047607, "reserved_gib": 8.228515625, "peak_allocated_gib": 7.100411891937256, "gpu_time_budget": null, "module": "model.layers.2.mlp.down_proj", "step": 3072}
{"stage": "sequential-round-coordinate", "pid": 113530, "time": 1789709800.98169, "cuda_visible_devices": "2", "allocated_gib": 5.225467205047607, "reserved_gib": 8.228515625, "peak_allocated_gib": 7.100411891937256, "gpu_time_budget": null, "module": "model.layers.2.mlp.down_proj", "step": 3200}
{"stage": "sequential-round-coordinate", "pid": 113530, "time": 1789709801.6442323, "cuda_visible_devices": "2", "allocated_gib": 5.225467205047607, "reserved_gib": 8.228515625, "peak_allocated_gib": 7.100411891937256, "gpu_time_budget": null, "module": "model.layers.2.mlp.down_proj", "step": 3328}
{"stage": "sequential-round-coordinate", "pid": 113530, "time": 1789709802.3057406, "cuda_visible_devices": "2", "allocated_gib": 5.225467205047607, "reserved_gib": 8.228515625, "peak_allocated_gib": 7.100411891937256, "gpu_time_budget": null, "module": "model.layers.2.mlp.down_proj", "step": 3456}
{"stage": "sequential-round-coordinate", "pid": 113530, "time": 1789709802.9661913, "cuda_visible_devices": "2", "allocated_gib": 5.225467205047607, "reserved_gib": 8.228515625, "peak_allocated_gib": 7.100411891937256, "gpu_time_budget": null, "module": "model.layers.2.mlp.down_proj", "step": 3584}
{"stage": "sequential-round-coordinate", "pid": 113530, "time": 1789709803.6265619, "cuda_visible_devices": "2", "allocated_gib": 5.225467205047607, "reserved_gib": 8.228515625, "peak_allocated_gib": 7.100411891937256, "gpu_time_budget": null, "module": "model.layers.2.mlp.down_proj", "step": 3712}
{"stage": "sequential-round-coordinate", "pid": 113530, "time": 1789709804.2869866, "cuda_visible_devices": "2", "allocated_gib": 5.225467205047607, "reserved_gib": 8.228515625, "peak_allocated_gib": 7.100411891937256, "gpu_time_budget": null, "module": "model.layers.2.mlp.down_proj", "step": 3840}
{"stage": "sequential-round-coordinate", "pid": 113530, "time": 1789709804.8840394, "cuda_visible_devices": "2", "allocated_gib": 5.225467205047607, "reserved_gib": 8.228515625, "peak_allocated_gib": 7.100411891937256, "gpu_time_budget": null, "module": "model.layers.2.mlp.down_proj", "step": 3968}
{"stage": "sequential-round-coordinate", "pid": 113530, "time": 1789709805.4298265, "cuda_visible_devices": "2", "allocated_gib": 5.225467205047607, "reserved_gib": 8.228515625, "peak_allocated_gib": 7.100411891937256, "gpu_time_budget": null, "module": "model.layers.2.mlp.down_proj", "step": 4096}
{"stage": "sequential-round-coordinate", "pid": 113530, "time": 1789709805.9743822, "cuda_visible_devices": "2", "allocated_gib": 5.225467205047607, "reserved_gib": 8.228515625, "peak_allocated_gib": 7.100411891937256, "gpu_time_budget": null, "module": "model.layers.2.mlp.down_proj", "step": 4224}
{"stage": "sequential-round-coordinate", "pid": 113530, "time": 1789709806.5176585, "cuda_visible_devices": "2", "allocated_gib": 5.225467205047607, "reserved_gib": 8.228515625, "peak_allocated_gib": 7.100411891937256, "gpu_time_budget": null, "module": "model.layers.2.mlp.down_proj", "step": 4352}
{"stage": "sequential-round-coordinate", "pid": 113530, "time": 1789709807.1467588, "cuda_visible_devices": "2", "allocated_gib": 5.225467205047607, "reserved_gib": 8.228515625, "peak_allocated_gib": 7.100411891937256, "gpu_time_budget": null, "module": "model.layers.2.mlp.down_proj", "step": 4480}
{"stage": "sequential-round-coordinate", "pid": 113530, "time": 1789709808.0332434, "cuda_visible_devices": "2", "allocated_gib": 5.225467205047607, "reserved_gib": 8.228515625, "peak_allocated_gib": 7.100411891937256, "gpu_time_budget": null, "module": "model.layers.2.mlp.down_proj", "step": 4608}
{"stage": "sequential-round-coordinate", "pid": 113530, "time": 1789709808.9237623, "cuda_visible_devices": "2", "allocated_gib": 5.225467205047607, "reserved_gib": 8.228515625, "peak_allocated_gib": 7.100411891937256, "gpu_time_budget": null, "module": "model.layers.2.mlp.down_proj", "step": 4736}
{"stage": "sequential-round-coordinate", "pid": 113530, "time": 1789709809.8129852, "cuda_visible_devices": "2", "allocated_gib": 5.225467205047607, "reserved_gib": 8.228515625, "peak_allocated_gib": 7.100411891937256, "gpu_time_budget": null, "module": "model.layers.2.mlp.down_proj", "step": 4864}
{"stage": "sequential-round-coordinate", "pid": 113530, "time": 1789709810.704799, "cuda_visible_devices": "2", "allocated_gib": 5.225467205047607, "reserved_gib": 8.228515625, "peak_allocated_gib": 7.100411891937256, "gpu_time_budget": null, "module": "model.layers.2.mlp.down_proj", "step": 4992}
{"stage": "sequential-round-coordinate", "pid": 113530, "time": 1789709811.5934966, "cuda_visible_devices": "2", "allocated_gib": 5.225467205047607, "reserved_gib": 8.228515625, "peak_allocated_gib": 7.100411891937256, "gpu_time_budget": null, "module": "model.layers.2.mlp.down_proj", "step": 5120}
{"stage": "sequential-round-coordinate", "pid": 113530, "time": 1789709812.4856005, "cuda_visible_devices": "2", "allocated_gib": 5.225467205047607, "reserved_gib": 8.228515625, "peak_allocated_gib": 7.100411891937256, "gpu_time_budget": null, "module": "model.layers.2.mlp.down_proj", "step": 5248}
{"stage": "sequential-round-coordinate", "pid": 113530, "time": 1789709813.374449, "cuda_visible_devices": "2", "allocated_gib": 5.225467205047607, "reserved_gib": 8.228515625, "peak_allocated_gib": 7.100411891937256, "gpu_time_budget": null, "module": "model.layers.2.mlp.down_proj", "step": 5376}
{"stage": "sequential-round-coordinate", "pid": 113530, "time": 1789709814.2678046, "cuda_visible_devices": "2", "allocated_gib": 5.225467205047607, "reserved_gib": 8.228515625, "peak_allocated_gib": 7.100411891937256, "gpu_time_budget": null, "module": "model.layers.2.mlp.down_proj", "step": 5504}
{"stage": "sequential-round-coordinate", "pid": 113530, "time": 1789709815.1562788, "cuda_visible_devices": "2", "allocated_gib": 5.225467205047607, "reserved_gib": 8.228515625, "peak_allocated_gib": 7.100411891937256, "gpu_time_budget": null, "module": "model.layers.2.mlp.down_proj", "step": 5632}
{"stage": "sequential-round-coordinate", "pid": 113530, "time": 1789709816.0477884, "cuda_visible_devices": "2", "allocated_gib": 5.225467205047607, "reserved_gib": 8.228515625, "peak_allocated_gib": 7.100411891937256, "gpu_time_budget": null, "module": "model.layers.2.mlp.down_proj", "step": 5760}
{"stage": "sequential-round-coordinate", "pid": 113530, "time": 1789709816.9339902, "cuda_visible_devices": "2", "allocated_gib": 5.225467205047607, "reserved_gib": 8.228515625, "peak_allocated_gib": 7.100411891937256, "gpu_time_budget": null, "module": "model.layers.2.mlp.down_proj", "step": 5888}
{"stage": "sequential-round-coordinate", "pid": 113530, "time": 1789709817.825386, "cuda_visible_devices": "2", "allocated_gib": 5.225467205047607, "reserved_gib": 8.228515625, "peak_allocated_gib": 7.100411891937256, "gpu_time_budget": null, "module": "model.layers.2.mlp.down_proj", "step": 6016}
{"stage": "sequential-round-coordinate", "pid": 113530, "time": 1789709818.7151546, "cuda_visible_devices": "2", "allocated_gib": 5.225467205047607, "reserved_gib": 8.228515625, "peak_allocated_gib": 7.100411891937256, "gpu_time_budget": null, "module": "model.layers.2.mlp.down_proj", "step": 6144}
{"stage": "sequential-round-coordinate", "pid": 113530, "time": 1789709819.6042812, "cuda_visible_devices": "2", "allocated_gib": 5.225467205047607, "reserved_gib": 8.228515625, "peak_allocated_gib": 7.100411891937256, "gpu_time_budget": null, "module": "model.layers.2.mlp.down_proj", "step": 6272}
{"stage": "sequential-round-coordinate", "pid": 113530, "time": 1789709820.493321, "cuda_visible_devices": "2", "allocated_gib": 5.225467205047607, "reserved_gib": 8.228515625, "peak_allocated_gib": 7.100411891937256, "gpu_time_budget": null, "module": "model.layers.2.mlp.down_proj", "step": 6400}
{"stage": "sequential-round-coordinate", "pid": 113530, "time": 1789709821.390169, "cuda_visible_devices": "2", "allocated_gib": 5.225467205047607, "reserved_gib": 8.228515625, "peak_allocated_gib": 7.100411891937256, "gpu_time_budget": null, "module": "model.layers.2.mlp.down_proj", "step": 6528}
{"stage": "sequential-round-coordinate", "pid": 113530, "time": 1789709822.2810495, "cuda_visible_devices": "2", "allocated_gib": 5.225467205047607, "reserved_gib": 8.228515625, "peak_allocated_gib": 7.100411891937256, "gpu_time_budget": null, "module": "model.layers.2.mlp.down_proj", "step": 6656}
{"stage": "sequential-round-coordinate", "pid": 113530, "time": 1789709823.1724782, "cuda_visible_devices": "2", "allocated_gib": 5.225467205047607, "reserved_gib": 8.228515625, "peak_allocated_gib": 7.100411891937256, "gpu_time_budget": null, "module": "model.layers.2.mlp.down_proj", "step": 6784}
{"stage": "sequential-round-coordinate", "pid": 113530, "time": 1789709824.0645185, "cuda_visible_devices": "2", "allocated_gib": 5.225467205047607, "reserved_gib": 8.228515625, "peak_allocated_gib": 7.100411891937256, "gpu_time_budget": null, "module": "model.layers.2.mlp.down_proj", "step": 6912}
{"stage": "sequential-round-coordinate", "pid": 113530, "time": 1789709824.9541614, "cuda_visible_devices": "2", "allocated_gib": 5.225467205047607, "reserved_gib": 8.228515625, "peak_allocated_gib": 7.100411891937256, "gpu_time_budget": null, "module": "model.layers.2.mlp.down_proj", "step": 7040}
{"stage": "sequential-round-coordinate", "pid": 113530, "time": 1789709825.8448138, "cuda_visible_devices": "2", "allocated_gib": 5.225467205047607, "reserved_gib": 8.228515625, "peak_allocated_gib": 7.100411891937256, "gpu_time_budget": null, "module": "model.layers.2.mlp.down_proj", "step": 7168}
{"stage": "sequential-round-coordinate", "pid": 113530, "time": 1789709826.7353208, "cuda_visible_devices": "2", "allocated_gib": 5.225467205047607, "reserved_gib": 8.228515625, "peak_allocated_gib": 7.100411891937256, "gpu_time_budget": null, "module": "model.layers.2.mlp.down_proj", "step": 7296}
{"stage": "sequential-round-coordinate", "pid": 113530, "time": 1789709827.624581, "cuda_visible_devices": "2", "allocated_gib": 5.225467205047607, "reserved_gib": 8.228515625, "peak_allocated_gib": 7.100411891937256, "gpu_time_budget": null, "module": "model.layers.2.mlp.down_proj", "step": 7424}
{"stage": "sequential-round-coordinate", "pid": 113530, "time": 1789709828.5165706, "cuda_visible_devices": "2", "allocated_gib": 5.225467205047607, "reserved_gib": 8.228515625, "peak_allocated_gib": 7.100411891937256, "gpu_time_budget": null, "module": "model.layers.2.mlp.down_proj", "step": 7552}
{"stage": "sequential-round-coordinate", "pid": 113530, "time": 1789709829.4075332, "cuda_visible_devices": "2", "allocated_gib": 5.225467205047607, "reserved_gib": 8.228515625, "peak_allocated_gib": 7.100411891937256, "gpu_time_budget": null, "module": "model.layers.2.mlp.down_proj", "step": 7680}
{"stage": "sequential-round-coordinate", "pid": 113530, "time": 1789709830.297375, "cuda_visible_devices": "2", "allocated_gib": 5.225467205047607, "reserved_gib": 8.228515625, "peak_allocated_gib": 7.100411891937256, "gpu_time_budget": null, "module": "model.layers.2.mlp.down_proj", "step": 7808}
{"stage": "sequential-round-coordinate", "pid": 113530, "time": 1789709831.1874652, "cuda_visible_devices": "2", "allocated_gib": 5.225467205047607, "reserved_gib": 8.228515625, "peak_allocated_gib": 7.100411891937256, "gpu_time_budget": null, "module": "model.layers.2.mlp.down_proj", "step": 7936}
{"stage": "sequential-round-coordinate", "pid": 113530, "time": 1789709832.0785224, "cuda_visible_devices": "2", "allocated_gib": 5.225467205047607, "reserved_gib": 8.228515625, "peak_allocated_gib": 7.100411891937256, "gpu_time_budget": null, "module": "model.layers.2.mlp.down_proj", "step": 8064}
{"stage": "sequential-round-coordinate", "pid": 113530, "time": 1789709833.044374, "cuda_visible_devices": "2", "allocated_gib": 5.225467205047607, "reserved_gib": 8.228515625, "peak_allocated_gib": 7.100411891937256, "gpu_time_budget": null, "module": "model.layers.2.mlp.down_proj", "step": 8192}
{"stage": "sequential-round-train-nll", "pid": 113530, "time": 1789709833.0997481, "cuda_visible_devices": "2", "allocated_gib": 3.7957167625427246, "reserved_gib": 3.80078125, "peak_allocated_gib": 7.100411891937256, "gpu_time_budget": null, "module": "model.layers.2.mlp.down_proj", "step": 512}
Evaluation segment 1/1: start=0, windows=8, seqlen=2048
{"stage": "sequential-round-train-nll", "pid": 113530, "time": 1789709838.168732, "cuda_visible_devices": "2", "allocated_gib": 3.7957167625427246, "reserved_gib": 5.978515625, "peak_allocated_gib": 7.100411891937256, "gpu_time_budget": null, "module": "model.layers.2.mlp.down_proj", "step": 2048}
Evaluation segment 1/1: start=0, windows=8, seqlen=2048
{"stage": "sequential-round-train-nll", "pid": 113530, "time": 1789709842.2731094, "cuda_visible_devices": "2", "allocated_gib": 3.7957167625427246, "reserved_gib": 5.978515625, "peak_allocated_gib": 7.100411891937256, "gpu_time_budget": null, "module": "model.layers.2.mlp.down_proj", "step": 8192}
Evaluation segment 1/1: start=0, windows=8, seqlen=2048
{"stage": "sequential-module-completed", "pid": 113530, "time": 1789709847.3229847, "cuda_visible_devices": "2", "allocated_gib": 3.7957167625427246, "reserved_gib": 5.978515625, "peak_allocated_gib": 7.100411891937256, "gpu_time_budget": null, "module": "model.layers.2.mlp.down_proj", "completed": 3, "total": 28, "selected_train_nll": 2.609278238404588, "elapsed_seconds": 197.75262729998212}
{"stage": "sequential-round-fit", "pid": 113530, "time": 1789709849.3694777, "cuda_visible_devices": "2", "allocated_gib": 3.7957167625427246, "reserved_gib": 5.978515625, "peak_allocated_gib": 7.100411891937256, "gpu_time_budget": null, "module": "model.layers.3.mlp.down_proj", "fit_rows": 49152, "heldout_rows": 16384}
{"stage": "sequential-round-coordinate", "pid": 113530, "time": 1789709850.533641, "cuda_visible_devices": "2", "allocated_gib": 5.225467205047607, "reserved_gib": 8.228515625, "peak_allocated_gib": 7.100411891937256, "gpu_time_budget": null, "module": "model.layers.3.mlp.down_proj", "step": 128}
{"stage": "sequential-round-coordinate", "pid": 113530, "time": 1789709851.4253194, "cuda_visible_devices": "2", "allocated_gib": 5.225467205047607, "reserved_gib": 8.228515625, "peak_allocated_gib": 7.100411891937256, "gpu_time_budget": null, "module": "model.layers.3.mlp.down_proj", "step": 256}
{"stage": "sequential-round-coordinate", "pid": 113530, "time": 1789709852.3140953, "cuda_visible_devices": "2", "allocated_gib": 5.225467205047607, "reserved_gib": 8.228515625, "peak_allocated_gib": 7.100411891937256, "gpu_time_budget": null, "module": "model.layers.3.mlp.down_proj", "step": 384}
{"stage": "sequential-round-coordinate", "pid": 113530, "time": 1789709853.2805066, "cuda_visible_devices": "2", "allocated_gib": 5.225467205047607, "reserved_gib": 8.228515625, "peak_allocated_gib": 7.100411891937256, "gpu_time_budget": null, "module": "model.layers.3.mlp.down_proj", "step": 512}
{"stage": "sequential-round-coordinate", "pid": 113530, "time": 1789709854.171823, "cuda_visible_devices": "2", "allocated_gib": 5.225467205047607, "reserved_gib": 8.228515625, "peak_allocated_gib": 7.100411891937256, "gpu_time_budget": null, "module": "model.layers.3.mlp.down_proj", "step": 640}
{"stage": "sequential-round-coordinate", "pid": 113530, "time": 1789709855.057662, "cuda_visible_devices": "2", "allocated_gib": 5.225467205047607, "reserved_gib": 8.228515625, "peak_allocated_gib": 7.100411891937256, "gpu_time_budget": null, "module": "model.layers.3.mlp.down_proj", "step": 768}
{"stage": "sequential-round-coordinate", "pid": 113530, "time": 1789709855.9475727, "cuda_visible_devices": "2", "allocated_gib": 5.225467205047607, "reserved_gib": 8.228515625, "peak_allocated_gib": 7.100411891937256, "gpu_time_budget": null, "module": "model.layers.3.mlp.down_proj", "step": 896}
{"stage": "sequential-round-coordinate", "pid": 113530, "time": 1789709856.8377552, "cuda_visible_devices": "2", "allocated_gib": 5.225467205047607, "reserved_gib": 8.228515625, "peak_allocated_gib": 7.100411891937256, "gpu_time_budget": null, "module": "model.layers.3.mlp.down_proj", "step": 1024}
{"stage": "sequential-round-coordinate", "pid": 113530, "time": 1789709857.7270982, "cuda_visible_devices": "2", "allocated_gib": 5.225467205047607, "reserved_gib": 8.228515625, "peak_allocated_gib": 7.100411891937256, "gpu_time_budget": null, "module": "model.layers.3.mlp.down_proj", "step": 1152}
{"stage": "sequential-round-coordinate", "pid": 113530, "time": 1789709858.6503198, "cuda_visible_devices": "2", "allocated_gib": 5.225467205047607, "reserved_gib": 8.228515625, "peak_allocated_gib": 7.100411891937256, "gpu_time_budget": null, "module": "model.layers.3.mlp.down_proj", "step": 1280}
{"stage": "sequential-round-coordinate", "pid": 113530, "time": 1789709859.5408695, "cuda_visible_devices": "2", "allocated_gib": 5.225467205047607, "reserved_gib": 8.228515625, "peak_allocated_gib": 7.100411891937256, "gpu_time_budget": null, "module": "model.layers.3.mlp.down_proj", "step": 1408}
{"stage": "sequential-round-coordinate", "pid": 113530, "time": 1789709860.107664, "cuda_visible_devices": "2", "allocated_gib": 5.225467205047607, "reserved_gib": 8.228515625, "peak_allocated_gib": 7.100411891937256, "gpu_time_budget": null, "module": "model.layers.3.mlp.down_proj", "step": 1536}
{"stage": "sequential-round-coordinate", "pid": 113530, "time": 1789709860.7698333, "cuda_visible_devices": "2", "allocated_gib": 5.225467205047607, "reserved_gib": 8.228515625, "peak_allocated_gib": 7.100411891937256, "gpu_time_budget": null, "module": "model.layers.3.mlp.down_proj", "step": 1664}
{"stage": "sequential-round-coordinate", "pid": 113530, "time": 1789709861.4323905, "cuda_visible_devices": "2", "allocated_gib": 5.225467205047607, "reserved_gib": 8.228515625, "peak_allocated_gib": 7.100411891937256, "gpu_time_budget": null, "module": "model.layers.3.mlp.down_proj", "step": 1792}
{"stage": "sequential-round-coordinate", "pid": 113530, "time": 1789709862.09437, "cuda_visible_devices": "2", "allocated_gib": 5.225467205047607, "reserved_gib": 8.228515625, "peak_allocated_gib": 7.100411891937256, "gpu_time_budget": null, "module": "model.layers.3.mlp.down_proj", "step": 1920}
{"stage": "sequential-round-coordinate", "pid": 113530, "time": 1789709862.841891, "cuda_visible_devices": "2", "allocated_gib": 5.225467205047607, "reserved_gib": 8.228515625, "peak_allocated_gib": 7.100411891937256, "gpu_time_budget": null, "module": "model.layers.3.mlp.down_proj", "step": 2048}
{"stage": "sequential-round-coordinate", "pid": 113530, "time": 1789709863.5011077, "cuda_visible_devices": "2", "allocated_gib": 5.225467205047607, "reserved_gib": 8.228515625, "peak_allocated_gib": 7.100411891937256, "gpu_time_budget": null, "module": "model.layers.3.mlp.down_proj", "step": 2176}
{"stage": "sequential-round-coordinate", "pid": 113530, "time": 1789709864.160983, "cuda_visible_devices": "2", "allocated_gib": 5.225467205047607, "reserved_gib": 8.228515625, "peak_allocated_gib": 7.100411891937256, "gpu_time_budget": null, "module": "model.layers.3.mlp.down_proj", "step": 2304}
{"stage": "sequential-round-coordinate", "pid": 113530, "time": 1789709864.824203, "cuda_visible_devices": "2", "allocated_gib": 5.225467205047607, "reserved_gib": 8.228515625, "peak_allocated_gib": 7.100411891937256, "gpu_time_budget": null, "module": "model.layers.3.mlp.down_proj", "step": 2432}
{"stage": "sequential-round-coordinate", "pid": 113530, "time": 1789709865.4341063, "cuda_visible_devices": "2", "allocated_gib": 5.225467205047607, "reserved_gib": 8.228515625, "peak_allocated_gib": 7.100411891937256, "gpu_time_budget": null, "module": "model.layers.3.mlp.down_proj", "step": 2560}
{"stage": "sequential-round-coordinate", "pid": 113530, "time": 1789709866.096128, "cuda_visible_devices": "2", "allocated_gib": 5.225467205047607, "reserved_gib": 8.228515625, "peak_allocated_gib": 7.100411891937256, "gpu_time_budget": null, "module": "model.layers.3.mlp.down_proj", "step": 2688}
{"stage": "sequential-round-coordinate", "pid": 113530, "time": 1789709866.7589397, "cuda_visible_devices": "2", "allocated_gib": 5.225467205047607, "reserved_gib": 8.228515625, "peak_allocated_gib": 7.100411891937256, "gpu_time_budget": null, "module": "model.layers.3.mlp.down_proj", "step": 2816}
{"stage": "sequential-round-coordinate", "pid": 113530, "time": 1789709867.42047, "cuda_visible_devices": "2", "allocated_gib": 5.225467205047607, "reserved_gib": 8.228515625, "peak_allocated_gib": 7.100411891937256, "gpu_time_budget": null, "module": "model.layers.3.mlp.down_proj", "step": 2944}
{"stage": "sequential-round-coordinate", "pid": 113530, "time": 1789709868.0807116, "cuda_visible_devices": "2", "allocated_gib": 5.225467205047607, "reserved_gib": 8.228515625, "peak_allocated_gib": 7.100411891937256, "gpu_time_budget": null, "module": "model.layers.3.mlp.down_proj", "step": 3072}
{"stage": "sequential-round-coordinate", "pid": 113530, "time": 1789709868.7405894, "cuda_visible_devices": "2", "allocated_gib": 5.225467205047607, "reserved_gib": 8.228515625, "peak_allocated_gib": 7.100411891937256, "gpu_time_budget": null, "module": "model.layers.3.mlp.down_proj", "step": 3200}
{"stage": "sequential-round-coordinate", "pid": 113530, "time": 1789709869.4013739, "cuda_visible_devices": "2", "allocated_gib": 5.225467205047607, "reserved_gib": 8.228515625, "peak_allocated_gib": 7.100411891937256, "gpu_time_budget": null, "module": "model.layers.3.mlp.down_proj", "step": 3328}
{"stage": "sequential-round-coordinate", "pid": 113530, "time": 1789709870.0616598, "cuda_visible_devices": "2", "allocated_gib": 5.225467205047607, "reserved_gib": 8.228515625, "peak_allocated_gib": 7.100411891937256, "gpu_time_budget": null, "module": "model.layers.3.mlp.down_proj", "step": 3456}
{"stage": "sequential-round-coordinate", "pid": 113530, "time": 1789709870.7070575, "cuda_visible_devices": "2", "allocated_gib": 5.225467205047607, "reserved_gib": 8.228515625, "peak_allocated_gib": 7.100411891937256, "gpu_time_budget": null, "module": "model.layers.3.mlp.down_proj", "step": 3584}
{"stage": "sequential-round-coordinate", "pid": 113530, "time": 1789709871.3687954, "cuda_visible_devices": "2", "allocated_gib": 5.225467205047607, "reserved_gib": 8.228515625, "peak_allocated_gib": 7.100411891937256, "gpu_time_budget": null, "module": "model.layers.3.mlp.down_proj", "step": 3712}
{"stage": "sequential-round-coordinate", "pid": 113530, "time": 1789709872.0316584, "cuda_visible_devices": "2", "allocated_gib": 5.225467205047607, "reserved_gib": 8.228515625, "peak_allocated_gib": 7.100411891937256, "gpu_time_budget": null, "module": "model.layers.3.mlp.down_proj", "step": 3840}
{"stage": "sequential-round-coordinate", "pid": 113530, "time": 1789709872.6936278, "cuda_visible_devices": "2", "allocated_gib": 5.225467205047607, "reserved_gib": 8.228515625, "peak_allocated_gib": 7.100411891937256, "gpu_time_budget": null, "module": "model.layers.3.mlp.down_proj", "step": 3968}
{"stage": "sequential-round-coordinate", "pid": 113530, "time": 1789709873.3549368, "cuda_visible_devices": "2", "allocated_gib": 5.225467205047607, "reserved_gib": 8.228515625, "peak_allocated_gib": 7.100411891937256, "gpu_time_budget": null, "module": "model.layers.3.mlp.down_proj", "step": 4096}
{"stage": "sequential-round-coordinate", "pid": 113530, "time": 1789709874.016797, "cuda_visible_devices": "2", "allocated_gib": 5.225467205047607, "reserved_gib": 8.228515625, "peak_allocated_gib": 7.100411891937256, "gpu_time_budget": null, "module": "model.layers.3.mlp.down_proj", "step": 4224}
{"stage": "sequential-round-coordinate", "pid": 113530, "time": 1789709874.679375, "cuda_visible_devices": "2", "allocated_gib": 5.225467205047607, "reserved_gib": 8.228515625, "peak_allocated_gib": 7.100411891937256, "gpu_time_budget": null, "module": "model.layers.3.mlp.down_proj", "step": 4352}
{"stage": "sequential-round-coordinate", "pid": 113530, "time": 1789709875.3408136, "cuda_visible_devices": "2", "allocated_gib": 5.225467205047607, "reserved_gib": 8.228515625, "peak_allocated_gib": 7.100411891937256, "gpu_time_budget": null, "module": "model.layers.3.mlp.down_proj", "step": 4480}
{"stage": "sequential-round-coordinate", "pid": 113530, "time": 1789709875.9224997, "cuda_visible_devices": "2", "allocated_gib": 5.225467205047607, "reserved_gib": 8.228515625, "peak_allocated_gib": 7.100411891937256, "gpu_time_budget": null, "module": "model.layers.3.mlp.down_proj", "step": 4608}
{"stage": "sequential-round-coordinate", "pid": 113530, "time": 1789709876.4705029, "cuda_visible_devices": "2", "allocated_gib": 5.225467205047607, "reserved_gib": 8.228515625, "peak_allocated_gib": 7.100411891937256, "gpu_time_budget": null, "module": "model.layers.3.mlp.down_proj", "step": 4736}
{"stage": "sequential-round-coordinate", "pid": 113530, "time": 1789709877.0204003, "cuda_visible_devices": "2", "allocated_gib": 5.225467205047607, "reserved_gib": 8.228515625, "peak_allocated_gib": 7.100411891937256, "gpu_time_budget": null, "module": "model.layers.3.mlp.down_proj", "step": 4864}
{"stage": "sequential-round-coordinate", "pid": 113530, "time": 1789709877.5673394, "cuda_visible_devices": "2", "allocated_gib": 5.225467205047607, "reserved_gib": 8.228515625, "peak_allocated_gib": 7.100411891937256, "gpu_time_budget": null, "module": "model.layers.3.mlp.down_proj", "step": 4992}
{"stage": "sequential-round-coordinate", "pid": 113530, "time": 1789709878.105926, "cuda_visible_devices": "2", "allocated_gib": 5.225467205047607, "reserved_gib": 8.228515625, "peak_allocated_gib": 7.100411891937256, "gpu_time_budget": null, "module": "model.layers.3.mlp.down_proj", "step": 5120}
{"stage": "sequential-round-coordinate", "pid": 113530, "time": 1789709878.6067293, "cuda_visible_devices": "2", "allocated_gib": 5.225467205047607, "reserved_gib": 8.228515625, "peak_allocated_gib": 7.100411891937256, "gpu_time_budget": null, "module": "model.layers.3.mlp.down_proj", "step": 5248}
{"stage": "sequential-round-coordinate", "pid": 113530, "time": 1789709879.512803, "cuda_visible_devices": "2", "allocated_gib": 5.225467205047607, "reserved_gib": 8.228515625, "peak_allocated_gib": 7.100411891937256, "gpu_time_budget": null, "module": "model.layers.3.mlp.down_proj", "step": 5376}
{"stage": "sequential-round-coordinate", "pid": 113530, "time": 1789709880.4050152, "cuda_visible_devices": "2", "allocated_gib": 5.225467205047607, "reserved_gib": 8.228515625, "peak_allocated_gib": 7.100411891937256, "gpu_time_budget": null, "module": "model.layers.3.mlp.down_proj", "step": 5504}
{"stage": "sequential-round-coordinate", "pid": 113530, "time": 1789709881.2928016, "cuda_visible_devices": "2", "allocated_gib": 5.225467205047607, "reserved_gib": 8.228515625, "peak_allocated_gib": 7.100411891937256, "gpu_time_budget": null, "module": "model.layers.3.mlp.down_proj", "step": 5632}
{"stage": "sequential-round-coordinate", "pid": 113530, "time": 1789709882.181439, "cuda_visible_devices": "2", "allocated_gib": 5.225467205047607, "reserved_gib": 8.228515625, "peak_allocated_gib": 7.100411891937256, "gpu_time_budget": null, "module": "model.layers.3.mlp.down_proj", "step": 5760}
{"stage": "sequential-round-coordinate", "pid": 113530, "time": 1789709883.072979, "cuda_visible_devices": "2", "allocated_gib": 5.225467205047607, "reserved_gib": 8.228515625, "peak_allocated_gib": 7.100411891937256, "gpu_time_budget": null, "module": "model.layers.3.mlp.down_proj", "step": 5888}
{"stage": "sequential-round-coordinate", "pid": 113530, "time": 1789709883.959293, "cuda_visible_devices": "2", "allocated_gib": 5.225467205047607, "reserved_gib": 8.228515625, "peak_allocated_gib": 7.100411891937256, "gpu_time_budget": null, "module": "model.layers.3.mlp.down_proj", "step": 6016}
{"stage": "sequential-round-coordinate", "pid": 113530, "time": 1789709884.8482327, "cuda_visible_devices": "2", "allocated_gib": 5.225467205047607, "reserved_gib": 8.228515625, "peak_allocated_gib": 7.100411891937256, "gpu_time_budget": null, "module": "model.layers.3.mlp.down_proj", "step": 6144}
{"stage": "sequential-round-coordinate", "pid": 113530, "time": 1789709885.7382455, "cuda_visible_devices": "2", "allocated_gib": 5.225467205047607, "reserved_gib": 8.228515625, "peak_allocated_gib": 7.100411891937256, "gpu_time_budget": null, "module": "model.layers.3.mlp.down_proj", "step": 6272}
{"stage": "sequential-round-coordinate", "pid": 113530, "time": 1789709886.6263185, "cuda_visible_devices": "2", "allocated_gib": 5.225467205047607, "reserved_gib": 8.228515625, "peak_allocated_gib": 7.100411891937256, "gpu_time_budget": null, "module": "model.layers.3.mlp.down_proj", "step": 6400}
{"stage": "sequential-round-coordinate", "pid": 113530, "time": 1789709887.5150146, "cuda_visible_devices": "2", "allocated_gib": 5.225467205047607, "reserved_gib": 8.228515625, "peak_allocated_gib": 7.100411891937256, "gpu_time_budget": null, "module": "model.layers.3.mlp.down_proj", "step": 6528}
{"stage": "sequential-round-coordinate", "pid": 113530, "time": 1789709888.4063256, "cuda_visible_devices": "2", "allocated_gib": 5.225467205047607, "reserved_gib": 8.228515625, "peak_allocated_gib": 7.100411891937256, "gpu_time_budget": null, "module": "model.layers.3.mlp.down_proj", "step": 6656}
{"stage": "sequential-round-coordinate", "pid": 113530, "time": 1789709889.296596, "cuda_visible_devices": "2", "allocated_gib": 5.225467205047607, "reserved_gib": 8.228515625, "peak_allocated_gib": 7.100411891937256, "gpu_time_budget": null, "module": "model.layers.3.mlp.down_proj", "step": 6784}
{"stage": "sequential-round-coordinate", "pid": 113530, "time": 1789709890.1860032, "cuda_visible_devices": "2", "allocated_gib": 5.225467205047607, "reserved_gib": 8.228515625, "peak_allocated_gib": 7.100411891937256, "gpu_time_budget": null, "module": "model.layers.3.mlp.down_proj", "step": 6912}
{"stage": "sequential-round-coordinate", "pid": 113530, "time": 1789709891.0741606, "cuda_visible_devices": "2", "allocated_gib": 5.225467205047607, "reserved_gib": 8.228515625, "peak_allocated_gib": 7.100411891937256, "gpu_time_budget": null, "module": "model.layers.3.mlp.down_proj", "step": 7040}
{"stage": "sequential-round-coordinate", "pid": 113530, "time": 1789709891.9631994, "cuda_visible_devices": "2", "allocated_gib": 5.225467205047607, "reserved_gib": 8.228515625, "peak_allocated_gib": 7.100411891937256, "gpu_time_budget": null, "module": "model.layers.3.mlp.down_proj", "step": 7168}
{"stage": "sequential-round-coordinate", "pid": 113530, "time": 1789709892.861546, "cuda_visible_devices": "2", "allocated_gib": 5.225467205047607, "reserved_gib": 8.228515625, "peak_allocated_gib": 7.100411891937256, "gpu_time_budget": null, "module": "model.layers.3.mlp.down_proj", "step": 7296}
{"stage": "sequential-round-coordinate", "pid": 113530, "time": 1789709893.7512858, "cuda_visible_devices": "2", "allocated_gib": 5.225467205047607, "reserved_gib": 8.228515625, "peak_allocated_gib": 7.100411891937256, "gpu_time_budget": null, "module": "model.layers.3.mlp.down_proj", "step": 7424}
{"stage": "sequential-round-coordinate", "pid": 113530, "time": 1789709894.640611, "cuda_visible_devices": "2", "allocated_gib": 5.225467205047607, "reserved_gib": 8.228515625, "peak_allocated_gib": 7.100411891937256, "gpu_time_budget": null, "module": "model.layers.3.mlp.down_proj", "step": 7552}
{"stage": "sequential-round-coordinate", "pid": 113530, "time": 1789709895.529639, "cuda_visible_devices": "2", "allocated_gib": 5.225467205047607, "reserved_gib": 8.228515625, "peak_allocated_gib": 7.100411891937256, "gpu_time_budget": null, "module": "model.layers.3.mlp.down_proj", "step": 7680}
{"stage": "sequential-round-coordinate", "pid": 113530, "time": 1789709896.4185994, "cuda_visible_devices": "2", "allocated_gib": 5.225467205047607, "reserved_gib": 8.228515625, "peak_allocated_gib": 7.100411891937256, "gpu_time_budget": null, "module": "model.layers.3.mlp.down_proj", "step": 7808}
{"stage": "sequential-round-coordinate", "pid": 113530, "time": 1789709897.3164861, "cuda_visible_devices": "2", "allocated_gib": 5.225467205047607, "reserved_gib": 8.228515625, "peak_allocated_gib": 7.100411891937256, "gpu_time_budget": null, "module": "model.layers.3.mlp.down_proj", "step": 7936}
{"stage": "sequential-round-coordinate", "pid": 113530, "time": 1789709898.2051082, "cuda_visible_devices": "2", "allocated_gib": 5.225467205047607, "reserved_gib": 8.228515625, "peak_allocated_gib": 7.100411891937256, "gpu_time_budget": null, "module": "model.layers.3.mlp.down_proj", "step": 8064}
{"stage": "sequential-round-coordinate", "pid": 113530, "time": 1789709899.1721451, "cuda_visible_devices": "2", "allocated_gib": 5.225467205047607, "reserved_gib": 8.228515625, "peak_allocated_gib": 7.100411891937256, "gpu_time_budget": null, "module": "model.layers.3.mlp.down_proj", "step": 8192}
{"stage": "sequential-round-train-nll", "pid": 113530, "time": 1789709899.212953, "cuda_visible_devices": "2", "allocated_gib": 3.7957167625427246, "reserved_gib": 3.80078125, "peak_allocated_gib": 7.100411891937256, "gpu_time_budget": null, "module": "model.layers.3.mlp.down_proj", "step": 512}
Evaluation segment 1/1: start=0, windows=8, seqlen=2048
{"stage": "sequential-round-train-nll", "pid": 113530, "time": 1789709904.2499259, "cuda_visible_devices": "2", "allocated_gib": 3.7957167625427246, "reserved_gib": 5.978515625, "peak_allocated_gib": 7.100411891937256, "gpu_time_budget": null, "module": "model.layers.3.mlp.down_proj", "step": 2048}
Evaluation segment 1/1: start=0, windows=8, seqlen=2048
{"stage": "sequential-round-train-nll", "pid": 113530, "time": 1789709909.297265, "cuda_visible_devices": "2", "allocated_gib": 3.7957167625427246, "reserved_gib": 5.978515625, "peak_allocated_gib": 7.100411891937256, "gpu_time_budget": null, "module": "model.layers.3.mlp.down_proj", "step": 8192}
Evaluation segment 1/1: start=0, windows=8, seqlen=2048
{"stage": "sequential-module-completed", "pid": 113530, "time": 1789709914.331304, "cuda_visible_devices": "2", "allocated_gib": 3.7957167625427246, "reserved_gib": 5.978515625, "peak_allocated_gib": 7.100411891937256, "gpu_time_budget": null, "module": "model.layers.3.mlp.down_proj", "completed": 4, "total": 28, "selected_train_nll": 2.609278238404588, "elapsed_seconds": 264.7609463300323}
{"stage": "sequential-round-fit", "pid": 113530, "time": 1789709916.7769997, "cuda_visible_devices": "2", "allocated_gib": 3.7957167625427246, "reserved_gib": 5.978515625, "peak_allocated_gib": 7.100411891937256, "gpu_time_budget": null, "module": "model.layers.4.mlp.down_proj", "fit_rows": 49152, "heldout_rows": 16384}
{"stage": "sequential-round-coordinate", "pid": 113530, "time": 1789709917.9433384, "cuda_visible_devices": "2", "allocated_gib": 5.225467205047607, "reserved_gib": 8.228515625, "peak_allocated_gib": 7.100411891937256, "gpu_time_budget": null, "module": "model.layers.4.mlp.down_proj", "step": 128}
{"stage": "sequential-round-coordinate", "pid": 113530, "time": 1789709918.831128, "cuda_visible_devices": "2", "allocated_gib": 5.225467205047607, "reserved_gib": 8.228515625, "peak_allocated_gib": 7.100411891937256, "gpu_time_budget": null, "module": "model.layers.4.mlp.down_proj", "step": 256}
{"stage": "sequential-round-coordinate", "pid": 113530, "time": 1789709919.7197437, "cuda_visible_devices": "2", "allocated_gib": 5.225467205047607, "reserved_gib": 8.228515625, "peak_allocated_gib": 7.100411891937256, "gpu_time_budget": null, "module": "model.layers.4.mlp.down_proj", "step": 384}
{"stage": "sequential-round-coordinate", "pid": 113530, "time": 1789709920.6858363, "cuda_visible_devices": "2", "allocated_gib": 5.225467205047607, "reserved_gib": 8.228515625, "peak_allocated_gib": 7.100411891937256, "gpu_time_budget": null, "module": "model.layers.4.mlp.down_proj", "step": 512}
{"stage": "sequential-round-coordinate", "pid": 113530, "time": 1789709921.574797, "cuda_visible_devices": "2", "allocated_gib": 5.225467205047607, "reserved_gib": 8.228515625, "peak_allocated_gib": 7.100411891937256, "gpu_time_budget": null, "module": "model.layers.4.mlp.down_proj", "step": 640}
{"stage": "sequential-round-coordinate", "pid": 113530, "time": 1789709922.46373, "cuda_visible_devices": "2", "allocated_gib": 5.225467205047607, "reserved_gib": 8.228515625, "peak_allocated_gib": 7.100411891937256, "gpu_time_budget": null, "module": "model.layers.4.mlp.down_proj", "step": 768}
{"stage": "sequential-round-coordinate", "pid": 113530, "time": 1789709923.351385, "cuda_visible_devices": "2", "allocated_gib": 5.225467205047607, "reserved_gib": 8.228515625, "peak_allocated_gib": 7.100411891937256, "gpu_time_budget": null, "module": "model.layers.4.mlp.down_proj", "step": 896}
{"stage": "sequential-round-coordinate", "pid": 113530, "time": 1789709924.2412558, "cuda_visible_devices": "2", "allocated_gib": 5.225467205047607, "reserved_gib": 8.228515625, "peak_allocated_gib": 7.100411891937256, "gpu_time_budget": null, "module": "model.layers.4.mlp.down_proj", "step": 1024}
{"stage": "sequential-round-coordinate", "pid": 113530, "time": 1789709925.1302, "cuda_visible_devices": "2", "allocated_gib": 5.225467205047607, "reserved_gib": 8.228515625, "peak_allocated_gib": 7.100411891937256, "gpu_time_budget": null, "module": "model.layers.4.mlp.down_proj", "step": 1152}
{"stage": "sequential-round-coordinate", "pid": 113530, "time": 1789709926.018708, "cuda_visible_devices": "2", "allocated_gib": 5.225467205047607, "reserved_gib": 8.228515625, "peak_allocated_gib": 7.100411891937256, "gpu_time_budget": null, "module": "model.layers.4.mlp.down_proj", "step": 1280}
{"stage": "sequential-round-coordinate", "pid": 113530, "time": 1789709926.9012585, "cuda_visible_devices": "2", "allocated_gib": 5.225467205047607, "reserved_gib": 8.228515625, "peak_allocated_gib": 7.100411891937256, "gpu_time_budget": null, "module": "model.layers.4.mlp.down_proj", "step": 1408}
{"stage": "sequential-round-coordinate", "pid": 113530, "time": 1789709927.81108, "cuda_visible_devices": "2", "allocated_gib": 5.225467205047607, "reserved_gib": 8.228515625, "peak_allocated_gib": 7.100411891937256, "gpu_time_budget": null, "module": "model.layers.4.mlp.down_proj", "step": 1536}
{"stage": "sequential-round-coordinate", "pid": 113530, "time": 1789709928.7007067, "cuda_visible_devices": "2", "allocated_gib": 5.225467205047607, "reserved_gib": 8.228515625, "peak_allocated_gib": 7.100411891937256, "gpu_time_budget": null, "module": "model.layers.4.mlp.down_proj", "step": 1664}
{"stage": "sequential-round-coordinate", "pid": 113530, "time": 1789709929.5891287, "cuda_visible_devices": "2", "allocated_gib": 5.225467205047607, "reserved_gib": 8.228515625, "peak_allocated_gib": 7.100411891937256, "gpu_time_budget": null, "module": "model.layers.4.mlp.down_proj", "step": 1792}
{"stage": "sequential-round-coordinate", "pid": 113530, "time": 1789709930.413756, "cuda_visible_devices": "2", "allocated_gib": 5.225467205047607, "reserved_gib": 8.228515625, "peak_allocated_gib": 7.100411891937256, "gpu_time_budget": null, "module": "model.layers.4.mlp.down_proj", "step": 1920}
{"stage": "sequential-round-coordinate", "pid": 113530, "time": 1789709931.1234417, "cuda_visible_devices": "2", "allocated_gib": 5.225467205047607, "reserved_gib": 8.228515625, "peak_allocated_gib": 7.100411891937256, "gpu_time_budget": null, "module": "model.layers.4.mlp.down_proj", "step": 2048}
{"stage": "sequential-round-coordinate", "pid": 113530, "time": 1789709931.7854505, "cuda_visible_devices": "2", "allocated_gib": 5.225467205047607, "reserved_gib": 8.228515625, "peak_allocated_gib": 7.100411891937256, "gpu_time_budget": null, "module": "model.layers.4.mlp.down_proj", "step": 2176}
{"stage": "sequential-round-coordinate", "pid": 113530, "time": 1789709932.44785, "cuda_visible_devices": "2", "allocated_gib": 5.225467205047607, "reserved_gib": 8.228515625, "peak_allocated_gib": 7.100411891937256, "gpu_time_budget": null, "module": "model.layers.4.mlp.down_proj", "step": 2304}
{"stage": "sequential-round-coordinate", "pid": 113530, "time": 1789709933.1106036, "cuda_visible_devices": "2", "allocated_gib": 5.225467205047607, "reserved_gib": 8.228515625, "peak_allocated_gib": 7.100411891937256, "gpu_time_budget": null, "module": "model.layers.4.mlp.down_proj", "step": 2432}
{"stage": "sequential-round-coordinate", "pid": 113530, "time": 1789709933.7737834, "cuda_visible_devices": "2", "allocated_gib": 5.225467205047607, "reserved_gib": 8.228515625, "peak_allocated_gib": 7.100411891937256, "gpu_time_budget": null, "module": "model.layers.4.mlp.down_proj", "step": 2560}
{"stage": "sequential-round-coordinate", "pid": 113530, "time": 1789709934.4367452, "cuda_visible_devices": "2", "allocated_gib": 5.225467205047607, "reserved_gib": 8.228515625, "peak_allocated_gib": 7.100411891937256, "gpu_time_budget": null, "module": "model.layers.4.mlp.down_proj", "step": 2688}
{"stage": "sequential-round-coordinate", "pid": 113530, "time": 1789709935.0997026, "cuda_visible_devices": "2", "allocated_gib": 5.225467205047607, "reserved_gib": 8.228515625, "peak_allocated_gib": 7.100411891937256, "gpu_time_budget": null, "module": "model.layers.4.mlp.down_proj", "step": 2816}
{"stage": "sequential-round-coordinate", "pid": 113530, "time": 1789709935.7442863, "cuda_visible_devices": "2", "allocated_gib": 5.225467205047607, "reserved_gib": 8.228515625, "peak_allocated_gib": 7.100411891937256, "gpu_time_budget": null, "module": "model.layers.4.mlp.down_proj", "step": 2944}
{"stage": "sequential-round-coordinate", "pid": 113530, "time": 1789709936.4071224, "cuda_visible_devices": "2", "allocated_gib": 5.225467205047607, "reserved_gib": 8.228515625, "peak_allocated_gib": 7.100411891937256, "gpu_time_budget": null, "module": "model.layers.4.mlp.down_proj", "step": 3072}
{"stage": "sequential-round-coordinate", "pid": 113530, "time": 1789709937.1117399, "cuda_visible_devices": "2", "allocated_gib": 5.225467205047607, "reserved_gib": 8.228515625, "peak_allocated_gib": 7.100411891937256, "gpu_time_budget": null, "module": "model.layers.4.mlp.down_proj", "step": 3200}
{"stage": "sequential-round-coordinate", "pid": 113530, "time": 1789709937.7742965, "cuda_visible_devices": "2", "allocated_gib": 5.225467205047607, "reserved_gib": 8.228515625, "peak_allocated_gib": 7.100411891937256, "gpu_time_budget": null, "module": "model.layers.4.mlp.down_proj", "step": 3328}
{"stage": "sequential-round-coordinate", "pid": 113530, "time": 1789709938.4369812, "cuda_visible_devices": "2", "allocated_gib": 5.225467205047607, "reserved_gib": 8.228515625, "peak_allocated_gib": 7.100411891937256, "gpu_time_budget": null, "module": "model.layers.4.mlp.down_proj", "step": 3456}
{"stage": "sequential-round-coordinate", "pid": 113530, "time": 1789709939.09921, "cuda_visible_devices": "2", "allocated_gib": 5.225467205047607, "reserved_gib": 8.228515625, "peak_allocated_gib": 7.100411891937256, "gpu_time_budget": null, "module": "model.layers.4.mlp.down_proj", "step": 3584}
{"stage": "sequential-round-coordinate", "pid": 113530, "time": 1789709939.7607691, "cuda_visible_devices": "2", "allocated_gib": 5.225467205047607, "reserved_gib": 8.228515625, "peak_allocated_gib": 7.100411891937256, "gpu_time_budget": null, "module": "model.layers.4.mlp.down_proj", "step": 3712}
{"stage": "sequential-round-coordinate", "pid": 113530, "time": 1789709940.4237456, "cuda_visible_devices": "2", "allocated_gib": 5.225467205047607, "reserved_gib": 8.228515625, "peak_allocated_gib": 7.100411891937256, "gpu_time_budget": null, "module": "model.layers.4.mlp.down_proj", "step": 3840}
{"stage": "sequential-round-coordinate", "pid": 113530, "time": 1789709941.0669813, "cuda_visible_devices": "2", "allocated_gib": 5.225467205047607, "reserved_gib": 8.228515625, "peak_allocated_gib": 7.100411891937256, "gpu_time_budget": null, "module": "model.layers.4.mlp.down_proj", "step": 3968}
{"stage": "sequential-round-coordinate", "pid": 113530, "time": 1789709941.734035, "cuda_visible_devices": "2", "allocated_gib": 5.225467205047607, "reserved_gib": 8.228515625, "peak_allocated_gib": 7.100411891937256, "gpu_time_budget": null, "module": "model.layers.4.mlp.down_proj", "step": 4096}
{"stage": "sequential-round-coordinate", "pid": 113530, "time": 1789709942.3966923, "cuda_visible_devices": "2", "allocated_gib": 5.225467205047607, "reserved_gib": 8.228515625, "peak_allocated_gib": 7.100411891937256, "gpu_time_budget": null, "module": "model.layers.4.mlp.down_proj", "step": 4224}
{"stage": "sequential-round-coordinate", "pid": 113530, "time": 1789709943.0598435, "cuda_visible_devices": "2", "allocated_gib": 5.225467205047607, "reserved_gib": 8.228515625, "peak_allocated_gib": 7.100411891937256, "gpu_time_budget": null, "module": "model.layers.4.mlp.down_proj", "step": 4352}
{"stage": "sequential-round-coordinate", "pid": 113530, "time": 1789709943.722482, "cuda_visible_devices": "2", "allocated_gib": 5.225467205047607, "reserved_gib": 8.228515625, "peak_allocated_gib": 7.100411891937256, "gpu_time_budget": null, "module": "model.layers.4.mlp.down_proj", "step": 4480}
{"stage": "sequential-round-coordinate", "pid": 113530, "time": 1789709944.3844993, "cuda_visible_devices": "2", "allocated_gib": 5.225467205047607, "reserved_gib": 8.228515625, "peak_allocated_gib": 7.100411891937256, "gpu_time_budget": null, "module": "model.layers.4.mlp.down_proj", "step": 4608}
{"stage": "sequential-round-coordinate", "pid": 113530, "time": 1789709945.047571, "cuda_visible_devices": "2", "allocated_gib": 5.225467205047607, "reserved_gib": 8.228515625, "peak_allocated_gib": 7.100411891937256, "gpu_time_budget": null, "module": "model.layers.4.mlp.down_proj", "step": 4736}
{"stage": "sequential-round-coordinate", "pid": 113530, "time": 1789709945.7098389, "cuda_visible_devices": "2", "allocated_gib": 5.225467205047607, "reserved_gib": 8.228515625, "peak_allocated_gib": 7.100411891937256, "gpu_time_budget": null, "module": "model.layers.4.mlp.down_proj", "step": 4864}
{"stage": "sequential-round-coordinate", "pid": 113530, "time": 1789709946.3325706, "cuda_visible_devices": "2", "allocated_gib": 5.225467205047607, "reserved_gib": 8.228515625, "peak_allocated_gib": 7.100411891937256, "gpu_time_budget": null, "module": "model.layers.4.mlp.down_proj", "step": 4992}
{"stage": "sequential-round-coordinate", "pid": 113530, "time": 1789709946.8810039, "cuda_visible_devices": "2", "allocated_gib": 5.225467205047607, "reserved_gib": 8.228515625, "peak_allocated_gib": 7.100411891937256, "gpu_time_budget": null, "module": "model.layers.4.mlp.down_proj", "step": 5120}
{"stage": "sequential-round-coordinate", "pid": 113530, "time": 1789709947.4315348, "cuda_visible_devices": "2", "allocated_gib": 5.225467205047607, "reserved_gib": 8.228515625, "peak_allocated_gib": 7.100411891937256, "gpu_time_budget": null, "module": "model.layers.4.mlp.down_proj", "step": 5248}
{"stage": "sequential-round-coordinate", "pid": 113530, "time": 1789709947.9808612, "cuda_visible_devices": "2", "allocated_gib": 5.225467205047607, "reserved_gib": 8.228515625, "peak_allocated_gib": 7.100411891937256, "gpu_time_budget": null, "module": "model.layers.4.mlp.down_proj", "step": 5376}
{"stage": "sequential-round-coordinate", "pid": 113530, "time": 1789709948.5283718, "cuda_visible_devices": "2", "allocated_gib": 5.225467205047607, "reserved_gib": 8.228515625, "peak_allocated_gib": 7.100411891937256, "gpu_time_budget": null, "module": "model.layers.4.mlp.down_proj", "step": 5504}
{"stage": "sequential-round-coordinate", "pid": 113530, "time": 1789709949.071355, "cuda_visible_devices": "2", "allocated_gib": 5.225467205047607, "reserved_gib": 8.228515625, "peak_allocated_gib": 7.100411891937256, "gpu_time_budget": null, "module": "model.layers.4.mlp.down_proj", "step": 5632}
{"stage": "sequential-round-coordinate", "pid": 113530, "time": 1789709949.7429922, "cuda_visible_devices": "2", "allocated_gib": 5.225467205047607, "reserved_gib": 8.228515625, "peak_allocated_gib": 7.100411891937256, "gpu_time_budget": null, "module": "model.layers.4.mlp.down_proj", "step": 5760}
{"stage": "sequential-round-coordinate", "pid": 113530, "time": 1789709950.6312764, "cuda_visible_devices": "2", "allocated_gib": 5.225467205047607, "reserved_gib": 8.228515625, "peak_allocated_gib": 7.100411891937256, "gpu_time_budget": null, "module": "model.layers.4.mlp.down_proj", "step": 5888}
{"stage": "sequential-round-coordinate", "pid": 113530, "time": 1789709951.5148525, "cuda_visible_devices": "2", "allocated_gib": 5.225467205047607, "reserved_gib": 8.228515625, "peak_allocated_gib": 7.100411891937256, "gpu_time_budget": null, "module": "model.layers.4.mlp.down_proj", "step": 6016}
{"stage": "sequential-round-coordinate", "pid": 113530, "time": 1789709952.403244, "cuda_visible_devices": "2", "allocated_gib": 5.225467205047607, "reserved_gib": 8.228515625, "peak_allocated_gib": 7.100411891937256, "gpu_time_budget": null, "module": "model.layers.4.mlp.down_proj", "step": 6144}
{"stage": "sequential-round-coordinate", "pid": 113530, "time": 1789709953.296485, "cuda_visible_devices": "2", "allocated_gib": 5.225467205047607, "reserved_gib": 8.228515625, "peak_allocated_gib": 7.100411891937256, "gpu_time_budget": null, "module": "model.layers.4.mlp.down_proj", "step": 6272}
{"stage": "sequential-round-coordinate", "pid": 113530, "time": 1789709954.1848326, "cuda_visible_devices": "2", "allocated_gib": 5.225467205047607, "reserved_gib": 8.228515625, "peak_allocated_gib": 7.100411891937256, "gpu_time_budget": null, "module": "model.layers.4.mlp.down_proj", "step": 6400}
{"stage": "sequential-round-coordinate", "pid": 113530, "time": 1789709955.0701225, "cuda_visible_devices": "2", "allocated_gib": 5.225467205047607, "reserved_gib": 8.228515625, "peak_allocated_gib": 7.100411891937256, "gpu_time_budget": null, "module": "model.layers.4.mlp.down_proj", "step": 6528}
{"stage": "sequential-round-coordinate", "pid": 113530, "time": 1789709955.9563863, "cuda_visible_devices": "2", "allocated_gib": 5.225467205047607, "reserved_gib": 8.228515625, "peak_allocated_gib": 7.100411891937256, "gpu_time_budget": null, "module": "model.layers.4.mlp.down_proj", "step": 6656}
{"stage": "sequential-round-coordinate", "pid": 113530, "time": 1789709956.8454692, "cuda_visible_devices": "2", "allocated_gib": 5.225467205047607, "reserved_gib": 8.228515625, "peak_allocated_gib": 7.100411891937256, "gpu_time_budget": null, "module": "model.layers.4.mlp.down_proj", "step": 6784}
{"stage": "sequential-round-coordinate", "pid": 113530, "time": 1789709957.7324417, "cuda_visible_devices": "2", "allocated_gib": 5.225467205047607, "reserved_gib": 8.228515625, "peak_allocated_gib": 7.100411891937256, "gpu_time_budget": null, "module": "model.layers.4.mlp.down_proj", "step": 6912}
{"stage": "sequential-round-coordinate", "pid": 113530, "time": 1789709958.6213198, "cuda_visible_devices": "2", "allocated_gib": 5.225467205047607, "reserved_gib": 8.228515625, "peak_allocated_gib": 7.100411891937256, "gpu_time_budget": null, "module": "model.layers.4.mlp.down_proj", "step": 7040}
{"stage": "sequential-round-coordinate", "pid": 113530, "time": 1789709959.5104074, "cuda_visible_devices": "2", "allocated_gib": 5.225467205047607, "reserved_gib": 8.228515625, "peak_allocated_gib": 7.100411891937256, "gpu_time_budget": null, "module": "model.layers.4.mlp.down_proj", "step": 7168}
{"stage": "sequential-round-coordinate", "pid": 113530, "time": 1789709960.4054868, "cuda_visible_devices": "2", "allocated_gib": 5.225467205047607, "reserved_gib": 8.228515625, "peak_allocated_gib": 7.100411891937256, "gpu_time_budget": null, "module": "model.layers.4.mlp.down_proj", "step": 7296}
{"stage": "sequential-round-coordinate", "pid": 113530, "time": 1789709961.2922163, "cuda_visible_devices": "2", "allocated_gib": 5.225467205047607, "reserved_gib": 8.228515625, "peak_allocated_gib": 7.100411891937256, "gpu_time_budget": null, "module": "model.layers.4.mlp.down_proj", "step": 7424}
{"stage": "sequential-round-coordinate", "pid": 113530, "time": 1789709962.181317, "cuda_visible_devices": "2", "allocated_gib": 5.225467205047607, "reserved_gib": 8.228515625, "peak_allocated_gib": 7.100411891937256, "gpu_time_budget": null, "module": "model.layers.4.mlp.down_proj", "step": 7552}
{"stage": "sequential-round-coordinate", "pid": 113530, "time": 1789709963.0704634, "cuda_visible_devices": "2", "allocated_gib": 5.225467205047607, "reserved_gib": 8.228515625, "peak_allocated_gib": 7.100411891937256, "gpu_time_budget": null, "module": "model.layers.4.mlp.down_proj", "step": 7680}
{"stage": "sequential-round-coordinate", "pid": 113530, "time": 1789709963.960723, "cuda_visible_devices": "2", "allocated_gib": 5.225467205047607, "reserved_gib": 8.228515625, "peak_allocated_gib": 7.100411891937256, "gpu_time_budget": null, "module": "model.layers.4.mlp.down_proj", "step": 7808}
{"stage": "sequential-round-coordinate", "pid": 113530, "time": 1789709964.8500912, "cuda_visible_devices": "2", "allocated_gib": 5.225467205047607, "reserved_gib": 8.228515625, "peak_allocated_gib": 7.100411891937256, "gpu_time_budget": null, "module": "model.layers.4.mlp.down_proj", "step": 7936}
{"stage": "sequential-round-coordinate", "pid": 113530, "time": 1789709965.7353282, "cuda_visible_devices": "2", "allocated_gib": 5.225467205047607, "reserved_gib": 8.228515625, "peak_allocated_gib": 7.100411891937256, "gpu_time_budget": null, "module": "model.layers.4.mlp.down_proj", "step": 8064}
{"stage": "sequential-round-coordinate", "pid": 113530, "time": 1789709966.7022045, "cuda_visible_devices": "2", "allocated_gib": 5.225467205047607, "reserved_gib": 8.228515625, "peak_allocated_gib": 7.100411891937256, "gpu_time_budget": null, "module": "model.layers.4.mlp.down_proj", "step": 8192}
{"stage": "sequential-round-train-nll", "pid": 113530, "time": 1789709966.7509737, "cuda_visible_devices": "2", "allocated_gib": 3.7957167625427246, "reserved_gib": 3.80078125, "peak_allocated_gib": 7.100411891937256, "gpu_time_budget": null, "module": "model.layers.4.mlp.down_proj", "step": 512}
Evaluation segment 1/1: start=0, windows=8, seqlen=2048
{"stage": "sequential-round-train-nll", "pid": 113530, "time": 1789709971.811475, "cuda_visible_devices": "2", "allocated_gib": 3.7957167625427246, "reserved_gib": 5.978515625, "peak_allocated_gib": 7.100411891937256, "gpu_time_budget": null, "module": "model.layers.4.mlp.down_proj", "step": 2048}
Evaluation segment 1/1: start=0, windows=8, seqlen=2048
{"stage": "sequential-round-train-nll", "pid": 113530, "time": 1789709976.8498294, "cuda_visible_devices": "2", "allocated_gib": 3.7957167625427246, "reserved_gib": 5.978515625, "peak_allocated_gib": 7.100411891937256, "gpu_time_budget": null, "module": "model.layers.4.mlp.down_proj", "step": 8192}
Evaluation segment 1/1: start=0, windows=8, seqlen=2048
{"stage": "sequential-module-completed", "pid": 113530, "time": 1789709981.8863864, "cuda_visible_devices": "2", "allocated_gib": 3.7957167625427246, "reserved_gib": 5.978515625, "peak_allocated_gib": 7.100411891937256, "gpu_time_budget": null, "module": "model.layers.4.mlp.down_proj", "completed": 5, "total": 28, "selected_train_nll": 2.609278238404588, "elapsed_seconds": 332.316027467954}
{"stage": "sequential-round-fit", "pid": 113530, "time": 1789709984.7498384, "cuda_visible_devices": "2", "allocated_gib": 3.7957167625427246, "reserved_gib": 5.978515625, "peak_allocated_gib": 7.100411891937256, "gpu_time_budget": null, "module": "model.layers.5.mlp.down_proj", "fit_rows": 49152, "heldout_rows": 16384}
{"stage": "sequential-round-coordinate", "pid": 113530, "time": 1789709985.9041712, "cuda_visible_devices": "2", "allocated_gib": 5.225467205047607, "reserved_gib": 8.228515625, "peak_allocated_gib": 7.100411891937256, "gpu_time_budget": null, "module": "model.layers.5.mlp.down_proj", "step": 128}
{"stage": "sequential-round-coordinate", "pid": 113530, "time": 1789709986.7936983, "cuda_visible_devices": "2", "allocated_gib": 5.225467205047607, "reserved_gib": 8.228515625, "peak_allocated_gib": 7.100411891937256, "gpu_time_budget": null, "module": "model.layers.5.mlp.down_proj", "step": 256}
{"stage": "sequential-round-coordinate", "pid": 113530, "time": 1789709987.6847599, "cuda_visible_devices": "2", "allocated_gib": 5.225467205047607, "reserved_gib": 8.228515625, "peak_allocated_gib": 7.100411891937256, "gpu_time_budget": null, "module": "model.layers.5.mlp.down_proj", "step": 384}
{"stage": "sequential-round-coordinate", "pid": 113530, "time": 1789709988.6502666, "cuda_visible_devices": "2", "allocated_gib": 5.225467205047607, "reserved_gib": 8.228515625, "peak_allocated_gib": 7.100411891937256, "gpu_time_budget": null, "module": "model.layers.5.mlp.down_proj", "step": 512}
{"stage": "sequential-round-coordinate", "pid": 113530, "time": 1789709989.5383642, "cuda_visible_devices": "2", "allocated_gib": 5.225467205047607, "reserved_gib": 8.228515625, "peak_allocated_gib": 7.100411891937256, "gpu_time_budget": null, "module": "model.layers.5.mlp.down_proj", "step": 640}
{"stage": "sequential-round-coordinate", "pid": 113530, "time": 1789709990.4277558, "cuda_visible_devices": "2", "allocated_gib": 5.225467205047607, "reserved_gib": 8.228515625, "peak_allocated_gib": 7.100411891937256, "gpu_time_budget": null, "module": "model.layers.5.mlp.down_proj", "step": 768}
{"stage": "sequential-round-coordinate", "pid": 113530, "time": 1789709991.3152797, "cuda_visible_devices": "2", "allocated_gib": 5.225467205047607, "reserved_gib": 8.228515625, "peak_allocated_gib": 7.100411891937256, "gpu_time_budget": null, "module": "model.layers.5.mlp.down_proj", "step": 896}
{"stage": "sequential-round-coordinate", "pid": 113530, "time": 1789709992.205083, "cuda_visible_devices": "2", "allocated_gib": 5.225467205047607, "reserved_gib": 8.228515625, "peak_allocated_gib": 7.100411891937256, "gpu_time_budget": null, "module": "model.layers.5.mlp.down_proj", "step": 1024}
{"stage": "sequential-round-coordinate", "pid": 113530, "time": 1789709993.0920942, "cuda_visible_devices": "2", "allocated_gib": 5.225467205047607, "reserved_gib": 8.228515625, "peak_allocated_gib": 7.100411891937256, "gpu_time_budget": null, "module": "model.layers.5.mlp.down_proj", "step": 1152}
{"stage": "sequential-round-coordinate", "pid": 113530, "time": 1789709993.978573, "cuda_visible_devices": "2", "allocated_gib": 5.225467205047607, "reserved_gib": 8.228515625, "peak_allocated_gib": 7.100411891937256, "gpu_time_budget": null, "module": "model.layers.5.mlp.down_proj", "step": 1280}
{"stage": "sequential-round-coordinate", "pid": 113530, "time": 1789709994.8679152, "cuda_visible_devices": "2", "allocated_gib": 5.225467205047607, "reserved_gib": 8.228515625, "peak_allocated_gib": 7.100411891937256, "gpu_time_budget": null, "module": "model.layers.5.mlp.down_proj", "step": 1408}
{"stage": "sequential-round-coordinate", "pid": 113530, "time": 1789709995.756807, "cuda_visible_devices": "2", "allocated_gib": 5.225467205047607, "reserved_gib": 8.228515625, "peak_allocated_gib": 7.100411891937256, "gpu_time_budget": null, "module": "model.layers.5.mlp.down_proj", "step": 1536}
{"stage": "sequential-round-coordinate", "pid": 113530, "time": 1789709996.6455357, "cuda_visible_devices": "2", "allocated_gib": 5.225467205047607, "reserved_gib": 8.228515625, "peak_allocated_gib": 7.100411891937256, "gpu_time_budget": null, "module": "model.layers.5.mlp.down_proj", "step": 1664}
{"stage": "sequential-round-coordinate", "pid": 113530, "time": 1789709997.5335596, "cuda_visible_devices": "2", "allocated_gib": 5.225467205047607, "reserved_gib": 8.228515625, "peak_allocated_gib": 7.100411891937256, "gpu_time_budget": null, "module": "model.layers.5.mlp.down_proj", "step": 1792}
{"stage": "sequential-round-coordinate", "pid": 113530, "time": 1789709998.4221294, "cuda_visible_devices": "2", "allocated_gib": 5.225467205047607, "reserved_gib": 8.228515625, "peak_allocated_gib": 7.100411891937256, "gpu_time_budget": null, "module": "model.layers.5.mlp.down_proj", "step": 1920}
{"stage": "sequential-round-coordinate", "pid": 113530, "time": 1789709999.3875597, "cuda_visible_devices": "2", "allocated_gib": 5.225467205047607, "reserved_gib": 8.228515625, "peak_allocated_gib": 7.100411891937256, "gpu_time_budget": null, "module": "model.layers.5.mlp.down_proj", "step": 2048}
{"stage": "sequential-round-coordinate", "pid": 113530, "time": 1789710000.2757516, "cuda_visible_devices": "2", "allocated_gib": 5.225467205047607, "reserved_gib": 8.228515625, "peak_allocated_gib": 7.100411891937256, "gpu_time_budget": null, "module": "model.layers.5.mlp.down_proj", "step": 2176}
{"stage": "sequential-round-coordinate", "pid": 113530, "time": 1789710001.0522823, "cuda_visible_devices": "2", "allocated_gib": 5.225467205047607, "reserved_gib": 8.228515625, "peak_allocated_gib": 7.100411891937256, "gpu_time_budget": null, "module": "model.layers.5.mlp.down_proj", "step": 2304}
{"stage": "sequential-round-coordinate", "pid": 113530, "time": 1789710001.7144718, "cuda_visible_devices": "2", "allocated_gib": 5.225467205047607, "reserved_gib": 8.228515625, "peak_allocated_gib": 7.100411891937256, "gpu_time_budget": null, "module": "model.layers.5.mlp.down_proj", "step": 2432}
{"stage": "sequential-round-coordinate", "pid": 113530, "time": 1789710002.3772511, "cuda_visible_devices": "2", "allocated_gib": 5.225467205047607, "reserved_gib": 8.228515625, "peak_allocated_gib": 7.100411891937256, "gpu_time_budget": null, "module": "model.layers.5.mlp.down_proj", "step": 2560}
{"stage": "sequential-round-coordinate", "pid": 113530, "time": 1789710003.0396562, "cuda_visible_devices": "2", "allocated_gib": 5.225467205047607, "reserved_gib": 8.228515625, "peak_allocated_gib": 7.100411891937256, "gpu_time_budget": null, "module": "model.layers.5.mlp.down_proj", "step": 2688}
{"stage": "sequential-round-coordinate", "pid": 113530, "time": 1789710003.7019835, "cuda_visible_devices": "2", "allocated_gib": 5.225467205047607, "reserved_gib": 8.228515625, "peak_allocated_gib": 7.100411891937256, "gpu_time_budget": null, "module": "model.layers.5.mlp.down_proj", "step": 2816}
{"stage": "sequential-round-coordinate", "pid": 113530, "time": 1789710004.3632693, "cuda_visible_devices": "2", "allocated_gib": 5.225467205047607, "reserved_gib": 8.228515625, "peak_allocated_gib": 7.100411891937256, "gpu_time_budget": null, "module": "model.layers.5.mlp.down_proj", "step": 2944}
{"stage": "sequential-round-coordinate", "pid": 113530, "time": 1789710005.0259993, "cuda_visible_devices": "2", "allocated_gib": 5.225467205047607, "reserved_gib": 8.228515625, "peak_allocated_gib": 7.100411891937256, "gpu_time_budget": null, "module": "model.layers.5.mlp.down_proj", "step": 3072}
{"stage": "sequential-round-coordinate", "pid": 113530, "time": 1789710005.688329, "cuda_visible_devices": "2", "allocated_gib": 5.225467205047607, "reserved_gib": 8.228515625, "peak_allocated_gib": 7.100411891937256, "gpu_time_budget": null, "module": "model.layers.5.mlp.down_proj", "step": 3200}
{"stage": "sequential-round-coordinate", "pid": 113530, "time": 1789710006.3351989, "cuda_visible_devices": "2", "allocated_gib": 5.225467205047607, "reserved_gib": 8.228515625, "peak_allocated_gib": 7.100411891937256, "gpu_time_budget": null, "module": "model.layers.5.mlp.down_proj", "step": 3328}
{"stage": "sequential-round-coordinate", "pid": 113530, "time": 1789710006.9974642, "cuda_visible_devices": "2", "allocated_gib": 5.225467205047607, "reserved_gib": 8.228515625, "peak_allocated_gib": 7.100411891937256, "gpu_time_budget": null, "module": "model.layers.5.mlp.down_proj", "step": 3456}
{"stage": "sequential-round-coordinate", "pid": 113530, "time": 1789710007.660368, "cuda_visible_devices": "2", "allocated_gib": 5.225467205047607, "reserved_gib": 8.228515625, "peak_allocated_gib": 7.100411891937256, "gpu_time_budget": null, "module": "model.layers.5.mlp.down_proj", "step": 3584}
{"stage": "sequential-round-coordinate", "pid": 113530, "time": 1789710008.3238144, "cuda_visible_devices": "2", "allocated_gib": 5.225467205047607, "reserved_gib": 8.228515625, "peak_allocated_gib": 7.100411891937256, "gpu_time_budget": null, "module": "model.layers.5.mlp.down_proj", "step": 3712}
{"stage": "sequential-round-coordinate", "pid": 113530, "time": 1789710008.9861667, "cuda_visible_devices": "2", "allocated_gib": 5.225467205047607, "reserved_gib": 8.228515625, "peak_allocated_gib": 7.100411891937256, "gpu_time_budget": null, "module": "model.layers.5.mlp.down_proj", "step": 3840}
{"stage": "sequential-round-coordinate", "pid": 113530, "time": 1789710009.647718, "cuda_visible_devices": "2", "allocated_gib": 5.225467205047607, "reserved_gib": 8.228515625, "peak_allocated_gib": 7.100411891937256, "gpu_time_budget": null, "module": "model.layers.5.mlp.down_proj", "step": 3968}
{"stage": "sequential-round-coordinate", "pid": 113530, "time": 1789710010.3097305, "cuda_visible_devices": "2", "allocated_gib": 5.225467205047607, "reserved_gib": 8.228515625, "peak_allocated_gib": 7.100411891937256, "gpu_time_budget": null, "module": "model.layers.5.mlp.down_proj", "step": 4096}
{"stage": "sequential-round-coordinate", "pid": 113530, "time": 1789710010.9716105, "cuda_visible_devices": "2", "allocated_gib": 5.225467205047607, "reserved_gib": 8.228515625, "peak_allocated_gib": 7.100411891937256, "gpu_time_budget": null, "module": "model.layers.5.mlp.down_proj", "step": 4224}
{"stage": "sequential-round-coordinate", "pid": 113530, "time": 1789710011.6163137, "cuda_visible_devices": "2", "allocated_gib": 5.225467205047607, "reserved_gib": 8.228515625, "peak_allocated_gib": 7.100411891937256, "gpu_time_budget": null, "module": "model.layers.5.mlp.down_proj", "step": 4352}
{"stage": "sequential-round-coordinate", "pid": 113530, "time": 1789710012.2783291, "cuda_visible_devices": "2", "allocated_gib": 5.225467205047607, "reserved_gib": 8.228515625, "peak_allocated_gib": 7.100411891937256, "gpu_time_budget": null, "module": "model.layers.5.mlp.down_proj", "step": 4480}
{"stage": "sequential-round-coordinate", "pid": 113530, "time": 1789710012.941359, "cuda_visible_devices": "2", "allocated_gib": 5.225467205047607, "reserved_gib": 8.228515625, "peak_allocated_gib": 7.100411891937256, "gpu_time_budget": null, "module": "model.layers.5.mlp.down_proj", "step": 4608}
{"stage": "sequential-round-coordinate", "pid": 113530, "time": 1789710013.602144, "cuda_visible_devices": "2", "allocated_gib": 5.225467205047607, "reserved_gib": 8.228515625, "peak_allocated_gib": 7.100411891937256, "gpu_time_budget": null, "module": "model.layers.5.mlp.down_proj", "step": 4736}
{"stage": "sequential-round-coordinate", "pid": 113530, "time": 1789710014.2640603, "cuda_visible_devices": "2", "allocated_gib": 5.225467205047607, "reserved_gib": 8.228515625, "peak_allocated_gib": 7.100411891937256, "gpu_time_budget": null, "module": "model.layers.5.mlp.down_proj", "step": 4864}
{"stage": "sequential-round-coordinate", "pid": 113530, "time": 1789710014.9327092, "cuda_visible_devices": "2", "allocated_gib": 5.225467205047607, "reserved_gib": 8.228515625, "peak_allocated_gib": 7.100411891937256, "gpu_time_budget": null, "module": "model.layers.5.mlp.down_proj", "step": 4992}
{"stage": "sequential-round-coordinate", "pid": 113530, "time": 1789710015.5963771, "cuda_visible_devices": "2", "allocated_gib": 5.225467205047607, "reserved_gib": 8.228515625, "peak_allocated_gib": 7.100411891937256, "gpu_time_budget": null, "module": "model.layers.5.mlp.down_proj", "step": 5120}
{"stage": "sequential-round-coordinate", "pid": 113530, "time": 1789710016.2586226, "cuda_visible_devices": "2", "allocated_gib": 5.225467205047607, "reserved_gib": 8.228515625, "peak_allocated_gib": 7.100411891937256, "gpu_time_budget": null, "module": "model.layers.5.mlp.down_proj", "step": 5248}
{"stage": "sequential-round-coordinate", "pid": 113530, "time": 1789710016.897858, "cuda_visible_devices": "2", "allocated_gib": 5.225467205047607, "reserved_gib": 8.228515625, "peak_allocated_gib": 7.100411891937256, "gpu_time_budget": null, "module": "model.layers.5.mlp.down_proj", "step": 5376}
{"stage": "sequential-round-coordinate", "pid": 113530, "time": 1789710017.4486291, "cuda_visible_devices": "2", "allocated_gib": 5.225467205047607, "reserved_gib": 8.228515625, "peak_allocated_gib": 7.100411891937256, "gpu_time_budget": null, "module": "model.layers.5.mlp.down_proj", "step": 5504}
{"stage": "sequential-round-coordinate", "pid": 113530, "time": 1789710017.9992592, "cuda_visible_devices": "2", "allocated_gib": 5.225467205047607, "reserved_gib": 8.228515625, "peak_allocated_gib": 7.100411891937256, "gpu_time_budget": null, "module": "model.layers.5.mlp.down_proj", "step": 5632}
{"stage": "sequential-round-coordinate", "pid": 113530, "time": 1789710018.5490792, "cuda_visible_devices": "2", "allocated_gib": 5.225467205047607, "reserved_gib": 8.228515625, "peak_allocated_gib": 7.100411891937256, "gpu_time_budget": null, "module": "model.layers.5.mlp.down_proj", "step": 5760}
{"stage": "sequential-round-coordinate", "pid": 113530, "time": 1789710019.0990539, "cuda_visible_devices": "2", "allocated_gib": 5.225467205047607, "reserved_gib": 8.228515625, "peak_allocated_gib": 7.100411891937256, "gpu_time_budget": null, "module": "model.layers.5.mlp.down_proj", "step": 5888}
{"stage": "sequential-round-coordinate", "pid": 113530, "time": 1789710019.6471004, "cuda_visible_devices": "2", "allocated_gib": 5.225467205047607, "reserved_gib": 8.228515625, "peak_allocated_gib": 7.100411891937256, "gpu_time_budget": null, "module": "model.layers.5.mlp.down_proj", "step": 6016}
{"stage": "sequential-round-coordinate", "pid": 113530, "time": 1789710020.1920855, "cuda_visible_devices": "2", "allocated_gib": 5.225467205047607, "reserved_gib": 8.228515625, "peak_allocated_gib": 7.100411891937256, "gpu_time_budget": null, "module": "model.layers.5.mlp.down_proj", "step": 6144}
{"stage": "sequential-round-coordinate", "pid": 113530, "time": 1789710020.7616568, "cuda_visible_devices": "2", "allocated_gib": 5.225467205047607, "reserved_gib": 8.228515625, "peak_allocated_gib": 7.100411891937256, "gpu_time_budget": null, "module": "model.layers.5.mlp.down_proj", "step": 6272}
{"stage": "sequential-round-coordinate", "pid": 113530, "time": 1789710021.6516232, "cuda_visible_devices": "2", "allocated_gib": 5.225467205047607, "reserved_gib": 8.228515625, "peak_allocated_gib": 7.100411891937256, "gpu_time_budget": null, "module": "model.layers.5.mlp.down_proj", "step": 6400}
{"stage": "sequential-round-coordinate", "pid": 113530, "time": 1789710022.5408165, "cuda_visible_devices": "2", "allocated_gib": 5.225467205047607, "reserved_gib": 8.228515625, "peak_allocated_gib": 7.100411891937256, "gpu_time_budget": null, "module": "model.layers.5.mlp.down_proj", "step": 6528}
{"stage": "sequential-round-coordinate", "pid": 113530, "time": 1789710023.4299707, "cuda_visible_devices": "2", "allocated_gib": 5.225467205047607, "reserved_gib": 8.228515625, "peak_allocated_gib": 7.100411891937256, "gpu_time_budget": null, "module": "model.layers.5.mlp.down_proj", "step": 6656}
{"stage": "sequential-round-coordinate", "pid": 113530, "time": 1789710024.3164415, "cuda_visible_devices": "2", "allocated_gib": 5.225467205047607, "reserved_gib": 8.228515625, "peak_allocated_gib": 7.100411891937256, "gpu_time_budget": null, "module": "model.layers.5.mlp.down_proj", "step": 6784}
{"stage": "sequential-round-coordinate", "pid": 113530, "time": 1789710025.2062614, "cuda_visible_devices": "2", "allocated_gib": 5.225467205047607, "reserved_gib": 8.228515625, "peak_allocated_gib": 7.100411891937256, "gpu_time_budget": null, "module": "model.layers.5.mlp.down_proj", "step": 6912}
{"stage": "sequential-round-coordinate", "pid": 113530, "time": 1789710026.0964928, "cuda_visible_devices": "2", "allocated_gib": 5.225467205047607, "reserved_gib": 8.228515625, "peak_allocated_gib": 7.100411891937256, "gpu_time_budget": null, "module": "model.layers.5.mlp.down_proj", "step": 7040}
{"stage": "sequential-round-coordinate", "pid": 113530, "time": 1789710026.9856014, "cuda_visible_devices": "2", "allocated_gib": 5.225467205047607, "reserved_gib": 8.228515625, "peak_allocated_gib": 7.100411891937256, "gpu_time_budget": null, "module": "model.layers.5.mlp.down_proj", "step": 7168}
{"stage": "sequential-round-coordinate", "pid": 113530, "time": 1789710027.873678, "cuda_visible_devices": "2", "allocated_gib": 5.225467205047607, "reserved_gib": 8.228515625, "peak_allocated_gib": 7.100411891937256, "gpu_time_budget": null, "module": "model.layers.5.mlp.down_proj", "step": 7296}
{"stage": "sequential-round-coordinate", "pid": 113530, "time": 1789710028.7619503, "cuda_visible_devices": "2", "allocated_gib": 5.225467205047607, "reserved_gib": 8.228515625, "peak_allocated_gib": 7.100411891937256, "gpu_time_budget": null, "module": "model.layers.5.mlp.down_proj", "step": 7424}
{"stage": "sequential-round-coordinate", "pid": 113530, "time": 1789710029.6494472, "cuda_visible_devices": "2", "allocated_gib": 5.225467205047607, "reserved_gib": 8.228515625, "peak_allocated_gib": 7.100411891937256, "gpu_time_budget": null, "module": "model.layers.5.mlp.down_proj", "step": 7552}
{"stage": "sequential-round-coordinate", "pid": 113530, "time": 1789710030.5415459, "cuda_visible_devices": "2", "allocated_gib": 5.225467205047607, "reserved_gib": 8.228515625, "peak_allocated_gib": 7.100411891937256, "gpu_time_budget": null, "module": "model.layers.5.mlp.down_proj", "step": 7680}
{"stage": "sequential-round-coordinate", "pid": 113530, "time": 1789710031.4296892, "cuda_visible_devices": "2", "allocated_gib": 5.225467205047607, "reserved_gib": 8.228515625, "peak_allocated_gib": 7.100411891937256, "gpu_time_budget": null, "module": "model.layers.5.mlp.down_proj", "step": 7808}
{"stage": "sequential-round-coordinate", "pid": 113530, "time": 1789710032.319828, "cuda_visible_devices": "2", "allocated_gib": 5.225467205047607, "reserved_gib": 8.228515625, "peak_allocated_gib": 7.100411891937256, "gpu_time_budget": null, "module": "model.layers.5.mlp.down_proj", "step": 7936}
{"stage": "sequential-round-coordinate", "pid": 113530, "time": 1789710033.2068586, "cuda_visible_devices": "2", "allocated_gib": 5.225467205047607, "reserved_gib": 8.228515625, "peak_allocated_gib": 7.100411891937256, "gpu_time_budget": null, "module": "model.layers.5.mlp.down_proj", "step": 8064}
{"stage": "sequential-round-coordinate", "pid": 113530, "time": 1789710034.1754396, "cuda_visible_devices": "2", "allocated_gib": 5.225467205047607, "reserved_gib": 8.228515625, "peak_allocated_gib": 7.100411891937256, "gpu_time_budget": null, "module": "model.layers.5.mlp.down_proj", "step": 8192}
{"stage": "sequential-round-train-nll", "pid": 113530, "time": 1789710034.2223744, "cuda_visible_devices": "2", "allocated_gib": 3.7957167625427246, "reserved_gib": 3.80078125, "peak_allocated_gib": 7.100411891937256, "gpu_time_budget": null, "module": "model.layers.5.mlp.down_proj", "step": 512}
Evaluation segment 1/1: start=0, windows=8, seqlen=2048
{"stage": "sequential-round-train-nll", "pid": 113530, "time": 1789710039.2277327, "cuda_visible_devices": "2", "allocated_gib": 3.7957167625427246, "reserved_gib": 5.978515625, "peak_allocated_gib": 7.100411891937256, "gpu_time_budget": null, "module": "model.layers.5.mlp.down_proj", "step": 2048}
Evaluation segment 1/1: start=0, windows=8, seqlen=2048
{"stage": "sequential-round-train-nll", "pid": 113530, "time": 1789710044.230731, "cuda_visible_devices": "2", "allocated_gib": 3.7957167625427246, "reserved_gib": 5.978515625, "peak_allocated_gib": 7.100411891937256, "gpu_time_budget": null, "module": "model.layers.5.mlp.down_proj", "step": 8192}
Evaluation segment 1/1: start=0, windows=8, seqlen=2048
{"stage": "sequential-module-completed", "pid": 113530, "time": 1789710049.2555928, "cuda_visible_devices": "2", "allocated_gib": 3.7957167625427246, "reserved_gib": 5.978515625, "peak_allocated_gib": 7.100411891937256, "gpu_time_budget": null, "module": "model.layers.5.mlp.down_proj", "completed": 6, "total": 28, "selected_train_nll": 2.609278238404588, "elapsed_seconds": 399.68523482605815}
{"stage": "sequential-round-fit", "pid": 113530, "time": 1789710052.585918, "cuda_visible_devices": "2", "allocated_gib": 3.7957167625427246, "reserved_gib": 5.978515625, "peak_allocated_gib": 7.100411891937256, "gpu_time_budget": null, "module": "model.layers.6.mlp.down_proj", "fit_rows": 49152, "heldout_rows": 16384}
{"stage": "sequential-round-coordinate", "pid": 113530, "time": 1789710053.7554474, "cuda_visible_devices": "2", "allocated_gib": 5.225467205047607, "reserved_gib": 8.228515625, "peak_allocated_gib": 7.100411891937256, "gpu_time_budget": null, "module": "model.layers.6.mlp.down_proj", "step": 128}
{"stage": "sequential-round-coordinate", "pid": 113530, "time": 1789710054.6447103, "cuda_visible_devices": "2", "allocated_gib": 5.225467205047607, "reserved_gib": 8.228515625, "peak_allocated_gib": 7.100411891937256, "gpu_time_budget": null, "module": "model.layers.6.mlp.down_proj", "step": 256}
{"stage": "sequential-round-coordinate", "pid": 113530, "time": 1789710055.5343237, "cuda_visible_devices": "2", "allocated_gib": 5.225467205047607, "reserved_gib": 8.228515625, "peak_allocated_gib": 7.100411891937256, "gpu_time_budget": null, "module": "model.layers.6.mlp.down_proj", "step": 384}
{"stage": "sequential-round-coordinate", "pid": 113530, "time": 1789710056.507445, "cuda_visible_devices": "2", "allocated_gib": 5.225467205047607, "reserved_gib": 8.228515625, "peak_allocated_gib": 7.100411891937256, "gpu_time_budget": null, "module": "model.layers.6.mlp.down_proj", "step": 512}
{"stage": "sequential-round-coordinate", "pid": 113530, "time": 1789710057.3986502, "cuda_visible_devices": "2", "allocated_gib": 5.225467205047607, "reserved_gib": 8.228515625, "peak_allocated_gib": 7.100411891937256, "gpu_time_budget": null, "module": "model.layers.6.mlp.down_proj", "step": 640}
{"stage": "sequential-round-coordinate", "pid": 113530, "time": 1789710058.2858577, "cuda_visible_devices": "2", "allocated_gib": 5.225467205047607, "reserved_gib": 8.228515625, "peak_allocated_gib": 7.100411891937256, "gpu_time_budget": null, "module": "model.layers.6.mlp.down_proj", "step": 768}
{"stage": "sequential-round-coordinate", "pid": 113530, "time": 1789710059.1746407, "cuda_visible_devices": "2", "allocated_gib": 5.225467205047607, "reserved_gib": 8.228515625, "peak_allocated_gib": 7.100411891937256, "gpu_time_budget": null, "module": "model.layers.6.mlp.down_proj", "step": 896}
{"stage": "sequential-round-coordinate", "pid": 113530, "time": 1789710060.0632617, "cuda_visible_devices": "2", "allocated_gib": 5.225467205047607, "reserved_gib": 8.228515625, "peak_allocated_gib": 7.100411891937256, "gpu_time_budget": null, "module": "model.layers.6.mlp.down_proj", "step": 1024}
{"stage": "sequential-round-coordinate", "pid": 113530, "time": 1789710060.9518147, "cuda_visible_devices": "2", "allocated_gib": 5.225467205047607, "reserved_gib": 8.228515625, "peak_allocated_gib": 7.100411891937256, "gpu_time_budget": null, "module": "model.layers.6.mlp.down_proj", "step": 1152}
{"stage": "sequential-round-coordinate", "pid": 113530, "time": 1789710061.8411233, "cuda_visible_devices": "2", "allocated_gib": 5.225467205047607, "reserved_gib": 8.228515625, "peak_allocated_gib": 7.100411891937256, "gpu_time_budget": null, "module": "model.layers.6.mlp.down_proj", "step": 1280}
{"stage": "sequential-round-coordinate", "pid": 113530, "time": 1789710062.7286572, "cuda_visible_devices": "2", "allocated_gib": 5.225467205047607, "reserved_gib": 8.228515625, "peak_allocated_gib": 7.100411891937256, "gpu_time_budget": null, "module": "model.layers.6.mlp.down_proj", "step": 1408}
{"stage": "sequential-round-coordinate", "pid": 113530, "time": 1789710063.61828, "cuda_visible_devices": "2", "allocated_gib": 5.225467205047607, "reserved_gib": 8.228515625, "peak_allocated_gib": 7.100411891937256, "gpu_time_budget": null, "module": "model.layers.6.mlp.down_proj", "step": 1536}
{"stage": "sequential-round-coordinate", "pid": 113530, "time": 1789710064.5053165, "cuda_visible_devices": "2", "allocated_gib": 5.225467205047607, "reserved_gib": 8.228515625, "peak_allocated_gib": 7.100411891937256, "gpu_time_budget": null, "module": "model.layers.6.mlp.down_proj", "step": 1664}
{"stage": "sequential-round-coordinate", "pid": 113530, "time": 1789710065.3983276, "cuda_visible_devices": "2", "allocated_gib": 5.225467205047607, "reserved_gib": 8.228515625, "peak_allocated_gib": 7.100411891937256, "gpu_time_budget": null, "module": "model.layers.6.mlp.down_proj", "step": 1792}
{"stage": "sequential-round-coordinate", "pid": 113530, "time": 1789710066.2869964, "cuda_visible_devices": "2", "allocated_gib": 5.225467205047607, "reserved_gib": 8.228515625, "peak_allocated_gib": 7.100411891937256, "gpu_time_budget": null, "module": "model.layers.6.mlp.down_proj", "step": 1920}
{"stage": "sequential-round-coordinate", "pid": 113530, "time": 1789710067.2578611, "cuda_visible_devices": "2", "allocated_gib": 5.225467205047607, "reserved_gib": 8.228515625, "peak_allocated_gib": 7.100411891937256, "gpu_time_budget": null, "module": "model.layers.6.mlp.down_proj", "step": 2048}
{"stage": "sequential-round-coordinate", "pid": 113530, "time": 1789710068.1461904, "cuda_visible_devices": "2", "allocated_gib": 5.225467205047607, "reserved_gib": 8.228515625, "peak_allocated_gib": 7.100411891937256, "gpu_time_budget": null, "module": "model.layers.6.mlp.down_proj", "step": 2176}
{"stage": "sequential-round-coordinate", "pid": 113530, "time": 1789710069.0353196, "cuda_visible_devices": "2", "allocated_gib": 5.225467205047607, "reserved_gib": 8.228515625, "peak_allocated_gib": 7.100411891937256, "gpu_time_budget": null, "module": "model.layers.6.mlp.down_proj", "step": 2304}
{"stage": "sequential-round-coordinate", "pid": 113530, "time": 1789710069.9243474, "cuda_visible_devices": "2", "allocated_gib": 5.225467205047607, "reserved_gib": 8.228515625, "peak_allocated_gib": 7.100411891937256, "gpu_time_budget": null, "module": "model.layers.6.mlp.down_proj", "step": 2432}
{"stage": "sequential-round-coordinate", "pid": 113530, "time": 1789710070.8131657, "cuda_visible_devices": "2", "allocated_gib": 5.225467205047607, "reserved_gib": 8.228515625, "peak_allocated_gib": 7.100411891937256, "gpu_time_budget": null, "module": "model.layers.6.mlp.down_proj", "step": 2560}
{"stage": "sequential-round-coordinate", "pid": 113530, "time": 1789710071.7054565, "cuda_visible_devices": "2", "allocated_gib": 5.225467205047607, "reserved_gib": 8.228515625, "peak_allocated_gib": 7.100411891937256, "gpu_time_budget": null, "module": "model.layers.6.mlp.down_proj", "step": 2688}
{"stage": "sequential-round-coordinate", "pid": 113530, "time": 1789710072.3717256, "cuda_visible_devices": "2", "allocated_gib": 5.225467205047607, "reserved_gib": 8.228515625, "peak_allocated_gib": 7.100411891937256, "gpu_time_budget": null, "module": "model.layers.6.mlp.down_proj", "step": 2816}
{"stage": "sequential-round-coordinate", "pid": 113530, "time": 1789710073.033576, "cuda_visible_devices": "2", "allocated_gib": 5.225467205047607, "reserved_gib": 8.228515625, "peak_allocated_gib": 7.100411891937256, "gpu_time_budget": null, "module": "model.layers.6.mlp.down_proj", "step": 2944}
{"stage": "sequential-round-coordinate", "pid": 113530, "time": 1789710073.6963334, "cuda_visible_devices": "2", "allocated_gib": 5.225467205047607, "reserved_gib": 8.228515625, "peak_allocated_gib": 7.100411891937256, "gpu_time_budget": null, "module": "model.layers.6.mlp.down_proj", "step": 3072}
{"stage": "sequential-round-coordinate", "pid": 113530, "time": 1789710074.358899, "cuda_visible_devices": "2", "allocated_gib": 5.225467205047607, "reserved_gib": 8.228515625, "peak_allocated_gib": 7.100411891937256, "gpu_time_budget": null, "module": "model.layers.6.mlp.down_proj", "step": 3200}
{"stage": "sequential-round-coordinate", "pid": 113530, "time": 1789710075.0220027, "cuda_visible_devices": "2", "allocated_gib": 5.225467205047607, "reserved_gib": 8.228515625, "peak_allocated_gib": 7.100411891937256, "gpu_time_budget": null, "module": "model.layers.6.mlp.down_proj", "step": 3328}
{"stage": "sequential-round-coordinate", "pid": 113530, "time": 1789710075.6827438, "cuda_visible_devices": "2", "allocated_gib": 5.225467205047607, "reserved_gib": 8.228515625, "peak_allocated_gib": 7.100411891937256, "gpu_time_budget": null, "module": "model.layers.6.mlp.down_proj", "step": 3456}
{"stage": "sequential-round-coordinate", "pid": 113530, "time": 1789710076.3457959, "cuda_visible_devices": "2", "allocated_gib": 5.225467205047607, "reserved_gib": 8.228515625, "peak_allocated_gib": 7.100411891937256, "gpu_time_budget": null, "module": "model.layers.6.mlp.down_proj", "step": 3584}
{"stage": "sequential-round-coordinate", "pid": 113530, "time": 1789710077.0079772, "cuda_visible_devices": "2", "allocated_gib": 5.225467205047607, "reserved_gib": 8.228515625, "peak_allocated_gib": 7.100411891937256, "gpu_time_budget": null, "module": "model.layers.6.mlp.down_proj", "step": 3712}
{"stage": "sequential-round-coordinate", "pid": 113530, "time": 1789710077.652909, "cuda_visible_devices": "2", "allocated_gib": 5.225467205047607, "reserved_gib": 8.228515625, "peak_allocated_gib": 7.100411891937256, "gpu_time_budget": null, "module": "model.layers.6.mlp.down_proj", "step": 3840}
{"stage": "sequential-round-coordinate", "pid": 113530, "time": 1789710078.3152528, "cuda_visible_devices": "2", "allocated_gib": 5.225467205047607, "reserved_gib": 8.228515625, "peak_allocated_gib": 7.100411891937256, "gpu_time_budget": null, "module": "model.layers.6.mlp.down_proj", "step": 3968}
{"stage": "sequential-round-coordinate", "pid": 113530, "time": 1789710078.977589, "cuda_visible_devices": "2", "allocated_gib": 5.225467205047607, "reserved_gib": 8.228515625, "peak_allocated_gib": 7.100411891937256, "gpu_time_budget": null, "module": "model.layers.6.mlp.down_proj", "step": 4096}
{"stage": "sequential-round-coordinate", "pid": 113530, "time": 1789710079.6398327, "cuda_visible_devices": "2", "allocated_gib": 5.225467205047607, "reserved_gib": 8.228515625, "peak_allocated_gib": 7.100411891937256, "gpu_time_budget": null, "module": "model.layers.6.mlp.down_proj", "step": 4224}
{"stage": "sequential-round-coordinate", "pid": 113530, "time": 1789710080.3033783, "cuda_visible_devices": "2", "allocated_gib": 5.225467205047607, "reserved_gib": 8.228515625, "peak_allocated_gib": 7.100411891937256, "gpu_time_budget": null, "module": "model.layers.6.mlp.down_proj", "step": 4352}
{"stage": "sequential-round-coordinate", "pid": 113530, "time": 1789710080.9663708, "cuda_visible_devices": "2", "allocated_gib": 5.225467205047607, "reserved_gib": 8.228515625, "peak_allocated_gib": 7.100411891937256, "gpu_time_budget": null, "module": "model.layers.6.mlp.down_proj", "step": 4480}
{"stage": "sequential-round-coordinate", "pid": 113530, "time": 1789710081.6286628, "cuda_visible_devices": "2", "allocated_gib": 5.225467205047607, "reserved_gib": 8.228515625, "peak_allocated_gib": 7.100411891937256, "gpu_time_budget": null, "module": "model.layers.6.mlp.down_proj", "step": 4608}
{"stage": "sequential-round-coordinate", "pid": 113530, "time": 1789710082.2907696, "cuda_visible_devices": "2", "allocated_gib": 5.225467205047607, "reserved_gib": 8.228515625, "peak_allocated_gib": 7.100411891937256, "gpu_time_budget": null, "module": "model.layers.6.mlp.down_proj", "step": 4736}
{"stage": "sequential-round-coordinate", "pid": 113530, "time": 1789710082.9389672, "cuda_visible_devices": "2", "allocated_gib": 5.225467205047607, "reserved_gib": 8.228515625, "peak_allocated_gib": 7.100411891937256, "gpu_time_budget": null, "module": "model.layers.6.mlp.down_proj", "step": 4864}
{"stage": "sequential-round-coordinate", "pid": 113530, "time": 1789710083.6012526, "cuda_visible_devices": "2", "allocated_gib": 5.225467205047607, "reserved_gib": 8.228515625, "peak_allocated_gib": 7.100411891937256, "gpu_time_budget": null, "module": "model.layers.6.mlp.down_proj", "step": 4992}
{"stage": "sequential-round-coordinate", "pid": 113530, "time": 1789710084.2650843, "cuda_visible_devices": "2", "allocated_gib": 5.225467205047607, "reserved_gib": 8.228515625, "peak_allocated_gib": 7.100411891937256, "gpu_time_budget": null, "module": "model.layers.6.mlp.down_proj", "step": 5120}
{"stage": "sequential-round-coordinate", "pid": 113530, "time": 1789710084.9273436, "cuda_visible_devices": "2", "allocated_gib": 5.225467205047607, "reserved_gib": 8.228515625, "peak_allocated_gib": 7.100411891937256, "gpu_time_budget": null, "module": "model.layers.6.mlp.down_proj", "step": 5248}
{"stage": "sequential-round-coordinate", "pid": 113530, "time": 1789710085.5892832, "cuda_visible_devices": "2", "allocated_gib": 5.225467205047607, "reserved_gib": 8.228515625, "peak_allocated_gib": 7.100411891937256, "gpu_time_budget": null, "module": "model.layers.6.mlp.down_proj", "step": 5376}
{"stage": "sequential-round-coordinate", "pid": 113530, "time": 1789710086.2521331, "cuda_visible_devices": "2", "allocated_gib": 5.225467205047607, "reserved_gib": 8.228515625, "peak_allocated_gib": 7.100411891937256, "gpu_time_budget": null, "module": "model.layers.6.mlp.down_proj", "step": 5504}
{"stage": "sequential-round-coordinate", "pid": 113530, "time": 1789710086.9127886, "cuda_visible_devices": "2", "allocated_gib": 5.225467205047607, "reserved_gib": 8.228515625, "peak_allocated_gib": 7.100411891937256, "gpu_time_budget": null, "module": "model.layers.6.mlp.down_proj", "step": 5632}
{"stage": "sequential-round-coordinate", "pid": 113530, "time": 1789710087.5765805, "cuda_visible_devices": "2", "allocated_gib": 5.225467205047607, "reserved_gib": 8.228515625, "peak_allocated_gib": 7.100411891937256, "gpu_time_budget": null, "module": "model.layers.6.mlp.down_proj", "step": 5760}
{"stage": "sequential-round-coordinate", "pid": 113530, "time": 1789710088.2162082, "cuda_visible_devices": "2", "allocated_gib": 5.225467205047607, "reserved_gib": 8.228515625, "peak_allocated_gib": 7.100411891937256, "gpu_time_budget": null, "module": "model.layers.6.mlp.down_proj", "step": 5888}
{"stage": "sequential-round-coordinate", "pid": 113530, "time": 1789710088.767461, "cuda_visible_devices": "2", "allocated_gib": 5.225467205047607, "reserved_gib": 8.228515625, "peak_allocated_gib": 7.100411891937256, "gpu_time_budget": null, "module": "model.layers.6.mlp.down_proj", "step": 6016}
{"stage": "sequential-round-coordinate", "pid": 113530, "time": 1789710089.3171449, "cuda_visible_devices": "2", "allocated_gib": 5.225467205047607, "reserved_gib": 8.228515625, "peak_allocated_gib": 7.100411891937256, "gpu_time_budget": null, "module": "model.layers.6.mlp.down_proj", "step": 6144}
{"stage": "sequential-round-coordinate", "pid": 113530, "time": 1789710089.8682761, "cuda_visible_devices": "2", "allocated_gib": 5.225467205047607, "reserved_gib": 8.228515625, "peak_allocated_gib": 7.100411891937256, "gpu_time_budget": null, "module": "model.layers.6.mlp.down_proj", "step": 6272}
{"stage": "sequential-round-coordinate", "pid": 113530, "time": 1789710090.4179485, "cuda_visible_devices": "2", "allocated_gib": 5.225467205047607, "reserved_gib": 8.228515625, "peak_allocated_gib": 7.100411891937256, "gpu_time_budget": null, "module": "model.layers.6.mlp.down_proj", "step": 6400}
{"stage": "sequential-round-coordinate", "pid": 113530, "time": 1789710090.9714978, "cuda_visible_devices": "2", "allocated_gib": 5.225467205047607, "reserved_gib": 8.228515625, "peak_allocated_gib": 7.100411891937256, "gpu_time_budget": null, "module": "model.layers.6.mlp.down_proj", "step": 6528}
{"stage": "sequential-round-coordinate", "pid": 113530, "time": 1789710091.5211372, "cuda_visible_devices": "2", "allocated_gib": 5.225467205047607, "reserved_gib": 8.228515625, "peak_allocated_gib": 7.100411891937256, "gpu_time_budget": null, "module": "model.layers.6.mlp.down_proj", "step": 6656}
{"stage": "sequential-round-coordinate", "pid": 113530, "time": 1789710092.0365767, "cuda_visible_devices": "2", "allocated_gib": 5.225467205047607, "reserved_gib": 8.228515625, "peak_allocated_gib": 7.100411891937256, "gpu_time_budget": null, "module": "model.layers.6.mlp.down_proj", "step": 6784}
{"stage": "sequential-round-coordinate", "pid": 113530, "time": 1789710092.8850877, "cuda_visible_devices": "2", "allocated_gib": 5.225467205047607, "reserved_gib": 8.228515625, "peak_allocated_gib": 7.100411891937256, "gpu_time_budget": null, "module": "model.layers.6.mlp.down_proj", "step": 6912}
{"stage": "sequential-round-coordinate", "pid": 113530, "time": 1789710093.7731676, "cuda_visible_devices": "2", "allocated_gib": 5.225467205047607, "reserved_gib": 8.228515625, "peak_allocated_gib": 7.100411891937256, "gpu_time_budget": null, "module": "model.layers.6.mlp.down_proj", "step": 7040}
{"stage": "sequential-round-coordinate", "pid": 113530, "time": 1789710094.662014, "cuda_visible_devices": "2", "allocated_gib": 5.225467205047607, "reserved_gib": 8.228515625, "peak_allocated_gib": 7.100411891937256, "gpu_time_budget": null, "module": "model.layers.6.mlp.down_proj", "step": 7168}
{"stage": "sequential-round-coordinate", "pid": 113530, "time": 1789710095.5519612, "cuda_visible_devices": "2", "allocated_gib": 5.225467205047607, "reserved_gib": 8.228515625, "peak_allocated_gib": 7.100411891937256, "gpu_time_budget": null, "module": "model.layers.6.mlp.down_proj", "step": 7296}
{"stage": "sequential-round-coordinate", "pid": 113530, "time": 1789710096.4441748, "cuda_visible_devices": "2", "allocated_gib": 5.225467205047607, "reserved_gib": 8.228515625, "peak_allocated_gib": 7.100411891937256, "gpu_time_budget": null, "module": "model.layers.6.mlp.down_proj", "step": 7424}
{"stage": "sequential-round-coordinate", "pid": 113530, "time": 1789710097.3322115, "cuda_visible_devices": "2", "allocated_gib": 5.225467205047607, "reserved_gib": 8.228515625, "peak_allocated_gib": 7.100411891937256, "gpu_time_budget": null, "module": "model.layers.6.mlp.down_proj", "step": 7552}
{"stage": "sequential-round-coordinate", "pid": 113530, "time": 1789710098.2209322, "cuda_visible_devices": "2", "allocated_gib": 5.225467205047607, "reserved_gib": 8.228515625, "peak_allocated_gib": 7.100411891937256, "gpu_time_budget": null, "module": "model.layers.6.mlp.down_proj", "step": 7680}
{"stage": "sequential-round-coordinate", "pid": 113530, "time": 1789710099.1092482, "cuda_visible_devices": "2", "allocated_gib": 5.225467205047607, "reserved_gib": 8.228515625, "peak_allocated_gib": 7.100411891937256, "gpu_time_budget": null, "module": "model.layers.6.mlp.down_proj", "step": 7808}
{"stage": "sequential-round-coordinate", "pid": 113530, "time": 1789710099.9982376, "cuda_visible_devices": "2", "allocated_gib": 5.225467205047607, "reserved_gib": 8.228515625, "peak_allocated_gib": 7.100411891937256, "gpu_time_budget": null, "module": "model.layers.6.mlp.down_proj", "step": 7936}
{"stage": "sequential-round-coordinate", "pid": 113530, "time": 1789710100.884668, "cuda_visible_devices": "2", "allocated_gib": 5.225467205047607, "reserved_gib": 8.228515625, "peak_allocated_gib": 7.100411891937256, "gpu_time_budget": null, "module": "model.layers.6.mlp.down_proj", "step": 8064}
{"stage": "sequential-round-coordinate", "pid": 113530, "time": 1789710101.8485775, "cuda_visible_devices": "2", "allocated_gib": 5.225467205047607, "reserved_gib": 8.228515625, "peak_allocated_gib": 7.100411891937256, "gpu_time_budget": null, "module": "model.layers.6.mlp.down_proj", "step": 8192}
{"stage": "sequential-round-train-nll", "pid": 113530, "time": 1789710101.8953903, "cuda_visible_devices": "2", "allocated_gib": 3.7957167625427246, "reserved_gib": 3.80078125, "peak_allocated_gib": 7.100411891937256, "gpu_time_budget": null, "module": "model.layers.6.mlp.down_proj", "step": 512}
Evaluation segment 1/1: start=0, windows=8, seqlen=2048
{"stage": "sequential-round-train-nll", "pid": 113530, "time": 1789710106.9470313, "cuda_visible_devices": "2", "allocated_gib": 3.7957167625427246, "reserved_gib": 5.978515625, "peak_allocated_gib": 7.100411891937256, "gpu_time_budget": null, "module": "model.layers.6.mlp.down_proj", "step": 2048}
Evaluation segment 1/1: start=0, windows=8, seqlen=2048
{"stage": "sequential-round-train-nll", "pid": 113530, "time": 1789710111.977188, "cuda_visible_devices": "2", "allocated_gib": 3.7957167625427246, "reserved_gib": 5.978515625, "peak_allocated_gib": 7.100411891937256, "gpu_time_budget": null, "module": "model.layers.6.mlp.down_proj", "step": 8192}
Evaluation segment 1/1: start=0, windows=8, seqlen=2048
{"stage": "sequential-module-completed", "pid": 113530, "time": 1789710117.0581882, "cuda_visible_devices": "2", "allocated_gib": 3.7957167625427246, "reserved_gib": 5.978515625, "peak_allocated_gib": 7.100411891937256, "gpu_time_budget": null, "module": "model.layers.6.mlp.down_proj", "completed": 7, "total": 28, "selected_train_nll": 2.609132326367951, "elapsed_seconds": 467.4878261410631}
{"stage": "sequential-round-fit", "pid": 113530, "time": 1789710120.8396611, "cuda_visible_devices": "2", "allocated_gib": 3.7957167625427246, "reserved_gib": 5.978515625, "peak_allocated_gib": 7.100411891937256, "gpu_time_budget": null, "module": "model.layers.7.mlp.down_proj", "fit_rows": 49152, "heldout_rows": 16384}
{"stage": "sequential-round-coordinate", "pid": 113530, "time": 1789710122.0068078, "cuda_visible_devices": "2", "allocated_gib": 5.225467205047607, "reserved_gib": 8.228515625, "peak_allocated_gib": 7.100411891937256, "gpu_time_budget": null, "module": "model.layers.7.mlp.down_proj", "step": 128}
{"stage": "sequential-round-coordinate", "pid": 113530, "time": 1789710122.8925638, "cuda_visible_devices": "2", "allocated_gib": 5.225467205047607, "reserved_gib": 8.228515625, "peak_allocated_gib": 7.100411891937256, "gpu_time_budget": null, "module": "model.layers.7.mlp.down_proj", "step": 256}
{"stage": "sequential-round-coordinate", "pid": 113530, "time": 1789710123.781931, "cuda_visible_devices": "2", "allocated_gib": 5.225467205047607, "reserved_gib": 8.228515625, "peak_allocated_gib": 7.100411891937256, "gpu_time_budget": null, "module": "model.layers.7.mlp.down_proj", "step": 384}
{"stage": "sequential-round-coordinate", "pid": 113530, "time": 1789710124.7494278, "cuda_visible_devices": "2", "allocated_gib": 5.225467205047607, "reserved_gib": 8.228515625, "peak_allocated_gib": 7.100411891937256, "gpu_time_budget": null, "module": "model.layers.7.mlp.down_proj", "step": 512}
{"stage": "sequential-round-coordinate", "pid": 113530, "time": 1789710125.6365507, "cuda_visible_devices": "2", "allocated_gib": 5.225467205047607, "reserved_gib": 8.228515625, "peak_allocated_gib": 7.100411891937256, "gpu_time_budget": null, "module": "model.layers.7.mlp.down_proj", "step": 640}
{"stage": "sequential-round-coordinate", "pid": 113530, "time": 1789710126.5244708, "cuda_visible_devices": "2", "allocated_gib": 5.225467205047607, "reserved_gib": 8.228515625, "peak_allocated_gib": 7.100411891937256, "gpu_time_budget": null, "module": "model.layers.7.mlp.down_proj", "step": 768}
{"stage": "sequential-round-coordinate", "pid": 113530, "time": 1789710127.4160194, "cuda_visible_devices": "2", "allocated_gib": 5.225467205047607, "reserved_gib": 8.228515625, "peak_allocated_gib": 7.100411891937256, "gpu_time_budget": null, "module": "model.layers.7.mlp.down_proj", "step": 896}
{"stage": "sequential-round-coordinate", "pid": 113530, "time": 1789710128.304419, "cuda_visible_devices": "2", "allocated_gib": 5.225467205047607, "reserved_gib": 8.228515625, "peak_allocated_gib": 7.100411891937256, "gpu_time_budget": null, "module": "model.layers.7.mlp.down_proj", "step": 1024}
{"stage": "sequential-round-coordinate", "pid": 113530, "time": 1789710129.19295, "cuda_visible_devices": "2", "allocated_gib": 5.225467205047607, "reserved_gib": 8.228515625, "peak_allocated_gib": 7.100411891937256, "gpu_time_budget": null, "module": "model.layers.7.mlp.down_proj", "step": 1152}
{"stage": "sequential-round-coordinate", "pid": 113530, "time": 1789710130.0819712, "cuda_visible_devices": "2", "allocated_gib": 5.225467205047607, "reserved_gib": 8.228515625, "peak_allocated_gib": 7.100411891937256, "gpu_time_budget": null, "module": "model.layers.7.mlp.down_proj", "step": 1280}
{"stage": "sequential-round-coordinate", "pid": 113530, "time": 1789710130.9704375, "cuda_visible_devices": "2", "allocated_gib": 5.225467205047607, "reserved_gib": 8.228515625, "peak_allocated_gib": 7.100411891937256, "gpu_time_budget": null, "module": "model.layers.7.mlp.down_proj", "step": 1408}
{"stage": "sequential-round-coordinate", "pid": 113530, "time": 1789710131.8609233, "cuda_visible_devices": "2", "allocated_gib": 5.225467205047607, "reserved_gib": 8.228515625, "peak_allocated_gib": 7.100411891937256, "gpu_time_budget": null, "module": "model.layers.7.mlp.down_proj", "step": 1536}
{"stage": "sequential-round-coordinate", "pid": 113530, "time": 1789710132.7496243, "cuda_visible_devices": "2", "allocated_gib": 5.225467205047607, "reserved_gib": 8.228515625, "peak_allocated_gib": 7.100411891937256, "gpu_time_budget": null, "module": "model.layers.7.mlp.down_proj", "step": 1664}
{"stage": "sequential-round-coordinate", "pid": 113530, "time": 1789710133.6394105, "cuda_visible_devices": "2", "allocated_gib": 5.225467205047607, "reserved_gib": 8.228515625, "peak_allocated_gib": 7.100411891937256, "gpu_time_budget": null, "module": "model.layers.7.mlp.down_proj", "step": 1792}
{"stage": "sequential-round-coordinate", "pid": 113530, "time": 1789710134.5284486, "cuda_visible_devices": "2", "allocated_gib": 5.225467205047607, "reserved_gib": 8.228515625, "peak_allocated_gib": 7.100411891937256, "gpu_time_budget": null, "module": "model.layers.7.mlp.down_proj", "step": 1920}
{"stage": "sequential-round-coordinate", "pid": 113530, "time": 1789710135.4936798, "cuda_visible_devices": "2", "allocated_gib": 5.225467205047607, "reserved_gib": 8.228515625, "peak_allocated_gib": 7.100411891937256, "gpu_time_budget": null, "module": "model.layers.7.mlp.down_proj", "step": 2048}
{"stage": "sequential-round-coordinate", "pid": 113530, "time": 1789710136.3803658, "cuda_visible_devices": "2", "allocated_gib": 5.225467205047607, "reserved_gib": 8.228515625, "peak_allocated_gib": 7.100411891937256, "gpu_time_budget": null, "module": "model.layers.7.mlp.down_proj", "step": 2176}
{"stage": "sequential-round-coordinate", "pid": 113530, "time": 1789710137.2683597, "cuda_visible_devices": "2", "allocated_gib": 5.225467205047607, "reserved_gib": 8.228515625, "peak_allocated_gib": 7.100411891937256, "gpu_time_budget": null, "module": "model.layers.7.mlp.down_proj", "step": 2304}
{"stage": "sequential-round-coordinate", "pid": 113530, "time": 1789710138.1565897, "cuda_visible_devices": "2", "allocated_gib": 5.225467205047607, "reserved_gib": 8.228515625, "peak_allocated_gib": 7.100411891937256, "gpu_time_budget": null, "module": "model.layers.7.mlp.down_proj", "step": 2432}
{"stage": "sequential-round-coordinate", "pid": 113530, "time": 1789710139.0454056, "cuda_visible_devices": "2", "allocated_gib": 5.225467205047607, "reserved_gib": 8.228515625, "peak_allocated_gib": 7.100411891937256, "gpu_time_budget": null, "module": "model.layers.7.mlp.down_proj", "step": 2560}
{"stage": "sequential-round-coordinate", "pid": 113530, "time": 1789710139.934633, "cuda_visible_devices": "2", "allocated_gib": 5.225467205047607, "reserved_gib": 8.228515625, "peak_allocated_gib": 7.100411891937256, "gpu_time_budget": null, "module": "model.layers.7.mlp.down_proj", "step": 2688}
{"stage": "sequential-round-coordinate", "pid": 113530, "time": 1789710140.8153157, "cuda_visible_devices": "2", "allocated_gib": 5.225467205047607, "reserved_gib": 8.228515625, "peak_allocated_gib": 7.100411891937256, "gpu_time_budget": null, "module": "model.layers.7.mlp.down_proj", "step": 2816}
{"stage": "sequential-round-coordinate", "pid": 113530, "time": 1789710141.7010372, "cuda_visible_devices": "2", "allocated_gib": 5.225467205047607, "reserved_gib": 8.228515625, "peak_allocated_gib": 7.100411891937256, "gpu_time_budget": null, "module": "model.layers.7.mlp.down_proj", "step": 2944}
{"stage": "sequential-round-coordinate", "pid": 113530, "time": 1789710142.5906892, "cuda_visible_devices": "2", "allocated_gib": 5.225467205047607, "reserved_gib": 8.228515625, "peak_allocated_gib": 7.100411891937256, "gpu_time_budget": null, "module": "model.layers.7.mlp.down_proj", "step": 3072}
{"stage": "sequential-round-coordinate", "pid": 113530, "time": 1789710143.3600147, "cuda_visible_devices": "2", "allocated_gib": 5.225467205047607, "reserved_gib": 8.228515625, "peak_allocated_gib": 7.100411891937256, "gpu_time_budget": null, "module": "model.layers.7.mlp.down_proj", "step": 3200}
{"stage": "sequential-round-coordinate", "pid": 113530, "time": 1789710144.0221992, "cuda_visible_devices": "2", "allocated_gib": 5.225467205047607, "reserved_gib": 8.228515625, "peak_allocated_gib": 7.100411891937256, "gpu_time_budget": null, "module": "model.layers.7.mlp.down_proj", "step": 3328}
{"stage": "sequential-round-coordinate", "pid": 113530, "time": 1789710144.6842499, "cuda_visible_devices": "2", "allocated_gib": 5.225467205047607, "reserved_gib": 8.228515625, "peak_allocated_gib": 7.100411891937256, "gpu_time_budget": null, "module": "model.layers.7.mlp.down_proj", "step": 3456}
{"stage": "sequential-round-coordinate", "pid": 113530, "time": 1789710145.3475156, "cuda_visible_devices": "2", "allocated_gib": 5.225467205047607, "reserved_gib": 8.228515625, "peak_allocated_gib": 7.100411891937256, "gpu_time_budget": null, "module": "model.layers.7.mlp.down_proj", "step": 3584}
{"stage": "sequential-round-coordinate", "pid": 113530, "time": 1789710146.0096982, "cuda_visible_devices": "2", "allocated_gib": 5.225467205047607, "reserved_gib": 8.228515625, "peak_allocated_gib": 7.100411891937256, "gpu_time_budget": null, "module": "model.layers.7.mlp.down_proj", "step": 3712}
{"stage": "sequential-round-coordinate", "pid": 113530, "time": 1789710146.6727164, "cuda_visible_devices": "2", "allocated_gib": 5.225467205047607, "reserved_gib": 8.228515625, "peak_allocated_gib": 7.100411891937256, "gpu_time_budget": null, "module": "model.layers.7.mlp.down_proj", "step": 3840}
{"stage": "sequential-round-coordinate", "pid": 113530, "time": 1789710147.3354654, "cuda_visible_devices": "2", "allocated_gib": 5.225467205047607, "reserved_gib": 8.228515625, "peak_allocated_gib": 7.100411891937256, "gpu_time_budget": null, "module": "model.layers.7.mlp.down_proj", "step": 3968}
{"stage": "sequential-round-coordinate", "pid": 113530, "time": 1789710147.9978566, "cuda_visible_devices": "2", "allocated_gib": 5.225467205047607, "reserved_gib": 8.228515625, "peak_allocated_gib": 7.100411891937256, "gpu_time_budget": null, "module": "model.layers.7.mlp.down_proj", "step": 4096}
{"stage": "sequential-round-coordinate", "pid": 113530, "time": 1789710148.6473808, "cuda_visible_devices": "2", "allocated_gib": 5.225467205047607, "reserved_gib": 8.228515625, "peak_allocated_gib": 7.100411891937256, "gpu_time_budget": null, "module": "model.layers.7.mlp.down_proj", "step": 4224}
{"stage": "sequential-round-coordinate", "pid": 113530, "time": 1789710149.3095868, "cuda_visible_devices": "2", "allocated_gib": 5.225467205047607, "reserved_gib": 8.228515625, "peak_allocated_gib": 7.100411891937256, "gpu_time_budget": null, "module": "model.layers.7.mlp.down_proj", "step": 4352}
{"stage": "sequential-round-coordinate", "pid": 113530, "time": 1789710149.9727356, "cuda_visible_devices": "2", "allocated_gib": 5.225467205047607, "reserved_gib": 8.228515625, "peak_allocated_gib": 7.100411891937256, "gpu_time_budget": null, "module": "model.layers.7.mlp.down_proj", "step": 4480}
{"stage": "sequential-round-coordinate", "pid": 113530, "time": 1789710150.6345108, "cuda_visible_devices": "2", "allocated_gib": 5.225467205047607, "reserved_gib": 8.228515625, "peak_allocated_gib": 7.100411891937256, "gpu_time_budget": null, "module": "model.layers.7.mlp.down_proj", "step": 4608}
{"stage": "sequential-round-coordinate", "pid": 113530, "time": 1789710151.2961133, "cuda_visible_devices": "2", "allocated_gib": 5.225467205047607, "reserved_gib": 8.228515625, "peak_allocated_gib": 7.100411891937256, "gpu_time_budget": null, "module": "model.layers.7.mlp.down_proj", "step": 4736}
{"stage": "sequential-round-coordinate", "pid": 113530, "time": 1789710151.9590786, "cuda_visible_devices": "2", "allocated_gib": 5.225467205047607, "reserved_gib": 8.228515625, "peak_allocated_gib": 7.100411891937256, "gpu_time_budget": null, "module": "model.layers.7.mlp.down_proj", "step": 4864}
{"stage": "sequential-round-coordinate", "pid": 113530, "time": 1789710152.6206405, "cuda_visible_devices": "2", "allocated_gib": 5.225467205047607, "reserved_gib": 8.228515625, "peak_allocated_gib": 7.100411891937256, "gpu_time_budget": null, "module": "model.layers.7.mlp.down_proj", "step": 4992}
{"stage": "sequential-round-coordinate", "pid": 113530, "time": 1789710153.283714, "cuda_visible_devices": "2", "allocated_gib": 5.225467205047607, "reserved_gib": 8.228515625, "peak_allocated_gib": 7.100411891937256, "gpu_time_budget": null, "module": "model.layers.7.mlp.down_proj", "step": 5120}
{"stage": "sequential-round-coordinate", "pid": 113530, "time": 1789710153.923738, "cuda_visible_devices": "2", "allocated_gib": 5.225467205047607, "reserved_gib": 8.228515625, "peak_allocated_gib": 7.100411891937256, "gpu_time_budget": null, "module": "model.layers.7.mlp.down_proj", "step": 5248}
{"stage": "sequential-round-coordinate", "pid": 113530, "time": 1789710154.585096, "cuda_visible_devices": "2", "allocated_gib": 5.225467205047607, "reserved_gib": 8.228515625, "peak_allocated_gib": 7.100411891937256, "gpu_time_budget": null, "module": "model.layers.7.mlp.down_proj", "step": 5376}
{"stage": "sequential-round-coordinate", "pid": 113530, "time": 1789710155.247509, "cuda_visible_devices": "2", "allocated_gib": 5.225467205047607, "reserved_gib": 8.228515625, "peak_allocated_gib": 7.100411891937256, "gpu_time_budget": null, "module": "model.layers.7.mlp.down_proj", "step": 5504}
{"stage": "sequential-round-coordinate", "pid": 113530, "time": 1789710155.9101565, "cuda_visible_devices": "2", "allocated_gib": 5.225467205047607, "reserved_gib": 8.228515625, "peak_allocated_gib": 7.100411891937256, "gpu_time_budget": null, "module": "model.layers.7.mlp.down_proj", "step": 5632}
{"stage": "sequential-round-coordinate", "pid": 113530, "time": 1789710156.5722363, "cuda_visible_devices": "2", "allocated_gib": 5.225467205047607, "reserved_gib": 8.228515625, "peak_allocated_gib": 7.100411891937256, "gpu_time_budget": null, "module": "model.layers.7.mlp.down_proj", "step": 5760}
{"stage": "sequential-round-coordinate", "pid": 113530, "time": 1789710157.233959, "cuda_visible_devices": "2", "allocated_gib": 5.225467205047607, "reserved_gib": 8.228515625, "peak_allocated_gib": 7.100411891937256, "gpu_time_budget": null, "module": "model.layers.7.mlp.down_proj", "step": 5888}
{"stage": "sequential-round-coordinate", "pid": 113530, "time": 1789710157.8962884, "cuda_visible_devices": "2", "allocated_gib": 5.225467205047607, "reserved_gib": 8.228515625, "peak_allocated_gib": 7.100411891937256, "gpu_time_budget": null, "module": "model.layers.7.mlp.down_proj", "step": 6016}
{"stage": "sequential-round-coordinate", "pid": 113530, "time": 1789710158.5542855, "cuda_visible_devices": "2", "allocated_gib": 5.225467205047607, "reserved_gib": 8.228515625, "peak_allocated_gib": 7.100411891937256, "gpu_time_budget": null, "module": "model.layers.7.mlp.down_proj", "step": 6144}
{"stage": "sequential-round-coordinate", "pid": 113530, "time": 1789710159.1939633, "cuda_visible_devices": "2", "allocated_gib": 5.225467205047607, "reserved_gib": 8.228515625, "peak_allocated_gib": 7.100411891937256, "gpu_time_budget": null, "module": "model.layers.7.mlp.down_proj", "step": 6272}
{"stage": "sequential-round-coordinate", "pid": 113530, "time": 1789710159.7444367, "cuda_visible_devices": "2", "allocated_gib": 5.225467205047607, "reserved_gib": 8.228515625, "peak_allocated_gib": 7.100411891937256, "gpu_time_budget": null, "module": "model.layers.7.mlp.down_proj", "step": 6400}
{"stage": "sequential-round-coordinate", "pid": 113530, "time": 1789710160.2965705, "cuda_visible_devices": "2", "allocated_gib": 5.225467205047607, "reserved_gib": 8.228515625, "peak_allocated_gib": 7.100411891937256, "gpu_time_budget": null, "module": "model.layers.7.mlp.down_proj", "step": 6528}
{"stage": "sequential-round-coordinate", "pid": 113530, "time": 1789710160.8487737, "cuda_visible_devices": "2", "allocated_gib": 5.225467205047607, "reserved_gib": 8.228515625, "peak_allocated_gib": 7.100411891937256, "gpu_time_budget": null, "module": "model.layers.7.mlp.down_proj", "step": 6656}
{"stage": "sequential-round-coordinate", "pid": 113530, "time": 1789710161.4008062, "cuda_visible_devices": "2", "allocated_gib": 5.225467205047607, "reserved_gib": 8.228515625, "peak_allocated_gib": 7.100411891937256, "gpu_time_budget": null, "module": "model.layers.7.mlp.down_proj", "step": 6784}
{"stage": "sequential-round-coordinate", "pid": 113530, "time": 1789710161.953686, "cuda_visible_devices": "2", "allocated_gib": 5.225467205047607, "reserved_gib": 8.228515625, "peak_allocated_gib": 7.100411891937256, "gpu_time_budget": null, "module": "model.layers.7.mlp.down_proj", "step": 6912}
{"stage": "sequential-round-coordinate", "pid": 113530, "time": 1789710162.5060782, "cuda_visible_devices": "2", "allocated_gib": 5.225467205047607, "reserved_gib": 8.228515625, "peak_allocated_gib": 7.100411891937256, "gpu_time_budget": null, "module": "model.layers.7.mlp.down_proj", "step": 7040}
{"stage": "sequential-round-coordinate", "pid": 113530, "time": 1789710163.056451, "cuda_visible_devices": "2", "allocated_gib": 5.225467205047607, "reserved_gib": 8.228515625, "peak_allocated_gib": 7.100411891937256, "gpu_time_budget": null, "module": "model.layers.7.mlp.down_proj", "step": 7168}
{"stage": "sequential-round-coordinate", "pid": 113530, "time": 1789710163.5992348, "cuda_visible_devices": "2", "allocated_gib": 5.225467205047607, "reserved_gib": 8.228515625, "peak_allocated_gib": 7.100411891937256, "gpu_time_budget": null, "module": "model.layers.7.mlp.down_proj", "step": 7296}
{"stage": "sequential-round-coordinate", "pid": 113530, "time": 1789710164.2810094, "cuda_visible_devices": "2", "allocated_gib": 5.225467205047607, "reserved_gib": 8.228515625, "peak_allocated_gib": 7.100411891937256, "gpu_time_budget": null, "module": "model.layers.7.mlp.down_proj", "step": 7424}
{"stage": "sequential-round-coordinate", "pid": 113530, "time": 1789710165.1673477, "cuda_visible_devices": "2", "allocated_gib": 5.225467205047607, "reserved_gib": 8.228515625, "peak_allocated_gib": 7.100411891937256, "gpu_time_budget": null, "module": "model.layers.7.mlp.down_proj", "step": 7552}
{"stage": "sequential-round-coordinate", "pid": 113530, "time": 1789710166.0615807, "cuda_visible_devices": "2", "allocated_gib": 5.225467205047607, "reserved_gib": 8.228515625, "peak_allocated_gib": 7.100411891937256, "gpu_time_budget": null, "module": "model.layers.7.mlp.down_proj", "step": 7680}
{"stage": "sequential-round-coordinate", "pid": 113530, "time": 1789710166.9504774, "cuda_visible_devices": "2", "allocated_gib": 5.225467205047607, "reserved_gib": 8.228515625, "peak_allocated_gib": 7.100411891937256, "gpu_time_budget": null, "module": "model.layers.7.mlp.down_proj", "step": 7808}
{"stage": "sequential-round-coordinate", "pid": 113530, "time": 1789710167.8444827, "cuda_visible_devices": "2", "allocated_gib": 5.225467205047607, "reserved_gib": 8.228515625, "peak_allocated_gib": 7.100411891937256, "gpu_time_budget": null, "module": "model.layers.7.mlp.down_proj", "step": 7936}
{"stage": "sequential-round-coordinate", "pid": 113530, "time": 1789710168.7339177, "cuda_visible_devices": "2", "allocated_gib": 5.225467205047607, "reserved_gib": 8.228515625, "peak_allocated_gib": 7.100411891937256, "gpu_time_budget": null, "module": "model.layers.7.mlp.down_proj", "step": 8064}
{"stage": "sequential-round-coordinate", "pid": 113530, "time": 1789710169.7053404, "cuda_visible_devices": "2", "allocated_gib": 5.225467205047607, "reserved_gib": 8.228515625, "peak_allocated_gib": 7.100411891937256, "gpu_time_budget": null, "module": "model.layers.7.mlp.down_proj", "step": 8192}
{"stage": "sequential-round-train-nll", "pid": 113530, "time": 1789710169.7527745, "cuda_visible_devices": "2", "allocated_gib": 3.7957167625427246, "reserved_gib": 3.80078125, "peak_allocated_gib": 7.100411891937256, "gpu_time_budget": null, "module": "model.layers.7.mlp.down_proj", "step": 512}
Evaluation segment 1/1: start=0, windows=8, seqlen=2048
{"stage": "sequential-round-train-nll", "pid": 113530, "time": 1789710174.8270242, "cuda_visible_devices": "2", "allocated_gib": 3.7957167625427246, "reserved_gib": 5.978515625, "peak_allocated_gib": 7.100411891937256, "gpu_time_budget": null, "module": "model.layers.7.mlp.down_proj", "step": 2048}
Evaluation segment 1/1: start=0, windows=8, seqlen=2048
{"stage": "sequential-round-train-nll", "pid": 113530, "time": 1789710179.8874135, "cuda_visible_devices": "2", "allocated_gib": 3.7957167625427246, "reserved_gib": 5.978515625, "peak_allocated_gib": 7.100411891937256, "gpu_time_budget": null, "module": "model.layers.7.mlp.down_proj", "step": 8192}
Evaluation segment 1/1: start=0, windows=8, seqlen=2048
{"stage": "sequential-module-completed", "pid": 113530, "time": 1789710184.9625401, "cuda_visible_devices": "2", "allocated_gib": 3.7957167625427246, "reserved_gib": 5.978515625, "peak_allocated_gib": 7.100411891937256, "gpu_time_budget": null, "module": "model.layers.7.mlp.down_proj", "completed": 8, "total": 28, "selected_train_nll": 2.609132326367951, "elapsed_seconds": 535.3921688069822}
{"stage": "sequential-round-fit", "pid": 113530, "time": 1789710189.1843646, "cuda_visible_devices": "2", "allocated_gib": 3.7957167625427246, "reserved_gib": 5.978515625, "peak_allocated_gib": 7.100411891937256, "gpu_time_budget": null, "module": "model.layers.8.mlp.down_proj", "fit_rows": 49152, "heldout_rows": 16384}
{"stage": "sequential-round-coordinate", "pid": 113530, "time": 1789710190.3480945, "cuda_visible_devices": "2", "allocated_gib": 5.225467205047607, "reserved_gib": 8.228515625, "peak_allocated_gib": 7.100411891937256, "gpu_time_budget": null, "module": "model.layers.8.mlp.down_proj", "step": 128}
{"stage": "sequential-round-coordinate", "pid": 113530, "time": 1789710191.2361884, "cuda_visible_devices": "2", "allocated_gib": 5.225467205047607, "reserved_gib": 8.228515625, "peak_allocated_gib": 7.100411891937256, "gpu_time_budget": null, "module": "model.layers.8.mlp.down_proj", "step": 256}
{"stage": "sequential-round-coordinate", "pid": 113530, "time": 1789710192.1264505, "cuda_visible_devices": "2", "allocated_gib": 5.225467205047607, "reserved_gib": 8.228515625, "peak_allocated_gib": 7.100411891937256, "gpu_time_budget": null, "module": "model.layers.8.mlp.down_proj", "step": 384}
{"stage": "sequential-round-coordinate", "pid": 113530, "time": 1789710193.0940793, "cuda_visible_devices": "2", "allocated_gib": 5.225467205047607, "reserved_gib": 8.228515625, "peak_allocated_gib": 7.100411891937256, "gpu_time_budget": null, "module": "model.layers.8.mlp.down_proj", "step": 512}
{"stage": "sequential-round-coordinate", "pid": 113530, "time": 1789710193.9834957, "cuda_visible_devices": "2", "allocated_gib": 5.225467205047607, "reserved_gib": 8.228515625, "peak_allocated_gib": 7.100411891937256, "gpu_time_budget": null, "module": "model.layers.8.mlp.down_proj", "step": 640}
{"stage": "sequential-round-coordinate", "pid": 113530, "time": 1789710194.8738806, "cuda_visible_devices": "2", "allocated_gib": 5.225467205047607, "reserved_gib": 8.228515625, "peak_allocated_gib": 7.100411891937256, "gpu_time_budget": null, "module": "model.layers.8.mlp.down_proj", "step": 768}
{"stage": "sequential-round-coordinate", "pid": 113530, "time": 1789710195.76233, "cuda_visible_devices": "2", "allocated_gib": 5.225467205047607, "reserved_gib": 8.228515625, "peak_allocated_gib": 7.100411891937256, "gpu_time_budget": null, "module": "model.layers.8.mlp.down_proj", "step": 896}
{"stage": "sequential-round-coordinate", "pid": 113530, "time": 1789710196.6497192, "cuda_visible_devices": "2", "allocated_gib": 5.225467205047607, "reserved_gib": 8.228515625, "peak_allocated_gib": 7.100411891937256, "gpu_time_budget": null, "module": "model.layers.8.mlp.down_proj", "step": 1024}
{"stage": "sequential-round-coordinate", "pid": 113530, "time": 1789710197.5387146, "cuda_visible_devices": "2", "allocated_gib": 5.225467205047607, "reserved_gib": 8.228515625, "peak_allocated_gib": 7.100411891937256, "gpu_time_budget": null, "module": "model.layers.8.mlp.down_proj", "step": 1152}
{"stage": "sequential-round-coordinate", "pid": 113530, "time": 1789710198.4267137, "cuda_visible_devices": "2", "allocated_gib": 5.225467205047607, "reserved_gib": 8.228515625, "peak_allocated_gib": 7.100411891937256, "gpu_time_budget": null, "module": "model.layers.8.mlp.down_proj", "step": 1280}
{"stage": "sequential-round-coordinate", "pid": 113530, "time": 1789710199.3177507, "cuda_visible_devices": "2", "allocated_gib": 5.225467205047607, "reserved_gib": 8.228515625, "peak_allocated_gib": 7.100411891937256, "gpu_time_budget": null, "module": "model.layers.8.mlp.down_proj", "step": 1408}
{"stage": "sequential-round-coordinate", "pid": 113530, "time": 1789710200.206195, "cuda_visible_devices": "2", "allocated_gib": 5.225467205047607, "reserved_gib": 8.228515625, "peak_allocated_gib": 7.100411891937256, "gpu_time_budget": null, "module": "model.layers.8.mlp.down_proj", "step": 1536}
{"stage": "sequential-round-coordinate", "pid": 113530, "time": 1789710201.0964484, "cuda_visible_devices": "2", "allocated_gib": 5.225467205047607, "reserved_gib": 8.228515625, "peak_allocated_gib": 7.100411891937256, "gpu_time_budget": null, "module": "model.layers.8.mlp.down_proj", "step": 1664}
{"stage": "sequential-round-coordinate", "pid": 113530, "time": 1789710201.9866583, "cuda_visible_devices": "2", "allocated_gib": 5.225467205047607, "reserved_gib": 8.228515625, "peak_allocated_gib": 7.100411891937256, "gpu_time_budget": null, "module": "model.layers.8.mlp.down_proj", "step": 1792}
{"stage": "sequential-round-coordinate", "pid": 113530, "time": 1789710202.876442, "cuda_visible_devices": "2", "allocated_gib": 5.225467205047607, "reserved_gib": 8.228515625, "peak_allocated_gib": 7.100411891937256, "gpu_time_budget": null, "module": "model.layers.8.mlp.down_proj", "step": 1920}
{"stage": "sequential-round-coordinate", "pid": 113530, "time": 1789710203.843528, "cuda_visible_devices": "2", "allocated_gib": 5.225467205047607, "reserved_gib": 8.228515625, "peak_allocated_gib": 7.100411891937256, "gpu_time_budget": null, "module": "model.layers.8.mlp.down_proj", "step": 2048}
{"stage": "sequential-round-coordinate", "pid": 113530, "time": 1789710204.7310908, "cuda_visible_devices": "2", "allocated_gib": 5.225467205047607, "reserved_gib": 8.228515625, "peak_allocated_gib": 7.100411891937256, "gpu_time_budget": null, "module": "model.layers.8.mlp.down_proj", "step": 2176}
{"stage": "sequential-round-coordinate", "pid": 113530, "time": 1789710205.6196427, "cuda_visible_devices": "2", "allocated_gib": 5.225467205047607, "reserved_gib": 8.228515625, "peak_allocated_gib": 7.100411891937256, "gpu_time_budget": null, "module": "model.layers.8.mlp.down_proj", "step": 2304}
{"stage": "sequential-round-coordinate", "pid": 113530, "time": 1789710206.508842, "cuda_visible_devices": "2", "allocated_gib": 5.225467205047607, "reserved_gib": 8.228515625, "peak_allocated_gib": 7.100411891937256, "gpu_time_budget": null, "module": "model.layers.8.mlp.down_proj", "step": 2432}
{"stage": "sequential-round-coordinate", "pid": 113530, "time": 1789710207.3972301, "cuda_visible_devices": "2", "allocated_gib": 5.225467205047607, "reserved_gib": 8.228515625, "peak_allocated_gib": 7.100411891937256, "gpu_time_budget": null, "module": "model.layers.8.mlp.down_proj", "step": 2560}
{"stage": "sequential-round-coordinate", "pid": 113530, "time": 1789710208.2872407, "cuda_visible_devices": "2", "allocated_gib": 5.225467205047607, "reserved_gib": 8.228515625, "peak_allocated_gib": 7.100411891937256, "gpu_time_budget": null, "module": "model.layers.8.mlp.down_proj", "step": 2688}
{"stage": "sequential-round-coordinate", "pid": 113530, "time": 1789710209.1757414, "cuda_visible_devices": "2", "allocated_gib": 5.225467205047607, "reserved_gib": 8.228515625, "peak_allocated_gib": 7.100411891937256, "gpu_time_budget": null, "module": "model.layers.8.mlp.down_proj", "step": 2816}
{"stage": "sequential-round-coordinate", "pid": 113530, "time": 1789710210.0670073, "cuda_visible_devices": "2", "allocated_gib": 5.225467205047607, "reserved_gib": 8.228515625, "peak_allocated_gib": 7.100411891937256, "gpu_time_budget": null, "module": "model.layers.8.mlp.down_proj", "step": 2944}
{"stage": "sequential-round-coordinate", "pid": 113530, "time": 1789710210.952664, "cuda_visible_devices": "2", "allocated_gib": 5.225467205047607, "reserved_gib": 8.228515625, "peak_allocated_gib": 7.100411891937256, "gpu_time_budget": null, "module": "model.layers.8.mlp.down_proj", "step": 3072}
{"stage": "sequential-round-coordinate", "pid": 113530, "time": 1789710211.8382156, "cuda_visible_devices": "2", "allocated_gib": 5.225467205047607, "reserved_gib": 8.228515625, "peak_allocated_gib": 7.100411891937256, "gpu_time_budget": null, "module": "model.layers.8.mlp.down_proj", "step": 3200}
{"stage": "sequential-round-coordinate", "pid": 113530, "time": 1789710212.7293527, "cuda_visible_devices": "2", "allocated_gib": 5.225467205047607, "reserved_gib": 8.228515625, "peak_allocated_gib": 7.100411891937256, "gpu_time_budget": null, "module": "model.layers.8.mlp.down_proj", "step": 3328}
{"stage": "sequential-round-coordinate", "pid": 113530, "time": 1789710213.6176124, "cuda_visible_devices": "2", "allocated_gib": 5.225467205047607, "reserved_gib": 8.228515625, "peak_allocated_gib": 7.100411891937256, "gpu_time_budget": null, "module": "model.layers.8.mlp.down_proj", "step": 3456}
{"stage": "sequential-round-coordinate", "pid": 113530, "time": 1789710214.5030098, "cuda_visible_devices": "2", "allocated_gib": 5.225467205047607, "reserved_gib": 8.228515625, "peak_allocated_gib": 7.100411891937256, "gpu_time_budget": null, "module": "model.layers.8.mlp.down_proj", "step": 3584}
{"stage": "sequential-round-coordinate", "pid": 113530, "time": 1789710215.0944407, "cuda_visible_devices": "2", "allocated_gib": 5.225467205047607, "reserved_gib": 8.228515625, "peak_allocated_gib": 7.100411891937256, "gpu_time_budget": null, "module": "model.layers.8.mlp.down_proj", "step": 3712}
{"stage": "sequential-round-coordinate", "pid": 113530, "time": 1789710215.7567644, "cuda_visible_devices": "2", "allocated_gib": 5.225467205047607, "reserved_gib": 8.228515625, "peak_allocated_gib": 7.100411891937256, "gpu_time_budget": null, "module": "model.layers.8.mlp.down_proj", "step": 3840}
{"stage": "sequential-round-coordinate", "pid": 113530, "time": 1789710216.4195912, "cuda_visible_devices": "2", "allocated_gib": 5.225467205047607, "reserved_gib": 8.228515625, "peak_allocated_gib": 7.100411891937256, "gpu_time_budget": null, "module": "model.layers.8.mlp.down_proj", "step": 3968}
{"stage": "sequential-round-coordinate", "pid": 113530, "time": 1789710217.081576, "cuda_visible_devices": "2", "allocated_gib": 5.225467205047607, "reserved_gib": 8.228515625, "peak_allocated_gib": 7.100411891937256, "gpu_time_budget": null, "module": "model.layers.8.mlp.down_proj", "step": 4096}
{"stage": "sequential-round-coordinate", "pid": 113530, "time": 1789710217.74375, "cuda_visible_devices": "2", "allocated_gib": 5.225467205047607, "reserved_gib": 8.228515625, "peak_allocated_gib": 7.100411891937256, "gpu_time_budget": null, "module": "model.layers.8.mlp.down_proj", "step": 4224}
{"stage": "sequential-round-coordinate", "pid": 113530, "time": 1789710218.405995, "cuda_visible_devices": "2", "allocated_gib": 5.225467205047607, "reserved_gib": 8.228515625, "peak_allocated_gib": 7.100411891937256, "gpu_time_budget": null, "module": "model.layers.8.mlp.down_proj", "step": 4352}
{"stage": "sequential-round-coordinate", "pid": 113530, "time": 1789710219.067535, "cuda_visible_devices": "2", "allocated_gib": 5.225467205047607, "reserved_gib": 8.228515625, "peak_allocated_gib": 7.100411891937256, "gpu_time_budget": null, "module": "model.layers.8.mlp.down_proj", "step": 4480}
{"stage": "sequential-round-coordinate", "pid": 113530, "time": 1789710219.7286599, "cuda_visible_devices": "2", "allocated_gib": 5.225467205047607, "reserved_gib": 8.228515625, "peak_allocated_gib": 7.100411891937256, "gpu_time_budget": null, "module": "model.layers.8.mlp.down_proj", "step": 4608}
{"stage": "sequential-round-coordinate", "pid": 113530, "time": 1789710220.3714855, "cuda_visible_devices": "2", "allocated_gib": 5.225467205047607, "reserved_gib": 8.228515625, "peak_allocated_gib": 7.100411891937256, "gpu_time_budget": null, "module": "model.layers.8.mlp.down_proj", "step": 4736}
{"stage": "sequential-round-coordinate", "pid": 113530, "time": 1789710221.0349925, "cuda_visible_devices": "2", "allocated_gib": 5.225467205047607, "reserved_gib": 8.228515625, "peak_allocated_gib": 7.100411891937256, "gpu_time_budget": null, "module": "model.layers.8.mlp.down_proj", "step": 4864}
{"stage": "sequential-round-coordinate", "pid": 113530, "time": 1789710221.6970088, "cuda_visible_devices": "2", "allocated_gib": 5.225467205047607, "reserved_gib": 8.228515625, "peak_allocated_gib": 7.100411891937256, "gpu_time_budget": null, "module": "model.layers.8.mlp.down_proj", "step": 4992}
{"stage": "sequential-round-coordinate", "pid": 113530, "time": 1789710222.3594027, "cuda_visible_devices": "2", "allocated_gib": 5.225467205047607, "reserved_gib": 8.228515625, "peak_allocated_gib": 7.100411891937256, "gpu_time_budget": null, "module": "model.layers.8.mlp.down_proj", "step": 5120}
{"stage": "sequential-round-coordinate", "pid": 113530, "time": 1789710223.0211804, "cuda_visible_devices": "2", "allocated_gib": 5.225467205047607, "reserved_gib": 8.228515625, "peak_allocated_gib": 7.100411891937256, "gpu_time_budget": null, "module": "model.layers.8.mlp.down_proj", "step": 5248}
{"stage": "sequential-round-coordinate", "pid": 113530, "time": 1789710223.6842115, "cuda_visible_devices": "2", "allocated_gib": 5.225467205047607, "reserved_gib": 8.228515625, "peak_allocated_gib": 7.100411891937256, "gpu_time_budget": null, "module": "model.layers.8.mlp.down_proj", "step": 5376}
{"stage": "sequential-round-coordinate", "pid": 113530, "time": 1789710224.3479576, "cuda_visible_devices": "2", "allocated_gib": 5.225467205047607, "reserved_gib": 8.228515625, "peak_allocated_gib": 7.100411891937256, "gpu_time_budget": null, "module": "model.layers.8.mlp.down_proj", "step": 5504}
{"stage": "sequential-round-coordinate", "pid": 113530, "time": 1789710225.0108912, "cuda_visible_devices": "2", "allocated_gib": 5.225467205047607, "reserved_gib": 8.228515625, "peak_allocated_gib": 7.100411891937256, "gpu_time_budget": null, "module": "model.layers.8.mlp.down_proj", "step": 5632}
{"stage": "sequential-round-coordinate", "pid": 113530, "time": 1789710225.649018, "cuda_visible_devices": "2", "allocated_gib": 5.225467205047607, "reserved_gib": 8.228515625, "peak_allocated_gib": 7.100411891937256, "gpu_time_budget": null, "module": "model.layers.8.mlp.down_proj", "step": 5760}
{"stage": "sequential-round-coordinate", "pid": 113530, "time": 1789710226.3116906, "cuda_visible_devices": "2", "allocated_gib": 5.225467205047607, "reserved_gib": 8.228515625, "peak_allocated_gib": 7.100411891937256, "gpu_time_budget": null, "module": "model.layers.8.mlp.down_proj", "step": 5888}
{"stage": "sequential-round-coordinate", "pid": 113530, "time": 1789710226.9751675, "cuda_visible_devices": "2", "allocated_gib": 5.225467205047607, "reserved_gib": 8.228515625, "peak_allocated_gib": 7.100411891937256, "gpu_time_budget": null, "module": "model.layers.8.mlp.down_proj", "step": 6016}
{"stage": "sequential-round-coordinate", "pid": 113530, "time": 1789710227.6387634, "cuda_visible_devices": "2", "allocated_gib": 5.225467205047607, "reserved_gib": 8.228515625, "peak_allocated_gib": 7.100411891937256, "gpu_time_budget": null, "module": "model.layers.8.mlp.down_proj", "step": 6144}
{"stage": "sequential-round-coordinate", "pid": 113530, "time": 1789710228.3014781, "cuda_visible_devices": "2", "allocated_gib": 5.225467205047607, "reserved_gib": 8.228515625, "peak_allocated_gib": 7.100411891937256, "gpu_time_budget": null, "module": "model.layers.8.mlp.down_proj", "step": 6272}
{"stage": "sequential-round-coordinate", "pid": 113530, "time": 1789710228.963909, "cuda_visible_devices": "2", "allocated_gib": 5.225467205047607, "reserved_gib": 8.228515625, "peak_allocated_gib": 7.100411891937256, "gpu_time_budget": null, "module": "model.layers.8.mlp.down_proj", "step": 6400}
{"stage": "sequential-round-coordinate", "pid": 113530, "time": 1789710229.6274507, "cuda_visible_devices": "2", "allocated_gib": 5.225467205047607, "reserved_gib": 8.228515625, "peak_allocated_gib": 7.100411891937256, "gpu_time_budget": null, "module": "model.layers.8.mlp.down_proj", "step": 6528}
{"stage": "sequential-round-coordinate", "pid": 113530, "time": 1789710230.2905712, "cuda_visible_devices": "2", "allocated_gib": 5.225467205047607, "reserved_gib": 8.228515625, "peak_allocated_gib": 7.100411891937256, "gpu_time_budget": null, "module": "model.layers.8.mlp.down_proj", "step": 6656}
{"stage": "sequential-round-coordinate", "pid": 113530, "time": 1789710230.9224062, "cuda_visible_devices": "2", "allocated_gib": 5.225467205047607, "reserved_gib": 8.228515625, "peak_allocated_gib": 7.100411891937256, "gpu_time_budget": null, "module": "model.layers.8.mlp.down_proj", "step": 6784}
{"stage": "sequential-round-coordinate", "pid": 113530, "time": 1789710231.4739046, "cuda_visible_devices": "2", "allocated_gib": 5.225467205047607, "reserved_gib": 8.228515625, "peak_allocated_gib": 7.100411891937256, "gpu_time_budget": null, "module": "model.layers.8.mlp.down_proj", "step": 6912}
{"stage": "sequential-round-coordinate", "pid": 113530, "time": 1789710232.0265093, "cuda_visible_devices": "2", "allocated_gib": 5.225467205047607, "reserved_gib": 8.228515625, "peak_allocated_gib": 7.100411891937256, "gpu_time_budget": null, "module": "model.layers.8.mlp.down_proj", "step": 7040}
{"stage": "sequential-round-coordinate", "pid": 113530, "time": 1789710232.5786343, "cuda_visible_devices": "2", "allocated_gib": 5.225467205047607, "reserved_gib": 8.228515625, "peak_allocated_gib": 7.100411891937256, "gpu_time_budget": null, "module": "model.layers.8.mlp.down_proj", "step": 7168}
{"stage": "sequential-round-coordinate", "pid": 113530, "time": 1789710233.1522906, "cuda_visible_devices": "2", "allocated_gib": 5.225467205047607, "reserved_gib": 8.228515625, "peak_allocated_gib": 7.100411891937256, "gpu_time_budget": null, "module": "model.layers.8.mlp.down_proj", "step": 7296}
{"stage": "sequential-round-coordinate", "pid": 113530, "time": 1789710233.7033818, "cuda_visible_devices": "2", "allocated_gib": 5.225467205047607, "reserved_gib": 8.228515625, "peak_allocated_gib": 7.100411891937256, "gpu_time_budget": null, "module": "model.layers.8.mlp.down_proj", "step": 7424}
{"stage": "sequential-round-coordinate", "pid": 113530, "time": 1789710234.2563734, "cuda_visible_devices": "2", "allocated_gib": 5.225467205047607, "reserved_gib": 8.228515625, "peak_allocated_gib": 7.100411891937256, "gpu_time_budget": null, "module": "model.layers.8.mlp.down_proj", "step": 7552}
{"stage": "sequential-round-coordinate", "pid": 113530, "time": 1789710234.8047013, "cuda_visible_devices": "2", "allocated_gib": 5.225467205047607, "reserved_gib": 8.228515625, "peak_allocated_gib": 7.100411891937256, "gpu_time_budget": null, "module": "model.layers.8.mlp.down_proj", "step": 7680}
{"stage": "sequential-round-coordinate", "pid": 113530, "time": 1789710235.3542268, "cuda_visible_devices": "2", "allocated_gib": 5.225467205047607, "reserved_gib": 8.228515625, "peak_allocated_gib": 7.100411891937256, "gpu_time_budget": null, "module": "model.layers.8.mlp.down_proj", "step": 7808}
{"stage": "sequential-round-coordinate", "pid": 113530, "time": 1789710235.862151, "cuda_visible_devices": "2", "allocated_gib": 5.225467205047607, "reserved_gib": 8.228515625, "peak_allocated_gib": 7.100411891937256, "gpu_time_budget": null, "module": "model.layers.8.mlp.down_proj", "step": 7936}
{"stage": "sequential-round-coordinate", "pid": 113530, "time": 1789710236.7647815, "cuda_visible_devices": "2", "allocated_gib": 5.225467205047607, "reserved_gib": 8.228515625, "peak_allocated_gib": 7.100411891937256, "gpu_time_budget": null, "module": "model.layers.8.mlp.down_proj", "step": 8064}
{"stage": "sequential-round-coordinate", "pid": 113530, "time": 1789710237.7318578, "cuda_visible_devices": "2", "allocated_gib": 5.225467205047607, "reserved_gib": 8.228515625, "peak_allocated_gib": 7.100411891937256, "gpu_time_budget": null, "module": "model.layers.8.mlp.down_proj", "step": 8192}
{"stage": "sequential-round-train-nll", "pid": 113530, "time": 1789710237.7723045, "cuda_visible_devices": "2", "allocated_gib": 3.7957167625427246, "reserved_gib": 3.80078125, "peak_allocated_gib": 7.100411891937256, "gpu_time_budget": null, "module": "model.layers.8.mlp.down_proj", "step": 512}
Evaluation segment 1/1: start=0, windows=8, seqlen=2048
{"stage": "sequential-round-train-nll", "pid": 113530, "time": 1789710242.8543224, "cuda_visible_devices": "2", "allocated_gib": 3.7957167625427246, "reserved_gib": 5.978515625, "peak_allocated_gib": 7.100411891937256, "gpu_time_budget": null, "module": "model.layers.8.mlp.down_proj", "step": 2048}
Evaluation segment 1/1: start=0, windows=8, seqlen=2048
{"stage": "sequential-round-train-nll", "pid": 113530, "time": 1789710247.8691823, "cuda_visible_devices": "2", "allocated_gib": 3.7957167625427246, "reserved_gib": 5.978515625, "peak_allocated_gib": 7.100411891937256, "gpu_time_budget": null, "module": "model.layers.8.mlp.down_proj", "step": 8192}
Evaluation segment 1/1: start=0, windows=8, seqlen=2048
{"stage": "sequential-module-completed", "pid": 113530, "time": 1789710252.940829, "cuda_visible_devices": "2", "allocated_gib": 3.7957167625427246, "reserved_gib": 5.978515625, "peak_allocated_gib": 7.100411891937256, "gpu_time_budget": null, "module": "model.layers.8.mlp.down_proj", "completed": 9, "total": 28, "selected_train_nll": 2.609132326367951, "elapsed_seconds": 603.3704496290302}
{"stage": "sequential-round-fit", "pid": 113530, "time": 1789710257.7160232, "cuda_visible_devices": "2", "allocated_gib": 3.7957167625427246, "reserved_gib": 5.978515625, "peak_allocated_gib": 7.100411891937256, "gpu_time_budget": null, "module": "model.layers.9.mlp.down_proj", "fit_rows": 49152, "heldout_rows": 16384}
{"stage": "sequential-round-coordinate", "pid": 113530, "time": 1789710258.9289675, "cuda_visible_devices": "2", "allocated_gib": 5.225467205047607, "reserved_gib": 8.228515625, "peak_allocated_gib": 7.100411891937256, "gpu_time_budget": null, "module": "model.layers.9.mlp.down_proj", "step": 128}
{"stage": "sequential-round-coordinate", "pid": 113530, "time": 1789710259.8189209, "cuda_visible_devices": "2", "allocated_gib": 5.225467205047607, "reserved_gib": 8.228515625, "peak_allocated_gib": 7.100411891937256, "gpu_time_budget": null, "module": "model.layers.9.mlp.down_proj", "step": 256}
{"stage": "sequential-round-coordinate", "pid": 113530, "time": 1789710260.7049906, "cuda_visible_devices": "2", "allocated_gib": 5.225467205047607, "reserved_gib": 8.228515625, "peak_allocated_gib": 7.100411891937256, "gpu_time_budget": null, "module": "model.layers.9.mlp.down_proj", "step": 384}
{"stage": "sequential-round-coordinate", "pid": 113530, "time": 1789710261.6775467, "cuda_visible_devices": "2", "allocated_gib": 5.225467205047607, "reserved_gib": 8.228515625, "peak_allocated_gib": 7.100411891937256, "gpu_time_budget": null, "module": "model.layers.9.mlp.down_proj", "step": 512}
{"stage": "sequential-round-coordinate", "pid": 113530, "time": 1789710262.5677452, "cuda_visible_devices": "2", "allocated_gib": 5.225467205047607, "reserved_gib": 8.228515625, "peak_allocated_gib": 7.100411891937256, "gpu_time_budget": null, "module": "model.layers.9.mlp.down_proj", "step": 640}
{"stage": "sequential-round-coordinate", "pid": 113530, "time": 1789710263.4568303, "cuda_visible_devices": "2", "allocated_gib": 5.225467205047607, "reserved_gib": 8.228515625, "peak_allocated_gib": 7.100411891937256, "gpu_time_budget": null, "module": "model.layers.9.mlp.down_proj", "step": 768}
{"stage": "sequential-round-coordinate", "pid": 113530, "time": 1789710264.3446417, "cuda_visible_devices": "2", "allocated_gib": 5.225467205047607, "reserved_gib": 8.228515625, "peak_allocated_gib": 7.100411891937256, "gpu_time_budget": null, "module": "model.layers.9.mlp.down_proj", "step": 896}
{"stage": "sequential-round-coordinate", "pid": 113530, "time": 1789710265.2338276, "cuda_visible_devices": "2", "allocated_gib": 5.225467205047607, "reserved_gib": 8.228515625, "peak_allocated_gib": 7.100411891937256, "gpu_time_budget": null, "module": "model.layers.9.mlp.down_proj", "step": 1024}
{"stage": "sequential-round-coordinate", "pid": 113530, "time": 1789710266.1204264, "cuda_visible_devices": "2", "allocated_gib": 5.225467205047607, "reserved_gib": 8.228515625, "peak_allocated_gib": 7.100411891937256, "gpu_time_budget": null, "module": "model.layers.9.mlp.down_proj", "step": 1152}
{"stage": "sequential-round-coordinate", "pid": 113530, "time": 1789710267.0046265, "cuda_visible_devices": "2", "allocated_gib": 5.225467205047607, "reserved_gib": 8.228515625, "peak_allocated_gib": 7.100411891937256, "gpu_time_budget": null, "module": "model.layers.9.mlp.down_proj", "step": 1280}
{"stage": "sequential-round-coordinate", "pid": 113530, "time": 1789710267.893501, "cuda_visible_devices": "2", "allocated_gib": 5.225467205047607, "reserved_gib": 8.228515625, "peak_allocated_gib": 7.100411891937256, "gpu_time_budget": null, "module": "model.layers.9.mlp.down_proj", "step": 1408}
{"stage": "sequential-round-coordinate", "pid": 113530, "time": 1789710268.782616, "cuda_visible_devices": "2", "allocated_gib": 5.225467205047607, "reserved_gib": 8.228515625, "peak_allocated_gib": 7.100411891937256, "gpu_time_budget": null, "module": "model.layers.9.mlp.down_proj", "step": 1536}
{"stage": "sequential-round-coordinate", "pid": 113530, "time": 1789710269.67136, "cuda_visible_devices": "2", "allocated_gib": 5.225467205047607, "reserved_gib": 8.228515625, "peak_allocated_gib": 7.100411891937256, "gpu_time_budget": null, "module": "model.layers.9.mlp.down_proj", "step": 1664}
{"stage": "sequential-round-coordinate", "pid": 113530, "time": 1789710270.565252, "cuda_visible_devices": "2", "allocated_gib": 5.225467205047607, "reserved_gib": 8.228515625, "peak_allocated_gib": 7.100411891937256, "gpu_time_budget": null, "module": "model.layers.9.mlp.down_proj", "step": 1792}
{"stage": "sequential-round-coordinate", "pid": 113530, "time": 1789710271.4569027, "cuda_visible_devices": "2", "allocated_gib": 5.225467205047607, "reserved_gib": 8.228515625, "peak_allocated_gib": 7.100411891937256, "gpu_time_budget": null, "module": "model.layers.9.mlp.down_proj", "step": 1920}
{"stage": "sequential-round-coordinate", "pid": 113530, "time": 1789710272.4226232, "cuda_visible_devices": "2", "allocated_gib": 5.225467205047607, "reserved_gib": 8.228515625, "peak_allocated_gib": 7.100411891937256, "gpu_time_budget": null, "module": "model.layers.9.mlp.down_proj", "step": 2048}
{"stage": "sequential-round-coordinate", "pid": 113530, "time": 1789710273.3112712, "cuda_visible_devices": "2", "allocated_gib": 5.225467205047607, "reserved_gib": 8.228515625, "peak_allocated_gib": 7.100411891937256, "gpu_time_budget": null, "module": "model.layers.9.mlp.down_proj", "step": 2176}
{"stage": "sequential-round-coordinate", "pid": 113530, "time": 1789710274.2006927, "cuda_visible_devices": "2", "allocated_gib": 5.225467205047607, "reserved_gib": 8.228515625, "peak_allocated_gib": 7.100411891937256, "gpu_time_budget": null, "module": "model.layers.9.mlp.down_proj", "step": 2304}
{"stage": "sequential-round-coordinate", "pid": 113530, "time": 1789710275.0884182, "cuda_visible_devices": "2", "allocated_gib": 5.225467205047607, "reserved_gib": 8.228515625, "peak_allocated_gib": 7.100411891937256, "gpu_time_budget": null, "module": "model.layers.9.mlp.down_proj", "step": 2432}
{"stage": "sequential-round-coordinate", "pid": 113530, "time": 1789710275.9770265, "cuda_visible_devices": "2", "allocated_gib": 5.225467205047607, "reserved_gib": 8.228515625, "peak_allocated_gib": 7.100411891937256, "gpu_time_budget": null, "module": "model.layers.9.mlp.down_proj", "step": 2560}
{"stage": "sequential-round-coordinate", "pid": 113530, "time": 1789710276.871043, "cuda_visible_devices": "2", "allocated_gib": 5.225467205047607, "reserved_gib": 8.228515625, "peak_allocated_gib": 7.100411891937256, "gpu_time_budget": null, "module": "model.layers.9.mlp.down_proj", "step": 2688}
{"stage": "sequential-round-coordinate", "pid": 113530, "time": 1789710277.7585633, "cuda_visible_devices": "2", "allocated_gib": 5.225467205047607, "reserved_gib": 8.228515625, "peak_allocated_gib": 7.100411891937256, "gpu_time_budget": null, "module": "model.layers.9.mlp.down_proj", "step": 2816}
{"stage": "sequential-round-coordinate", "pid": 113530, "time": 1789710278.648542, "cuda_visible_devices": "2", "allocated_gib": 5.225467205047607, "reserved_gib": 8.228515625, "peak_allocated_gib": 7.100411891937256, "gpu_time_budget": null, "module": "model.layers.9.mlp.down_proj", "step": 2944}
{"stage": "sequential-round-coordinate", "pid": 113530, "time": 1789710279.5401268, "cuda_visible_devices": "2", "allocated_gib": 5.225467205047607, "reserved_gib": 8.228515625, "peak_allocated_gib": 7.100411891937256, "gpu_time_budget": null, "module": "model.layers.9.mlp.down_proj", "step": 3072}
{"stage": "sequential-round-coordinate", "pid": 113530, "time": 1789710280.4254537, "cuda_visible_devices": "2", "allocated_gib": 5.225467205047607, "reserved_gib": 8.228515625, "peak_allocated_gib": 7.100411891937256, "gpu_time_budget": null, "module": "model.layers.9.mlp.down_proj", "step": 3200}
{"stage": "sequential-round-coordinate", "pid": 113530, "time": 1789710281.31578, "cuda_visible_devices": "2", "allocated_gib": 5.225467205047607, "reserved_gib": 8.228515625, "peak_allocated_gib": 7.100411891937256, "gpu_time_budget": null, "module": "model.layers.9.mlp.down_proj", "step": 3328}
{"stage": "sequential-round-coordinate", "pid": 113530, "time": 1789710282.2073872, "cuda_visible_devices": "2", "allocated_gib": 5.225467205047607, "reserved_gib": 8.228515625, "peak_allocated_gib": 7.100411891937256, "gpu_time_budget": null, "module": "model.layers.9.mlp.down_proj", "step": 3456}
{"stage": "sequential-round-coordinate", "pid": 113530, "time": 1789710283.0975208, "cuda_visible_devices": "2", "allocated_gib": 5.225467205047607, "reserved_gib": 8.228515625, "peak_allocated_gib": 7.100411891937256, "gpu_time_budget": null, "module": "model.layers.9.mlp.down_proj", "step": 3584}
{"stage": "sequential-round-coordinate", "pid": 113530, "time": 1789710283.9858859, "cuda_visible_devices": "2", "allocated_gib": 5.225467205047607, "reserved_gib": 8.228515625, "peak_allocated_gib": 7.100411891937256, "gpu_time_budget": null, "module": "model.layers.9.mlp.down_proj", "step": 3712}
{"stage": "sequential-round-coordinate", "pid": 113530, "time": 1789710284.8744833, "cuda_visible_devices": "2", "allocated_gib": 5.225467205047607, "reserved_gib": 8.228515625, "peak_allocated_gib": 7.100411891937256, "gpu_time_budget": null, "module": "model.layers.9.mlp.down_proj", "step": 3840}
{"stage": "sequential-round-coordinate", "pid": 113530, "time": 1789710285.7659523, "cuda_visible_devices": "2", "allocated_gib": 5.225467205047607, "reserved_gib": 8.228515625, "peak_allocated_gib": 7.100411891937256, "gpu_time_budget": null, "module": "model.layers.9.mlp.down_proj", "step": 3968}
{"stage": "sequential-round-coordinate", "pid": 113530, "time": 1789710286.4900517, "cuda_visible_devices": "2", "allocated_gib": 5.225467205047607, "reserved_gib": 8.228515625, "peak_allocated_gib": 7.100411891937256, "gpu_time_budget": null, "module": "model.layers.9.mlp.down_proj", "step": 4096}
{"stage": "sequential-round-coordinate", "pid": 113530, "time": 1789710287.1016123, "cuda_visible_devices": "2", "allocated_gib": 5.225467205047607, "reserved_gib": 8.228515625, "peak_allocated_gib": 7.100411891937256, "gpu_time_budget": null, "module": "model.layers.9.mlp.down_proj", "step": 4224}
{"stage": "sequential-round-coordinate", "pid": 113530, "time": 1789710287.7751071, "cuda_visible_devices": "2", "allocated_gib": 5.225467205047607, "reserved_gib": 8.228515625, "peak_allocated_gib": 7.100411891937256, "gpu_time_budget": null, "module": "model.layers.9.mlp.down_proj", "step": 4352}
{"stage": "sequential-round-coordinate", "pid": 113530, "time": 1789710288.437935, "cuda_visible_devices": "2", "allocated_gib": 5.225467205047607, "reserved_gib": 8.228515625, "peak_allocated_gib": 7.100411891937256, "gpu_time_budget": null, "module": "model.layers.9.mlp.down_proj", "step": 4480}
{"stage": "sequential-round-coordinate", "pid": 113530, "time": 1789710289.1000793, "cuda_visible_devices": "2", "allocated_gib": 5.225467205047607, "reserved_gib": 8.228515625, "peak_allocated_gib": 7.100411891937256, "gpu_time_budget": null, "module": "model.layers.9.mlp.down_proj", "step": 4608}
{"stage": "sequential-round-coordinate", "pid": 113530, "time": 1789710289.7603402, "cuda_visible_devices": "2", "allocated_gib": 5.225467205047607, "reserved_gib": 8.228515625, "peak_allocated_gib": 7.100411891937256, "gpu_time_budget": null, "module": "model.layers.9.mlp.down_proj", "step": 4736}
{"stage": "sequential-round-coordinate", "pid": 113530, "time": 1789710290.419345, "cuda_visible_devices": "2", "allocated_gib": 5.225467205047607, "reserved_gib": 8.228515625, "peak_allocated_gib": 7.100411891937256, "gpu_time_budget": null, "module": "model.layers.9.mlp.down_proj", "step": 4864}
{"stage": "sequential-round-coordinate", "pid": 113530, "time": 1789710291.0793447, "cuda_visible_devices": "2", "allocated_gib": 5.225467205047607, "reserved_gib": 8.228515625, "peak_allocated_gib": 7.100411891937256, "gpu_time_budget": null, "module": "model.layers.9.mlp.down_proj", "step": 4992}
{"stage": "sequential-round-coordinate", "pid": 113530, "time": 1789710291.744531, "cuda_visible_devices": "2", "allocated_gib": 5.225467205047607, "reserved_gib": 8.228515625, "peak_allocated_gib": 7.100411891937256, "gpu_time_budget": null, "module": "model.layers.9.mlp.down_proj", "step": 5120}
{"stage": "sequential-round-coordinate", "pid": 113530, "time": 1789710292.3343947, "cuda_visible_devices": "2", "allocated_gib": 5.225467205047607, "reserved_gib": 8.228515625, "peak_allocated_gib": 7.100411891937256, "gpu_time_budget": null, "module": "model.layers.9.mlp.down_proj", "step": 5248}
{"stage": "sequential-round-coordinate", "pid": 113530, "time": 1789710292.994729, "cuda_visible_devices": "2", "allocated_gib": 5.225467205047607, "reserved_gib": 8.228515625, "peak_allocated_gib": 7.100411891937256, "gpu_time_budget": null, "module": "model.layers.9.mlp.down_proj", "step": 5376}
{"stage": "sequential-round-coordinate", "pid": 113530, "time": 1789710293.6572723, "cuda_visible_devices": "2", "allocated_gib": 5.225467205047607, "reserved_gib": 8.228515625, "peak_allocated_gib": 7.100411891937256, "gpu_time_budget": null, "module": "model.layers.9.mlp.down_proj", "step": 5504}
{"stage": "sequential-round-coordinate", "pid": 113530, "time": 1789710294.3170228, "cuda_visible_devices": "2", "allocated_gib": 5.225467205047607, "reserved_gib": 8.228515625, "peak_allocated_gib": 7.100411891937256, "gpu_time_budget": null, "module": "model.layers.9.mlp.down_proj", "step": 5632}
{"stage": "sequential-round-coordinate", "pid": 113530, "time": 1789710294.9773102, "cuda_visible_devices": "2", "allocated_gib": 5.225467205047607, "reserved_gib": 8.228515625, "peak_allocated_gib": 7.100411891937256, "gpu_time_budget": null, "module": "model.layers.9.mlp.down_proj", "step": 5760}
{"stage": "sequential-round-coordinate", "pid": 113530, "time": 1789710295.6354768, "cuda_visible_devices": "2", "allocated_gib": 5.225467205047607, "reserved_gib": 8.228515625, "peak_allocated_gib": 7.100411891937256, "gpu_time_budget": null, "module": "model.layers.9.mlp.down_proj", "step": 5888}
{"stage": "sequential-round-coordinate", "pid": 113530, "time": 1789710296.2984192, "cuda_visible_devices": "2", "allocated_gib": 5.225467205047607, "reserved_gib": 8.228515625, "peak_allocated_gib": 7.100411891937256, "gpu_time_budget": null, "module": "model.layers.9.mlp.down_proj", "step": 6016}
{"stage": "sequential-round-coordinate", "pid": 113530, "time": 1789710296.9603198, "cuda_visible_devices": "2", "allocated_gib": 5.225467205047607, "reserved_gib": 8.228515625, "peak_allocated_gib": 7.100411891937256, "gpu_time_budget": null, "module": "model.layers.9.mlp.down_proj", "step": 6144}
{"stage": "sequential-round-coordinate", "pid": 113530, "time": 1789710297.5791483, "cuda_visible_devices": "2", "allocated_gib": 5.225467205047607, "reserved_gib": 8.228515625, "peak_allocated_gib": 7.100411891937256, "gpu_time_budget": null, "module": "model.layers.9.mlp.down_proj", "step": 6272}
{"stage": "sequential-round-coordinate", "pid": 113530, "time": 1789710298.2412558, "cuda_visible_devices": "2", "allocated_gib": 5.225467205047607, "reserved_gib": 8.228515625, "peak_allocated_gib": 7.100411891937256, "gpu_time_budget": null, "module": "model.layers.9.mlp.down_proj", "step": 6400}
{"stage": "sequential-round-coordinate", "pid": 113530, "time": 1789710298.9039605, "cuda_visible_devices": "2", "allocated_gib": 5.225467205047607, "reserved_gib": 8.228515625, "peak_allocated_gib": 7.100411891937256, "gpu_time_budget": null, "module": "model.layers.9.mlp.down_proj", "step": 6528}
{"stage": "sequential-round-coordinate", "pid": 113530, "time": 1789710299.567051, "cuda_visible_devices": "2", "allocated_gib": 5.225467205047607, "reserved_gib": 8.228515625, "peak_allocated_gib": 7.100411891937256, "gpu_time_budget": null, "module": "model.layers.9.mlp.down_proj", "step": 6656}
{"stage": "sequential-round-coordinate", "pid": 113530, "time": 1789710300.2291014, "cuda_visible_devices": "2", "allocated_gib": 5.225467205047607, "reserved_gib": 8.228515625, "peak_allocated_gib": 7.100411891937256, "gpu_time_budget": null, "module": "model.layers.9.mlp.down_proj", "step": 6784}
{"stage": "sequential-round-coordinate", "pid": 113530, "time": 1789710300.891701, "cuda_visible_devices": "2", "allocated_gib": 5.225467205047607, "reserved_gib": 8.228515625, "peak_allocated_gib": 7.100411891937256, "gpu_time_budget": null, "module": "model.layers.9.mlp.down_proj", "step": 6912}
{"stage": "sequential-round-coordinate", "pid": 113530, "time": 1789710301.5528479, "cuda_visible_devices": "2", "allocated_gib": 5.225467205047607, "reserved_gib": 8.228515625, "peak_allocated_gib": 7.100411891937256, "gpu_time_budget": null, "module": "model.layers.9.mlp.down_proj", "step": 7040}
{"stage": "sequential-round-coordinate", "pid": 113530, "time": 1789710302.2129834, "cuda_visible_devices": "2", "allocated_gib": 5.225467205047607, "reserved_gib": 8.228515625, "peak_allocated_gib": 7.100411891937256, "gpu_time_budget": null, "module": "model.layers.9.mlp.down_proj", "step": 7168}
{"stage": "sequential-round-coordinate", "pid": 113530, "time": 1789710302.8129044, "cuda_visible_devices": "2", "allocated_gib": 5.225467205047607, "reserved_gib": 8.228515625, "peak_allocated_gib": 7.100411891937256, "gpu_time_budget": null, "module": "model.layers.9.mlp.down_proj", "step": 7296}
{"stage": "sequential-round-coordinate", "pid": 113530, "time": 1789710303.363816, "cuda_visible_devices": "2", "allocated_gib": 5.225467205047607, "reserved_gib": 8.228515625, "peak_allocated_gib": 7.100411891937256, "gpu_time_budget": null, "module": "model.layers.9.mlp.down_proj", "step": 7424}
{"stage": "sequential-round-coordinate", "pid": 113530, "time": 1789710303.9151602, "cuda_visible_devices": "2", "allocated_gib": 5.225467205047607, "reserved_gib": 8.228515625, "peak_allocated_gib": 7.100411891937256, "gpu_time_budget": null, "module": "model.layers.9.mlp.down_proj", "step": 7552}
{"stage": "sequential-round-coordinate", "pid": 113530, "time": 1789710304.4684856, "cuda_visible_devices": "2", "allocated_gib": 5.225467205047607, "reserved_gib": 8.228515625, "peak_allocated_gib": 7.100411891937256, "gpu_time_budget": null, "module": "model.layers.9.mlp.down_proj", "step": 7680}
{"stage": "sequential-round-coordinate", "pid": 113530, "time": 1789710305.0193524, "cuda_visible_devices": "2", "allocated_gib": 5.225467205047607, "reserved_gib": 8.228515625, "peak_allocated_gib": 7.100411891937256, "gpu_time_budget": null, "module": "model.layers.9.mlp.down_proj", "step": 7808}
{"stage": "sequential-round-coordinate", "pid": 113530, "time": 1789710305.5692039, "cuda_visible_devices": "2", "allocated_gib": 5.225467205047607, "reserved_gib": 8.228515625, "peak_allocated_gib": 7.100411891937256, "gpu_time_budget": null, "module": "model.layers.9.mlp.down_proj", "step": 7936}
{"stage": "sequential-round-coordinate", "pid": 113530, "time": 1789710306.1213684, "cuda_visible_devices": "2", "allocated_gib": 5.225467205047607, "reserved_gib": 8.228515625, "peak_allocated_gib": 7.100411891937256, "gpu_time_budget": null, "module": "model.layers.9.mlp.down_proj", "step": 8064}
{"stage": "sequential-round-coordinate", "pid": 113530, "time": 1789710306.7281523, "cuda_visible_devices": "2", "allocated_gib": 5.225467205047607, "reserved_gib": 8.228515625, "peak_allocated_gib": 7.100411891937256, "gpu_time_budget": null, "module": "model.layers.9.mlp.down_proj", "step": 8192}
{"stage": "sequential-round-train-nll", "pid": 113530, "time": 1789710306.7832062, "cuda_visible_devices": "2", "allocated_gib": 3.7957167625427246, "reserved_gib": 3.80078125, "peak_allocated_gib": 7.100411891937256, "gpu_time_budget": null, "module": "model.layers.9.mlp.down_proj", "step": 512}
Evaluation segment 1/1: start=0, windows=8, seqlen=2048
{"stage": "sequential-round-train-nll", "pid": 113530, "time": 1789710310.7633235, "cuda_visible_devices": "2", "allocated_gib": 3.7957167625427246, "reserved_gib": 5.978515625, "peak_allocated_gib": 7.100411891937256, "gpu_time_budget": null, "module": "model.layers.9.mlp.down_proj", "step": 2048}
Evaluation segment 1/1: start=0, windows=8, seqlen=2048
{"stage": "sequential-round-train-nll", "pid": 113530, "time": 1789710315.7805407, "cuda_visible_devices": "2", "allocated_gib": 3.7957167625427246, "reserved_gib": 5.978515625, "peak_allocated_gib": 7.100411891937256, "gpu_time_budget": null, "module": "model.layers.9.mlp.down_proj", "step": 8192}
Evaluation segment 1/1: start=0, windows=8, seqlen=2048
{"stage": "sequential-module-completed", "pid": 113530, "time": 1789710320.8774416, "cuda_visible_devices": "2", "allocated_gib": 3.7957167625427246, "reserved_gib": 5.978515625, "peak_allocated_gib": 7.100411891937256, "gpu_time_budget": null, "module": "model.layers.9.mlp.down_proj", "completed": 10, "total": 28, "selected_train_nll": 2.609132326367951, "elapsed_seconds": 671.3070796329994}
{"stage": "sequential-round-fit", "pid": 113530, "time": 1789710325.9532757, "cuda_visible_devices": "2", "allocated_gib": 3.7957167625427246, "reserved_gib": 5.978515625, "peak_allocated_gib": 7.100411891937256, "gpu_time_budget": null, "module": "model.layers.10.mlp.down_proj", "fit_rows": 49152, "heldout_rows": 16384}
{"stage": "sequential-round-coordinate", "pid": 113530, "time": 1789710327.1299124, "cuda_visible_devices": "2", "allocated_gib": 5.225467205047607, "reserved_gib": 8.228515625, "peak_allocated_gib": 7.100411891937256, "gpu_time_budget": null, "module": "model.layers.10.mlp.down_proj", "step": 128}
{"stage": "sequential-round-coordinate", "pid": 113530, "time": 1789710328.016142, "cuda_visible_devices": "2", "allocated_gib": 5.225467205047607, "reserved_gib": 8.228515625, "peak_allocated_gib": 7.100411891937256, "gpu_time_budget": null, "module": "model.layers.10.mlp.down_proj", "step": 256}
{"stage": "sequential-round-coordinate", "pid": 113530, "time": 1789710328.9070463, "cuda_visible_devices": "2", "allocated_gib": 5.225467205047607, "reserved_gib": 8.228515625, "peak_allocated_gib": 7.100411891937256, "gpu_time_budget": null, "module": "model.layers.10.mlp.down_proj", "step": 384}
{"stage": "sequential-round-coordinate", "pid": 113530, "time": 1789710329.875187, "cuda_visible_devices": "2", "allocated_gib": 5.225467205047607, "reserved_gib": 8.228515625, "peak_allocated_gib": 7.100411891937256, "gpu_time_budget": null, "module": "model.layers.10.mlp.down_proj", "step": 512}
{"stage": "sequential-round-coordinate", "pid": 113530, "time": 1789710330.763394, "cuda_visible_devices": "2", "allocated_gib": 5.225467205047607, "reserved_gib": 8.228515625, "peak_allocated_gib": 7.100411891937256, "gpu_time_budget": null, "module": "model.layers.10.mlp.down_proj", "step": 640}
{"stage": "sequential-round-coordinate", "pid": 113530, "time": 1789710331.652389, "cuda_visible_devices": "2", "allocated_gib": 5.225467205047607, "reserved_gib": 8.228515625, "peak_allocated_gib": 7.100411891937256, "gpu_time_budget": null, "module": "model.layers.10.mlp.down_proj", "step": 768}
{"stage": "sequential-round-coordinate", "pid": 113530, "time": 1789710332.5413768, "cuda_visible_devices": "2", "allocated_gib": 5.225467205047607, "reserved_gib": 8.228515625, "peak_allocated_gib": 7.100411891937256, "gpu_time_budget": null, "module": "model.layers.10.mlp.down_proj", "step": 896}
{"stage": "sequential-round-coordinate", "pid": 113530, "time": 1789710333.4305744, "cuda_visible_devices": "2", "allocated_gib": 5.225467205047607, "reserved_gib": 8.228515625, "peak_allocated_gib": 7.100411891937256, "gpu_time_budget": null, "module": "model.layers.10.mlp.down_proj", "step": 1024}
{"stage": "sequential-round-coordinate", "pid": 113530, "time": 1789710334.316119, "cuda_visible_devices": "2", "allocated_gib": 5.225467205047607, "reserved_gib": 8.228515625, "peak_allocated_gib": 7.100411891937256, "gpu_time_budget": null, "module": "model.layers.10.mlp.down_proj", "step": 1152}
{"stage": "sequential-round-coordinate", "pid": 113530, "time": 1789710335.2057066, "cuda_visible_devices": "2", "allocated_gib": 5.225467205047607, "reserved_gib": 8.228515625, "peak_allocated_gib": 7.100411891937256, "gpu_time_budget": null, "module": "model.layers.10.mlp.down_proj", "step": 1280}
{"stage": "sequential-round-coordinate", "pid": 113530, "time": 1789710336.0944302, "cuda_visible_devices": "2", "allocated_gib": 5.225467205047607, "reserved_gib": 8.228515625, "peak_allocated_gib": 7.100411891937256, "gpu_time_budget": null, "module": "model.layers.10.mlp.down_proj", "step": 1408}
{"stage": "sequential-round-coordinate", "pid": 113530, "time": 1789710336.9837184, "cuda_visible_devices": "2", "allocated_gib": 5.225467205047607, "reserved_gib": 8.228515625, "peak_allocated_gib": 7.100411891937256, "gpu_time_budget": null, "module": "model.layers.10.mlp.down_proj", "step": 1536}
{"stage": "sequential-round-coordinate", "pid": 113530, "time": 1789710337.8737447, "cuda_visible_devices": "2", "allocated_gib": 5.225467205047607, "reserved_gib": 8.228515625, "peak_allocated_gib": 7.100411891937256, "gpu_time_budget": null, "module": "model.layers.10.mlp.down_proj", "step": 1664}
{"stage": "sequential-round-coordinate", "pid": 113530, "time": 1789710338.7646005, "cuda_visible_devices": "2", "allocated_gib": 5.225467205047607, "reserved_gib": 8.228515625, "peak_allocated_gib": 7.100411891937256, "gpu_time_budget": null, "module": "model.layers.10.mlp.down_proj", "step": 1792}
{"stage": "sequential-round-coordinate", "pid": 113530, "time": 1789710339.657036, "cuda_visible_devices": "2", "allocated_gib": 5.225467205047607, "reserved_gib": 8.228515625, "peak_allocated_gib": 7.100411891937256, "gpu_time_budget": null, "module": "model.layers.10.mlp.down_proj", "step": 1920}
{"stage": "sequential-round-coordinate", "pid": 113530, "time": 1789710340.6303847, "cuda_visible_devices": "2", "allocated_gib": 5.225467205047607, "reserved_gib": 8.228515625, "peak_allocated_gib": 7.100411891937256, "gpu_time_budget": null, "module": "model.layers.10.mlp.down_proj", "step": 2048}
{"stage": "sequential-round-coordinate", "pid": 113530, "time": 1789710341.518708, "cuda_visible_devices": "2", "allocated_gib": 5.225467205047607, "reserved_gib": 8.228515625, "peak_allocated_gib": 7.100411891937256, "gpu_time_budget": null, "module": "model.layers.10.mlp.down_proj", "step": 2176}
{"stage": "sequential-round-coordinate", "pid": 113530, "time": 1789710342.4084804, "cuda_visible_devices": "2", "allocated_gib": 5.225467205047607, "reserved_gib": 8.228515625, "peak_allocated_gib": 7.100411891937256, "gpu_time_budget": null, "module": "model.layers.10.mlp.down_proj", "step": 2304}
{"stage": "sequential-round-coordinate", "pid": 113530, "time": 1789710343.299775, "cuda_visible_devices": "2", "allocated_gib": 5.225467205047607, "reserved_gib": 8.228515625, "peak_allocated_gib": 7.100411891937256, "gpu_time_budget": null, "module": "model.layers.10.mlp.down_proj", "step": 2432}
{"stage": "sequential-round-coordinate", "pid": 113530, "time": 1789710344.1883326, "cuda_visible_devices": "2", "allocated_gib": 5.225467205047607, "reserved_gib": 8.228515625, "peak_allocated_gib": 7.100411891937256, "gpu_time_budget": null, "module": "model.layers.10.mlp.down_proj", "step": 2560}
{"stage": "sequential-round-coordinate", "pid": 113530, "time": 1789710345.0767665, "cuda_visible_devices": "2", "allocated_gib": 5.225467205047607, "reserved_gib": 8.228515625, "peak_allocated_gib": 7.100411891937256, "gpu_time_budget": null, "module": "model.layers.10.mlp.down_proj", "step": 2688}
{"stage": "sequential-round-coordinate", "pid": 113530, "time": 1789710345.9659493, "cuda_visible_devices": "2", "allocated_gib": 5.225467205047607, "reserved_gib": 8.228515625, "peak_allocated_gib": 7.100411891937256, "gpu_time_budget": null, "module": "model.layers.10.mlp.down_proj", "step": 2816}
{"stage": "sequential-round-coordinate", "pid": 113530, "time": 1789710346.8558972, "cuda_visible_devices": "2", "allocated_gib": 5.225467205047607, "reserved_gib": 8.228515625, "peak_allocated_gib": 7.100411891937256, "gpu_time_budget": null, "module": "model.layers.10.mlp.down_proj", "step": 2944}
{"stage": "sequential-round-coordinate", "pid": 113530, "time": 1789710347.747582, "cuda_visible_devices": "2", "allocated_gib": 5.225467205047607, "reserved_gib": 8.228515625, "peak_allocated_gib": 7.100411891937256, "gpu_time_budget": null, "module": "model.layers.10.mlp.down_proj", "step": 3072}
{"stage": "sequential-round-coordinate", "pid": 113530, "time": 1789710348.6355114, "cuda_visible_devices": "2", "allocated_gib": 5.225467205047607, "reserved_gib": 8.228515625, "peak_allocated_gib": 7.100411891937256, "gpu_time_budget": null, "module": "model.layers.10.mlp.down_proj", "step": 3200}
{"stage": "sequential-round-coordinate", "pid": 113530, "time": 1789710349.525387, "cuda_visible_devices": "2", "allocated_gib": 5.225467205047607, "reserved_gib": 8.228515625, "peak_allocated_gib": 7.100411891937256, "gpu_time_budget": null, "module": "model.layers.10.mlp.down_proj", "step": 3328}
{"stage": "sequential-round-coordinate", "pid": 113530, "time": 1789710350.4153206, "cuda_visible_devices": "2", "allocated_gib": 5.225467205047607, "reserved_gib": 8.228515625, "peak_allocated_gib": 7.100411891937256, "gpu_time_budget": null, "module": "model.layers.10.mlp.down_proj", "step": 3456}
{"stage": "sequential-round-coordinate", "pid": 113530, "time": 1789710351.3041196, "cuda_visible_devices": "2", "allocated_gib": 5.225467205047607, "reserved_gib": 8.228515625, "peak_allocated_gib": 7.100411891937256, "gpu_time_budget": null, "module": "model.layers.10.mlp.down_proj", "step": 3584}
{"stage": "sequential-round-coordinate", "pid": 113530, "time": 1789710352.1925943, "cuda_visible_devices": "2", "allocated_gib": 5.225467205047607, "reserved_gib": 8.228515625, "peak_allocated_gib": 7.100411891937256, "gpu_time_budget": null, "module": "model.layers.10.mlp.down_proj", "step": 3712}
{"stage": "sequential-round-coordinate", "pid": 113530, "time": 1789710353.084695, "cuda_visible_devices": "2", "allocated_gib": 5.225467205047607, "reserved_gib": 8.228515625, "peak_allocated_gib": 7.100411891937256, "gpu_time_budget": null, "module": "model.layers.10.mlp.down_proj", "step": 3840}
{"stage": "sequential-round-coordinate", "pid": 113530, "time": 1789710353.9712887, "cuda_visible_devices": "2", "allocated_gib": 5.225467205047607, "reserved_gib": 8.228515625, "peak_allocated_gib": 7.100411891937256, "gpu_time_budget": null, "module": "model.layers.10.mlp.down_proj", "step": 3968}
{"stage": "sequential-round-coordinate", "pid": 113530, "time": 1789710354.8557687, "cuda_visible_devices": "2", "allocated_gib": 5.225467205047607, "reserved_gib": 8.228515625, "peak_allocated_gib": 7.100411891937256, "gpu_time_budget": null, "module": "model.layers.10.mlp.down_proj", "step": 4096}
{"stage": "sequential-round-coordinate", "pid": 113530, "time": 1789710355.7460196, "cuda_visible_devices": "2", "allocated_gib": 5.225467205047607, "reserved_gib": 8.228515625, "peak_allocated_gib": 7.100411891937256, "gpu_time_budget": null, "module": "model.layers.10.mlp.down_proj", "step": 4224}
{"stage": "sequential-round-coordinate", "pid": 113530, "time": 1789710356.6356227, "cuda_visible_devices": "2", "allocated_gib": 5.225467205047607, "reserved_gib": 8.228515625, "peak_allocated_gib": 7.100411891937256, "gpu_time_budget": null, "module": "model.layers.10.mlp.down_proj", "step": 4352}
{"stage": "sequential-round-coordinate", "pid": 113530, "time": 1789710357.52336, "cuda_visible_devices": "2", "allocated_gib": 5.225467205047607, "reserved_gib": 8.228515625, "peak_allocated_gib": 7.100411891937256, "gpu_time_budget": null, "module": "model.layers.10.mlp.down_proj", "step": 4480}
{"stage": "sequential-round-coordinate", "pid": 113530, "time": 1789710358.413719, "cuda_visible_devices": "2", "allocated_gib": 5.225467205047607, "reserved_gib": 8.228515625, "peak_allocated_gib": 7.100411891937256, "gpu_time_budget": null, "module": "model.layers.10.mlp.down_proj", "step": 4608}
{"stage": "sequential-round-coordinate", "pid": 113530, "time": 1789710359.1015422, "cuda_visible_devices": "2", "allocated_gib": 5.225467205047607, "reserved_gib": 8.228515625, "peak_allocated_gib": 7.100411891937256, "gpu_time_budget": null, "module": "model.layers.10.mlp.down_proj", "step": 4736}
{"stage": "sequential-round-coordinate", "pid": 113530, "time": 1789710359.7642674, "cuda_visible_devices": "2", "allocated_gib": 5.225467205047607, "reserved_gib": 8.228515625, "peak_allocated_gib": 7.100411891937256, "gpu_time_budget": null, "module": "model.layers.10.mlp.down_proj", "step": 4864}
{"stage": "sequential-round-coordinate", "pid": 113530, "time": 1789710360.4266655, "cuda_visible_devices": "2", "allocated_gib": 5.225467205047607, "reserved_gib": 8.228515625, "peak_allocated_gib": 7.100411891937256, "gpu_time_budget": null, "module": "model.layers.10.mlp.down_proj", "step": 4992}
{"stage": "sequential-round-coordinate", "pid": 113530, "time": 1789710361.0890098, "cuda_visible_devices": "2", "allocated_gib": 5.225467205047607, "reserved_gib": 8.228515625, "peak_allocated_gib": 7.100411891937256, "gpu_time_budget": null, "module": "model.layers.10.mlp.down_proj", "step": 5120}
{"stage": "sequential-round-coordinate", "pid": 113530, "time": 1789710361.7512472, "cuda_visible_devices": "2", "allocated_gib": 5.225467205047607, "reserved_gib": 8.228515625, "peak_allocated_gib": 7.100411891937256, "gpu_time_budget": null, "module": "model.layers.10.mlp.down_proj", "step": 5248}
{"stage": "sequential-round-coordinate", "pid": 113530, "time": 1789710362.4148736, "cuda_visible_devices": "2", "allocated_gib": 5.225467205047607, "reserved_gib": 8.228515625, "peak_allocated_gib": 7.100411891937256, "gpu_time_budget": null, "module": "model.layers.10.mlp.down_proj", "step": 5376}
{"stage": "sequential-round-coordinate", "pid": 113530, "time": 1789710363.0775156, "cuda_visible_devices": "2", "allocated_gib": 5.225467205047607, "reserved_gib": 8.228515625, "peak_allocated_gib": 7.100411891937256, "gpu_time_budget": null, "module": "model.layers.10.mlp.down_proj", "step": 5504}
{"stage": "sequential-round-coordinate", "pid": 113530, "time": 1789710363.740277, "cuda_visible_devices": "2", "allocated_gib": 5.225467205047607, "reserved_gib": 8.228515625, "peak_allocated_gib": 7.100411891937256, "gpu_time_budget": null, "module": "model.layers.10.mlp.down_proj", "step": 5632}
{"stage": "sequential-round-coordinate", "pid": 113530, "time": 1789710364.3890681, "cuda_visible_devices": "2", "allocated_gib": 5.225467205047607, "reserved_gib": 8.228515625, "peak_allocated_gib": 7.100411891937256, "gpu_time_budget": null, "module": "model.layers.10.mlp.down_proj", "step": 5760}
{"stage": "sequential-round-coordinate", "pid": 113530, "time": 1789710365.051764, "cuda_visible_devices": "2", "allocated_gib": 5.225467205047607, "reserved_gib": 8.228515625, "peak_allocated_gib": 7.100411891937256, "gpu_time_budget": null, "module": "model.layers.10.mlp.down_proj", "step": 5888}
{"stage": "sequential-round-coordinate", "pid": 113530, "time": 1789710365.7146857, "cuda_visible_devices": "2", "allocated_gib": 5.225467205047607, "reserved_gib": 8.228515625, "peak_allocated_gib": 7.100411891937256, "gpu_time_budget": null, "module": "model.layers.10.mlp.down_proj", "step": 6016}
{"stage": "sequential-round-coordinate", "pid": 113530, "time": 1789710366.3772645, "cuda_visible_devices": "2", "allocated_gib": 5.225467205047607, "reserved_gib": 8.228515625, "peak_allocated_gib": 7.100411891937256, "gpu_time_budget": null, "module": "model.layers.10.mlp.down_proj", "step": 6144}
{"stage": "sequential-round-coordinate", "pid": 113530, "time": 1789710367.0407183, "cuda_visible_devices": "2", "allocated_gib": 5.225467205047607, "reserved_gib": 8.228515625, "peak_allocated_gib": 7.100411891937256, "gpu_time_budget": null, "module": "model.layers.10.mlp.down_proj", "step": 6272}
{"stage": "sequential-round-coordinate", "pid": 113530, "time": 1789710367.706004, "cuda_visible_devices": "2", "allocated_gib": 5.225467205047607, "reserved_gib": 8.228515625, "peak_allocated_gib": 7.100411891937256, "gpu_time_budget": null, "module": "model.layers.10.mlp.down_proj", "step": 6400}
{"stage": "sequential-round-coordinate", "pid": 113530, "time": 1789710368.3684464, "cuda_visible_devices": "2", "allocated_gib": 5.225467205047607, "reserved_gib": 8.228515625, "peak_allocated_gib": 7.100411891937256, "gpu_time_budget": null, "module": "model.layers.10.mlp.down_proj", "step": 6528}
{"stage": "sequential-round-coordinate", "pid": 113530, "time": 1789710369.0318825, "cuda_visible_devices": "2", "allocated_gib": 5.225467205047607, "reserved_gib": 8.228515625, "peak_allocated_gib": 7.100411891937256, "gpu_time_budget": null, "module": "model.layers.10.mlp.down_proj", "step": 6656}
{"stage": "sequential-round-coordinate", "pid": 113530, "time": 1789710369.6806884, "cuda_visible_devices": "2", "allocated_gib": 5.225467205047607, "reserved_gib": 8.228515625, "peak_allocated_gib": 7.100411891937256, "gpu_time_budget": null, "module": "model.layers.10.mlp.down_proj", "step": 6784}
{"stage": "sequential-round-coordinate", "pid": 113530, "time": 1789710370.3435478, "cuda_visible_devices": "2", "allocated_gib": 5.225467205047607, "reserved_gib": 8.228515625, "peak_allocated_gib": 7.100411891937256, "gpu_time_budget": null, "module": "model.layers.10.mlp.down_proj", "step": 6912}
{"stage": "sequential-round-coordinate", "pid": 113530, "time": 1789710371.0063734, "cuda_visible_devices": "2", "allocated_gib": 5.225467205047607, "reserved_gib": 8.228515625, "peak_allocated_gib": 7.100411891937256, "gpu_time_budget": null, "module": "model.layers.10.mlp.down_proj", "step": 7040}
{"stage": "sequential-round-coordinate", "pid": 113530, "time": 1789710371.6688368, "cuda_visible_devices": "2", "allocated_gib": 5.225467205047607, "reserved_gib": 8.228515625, "peak_allocated_gib": 7.100411891937256, "gpu_time_budget": null, "module": "model.layers.10.mlp.down_proj", "step": 7168}
{"stage": "sequential-round-coordinate", "pid": 113530, "time": 1789710372.3314583, "cuda_visible_devices": "2", "allocated_gib": 5.225467205047607, "reserved_gib": 8.228515625, "peak_allocated_gib": 7.100411891937256, "gpu_time_budget": null, "module": "model.layers.10.mlp.down_proj", "step": 7296}
{"stage": "sequential-round-coordinate", "pid": 113530, "time": 1789710372.9944139, "cuda_visible_devices": "2", "allocated_gib": 5.225467205047607, "reserved_gib": 8.228515625, "peak_allocated_gib": 7.100411891937256, "gpu_time_budget": null, "module": "model.layers.10.mlp.down_proj", "step": 7424}
{"stage": "sequential-round-coordinate", "pid": 113530, "time": 1789710373.6586576, "cuda_visible_devices": "2", "allocated_gib": 5.225467205047607, "reserved_gib": 8.228515625, "peak_allocated_gib": 7.100411891937256, "gpu_time_budget": null, "module": "model.layers.10.mlp.down_proj", "step": 7552}
{"stage": "sequential-round-coordinate", "pid": 113530, "time": 1789710374.324706, "cuda_visible_devices": "2", "allocated_gib": 5.225467205047607, "reserved_gib": 8.228515625, "peak_allocated_gib": 7.100411891937256, "gpu_time_budget": null, "module": "model.layers.10.mlp.down_proj", "step": 7680}
{"stage": "sequential-round-coordinate", "pid": 113530, "time": 1789710374.9522536, "cuda_visible_devices": "2", "allocated_gib": 5.225467205047607, "reserved_gib": 8.228515625, "peak_allocated_gib": 7.100411891937256, "gpu_time_budget": null, "module": "model.layers.10.mlp.down_proj", "step": 7808}
{"stage": "sequential-round-coordinate", "pid": 113530, "time": 1789710375.5044043, "cuda_visible_devices": "2", "allocated_gib": 5.225467205047607, "reserved_gib": 8.228515625, "peak_allocated_gib": 7.100411891937256, "gpu_time_budget": null, "module": "model.layers.10.mlp.down_proj", "step": 7936}
{"stage": "sequential-round-coordinate", "pid": 113530, "time": 1789710376.0622323, "cuda_visible_devices": "2", "allocated_gib": 5.225467205047607, "reserved_gib": 8.228515625, "peak_allocated_gib": 7.100411891937256, "gpu_time_budget": null, "module": "model.layers.10.mlp.down_proj", "step": 8064}
{"stage": "sequential-round-coordinate", "pid": 113530, "time": 1789710376.670045, "cuda_visible_devices": "2", "allocated_gib": 5.225467205047607, "reserved_gib": 8.228515625, "peak_allocated_gib": 7.100411891937256, "gpu_time_budget": null, "module": "model.layers.10.mlp.down_proj", "step": 8192}
{"stage": "sequential-round-train-nll", "pid": 113530, "time": 1789710376.717636, "cuda_visible_devices": "2", "allocated_gib": 3.7957167625427246, "reserved_gib": 3.80078125, "peak_allocated_gib": 7.100411891937256, "gpu_time_budget": null, "module": "model.layers.10.mlp.down_proj", "step": 512}
Evaluation segment 1/1: start=0, windows=8, seqlen=2048
{"stage": "sequential-round-train-nll", "pid": 113530, "time": 1789710379.3277814, "cuda_visible_devices": "2", "allocated_gib": 3.7957167625427246, "reserved_gib": 5.978515625, "peak_allocated_gib": 7.100411891937256, "gpu_time_budget": null, "module": "model.layers.10.mlp.down_proj", "step": 2048}
Evaluation segment 1/1: start=0, windows=8, seqlen=2048
{"stage": "sequential-round-train-nll", "pid": 113530, "time": 1789710384.3824286, "cuda_visible_devices": "2", "allocated_gib": 3.7957167625427246, "reserved_gib": 5.978515625, "peak_allocated_gib": 7.100411891937256, "gpu_time_budget": null, "module": "model.layers.10.mlp.down_proj", "step": 8192}
Evaluation segment 1/1: start=0, windows=8, seqlen=2048
{"stage": "sequential-module-completed", "pid": 113530, "time": 1789710389.5198298, "cuda_visible_devices": "2", "allocated_gib": 3.7957167625427246, "reserved_gib": 5.978515625, "peak_allocated_gib": 7.100411891937256, "gpu_time_budget": null, "module": "model.layers.10.mlp.down_proj", "completed": 11, "total": 28, "selected_train_nll": 2.609132326367951, "elapsed_seconds": 739.9494589780224}
{"stage": "sequential-round-fit", "pid": 113530, "time": 1789710395.1097863, "cuda_visible_devices": "2", "allocated_gib": 3.7957167625427246, "reserved_gib": 5.978515625, "peak_allocated_gib": 7.100411891937256, "gpu_time_budget": null, "module": "model.layers.11.mlp.down_proj", "fit_rows": 49152, "heldout_rows": 16384}
{"stage": "sequential-round-coordinate", "pid": 113530, "time": 1789710396.3181214, "cuda_visible_devices": "2", "allocated_gib": 5.225467205047607, "reserved_gib": 8.228515625, "peak_allocated_gib": 7.100411891937256, "gpu_time_budget": null, "module": "model.layers.11.mlp.down_proj", "step": 128}
{"stage": "sequential-round-coordinate", "pid": 113530, "time": 1789710397.2041087, "cuda_visible_devices": "2", "allocated_gib": 5.225467205047607, "reserved_gib": 8.228515625, "peak_allocated_gib": 7.100411891937256, "gpu_time_budget": null, "module": "model.layers.11.mlp.down_proj", "step": 256}
{"stage": "sequential-round-coordinate", "pid": 113530, "time": 1789710398.0910046, "cuda_visible_devices": "2", "allocated_gib": 5.225467205047607, "reserved_gib": 8.228515625, "peak_allocated_gib": 7.100411891937256, "gpu_time_budget": null, "module": "model.layers.11.mlp.down_proj", "step": 384}
{"stage": "sequential-round-coordinate", "pid": 113530, "time": 1789710399.0588999, "cuda_visible_devices": "2", "allocated_gib": 5.225467205047607, "reserved_gib": 8.228515625, "peak_allocated_gib": 7.100411891937256, "gpu_time_budget": null, "module": "model.layers.11.mlp.down_proj", "step": 512}
{"stage": "sequential-round-coordinate", "pid": 113530, "time": 1789710399.9432461, "cuda_visible_devices": "2", "allocated_gib": 5.225467205047607, "reserved_gib": 8.228515625, "peak_allocated_gib": 7.100411891937256, "gpu_time_budget": null, "module": "model.layers.11.mlp.down_proj", "step": 640}
{"stage": "sequential-round-coordinate", "pid": 113530, "time": 1789710400.8263206, "cuda_visible_devices": "2", "allocated_gib": 5.225467205047607, "reserved_gib": 8.228515625, "peak_allocated_gib": 7.100411891937256, "gpu_time_budget": null, "module": "model.layers.11.mlp.down_proj", "step": 768}
{"stage": "sequential-round-coordinate", "pid": 113530, "time": 1789710401.716317, "cuda_visible_devices": "2", "allocated_gib": 5.225467205047607, "reserved_gib": 8.228515625, "peak_allocated_gib": 7.100411891937256, "gpu_time_budget": null, "module": "model.layers.11.mlp.down_proj", "step": 896}
{"stage": "sequential-round-coordinate", "pid": 113530, "time": 1789710402.603251, "cuda_visible_devices": "2", "allocated_gib": 5.225467205047607, "reserved_gib": 8.228515625, "peak_allocated_gib": 7.100411891937256, "gpu_time_budget": null, "module": "model.layers.11.mlp.down_proj", "step": 1024}
{"stage": "sequential-round-coordinate", "pid": 113530, "time": 1789710403.4929464, "cuda_visible_devices": "2", "allocated_gib": 5.225467205047607, "reserved_gib": 8.228515625, "peak_allocated_gib": 7.100411891937256, "gpu_time_budget": null, "module": "model.layers.11.mlp.down_proj", "step": 1152}
{"stage": "sequential-round-coordinate", "pid": 113530, "time": 1789710404.383007, "cuda_visible_devices": "2", "allocated_gib": 5.225467205047607, "reserved_gib": 8.228515625, "peak_allocated_gib": 7.100411891937256, "gpu_time_budget": null, "module": "model.layers.11.mlp.down_proj", "step": 1280}
{"stage": "sequential-round-coordinate", "pid": 113530, "time": 1789710405.2717016, "cuda_visible_devices": "2", "allocated_gib": 5.225467205047607, "reserved_gib": 8.228515625, "peak_allocated_gib": 7.100411891937256, "gpu_time_budget": null, "module": "model.layers.11.mlp.down_proj", "step": 1408}
{"stage": "sequential-round-coordinate", "pid": 113530, "time": 1789710406.1597822, "cuda_visible_devices": "2", "allocated_gib": 5.225467205047607, "reserved_gib": 8.228515625, "peak_allocated_gib": 7.100411891937256, "gpu_time_budget": null, "module": "model.layers.11.mlp.down_proj", "step": 1536}
{"stage": "sequential-round-coordinate", "pid": 113530, "time": 1789710407.0492506, "cuda_visible_devices": "2", "allocated_gib": 5.225467205047607, "reserved_gib": 8.228515625, "peak_allocated_gib": 7.100411891937256, "gpu_time_budget": null, "module": "model.layers.11.mlp.down_proj", "step": 1664}
{"stage": "sequential-round-coordinate", "pid": 113530, "time": 1789710407.9404328, "cuda_visible_devices": "2", "allocated_gib": 5.225467205047607, "reserved_gib": 8.228515625, "peak_allocated_gib": 7.100411891937256, "gpu_time_budget": null, "module": "model.layers.11.mlp.down_proj", "step": 1792}
{"stage": "sequential-round-coordinate", "pid": 113530, "time": 1789710408.8294477, "cuda_visible_devices": "2", "allocated_gib": 5.225467205047607, "reserved_gib": 8.228515625, "peak_allocated_gib": 7.100411891937256, "gpu_time_budget": null, "module": "model.layers.11.mlp.down_proj", "step": 1920}
{"stage": "sequential-round-coordinate", "pid": 113530, "time": 1789710409.798672, "cuda_visible_devices": "2", "allocated_gib": 5.225467205047607, "reserved_gib": 8.228515625, "peak_allocated_gib": 7.100411891937256, "gpu_time_budget": null, "module": "model.layers.11.mlp.down_proj", "step": 2048}
{"stage": "sequential-round-coordinate", "pid": 113530, "time": 1789710410.6834805, "cuda_visible_devices": "2", "allocated_gib": 5.225467205047607, "reserved_gib": 8.228515625, "peak_allocated_gib": 7.100411891937256, "gpu_time_budget": null, "module": "model.layers.11.mlp.down_proj", "step": 2176}
{"stage": "sequential-round-coordinate", "pid": 113530, "time": 1789710411.5706959, "cuda_visible_devices": "2", "allocated_gib": 5.225467205047607, "reserved_gib": 8.228515625, "peak_allocated_gib": 7.100411891937256, "gpu_time_budget": null, "module": "model.layers.11.mlp.down_proj", "step": 2304}
{"stage": "sequential-round-coordinate", "pid": 113530, "time": 1789710412.459862, "cuda_visible_devices": "2", "allocated_gib": 5.225467205047607, "reserved_gib": 8.228515625, "peak_allocated_gib": 7.100411891937256, "gpu_time_budget": null, "module": "model.layers.11.mlp.down_proj", "step": 2432}
{"stage": "sequential-round-coordinate", "pid": 113530, "time": 1789710413.3486302, "cuda_visible_devices": "2", "allocated_gib": 5.225467205047607, "reserved_gib": 8.228515625, "peak_allocated_gib": 7.100411891937256, "gpu_time_budget": null, "module": "model.layers.11.mlp.down_proj", "step": 2560}
{"stage": "sequential-round-coordinate", "pid": 113530, "time": 1789710414.2358174, "cuda_visible_devices": "2", "allocated_gib": 5.225467205047607, "reserved_gib": 8.228515625, "peak_allocated_gib": 7.100411891937256, "gpu_time_budget": null, "module": "model.layers.11.mlp.down_proj", "step": 2688}
{"stage": "sequential-round-coordinate", "pid": 113530, "time": 1789710415.1215858, "cuda_visible_devices": "2", "allocated_gib": 5.225467205047607, "reserved_gib": 8.228515625, "peak_allocated_gib": 7.100411891937256, "gpu_time_budget": null, "module": "model.layers.11.mlp.down_proj", "step": 2816}
{"stage": "sequential-round-coordinate", "pid": 113530, "time": 1789710416.009274, "cuda_visible_devices": "2", "allocated_gib": 5.225467205047607, "reserved_gib": 8.228515625, "peak_allocated_gib": 7.100411891937256, "gpu_time_budget": null, "module": "model.layers.11.mlp.down_proj", "step": 2944}
{"stage": "sequential-round-coordinate", "pid": 113530, "time": 1789710416.898787, "cuda_visible_devices": "2", "allocated_gib": 5.225467205047607, "reserved_gib": 8.228515625, "peak_allocated_gib": 7.100411891937256, "gpu_time_budget": null, "module": "model.layers.11.mlp.down_proj", "step": 3072}
{"stage": "sequential-round-coordinate", "pid": 113530, "time": 1789710417.7874181, "cuda_visible_devices": "2", "allocated_gib": 5.225467205047607, "reserved_gib": 8.228515625, "peak_allocated_gib": 7.100411891937256, "gpu_time_budget": null, "module": "model.layers.11.mlp.down_proj", "step": 3200}
{"stage": "sequential-round-coordinate", "pid": 113530, "time": 1789710418.6766782, "cuda_visible_devices": "2", "allocated_gib": 5.225467205047607, "reserved_gib": 8.228515625, "peak_allocated_gib": 7.100411891937256, "gpu_time_budget": null, "module": "model.layers.11.mlp.down_proj", "step": 3328}
{"stage": "sequential-round-coordinate", "pid": 113530, "time": 1789710419.5673192, "cuda_visible_devices": "2", "allocated_gib": 5.225467205047607, "reserved_gib": 8.228515625, "peak_allocated_gib": 7.100411891937256, "gpu_time_budget": null, "module": "model.layers.11.mlp.down_proj", "step": 3456}
{"stage": "sequential-round-coordinate", "pid": 113530, "time": 1789710420.454496, "cuda_visible_devices": "2", "allocated_gib": 5.225467205047607, "reserved_gib": 8.228515625, "peak_allocated_gib": 7.100411891937256, "gpu_time_budget": null, "module": "model.layers.11.mlp.down_proj", "step": 3584}
{"stage": "sequential-round-coordinate", "pid": 113530, "time": 1789710421.3450394, "cuda_visible_devices": "2", "allocated_gib": 5.225467205047607, "reserved_gib": 8.228515625, "peak_allocated_gib": 7.100411891937256, "gpu_time_budget": null, "module": "model.layers.11.mlp.down_proj", "step": 3712}
{"stage": "sequential-round-coordinate", "pid": 113530, "time": 1789710422.232033, "cuda_visible_devices": "2", "allocated_gib": 5.225467205047607, "reserved_gib": 8.228515625, "peak_allocated_gib": 7.100411891937256, "gpu_time_budget": null, "module": "model.layers.11.mlp.down_proj", "step": 3840}
{"stage": "sequential-round-coordinate", "pid": 113530, "time": 1789710423.1209164, "cuda_visible_devices": "2", "allocated_gib": 5.225467205047607, "reserved_gib": 8.228515625, "peak_allocated_gib": 7.100411891937256, "gpu_time_budget": null, "module": "model.layers.11.mlp.down_proj", "step": 3968}
{"stage": "sequential-round-coordinate", "pid": 113530, "time": 1789710424.0095646, "cuda_visible_devices": "2", "allocated_gib": 5.225467205047607, "reserved_gib": 8.228515625, "peak_allocated_gib": 7.100411891937256, "gpu_time_budget": null, "module": "model.layers.11.mlp.down_proj", "step": 4096}
{"stage": "sequential-round-coordinate", "pid": 113530, "time": 1789710424.903297, "cuda_visible_devices": "2", "allocated_gib": 5.225467205047607, "reserved_gib": 8.228515625, "peak_allocated_gib": 7.100411891937256, "gpu_time_budget": null, "module": "model.layers.11.mlp.down_proj", "step": 4224}
{"stage": "sequential-round-coordinate", "pid": 113530, "time": 1789710425.7939029, "cuda_visible_devices": "2", "allocated_gib": 5.225467205047607, "reserved_gib": 8.228515625, "peak_allocated_gib": 7.100411891937256, "gpu_time_budget": null, "module": "model.layers.11.mlp.down_proj", "step": 4352}
{"stage": "sequential-round-coordinate", "pid": 113530, "time": 1789710426.6863084, "cuda_visible_devices": "2", "allocated_gib": 5.225467205047607, "reserved_gib": 8.228515625, "peak_allocated_gib": 7.100411891937256, "gpu_time_budget": null, "module": "model.layers.11.mlp.down_proj", "step": 4480}
{"stage": "sequential-round-coordinate", "pid": 113530, "time": 1789710427.5761304, "cuda_visible_devices": "2", "allocated_gib": 5.225467205047607, "reserved_gib": 8.228515625, "peak_allocated_gib": 7.100411891937256, "gpu_time_budget": null, "module": "model.layers.11.mlp.down_proj", "step": 4608}
{"stage": "sequential-round-coordinate", "pid": 113530, "time": 1789710428.4662766, "cuda_visible_devices": "2", "allocated_gib": 5.225467205047607, "reserved_gib": 8.228515625, "peak_allocated_gib": 7.100411891937256, "gpu_time_budget": null, "module": "model.layers.11.mlp.down_proj", "step": 4736}
{"stage": "sequential-round-coordinate", "pid": 113530, "time": 1789710429.357444, "cuda_visible_devices": "2", "allocated_gib": 5.225467205047607, "reserved_gib": 8.228515625, "peak_allocated_gib": 7.100411891937256, "gpu_time_budget": null, "module": "model.layers.11.mlp.down_proj", "step": 4864}
{"stage": "sequential-round-coordinate", "pid": 113530, "time": 1789710430.249838, "cuda_visible_devices": "2", "allocated_gib": 5.225467205047607, "reserved_gib": 8.228515625, "peak_allocated_gib": 7.100411891937256, "gpu_time_budget": null, "module": "model.layers.11.mlp.down_proj", "step": 4992}
{"stage": "sequential-round-coordinate", "pid": 113530, "time": 1789710431.0398898, "cuda_visible_devices": "2", "allocated_gib": 5.225467205047607, "reserved_gib": 8.228515625, "peak_allocated_gib": 7.100411891937256, "gpu_time_budget": null, "module": "model.layers.11.mlp.down_proj", "step": 5120}
{"stage": "sequential-round-coordinate", "pid": 113530, "time": 1789710431.7069473, "cuda_visible_devices": "2", "allocated_gib": 5.225467205047607, "reserved_gib": 8.228515625, "peak_allocated_gib": 7.100411891937256, "gpu_time_budget": null, "module": "model.layers.11.mlp.down_proj", "step": 5248}
{"stage": "sequential-round-coordinate", "pid": 113530, "time": 1789710432.37059, "cuda_visible_devices": "2", "allocated_gib": 5.225467205047607, "reserved_gib": 8.228515625, "peak_allocated_gib": 7.100411891937256, "gpu_time_budget": null, "module": "model.layers.11.mlp.down_proj", "step": 5376}
{"stage": "sequential-round-coordinate", "pid": 113530, "time": 1789710433.0345852, "cuda_visible_devices": "2", "allocated_gib": 5.225467205047607, "reserved_gib": 8.228515625, "peak_allocated_gib": 7.100411891937256, "gpu_time_budget": null, "module": "model.layers.11.mlp.down_proj", "step": 5504}
{"stage": "sequential-round-coordinate", "pid": 113530, "time": 1789710433.7004056, "cuda_visible_devices": "2", "allocated_gib": 5.225467205047607, "reserved_gib": 8.228515625, "peak_allocated_gib": 7.100411891937256, "gpu_time_budget": null, "module": "model.layers.11.mlp.down_proj", "step": 5632}
{"stage": "sequential-round-coordinate", "pid": 113530, "time": 1789710434.3639507, "cuda_visible_devices": "2", "allocated_gib": 5.225467205047607, "reserved_gib": 8.228515625, "peak_allocated_gib": 7.100411891937256, "gpu_time_budget": null, "module": "model.layers.11.mlp.down_proj", "step": 5760}
{"stage": "sequential-round-coordinate", "pid": 113530, "time": 1789710435.0279355, "cuda_visible_devices": "2", "allocated_gib": 5.225467205047607, "reserved_gib": 8.228515625, "peak_allocated_gib": 7.100411891937256, "gpu_time_budget": null, "module": "model.layers.11.mlp.down_proj", "step": 5888}
{"stage": "sequential-round-coordinate", "pid": 113530, "time": 1789710435.6915855, "cuda_visible_devices": "2", "allocated_gib": 5.225467205047607, "reserved_gib": 8.228515625, "peak_allocated_gib": 7.100411891937256, "gpu_time_budget": null, "module": "model.layers.11.mlp.down_proj", "step": 6016}
{"stage": "sequential-round-coordinate", "pid": 113530, "time": 1789710436.3415568, "cuda_visible_devices": "2", "allocated_gib": 5.225467205047607, "reserved_gib": 8.228515625, "peak_allocated_gib": 7.100411891937256, "gpu_time_budget": null, "module": "model.layers.11.mlp.down_proj", "step": 6144}
{"stage": "sequential-round-coordinate", "pid": 113530, "time": 1789710437.004555, "cuda_visible_devices": "2", "allocated_gib": 5.225467205047607, "reserved_gib": 8.228515625, "peak_allocated_gib": 7.100411891937256, "gpu_time_budget": null, "module": "model.layers.11.mlp.down_proj", "step": 6272}
{"stage": "sequential-round-coordinate", "pid": 113530, "time": 1789710437.6684694, "cuda_visible_devices": "2", "allocated_gib": 5.225467205047607, "reserved_gib": 8.228515625, "peak_allocated_gib": 7.100411891937256, "gpu_time_budget": null, "module": "model.layers.11.mlp.down_proj", "step": 6400}
{"stage": "sequential-round-coordinate", "pid": 113530, "time": 1789710438.3320441, "cuda_visible_devices": "2", "allocated_gib": 5.225467205047607, "reserved_gib": 8.228515625, "peak_allocated_gib": 7.100411891937256, "gpu_time_budget": null, "module": "model.layers.11.mlp.down_proj", "step": 6528}
{"stage": "sequential-round-coordinate", "pid": 113530, "time": 1789710438.9946263, "cuda_visible_devices": "2", "allocated_gib": 5.225467205047607, "reserved_gib": 8.228515625, "peak_allocated_gib": 7.100411891937256, "gpu_time_budget": null, "module": "model.layers.11.mlp.down_proj", "step": 6656}
{"stage": "sequential-round-coordinate", "pid": 113530, "time": 1789710439.6589108, "cuda_visible_devices": "2", "allocated_gib": 5.225467205047607, "reserved_gib": 8.228515625, "peak_allocated_gib": 7.100411891937256, "gpu_time_budget": null, "module": "model.layers.11.mlp.down_proj", "step": 6784}
{"stage": "sequential-round-coordinate", "pid": 113530, "time": 1789710440.3208072, "cuda_visible_devices": "2", "allocated_gib": 5.225467205047607, "reserved_gib": 8.228515625, "peak_allocated_gib": 7.100411891937256, "gpu_time_budget": null, "module": "model.layers.11.mlp.down_proj", "step": 6912}
{"stage": "sequential-round-coordinate", "pid": 113530, "time": 1789710440.9844272, "cuda_visible_devices": "2", "allocated_gib": 5.225467205047607, "reserved_gib": 8.228515625, "peak_allocated_gib": 7.100411891937256, "gpu_time_budget": null, "module": "model.layers.11.mlp.down_proj", "step": 7040}
{"stage": "sequential-round-coordinate", "pid": 113530, "time": 1789710441.6294687, "cuda_visible_devices": "2", "allocated_gib": 5.225467205047607, "reserved_gib": 8.228515625, "peak_allocated_gib": 7.100411891937256, "gpu_time_budget": null, "module": "model.layers.11.mlp.down_proj", "step": 7168}
{"stage": "sequential-round-coordinate", "pid": 113530, "time": 1789710442.2922757, "cuda_visible_devices": "2", "allocated_gib": 5.225467205047607, "reserved_gib": 8.228515625, "peak_allocated_gib": 7.100411891937256, "gpu_time_budget": null, "module": "model.layers.11.mlp.down_proj", "step": 7296}
{"stage": "sequential-round-coordinate", "pid": 113530, "time": 1789710442.955706, "cuda_visible_devices": "2", "allocated_gib": 5.225467205047607, "reserved_gib": 8.228515625, "peak_allocated_gib": 7.100411891937256, "gpu_time_budget": null, "module": "model.layers.11.mlp.down_proj", "step": 7424}
{"stage": "sequential-round-coordinate", "pid": 113530, "time": 1789710443.6189294, "cuda_visible_devices": "2", "allocated_gib": 5.225467205047607, "reserved_gib": 8.228515625, "peak_allocated_gib": 7.100411891937256, "gpu_time_budget": null, "module": "model.layers.11.mlp.down_proj", "step": 7552}
{"stage": "sequential-round-coordinate", "pid": 113530, "time": 1789710444.2841794, "cuda_visible_devices": "2", "allocated_gib": 5.225467205047607, "reserved_gib": 8.228515625, "peak_allocated_gib": 7.100411891937256, "gpu_time_budget": null, "module": "model.layers.11.mlp.down_proj", "step": 7680}
{"stage": "sequential-round-coordinate", "pid": 113530, "time": 1789710444.948737, "cuda_visible_devices": "2", "allocated_gib": 5.225467205047607, "reserved_gib": 8.228515625, "peak_allocated_gib": 7.100411891937256, "gpu_time_budget": null, "module": "model.layers.11.mlp.down_proj", "step": 7808}
{"stage": "sequential-round-coordinate", "pid": 113530, "time": 1789710445.6154287, "cuda_visible_devices": "2", "allocated_gib": 5.225467205047607, "reserved_gib": 8.228515625, "peak_allocated_gib": 7.100411891937256, "gpu_time_budget": null, "module": "model.layers.11.mlp.down_proj", "step": 7936}
{"stage": "sequential-round-coordinate", "pid": 113530, "time": 1789710446.2779727, "cuda_visible_devices": "2", "allocated_gib": 5.225467205047607, "reserved_gib": 8.228515625, "peak_allocated_gib": 7.100411891937256, "gpu_time_budget": null, "module": "model.layers.11.mlp.down_proj", "step": 8064}
{"stage": "sequential-round-coordinate", "pid": 113530, "time": 1789710446.9165168, "cuda_visible_devices": "2", "allocated_gib": 5.225467205047607, "reserved_gib": 8.228515625, "peak_allocated_gib": 7.100411891937256, "gpu_time_budget": null, "module": "model.layers.11.mlp.down_proj", "step": 8192}
{"stage": "sequential-round-train-nll", "pid": 113530, "time": 1789710446.9660702, "cuda_visible_devices": "2", "allocated_gib": 3.7957167625427246, "reserved_gib": 3.80078125, "peak_allocated_gib": 7.100411891937256, "gpu_time_budget": null, "module": "model.layers.11.mlp.down_proj", "step": 512}
Evaluation segment 1/1: start=0, windows=8, seqlen=2048
{"stage": "sequential-round-train-nll", "pid": 113530, "time": 1789710449.6331048, "cuda_visible_devices": "2", "allocated_gib": 3.7957167625427246, "reserved_gib": 5.978515625, "peak_allocated_gib": 7.100411891937256, "gpu_time_budget": null, "module": "model.layers.11.mlp.down_proj", "step": 2048}
Evaluation segment 1/1: start=0, windows=8, seqlen=2048
{"stage": "sequential-round-train-nll", "pid": 113530, "time": 1789710452.956795, "cuda_visible_devices": "2", "allocated_gib": 3.7957167625427246, "reserved_gib": 5.978515625, "peak_allocated_gib": 7.100411891937256, "gpu_time_budget": null, "module": "model.layers.11.mlp.down_proj", "step": 8192}
Evaluation segment 1/1: start=0, windows=8, seqlen=2048
{"stage": "sequential-module-completed", "pid": 113530, "time": 1789710458.1327283, "cuda_visible_devices": "2", "allocated_gib": 3.7957167625427246, "reserved_gib": 5.978515625, "peak_allocated_gib": 7.100411891937256, "gpu_time_budget": null, "module": "model.layers.11.mlp.down_proj", "completed": 12, "total": 28, "selected_train_nll": 2.6086678488823707, "elapsed_seconds": 808.5623554029735}
{"stage": "sequential-round-fit", "pid": 113530, "time": 1789710464.1598036, "cuda_visible_devices": "2", "allocated_gib": 3.7957167625427246, "reserved_gib": 5.978515625, "peak_allocated_gib": 7.100411891937256, "gpu_time_budget": null, "module": "model.layers.12.mlp.down_proj", "fit_rows": 49152, "heldout_rows": 16384}
{"stage": "sequential-round-coordinate", "pid": 113530, "time": 1789710465.3468926, "cuda_visible_devices": "2", "allocated_gib": 5.225467205047607, "reserved_gib": 8.228515625, "peak_allocated_gib": 7.100411891937256, "gpu_time_budget": null, "module": "model.layers.12.mlp.down_proj", "step": 128}
{"stage": "sequential-round-coordinate", "pid": 113530, "time": 1789710466.2360587, "cuda_visible_devices": "2", "allocated_gib": 5.225467205047607, "reserved_gib": 8.228515625, "peak_allocated_gib": 7.100411891937256, "gpu_time_budget": null, "module": "model.layers.12.mlp.down_proj", "step": 256}
{"stage": "sequential-round-coordinate", "pid": 113530, "time": 1789710467.124095, "cuda_visible_devices": "2", "allocated_gib": 5.225467205047607, "reserved_gib": 8.228515625, "peak_allocated_gib": 7.100411891937256, "gpu_time_budget": null, "module": "model.layers.12.mlp.down_proj", "step": 384}
{"stage": "sequential-round-coordinate", "pid": 113530, "time": 1789710468.0892742, "cuda_visible_devices": "2", "allocated_gib": 5.225467205047607, "reserved_gib": 8.228515625, "peak_allocated_gib": 7.100411891937256, "gpu_time_budget": null, "module": "model.layers.12.mlp.down_proj", "step": 512}
{"stage": "sequential-round-coordinate", "pid": 113530, "time": 1789710468.978649, "cuda_visible_devices": "2", "allocated_gib": 5.225467205047607, "reserved_gib": 8.228515625, "peak_allocated_gib": 7.100411891937256, "gpu_time_budget": null, "module": "model.layers.12.mlp.down_proj", "step": 640}
{"stage": "sequential-round-coordinate", "pid": 113530, "time": 1789710469.868025, "cuda_visible_devices": "2", "allocated_gib": 5.225467205047607, "reserved_gib": 8.228515625, "peak_allocated_gib": 7.100411891937256, "gpu_time_budget": null, "module": "model.layers.12.mlp.down_proj", "step": 768}
{"stage": "sequential-round-coordinate", "pid": 113530, "time": 1789710470.756553, "cuda_visible_devices": "2", "allocated_gib": 5.225467205047607, "reserved_gib": 8.228515625, "peak_allocated_gib": 7.100411891937256, "gpu_time_budget": null, "module": "model.layers.12.mlp.down_proj", "step": 896}
{"stage": "sequential-round-coordinate", "pid": 113530, "time": 1789710471.6457672, "cuda_visible_devices": "2", "allocated_gib": 5.225467205047607, "reserved_gib": 8.228515625, "peak_allocated_gib": 7.100411891937256, "gpu_time_budget": null, "module": "model.layers.12.mlp.down_proj", "step": 1024}
{"stage": "sequential-round-coordinate", "pid": 113530, "time": 1789710472.5372393, "cuda_visible_devices": "2", "allocated_gib": 5.225467205047607, "reserved_gib": 8.228515625, "peak_allocated_gib": 7.100411891937256, "gpu_time_budget": null, "module": "model.layers.12.mlp.down_proj", "step": 1152}
{"stage": "sequential-round-coordinate", "pid": 113530, "time": 1789710473.4264138, "cuda_visible_devices": "2", "allocated_gib": 5.225467205047607, "reserved_gib": 8.228515625, "peak_allocated_gib": 7.100411891937256, "gpu_time_budget": null, "module": "model.layers.12.mlp.down_proj", "step": 1280}
{"stage": "sequential-round-coordinate", "pid": 113530, "time": 1789710474.3156655, "cuda_visible_devices": "2", "allocated_gib": 5.225467205047607, "reserved_gib": 8.228515625, "peak_allocated_gib": 7.100411891937256, "gpu_time_budget": null, "module": "model.layers.12.mlp.down_proj", "step": 1408}
{"stage": "sequential-round-coordinate", "pid": 113530, "time": 1789710475.205035, "cuda_visible_devices": "2", "allocated_gib": 5.225467205047607, "reserved_gib": 8.228515625, "peak_allocated_gib": 7.100411891937256, "gpu_time_budget": null, "module": "model.layers.12.mlp.down_proj", "step": 1536}
{"stage": "sequential-round-coordinate", "pid": 113530, "time": 1789710476.093081, "cuda_visible_devices": "2", "allocated_gib": 5.225467205047607, "reserved_gib": 8.228515625, "peak_allocated_gib": 7.100411891937256, "gpu_time_budget": null, "module": "model.layers.12.mlp.down_proj", "step": 1664}
{"stage": "sequential-round-coordinate", "pid": 113530, "time": 1789710476.9798136, "cuda_visible_devices": "2", "allocated_gib": 5.225467205047607, "reserved_gib": 8.228515625, "peak_allocated_gib": 7.100411891937256, "gpu_time_budget": null, "module": "model.layers.12.mlp.down_proj", "step": 1792}
{"stage": "sequential-round-coordinate", "pid": 113530, "time": 1789710477.871147, "cuda_visible_devices": "2", "allocated_gib": 5.225467205047607, "reserved_gib": 8.228515625, "peak_allocated_gib": 7.100411891937256, "gpu_time_budget": null, "module": "model.layers.12.mlp.down_proj", "step": 1920}
{"stage": "sequential-round-coordinate", "pid": 113530, "time": 1789710478.8384717, "cuda_visible_devices": "2", "allocated_gib": 5.225467205047607, "reserved_gib": 8.228515625, "peak_allocated_gib": 7.100411891937256, "gpu_time_budget": null, "module": "model.layers.12.mlp.down_proj", "step": 2048}
{"stage": "sequential-round-coordinate", "pid": 113530, "time": 1789710479.7298055, "cuda_visible_devices": "2", "allocated_gib": 5.225467205047607, "reserved_gib": 8.228515625, "peak_allocated_gib": 7.100411891937256, "gpu_time_budget": null, "module": "model.layers.12.mlp.down_proj", "step": 2176}
{"stage": "sequential-round-coordinate", "pid": 113530, "time": 1789710480.6185753, "cuda_visible_devices": "2", "allocated_gib": 5.225467205047607, "reserved_gib": 8.228515625, "peak_allocated_gib": 7.100411891937256, "gpu_time_budget": null, "module": "model.layers.12.mlp.down_proj", "step": 2304}
{"stage": "sequential-round-coordinate", "pid": 113530, "time": 1789710481.513432, "cuda_visible_devices": "2", "allocated_gib": 5.225467205047607, "reserved_gib": 8.228515625, "peak_allocated_gib": 7.100411891937256, "gpu_time_budget": null, "module": "model.layers.12.mlp.down_proj", "step": 2432}
{"stage": "sequential-round-coordinate", "pid": 113530, "time": 1789710482.4066827, "cuda_visible_devices": "2", "allocated_gib": 5.225467205047607, "reserved_gib": 8.228515625, "peak_allocated_gib": 7.100411891937256, "gpu_time_budget": null, "module": "model.layers.12.mlp.down_proj", "step": 2560}
{"stage": "sequential-round-coordinate", "pid": 113530, "time": 1789710483.296001, "cuda_visible_devices": "2", "allocated_gib": 5.225467205047607, "reserved_gib": 8.228515625, "peak_allocated_gib": 7.100411891937256, "gpu_time_budget": null, "module": "model.layers.12.mlp.down_proj", "step": 2688}
{"stage": "sequential-round-coordinate", "pid": 113530, "time": 1789710484.1842966, "cuda_visible_devices": "2", "allocated_gib": 5.225467205047607, "reserved_gib": 8.228515625, "peak_allocated_gib": 7.100411891937256, "gpu_time_budget": null, "module": "model.layers.12.mlp.down_proj", "step": 2816}
{"stage": "sequential-round-coordinate", "pid": 113530, "time": 1789710485.0712903, "cuda_visible_devices": "2", "allocated_gib": 5.225467205047607, "reserved_gib": 8.228515625, "peak_allocated_gib": 7.100411891937256, "gpu_time_budget": null, "module": "model.layers.12.mlp.down_proj", "step": 2944}
{"stage": "sequential-round-coordinate", "pid": 113530, "time": 1789710485.960901, "cuda_visible_devices": "2", "allocated_gib": 5.225467205047607, "reserved_gib": 8.228515625, "peak_allocated_gib": 7.100411891937256, "gpu_time_budget": null, "module": "model.layers.12.mlp.down_proj", "step": 3072}
{"stage": "sequential-round-coordinate", "pid": 113530, "time": 1789710486.84973, "cuda_visible_devices": "2", "allocated_gib": 5.225467205047607, "reserved_gib": 8.228515625, "peak_allocated_gib": 7.100411891937256, "gpu_time_budget": null, "module": "model.layers.12.mlp.down_proj", "step": 3200}
{"stage": "sequential-round-coordinate", "pid": 113530, "time": 1789710487.738443, "cuda_visible_devices": "2", "allocated_gib": 5.225467205047607, "reserved_gib": 8.228515625, "peak_allocated_gib": 7.100411891937256, "gpu_time_budget": null, "module": "model.layers.12.mlp.down_proj", "step": 3328}
{"stage": "sequential-round-coordinate", "pid": 113530, "time": 1789710488.6249847, "cuda_visible_devices": "2", "allocated_gib": 5.225467205047607, "reserved_gib": 8.228515625, "peak_allocated_gib": 7.100411891937256, "gpu_time_budget": null, "module": "model.layers.12.mlp.down_proj", "step": 3456}
{"stage": "sequential-round-coordinate", "pid": 113530, "time": 1789710489.5136979, "cuda_visible_devices": "2", "allocated_gib": 5.225467205047607, "reserved_gib": 8.228515625, "peak_allocated_gib": 7.100411891937256, "gpu_time_budget": null, "module": "model.layers.12.mlp.down_proj", "step": 3584}
{"stage": "sequential-round-coordinate", "pid": 113530, "time": 1789710490.398795, "cuda_visible_devices": "2", "allocated_gib": 5.225467205047607, "reserved_gib": 8.228515625, "peak_allocated_gib": 7.100411891937256, "gpu_time_budget": null, "module": "model.layers.12.mlp.down_proj", "step": 3712}
{"stage": "sequential-round-coordinate", "pid": 113530, "time": 1789710491.2886937, "cuda_visible_devices": "2", "allocated_gib": 5.225467205047607, "reserved_gib": 8.228515625, "peak_allocated_gib": 7.100411891937256, "gpu_time_budget": null, "module": "model.layers.12.mlp.down_proj", "step": 3840}
{"stage": "sequential-round-coordinate", "pid": 113530, "time": 1789710492.1799924, "cuda_visible_devices": "2", "allocated_gib": 5.225467205047607, "reserved_gib": 8.228515625, "peak_allocated_gib": 7.100411891937256, "gpu_time_budget": null, "module": "model.layers.12.mlp.down_proj", "step": 3968}
{"stage": "sequential-round-coordinate", "pid": 113530, "time": 1789710493.0661783, "cuda_visible_devices": "2", "allocated_gib": 5.225467205047607, "reserved_gib": 8.228515625, "peak_allocated_gib": 7.100411891937256, "gpu_time_budget": null, "module": "model.layers.12.mlp.down_proj", "step": 4096}
{"stage": "sequential-round-coordinate", "pid": 113530, "time": 1789710493.954881, "cuda_visible_devices": "2", "allocated_gib": 5.225467205047607, "reserved_gib": 8.228515625, "peak_allocated_gib": 7.100411891937256, "gpu_time_budget": null, "module": "model.layers.12.mlp.down_proj", "step": 4224}
{"stage": "sequential-round-coordinate", "pid": 113530, "time": 1789710494.8471835, "cuda_visible_devices": "2", "allocated_gib": 5.225467205047607, "reserved_gib": 8.228515625, "peak_allocated_gib": 7.100411891937256, "gpu_time_budget": null, "module": "model.layers.12.mlp.down_proj", "step": 4352}
{"stage": "sequential-round-coordinate", "pid": 113530, "time": 1789710495.7336066, "cuda_visible_devices": "2", "allocated_gib": 5.225467205047607, "reserved_gib": 8.228515625, "peak_allocated_gib": 7.100411891937256, "gpu_time_budget": null, "module": "model.layers.12.mlp.down_proj", "step": 4480}
{"stage": "sequential-round-coordinate", "pid": 113530, "time": 1789710496.6278942, "cuda_visible_devices": "2", "allocated_gib": 5.225467205047607, "reserved_gib": 8.228515625, "peak_allocated_gib": 7.100411891937256, "gpu_time_budget": null, "module": "model.layers.12.mlp.down_proj", "step": 4608}
{"stage": "sequential-round-coordinate", "pid": 113530, "time": 1789710497.5097435, "cuda_visible_devices": "2", "allocated_gib": 5.225467205047607, "reserved_gib": 8.228515625, "peak_allocated_gib": 7.100411891937256, "gpu_time_budget": null, "module": "model.layers.12.mlp.down_proj", "step": 4736}
{"stage": "sequential-round-coordinate", "pid": 113530, "time": 1789710498.3986616, "cuda_visible_devices": "2", "allocated_gib": 5.225467205047607, "reserved_gib": 8.228515625, "peak_allocated_gib": 7.100411891937256, "gpu_time_budget": null, "module": "model.layers.12.mlp.down_proj", "step": 4864}
{"stage": "sequential-round-coordinate", "pid": 113530, "time": 1789710499.284238, "cuda_visible_devices": "2", "allocated_gib": 5.225467205047607, "reserved_gib": 8.228515625, "peak_allocated_gib": 7.100411891937256, "gpu_time_budget": null, "module": "model.layers.12.mlp.down_proj", "step": 4992}
{"stage": "sequential-round-coordinate", "pid": 113530, "time": 1789710500.173003, "cuda_visible_devices": "2", "allocated_gib": 5.225467205047607, "reserved_gib": 8.228515625, "peak_allocated_gib": 7.100411891937256, "gpu_time_budget": null, "module": "model.layers.12.mlp.down_proj", "step": 5120}
{"stage": "sequential-round-coordinate", "pid": 113530, "time": 1789710501.06215, "cuda_visible_devices": "2", "allocated_gib": 5.225467205047607, "reserved_gib": 8.228515625, "peak_allocated_gib": 7.100411891937256, "gpu_time_budget": null, "module": "model.layers.12.mlp.down_proj", "step": 5248}
{"stage": "sequential-round-coordinate", "pid": 113530, "time": 1789710501.9507453, "cuda_visible_devices": "2", "allocated_gib": 5.225467205047607, "reserved_gib": 8.228515625, "peak_allocated_gib": 7.100411891937256, "gpu_time_budget": null, "module": "model.layers.12.mlp.down_proj", "step": 5376}
{"stage": "sequential-round-coordinate", "pid": 113530, "time": 1789710502.8392758, "cuda_visible_devices": "2", "allocated_gib": 5.225467205047607, "reserved_gib": 8.228515625, "peak_allocated_gib": 7.100411891937256, "gpu_time_budget": null, "module": "model.layers.12.mlp.down_proj", "step": 5504}
{"stage": "sequential-round-coordinate", "pid": 113530, "time": 1789710503.667257, "cuda_visible_devices": "2", "allocated_gib": 5.225467205047607, "reserved_gib": 8.228515625, "peak_allocated_gib": 7.100411891937256, "gpu_time_budget": null, "module": "model.layers.12.mlp.down_proj", "step": 5632}
{"stage": "sequential-round-coordinate", "pid": 113530, "time": 1789710504.2921872, "cuda_visible_devices": "2", "allocated_gib": 5.225467205047607, "reserved_gib": 8.228515625, "peak_allocated_gib": 7.100411891937256, "gpu_time_budget": null, "module": "model.layers.12.mlp.down_proj", "step": 5760}
{"stage": "sequential-round-coordinate", "pid": 113530, "time": 1789710504.9550486, "cuda_visible_devices": "2", "allocated_gib": 5.225467205047607, "reserved_gib": 8.228515625, "peak_allocated_gib": 7.100411891937256, "gpu_time_budget": null, "module": "model.layers.12.mlp.down_proj", "step": 5888}
{"stage": "sequential-round-coordinate", "pid": 113530, "time": 1789710505.6150906, "cuda_visible_devices": "2", "allocated_gib": 5.225467205047607, "reserved_gib": 8.228515625, "peak_allocated_gib": 7.100411891937256, "gpu_time_budget": null, "module": "model.layers.12.mlp.down_proj", "step": 6016}
{"stage": "sequential-round-coordinate", "pid": 113530, "time": 1789710506.2798946, "cuda_visible_devices": "2", "allocated_gib": 5.225467205047607, "reserved_gib": 8.228515625, "peak_allocated_gib": 7.100411891937256, "gpu_time_budget": null, "module": "model.layers.12.mlp.down_proj", "step": 6144}
{"stage": "sequential-round-coordinate", "pid": 113530, "time": 1789710506.9397964, "cuda_visible_devices": "2", "allocated_gib": 5.225467205047607, "reserved_gib": 8.228515625, "peak_allocated_gib": 7.100411891937256, "gpu_time_budget": null, "module": "model.layers.12.mlp.down_proj", "step": 6272}
{"stage": "sequential-round-coordinate", "pid": 113530, "time": 1789710507.600441, "cuda_visible_devices": "2", "allocated_gib": 5.225467205047607, "reserved_gib": 8.228515625, "peak_allocated_gib": 7.100411891937256, "gpu_time_budget": null, "module": "model.layers.12.mlp.down_proj", "step": 6400}
{"stage": "sequential-round-coordinate", "pid": 113530, "time": 1789710508.2609982, "cuda_visible_devices": "2", "allocated_gib": 5.225467205047607, "reserved_gib": 8.228515625, "peak_allocated_gib": 7.100411891937256, "gpu_time_budget": null, "module": "model.layers.12.mlp.down_proj", "step": 6528}
{"stage": "sequential-round-coordinate", "pid": 113530, "time": 1789710508.9210382, "cuda_visible_devices": "2", "allocated_gib": 5.225467205047607, "reserved_gib": 8.228515625, "peak_allocated_gib": 7.100411891937256, "gpu_time_budget": null, "module": "model.layers.12.mlp.down_proj", "step": 6656}
{"stage": "sequential-round-coordinate", "pid": 113530, "time": 1789710509.4974005, "cuda_visible_devices": "2", "allocated_gib": 5.225467205047607, "reserved_gib": 8.228515625, "peak_allocated_gib": 7.100411891937256, "gpu_time_budget": null, "module": "model.layers.12.mlp.down_proj", "step": 6784}
{"stage": "sequential-round-coordinate", "pid": 113530, "time": 1789710510.157982, "cuda_visible_devices": "2", "allocated_gib": 5.225467205047607, "reserved_gib": 8.228515625, "peak_allocated_gib": 7.100411891937256, "gpu_time_budget": null, "module": "model.layers.12.mlp.down_proj", "step": 6912}
{"stage": "sequential-round-coordinate", "pid": 113530, "time": 1789710510.8179235, "cuda_visible_devices": "2", "allocated_gib": 5.225467205047607, "reserved_gib": 8.228515625, "peak_allocated_gib": 7.100411891937256, "gpu_time_budget": null, "module": "model.layers.12.mlp.down_proj", "step": 7040}
{"stage": "sequential-round-coordinate", "pid": 113530, "time": 1789710511.4790452, "cuda_visible_devices": "2", "allocated_gib": 5.225467205047607, "reserved_gib": 8.228515625, "peak_allocated_gib": 7.100411891937256, "gpu_time_budget": null, "module": "model.layers.12.mlp.down_proj", "step": 7168}
{"stage": "sequential-round-coordinate", "pid": 113530, "time": 1789710512.138643, "cuda_visible_devices": "2", "allocated_gib": 5.225467205047607, "reserved_gib": 8.228515625, "peak_allocated_gib": 7.100411891937256, "gpu_time_budget": null, "module": "model.layers.12.mlp.down_proj", "step": 7296}
{"stage": "sequential-round-coordinate", "pid": 113530, "time": 1789710512.799924, "cuda_visible_devices": "2", "allocated_gib": 5.225467205047607, "reserved_gib": 8.228515625, "peak_allocated_gib": 7.100411891937256, "gpu_time_budget": null, "module": "model.layers.12.mlp.down_proj", "step": 7424}
{"stage": "sequential-round-coordinate", "pid": 113530, "time": 1789710513.4600494, "cuda_visible_devices": "2", "allocated_gib": 5.225467205047607, "reserved_gib": 8.228515625, "peak_allocated_gib": 7.100411891937256, "gpu_time_budget": null, "module": "model.layers.12.mlp.down_proj", "step": 7552}
{"stage": "sequential-round-coordinate", "pid": 113530, "time": 1789710514.1206443, "cuda_visible_devices": "2", "allocated_gib": 5.225467205047607, "reserved_gib": 8.228515625, "peak_allocated_gib": 7.100411891937256, "gpu_time_budget": null, "module": "model.layers.12.mlp.down_proj", "step": 7680}
{"stage": "sequential-round-coordinate", "pid": 113530, "time": 1789710514.7514687, "cuda_visible_devices": "2", "allocated_gib": 5.225467205047607, "reserved_gib": 8.228515625, "peak_allocated_gib": 7.100411891937256, "gpu_time_budget": null, "module": "model.layers.12.mlp.down_proj", "step": 7808}
{"stage": "sequential-round-coordinate", "pid": 113530, "time": 1789710515.4145021, "cuda_visible_devices": "2", "allocated_gib": 5.225467205047607, "reserved_gib": 8.228515625, "peak_allocated_gib": 7.100411891937256, "gpu_time_budget": null, "module": "model.layers.12.mlp.down_proj", "step": 7936}
{"stage": "sequential-round-coordinate", "pid": 113530, "time": 1789710516.0785184, "cuda_visible_devices": "2", "allocated_gib": 5.225467205047607, "reserved_gib": 8.228515625, "peak_allocated_gib": 7.100411891937256, "gpu_time_budget": null, "module": "model.layers.12.mlp.down_proj", "step": 8064}
{"stage": "sequential-round-coordinate", "pid": 113530, "time": 1789710516.8164387, "cuda_visible_devices": "2", "allocated_gib": 5.225467205047607, "reserved_gib": 8.228515625, "peak_allocated_gib": 7.100411891937256, "gpu_time_budget": null, "module": "model.layers.12.mlp.down_proj", "step": 8192}
{"stage": "sequential-round-train-nll", "pid": 113530, "time": 1789710516.8605096, "cuda_visible_devices": "2", "allocated_gib": 3.7957167625427246, "reserved_gib": 3.80078125, "peak_allocated_gib": 7.100411891937256, "gpu_time_budget": null, "module": "model.layers.12.mlp.down_proj", "step": 512}
Evaluation segment 1/1: start=0, windows=8, seqlen=2048
{"stage": "sequential-round-train-nll", "pid": 113530, "time": 1789710519.8208065, "cuda_visible_devices": "2", "allocated_gib": 3.7957167625427246, "reserved_gib": 5.978515625, "peak_allocated_gib": 7.100411891937256, "gpu_time_budget": null, "module": "model.layers.12.mlp.down_proj", "step": 2048}
Evaluation segment 1/1: start=0, windows=8, seqlen=2048
{"stage": "sequential-round-train-nll", "pid": 113530, "time": 1789710522.4508884, "cuda_visible_devices": "2", "allocated_gib": 3.7957167625427246, "reserved_gib": 5.978515625, "peak_allocated_gib": 7.100411891937256, "gpu_time_budget": null, "module": "model.layers.12.mlp.down_proj", "step": 8192}
Evaluation segment 1/1: start=0, windows=8, seqlen=2048
{"stage": "sequential-module-completed", "pid": 113530, "time": 1789710526.3001962, "cuda_visible_devices": "2", "allocated_gib": 3.7957167625427246, "reserved_gib": 5.978515625, "peak_allocated_gib": 7.100411891937256, "gpu_time_budget": null, "module": "model.layers.12.mlp.down_proj", "completed": 13, "total": 28, "selected_train_nll": 2.6086678488823707, "elapsed_seconds": 876.7298355490202}
{"stage": "sequential-round-fit", "pid": 113530, "time": 1789710532.7568562, "cuda_visible_devices": "2", "allocated_gib": 3.7957167625427246, "reserved_gib": 5.978515625, "peak_allocated_gib": 7.100411891937256, "gpu_time_budget": null, "module": "model.layers.13.mlp.down_proj", "fit_rows": 49152, "heldout_rows": 16384}
{"stage": "sequential-round-coordinate", "pid": 113530, "time": 1789710533.9332378, "cuda_visible_devices": "2", "allocated_gib": 5.225467205047607, "reserved_gib": 8.228515625, "peak_allocated_gib": 7.100411891937256, "gpu_time_budget": null, "module": "model.layers.13.mlp.down_proj", "step": 128}
{"stage": "sequential-round-coordinate", "pid": 113530, "time": 1789710534.8228488, "cuda_visible_devices": "2", "allocated_gib": 5.225467205047607, "reserved_gib": 8.228515625, "peak_allocated_gib": 7.100411891937256, "gpu_time_budget": null, "module": "model.layers.13.mlp.down_proj", "step": 256}
{"stage": "sequential-round-coordinate", "pid": 113530, "time": 1789710535.71171, "cuda_visible_devices": "2", "allocated_gib": 5.225467205047607, "reserved_gib": 8.228515625, "peak_allocated_gib": 7.100411891937256, "gpu_time_budget": null, "module": "model.layers.13.mlp.down_proj", "step": 384}
{"stage": "sequential-round-coordinate", "pid": 113530, "time": 1789710536.6811507, "cuda_visible_devices": "2", "allocated_gib": 5.225467205047607, "reserved_gib": 8.228515625, "peak_allocated_gib": 7.100411891937256, "gpu_time_budget": null, "module": "model.layers.13.mlp.down_proj", "step": 512}
{"stage": "sequential-round-coordinate", "pid": 113530, "time": 1789710537.5716996, "cuda_visible_devices": "2", "allocated_gib": 5.225467205047607, "reserved_gib": 8.228515625, "peak_allocated_gib": 7.100411891937256, "gpu_time_budget": null, "module": "model.layers.13.mlp.down_proj", "step": 640}
{"stage": "sequential-round-coordinate", "pid": 113530, "time": 1789710538.461217, "cuda_visible_devices": "2", "allocated_gib": 5.225467205047607, "reserved_gib": 8.228515625, "peak_allocated_gib": 7.100411891937256, "gpu_time_budget": null, "module": "model.layers.13.mlp.down_proj", "step": 768}
{"stage": "sequential-round-coordinate", "pid": 113530, "time": 1789710539.3503437, "cuda_visible_devices": "2", "allocated_gib": 5.225467205047607, "reserved_gib": 8.228515625, "peak_allocated_gib": 7.100411891937256, "gpu_time_budget": null, "module": "model.layers.13.mlp.down_proj", "step": 896}
{"stage": "sequential-round-coordinate", "pid": 113530, "time": 1789710540.2447965, "cuda_visible_devices": "2", "allocated_gib": 5.225467205047607, "reserved_gib": 8.228515625, "peak_allocated_gib": 7.100411891937256, "gpu_time_budget": null, "module": "model.layers.13.mlp.down_proj", "step": 1024}
{"stage": "sequential-round-coordinate", "pid": 113530, "time": 1789710541.132468, "cuda_visible_devices": "2", "allocated_gib": 5.225467205047607, "reserved_gib": 8.228515625, "peak_allocated_gib": 7.100411891937256, "gpu_time_budget": null, "module": "model.layers.13.mlp.down_proj", "step": 1152}
{"stage": "sequential-round-coordinate", "pid": 113530, "time": 1789710542.0208044, "cuda_visible_devices": "2", "allocated_gib": 5.225467205047607, "reserved_gib": 8.228515625, "peak_allocated_gib": 7.100411891937256, "gpu_time_budget": null, "module": "model.layers.13.mlp.down_proj", "step": 1280}
{"stage": "sequential-round-coordinate", "pid": 113530, "time": 1789710542.911219, "cuda_visible_devices": "2", "allocated_gib": 5.225467205047607, "reserved_gib": 8.228515625, "peak_allocated_gib": 7.100411891937256, "gpu_time_budget": null, "module": "model.layers.13.mlp.down_proj", "step": 1408}
{"stage": "sequential-round-coordinate", "pid": 113530, "time": 1789710543.7947176, "cuda_visible_devices": "2", "allocated_gib": 5.225467205047607, "reserved_gib": 8.228515625, "peak_allocated_gib": 7.100411891937256, "gpu_time_budget": null, "module": "model.layers.13.mlp.down_proj", "step": 1536}
{"stage": "sequential-round-coordinate", "pid": 113530, "time": 1789710544.683595, "cuda_visible_devices": "2", "allocated_gib": 5.225467205047607, "reserved_gib": 8.228515625, "peak_allocated_gib": 7.100411891937256, "gpu_time_budget": null, "module": "model.layers.13.mlp.down_proj", "step": 1664}
{"stage": "sequential-round-coordinate", "pid": 113530, "time": 1789710545.5754173, "cuda_visible_devices": "2", "allocated_gib": 5.225467205047607, "reserved_gib": 8.228515625, "peak_allocated_gib": 7.100411891937256, "gpu_time_budget": null, "module": "model.layers.13.mlp.down_proj", "step": 1792}
{"stage": "sequential-round-coordinate", "pid": 113530, "time": 1789710546.4642425, "cuda_visible_devices": "2", "allocated_gib": 5.225467205047607, "reserved_gib": 8.228515625, "peak_allocated_gib": 7.100411891937256, "gpu_time_budget": null, "module": "model.layers.13.mlp.down_proj", "step": 1920}
{"stage": "sequential-round-coordinate", "pid": 113530, "time": 1789710547.4339175, "cuda_visible_devices": "2", "allocated_gib": 5.225467205047607, "reserved_gib": 8.228515625, "peak_allocated_gib": 7.100411891937256, "gpu_time_budget": null, "module": "model.layers.13.mlp.down_proj", "step": 2048}
{"stage": "sequential-round-coordinate", "pid": 113530, "time": 1789710548.3231845, "cuda_visible_devices": "2", "allocated_gib": 5.225467205047607, "reserved_gib": 8.228515625, "peak_allocated_gib": 7.100411891937256, "gpu_time_budget": null, "module": "model.layers.13.mlp.down_proj", "step": 2176}
{"stage": "sequential-round-coordinate", "pid": 113530, "time": 1789710549.213134, "cuda_visible_devices": "2", "allocated_gib": 5.225467205047607, "reserved_gib": 8.228515625, "peak_allocated_gib": 7.100411891937256, "gpu_time_budget": null, "module": "model.layers.13.mlp.down_proj", "step": 2304}
{"stage": "sequential-round-coordinate", "pid": 113530, "time": 1789710550.1019983, "cuda_visible_devices": "2", "allocated_gib": 5.225467205047607, "reserved_gib": 8.228515625, "peak_allocated_gib": 7.100411891937256, "gpu_time_budget": null, "module": "model.layers.13.mlp.down_proj", "step": 2432}
{"stage": "sequential-round-coordinate", "pid": 113530, "time": 1789710550.9906688, "cuda_visible_devices": "2", "allocated_gib": 5.225467205047607, "reserved_gib": 8.228515625, "peak_allocated_gib": 7.100411891937256, "gpu_time_budget": null, "module": "model.layers.13.mlp.down_proj", "step": 2560}
{"stage": "sequential-round-coordinate", "pid": 113530, "time": 1789710551.8796213, "cuda_visible_devices": "2", "allocated_gib": 5.225467205047607, "reserved_gib": 8.228515625, "peak_allocated_gib": 7.100411891937256, "gpu_time_budget": null, "module": "model.layers.13.mlp.down_proj", "step": 2688}
{"stage": "sequential-round-coordinate", "pid": 113530, "time": 1789710552.7699559, "cuda_visible_devices": "2", "allocated_gib": 5.225467205047607, "reserved_gib": 8.228515625, "peak_allocated_gib": 7.100411891937256, "gpu_time_budget": null, "module": "model.layers.13.mlp.down_proj", "step": 2816}
{"stage": "sequential-round-coordinate", "pid": 113530, "time": 1789710553.6595783, "cuda_visible_devices": "2", "allocated_gib": 5.225467205047607, "reserved_gib": 8.228515625, "peak_allocated_gib": 7.100411891937256, "gpu_time_budget": null, "module": "model.layers.13.mlp.down_proj", "step": 2944}
{"stage": "sequential-round-coordinate", "pid": 113530, "time": 1789710554.5469081, "cuda_visible_devices": "2", "allocated_gib": 5.225467205047607, "reserved_gib": 8.228515625, "peak_allocated_gib": 7.100411891937256, "gpu_time_budget": null, "module": "model.layers.13.mlp.down_proj", "step": 3072}
{"stage": "sequential-round-coordinate", "pid": 113530, "time": 1789710555.4363637, "cuda_visible_devices": "2", "allocated_gib": 5.225467205047607, "reserved_gib": 8.228515625, "peak_allocated_gib": 7.100411891937256, "gpu_time_budget": null, "module": "model.layers.13.mlp.down_proj", "step": 3200}
{"stage": "sequential-round-coordinate", "pid": 113530, "time": 1789710556.324707, "cuda_visible_devices": "2", "allocated_gib": 5.225467205047607, "reserved_gib": 8.228515625, "peak_allocated_gib": 7.100411891937256, "gpu_time_budget": null, "module": "model.layers.13.mlp.down_proj", "step": 3328}
{"stage": "sequential-round-coordinate", "pid": 113530, "time": 1789710557.2143602, "cuda_visible_devices": "2", "allocated_gib": 5.225467205047607, "reserved_gib": 8.228515625, "peak_allocated_gib": 7.100411891937256, "gpu_time_budget": null, "module": "model.layers.13.mlp.down_proj", "step": 3456}
{"stage": "sequential-round-coordinate", "pid": 113530, "time": 1789710558.10225, "cuda_visible_devices": "2", "allocated_gib": 5.225467205047607, "reserved_gib": 8.228515625, "peak_allocated_gib": 7.100411891937256, "gpu_time_budget": null, "module": "model.layers.13.mlp.down_proj", "step": 3584}
{"stage": "sequential-round-coordinate", "pid": 113530, "time": 1789710558.9891698, "cuda_visible_devices": "2", "allocated_gib": 5.225467205047607, "reserved_gib": 8.228515625, "peak_allocated_gib": 7.100411891937256, "gpu_time_budget": null, "module": "model.layers.13.mlp.down_proj", "step": 3712}
{"stage": "sequential-round-coordinate", "pid": 113530, "time": 1789710559.8764133, "cuda_visible_devices": "2", "allocated_gib": 5.225467205047607, "reserved_gib": 8.228515625, "peak_allocated_gib": 7.100411891937256, "gpu_time_budget": null, "module": "model.layers.13.mlp.down_proj", "step": 3840}
{"stage": "sequential-round-coordinate", "pid": 113530, "time": 1789710560.7688222, "cuda_visible_devices": "2", "allocated_gib": 5.225467205047607, "reserved_gib": 8.228515625, "peak_allocated_gib": 7.100411891937256, "gpu_time_budget": null, "module": "model.layers.13.mlp.down_proj", "step": 3968}
{"stage": "sequential-round-coordinate", "pid": 113530, "time": 1789710561.657186, "cuda_visible_devices": "2", "allocated_gib": 5.225467205047607, "reserved_gib": 8.228515625, "peak_allocated_gib": 7.100411891937256, "gpu_time_budget": null, "module": "model.layers.13.mlp.down_proj", "step": 4096}
{"stage": "sequential-round-coordinate", "pid": 113530, "time": 1789710562.5466182, "cuda_visible_devices": "2", "allocated_gib": 5.225467205047607, "reserved_gib": 8.228515625, "peak_allocated_gib": 7.100411891937256, "gpu_time_budget": null, "module": "model.layers.13.mlp.down_proj", "step": 4224}
{"stage": "sequential-round-coordinate", "pid": 113530, "time": 1789710563.4421136, "cuda_visible_devices": "2", "allocated_gib": 5.225467205047607, "reserved_gib": 8.228515625, "peak_allocated_gib": 7.100411891937256, "gpu_time_budget": null, "module": "model.layers.13.mlp.down_proj", "step": 4352}
{"stage": "sequential-round-coordinate", "pid": 113530, "time": 1789710564.3299608, "cuda_visible_devices": "2", "allocated_gib": 5.225467205047607, "reserved_gib": 8.228515625, "peak_allocated_gib": 7.100411891937256, "gpu_time_budget": null, "module": "model.layers.13.mlp.down_proj", "step": 4480}
{"stage": "sequential-round-coordinate", "pid": 113530, "time": 1789710565.2186055, "cuda_visible_devices": "2", "allocated_gib": 5.225467205047607, "reserved_gib": 8.228515625, "peak_allocated_gib": 7.100411891937256, "gpu_time_budget": null, "module": "model.layers.13.mlp.down_proj", "step": 4608}
{"stage": "sequential-round-coordinate", "pid": 113530, "time": 1789710566.1099665, "cuda_visible_devices": "2", "allocated_gib": 5.225467205047607, "reserved_gib": 8.228515625, "peak_allocated_gib": 7.100411891937256, "gpu_time_budget": null, "module": "model.layers.13.mlp.down_proj", "step": 4736}
{"stage": "sequential-round-coordinate", "pid": 113530, "time": 1789710566.9986224, "cuda_visible_devices": "2", "allocated_gib": 5.225467205047607, "reserved_gib": 8.228515625, "peak_allocated_gib": 7.100411891937256, "gpu_time_budget": null, "module": "model.layers.13.mlp.down_proj", "step": 4864}
{"stage": "sequential-round-coordinate", "pid": 113530, "time": 1789710567.8872874, "cuda_visible_devices": "2", "allocated_gib": 5.225467205047607, "reserved_gib": 8.228515625, "peak_allocated_gib": 7.100411891937256, "gpu_time_budget": null, "module": "model.layers.13.mlp.down_proj", "step": 4992}
{"stage": "sequential-round-coordinate", "pid": 113530, "time": 1789710568.7767959, "cuda_visible_devices": "2", "allocated_gib": 5.225467205047607, "reserved_gib": 8.228515625, "peak_allocated_gib": 7.100411891937256, "gpu_time_budget": null, "module": "model.layers.13.mlp.down_proj", "step": 5120}
{"stage": "sequential-round-coordinate", "pid": 113530, "time": 1789710569.6650286, "cuda_visible_devices": "2", "allocated_gib": 5.225467205047607, "reserved_gib": 8.228515625, "peak_allocated_gib": 7.100411891937256, "gpu_time_budget": null, "module": "model.layers.13.mlp.down_proj", "step": 5248}
{"stage": "sequential-round-coordinate", "pid": 113530, "time": 1789710570.5524843, "cuda_visible_devices": "2", "allocated_gib": 5.225467205047607, "reserved_gib": 8.228515625, "peak_allocated_gib": 7.100411891937256, "gpu_time_budget": null, "module": "model.layers.13.mlp.down_proj", "step": 5376}
{"stage": "sequential-round-coordinate", "pid": 113530, "time": 1789710571.440777, "cuda_visible_devices": "2", "allocated_gib": 5.225467205047607, "reserved_gib": 8.228515625, "peak_allocated_gib": 7.100411891937256, "gpu_time_budget": null, "module": "model.layers.13.mlp.down_proj", "step": 5504}
{"stage": "sequential-round-coordinate", "pid": 113530, "time": 1789710572.330344, "cuda_visible_devices": "2", "allocated_gib": 5.225467205047607, "reserved_gib": 8.228515625, "peak_allocated_gib": 7.100411891937256, "gpu_time_budget": null, "module": "model.layers.13.mlp.down_proj", "step": 5632}
{"stage": "sequential-round-coordinate", "pid": 113530, "time": 1789710573.2197392, "cuda_visible_devices": "2", "allocated_gib": 5.225467205047607, "reserved_gib": 8.228515625, "peak_allocated_gib": 7.100411891937256, "gpu_time_budget": null, "module": "model.layers.13.mlp.down_proj", "step": 5760}
{"stage": "sequential-round-coordinate", "pid": 113530, "time": 1789710574.1088188, "cuda_visible_devices": "2", "allocated_gib": 5.225467205047607, "reserved_gib": 8.228515625, "peak_allocated_gib": 7.100411891937256, "gpu_time_budget": null, "module": "model.layers.13.mlp.down_proj", "step": 5888}
{"stage": "sequential-round-coordinate", "pid": 113530, "time": 1789710574.9985144, "cuda_visible_devices": "2", "allocated_gib": 5.225467205047607, "reserved_gib": 8.228515625, "peak_allocated_gib": 7.100411891937256, "gpu_time_budget": null, "module": "model.layers.13.mlp.down_proj", "step": 6016}
{"stage": "sequential-round-coordinate", "pid": 113530, "time": 1789710575.8867195, "cuda_visible_devices": "2", "allocated_gib": 5.225467205047607, "reserved_gib": 8.228515625, "peak_allocated_gib": 7.100411891937256, "gpu_time_budget": null, "module": "model.layers.13.mlp.down_proj", "step": 6144}
{"stage": "sequential-round-coordinate", "pid": 113530, "time": 1789710576.7749872, "cuda_visible_devices": "2", "allocated_gib": 5.225467205047607, "reserved_gib": 8.228515625, "peak_allocated_gib": 7.100411891937256, "gpu_time_budget": null, "module": "model.layers.13.mlp.down_proj", "step": 6272}
{"stage": "sequential-round-coordinate", "pid": 113530, "time": 1789710577.33112, "cuda_visible_devices": "2", "allocated_gib": 5.225467205047607, "reserved_gib": 8.228515625, "peak_allocated_gib": 7.100411891937256, "gpu_time_budget": null, "module": "model.layers.13.mlp.down_proj", "step": 6400}
{"stage": "sequential-round-coordinate", "pid": 113530, "time": 1789710577.9942172, "cuda_visible_devices": "2", "allocated_gib": 5.225467205047607, "reserved_gib": 8.228515625, "peak_allocated_gib": 7.100411891937256, "gpu_time_budget": null, "module": "model.layers.13.mlp.down_proj", "step": 6528}
{"stage": "sequential-round-coordinate", "pid": 113530, "time": 1789710578.660089, "cuda_visible_devices": "2", "allocated_gib": 5.225467205047607, "reserved_gib": 8.228515625, "peak_allocated_gib": 7.100411891937256, "gpu_time_budget": null, "module": "model.layers.13.mlp.down_proj", "step": 6656}
{"stage": "sequential-round-coordinate", "pid": 113530, "time": 1789710579.3225842, "cuda_visible_devices": "2", "allocated_gib": 5.225467205047607, "reserved_gib": 8.228515625, "peak_allocated_gib": 7.100411891937256, "gpu_time_budget": null, "module": "model.layers.13.mlp.down_proj", "step": 6784}
{"stage": "sequential-round-coordinate", "pid": 113530, "time": 1789710579.985365, "cuda_visible_devices": "2", "allocated_gib": 5.225467205047607, "reserved_gib": 8.228515625, "peak_allocated_gib": 7.100411891937256, "gpu_time_budget": null, "module": "model.layers.13.mlp.down_proj", "step": 6912}
{"stage": "sequential-round-coordinate", "pid": 113530, "time": 1789710580.649048, "cuda_visible_devices": "2", "allocated_gib": 5.225467205047607, "reserved_gib": 8.228515625, "peak_allocated_gib": 7.100411891937256, "gpu_time_budget": null, "module": "model.layers.13.mlp.down_proj", "step": 7040}
{"stage": "sequential-round-coordinate", "pid": 113530, "time": 1789710581.3121223, "cuda_visible_devices": "2", "allocated_gib": 5.225467205047607, "reserved_gib": 8.228515625, "peak_allocated_gib": 7.100411891937256, "gpu_time_budget": null, "module": "model.layers.13.mlp.down_proj", "step": 7168}
{"stage": "sequential-round-coordinate", "pid": 113530, "time": 1789710581.9759731, "cuda_visible_devices": "2", "allocated_gib": 5.225467205047607, "reserved_gib": 8.228515625, "peak_allocated_gib": 7.100411891937256, "gpu_time_budget": null, "module": "model.layers.13.mlp.down_proj", "step": 7296}
{"stage": "sequential-round-coordinate", "pid": 113530, "time": 1789710582.6207504, "cuda_visible_devices": "2", "allocated_gib": 5.225467205047607, "reserved_gib": 8.228515625, "peak_allocated_gib": 7.100411891937256, "gpu_time_budget": null, "module": "model.layers.13.mlp.down_proj", "step": 7424}
{"stage": "sequential-round-coordinate", "pid": 113530, "time": 1789710583.285865, "cuda_visible_devices": "2", "allocated_gib": 5.225467205047607, "reserved_gib": 8.228515625, "peak_allocated_gib": 7.100411891937256, "gpu_time_budget": null, "module": "model.layers.13.mlp.down_proj", "step": 7552}
{"stage": "sequential-round-coordinate", "pid": 113530, "time": 1789710583.9487193, "cuda_visible_devices": "2", "allocated_gib": 5.225467205047607, "reserved_gib": 8.228515625, "peak_allocated_gib": 7.100411891937256, "gpu_time_budget": null, "module": "model.layers.13.mlp.down_proj", "step": 7680}
{"stage": "sequential-round-coordinate", "pid": 113530, "time": 1789710584.6118891, "cuda_visible_devices": "2", "allocated_gib": 5.225467205047607, "reserved_gib": 8.228515625, "peak_allocated_gib": 7.100411891937256, "gpu_time_budget": null, "module": "model.layers.13.mlp.down_proj", "step": 7808}
{"stage": "sequential-round-coordinate", "pid": 113530, "time": 1789710585.312432, "cuda_visible_devices": "2", "allocated_gib": 5.225467205047607, "reserved_gib": 8.228515625, "peak_allocated_gib": 7.100411891937256, "gpu_time_budget": null, "module": "model.layers.13.mlp.down_proj", "step": 7936}
{"stage": "sequential-round-coordinate", "pid": 113530, "time": 1789710585.972717, "cuda_visible_devices": "2", "allocated_gib": 5.225467205047607, "reserved_gib": 8.228515625, "peak_allocated_gib": 7.100411891937256, "gpu_time_budget": null, "module": "model.layers.13.mlp.down_proj", "step": 8064}
{"stage": "sequential-round-coordinate", "pid": 113530, "time": 1789710586.7198567, "cuda_visible_devices": "2", "allocated_gib": 5.225467205047607, "reserved_gib": 8.228515625, "peak_allocated_gib": 7.100411891937256, "gpu_time_budget": null, "module": "model.layers.13.mlp.down_proj", "step": 8192}
{"stage": "sequential-round-train-nll", "pid": 113530, "time": 1789710586.7756906, "cuda_visible_devices": "2", "allocated_gib": 3.7957167625427246, "reserved_gib": 3.80078125, "peak_allocated_gib": 7.100411891937256, "gpu_time_budget": null, "module": "model.layers.13.mlp.down_proj", "step": 512}
Evaluation segment 1/1: start=0, windows=8, seqlen=2048
{"stage": "sequential-round-train-nll", "pid": 113530, "time": 1789710590.201651, "cuda_visible_devices": "2", "allocated_gib": 3.7957167625427246, "reserved_gib": 5.978515625, "peak_allocated_gib": 7.100411891937256, "gpu_time_budget": null, "module": "model.layers.13.mlp.down_proj", "step": 2048}
Evaluation segment 1/1: start=0, windows=8, seqlen=2048
{"stage": "sequential-round-train-nll", "pid": 113530, "time": 1789710592.9471397, "cuda_visible_devices": "2", "allocated_gib": 3.7957167625427246, "reserved_gib": 5.978515625, "peak_allocated_gib": 7.100411891937256, "gpu_time_budget": null, "module": "model.layers.13.mlp.down_proj", "step": 8192}
Evaluation segment 1/1: start=0, windows=8, seqlen=2048
{"stage": "sequential-module-completed", "pid": 113530, "time": 1789710595.638339, "cuda_visible_devices": "2", "allocated_gib": 3.7957167625427246, "reserved_gib": 5.978515625, "peak_allocated_gib": 7.100411891937256, "gpu_time_budget": null, "module": "model.layers.13.mlp.down_proj", "completed": 14, "total": 28, "selected_train_nll": 2.6086678488823707, "elapsed_seconds": 946.0679719620384}
{"stage": "sequential-round-fit", "pid": 113530, "time": 1789710601.8563852, "cuda_visible_devices": "2", "allocated_gib": 3.7957167625427246, "reserved_gib": 5.978515625, "peak_allocated_gib": 7.100411891937256, "gpu_time_budget": null, "module": "model.layers.14.mlp.down_proj", "fit_rows": 49152, "heldout_rows": 16384}
{"stage": "sequential-round-coordinate", "pid": 113530, "time": 1789710603.1118062, "cuda_visible_devices": "2", "allocated_gib": 5.225467205047607, "reserved_gib": 8.228515625, "peak_allocated_gib": 7.100411891937256, "gpu_time_budget": null, "module": "model.layers.14.mlp.down_proj", "step": 128}
{"stage": "sequential-round-coordinate", "pid": 113530, "time": 1789710603.9998133, "cuda_visible_devices": "2", "allocated_gib": 5.225467205047607, "reserved_gib": 8.228515625, "peak_allocated_gib": 7.100411891937256, "gpu_time_budget": null, "module": "model.layers.14.mlp.down_proj", "step": 256}
{"stage": "sequential-round-coordinate", "pid": 113530, "time": 1789710604.888782, "cuda_visible_devices": "2", "allocated_gib": 5.225467205047607, "reserved_gib": 8.228515625, "peak_allocated_gib": 7.100411891937256, "gpu_time_budget": null, "module": "model.layers.14.mlp.down_proj", "step": 384}
{"stage": "sequential-round-coordinate", "pid": 113530, "time": 1789710605.8575466, "cuda_visible_devices": "2", "allocated_gib": 5.225467205047607, "reserved_gib": 8.228515625, "peak_allocated_gib": 7.100411891937256, "gpu_time_budget": null, "module": "model.layers.14.mlp.down_proj", "step": 512}
{"stage": "sequential-round-coordinate", "pid": 113530, "time": 1789710606.7468226, "cuda_visible_devices": "2", "allocated_gib": 5.225467205047607, "reserved_gib": 8.228515625, "peak_allocated_gib": 7.100411891937256, "gpu_time_budget": null, "module": "model.layers.14.mlp.down_proj", "step": 640}
{"stage": "sequential-round-coordinate", "pid": 113530, "time": 1789710607.6346066, "cuda_visible_devices": "2", "allocated_gib": 5.225467205047607, "reserved_gib": 8.228515625, "peak_allocated_gib": 7.100411891937256, "gpu_time_budget": null, "module": "model.layers.14.mlp.down_proj", "step": 768}
{"stage": "sequential-round-coordinate", "pid": 113530, "time": 1789710608.4903286, "cuda_visible_devices": "2", "allocated_gib": 5.225467205047607, "reserved_gib": 8.228515625, "peak_allocated_gib": 7.100411891937256, "gpu_time_budget": null, "module": "model.layers.14.mlp.down_proj", "step": 896}
{"stage": "sequential-round-coordinate", "pid": 113530, "time": 1789710609.3800635, "cuda_visible_devices": "2", "allocated_gib": 5.225467205047607, "reserved_gib": 8.228515625, "peak_allocated_gib": 7.100411891937256, "gpu_time_budget": null, "module": "model.layers.14.mlp.down_proj", "step": 1024}
{"stage": "sequential-round-coordinate", "pid": 113530, "time": 1789710610.2725048, "cuda_visible_devices": "2", "allocated_gib": 5.225467205047607, "reserved_gib": 8.228515625, "peak_allocated_gib": 7.100411891937256, "gpu_time_budget": null, "module": "model.layers.14.mlp.down_proj", "step": 1152}
{"stage": "sequential-round-coordinate", "pid": 113530, "time": 1789710611.1629586, "cuda_visible_devices": "2", "allocated_gib": 5.225467205047607, "reserved_gib": 8.228515625, "peak_allocated_gib": 7.100411891937256, "gpu_time_budget": null, "module": "model.layers.14.mlp.down_proj", "step": 1280}
{"stage": "sequential-round-coordinate", "pid": 113530, "time": 1789710612.054806, "cuda_visible_devices": "2", "allocated_gib": 5.225467205047607, "reserved_gib": 8.228515625, "peak_allocated_gib": 7.100411891937256, "gpu_time_budget": null, "module": "model.layers.14.mlp.down_proj", "step": 1408}
{"stage": "sequential-round-coordinate", "pid": 113530, "time": 1789710612.9427195, "cuda_visible_devices": "2", "allocated_gib": 5.225467205047607, "reserved_gib": 8.228515625, "peak_allocated_gib": 7.100411891937256, "gpu_time_budget": null, "module": "model.layers.14.mlp.down_proj", "step": 1536}
{"stage": "sequential-round-coordinate", "pid": 113530, "time": 1789710613.8319712, "cuda_visible_devices": "2", "allocated_gib": 5.225467205047607, "reserved_gib": 8.228515625, "peak_allocated_gib": 7.100411891937256, "gpu_time_budget": null, "module": "model.layers.14.mlp.down_proj", "step": 1664}
{"stage": "sequential-round-coordinate", "pid": 113530, "time": 1789710614.7201936, "cuda_visible_devices": "2", "allocated_gib": 5.225467205047607, "reserved_gib": 8.228515625, "peak_allocated_gib": 7.100411891937256, "gpu_time_budget": null, "module": "model.layers.14.mlp.down_proj", "step": 1792}
{"stage": "sequential-round-coordinate", "pid": 113530, "time": 1789710615.6088238, "cuda_visible_devices": "2", "allocated_gib": 5.225467205047607, "reserved_gib": 8.228515625, "peak_allocated_gib": 7.100411891937256, "gpu_time_budget": null, "module": "model.layers.14.mlp.down_proj", "step": 1920}
{"stage": "sequential-round-coordinate", "pid": 113530, "time": 1789710616.5762682, "cuda_visible_devices": "2", "allocated_gib": 5.225467205047607, "reserved_gib": 8.228515625, "peak_allocated_gib": 7.100411891937256, "gpu_time_budget": null, "module": "model.layers.14.mlp.down_proj", "step": 2048}
{"stage": "sequential-round-coordinate", "pid": 113530, "time": 1789710617.4670706, "cuda_visible_devices": "2", "allocated_gib": 5.225467205047607, "reserved_gib": 8.228515625, "peak_allocated_gib": 7.100411891937256, "gpu_time_budget": null, "module": "model.layers.14.mlp.down_proj", "step": 2176}
{"stage": "sequential-round-coordinate", "pid": 113530, "time": 1789710618.3601725, "cuda_visible_devices": "2", "allocated_gib": 5.225467205047607, "reserved_gib": 8.228515625, "peak_allocated_gib": 7.100411891937256, "gpu_time_budget": null, "module": "model.layers.14.mlp.down_proj", "step": 2304}
{"stage": "sequential-round-coordinate", "pid": 113530, "time": 1789710619.2503214, "cuda_visible_devices": "2", "allocated_gib": 5.225467205047607, "reserved_gib": 8.228515625, "peak_allocated_gib": 7.100411891937256, "gpu_time_budget": null, "module": "model.layers.14.mlp.down_proj", "step": 2432}
{"stage": "sequential-round-coordinate", "pid": 113530, "time": 1789710620.139822, "cuda_visible_devices": "2", "allocated_gib": 5.225467205047607, "reserved_gib": 8.228515625, "peak_allocated_gib": 7.100411891937256, "gpu_time_budget": null, "module": "model.layers.14.mlp.down_proj", "step": 2560}
{"stage": "sequential-round-coordinate", "pid": 113530, "time": 1789710621.0291705, "cuda_visible_devices": "2", "allocated_gib": 5.225467205047607, "reserved_gib": 8.228515625, "peak_allocated_gib": 7.100411891937256, "gpu_time_budget": null, "module": "model.layers.14.mlp.down_proj", "step": 2688}
{"stage": "sequential-round-coordinate", "pid": 113530, "time": 1789710621.9184947, "cuda_visible_devices": "2", "allocated_gib": 5.225467205047607, "reserved_gib": 8.228515625, "peak_allocated_gib": 7.100411891937256, "gpu_time_budget": null, "module": "model.layers.14.mlp.down_proj", "step": 2816}
{"stage": "sequential-round-coordinate", "pid": 113530, "time": 1789710622.8085165, "cuda_visible_devices": "2", "allocated_gib": 5.225467205047607, "reserved_gib": 8.228515625, "peak_allocated_gib": 7.100411891937256, "gpu_time_budget": null, "module": "model.layers.14.mlp.down_proj", "step": 2944}
{"stage": "sequential-round-coordinate", "pid": 113530, "time": 1789710623.701842, "cuda_visible_devices": "2", "allocated_gib": 5.225467205047607, "reserved_gib": 8.228515625, "peak_allocated_gib": 7.100411891937256, "gpu_time_budget": null, "module": "model.layers.14.mlp.down_proj", "step": 3072}
{"stage": "sequential-round-coordinate", "pid": 113530, "time": 1789710624.5913303, "cuda_visible_devices": "2", "allocated_gib": 5.225467205047607, "reserved_gib": 8.228515625, "peak_allocated_gib": 7.100411891937256, "gpu_time_budget": null, "module": "model.layers.14.mlp.down_proj", "step": 3200}
{"stage": "sequential-round-coordinate", "pid": 113530, "time": 1789710625.480475, "cuda_visible_devices": "2", "allocated_gib": 5.225467205047607, "reserved_gib": 8.228515625, "peak_allocated_gib": 7.100411891937256, "gpu_time_budget": null, "module": "model.layers.14.mlp.down_proj", "step": 3328}
{"stage": "sequential-round-coordinate", "pid": 113530, "time": 1789710626.3722763, "cuda_visible_devices": "2", "allocated_gib": 5.225467205047607, "reserved_gib": 8.228515625, "peak_allocated_gib": 7.100411891937256, "gpu_time_budget": null, "module": "model.layers.14.mlp.down_proj", "step": 3456}
{"stage": "sequential-round-coordinate", "pid": 113530, "time": 1789710627.2622244, "cuda_visible_devices": "2", "allocated_gib": 5.225467205047607, "reserved_gib": 8.228515625, "peak_allocated_gib": 7.100411891937256, "gpu_time_budget": null, "module": "model.layers.14.mlp.down_proj", "step": 3584}
{"stage": "sequential-round-coordinate", "pid": 113530, "time": 1789710628.1533406, "cuda_visible_devices": "2", "allocated_gib": 5.225467205047607, "reserved_gib": 8.228515625, "peak_allocated_gib": 7.100411891937256, "gpu_time_budget": null, "module": "model.layers.14.mlp.down_proj", "step": 3712}
{"stage": "sequential-round-coordinate", "pid": 113530, "time": 1789710629.0467525, "cuda_visible_devices": "2", "allocated_gib": 5.225467205047607, "reserved_gib": 8.228515625, "peak_allocated_gib": 7.100411891937256, "gpu_time_budget": null, "module": "model.layers.14.mlp.down_proj", "step": 3840}
{"stage": "sequential-round-coordinate", "pid": 113530, "time": 1789710629.9373653, "cuda_visible_devices": "2", "allocated_gib": 5.225467205047607, "reserved_gib": 8.228515625, "peak_allocated_gib": 7.100411891937256, "gpu_time_budget": null, "module": "model.layers.14.mlp.down_proj", "step": 3968}
{"stage": "sequential-round-coordinate", "pid": 113530, "time": 1789710630.8259287, "cuda_visible_devices": "2", "allocated_gib": 5.225467205047607, "reserved_gib": 8.228515625, "peak_allocated_gib": 7.100411891937256, "gpu_time_budget": null, "module": "model.layers.14.mlp.down_proj", "step": 4096}
{"stage": "sequential-round-coordinate", "pid": 113530, "time": 1789710631.7150123, "cuda_visible_devices": "2", "allocated_gib": 5.225467205047607, "reserved_gib": 8.228515625, "peak_allocated_gib": 7.100411891937256, "gpu_time_budget": null, "module": "model.layers.14.mlp.down_proj", "step": 4224}
{"stage": "sequential-round-coordinate", "pid": 113530, "time": 1789710632.5964735, "cuda_visible_devices": "2", "allocated_gib": 5.225467205047607, "reserved_gib": 8.228515625, "peak_allocated_gib": 7.100411891937256, "gpu_time_budget": null, "module": "model.layers.14.mlp.down_proj", "step": 4352}
{"stage": "sequential-round-coordinate", "pid": 113530, "time": 1789710633.484987, "cuda_visible_devices": "2", "allocated_gib": 5.225467205047607, "reserved_gib": 8.228515625, "peak_allocated_gib": 7.100411891937256, "gpu_time_budget": null, "module": "model.layers.14.mlp.down_proj", "step": 4480}
{"stage": "sequential-round-coordinate", "pid": 113530, "time": 1789710634.374073, "cuda_visible_devices": "2", "allocated_gib": 5.225467205047607, "reserved_gib": 8.228515625, "peak_allocated_gib": 7.100411891937256, "gpu_time_budget": null, "module": "model.layers.14.mlp.down_proj", "step": 4608}
{"stage": "sequential-round-coordinate", "pid": 113530, "time": 1789710635.2626064, "cuda_visible_devices": "2", "allocated_gib": 5.225467205047607, "reserved_gib": 8.228515625, "peak_allocated_gib": 7.100411891937256, "gpu_time_budget": null, "module": "model.layers.14.mlp.down_proj", "step": 4736}
{"stage": "sequential-round-coordinate", "pid": 113530, "time": 1789710636.1522777, "cuda_visible_devices": "2", "allocated_gib": 5.225467205047607, "reserved_gib": 8.228515625, "peak_allocated_gib": 7.100411891937256, "gpu_time_budget": null, "module": "model.layers.14.mlp.down_proj", "step": 4864}
{"stage": "sequential-round-coordinate", "pid": 113530, "time": 1789710637.040632, "cuda_visible_devices": "2", "allocated_gib": 5.225467205047607, "reserved_gib": 8.228515625, "peak_allocated_gib": 7.100411891937256, "gpu_time_budget": null, "module": "model.layers.14.mlp.down_proj", "step": 4992}
{"stage": "sequential-round-coordinate", "pid": 113530, "time": 1789710637.9306965, "cuda_visible_devices": "2", "allocated_gib": 5.225467205047607, "reserved_gib": 8.228515625, "peak_allocated_gib": 7.100411891937256, "gpu_time_budget": null, "module": "model.layers.14.mlp.down_proj", "step": 5120}
{"stage": "sequential-round-coordinate", "pid": 113530, "time": 1789710638.825074, "cuda_visible_devices": "2", "allocated_gib": 5.225467205047607, "reserved_gib": 8.228515625, "peak_allocated_gib": 7.100411891937256, "gpu_time_budget": null, "module": "model.layers.14.mlp.down_proj", "step": 5248}
{"stage": "sequential-round-coordinate", "pid": 113530, "time": 1789710639.7130053, "cuda_visible_devices": "2", "allocated_gib": 5.225467205047607, "reserved_gib": 8.228515625, "peak_allocated_gib": 7.100411891937256, "gpu_time_budget": null, "module": "model.layers.14.mlp.down_proj", "step": 5376}
{"stage": "sequential-round-coordinate", "pid": 113530, "time": 1789710640.6016502, "cuda_visible_devices": "2", "allocated_gib": 5.225467205047607, "reserved_gib": 8.228515625, "peak_allocated_gib": 7.100411891937256, "gpu_time_budget": null, "module": "model.layers.14.mlp.down_proj", "step": 5504}
{"stage": "sequential-round-coordinate", "pid": 113530, "time": 1789710641.488123, "cuda_visible_devices": "2", "allocated_gib": 5.225467205047607, "reserved_gib": 8.228515625, "peak_allocated_gib": 7.100411891937256, "gpu_time_budget": null, "module": "model.layers.14.mlp.down_proj", "step": 5632}
{"stage": "sequential-round-coordinate", "pid": 113530, "time": 1789710642.3769097, "cuda_visible_devices": "2", "allocated_gib": 5.225467205047607, "reserved_gib": 8.228515625, "peak_allocated_gib": 7.100411891937256, "gpu_time_budget": null, "module": "model.layers.14.mlp.down_proj", "step": 5760}
{"stage": "sequential-round-coordinate", "pid": 113530, "time": 1789710643.268644, "cuda_visible_devices": "2", "allocated_gib": 5.225467205047607, "reserved_gib": 8.228515625, "peak_allocated_gib": 7.100411891937256, "gpu_time_budget": null, "module": "model.layers.14.mlp.down_proj", "step": 5888}
{"stage": "sequential-round-coordinate", "pid": 113530, "time": 1789710644.1600878, "cuda_visible_devices": "2", "allocated_gib": 5.225467205047607, "reserved_gib": 8.228515625, "peak_allocated_gib": 7.100411891937256, "gpu_time_budget": null, "module": "model.layers.14.mlp.down_proj", "step": 6016}
{"stage": "sequential-round-coordinate", "pid": 113530, "time": 1789710645.050304, "cuda_visible_devices": "2", "allocated_gib": 5.225467205047607, "reserved_gib": 8.228515625, "peak_allocated_gib": 7.100411891937256, "gpu_time_budget": null, "module": "model.layers.14.mlp.down_proj", "step": 6144}
{"stage": "sequential-round-coordinate", "pid": 113530, "time": 1789710645.940237, "cuda_visible_devices": "2", "allocated_gib": 5.225467205047607, "reserved_gib": 8.228515625, "peak_allocated_gib": 7.100411891937256, "gpu_time_budget": null, "module": "model.layers.14.mlp.down_proj", "step": 6272}
{"stage": "sequential-round-coordinate", "pid": 113530, "time": 1789710646.8282864, "cuda_visible_devices": "2", "allocated_gib": 5.225467205047607, "reserved_gib": 8.228515625, "peak_allocated_gib": 7.100411891937256, "gpu_time_budget": null, "module": "model.layers.14.mlp.down_proj", "step": 6400}
{"stage": "sequential-round-coordinate", "pid": 113530, "time": 1789710647.7145138, "cuda_visible_devices": "2", "allocated_gib": 5.225467205047607, "reserved_gib": 8.228515625, "peak_allocated_gib": 7.100411891937256, "gpu_time_budget": null, "module": "model.layers.14.mlp.down_proj", "step": 6528}
{"stage": "sequential-round-coordinate", "pid": 113530, "time": 1789710648.6027858, "cuda_visible_devices": "2", "allocated_gib": 5.225467205047607, "reserved_gib": 8.228515625, "peak_allocated_gib": 7.100411891937256, "gpu_time_budget": null, "module": "model.layers.14.mlp.down_proj", "step": 6656}
{"stage": "sequential-round-coordinate", "pid": 113530, "time": 1789710649.4917338, "cuda_visible_devices": "2", "allocated_gib": 5.225467205047607, "reserved_gib": 8.228515625, "peak_allocated_gib": 7.100411891937256, "gpu_time_budget": null, "module": "model.layers.14.mlp.down_proj", "step": 6784}
{"stage": "sequential-round-coordinate", "pid": 113530, "time": 1789710650.3249023, "cuda_visible_devices": "2", "allocated_gib": 5.225467205047607, "reserved_gib": 8.228515625, "peak_allocated_gib": 7.100411891937256, "gpu_time_budget": null, "module": "model.layers.14.mlp.down_proj", "step": 6912}
{"stage": "sequential-round-coordinate", "pid": 113530, "time": 1789710650.9441888, "cuda_visible_devices": "2", "allocated_gib": 5.225467205047607, "reserved_gib": 8.228515625, "peak_allocated_gib": 7.100411891937256, "gpu_time_budget": null, "module": "model.layers.14.mlp.down_proj", "step": 7040}
{"stage": "sequential-round-coordinate", "pid": 113530, "time": 1789710651.6062863, "cuda_visible_devices": "2", "allocated_gib": 5.225467205047607, "reserved_gib": 8.228515625, "peak_allocated_gib": 7.100411891937256, "gpu_time_budget": null, "module": "model.layers.14.mlp.down_proj", "step": 7168}
{"stage": "sequential-round-coordinate", "pid": 113530, "time": 1789710652.2672052, "cuda_visible_devices": "2", "allocated_gib": 5.225467205047607, "reserved_gib": 8.228515625, "peak_allocated_gib": 7.100411891937256, "gpu_time_budget": null, "module": "model.layers.14.mlp.down_proj", "step": 7296}
{"stage": "sequential-round-coordinate", "pid": 113530, "time": 1789710652.9269066, "cuda_visible_devices": "2", "allocated_gib": 5.225467205047607, "reserved_gib": 8.228515625, "peak_allocated_gib": 7.100411891937256, "gpu_time_budget": null, "module": "model.layers.14.mlp.down_proj", "step": 7424}
{"stage": "sequential-round-coordinate", "pid": 113530, "time": 1789710653.5873733, "cuda_visible_devices": "2", "allocated_gib": 5.225467205047607, "reserved_gib": 8.228515625, "peak_allocated_gib": 7.100411891937256, "gpu_time_budget": null, "module": "model.layers.14.mlp.down_proj", "step": 7552}
{"stage": "sequential-round-coordinate", "pid": 113530, "time": 1789710654.247429, "cuda_visible_devices": "2", "allocated_gib": 5.225467205047607, "reserved_gib": 8.228515625, "peak_allocated_gib": 7.100411891937256, "gpu_time_budget": null, "module": "model.layers.14.mlp.down_proj", "step": 7680}
{"stage": "sequential-round-coordinate", "pid": 113530, "time": 1789710654.9075437, "cuda_visible_devices": "2", "allocated_gib": 5.225467205047607, "reserved_gib": 8.228515625, "peak_allocated_gib": 7.100411891937256, "gpu_time_budget": null, "module": "model.layers.14.mlp.down_proj", "step": 7808}
{"stage": "sequential-round-coordinate", "pid": 113530, "time": 1789710655.5708313, "cuda_visible_devices": "2", "allocated_gib": 5.225467205047607, "reserved_gib": 8.228515625, "peak_allocated_gib": 7.100411891937256, "gpu_time_budget": null, "module": "model.layers.14.mlp.down_proj", "step": 7936}
{"stage": "sequential-round-coordinate", "pid": 113530, "time": 1789710656.1541526, "cuda_visible_devices": "2", "allocated_gib": 5.225467205047607, "reserved_gib": 8.228515625, "peak_allocated_gib": 7.100411891937256, "gpu_time_budget": null, "module": "model.layers.14.mlp.down_proj", "step": 8064}
{"stage": "sequential-round-coordinate", "pid": 113530, "time": 1789710656.9042408, "cuda_visible_devices": "2", "allocated_gib": 5.225467205047607, "reserved_gib": 8.228515625, "peak_allocated_gib": 7.100411891937256, "gpu_time_budget": null, "module": "model.layers.14.mlp.down_proj", "step": 8192}
{"stage": "sequential-round-train-nll", "pid": 113530, "time": 1789710656.9598994, "cuda_visible_devices": "2", "allocated_gib": 3.7957167625427246, "reserved_gib": 3.80078125, "peak_allocated_gib": 7.100411891937256, "gpu_time_budget": null, "module": "model.layers.14.mlp.down_proj", "step": 512}
Evaluation segment 1/1: start=0, windows=8, seqlen=2048
{"stage": "sequential-round-train-nll", "pid": 113530, "time": 1789710660.3819697, "cuda_visible_devices": "2", "allocated_gib": 3.7957167625427246, "reserved_gib": 5.978515625, "peak_allocated_gib": 7.100411891937256, "gpu_time_budget": null, "module": "model.layers.14.mlp.down_proj", "step": 2048}
Evaluation segment 1/1: start=0, windows=8, seqlen=2048
{"stage": "sequential-round-train-nll", "pid": 113530, "time": 1789710663.6867394, "cuda_visible_devices": "2", "allocated_gib": 3.7957167625427246, "reserved_gib": 5.978515625, "peak_allocated_gib": 7.100411891937256, "gpu_time_budget": null, "module": "model.layers.14.mlp.down_proj", "step": 8192}
Evaluation segment 1/1: start=0, windows=8, seqlen=2048
{"stage": "sequential-module-completed", "pid": 113530, "time": 1789710666.4246182, "cuda_visible_devices": "2", "allocated_gib": 3.7957167625427246, "reserved_gib": 5.978515625, "peak_allocated_gib": 7.100411891937256, "gpu_time_budget": null, "module": "model.layers.14.mlp.down_proj", "completed": 15, "total": 28, "selected_train_nll": 2.6086678488823707, "elapsed_seconds": 1016.854256517021}
{"stage": "sequential-round-fit", "pid": 113530, "time": 1789710671.3464339, "cuda_visible_devices": "2", "allocated_gib": 3.7957167625427246, "reserved_gib": 5.978515625, "peak_allocated_gib": 7.100411891937256, "gpu_time_budget": null, "module": "model.layers.15.mlp.down_proj", "fit_rows": 49152, "heldout_rows": 16384}
{"stage": "sequential-round-coordinate", "pid": 113530, "time": 1789710672.8664405, "cuda_visible_devices": "2", "allocated_gib": 5.225467205047607, "reserved_gib": 8.228515625, "peak_allocated_gib": 7.100411891937256, "gpu_time_budget": null, "module": "model.layers.15.mlp.down_proj", "step": 128}
{"stage": "sequential-round-coordinate", "pid": 113530, "time": 1789710673.7558374, "cuda_visible_devices": "2", "allocated_gib": 5.225467205047607, "reserved_gib": 8.228515625, "peak_allocated_gib": 7.100411891937256, "gpu_time_budget": null, "module": "model.layers.15.mlp.down_proj", "step": 256}
{"stage": "sequential-round-coordinate", "pid": 113530, "time": 1789710674.6438417, "cuda_visible_devices": "2", "allocated_gib": 5.225467205047607, "reserved_gib": 8.228515625, "peak_allocated_gib": 7.100411891937256, "gpu_time_budget": null, "module": "model.layers.15.mlp.down_proj", "step": 384}
{"stage": "sequential-round-coordinate", "pid": 113530, "time": 1789710675.6196265, "cuda_visible_devices": "2", "allocated_gib": 5.225467205047607, "reserved_gib": 8.228515625, "peak_allocated_gib": 7.100411891937256, "gpu_time_budget": null, "module": "model.layers.15.mlp.down_proj", "step": 512}
{"stage": "sequential-round-coordinate", "pid": 113530, "time": 1789710676.5113044, "cuda_visible_devices": "2", "allocated_gib": 5.225467205047607, "reserved_gib": 8.228515625, "peak_allocated_gib": 7.100411891937256, "gpu_time_budget": null, "module": "model.layers.15.mlp.down_proj", "step": 640}
{"stage": "sequential-round-coordinate", "pid": 113530, "time": 1789710677.40206, "cuda_visible_devices": "2", "allocated_gib": 5.225467205047607, "reserved_gib": 8.228515625, "peak_allocated_gib": 7.100411891937256, "gpu_time_budget": null, "module": "model.layers.15.mlp.down_proj", "step": 768}
{"stage": "sequential-round-coordinate", "pid": 113530, "time": 1789710678.2929466, "cuda_visible_devices": "2", "allocated_gib": 5.225467205047607, "reserved_gib": 8.228515625, "peak_allocated_gib": 7.100411891937256, "gpu_time_budget": null, "module": "model.layers.15.mlp.down_proj", "step": 896}
{"stage": "sequential-round-coordinate", "pid": 113530, "time": 1789710679.1872947, "cuda_visible_devices": "2", "allocated_gib": 5.225467205047607, "reserved_gib": 8.228515625, "peak_allocated_gib": 7.100411891937256, "gpu_time_budget": null, "module": "model.layers.15.mlp.down_proj", "step": 1024}
{"stage": "sequential-round-coordinate", "pid": 113530, "time": 1789710680.0753725, "cuda_visible_devices": "2", "allocated_gib": 5.225467205047607, "reserved_gib": 8.228515625, "peak_allocated_gib": 7.100411891937256, "gpu_time_budget": null, "module": "model.layers.15.mlp.down_proj", "step": 1152}
{"stage": "sequential-round-coordinate", "pid": 113530, "time": 1789710680.9728806, "cuda_visible_devices": "2", "allocated_gib": 5.225467205047607, "reserved_gib": 8.228515625, "peak_allocated_gib": 7.100411891937256, "gpu_time_budget": null, "module": "model.layers.15.mlp.down_proj", "step": 1280}
{"stage": "sequential-round-coordinate", "pid": 113530, "time": 1789710681.8640811, "cuda_visible_devices": "2", "allocated_gib": 5.225467205047607, "reserved_gib": 8.228515625, "peak_allocated_gib": 7.100411891937256, "gpu_time_budget": null, "module": "model.layers.15.mlp.down_proj", "step": 1408}
{"stage": "sequential-round-coordinate", "pid": 113530, "time": 1789710682.7523165, "cuda_visible_devices": "2", "allocated_gib": 5.225467205047607, "reserved_gib": 8.228515625, "peak_allocated_gib": 7.100411891937256, "gpu_time_budget": null, "module": "model.layers.15.mlp.down_proj", "step": 1536}
{"stage": "sequential-round-coordinate", "pid": 113530, "time": 1789710683.6411378, "cuda_visible_devices": "2", "allocated_gib": 5.225467205047607, "reserved_gib": 8.228515625, "peak_allocated_gib": 7.100411891937256, "gpu_time_budget": null, "module": "model.layers.15.mlp.down_proj", "step": 1664}
{"stage": "sequential-round-coordinate", "pid": 113530, "time": 1789710684.5301201, "cuda_visible_devices": "2", "allocated_gib": 5.225467205047607, "reserved_gib": 8.228515625, "peak_allocated_gib": 7.100411891937256, "gpu_time_budget": null, "module": "model.layers.15.mlp.down_proj", "step": 1792}
{"stage": "sequential-round-coordinate", "pid": 113530, "time": 1789710685.4169872, "cuda_visible_devices": "2", "allocated_gib": 5.225467205047607, "reserved_gib": 8.228515625, "peak_allocated_gib": 7.100411891937256, "gpu_time_budget": null, "module": "model.layers.15.mlp.down_proj", "step": 1920}
{"stage": "sequential-round-coordinate", "pid": 113530, "time": 1789710686.3882573, "cuda_visible_devices": "2", "allocated_gib": 5.225467205047607, "reserved_gib": 8.228515625, "peak_allocated_gib": 7.100411891937256, "gpu_time_budget": null, "module": "model.layers.15.mlp.down_proj", "step": 2048}
{"stage": "sequential-round-coordinate", "pid": 113530, "time": 1789710687.2732954, "cuda_visible_devices": "2", "allocated_gib": 5.225467205047607, "reserved_gib": 8.228515625, "peak_allocated_gib": 7.100411891937256, "gpu_time_budget": null, "module": "model.layers.15.mlp.down_proj", "step": 2176}
{"stage": "sequential-round-coordinate", "pid": 113530, "time": 1789710688.1644275, "cuda_visible_devices": "2", "allocated_gib": 5.225467205047607, "reserved_gib": 8.228515625, "peak_allocated_gib": 7.100411891937256, "gpu_time_budget": null, "module": "model.layers.15.mlp.down_proj", "step": 2304}
{"stage": "sequential-round-coordinate", "pid": 113530, "time": 1789710689.0509605, "cuda_visible_devices": "2", "allocated_gib": 5.225467205047607, "reserved_gib": 8.228515625, "peak_allocated_gib": 7.100411891937256, "gpu_time_budget": null, "module": "model.layers.15.mlp.down_proj", "step": 2432}
{"stage": "sequential-round-coordinate", "pid": 113530, "time": 1789710689.9394925, "cuda_visible_devices": "2", "allocated_gib": 5.225467205047607, "reserved_gib": 8.228515625, "peak_allocated_gib": 7.100411891937256, "gpu_time_budget": null, "module": "model.layers.15.mlp.down_proj", "step": 2560}
{"stage": "sequential-round-coordinate", "pid": 113530, "time": 1789710690.8285525, "cuda_visible_devices": "2", "allocated_gib": 5.225467205047607, "reserved_gib": 8.228515625, "peak_allocated_gib": 7.100411891937256, "gpu_time_budget": null, "module": "model.layers.15.mlp.down_proj", "step": 2688}
{"stage": "sequential-round-coordinate", "pid": 113530, "time": 1789710691.7174387, "cuda_visible_devices": "2", "allocated_gib": 5.225467205047607, "reserved_gib": 8.228515625, "peak_allocated_gib": 7.100411891937256, "gpu_time_budget": null, "module": "model.layers.15.mlp.down_proj", "step": 2816}
{"stage": "sequential-round-coordinate", "pid": 113530, "time": 1789710692.605336, "cuda_visible_devices": "2", "allocated_gib": 5.225467205047607, "reserved_gib": 8.228515625, "peak_allocated_gib": 7.100411891937256, "gpu_time_budget": null, "module": "model.layers.15.mlp.down_proj", "step": 2944}
{"stage": "sequential-round-coordinate", "pid": 113530, "time": 1789710693.4978292, "cuda_visible_devices": "2", "allocated_gib": 5.225467205047607, "reserved_gib": 8.228515625, "peak_allocated_gib": 7.100411891937256, "gpu_time_budget": null, "module": "model.layers.15.mlp.down_proj", "step": 3072}
{"stage": "sequential-round-coordinate", "pid": 113530, "time": 1789710694.384416, "cuda_visible_devices": "2", "allocated_gib": 5.225467205047607, "reserved_gib": 8.228515625, "peak_allocated_gib": 7.100411891937256, "gpu_time_budget": null, "module": "model.layers.15.mlp.down_proj", "step": 3200}
{"stage": "sequential-round-coordinate", "pid": 113530, "time": 1789710695.273707, "cuda_visible_devices": "2", "allocated_gib": 5.225467205047607, "reserved_gib": 8.228515625, "peak_allocated_gib": 7.100411891937256, "gpu_time_budget": null, "module": "model.layers.15.mlp.down_proj", "step": 3328}
{"stage": "sequential-round-coordinate", "pid": 113530, "time": 1789710696.1619985, "cuda_visible_devices": "2", "allocated_gib": 5.225467205047607, "reserved_gib": 8.228515625, "peak_allocated_gib": 7.100411891937256, "gpu_time_budget": null, "module": "model.layers.15.mlp.down_proj", "step": 3456}
{"stage": "sequential-round-coordinate", "pid": 113530, "time": 1789710697.0523598, "cuda_visible_devices": "2", "allocated_gib": 5.225467205047607, "reserved_gib": 8.228515625, "peak_allocated_gib": 7.100411891937256, "gpu_time_budget": null, "module": "model.layers.15.mlp.down_proj", "step": 3584}
{"stage": "sequential-round-coordinate", "pid": 113530, "time": 1789710697.9416282, "cuda_visible_devices": "2", "allocated_gib": 5.225467205047607, "reserved_gib": 8.228515625, "peak_allocated_gib": 7.100411891937256, "gpu_time_budget": null, "module": "model.layers.15.mlp.down_proj", "step": 3712}
{"stage": "sequential-round-coordinate", "pid": 113530, "time": 1789710698.8310564, "cuda_visible_devices": "2", "allocated_gib": 5.225467205047607, "reserved_gib": 8.228515625, "peak_allocated_gib": 7.100411891937256, "gpu_time_budget": null, "module": "model.layers.15.mlp.down_proj", "step": 3840}
{"stage": "sequential-round-coordinate", "pid": 113530, "time": 1789710699.722857, "cuda_visible_devices": "2", "allocated_gib": 5.225467205047607, "reserved_gib": 8.228515625, "peak_allocated_gib": 7.100411891937256, "gpu_time_budget": null, "module": "model.layers.15.mlp.down_proj", "step": 3968}
{"stage": "sequential-round-coordinate", "pid": 113530, "time": 1789710700.612873, "cuda_visible_devices": "2", "allocated_gib": 5.225467205047607, "reserved_gib": 8.228515625, "peak_allocated_gib": 7.100411891937256, "gpu_time_budget": null, "module": "model.layers.15.mlp.down_proj", "step": 4096}
{"stage": "sequential-round-coordinate", "pid": 113530, "time": 1789710701.4974442, "cuda_visible_devices": "2", "allocated_gib": 5.225467205047607, "reserved_gib": 8.228515625, "peak_allocated_gib": 7.100411891937256, "gpu_time_budget": null, "module": "model.layers.15.mlp.down_proj", "step": 4224}
{"stage": "sequential-round-coordinate", "pid": 113530, "time": 1789710702.390233, "cuda_visible_devices": "2", "allocated_gib": 5.225467205047607, "reserved_gib": 8.228515625, "peak_allocated_gib": 7.100411891937256, "gpu_time_budget": null, "module": "model.layers.15.mlp.down_proj", "step": 4352}
{"stage": "sequential-round-coordinate", "pid": 113530, "time": 1789710703.2786517, "cuda_visible_devices": "2", "allocated_gib": 5.225467205047607, "reserved_gib": 8.228515625, "peak_allocated_gib": 7.100411891937256, "gpu_time_budget": null, "module": "model.layers.15.mlp.down_proj", "step": 4480}
{"stage": "sequential-round-coordinate", "pid": 113530, "time": 1789710704.1654315, "cuda_visible_devices": "2", "allocated_gib": 5.225467205047607, "reserved_gib": 8.228515625, "peak_allocated_gib": 7.100411891937256, "gpu_time_budget": null, "module": "model.layers.15.mlp.down_proj", "step": 4608}
{"stage": "sequential-round-coordinate", "pid": 113530, "time": 1789710705.0548708, "cuda_visible_devices": "2", "allocated_gib": 5.225467205047607, "reserved_gib": 8.228515625, "peak_allocated_gib": 7.100411891937256, "gpu_time_budget": null, "module": "model.layers.15.mlp.down_proj", "step": 4736}
{"stage": "sequential-round-coordinate", "pid": 113530, "time": 1789710705.944609, "cuda_visible_devices": "2", "allocated_gib": 5.225467205047607, "reserved_gib": 8.228515625, "peak_allocated_gib": 7.100411891937256, "gpu_time_budget": null, "module": "model.layers.15.mlp.down_proj", "step": 4864}
{"stage": "sequential-round-coordinate", "pid": 113530, "time": 1789710706.8323896, "cuda_visible_devices": "2", "allocated_gib": 5.225467205047607, "reserved_gib": 8.228515625, "peak_allocated_gib": 7.100411891937256, "gpu_time_budget": null, "module": "model.layers.15.mlp.down_proj", "step": 4992}
{"stage": "sequential-round-coordinate", "pid": 113530, "time": 1789710707.717494, "cuda_visible_devices": "2", "allocated_gib": 5.225467205047607, "reserved_gib": 8.228515625, "peak_allocated_gib": 7.100411891937256, "gpu_time_budget": null, "module": "model.layers.15.mlp.down_proj", "step": 5120}
{"stage": "sequential-round-coordinate", "pid": 113530, "time": 1789710708.6040316, "cuda_visible_devices": "2", "allocated_gib": 5.225467205047607, "reserved_gib": 8.228515625, "peak_allocated_gib": 7.100411891937256, "gpu_time_budget": null, "module": "model.layers.15.mlp.down_proj", "step": 5248}
{"stage": "sequential-round-coordinate", "pid": 113530, "time": 1789710709.4923604, "cuda_visible_devices": "2", "allocated_gib": 5.225467205047607, "reserved_gib": 8.228515625, "peak_allocated_gib": 7.100411891937256, "gpu_time_budget": null, "module": "model.layers.15.mlp.down_proj", "step": 5376}
{"stage": "sequential-round-coordinate", "pid": 113530, "time": 1789710710.38094, "cuda_visible_devices": "2", "allocated_gib": 5.225467205047607, "reserved_gib": 8.228515625, "peak_allocated_gib": 7.100411891937256, "gpu_time_budget": null, "module": "model.layers.15.mlp.down_proj", "step": 5504}
{"stage": "sequential-round-coordinate", "pid": 113530, "time": 1789710711.2712126, "cuda_visible_devices": "2", "allocated_gib": 5.225467205047607, "reserved_gib": 8.228515625, "peak_allocated_gib": 7.100411891937256, "gpu_time_budget": null, "module": "model.layers.15.mlp.down_proj", "step": 5632}
{"stage": "sequential-round-coordinate", "pid": 113530, "time": 1789710712.1618283, "cuda_visible_devices": "2", "allocated_gib": 5.225467205047607, "reserved_gib": 8.228515625, "peak_allocated_gib": 7.100411891937256, "gpu_time_budget": null, "module": "model.layers.15.mlp.down_proj", "step": 5760}
{"stage": "sequential-round-coordinate", "pid": 113530, "time": 1789710713.051946, "cuda_visible_devices": "2", "allocated_gib": 5.225467205047607, "reserved_gib": 8.228515625, "peak_allocated_gib": 7.100411891937256, "gpu_time_budget": null, "module": "model.layers.15.mlp.down_proj", "step": 5888}
{"stage": "sequential-round-coordinate", "pid": 113530, "time": 1789710713.9418828, "cuda_visible_devices": "2", "allocated_gib": 5.225467205047607, "reserved_gib": 8.228515625, "peak_allocated_gib": 7.100411891937256, "gpu_time_budget": null, "module": "model.layers.15.mlp.down_proj", "step": 6016}
{"stage": "sequential-round-coordinate", "pid": 113530, "time": 1789710714.828407, "cuda_visible_devices": "2", "allocated_gib": 5.225467205047607, "reserved_gib": 8.228515625, "peak_allocated_gib": 7.100411891937256, "gpu_time_budget": null, "module": "model.layers.15.mlp.down_proj", "step": 6144}
{"stage": "sequential-round-coordinate", "pid": 113530, "time": 1789710715.716386, "cuda_visible_devices": "2", "allocated_gib": 5.225467205047607, "reserved_gib": 8.228515625, "peak_allocated_gib": 7.100411891937256, "gpu_time_budget": null, "module": "model.layers.15.mlp.down_proj", "step": 6272}
{"stage": "sequential-round-coordinate", "pid": 113530, "time": 1789710716.6064901, "cuda_visible_devices": "2", "allocated_gib": 5.225467205047607, "reserved_gib": 8.228515625, "peak_allocated_gib": 7.100411891937256, "gpu_time_budget": null, "module": "model.layers.15.mlp.down_proj", "step": 6400}
{"stage": "sequential-round-coordinate", "pid": 113530, "time": 1789710717.494691, "cuda_visible_devices": "2", "allocated_gib": 5.225467205047607, "reserved_gib": 8.228515625, "peak_allocated_gib": 7.100411891937256, "gpu_time_budget": null, "module": "model.layers.15.mlp.down_proj", "step": 6528}
{"stage": "sequential-round-coordinate", "pid": 113530, "time": 1789710718.3844936, "cuda_visible_devices": "2", "allocated_gib": 5.225467205047607, "reserved_gib": 8.228515625, "peak_allocated_gib": 7.100411891937256, "gpu_time_budget": null, "module": "model.layers.15.mlp.down_proj", "step": 6656}
{"stage": "sequential-round-coordinate", "pid": 113530, "time": 1789710719.2722628, "cuda_visible_devices": "2", "allocated_gib": 5.225467205047607, "reserved_gib": 8.228515625, "peak_allocated_gib": 7.100411891937256, "gpu_time_budget": null, "module": "model.layers.15.mlp.down_proj", "step": 6784}
{"stage": "sequential-round-coordinate", "pid": 113530, "time": 1789710720.161762, "cuda_visible_devices": "2", "allocated_gib": 5.225467205047607, "reserved_gib": 8.228515625, "peak_allocated_gib": 7.100411891937256, "gpu_time_budget": null, "module": "model.layers.15.mlp.down_proj", "step": 6912}
{"stage": "sequential-round-coordinate", "pid": 113530, "time": 1789710721.0503507, "cuda_visible_devices": "2", "allocated_gib": 5.225467205047607, "reserved_gib": 8.228515625, "peak_allocated_gib": 7.100411891937256, "gpu_time_budget": null, "module": "model.layers.15.mlp.down_proj", "step": 7040}
{"stage": "sequential-round-coordinate", "pid": 113530, "time": 1789710721.9408934, "cuda_visible_devices": "2", "allocated_gib": 5.225467205047607, "reserved_gib": 8.228515625, "peak_allocated_gib": 7.100411891937256, "gpu_time_budget": null, "module": "model.layers.15.mlp.down_proj", "step": 7168}
{"stage": "sequential-round-coordinate", "pid": 113530, "time": 1789710722.8303988, "cuda_visible_devices": "2", "allocated_gib": 5.225467205047607, "reserved_gib": 8.228515625, "peak_allocated_gib": 7.100411891937256, "gpu_time_budget": null, "module": "model.layers.15.mlp.down_proj", "step": 7296}
{"stage": "sequential-round-coordinate", "pid": 113530, "time": 1789710723.57049, "cuda_visible_devices": "2", "allocated_gib": 5.225467205047607, "reserved_gib": 8.228515625, "peak_allocated_gib": 7.100411891937256, "gpu_time_budget": null, "module": "model.layers.15.mlp.down_proj", "step": 7424}
{"stage": "sequential-round-coordinate", "pid": 113530, "time": 1789710724.2359872, "cuda_visible_devices": "2", "allocated_gib": 5.225467205047607, "reserved_gib": 8.228515625, "peak_allocated_gib": 7.100411891937256, "gpu_time_budget": null, "module": "model.layers.15.mlp.down_proj", "step": 7552}
{"stage": "sequential-round-coordinate", "pid": 113530, "time": 1789710724.9001544, "cuda_visible_devices": "2", "allocated_gib": 5.225467205047607, "reserved_gib": 8.228515625, "peak_allocated_gib": 7.100411891937256, "gpu_time_budget": null, "module": "model.layers.15.mlp.down_proj", "step": 7680}
{"stage": "sequential-round-coordinate", "pid": 113530, "time": 1789710725.5641034, "cuda_visible_devices": "2", "allocated_gib": 5.225467205047607, "reserved_gib": 8.228515625, "peak_allocated_gib": 7.100411891937256, "gpu_time_budget": null, "module": "model.layers.15.mlp.down_proj", "step": 7808}
{"stage": "sequential-round-coordinate", "pid": 113530, "time": 1789710726.2267916, "cuda_visible_devices": "2", "allocated_gib": 5.225467205047607, "reserved_gib": 8.228515625, "peak_allocated_gib": 7.100411891937256, "gpu_time_budget": null, "module": "model.layers.15.mlp.down_proj", "step": 7936}
{"stage": "sequential-round-coordinate", "pid": 113530, "time": 1789710726.8911898, "cuda_visible_devices": "2", "allocated_gib": 5.225467205047607, "reserved_gib": 8.228515625, "peak_allocated_gib": 7.100411891937256, "gpu_time_budget": null, "module": "model.layers.15.mlp.down_proj", "step": 8064}
{"stage": "sequential-round-coordinate", "pid": 113530, "time": 1789710727.6087275, "cuda_visible_devices": "2", "allocated_gib": 5.225467205047607, "reserved_gib": 8.228515625, "peak_allocated_gib": 7.100411891937256, "gpu_time_budget": null, "module": "model.layers.15.mlp.down_proj", "step": 8192}
{"stage": "sequential-round-train-nll", "pid": 113530, "time": 1789710727.6617346, "cuda_visible_devices": "2", "allocated_gib": 3.7957167625427246, "reserved_gib": 3.80078125, "peak_allocated_gib": 7.100411891937256, "gpu_time_budget": null, "module": "model.layers.15.mlp.down_proj", "step": 512}
Evaluation segment 1/1: start=0, windows=8, seqlen=2048
{"stage": "sequential-round-train-nll", "pid": 113530, "time": 1789710730.9960155, "cuda_visible_devices": "2", "allocated_gib": 3.7957167625427246, "reserved_gib": 5.978515625, "peak_allocated_gib": 7.100411891937256, "gpu_time_budget": null, "module": "model.layers.15.mlp.down_proj", "step": 2048}
Evaluation segment 1/1: start=0, windows=8, seqlen=2048
{"stage": "sequential-round-train-nll", "pid": 113530, "time": 1789710734.3544173, "cuda_visible_devices": "2", "allocated_gib": 3.7957167625427246, "reserved_gib": 5.978515625, "peak_allocated_gib": 7.100411891937256, "gpu_time_budget": null, "module": "model.layers.15.mlp.down_proj", "step": 8192}
Evaluation segment 1/1: start=0, windows=8, seqlen=2048
{"stage": "sequential-module-completed", "pid": 113530, "time": 1789710737.3506284, "cuda_visible_devices": "2", "allocated_gib": 3.7957167625427246, "reserved_gib": 5.978515625, "peak_allocated_gib": 7.100411891937256, "gpu_time_budget": null, "module": "model.layers.15.mlp.down_proj", "completed": 16, "total": 28, "selected_train_nll": 2.6086678488823707, "elapsed_seconds": 1087.7802641770104}
{"stage": "sequential-round-fit", "pid": 113530, "time": 1789710741.2300348, "cuda_visible_devices": "2", "allocated_gib": 3.7957167625427246, "reserved_gib": 5.978515625, "peak_allocated_gib": 7.100411891937256, "gpu_time_budget": null, "module": "model.layers.16.mlp.down_proj", "fit_rows": 49152, "heldout_rows": 16384}
{"stage": "sequential-round-coordinate", "pid": 113530, "time": 1789710742.965942, "cuda_visible_devices": "2", "allocated_gib": 5.225467205047607, "reserved_gib": 8.228515625, "peak_allocated_gib": 7.100411891937256, "gpu_time_budget": null, "module": "model.layers.16.mlp.down_proj", "step": 128}
{"stage": "sequential-round-coordinate", "pid": 113530, "time": 1789710743.8526816, "cuda_visible_devices": "2", "allocated_gib": 5.225467205047607, "reserved_gib": 8.228515625, "peak_allocated_gib": 7.100411891937256, "gpu_time_budget": null, "module": "model.layers.16.mlp.down_proj", "step": 256}
{"stage": "sequential-round-coordinate", "pid": 113530, "time": 1789710744.7407248, "cuda_visible_devices": "2", "allocated_gib": 5.225467205047607, "reserved_gib": 8.228515625, "peak_allocated_gib": 7.100411891937256, "gpu_time_budget": null, "module": "model.layers.16.mlp.down_proj", "step": 384}
{"stage": "sequential-round-coordinate", "pid": 113530, "time": 1789710745.7109563, "cuda_visible_devices": "2", "allocated_gib": 5.225467205047607, "reserved_gib": 8.228515625, "peak_allocated_gib": 7.100411891937256, "gpu_time_budget": null, "module": "model.layers.16.mlp.down_proj", "step": 512}
{"stage": "sequential-round-coordinate", "pid": 113530, "time": 1789710746.602094, "cuda_visible_devices": "2", "allocated_gib": 5.225467205047607, "reserved_gib": 8.228515625, "peak_allocated_gib": 7.100411891937256, "gpu_time_budget": null, "module": "model.layers.16.mlp.down_proj", "step": 640}
{"stage": "sequential-round-coordinate", "pid": 113530, "time": 1789710747.4897182, "cuda_visible_devices": "2", "allocated_gib": 5.225467205047607, "reserved_gib": 8.228515625, "peak_allocated_gib": 7.100411891937256, "gpu_time_budget": null, "module": "model.layers.16.mlp.down_proj", "step": 768}
{"stage": "sequential-round-coordinate", "pid": 113530, "time": 1789710748.379237, "cuda_visible_devices": "2", "allocated_gib": 5.225467205047607, "reserved_gib": 8.228515625, "peak_allocated_gib": 7.100411891937256, "gpu_time_budget": null, "module": "model.layers.16.mlp.down_proj", "step": 896}
{"stage": "sequential-round-coordinate", "pid": 113530, "time": 1789710749.2630274, "cuda_visible_devices": "2", "allocated_gib": 5.225467205047607, "reserved_gib": 8.228515625, "peak_allocated_gib": 7.100411891937256, "gpu_time_budget": null, "module": "model.layers.16.mlp.down_proj", "step": 1024}
{"stage": "sequential-round-coordinate", "pid": 113530, "time": 1789710750.1503823, "cuda_visible_devices": "2", "allocated_gib": 5.225467205047607, "reserved_gib": 8.228515625, "peak_allocated_gib": 7.100411891937256, "gpu_time_budget": null, "module": "model.layers.16.mlp.down_proj", "step": 1152}
{"stage": "sequential-round-coordinate", "pid": 113530, "time": 1789710751.0381768, "cuda_visible_devices": "2", "allocated_gib": 5.225467205047607, "reserved_gib": 8.228515625, "peak_allocated_gib": 7.100411891937256, "gpu_time_budget": null, "module": "model.layers.16.mlp.down_proj", "step": 1280}
{"stage": "sequential-round-coordinate", "pid": 113530, "time": 1789710751.9312348, "cuda_visible_devices": "2", "allocated_gib": 5.225467205047607, "reserved_gib": 8.228515625, "peak_allocated_gib": 7.100411891937256, "gpu_time_budget": null, "module": "model.layers.16.mlp.down_proj", "step": 1408}
{"stage": "sequential-round-coordinate", "pid": 113530, "time": 1789710752.8263621, "cuda_visible_devices": "2", "allocated_gib": 5.225467205047607, "reserved_gib": 8.228515625, "peak_allocated_gib": 7.100411891937256, "gpu_time_budget": null, "module": "model.layers.16.mlp.down_proj", "step": 1536}
{"stage": "sequential-round-coordinate", "pid": 113530, "time": 1789710753.7182057, "cuda_visible_devices": "2", "allocated_gib": 5.225467205047607, "reserved_gib": 8.228515625, "peak_allocated_gib": 7.100411891937256, "gpu_time_budget": null, "module": "model.layers.16.mlp.down_proj", "step": 1664}
{"stage": "sequential-round-coordinate", "pid": 113530, "time": 1789710754.6080983, "cuda_visible_devices": "2", "allocated_gib": 5.225467205047607, "reserved_gib": 8.228515625, "peak_allocated_gib": 7.100411891937256, "gpu_time_budget": null, "module": "model.layers.16.mlp.down_proj", "step": 1792}
{"stage": "sequential-round-coordinate", "pid": 113530, "time": 1789710755.499615, "cuda_visible_devices": "2", "allocated_gib": 5.225467205047607, "reserved_gib": 8.228515625, "peak_allocated_gib": 7.100411891937256, "gpu_time_budget": null, "module": "model.layers.16.mlp.down_proj", "step": 1920}
{"stage": "sequential-round-coordinate", "pid": 113530, "time": 1789710756.4706755, "cuda_visible_devices": "2", "allocated_gib": 5.225467205047607, "reserved_gib": 8.228515625, "peak_allocated_gib": 7.100411891937256, "gpu_time_budget": null, "module": "model.layers.16.mlp.down_proj", "step": 2048}
{"stage": "sequential-round-coordinate", "pid": 113530, "time": 1789710757.362272, "cuda_visible_devices": "2", "allocated_gib": 5.225467205047607, "reserved_gib": 8.228515625, "peak_allocated_gib": 7.100411891937256, "gpu_time_budget": null, "module": "model.layers.16.mlp.down_proj", "step": 2176}
{"stage": "sequential-round-coordinate", "pid": 113530, "time": 1789710758.2529893, "cuda_visible_devices": "2", "allocated_gib": 5.225467205047607, "reserved_gib": 8.228515625, "peak_allocated_gib": 7.100411891937256, "gpu_time_budget": null, "module": "model.layers.16.mlp.down_proj", "step": 2304}
{"stage": "sequential-round-coordinate", "pid": 113530, "time": 1789710759.1482198, "cuda_visible_devices": "2", "allocated_gib": 5.225467205047607, "reserved_gib": 8.228515625, "peak_allocated_gib": 7.100411891937256, "gpu_time_budget": null, "module": "model.layers.16.mlp.down_proj", "step": 2432}
{"stage": "sequential-round-coordinate", "pid": 113530, "time": 1789710760.0354438, "cuda_visible_devices": "2", "allocated_gib": 5.225467205047607, "reserved_gib": 8.228515625, "peak_allocated_gib": 7.100411891937256, "gpu_time_budget": null, "module": "model.layers.16.mlp.down_proj", "step": 2560}
{"stage": "sequential-round-coordinate", "pid": 113530, "time": 1789710760.9235077, "cuda_visible_devices": "2", "allocated_gib": 5.225467205047607, "reserved_gib": 8.228515625, "peak_allocated_gib": 7.100411891937256, "gpu_time_budget": null, "module": "model.layers.16.mlp.down_proj", "step": 2688}
{"stage": "sequential-round-coordinate", "pid": 113530, "time": 1789710761.8139493, "cuda_visible_devices": "2", "allocated_gib": 5.225467205047607, "reserved_gib": 8.228515625, "peak_allocated_gib": 7.100411891937256, "gpu_time_budget": null, "module": "model.layers.16.mlp.down_proj", "step": 2816}
{"stage": "sequential-round-coordinate", "pid": 113530, "time": 1789710762.6987653, "cuda_visible_devices": "2", "allocated_gib": 5.225467205047607, "reserved_gib": 8.228515625, "peak_allocated_gib": 7.100411891937256, "gpu_time_budget": null, "module": "model.layers.16.mlp.down_proj", "step": 2944}
{"stage": "sequential-round-coordinate", "pid": 113530, "time": 1789710763.591077, "cuda_visible_devices": "2", "allocated_gib": 5.225467205047607, "reserved_gib": 8.228515625, "peak_allocated_gib": 7.100411891937256, "gpu_time_budget": null, "module": "model.layers.16.mlp.down_proj", "step": 3072}
{"stage": "sequential-round-coordinate", "pid": 113530, "time": 1789710764.485853, "cuda_visible_devices": "2", "allocated_gib": 5.225467205047607, "reserved_gib": 8.228515625, "peak_allocated_gib": 7.100411891937256, "gpu_time_budget": null, "module": "model.layers.16.mlp.down_proj", "step": 3200}
{"stage": "sequential-round-coordinate", "pid": 113530, "time": 1789710765.3703759, "cuda_visible_devices": "2", "allocated_gib": 5.225467205047607, "reserved_gib": 8.228515625, "peak_allocated_gib": 7.100411891937256, "gpu_time_budget": null, "module": "model.layers.16.mlp.down_proj", "step": 3328}
{"stage": "sequential-round-coordinate", "pid": 113530, "time": 1789710766.2627096, "cuda_visible_devices": "2", "allocated_gib": 5.225467205047607, "reserved_gib": 8.228515625, "peak_allocated_gib": 7.100411891937256, "gpu_time_budget": null, "module": "model.layers.16.mlp.down_proj", "step": 3456}
{"stage": "sequential-round-coordinate", "pid": 113530, "time": 1789710767.1439164, "cuda_visible_devices": "2", "allocated_gib": 5.225467205047607, "reserved_gib": 8.228515625, "peak_allocated_gib": 7.100411891937256, "gpu_time_budget": null, "module": "model.layers.16.mlp.down_proj", "step": 3584}
{"stage": "sequential-round-coordinate", "pid": 113530, "time": 1789710768.0322654, "cuda_visible_devices": "2", "allocated_gib": 5.225467205047607, "reserved_gib": 8.228515625, "peak_allocated_gib": 7.100411891937256, "gpu_time_budget": null, "module": "model.layers.16.mlp.down_proj", "step": 3712}
{"stage": "sequential-round-coordinate", "pid": 113530, "time": 1789710768.9207604, "cuda_visible_devices": "2", "allocated_gib": 5.225467205047607, "reserved_gib": 8.228515625, "peak_allocated_gib": 7.100411891937256, "gpu_time_budget": null, "module": "model.layers.16.mlp.down_proj", "step": 3840}
{"stage": "sequential-round-coordinate", "pid": 113530, "time": 1789710769.802211, "cuda_visible_devices": "2", "allocated_gib": 5.225467205047607, "reserved_gib": 8.228515625, "peak_allocated_gib": 7.100411891937256, "gpu_time_budget": null, "module": "model.layers.16.mlp.down_proj", "step": 3968}
{"stage": "sequential-round-coordinate", "pid": 113530, "time": 1789710770.6945865, "cuda_visible_devices": "2", "allocated_gib": 5.225467205047607, "reserved_gib": 8.228515625, "peak_allocated_gib": 7.100411891937256, "gpu_time_budget": null, "module": "model.layers.16.mlp.down_proj", "step": 4096}
{"stage": "sequential-round-coordinate", "pid": 113530, "time": 1789710771.5844584, "cuda_visible_devices": "2", "allocated_gib": 5.225467205047607, "reserved_gib": 8.228515625, "peak_allocated_gib": 7.100411891937256, "gpu_time_budget": null, "module": "model.layers.16.mlp.down_proj", "step": 4224}
{"stage": "sequential-round-coordinate", "pid": 113530, "time": 1789710772.4726005, "cuda_visible_devices": "2", "allocated_gib": 5.225467205047607, "reserved_gib": 8.228515625, "peak_allocated_gib": 7.100411891937256, "gpu_time_budget": null, "module": "model.layers.16.mlp.down_proj", "step": 4352}
{"stage": "sequential-round-coordinate", "pid": 113530, "time": 1789710773.363791, "cuda_visible_devices": "2", "allocated_gib": 5.225467205047607, "reserved_gib": 8.228515625, "peak_allocated_gib": 7.100411891937256, "gpu_time_budget": null, "module": "model.layers.16.mlp.down_proj", "step": 4480}
{"stage": "sequential-round-coordinate", "pid": 113530, "time": 1789710774.2539659, "cuda_visible_devices": "2", "allocated_gib": 5.225467205047607, "reserved_gib": 8.228515625, "peak_allocated_gib": 7.100411891937256, "gpu_time_budget": null, "module": "model.layers.16.mlp.down_proj", "step": 4608}
{"stage": "sequential-round-coordinate", "pid": 113530, "time": 1789710775.1501184, "cuda_visible_devices": "2", "allocated_gib": 5.225467205047607, "reserved_gib": 8.228515625, "peak_allocated_gib": 7.100411891937256, "gpu_time_budget": null, "module": "model.layers.16.mlp.down_proj", "step": 4736}
{"stage": "sequential-round-coordinate", "pid": 113530, "time": 1789710776.0381086, "cuda_visible_devices": "2", "allocated_gib": 5.225467205047607, "reserved_gib": 8.228515625, "peak_allocated_gib": 7.100411891937256, "gpu_time_budget": null, "module": "model.layers.16.mlp.down_proj", "step": 4864}
{"stage": "sequential-round-coordinate", "pid": 113530, "time": 1789710776.942454, "cuda_visible_devices": "2", "allocated_gib": 5.225467205047607, "reserved_gib": 8.228515625, "peak_allocated_gib": 7.100411891937256, "gpu_time_budget": null, "module": "model.layers.16.mlp.down_proj", "step": 4992}
{"stage": "sequential-round-coordinate", "pid": 113530, "time": 1789710777.8314722, "cuda_visible_devices": "2", "allocated_gib": 5.225467205047607, "reserved_gib": 8.228515625, "peak_allocated_gib": 7.100411891937256, "gpu_time_budget": null, "module": "model.layers.16.mlp.down_proj", "step": 5120}
{"stage": "sequential-round-coordinate", "pid": 113530, "time": 1789710778.7190583, "cuda_visible_devices": "2", "allocated_gib": 5.225467205047607, "reserved_gib": 8.228515625, "peak_allocated_gib": 7.100411891937256, "gpu_time_budget": null, "module": "model.layers.16.mlp.down_proj", "step": 5248}
{"stage": "sequential-round-coordinate", "pid": 113530, "time": 1789710779.605798, "cuda_visible_devices": "2", "allocated_gib": 5.225467205047607, "reserved_gib": 8.228515625, "peak_allocated_gib": 7.100411891937256, "gpu_time_budget": null, "module": "model.layers.16.mlp.down_proj", "step": 5376}
{"stage": "sequential-round-coordinate", "pid": 113530, "time": 1789710780.49434, "cuda_visible_devices": "2", "allocated_gib": 5.225467205047607, "reserved_gib": 8.228515625, "peak_allocated_gib": 7.100411891937256, "gpu_time_budget": null, "module": "model.layers.16.mlp.down_proj", "step": 5504}
{"stage": "sequential-round-coordinate", "pid": 113530, "time": 1789710781.389643, "cuda_visible_devices": "2", "allocated_gib": 5.225467205047607, "reserved_gib": 8.228515625, "peak_allocated_gib": 7.100411891937256, "gpu_time_budget": null, "module": "model.layers.16.mlp.down_proj", "step": 5632}
{"stage": "sequential-round-coordinate", "pid": 113530, "time": 1789710782.2891355, "cuda_visible_devices": "2", "allocated_gib": 5.225467205047607, "reserved_gib": 8.228515625, "peak_allocated_gib": 7.100411891937256, "gpu_time_budget": null, "module": "model.layers.16.mlp.down_proj", "step": 5760}
{"stage": "sequential-round-coordinate", "pid": 113530, "time": 1789710783.1904747, "cuda_visible_devices": "2", "allocated_gib": 5.225467205047607, "reserved_gib": 8.228515625, "peak_allocated_gib": 7.100411891937256, "gpu_time_budget": null, "module": "model.layers.16.mlp.down_proj", "step": 5888}
{"stage": "sequential-round-coordinate", "pid": 113530, "time": 1789710784.0798576, "cuda_visible_devices": "2", "allocated_gib": 5.225467205047607, "reserved_gib": 8.228515625, "peak_allocated_gib": 7.100411891937256, "gpu_time_budget": null, "module": "model.layers.16.mlp.down_proj", "step": 6016}
{"stage": "sequential-round-coordinate", "pid": 113530, "time": 1789710784.9683774, "cuda_visible_devices": "2", "allocated_gib": 5.225467205047607, "reserved_gib": 8.228515625, "peak_allocated_gib": 7.100411891937256, "gpu_time_budget": null, "module": "model.layers.16.mlp.down_proj", "step": 6144}
{"stage": "sequential-round-coordinate", "pid": 113530, "time": 1789710785.8569565, "cuda_visible_devices": "2", "allocated_gib": 5.225467205047607, "reserved_gib": 8.228515625, "peak_allocated_gib": 7.100411891937256, "gpu_time_budget": null, "module": "model.layers.16.mlp.down_proj", "step": 6272}
{"stage": "sequential-round-coordinate", "pid": 113530, "time": 1789710786.752522, "cuda_visible_devices": "2", "allocated_gib": 5.225467205047607, "reserved_gib": 8.228515625, "peak_allocated_gib": 7.100411891937256, "gpu_time_budget": null, "module": "model.layers.16.mlp.down_proj", "step": 6400}
{"stage": "sequential-round-coordinate", "pid": 113530, "time": 1789710787.6423006, "cuda_visible_devices": "2", "allocated_gib": 5.225467205047607, "reserved_gib": 8.228515625, "peak_allocated_gib": 7.100411891937256, "gpu_time_budget": null, "module": "model.layers.16.mlp.down_proj", "step": 6528}
{"stage": "sequential-round-coordinate", "pid": 113530, "time": 1789710788.5314515, "cuda_visible_devices": "2", "allocated_gib": 5.225467205047607, "reserved_gib": 8.228515625, "peak_allocated_gib": 7.100411891937256, "gpu_time_budget": null, "module": "model.layers.16.mlp.down_proj", "step": 6656}
{"stage": "sequential-round-coordinate", "pid": 113530, "time": 1789710789.4203458, "cuda_visible_devices": "2", "allocated_gib": 5.225467205047607, "reserved_gib": 8.228515625, "peak_allocated_gib": 7.100411891937256, "gpu_time_budget": null, "module": "model.layers.16.mlp.down_proj", "step": 6784}
{"stage": "sequential-round-coordinate", "pid": 113530, "time": 1789710790.3087, "cuda_visible_devices": "2", "allocated_gib": 5.225467205047607, "reserved_gib": 8.228515625, "peak_allocated_gib": 7.100411891937256, "gpu_time_budget": null, "module": "model.layers.16.mlp.down_proj", "step": 6912}
{"stage": "sequential-round-coordinate", "pid": 113530, "time": 1789710791.197589, "cuda_visible_devices": "2", "allocated_gib": 5.225467205047607, "reserved_gib": 8.228515625, "peak_allocated_gib": 7.100411891937256, "gpu_time_budget": null, "module": "model.layers.16.mlp.down_proj", "step": 7040}
{"stage": "sequential-round-coordinate", "pid": 113530, "time": 1789710792.0817199, "cuda_visible_devices": "2", "allocated_gib": 5.225467205047607, "reserved_gib": 8.228515625, "peak_allocated_gib": 7.100411891937256, "gpu_time_budget": null, "module": "model.layers.16.mlp.down_proj", "step": 7168}
{"stage": "sequential-round-coordinate", "pid": 113530, "time": 1789710792.9748623, "cuda_visible_devices": "2", "allocated_gib": 5.225467205047607, "reserved_gib": 8.228515625, "peak_allocated_gib": 7.100411891937256, "gpu_time_budget": null, "module": "model.layers.16.mlp.down_proj", "step": 7296}
{"stage": "sequential-round-coordinate", "pid": 113530, "time": 1789710793.8638828, "cuda_visible_devices": "2", "allocated_gib": 5.225467205047607, "reserved_gib": 8.228515625, "peak_allocated_gib": 7.100411891937256, "gpu_time_budget": null, "module": "model.layers.16.mlp.down_proj", "step": 7424}
{"stage": "sequential-round-coordinate", "pid": 113530, "time": 1789710794.753103, "cuda_visible_devices": "2", "allocated_gib": 5.225467205047607, "reserved_gib": 8.228515625, "peak_allocated_gib": 7.100411891937256, "gpu_time_budget": null, "module": "model.layers.16.mlp.down_proj", "step": 7552}
{"stage": "sequential-round-coordinate", "pid": 113530, "time": 1789710795.6424754, "cuda_visible_devices": "2", "allocated_gib": 5.225467205047607, "reserved_gib": 8.228515625, "peak_allocated_gib": 7.100411891937256, "gpu_time_budget": null, "module": "model.layers.16.mlp.down_proj", "step": 7680}
{"stage": "sequential-round-coordinate", "pid": 113530, "time": 1789710796.5314283, "cuda_visible_devices": "2", "allocated_gib": 5.225467205047607, "reserved_gib": 8.228515625, "peak_allocated_gib": 7.100411891937256, "gpu_time_budget": null, "module": "model.layers.16.mlp.down_proj", "step": 7808}
{"stage": "sequential-round-coordinate", "pid": 113530, "time": 1789710797.4200387, "cuda_visible_devices": "2", "allocated_gib": 5.225467205047607, "reserved_gib": 8.228515625, "peak_allocated_gib": 7.100411891937256, "gpu_time_budget": null, "module": "model.layers.16.mlp.down_proj", "step": 7936}
{"stage": "sequential-round-coordinate", "pid": 113530, "time": 1789710798.1233106, "cuda_visible_devices": "2", "allocated_gib": 5.225467205047607, "reserved_gib": 8.228515625, "peak_allocated_gib": 7.100411891937256, "gpu_time_budget": null, "module": "model.layers.16.mlp.down_proj", "step": 8064}
{"stage": "sequential-round-coordinate", "pid": 113530, "time": 1789710798.8401897, "cuda_visible_devices": "2", "allocated_gib": 5.225467205047607, "reserved_gib": 8.228515625, "peak_allocated_gib": 7.100411891937256, "gpu_time_budget": null, "module": "model.layers.16.mlp.down_proj", "step": 8192}
{"stage": "sequential-round-train-nll", "pid": 113530, "time": 1789710798.892523, "cuda_visible_devices": "2", "allocated_gib": 3.7957167625427246, "reserved_gib": 3.80078125, "peak_allocated_gib": 7.100411891937256, "gpu_time_budget": null, "module": "model.layers.16.mlp.down_proj", "step": 512}
Evaluation segment 1/1: start=0, windows=8, seqlen=2048
{"stage": "sequential-round-train-nll", "pid": 113530, "time": 1789710802.1723535, "cuda_visible_devices": "2", "allocated_gib": 3.7957167625427246, "reserved_gib": 5.978515625, "peak_allocated_gib": 7.100411891937256, "gpu_time_budget": null, "module": "model.layers.16.mlp.down_proj", "step": 2048}
Evaluation segment 1/1: start=0, windows=8, seqlen=2048
{"stage": "sequential-round-train-nll", "pid": 113530, "time": 1789710805.9255693, "cuda_visible_devices": "2", "allocated_gib": 3.7957167625427246, "reserved_gib": 5.978515625, "peak_allocated_gib": 7.100411891937256, "gpu_time_budget": null, "module": "model.layers.16.mlp.down_proj", "step": 8192}
Evaluation segment 1/1: start=0, windows=8, seqlen=2048
{"stage": "sequential-module-completed", "pid": 113530, "time": 1789710809.3906257, "cuda_visible_devices": "2", "allocated_gib": 3.7957167625427246, "reserved_gib": 5.978515625, "peak_allocated_gib": 7.100411891937256, "gpu_time_budget": null, "module": "model.layers.16.mlp.down_proj", "completed": 17, "total": 28, "selected_train_nll": 2.6086678488823707, "elapsed_seconds": 1159.8202623480465}
{"stage": "sequential-round-fit", "pid": 113530, "time": 1789710813.1996732, "cuda_visible_devices": "2", "allocated_gib": 3.7957167625427246, "reserved_gib": 5.978515625, "peak_allocated_gib": 7.100411891937256, "gpu_time_budget": null, "module": "model.layers.17.mlp.down_proj", "fit_rows": 49152, "heldout_rows": 16384}
{"stage": "sequential-round-coordinate", "pid": 113530, "time": 1789710814.0415115, "cuda_visible_devices": "2", "allocated_gib": 5.225467205047607, "reserved_gib": 8.228515625, "peak_allocated_gib": 7.100411891937256, "gpu_time_budget": null, "module": "model.layers.17.mlp.down_proj", "step": 128}
{"stage": "sequential-round-coordinate", "pid": 113530, "time": 1789710814.647735, "cuda_visible_devices": "2", "allocated_gib": 5.225467205047607, "reserved_gib": 8.228515625, "peak_allocated_gib": 7.100411891937256, "gpu_time_budget": null, "module": "model.layers.17.mlp.down_proj", "step": 256}
{"stage": "sequential-round-coordinate", "pid": 113530, "time": 1789710815.5370216, "cuda_visible_devices": "2", "allocated_gib": 5.225467205047607, "reserved_gib": 8.228515625, "peak_allocated_gib": 7.100411891937256, "gpu_time_budget": null, "module": "model.layers.17.mlp.down_proj", "step": 384}
{"stage": "sequential-round-coordinate", "pid": 113530, "time": 1789710816.5058208, "cuda_visible_devices": "2", "allocated_gib": 5.225467205047607, "reserved_gib": 8.228515625, "peak_allocated_gib": 7.100411891937256, "gpu_time_budget": null, "module": "model.layers.17.mlp.down_proj", "step": 512}
{"stage": "sequential-round-coordinate", "pid": 113530, "time": 1789710817.3932147, "cuda_visible_devices": "2", "allocated_gib": 5.225467205047607, "reserved_gib": 8.228515625, "peak_allocated_gib": 7.100411891937256, "gpu_time_budget": null, "module": "model.layers.17.mlp.down_proj", "step": 640}
{"stage": "sequential-round-coordinate", "pid": 113530, "time": 1789710818.284949, "cuda_visible_devices": "2", "allocated_gib": 5.225467205047607, "reserved_gib": 8.228515625, "peak_allocated_gib": 7.100411891937256, "gpu_time_budget": null, "module": "model.layers.17.mlp.down_proj", "step": 768}
{"stage": "sequential-round-coordinate", "pid": 113530, "time": 1789710819.1764996, "cuda_visible_devices": "2", "allocated_gib": 5.225467205047607, "reserved_gib": 8.228515625, "peak_allocated_gib": 7.100411891937256, "gpu_time_budget": null, "module": "model.layers.17.mlp.down_proj", "step": 896}
{"stage": "sequential-round-coordinate", "pid": 113530, "time": 1789710820.068589, "cuda_visible_devices": "2", "allocated_gib": 5.225467205047607, "reserved_gib": 8.228515625, "peak_allocated_gib": 7.100411891937256, "gpu_time_budget": null, "module": "model.layers.17.mlp.down_proj", "step": 1024}
{"stage": "sequential-round-coordinate", "pid": 113530, "time": 1789710820.9636889, "cuda_visible_devices": "2", "allocated_gib": 5.225467205047607, "reserved_gib": 8.228515625, "peak_allocated_gib": 7.100411891937256, "gpu_time_budget": null, "module": "model.layers.17.mlp.down_proj", "step": 1152}
{"stage": "sequential-round-coordinate", "pid": 113530, "time": 1789710821.8451147, "cuda_visible_devices": "2", "allocated_gib": 5.225467205047607, "reserved_gib": 8.228515625, "peak_allocated_gib": 7.100411891937256, "gpu_time_budget": null, "module": "model.layers.17.mlp.down_proj", "step": 1280}
{"stage": "sequential-round-coordinate", "pid": 113530, "time": 1789710822.7346525, "cuda_visible_devices": "2", "allocated_gib": 5.225467205047607, "reserved_gib": 8.228515625, "peak_allocated_gib": 7.100411891937256, "gpu_time_budget": null, "module": "model.layers.17.mlp.down_proj", "step": 1408}
{"stage": "sequential-round-coordinate", "pid": 113530, "time": 1789710823.6229632, "cuda_visible_devices": "2", "allocated_gib": 5.225467205047607, "reserved_gib": 8.228515625, "peak_allocated_gib": 7.100411891937256, "gpu_time_budget": null, "module": "model.layers.17.mlp.down_proj", "step": 1536}
{"stage": "sequential-round-coordinate", "pid": 113530, "time": 1789710824.513126, "cuda_visible_devices": "2", "allocated_gib": 5.225467205047607, "reserved_gib": 8.228515625, "peak_allocated_gib": 7.100411891937256, "gpu_time_budget": null, "module": "model.layers.17.mlp.down_proj", "step": 1664}
{"stage": "sequential-round-coordinate", "pid": 113530, "time": 1789710825.4050744, "cuda_visible_devices": "2", "allocated_gib": 5.225467205047607, "reserved_gib": 8.228515625, "peak_allocated_gib": 7.100411891937256, "gpu_time_budget": null, "module": "model.layers.17.mlp.down_proj", "step": 1792}
{"stage": "sequential-round-coordinate", "pid": 113530, "time": 1789710826.2953048, "cuda_visible_devices": "2", "allocated_gib": 5.225467205047607, "reserved_gib": 8.228515625, "peak_allocated_gib": 7.100411891937256, "gpu_time_budget": null, "module": "model.layers.17.mlp.down_proj", "step": 1920}
{"stage": "sequential-round-coordinate", "pid": 113530, "time": 1789710827.264694, "cuda_visible_devices": "2", "allocated_gib": 5.225467205047607, "reserved_gib": 8.228515625, "peak_allocated_gib": 7.100411891937256, "gpu_time_budget": null, "module": "model.layers.17.mlp.down_proj", "step": 2048}
{"stage": "sequential-round-coordinate", "pid": 113530, "time": 1789710828.1541517, "cuda_visible_devices": "2", "allocated_gib": 5.225467205047607, "reserved_gib": 8.228515625, "peak_allocated_gib": 7.100411891937256, "gpu_time_budget": null, "module": "model.layers.17.mlp.down_proj", "step": 2176}
{"stage": "sequential-round-coordinate", "pid": 113530, "time": 1789710829.0425713, "cuda_visible_devices": "2", "allocated_gib": 5.225467205047607, "reserved_gib": 8.228515625, "peak_allocated_gib": 7.100411891937256, "gpu_time_budget": null, "module": "model.layers.17.mlp.down_proj", "step": 2304}
{"stage": "sequential-round-coordinate", "pid": 113530, "time": 1789710829.9315207, "cuda_visible_devices": "2", "allocated_gib": 5.225467205047607, "reserved_gib": 8.228515625, "peak_allocated_gib": 7.100411891937256, "gpu_time_budget": null, "module": "model.layers.17.mlp.down_proj", "step": 2432}
{"stage": "sequential-round-coordinate", "pid": 113530, "time": 1789710830.8212287, "cuda_visible_devices": "2", "allocated_gib": 5.225467205047607, "reserved_gib": 8.228515625, "peak_allocated_gib": 7.100411891937256, "gpu_time_budget": null, "module": "model.layers.17.mlp.down_proj", "step": 2560}
{"stage": "sequential-round-coordinate", "pid": 113530, "time": 1789710831.71067, "cuda_visible_devices": "2", "allocated_gib": 5.225467205047607, "reserved_gib": 8.228515625, "peak_allocated_gib": 7.100411891937256, "gpu_time_budget": null, "module": "model.layers.17.mlp.down_proj", "step": 2688}
{"stage": "sequential-round-coordinate", "pid": 113530, "time": 1789710832.6021621, "cuda_visible_devices": "2", "allocated_gib": 5.225467205047607, "reserved_gib": 8.228515625, "peak_allocated_gib": 7.100411891937256, "gpu_time_budget": null, "module": "model.layers.17.mlp.down_proj", "step": 2816}
{"stage": "sequential-round-coordinate", "pid": 113530, "time": 1789710833.4946618, "cuda_visible_devices": "2", "allocated_gib": 5.225467205047607, "reserved_gib": 8.228515625, "peak_allocated_gib": 7.100411891937256, "gpu_time_budget": null, "module": "model.layers.17.mlp.down_proj", "step": 2944}
{"stage": "sequential-round-coordinate", "pid": 113530, "time": 1789710834.3856416, "cuda_visible_devices": "2", "allocated_gib": 5.225467205047607, "reserved_gib": 8.228515625, "peak_allocated_gib": 7.100411891937256, "gpu_time_budget": null, "module": "model.layers.17.mlp.down_proj", "step": 3072}
{"stage": "sequential-round-coordinate", "pid": 113530, "time": 1789710835.275922, "cuda_visible_devices": "2", "allocated_gib": 5.225467205047607, "reserved_gib": 8.228515625, "peak_allocated_gib": 7.100411891937256, "gpu_time_budget": null, "module": "model.layers.17.mlp.down_proj", "step": 3200}
{"stage": "sequential-round-coordinate", "pid": 113530, "time": 1789710836.170519, "cuda_visible_devices": "2", "allocated_gib": 5.225467205047607, "reserved_gib": 8.228515625, "peak_allocated_gib": 7.100411891937256, "gpu_time_budget": null, "module": "model.layers.17.mlp.down_proj", "step": 3328}
{"stage": "sequential-round-coordinate", "pid": 113530, "time": 1789710837.0603895, "cuda_visible_devices": "2", "allocated_gib": 5.225467205047607, "reserved_gib": 8.228515625, "peak_allocated_gib": 7.100411891937256, "gpu_time_budget": null, "module": "model.layers.17.mlp.down_proj", "step": 3456}
{"stage": "sequential-round-coordinate", "pid": 113530, "time": 1789710837.952203, "cuda_visible_devices": "2", "allocated_gib": 5.225467205047607, "reserved_gib": 8.228515625, "peak_allocated_gib": 7.100411891937256, "gpu_time_budget": null, "module": "model.layers.17.mlp.down_proj", "step": 3584}
{"stage": "sequential-round-coordinate", "pid": 113530, "time": 1789710838.8417563, "cuda_visible_devices": "2", "allocated_gib": 5.225467205047607, "reserved_gib": 8.228515625, "peak_allocated_gib": 7.100411891937256, "gpu_time_budget": null, "module": "model.layers.17.mlp.down_proj", "step": 3712}
{"stage": "sequential-round-coordinate", "pid": 113530, "time": 1789710839.729413, "cuda_visible_devices": "2", "allocated_gib": 5.225467205047607, "reserved_gib": 8.228515625, "peak_allocated_gib": 7.100411891937256, "gpu_time_budget": null, "module": "model.layers.17.mlp.down_proj", "step": 3840}
{"stage": "sequential-round-coordinate", "pid": 113530, "time": 1789710840.6211116, "cuda_visible_devices": "2", "allocated_gib": 5.225467205047607, "reserved_gib": 8.228515625, "peak_allocated_gib": 7.100411891937256, "gpu_time_budget": null, "module": "model.layers.17.mlp.down_proj", "step": 3968}
{"stage": "sequential-round-coordinate", "pid": 113530, "time": 1789710841.5135188, "cuda_visible_devices": "2", "allocated_gib": 5.225467205047607, "reserved_gib": 8.228515625, "peak_allocated_gib": 7.100411891937256, "gpu_time_budget": null, "module": "model.layers.17.mlp.down_proj", "step": 4096}
{"stage": "sequential-round-coordinate", "pid": 113530, "time": 1789710842.405953, "cuda_visible_devices": "2", "allocated_gib": 5.225467205047607, "reserved_gib": 8.228515625, "peak_allocated_gib": 7.100411891937256, "gpu_time_budget": null, "module": "model.layers.17.mlp.down_proj", "step": 4224}
{"stage": "sequential-round-coordinate", "pid": 113530, "time": 1789710843.295263, "cuda_visible_devices": "2", "allocated_gib": 5.225467205047607, "reserved_gib": 8.228515625, "peak_allocated_gib": 7.100411891937256, "gpu_time_budget": null, "module": "model.layers.17.mlp.down_proj", "step": 4352}
{"stage": "sequential-round-coordinate", "pid": 113530, "time": 1789710844.1954534, "cuda_visible_devices": "2", "allocated_gib": 5.225467205047607, "reserved_gib": 8.228515625, "peak_allocated_gib": 7.100411891937256, "gpu_time_budget": null, "module": "model.layers.17.mlp.down_proj", "step": 4480}
{"stage": "sequential-round-coordinate", "pid": 113530, "time": 1789710845.0841007, "cuda_visible_devices": "2", "allocated_gib": 5.225467205047607, "reserved_gib": 8.228515625, "peak_allocated_gib": 7.100411891937256, "gpu_time_budget": null, "module": "model.layers.17.mlp.down_proj", "step": 4608}
{"stage": "sequential-round-coordinate", "pid": 113530, "time": 1789710845.973684, "cuda_visible_devices": "2", "allocated_gib": 5.225467205047607, "reserved_gib": 8.228515625, "peak_allocated_gib": 7.100411891937256, "gpu_time_budget": null, "module": "model.layers.17.mlp.down_proj", "step": 4736}
{"stage": "sequential-round-coordinate", "pid": 113530, "time": 1789710846.8569016, "cuda_visible_devices": "2", "allocated_gib": 5.225467205047607, "reserved_gib": 8.228515625, "peak_allocated_gib": 7.100411891937256, "gpu_time_budget": null, "module": "model.layers.17.mlp.down_proj", "step": 4864}
{"stage": "sequential-round-coordinate", "pid": 113530, "time": 1789710847.740331, "cuda_visible_devices": "2", "allocated_gib": 5.225467205047607, "reserved_gib": 8.228515625, "peak_allocated_gib": 7.100411891937256, "gpu_time_budget": null, "module": "model.layers.17.mlp.down_proj", "step": 4992}
{"stage": "sequential-round-coordinate", "pid": 113530, "time": 1789710848.6217108, "cuda_visible_devices": "2", "allocated_gib": 5.225467205047607, "reserved_gib": 8.228515625, "peak_allocated_gib": 7.100411891937256, "gpu_time_budget": null, "module": "model.layers.17.mlp.down_proj", "step": 5120}
{"stage": "sequential-round-coordinate", "pid": 113530, "time": 1789710849.5099723, "cuda_visible_devices": "2", "allocated_gib": 5.225467205047607, "reserved_gib": 8.228515625, "peak_allocated_gib": 7.100411891937256, "gpu_time_budget": null, "module": "model.layers.17.mlp.down_proj", "step": 5248}
{"stage": "sequential-round-coordinate", "pid": 113530, "time": 1789710850.3999906, "cuda_visible_devices": "2", "allocated_gib": 5.225467205047607, "reserved_gib": 8.228515625, "peak_allocated_gib": 7.100411891937256, "gpu_time_budget": null, "module": "model.layers.17.mlp.down_proj", "step": 5376}
{"stage": "sequential-round-coordinate", "pid": 113530, "time": 1789710851.2862318, "cuda_visible_devices": "2", "allocated_gib": 5.225467205047607, "reserved_gib": 8.228515625, "peak_allocated_gib": 7.100411891937256, "gpu_time_budget": null, "module": "model.layers.17.mlp.down_proj", "step": 5504}
{"stage": "sequential-round-coordinate", "pid": 113530, "time": 1789710852.1757357, "cuda_visible_devices": "2", "allocated_gib": 5.225467205047607, "reserved_gib": 8.228515625, "peak_allocated_gib": 7.100411891937256, "gpu_time_budget": null, "module": "model.layers.17.mlp.down_proj", "step": 5632}
{"stage": "sequential-round-coordinate", "pid": 113530, "time": 1789710853.06426, "cuda_visible_devices": "2", "allocated_gib": 5.225467205047607, "reserved_gib": 8.228515625, "peak_allocated_gib": 7.100411891937256, "gpu_time_budget": null, "module": "model.layers.17.mlp.down_proj", "step": 5760}
{"stage": "sequential-round-coordinate", "pid": 113530, "time": 1789710853.9515214, "cuda_visible_devices": "2", "allocated_gib": 5.225467205047607, "reserved_gib": 8.228515625, "peak_allocated_gib": 7.100411891937256, "gpu_time_budget": null, "module": "model.layers.17.mlp.down_proj", "step": 5888}
{"stage": "sequential-round-coordinate", "pid": 113530, "time": 1789710854.8400097, "cuda_visible_devices": "2", "allocated_gib": 5.225467205047607, "reserved_gib": 8.228515625, "peak_allocated_gib": 7.100411891937256, "gpu_time_budget": null, "module": "model.layers.17.mlp.down_proj", "step": 6016}
{"stage": "sequential-round-coordinate", "pid": 113530, "time": 1789710855.7286444, "cuda_visible_devices": "2", "allocated_gib": 5.225467205047607, "reserved_gib": 8.228515625, "peak_allocated_gib": 7.100411891937256, "gpu_time_budget": null, "module": "model.layers.17.mlp.down_proj", "step": 6144}
{"stage": "sequential-round-coordinate", "pid": 113530, "time": 1789710856.6142237, "cuda_visible_devices": "2", "allocated_gib": 5.225467205047607, "reserved_gib": 8.228515625, "peak_allocated_gib": 7.100411891937256, "gpu_time_budget": null, "module": "model.layers.17.mlp.down_proj", "step": 6272}
{"stage": "sequential-round-coordinate", "pid": 113530, "time": 1789710857.502681, "cuda_visible_devices": "2", "allocated_gib": 5.225467205047607, "reserved_gib": 8.228515625, "peak_allocated_gib": 7.100411891937256, "gpu_time_budget": null, "module": "model.layers.17.mlp.down_proj", "step": 6400}
{"stage": "sequential-round-coordinate", "pid": 113530, "time": 1789710858.39101, "cuda_visible_devices": "2", "allocated_gib": 5.225467205047607, "reserved_gib": 8.228515625, "peak_allocated_gib": 7.100411891937256, "gpu_time_budget": null, "module": "model.layers.17.mlp.down_proj", "step": 6528}
{"stage": "sequential-round-coordinate", "pid": 113530, "time": 1789710859.2765195, "cuda_visible_devices": "2", "allocated_gib": 5.225467205047607, "reserved_gib": 8.228515625, "peak_allocated_gib": 7.100411891937256, "gpu_time_budget": null, "module": "model.layers.17.mlp.down_proj", "step": 6656}
{"stage": "sequential-round-coordinate", "pid": 113530, "time": 1789710860.1649938, "cuda_visible_devices": "2", "allocated_gib": 5.225467205047607, "reserved_gib": 8.228515625, "peak_allocated_gib": 7.100411891937256, "gpu_time_budget": null, "module": "model.layers.17.mlp.down_proj", "step": 6784}
{"stage": "sequential-round-coordinate", "pid": 113530, "time": 1789710861.054673, "cuda_visible_devices": "2", "allocated_gib": 5.225467205047607, "reserved_gib": 8.228515625, "peak_allocated_gib": 7.100411891937256, "gpu_time_budget": null, "module": "model.layers.17.mlp.down_proj", "step": 6912}
{"stage": "sequential-round-coordinate", "pid": 113530, "time": 1789710861.9428115, "cuda_visible_devices": "2", "allocated_gib": 5.225467205047607, "reserved_gib": 8.228515625, "peak_allocated_gib": 7.100411891937256, "gpu_time_budget": null, "module": "model.layers.17.mlp.down_proj", "step": 7040}
{"stage": "sequential-round-coordinate", "pid": 113530, "time": 1789710862.7820485, "cuda_visible_devices": "2", "allocated_gib": 5.225467205047607, "reserved_gib": 8.228515625, "peak_allocated_gib": 7.100411891937256, "gpu_time_budget": null, "module": "model.layers.17.mlp.down_proj", "step": 7168}
{"stage": "sequential-round-coordinate", "pid": 113530, "time": 1789710865.2248075, "cuda_visible_devices": "2", "allocated_gib": 5.225467205047607, "reserved_gib": 8.228515625, "peak_allocated_gib": 7.100411891937256, "gpu_time_budget": null, "module": "model.layers.17.mlp.down_proj", "step": 7296}
{"stage": "sequential-round-coordinate", "pid": 113530, "time": 1789710866.1121087, "cuda_visible_devices": "2", "allocated_gib": 5.225467205047607, "reserved_gib": 8.228515625, "peak_allocated_gib": 7.100411891937256, "gpu_time_budget": null, "module": "model.layers.17.mlp.down_proj", "step": 7424}
{"stage": "sequential-round-coordinate", "pid": 113530, "time": 1789710867.002087, "cuda_visible_devices": "2", "allocated_gib": 5.225467205047607, "reserved_gib": 8.228515625, "peak_allocated_gib": 7.100411891937256, "gpu_time_budget": null, "module": "model.layers.17.mlp.down_proj", "step": 7552}
{"stage": "sequential-round-coordinate", "pid": 113530, "time": 1789710867.8921626, "cuda_visible_devices": "2", "allocated_gib": 5.225467205047607, "reserved_gib": 8.228515625, "peak_allocated_gib": 7.100411891937256, "gpu_time_budget": null, "module": "model.layers.17.mlp.down_proj", "step": 7680}
{"stage": "sequential-round-coordinate", "pid": 113530, "time": 1789710868.7820282, "cuda_visible_devices": "2", "allocated_gib": 5.225467205047607, "reserved_gib": 8.228515625, "peak_allocated_gib": 7.100411891937256, "gpu_time_budget": null, "module": "model.layers.17.mlp.down_proj", "step": 7808}
{"stage": "sequential-round-coordinate", "pid": 113530, "time": 1789710869.6707447, "cuda_visible_devices": "2", "allocated_gib": 5.225467205047607, "reserved_gib": 8.228515625, "peak_allocated_gib": 7.100411891937256, "gpu_time_budget": null, "module": "model.layers.17.mlp.down_proj", "step": 7936}
{"stage": "sequential-round-coordinate", "pid": 113530, "time": 1789710870.5628989, "cuda_visible_devices": "2", "allocated_gib": 5.225467205047607, "reserved_gib": 8.228515625, "peak_allocated_gib": 7.100411891937256, "gpu_time_budget": null, "module": "model.layers.17.mlp.down_proj", "step": 8064}
{"stage": "sequential-round-coordinate", "pid": 113530, "time": 1789710871.5298104, "cuda_visible_devices": "2", "allocated_gib": 5.225467205047607, "reserved_gib": 8.228515625, "peak_allocated_gib": 7.100411891937256, "gpu_time_budget": null, "module": "model.layers.17.mlp.down_proj", "step": 8192}
{"stage": "sequential-round-train-nll", "pid": 113530, "time": 1789710871.5955298, "cuda_visible_devices": "2", "allocated_gib": 3.7957167625427246, "reserved_gib": 3.80078125, "peak_allocated_gib": 7.100411891937256, "gpu_time_budget": null, "module": "model.layers.17.mlp.down_proj", "step": 512}
Evaluation segment 1/1: start=0, windows=8, seqlen=2048
{"stage": "sequential-round-train-nll", "pid": 113530, "time": 1789710875.37298, "cuda_visible_devices": "2", "allocated_gib": 3.7957167625427246, "reserved_gib": 5.978515625, "peak_allocated_gib": 7.100411891937256, "gpu_time_budget": null, "module": "model.layers.17.mlp.down_proj", "step": 2048}
Evaluation segment 1/1: start=0, windows=8, seqlen=2048
{"stage": "sequential-round-train-nll", "pid": 113530, "time": 1789710878.7763996, "cuda_visible_devices": "2", "allocated_gib": 3.7957167625427246, "reserved_gib": 5.978515625, "peak_allocated_gib": 7.100411891937256, "gpu_time_budget": null, "module": "model.layers.17.mlp.down_proj", "step": 8192}
Evaluation segment 1/1: start=0, windows=8, seqlen=2048
{"stage": "sequential-module-completed", "pid": 113530, "time": 1789710882.3936265, "cuda_visible_devices": "2", "allocated_gib": 3.7957167625427246, "reserved_gib": 5.978515625, "peak_allocated_gib": 7.100411891937256, "gpu_time_budget": null, "module": "model.layers.17.mlp.down_proj", "completed": 18, "total": 28, "selected_train_nll": 2.6086678488823707, "elapsed_seconds": 1232.8232648060657}
{"stage": "sequential-round-fit", "pid": 113530, "time": 1789710886.4451518, "cuda_visible_devices": "2", "allocated_gib": 3.7957167625427246, "reserved_gib": 5.978515625, "peak_allocated_gib": 7.100411891937256, "gpu_time_budget": null, "module": "model.layers.18.mlp.down_proj", "fit_rows": 49152, "heldout_rows": 16384}
{"stage": "sequential-round-coordinate", "pid": 113530, "time": 1789710887.2808814, "cuda_visible_devices": "2", "allocated_gib": 5.225467205047607, "reserved_gib": 8.228515625, "peak_allocated_gib": 7.100411891937256, "gpu_time_budget": null, "module": "model.layers.18.mlp.down_proj", "step": 128}
{"stage": "sequential-round-coordinate", "pid": 113530, "time": 1789710887.8361177, "cuda_visible_devices": "2", "allocated_gib": 5.225467205047607, "reserved_gib": 8.228515625, "peak_allocated_gib": 7.100411891937256, "gpu_time_budget": null, "module": "model.layers.18.mlp.down_proj", "step": 256}
{"stage": "sequential-round-coordinate", "pid": 113530, "time": 1789710888.3862996, "cuda_visible_devices": "2", "allocated_gib": 5.225467205047607, "reserved_gib": 8.228515625, "peak_allocated_gib": 7.100411891937256, "gpu_time_budget": null, "module": "model.layers.18.mlp.down_proj", "step": 384}
{"stage": "sequential-round-coordinate", "pid": 113530, "time": 1789710888.9947615, "cuda_visible_devices": "2", "allocated_gib": 5.225467205047607, "reserved_gib": 8.228515625, "peak_allocated_gib": 7.100411891937256, "gpu_time_budget": null, "module": "model.layers.18.mlp.down_proj", "step": 512}
{"stage": "sequential-round-coordinate", "pid": 113530, "time": 1789710889.5154772, "cuda_visible_devices": "2", "allocated_gib": 5.225467205047607, "reserved_gib": 8.228515625, "peak_allocated_gib": 7.100411891937256, "gpu_time_budget": null, "module": "model.layers.18.mlp.down_proj", "step": 640}
{"stage": "sequential-round-coordinate", "pid": 113530, "time": 1789710890.3713272, "cuda_visible_devices": "2", "allocated_gib": 5.225467205047607, "reserved_gib": 8.228515625, "peak_allocated_gib": 7.100411891937256, "gpu_time_budget": null, "module": "model.layers.18.mlp.down_proj", "step": 768}
{"stage": "sequential-round-coordinate", "pid": 113530, "time": 1789710891.2608602, "cuda_visible_devices": "2", "allocated_gib": 5.225467205047607, "reserved_gib": 8.228515625, "peak_allocated_gib": 7.100411891937256, "gpu_time_budget": null, "module": "model.layers.18.mlp.down_proj", "step": 896}
{"stage": "sequential-round-coordinate", "pid": 113530, "time": 1789710892.1532927, "cuda_visible_devices": "2", "allocated_gib": 5.225467205047607, "reserved_gib": 8.228515625, "peak_allocated_gib": 7.100411891937256, "gpu_time_budget": null, "module": "model.layers.18.mlp.down_proj", "step": 1024}
{"stage": "sequential-round-coordinate", "pid": 113530, "time": 1789710893.0451326, "cuda_visible_devices": "2", "allocated_gib": 5.225467205047607, "reserved_gib": 8.228515625, "peak_allocated_gib": 7.100411891937256, "gpu_time_budget": null, "module": "model.layers.18.mlp.down_proj", "step": 1152}
{"stage": "sequential-round-coordinate", "pid": 113530, "time": 1789710893.940635, "cuda_visible_devices": "2", "allocated_gib": 5.225467205047607, "reserved_gib": 8.228515625, "peak_allocated_gib": 7.100411891937256, "gpu_time_budget": null, "module": "model.layers.18.mlp.down_proj", "step": 1280}
{"stage": "sequential-round-coordinate", "pid": 113530, "time": 1789710894.833212, "cuda_visible_devices": "2", "allocated_gib": 5.225467205047607, "reserved_gib": 8.228515625, "peak_allocated_gib": 7.100411891937256, "gpu_time_budget": null, "module": "model.layers.18.mlp.down_proj", "step": 1408}
{"stage": "sequential-round-coordinate", "pid": 113530, "time": 1789710895.7223253, "cuda_visible_devices": "2", "allocated_gib": 5.225467205047607, "reserved_gib": 8.228515625, "peak_allocated_gib": 7.100411891937256, "gpu_time_budget": null, "module": "model.layers.18.mlp.down_proj", "step": 1536}
{"stage": "sequential-round-coordinate", "pid": 113530, "time": 1789710896.6132221, "cuda_visible_devices": "2", "allocated_gib": 5.225467205047607, "reserved_gib": 8.228515625, "peak_allocated_gib": 7.100411891937256, "gpu_time_budget": null, "module": "model.layers.18.mlp.down_proj", "step": 1664}
{"stage": "sequential-round-coordinate", "pid": 113530, "time": 1789710897.5032759, "cuda_visible_devices": "2", "allocated_gib": 5.225467205047607, "reserved_gib": 8.228515625, "peak_allocated_gib": 7.100411891937256, "gpu_time_budget": null, "module": "model.layers.18.mlp.down_proj", "step": 1792}
{"stage": "sequential-round-coordinate", "pid": 113530, "time": 1789710898.3938353, "cuda_visible_devices": "2", "allocated_gib": 5.225467205047607, "reserved_gib": 8.228515625, "peak_allocated_gib": 7.100411891937256, "gpu_time_budget": null, "module": "model.layers.18.mlp.down_proj", "step": 1920}
{"stage": "sequential-round-coordinate", "pid": 113530, "time": 1789710899.3603308, "cuda_visible_devices": "2", "allocated_gib": 5.225467205047607, "reserved_gib": 8.228515625, "peak_allocated_gib": 7.100411891937256, "gpu_time_budget": null, "module": "model.layers.18.mlp.down_proj", "step": 2048}
{"stage": "sequential-round-coordinate", "pid": 113530, "time": 1789710900.2480502, "cuda_visible_devices": "2", "allocated_gib": 5.225467205047607, "reserved_gib": 8.228515625, "peak_allocated_gib": 7.100411891937256, "gpu_time_budget": null, "module": "model.layers.18.mlp.down_proj", "step": 2176}
{"stage": "sequential-round-coordinate", "pid": 113530, "time": 1789710901.137375, "cuda_visible_devices": "2", "allocated_gib": 5.225467205047607, "reserved_gib": 8.228515625, "peak_allocated_gib": 7.100411891937256, "gpu_time_budget": null, "module": "model.layers.18.mlp.down_proj", "step": 2304}
{"stage": "sequential-round-coordinate", "pid": 113530, "time": 1789710902.0253243, "cuda_visible_devices": "2", "allocated_gib": 5.225467205047607, "reserved_gib": 8.228515625, "peak_allocated_gib": 7.100411891937256, "gpu_time_budget": null, "module": "model.layers.18.mlp.down_proj", "step": 2432}
{"stage": "sequential-round-coordinate", "pid": 113530, "time": 1789710902.9139175, "cuda_visible_devices": "2", "allocated_gib": 5.225467205047607, "reserved_gib": 8.228515625, "peak_allocated_gib": 7.100411891937256, "gpu_time_budget": null, "module": "model.layers.18.mlp.down_proj", "step": 2560}
{"stage": "sequential-round-coordinate", "pid": 113530, "time": 1789710903.8054657, "cuda_visible_devices": "2", "allocated_gib": 5.225467205047607, "reserved_gib": 8.228515625, "peak_allocated_gib": 7.100411891937256, "gpu_time_budget": null, "module": "model.layers.18.mlp.down_proj", "step": 2688}
{"stage": "sequential-round-coordinate", "pid": 113530, "time": 1789710904.6978304, "cuda_visible_devices": "2", "allocated_gib": 5.225467205047607, "reserved_gib": 8.228515625, "peak_allocated_gib": 7.100411891937256, "gpu_time_budget": null, "module": "model.layers.18.mlp.down_proj", "step": 2816}
{"stage": "sequential-round-coordinate", "pid": 113530, "time": 1789710905.5883274, "cuda_visible_devices": "2", "allocated_gib": 5.225467205047607, "reserved_gib": 8.228515625, "peak_allocated_gib": 7.100411891937256, "gpu_time_budget": null, "module": "model.layers.18.mlp.down_proj", "step": 2944}
{"stage": "sequential-round-coordinate", "pid": 113530, "time": 1789710906.4768155, "cuda_visible_devices": "2", "allocated_gib": 5.225467205047607, "reserved_gib": 8.228515625, "peak_allocated_gib": 7.100411891937256, "gpu_time_budget": null, "module": "model.layers.18.mlp.down_proj", "step": 3072}
{"stage": "sequential-round-coordinate", "pid": 113530, "time": 1789710907.3662343, "cuda_visible_devices": "2", "allocated_gib": 5.225467205047607, "reserved_gib": 8.228515625, "peak_allocated_gib": 7.100411891937256, "gpu_time_budget": null, "module": "model.layers.18.mlp.down_proj", "step": 3200}
{"stage": "sequential-round-coordinate", "pid": 113530, "time": 1789710908.2551398, "cuda_visible_devices": "2", "allocated_gib": 5.225467205047607, "reserved_gib": 8.228515625, "peak_allocated_gib": 7.100411891937256, "gpu_time_budget": null, "module": "model.layers.18.mlp.down_proj", "step": 3328}
{"stage": "sequential-round-coordinate", "pid": 113530, "time": 1789710909.1430569, "cuda_visible_devices": "2", "allocated_gib": 5.225467205047607, "reserved_gib": 8.228515625, "peak_allocated_gib": 7.100411891937256, "gpu_time_budget": null, "module": "model.layers.18.mlp.down_proj", "step": 3456}
{"stage": "sequential-round-coordinate", "pid": 113530, "time": 1789710910.0296986, "cuda_visible_devices": "2", "allocated_gib": 5.225467205047607, "reserved_gib": 8.228515625, "peak_allocated_gib": 7.100411891937256, "gpu_time_budget": null, "module": "model.layers.18.mlp.down_proj", "step": 3584}
{"stage": "sequential-round-coordinate", "pid": 113530, "time": 1789710910.917973, "cuda_visible_devices": "2", "allocated_gib": 5.225467205047607, "reserved_gib": 8.228515625, "peak_allocated_gib": 7.100411891937256, "gpu_time_budget": null, "module": "model.layers.18.mlp.down_proj", "step": 3712}
{"stage": "sequential-round-coordinate", "pid": 113530, "time": 1789710911.807284, "cuda_visible_devices": "2", "allocated_gib": 5.225467205047607, "reserved_gib": 8.228515625, "peak_allocated_gib": 7.100411891937256, "gpu_time_budget": null, "module": "model.layers.18.mlp.down_proj", "step": 3840}
{"stage": "sequential-round-coordinate", "pid": 113530, "time": 1789710912.6986783, "cuda_visible_devices": "2", "allocated_gib": 5.225467205047607, "reserved_gib": 8.228515625, "peak_allocated_gib": 7.100411891937256, "gpu_time_budget": null, "module": "model.layers.18.mlp.down_proj", "step": 3968}
{"stage": "sequential-round-coordinate", "pid": 113530, "time": 1789710913.588058, "cuda_visible_devices": "2", "allocated_gib": 5.225467205047607, "reserved_gib": 8.228515625, "peak_allocated_gib": 7.100411891937256, "gpu_time_budget": null, "module": "model.layers.18.mlp.down_proj", "step": 4096}
{"stage": "sequential-round-coordinate", "pid": 113530, "time": 1789710914.4772546, "cuda_visible_devices": "2", "allocated_gib": 5.225467205047607, "reserved_gib": 8.228515625, "peak_allocated_gib": 7.100411891937256, "gpu_time_budget": null, "module": "model.layers.18.mlp.down_proj", "step": 4224}
{"stage": "sequential-round-coordinate", "pid": 113530, "time": 1789710915.3684013, "cuda_visible_devices": "2", "allocated_gib": 5.225467205047607, "reserved_gib": 8.228515625, "peak_allocated_gib": 7.100411891937256, "gpu_time_budget": null, "module": "model.layers.18.mlp.down_proj", "step": 4352}
{"stage": "sequential-round-coordinate", "pid": 113530, "time": 1789710916.2587037, "cuda_visible_devices": "2", "allocated_gib": 5.225467205047607, "reserved_gib": 8.228515625, "peak_allocated_gib": 7.100411891937256, "gpu_time_budget": null, "module": "model.layers.18.mlp.down_proj", "step": 4480}
{"stage": "sequential-round-coordinate", "pid": 113530, "time": 1789710917.1470115, "cuda_visible_devices": "2", "allocated_gib": 5.225467205047607, "reserved_gib": 8.228515625, "peak_allocated_gib": 7.100411891937256, "gpu_time_budget": null, "module": "model.layers.18.mlp.down_proj", "step": 4608}
{"stage": "sequential-round-coordinate", "pid": 113530, "time": 1789710918.037289, "cuda_visible_devices": "2", "allocated_gib": 5.225467205047607, "reserved_gib": 8.228515625, "peak_allocated_gib": 7.100411891937256, "gpu_time_budget": null, "module": "model.layers.18.mlp.down_proj", "step": 4736}
{"stage": "sequential-round-coordinate", "pid": 113530, "time": 1789710918.9250357, "cuda_visible_devices": "2", "allocated_gib": 5.225467205047607, "reserved_gib": 8.228515625, "peak_allocated_gib": 7.100411891937256, "gpu_time_budget": null, "module": "model.layers.18.mlp.down_proj", "step": 4864}
{"stage": "sequential-round-coordinate", "pid": 113530, "time": 1789710919.8150215, "cuda_visible_devices": "2", "allocated_gib": 5.225467205047607, "reserved_gib": 8.228515625, "peak_allocated_gib": 7.100411891937256, "gpu_time_budget": null, "module": "model.layers.18.mlp.down_proj", "step": 4992}
{"stage": "sequential-round-coordinate", "pid": 113530, "time": 1789710920.7039928, "cuda_visible_devices": "2", "allocated_gib": 5.225467205047607, "reserved_gib": 8.228515625, "peak_allocated_gib": 7.100411891937256, "gpu_time_budget": null, "module": "model.layers.18.mlp.down_proj", "step": 5120}
{"stage": "sequential-round-coordinate", "pid": 113530, "time": 1789710921.5956476, "cuda_visible_devices": "2", "allocated_gib": 5.225467205047607, "reserved_gib": 8.228515625, "peak_allocated_gib": 7.100411891937256, "gpu_time_budget": null, "module": "model.layers.18.mlp.down_proj", "step": 5248}
{"stage": "sequential-round-coordinate", "pid": 113530, "time": 1789710922.4881911, "cuda_visible_devices": "2", "allocated_gib": 5.225467205047607, "reserved_gib": 8.228515625, "peak_allocated_gib": 7.100411891937256, "gpu_time_budget": null, "module": "model.layers.18.mlp.down_proj", "step": 5376}
{"stage": "sequential-round-coordinate", "pid": 113530, "time": 1789710923.3771744, "cuda_visible_devices": "2", "allocated_gib": 5.225467205047607, "reserved_gib": 8.228515625, "peak_allocated_gib": 7.100411891937256, "gpu_time_budget": null, "module": "model.layers.18.mlp.down_proj", "step": 5504}
{"stage": "sequential-round-coordinate", "pid": 113530, "time": 1789710924.266904, "cuda_visible_devices": "2", "allocated_gib": 5.225467205047607, "reserved_gib": 8.228515625, "peak_allocated_gib": 7.100411891937256, "gpu_time_budget": null, "module": "model.layers.18.mlp.down_proj", "step": 5632}
{"stage": "sequential-round-coordinate", "pid": 113530, "time": 1789710924.8675575, "cuda_visible_devices": "2", "allocated_gib": 5.225467205047607, "reserved_gib": 8.228515625, "peak_allocated_gib": 7.100411891937256, "gpu_time_budget": null, "module": "model.layers.18.mlp.down_proj", "step": 5760}
{"stage": "sequential-round-coordinate", "pid": 113530, "time": 1789710926.2570117, "cuda_visible_devices": "2", "allocated_gib": 5.225467205047607, "reserved_gib": 8.228515625, "peak_allocated_gib": 7.100411891937256, "gpu_time_budget": null, "module": "model.layers.18.mlp.down_proj", "step": 5888}
{"stage": "sequential-round-coordinate", "pid": 113530, "time": 1789710927.1445522, "cuda_visible_devices": "2", "allocated_gib": 5.225467205047607, "reserved_gib": 8.228515625, "peak_allocated_gib": 7.100411891937256, "gpu_time_budget": null, "module": "model.layers.18.mlp.down_proj", "step": 6016}
{"stage": "sequential-round-coordinate", "pid": 113530, "time": 1789710928.0325816, "cuda_visible_devices": "2", "allocated_gib": 5.225467205047607, "reserved_gib": 8.228515625, "peak_allocated_gib": 7.100411891937256, "gpu_time_budget": null, "module": "model.layers.18.mlp.down_proj", "step": 6144}
{"stage": "sequential-round-coordinate", "pid": 113530, "time": 1789710928.9225836, "cuda_visible_devices": "2", "allocated_gib": 5.225467205047607, "reserved_gib": 8.228515625, "peak_allocated_gib": 7.100411891937256, "gpu_time_budget": null, "module": "model.layers.18.mlp.down_proj", "step": 6272}
{"stage": "sequential-round-coordinate", "pid": 113530, "time": 1789710929.8116398, "cuda_visible_devices": "2", "allocated_gib": 5.225467205047607, "reserved_gib": 8.228515625, "peak_allocated_gib": 7.100411891937256, "gpu_time_budget": null, "module": "model.layers.18.mlp.down_proj", "step": 6400}
{"stage": "sequential-round-coordinate", "pid": 113530, "time": 1789710930.7000432, "cuda_visible_devices": "2", "allocated_gib": 5.225467205047607, "reserved_gib": 8.228515625, "peak_allocated_gib": 7.100411891937256, "gpu_time_budget": null, "module": "model.layers.18.mlp.down_proj", "step": 6528}
{"stage": "sequential-round-coordinate", "pid": 113530, "time": 1789710931.5897744, "cuda_visible_devices": "2", "allocated_gib": 5.225467205047607, "reserved_gib": 8.228515625, "peak_allocated_gib": 7.100411891937256, "gpu_time_budget": null, "module": "model.layers.18.mlp.down_proj", "step": 6656}
{"stage": "sequential-round-coordinate", "pid": 113530, "time": 1789710932.4803016, "cuda_visible_devices": "2", "allocated_gib": 5.225467205047607, "reserved_gib": 8.228515625, "peak_allocated_gib": 7.100411891937256, "gpu_time_budget": null, "module": "model.layers.18.mlp.down_proj", "step": 6784}
{"stage": "sequential-round-coordinate", "pid": 113530, "time": 1789710933.3734508, "cuda_visible_devices": "2", "allocated_gib": 5.225467205047607, "reserved_gib": 8.228515625, "peak_allocated_gib": 7.100411891937256, "gpu_time_budget": null, "module": "model.layers.18.mlp.down_proj", "step": 6912}
{"stage": "sequential-round-coordinate", "pid": 113530, "time": 1789710934.2644205, "cuda_visible_devices": "2", "allocated_gib": 5.225467205047607, "reserved_gib": 8.228515625, "peak_allocated_gib": 7.100411891937256, "gpu_time_budget": null, "module": "model.layers.18.mlp.down_proj", "step": 7040}
{"stage": "sequential-round-coordinate", "pid": 113530, "time": 1789710935.1554048, "cuda_visible_devices": "2", "allocated_gib": 5.225467205047607, "reserved_gib": 8.228515625, "peak_allocated_gib": 7.100411891937256, "gpu_time_budget": null, "module": "model.layers.18.mlp.down_proj", "step": 7168}
{"stage": "sequential-round-coordinate", "pid": 113530, "time": 1789710936.0456555, "cuda_visible_devices": "2", "allocated_gib": 5.225467205047607, "reserved_gib": 8.228515625, "peak_allocated_gib": 7.100411891937256, "gpu_time_budget": null, "module": "model.layers.18.mlp.down_proj", "step": 7296}
{"stage": "sequential-round-coordinate", "pid": 113530, "time": 1789710936.9334857, "cuda_visible_devices": "2", "allocated_gib": 5.225467205047607, "reserved_gib": 8.228515625, "peak_allocated_gib": 7.100411891937256, "gpu_time_budget": null, "module": "model.layers.18.mlp.down_proj", "step": 7424}
{"stage": "sequential-round-coordinate", "pid": 113530, "time": 1789710937.823769, "cuda_visible_devices": "2", "allocated_gib": 5.225467205047607, "reserved_gib": 8.228515625, "peak_allocated_gib": 7.100411891937256, "gpu_time_budget": null, "module": "model.layers.18.mlp.down_proj", "step": 7552}
{"stage": "sequential-round-coordinate", "pid": 113530, "time": 1789710938.7120283, "cuda_visible_devices": "2", "allocated_gib": 5.225467205047607, "reserved_gib": 8.228515625, "peak_allocated_gib": 7.100411891937256, "gpu_time_budget": null, "module": "model.layers.18.mlp.down_proj", "step": 7680}
{"stage": "sequential-round-coordinate", "pid": 113530, "time": 1789710939.6002862, "cuda_visible_devices": "2", "allocated_gib": 5.225467205047607, "reserved_gib": 8.228515625, "peak_allocated_gib": 7.100411891937256, "gpu_time_budget": null, "module": "model.layers.18.mlp.down_proj", "step": 7808}
{"stage": "sequential-round-coordinate", "pid": 113530, "time": 1789710940.4886832, "cuda_visible_devices": "2", "allocated_gib": 5.225467205047607, "reserved_gib": 8.228515625, "peak_allocated_gib": 7.100411891937256, "gpu_time_budget": null, "module": "model.layers.18.mlp.down_proj", "step": 7936}
{"stage": "sequential-round-coordinate", "pid": 113530, "time": 1789710941.3790793, "cuda_visible_devices": "2", "allocated_gib": 5.225467205047607, "reserved_gib": 8.228515625, "peak_allocated_gib": 7.100411891937256, "gpu_time_budget": null, "module": "model.layers.18.mlp.down_proj", "step": 8064}
{"stage": "sequential-round-coordinate", "pid": 113530, "time": 1789710942.3480437, "cuda_visible_devices": "2", "allocated_gib": 5.225467205047607, "reserved_gib": 8.228515625, "peak_allocated_gib": 7.100411891937256, "gpu_time_budget": null, "module": "model.layers.18.mlp.down_proj", "step": 8192}
{"stage": "sequential-round-train-nll", "pid": 113530, "time": 1789710942.3979821, "cuda_visible_devices": "2", "allocated_gib": 3.7957167625427246, "reserved_gib": 3.80078125, "peak_allocated_gib": 7.100411891937256, "gpu_time_budget": null, "module": "model.layers.18.mlp.down_proj", "step": 512}
Evaluation segment 1/1: start=0, windows=8, seqlen=2048
{"stage": "sequential-round-train-nll", "pid": 113530, "time": 1789710947.0930755, "cuda_visible_devices": "2", "allocated_gib": 3.7957167625427246, "reserved_gib": 5.978515625, "peak_allocated_gib": 7.100411891937256, "gpu_time_budget": null, "module": "model.layers.18.mlp.down_proj", "step": 2048}
Evaluation segment 1/1: start=0, windows=8, seqlen=2048
{"stage": "sequential-round-train-nll", "pid": 113530, "time": 1789710950.5020602, "cuda_visible_devices": "2", "allocated_gib": 3.7957167625427246, "reserved_gib": 5.978515625, "peak_allocated_gib": 7.100411891937256, "gpu_time_budget": null, "module": "model.layers.18.mlp.down_proj", "step": 8192}
Evaluation segment 1/1: start=0, windows=8, seqlen=2048
{"stage": "sequential-module-completed", "pid": 113530, "time": 1789710954.071552, "cuda_visible_devices": "2", "allocated_gib": 3.7957167625427246, "reserved_gib": 5.978515625, "peak_allocated_gib": 7.100411891937256, "gpu_time_budget": null, "module": "model.layers.18.mlp.down_proj", "completed": 19, "total": 28, "selected_train_nll": 2.6086678488823707, "elapsed_seconds": 1304.501188770053}
{"stage": "sequential-round-fit", "pid": 113530, "time": 1789710958.8516507, "cuda_visible_devices": "2", "allocated_gib": 3.7957167625427246, "reserved_gib": 5.978515625, "peak_allocated_gib": 7.100411891937256, "gpu_time_budget": null, "module": "model.layers.19.mlp.down_proj", "fit_rows": 49152, "heldout_rows": 16384}
{"stage": "sequential-round-coordinate", "pid": 113530, "time": 1789710959.674753, "cuda_visible_devices": "2", "allocated_gib": 5.225467205047607, "reserved_gib": 8.228515625, "peak_allocated_gib": 7.100411891937256, "gpu_time_budget": null, "module": "model.layers.19.mlp.down_proj", "step": 128}
{"stage": "sequential-round-coordinate", "pid": 113530, "time": 1789710960.2294037, "cuda_visible_devices": "2", "allocated_gib": 5.225467205047607, "reserved_gib": 8.228515625, "peak_allocated_gib": 7.100411891937256, "gpu_time_budget": null, "module": "model.layers.19.mlp.down_proj", "step": 256}
{"stage": "sequential-round-coordinate", "pid": 113530, "time": 1789710960.7880044, "cuda_visible_devices": "2", "allocated_gib": 5.225467205047607, "reserved_gib": 8.228515625, "peak_allocated_gib": 7.100411891937256, "gpu_time_budget": null, "module": "model.layers.19.mlp.down_proj", "step": 384}
{"stage": "sequential-round-coordinate", "pid": 113530, "time": 1789710961.3984947, "cuda_visible_devices": "2", "allocated_gib": 5.225467205047607, "reserved_gib": 8.228515625, "peak_allocated_gib": 7.100411891937256, "gpu_time_budget": null, "module": "model.layers.19.mlp.down_proj", "step": 512}
{"stage": "sequential-round-coordinate", "pid": 113530, "time": 1789710961.9548967, "cuda_visible_devices": "2", "allocated_gib": 5.225467205047607, "reserved_gib": 8.228515625, "peak_allocated_gib": 7.100411891937256, "gpu_time_budget": null, "module": "model.layers.19.mlp.down_proj", "step": 640}
{"stage": "sequential-round-coordinate", "pid": 113530, "time": 1789710962.5085285, "cuda_visible_devices": "2", "allocated_gib": 5.225467205047607, "reserved_gib": 8.228515625, "peak_allocated_gib": 7.100411891937256, "gpu_time_budget": null, "module": "model.layers.19.mlp.down_proj", "step": 768}
{"stage": "sequential-round-coordinate", "pid": 113530, "time": 1789710963.0660686, "cuda_visible_devices": "2", "allocated_gib": 5.225467205047607, "reserved_gib": 8.228515625, "peak_allocated_gib": 7.100411891937256, "gpu_time_budget": null, "module": "model.layers.19.mlp.down_proj", "step": 896}
{"stage": "sequential-round-coordinate", "pid": 113530, "time": 1789710963.6314347, "cuda_visible_devices": "2", "allocated_gib": 5.225467205047607, "reserved_gib": 8.228515625, "peak_allocated_gib": 7.100411891937256, "gpu_time_budget": null, "module": "model.layers.19.mlp.down_proj", "step": 1024}
{"stage": "sequential-round-coordinate", "pid": 113530, "time": 1789710964.3329318, "cuda_visible_devices": "2", "allocated_gib": 5.225467205047607, "reserved_gib": 8.228515625, "peak_allocated_gib": 7.100411891937256, "gpu_time_budget": null, "module": "model.layers.19.mlp.down_proj", "step": 1152}
{"stage": "sequential-round-coordinate", "pid": 113530, "time": 1789710965.224806, "cuda_visible_devices": "2", "allocated_gib": 5.225467205047607, "reserved_gib": 8.228515625, "peak_allocated_gib": 7.100411891937256, "gpu_time_budget": null, "module": "model.layers.19.mlp.down_proj", "step": 1280}
{"stage": "sequential-round-coordinate", "pid": 113530, "time": 1789710966.1154463, "cuda_visible_devices": "2", "allocated_gib": 5.225467205047607, "reserved_gib": 8.228515625, "peak_allocated_gib": 7.100411891937256, "gpu_time_budget": null, "module": "model.layers.19.mlp.down_proj", "step": 1408}
{"stage": "sequential-round-coordinate", "pid": 113530, "time": 1789710967.007073, "cuda_visible_devices": "2", "allocated_gib": 5.225467205047607, "reserved_gib": 8.228515625, "peak_allocated_gib": 7.100411891937256, "gpu_time_budget": null, "module": "model.layers.19.mlp.down_proj", "step": 1536}
{"stage": "sequential-round-coordinate", "pid": 113530, "time": 1789710967.8996851, "cuda_visible_devices": "2", "allocated_gib": 5.225467205047607, "reserved_gib": 8.228515625, "peak_allocated_gib": 7.100411891937256, "gpu_time_budget": null, "module": "model.layers.19.mlp.down_proj", "step": 1664}
{"stage": "sequential-round-coordinate", "pid": 113530, "time": 1789710968.7904544, "cuda_visible_devices": "2", "allocated_gib": 5.225467205047607, "reserved_gib": 8.228515625, "peak_allocated_gib": 7.100411891937256, "gpu_time_budget": null, "module": "model.layers.19.mlp.down_proj", "step": 1792}
{"stage": "sequential-round-coordinate", "pid": 113530, "time": 1789710969.6803908, "cuda_visible_devices": "2", "allocated_gib": 5.225467205047607, "reserved_gib": 8.228515625, "peak_allocated_gib": 7.100411891937256, "gpu_time_budget": null, "module": "model.layers.19.mlp.down_proj", "step": 1920}
{"stage": "sequential-round-coordinate", "pid": 113530, "time": 1789710970.65034, "cuda_visible_devices": "2", "allocated_gib": 5.225467205047607, "reserved_gib": 8.228515625, "peak_allocated_gib": 7.100411891937256, "gpu_time_budget": null, "module": "model.layers.19.mlp.down_proj", "step": 2048}
{"stage": "sequential-round-coordinate", "pid": 113530, "time": 1789710971.5412667, "cuda_visible_devices": "2", "allocated_gib": 5.225467205047607, "reserved_gib": 8.228515625, "peak_allocated_gib": 7.100411891937256, "gpu_time_budget": null, "module": "model.layers.19.mlp.down_proj", "step": 2176}
{"stage": "sequential-round-coordinate", "pid": 113530, "time": 1789710972.4302135, "cuda_visible_devices": "2", "allocated_gib": 5.225467205047607, "reserved_gib": 8.228515625, "peak_allocated_gib": 7.100411891937256, "gpu_time_budget": null, "module": "model.layers.19.mlp.down_proj", "step": 2304}
{"stage": "sequential-round-coordinate", "pid": 113530, "time": 1789710973.3196244, "cuda_visible_devices": "2", "allocated_gib": 5.225467205047607, "reserved_gib": 8.228515625, "peak_allocated_gib": 7.100411891937256, "gpu_time_budget": null, "module": "model.layers.19.mlp.down_proj", "step": 2432}
{"stage": "sequential-round-coordinate", "pid": 113530, "time": 1789710974.2098818, "cuda_visible_devices": "2", "allocated_gib": 5.225467205047607, "reserved_gib": 8.228515625, "peak_allocated_gib": 7.100411891937256, "gpu_time_budget": null, "module": "model.layers.19.mlp.down_proj", "step": 2560}
{"stage": "sequential-round-coordinate", "pid": 113530, "time": 1789710975.0992188, "cuda_visible_devices": "2", "allocated_gib": 5.225467205047607, "reserved_gib": 8.228515625, "peak_allocated_gib": 7.100411891937256, "gpu_time_budget": null, "module": "model.layers.19.mlp.down_proj", "step": 2688}
{"stage": "sequential-round-coordinate", "pid": 113530, "time": 1789710975.989112, "cuda_visible_devices": "2", "allocated_gib": 5.225467205047607, "reserved_gib": 8.228515625, "peak_allocated_gib": 7.100411891937256, "gpu_time_budget": null, "module": "model.layers.19.mlp.down_proj", "step": 2816}
{"stage": "sequential-round-coordinate", "pid": 113530, "time": 1789710976.8807554, "cuda_visible_devices": "2", "allocated_gib": 5.225467205047607, "reserved_gib": 8.228515625, "peak_allocated_gib": 7.100411891937256, "gpu_time_budget": null, "module": "model.layers.19.mlp.down_proj", "step": 2944}
{"stage": "sequential-round-coordinate", "pid": 113530, "time": 1789710977.7684245, "cuda_visible_devices": "2", "allocated_gib": 5.225467205047607, "reserved_gib": 8.228515625, "peak_allocated_gib": 7.100411891937256, "gpu_time_budget": null, "module": "model.layers.19.mlp.down_proj", "step": 3072}
{"stage": "sequential-round-coordinate", "pid": 113530, "time": 1789710978.6622407, "cuda_visible_devices": "2", "allocated_gib": 5.225467205047607, "reserved_gib": 8.228515625, "peak_allocated_gib": 7.100411891937256, "gpu_time_budget": null, "module": "model.layers.19.mlp.down_proj", "step": 3200}
{"stage": "sequential-round-coordinate", "pid": 113530, "time": 1789710979.563858, "cuda_visible_devices": "2", "allocated_gib": 5.225467205047607, "reserved_gib": 8.228515625, "peak_allocated_gib": 7.100411891937256, "gpu_time_budget": null, "module": "model.layers.19.mlp.down_proj", "step": 3328}
{"stage": "sequential-round-coordinate", "pid": 113530, "time": 1789710980.4665024, "cuda_visible_devices": "2", "allocated_gib": 5.225467205047607, "reserved_gib": 8.228515625, "peak_allocated_gib": 7.100411891937256, "gpu_time_budget": null, "module": "model.layers.19.mlp.down_proj", "step": 3456}
{"stage": "sequential-round-coordinate", "pid": 113530, "time": 1789710981.354714, "cuda_visible_devices": "2", "allocated_gib": 5.225467205047607, "reserved_gib": 8.228515625, "peak_allocated_gib": 7.100411891937256, "gpu_time_budget": null, "module": "model.layers.19.mlp.down_proj", "step": 3584}
{"stage": "sequential-round-coordinate", "pid": 113530, "time": 1789710982.24443, "cuda_visible_devices": "2", "allocated_gib": 5.225467205047607, "reserved_gib": 8.228515625, "peak_allocated_gib": 7.100411891937256, "gpu_time_budget": null, "module": "model.layers.19.mlp.down_proj", "step": 3712}
{"stage": "sequential-round-coordinate", "pid": 113530, "time": 1789710983.1332955, "cuda_visible_devices": "2", "allocated_gib": 5.225467205047607, "reserved_gib": 8.228515625, "peak_allocated_gib": 7.100411891937256, "gpu_time_budget": null, "module": "model.layers.19.mlp.down_proj", "step": 3840}
{"stage": "sequential-round-coordinate", "pid": 113530, "time": 1789710984.0244985, "cuda_visible_devices": "2", "allocated_gib": 5.225467205047607, "reserved_gib": 8.228515625, "peak_allocated_gib": 7.100411891937256, "gpu_time_budget": null, "module": "model.layers.19.mlp.down_proj", "step": 3968}
{"stage": "sequential-round-coordinate", "pid": 113530, "time": 1789710984.9101412, "cuda_visible_devices": "2", "allocated_gib": 5.225467205047607, "reserved_gib": 8.228515625, "peak_allocated_gib": 7.100411891937256, "gpu_time_budget": null, "module": "model.layers.19.mlp.down_proj", "step": 4096}
{"stage": "sequential-round-coordinate", "pid": 113530, "time": 1789710985.7995448, "cuda_visible_devices": "2", "allocated_gib": 5.225467205047607, "reserved_gib": 8.228515625, "peak_allocated_gib": 7.100411891937256, "gpu_time_budget": null, "module": "model.layers.19.mlp.down_proj", "step": 4224}
{"stage": "sequential-round-coordinate", "pid": 113530, "time": 1789710986.6888871, "cuda_visible_devices": "2", "allocated_gib": 5.225467205047607, "reserved_gib": 8.228515625, "peak_allocated_gib": 7.100411891937256, "gpu_time_budget": null, "module": "model.layers.19.mlp.down_proj", "step": 4352}
{"stage": "sequential-round-coordinate", "pid": 113530, "time": 1789710987.58511, "cuda_visible_devices": "2", "allocated_gib": 5.225467205047607, "reserved_gib": 8.228515625, "peak_allocated_gib": 7.100411891937256, "gpu_time_budget": null, "module": "model.layers.19.mlp.down_proj", "step": 4480}
{"stage": "sequential-round-coordinate", "pid": 113530, "time": 1789710988.4761882, "cuda_visible_devices": "2", "allocated_gib": 5.225467205047607, "reserved_gib": 8.228515625, "peak_allocated_gib": 7.100411891937256, "gpu_time_budget": null, "module": "model.layers.19.mlp.down_proj", "step": 4608}
{"stage": "sequential-round-coordinate", "pid": 113530, "time": 1789710989.3658824, "cuda_visible_devices": "2", "allocated_gib": 5.225467205047607, "reserved_gib": 8.228515625, "peak_allocated_gib": 7.100411891937256, "gpu_time_budget": null, "module": "model.layers.19.mlp.down_proj", "step": 4736}
{"stage": "sequential-round-coordinate", "pid": 113530, "time": 1789710990.2542913, "cuda_visible_devices": "2", "allocated_gib": 5.225467205047607, "reserved_gib": 8.228515625, "peak_allocated_gib": 7.100411891937256, "gpu_time_budget": null, "module": "model.layers.19.mlp.down_proj", "step": 4864}
{"stage": "sequential-round-coordinate", "pid": 113530, "time": 1789710991.1439426, "cuda_visible_devices": "2", "allocated_gib": 5.225467205047607, "reserved_gib": 8.228515625, "peak_allocated_gib": 7.100411891937256, "gpu_time_budget": null, "module": "model.layers.19.mlp.down_proj", "step": 4992}
{"stage": "sequential-round-coordinate", "pid": 113530, "time": 1789710992.0324154, "cuda_visible_devices": "2", "allocated_gib": 5.225467205047607, "reserved_gib": 8.228515625, "peak_allocated_gib": 7.100411891937256, "gpu_time_budget": null, "module": "model.layers.19.mlp.down_proj", "step": 5120}
{"stage": "sequential-round-coordinate", "pid": 113530, "time": 1789710992.92076, "cuda_visible_devices": "2", "allocated_gib": 5.225467205047607, "reserved_gib": 8.228515625, "peak_allocated_gib": 7.100411891937256, "gpu_time_budget": null, "module": "model.layers.19.mlp.down_proj", "step": 5248}
{"stage": "sequential-round-coordinate", "pid": 113530, "time": 1789710993.8096244, "cuda_visible_devices": "2", "allocated_gib": 5.225467205047607, "reserved_gib": 8.228515625, "peak_allocated_gib": 7.100411891937256, "gpu_time_budget": null, "module": "model.layers.19.mlp.down_proj", "step": 5376}
{"stage": "sequential-round-coordinate", "pid": 113530, "time": 1789710994.706303, "cuda_visible_devices": "2", "allocated_gib": 5.225467205047607, "reserved_gib": 8.228515625, "peak_allocated_gib": 7.100411891937256, "gpu_time_budget": null, "module": "model.layers.19.mlp.down_proj", "step": 5504}
{"stage": "sequential-round-coordinate", "pid": 113530, "time": 1789710995.5986414, "cuda_visible_devices": "2", "allocated_gib": 5.225467205047607, "reserved_gib": 8.228515625, "peak_allocated_gib": 7.100411891937256, "gpu_time_budget": null, "module": "model.layers.19.mlp.down_proj", "step": 5632}
{"stage": "sequential-round-coordinate", "pid": 113530, "time": 1789710996.4873407, "cuda_visible_devices": "2", "allocated_gib": 5.225467205047607, "reserved_gib": 8.228515625, "peak_allocated_gib": 7.100411891937256, "gpu_time_budget": null, "module": "model.layers.19.mlp.down_proj", "step": 5760}
{"stage": "sequential-round-coordinate", "pid": 113530, "time": 1789710997.377169, "cuda_visible_devices": "2", "allocated_gib": 5.225467205047607, "reserved_gib": 8.228515625, "peak_allocated_gib": 7.100411891937256, "gpu_time_budget": null, "module": "model.layers.19.mlp.down_proj", "step": 5888}
{"stage": "sequential-round-coordinate", "pid": 113530, "time": 1789710998.2681925, "cuda_visible_devices": "2", "allocated_gib": 5.225467205047607, "reserved_gib": 8.228515625, "peak_allocated_gib": 7.100411891937256, "gpu_time_budget": null, "module": "model.layers.19.mlp.down_proj", "step": 6016}
{"stage": "sequential-round-coordinate", "pid": 113530, "time": 1789710999.158261, "cuda_visible_devices": "2", "allocated_gib": 5.225467205047607, "reserved_gib": 8.228515625, "peak_allocated_gib": 7.100411891937256, "gpu_time_budget": null, "module": "model.layers.19.mlp.down_proj", "step": 6144}
{"stage": "sequential-round-coordinate", "pid": 113530, "time": 1789711000.0476367, "cuda_visible_devices": "2", "allocated_gib": 5.225467205047607, "reserved_gib": 8.228515625, "peak_allocated_gib": 7.100411891937256, "gpu_time_budget": null, "module": "model.layers.19.mlp.down_proj", "step": 6272}
{"stage": "sequential-round-coordinate", "pid": 113530, "time": 1789711000.936385, "cuda_visible_devices": "2", "allocated_gib": 5.225467205047607, "reserved_gib": 8.228515625, "peak_allocated_gib": 7.100411891937256, "gpu_time_budget": null, "module": "model.layers.19.mlp.down_proj", "step": 6400}
{"stage": "sequential-round-coordinate", "pid": 113530, "time": 1789711001.8246386, "cuda_visible_devices": "2", "allocated_gib": 5.225467205047607, "reserved_gib": 8.228515625, "peak_allocated_gib": 7.100411891937256, "gpu_time_budget": null, "module": "model.layers.19.mlp.down_proj", "step": 6528}
{"stage": "sequential-round-coordinate", "pid": 113530, "time": 1789711002.7124553, "cuda_visible_devices": "2", "allocated_gib": 5.225467205047607, "reserved_gib": 8.228515625, "peak_allocated_gib": 7.100411891937256, "gpu_time_budget": null, "module": "model.layers.19.mlp.down_proj", "step": 6656}
{"stage": "sequential-round-coordinate", "pid": 113530, "time": 1789711003.6010022, "cuda_visible_devices": "2", "allocated_gib": 5.225467205047607, "reserved_gib": 8.228515625, "peak_allocated_gib": 7.100411891937256, "gpu_time_budget": null, "module": "model.layers.19.mlp.down_proj", "step": 6784}
{"stage": "sequential-round-coordinate", "pid": 113530, "time": 1789711004.4929366, "cuda_visible_devices": "2", "allocated_gib": 5.225467205047607, "reserved_gib": 8.228515625, "peak_allocated_gib": 7.100411891937256, "gpu_time_budget": null, "module": "model.layers.19.mlp.down_proj", "step": 6912}
{"stage": "sequential-round-coordinate", "pid": 113530, "time": 1789711005.3819318, "cuda_visible_devices": "2", "allocated_gib": 5.225467205047607, "reserved_gib": 8.228515625, "peak_allocated_gib": 7.100411891937256, "gpu_time_budget": null, "module": "model.layers.19.mlp.down_proj", "step": 7040}
{"stage": "sequential-round-coordinate", "pid": 113530, "time": 1789711006.2717838, "cuda_visible_devices": "2", "allocated_gib": 5.225467205047607, "reserved_gib": 8.228515625, "peak_allocated_gib": 7.100411891937256, "gpu_time_budget": null, "module": "model.layers.19.mlp.down_proj", "step": 7168}
{"stage": "sequential-round-coordinate", "pid": 113530, "time": 1789711007.1603186, "cuda_visible_devices": "2", "allocated_gib": 5.225467205047607, "reserved_gib": 8.228515625, "peak_allocated_gib": 7.100411891937256, "gpu_time_budget": null, "module": "model.layers.19.mlp.down_proj", "step": 7296}
{"stage": "sequential-round-coordinate", "pid": 113530, "time": 1789711008.0484803, "cuda_visible_devices": "2", "allocated_gib": 5.225467205047607, "reserved_gib": 8.228515625, "peak_allocated_gib": 7.100411891937256, "gpu_time_budget": null, "module": "model.layers.19.mlp.down_proj", "step": 7424}
{"stage": "sequential-round-coordinate", "pid": 113530, "time": 1789711008.937919, "cuda_visible_devices": "2", "allocated_gib": 5.225467205047607, "reserved_gib": 8.228515625, "peak_allocated_gib": 7.100411891937256, "gpu_time_budget": null, "module": "model.layers.19.mlp.down_proj", "step": 7552}
{"stage": "sequential-round-coordinate", "pid": 113530, "time": 1789711009.8280828, "cuda_visible_devices": "2", "allocated_gib": 5.225467205047607, "reserved_gib": 8.228515625, "peak_allocated_gib": 7.100411891937256, "gpu_time_budget": null, "module": "model.layers.19.mlp.down_proj", "step": 7680}
{"stage": "sequential-round-coordinate", "pid": 113530, "time": 1789711010.7192464, "cuda_visible_devices": "2", "allocated_gib": 5.225467205047607, "reserved_gib": 8.228515625, "peak_allocated_gib": 7.100411891937256, "gpu_time_budget": null, "module": "model.layers.19.mlp.down_proj", "step": 7808}
{"stage": "sequential-round-coordinate", "pid": 113530, "time": 1789711011.6079278, "cuda_visible_devices": "2", "allocated_gib": 5.225467205047607, "reserved_gib": 8.228515625, "peak_allocated_gib": 7.100411891937256, "gpu_time_budget": null, "module": "model.layers.19.mlp.down_proj", "step": 7936}
{"stage": "sequential-round-coordinate", "pid": 113530, "time": 1789711012.4979289, "cuda_visible_devices": "2", "allocated_gib": 5.225467205047607, "reserved_gib": 8.228515625, "peak_allocated_gib": 7.100411891937256, "gpu_time_budget": null, "module": "model.layers.19.mlp.down_proj", "step": 8064}
{"stage": "sequential-round-coordinate", "pid": 113530, "time": 1789711013.4683735, "cuda_visible_devices": "2", "allocated_gib": 5.225467205047607, "reserved_gib": 8.228515625, "peak_allocated_gib": 7.100411891937256, "gpu_time_budget": null, "module": "model.layers.19.mlp.down_proj", "step": 8192}
{"stage": "sequential-round-train-nll", "pid": 113530, "time": 1789711013.5178754, "cuda_visible_devices": "2", "allocated_gib": 3.7957167625427246, "reserved_gib": 3.80078125, "peak_allocated_gib": 7.100411891937256, "gpu_time_budget": null, "module": "model.layers.19.mlp.down_proj", "step": 512}
Evaluation segment 1/1: start=0, windows=8, seqlen=2048
{"stage": "sequential-round-train-nll", "pid": 113530, "time": 1789711018.581793, "cuda_visible_devices": "2", "allocated_gib": 3.7957167625427246, "reserved_gib": 5.978515625, "peak_allocated_gib": 7.100411891937256, "gpu_time_budget": null, "module": "model.layers.19.mlp.down_proj", "step": 2048}
Evaluation segment 1/1: start=0, windows=8, seqlen=2048
{"stage": "sequential-round-train-nll", "pid": 113530, "time": 1789711022.145691, "cuda_visible_devices": "2", "allocated_gib": 3.7957167625427246, "reserved_gib": 5.978515625, "peak_allocated_gib": 7.100411891937256, "gpu_time_budget": null, "module": "model.layers.19.mlp.down_proj", "step": 8192}
Evaluation segment 1/1: start=0, windows=8, seqlen=2048
{"stage": "sequential-module-completed", "pid": 113530, "time": 1789711025.677814, "cuda_visible_devices": "2", "allocated_gib": 3.7957167625427246, "reserved_gib": 5.978515625, "peak_allocated_gib": 7.100411891937256, "gpu_time_budget": null, "module": "model.layers.19.mlp.down_proj", "completed": 20, "total": 28, "selected_train_nll": 2.6086678488823707, "elapsed_seconds": 1376.1074497379595}
{"stage": "sequential-round-fit", "pid": 113530, "time": 1789711030.9589841, "cuda_visible_devices": "2", "allocated_gib": 3.7957167625427246, "reserved_gib": 5.978515625, "peak_allocated_gib": 7.100411891937256, "gpu_time_budget": null, "module": "model.layers.20.mlp.down_proj", "fit_rows": 49152, "heldout_rows": 16384}
{"stage": "sequential-round-coordinate", "pid": 113530, "time": 1789711031.798184, "cuda_visible_devices": "2", "allocated_gib": 5.225467205047607, "reserved_gib": 8.228515625, "peak_allocated_gib": 7.100411891937256, "gpu_time_budget": null, "module": "model.layers.20.mlp.down_proj", "step": 128}
{"stage": "sequential-round-coordinate", "pid": 113530, "time": 1789711032.3529549, "cuda_visible_devices": "2", "allocated_gib": 5.225467205047607, "reserved_gib": 8.228515625, "peak_allocated_gib": 7.100411891937256, "gpu_time_budget": null, "module": "model.layers.20.mlp.down_proj", "step": 256}
{"stage": "sequential-round-coordinate", "pid": 113530, "time": 1789711032.908361, "cuda_visible_devices": "2", "allocated_gib": 5.225467205047607, "reserved_gib": 8.228515625, "peak_allocated_gib": 7.100411891937256, "gpu_time_budget": null, "module": "model.layers.20.mlp.down_proj", "step": 384}
{"stage": "sequential-round-coordinate", "pid": 113530, "time": 1789711033.5202682, "cuda_visible_devices": "2", "allocated_gib": 5.225467205047607, "reserved_gib": 8.228515625, "peak_allocated_gib": 7.100411891937256, "gpu_time_budget": null, "module": "model.layers.20.mlp.down_proj", "step": 512}
{"stage": "sequential-round-coordinate", "pid": 113530, "time": 1789711034.0769808, "cuda_visible_devices": "2", "allocated_gib": 5.225467205047607, "reserved_gib": 8.228515625, "peak_allocated_gib": 7.100411891937256, "gpu_time_budget": null, "module": "model.layers.20.mlp.down_proj", "step": 640}
{"stage": "sequential-round-coordinate", "pid": 113530, "time": 1789711034.635086, "cuda_visible_devices": "2", "allocated_gib": 5.225467205047607, "reserved_gib": 8.228515625, "peak_allocated_gib": 7.100411891937256, "gpu_time_budget": null, "module": "model.layers.20.mlp.down_proj", "step": 768}
{"stage": "sequential-round-coordinate", "pid": 113530, "time": 1789711035.2047024, "cuda_visible_devices": "2", "allocated_gib": 5.225467205047607, "reserved_gib": 8.228515625, "peak_allocated_gib": 7.100411891937256, "gpu_time_budget": null, "module": "model.layers.20.mlp.down_proj", "step": 896}
{"stage": "sequential-round-coordinate", "pid": 113530, "time": 1789711035.7579303, "cuda_visible_devices": "2", "allocated_gib": 5.225467205047607, "reserved_gib": 8.228515625, "peak_allocated_gib": 7.100411891937256, "gpu_time_budget": null, "module": "model.layers.20.mlp.down_proj", "step": 1024}
{"stage": "sequential-round-coordinate", "pid": 113530, "time": 1789711036.316981, "cuda_visible_devices": "2", "allocated_gib": 5.225467205047607, "reserved_gib": 8.228515625, "peak_allocated_gib": 7.100411891937256, "gpu_time_budget": null, "module": "model.layers.20.mlp.down_proj", "step": 1152}
{"stage": "sequential-round-coordinate", "pid": 113530, "time": 1789711036.8688045, "cuda_visible_devices": "2", "allocated_gib": 5.225467205047607, "reserved_gib": 8.228515625, "peak_allocated_gib": 7.100411891937256, "gpu_time_budget": null, "module": "model.layers.20.mlp.down_proj", "step": 1280}
{"stage": "sequential-round-coordinate", "pid": 113530, "time": 1789711037.425243, "cuda_visible_devices": "2", "allocated_gib": 5.225467205047607, "reserved_gib": 8.228515625, "peak_allocated_gib": 7.100411891937256, "gpu_time_budget": null, "module": "model.layers.20.mlp.down_proj", "step": 1408}
{"stage": "sequential-round-coordinate", "pid": 113530, "time": 1789711037.959061, "cuda_visible_devices": "2", "allocated_gib": 5.225467205047607, "reserved_gib": 8.228515625, "peak_allocated_gib": 7.100411891937256, "gpu_time_budget": null, "module": "model.layers.20.mlp.down_proj", "step": 1536}
{"stage": "sequential-round-coordinate", "pid": 113530, "time": 1789711038.8451843, "cuda_visible_devices": "2", "allocated_gib": 5.225467205047607, "reserved_gib": 8.228515625, "peak_allocated_gib": 7.100411891937256, "gpu_time_budget": null, "module": "model.layers.20.mlp.down_proj", "step": 1664}
{"stage": "sequential-round-coordinate", "pid": 113530, "time": 1789711039.7170916, "cuda_visible_devices": "2", "allocated_gib": 5.225467205047607, "reserved_gib": 8.228515625, "peak_allocated_gib": 7.100411891937256, "gpu_time_budget": null, "module": "model.layers.20.mlp.down_proj", "step": 1792}
{"stage": "sequential-round-coordinate", "pid": 113530, "time": 1789711040.6132739, "cuda_visible_devices": "2", "allocated_gib": 5.225467205047607, "reserved_gib": 8.228515625, "peak_allocated_gib": 7.100411891937256, "gpu_time_budget": null, "module": "model.layers.20.mlp.down_proj", "step": 1920}
{"stage": "sequential-round-coordinate", "pid": 113530, "time": 1789711041.5858006, "cuda_visible_devices": "2", "allocated_gib": 5.225467205047607, "reserved_gib": 8.228515625, "peak_allocated_gib": 7.100411891937256, "gpu_time_budget": null, "module": "model.layers.20.mlp.down_proj", "step": 2048}
{"stage": "sequential-round-coordinate", "pid": 113530, "time": 1789711042.4932792, "cuda_visible_devices": "2", "allocated_gib": 5.225467205047607, "reserved_gib": 8.228515625, "peak_allocated_gib": 7.100411891937256, "gpu_time_budget": null, "module": "model.layers.20.mlp.down_proj", "step": 2176}
{"stage": "sequential-round-coordinate", "pid": 113530, "time": 1789711043.3824425, "cuda_visible_devices": "2", "allocated_gib": 5.225467205047607, "reserved_gib": 8.228515625, "peak_allocated_gib": 7.100411891937256, "gpu_time_budget": null, "module": "model.layers.20.mlp.down_proj", "step": 2304}
{"stage": "sequential-round-coordinate", "pid": 113530, "time": 1789711044.2716458, "cuda_visible_devices": "2", "allocated_gib": 5.225467205047607, "reserved_gib": 8.228515625, "peak_allocated_gib": 7.100411891937256, "gpu_time_budget": null, "module": "model.layers.20.mlp.down_proj", "step": 2432}
{"stage": "sequential-round-coordinate", "pid": 113530, "time": 1789711045.1601908, "cuda_visible_devices": "2", "allocated_gib": 5.225467205047607, "reserved_gib": 8.228515625, "peak_allocated_gib": 7.100411891937256, "gpu_time_budget": null, "module": "model.layers.20.mlp.down_proj", "step": 2560}
{"stage": "sequential-round-coordinate", "pid": 113530, "time": 1789711046.0556216, "cuda_visible_devices": "2", "allocated_gib": 5.225467205047607, "reserved_gib": 8.228515625, "peak_allocated_gib": 7.100411891937256, "gpu_time_budget": null, "module": "model.layers.20.mlp.down_proj", "step": 2688}
{"stage": "sequential-round-coordinate", "pid": 113530, "time": 1789711046.9419088, "cuda_visible_devices": "2", "allocated_gib": 5.225467205047607, "reserved_gib": 8.228515625, "peak_allocated_gib": 7.100411891937256, "gpu_time_budget": null, "module": "model.layers.20.mlp.down_proj", "step": 2816}
{"stage": "sequential-round-coordinate", "pid": 113530, "time": 1789711047.8264768, "cuda_visible_devices": "2", "allocated_gib": 5.225467205047607, "reserved_gib": 8.228515625, "peak_allocated_gib": 7.100411891937256, "gpu_time_budget": null, "module": "model.layers.20.mlp.down_proj", "step": 2944}
{"stage": "sequential-round-coordinate", "pid": 113530, "time": 1789711048.7192788, "cuda_visible_devices": "2", "allocated_gib": 5.225467205047607, "reserved_gib": 8.228515625, "peak_allocated_gib": 7.100411891937256, "gpu_time_budget": null, "module": "model.layers.20.mlp.down_proj", "step": 3072}
{"stage": "sequential-round-coordinate", "pid": 113530, "time": 1789711049.6028502, "cuda_visible_devices": "2", "allocated_gib": 5.225467205047607, "reserved_gib": 8.228515625, "peak_allocated_gib": 7.100411891937256, "gpu_time_budget": null, "module": "model.layers.20.mlp.down_proj", "step": 3200}
{"stage": "sequential-round-coordinate", "pid": 113530, "time": 1789711050.5060272, "cuda_visible_devices": "2", "allocated_gib": 5.225467205047607, "reserved_gib": 8.228515625, "peak_allocated_gib": 7.100411891937256, "gpu_time_budget": null, "module": "model.layers.20.mlp.down_proj", "step": 3328}
{"stage": "sequential-round-coordinate", "pid": 113530, "time": 1789711051.392936, "cuda_visible_devices": "2", "allocated_gib": 5.225467205047607, "reserved_gib": 8.228515625, "peak_allocated_gib": 7.100411891937256, "gpu_time_budget": null, "module": "model.layers.20.mlp.down_proj", "step": 3456}
{"stage": "sequential-round-coordinate", "pid": 113530, "time": 1789711052.28159, "cuda_visible_devices": "2", "allocated_gib": 5.225467205047607, "reserved_gib": 8.228515625, "peak_allocated_gib": 7.100411891937256, "gpu_time_budget": null, "module": "model.layers.20.mlp.down_proj", "step": 3584}
{"stage": "sequential-round-coordinate", "pid": 113530, "time": 1789711053.1599915, "cuda_visible_devices": "2", "allocated_gib": 5.225467205047607, "reserved_gib": 8.228515625, "peak_allocated_gib": 7.100411891937256, "gpu_time_budget": null, "module": "model.layers.20.mlp.down_proj", "step": 3712}
{"stage": "sequential-round-coordinate", "pid": 113530, "time": 1789711054.048626, "cuda_visible_devices": "2", "allocated_gib": 5.225467205047607, "reserved_gib": 8.228515625, "peak_allocated_gib": 7.100411891937256, "gpu_time_budget": null, "module": "model.layers.20.mlp.down_proj", "step": 3840}
{"stage": "sequential-round-coordinate", "pid": 113530, "time": 1789711054.9370754, "cuda_visible_devices": "2", "allocated_gib": 5.225467205047607, "reserved_gib": 8.228515625, "peak_allocated_gib": 7.100411891937256, "gpu_time_budget": null, "module": "model.layers.20.mlp.down_proj", "step": 3968}
{"stage": "sequential-round-coordinate", "pid": 113530, "time": 1789711055.8268054, "cuda_visible_devices": "2", "allocated_gib": 5.225467205047607, "reserved_gib": 8.228515625, "peak_allocated_gib": 7.100411891937256, "gpu_time_budget": null, "module": "model.layers.20.mlp.down_proj", "step": 4096}
{"stage": "sequential-round-coordinate", "pid": 113530, "time": 1789711056.7192469, "cuda_visible_devices": "2", "allocated_gib": 5.225467205047607, "reserved_gib": 8.228515625, "peak_allocated_gib": 7.100411891937256, "gpu_time_budget": null, "module": "model.layers.20.mlp.down_proj", "step": 4224}
{"stage": "sequential-round-coordinate", "pid": 113530, "time": 1789711057.606928, "cuda_visible_devices": "2", "allocated_gib": 5.225467205047607, "reserved_gib": 8.228515625, "peak_allocated_gib": 7.100411891937256, "gpu_time_budget": null, "module": "model.layers.20.mlp.down_proj", "step": 4352}
{"stage": "sequential-round-coordinate", "pid": 113530, "time": 1789711058.4959033, "cuda_visible_devices": "2", "allocated_gib": 5.225467205047607, "reserved_gib": 8.228515625, "peak_allocated_gib": 7.100411891937256, "gpu_time_budget": null, "module": "model.layers.20.mlp.down_proj", "step": 4480}
{"stage": "sequential-round-coordinate", "pid": 113530, "time": 1789711059.3863385, "cuda_visible_devices": "2", "allocated_gib": 5.225467205047607, "reserved_gib": 8.228515625, "peak_allocated_gib": 7.100411891937256, "gpu_time_budget": null, "module": "model.layers.20.mlp.down_proj", "step": 4608}
{"stage": "sequential-round-coordinate", "pid": 113530, "time": 1789711060.2801793, "cuda_visible_devices": "2", "allocated_gib": 5.225467205047607, "reserved_gib": 8.228515625, "peak_allocated_gib": 7.100411891937256, "gpu_time_budget": null, "module": "model.layers.20.mlp.down_proj", "step": 4736}
{"stage": "sequential-round-coordinate", "pid": 113530, "time": 1789711061.164961, "cuda_visible_devices": "2", "allocated_gib": 5.225467205047607, "reserved_gib": 8.228515625, "peak_allocated_gib": 7.100411891937256, "gpu_time_budget": null, "module": "model.layers.20.mlp.down_proj", "step": 4864}
{"stage": "sequential-round-coordinate", "pid": 113530, "time": 1789711062.053591, "cuda_visible_devices": "2", "allocated_gib": 5.225467205047607, "reserved_gib": 8.228515625, "peak_allocated_gib": 7.100411891937256, "gpu_time_budget": null, "module": "model.layers.20.mlp.down_proj", "step": 4992}
{"stage": "sequential-round-coordinate", "pid": 113530, "time": 1789711062.9354362, "cuda_visible_devices": "2", "allocated_gib": 5.225467205047607, "reserved_gib": 8.228515625, "peak_allocated_gib": 7.100411891937256, "gpu_time_budget": null, "module": "model.layers.20.mlp.down_proj", "step": 5120}
{"stage": "sequential-round-coordinate", "pid": 113530, "time": 1789711063.8205845, "cuda_visible_devices": "2", "allocated_gib": 5.225467205047607, "reserved_gib": 8.228515625, "peak_allocated_gib": 7.100411891937256, "gpu_time_budget": null, "module": "model.layers.20.mlp.down_proj", "step": 5248}
{"stage": "sequential-round-coordinate", "pid": 113530, "time": 1789711064.716122, "cuda_visible_devices": "2", "allocated_gib": 5.225467205047607, "reserved_gib": 8.228515625, "peak_allocated_gib": 7.100411891937256, "gpu_time_budget": null, "module": "model.layers.20.mlp.down_proj", "step": 5376}
{"stage": "sequential-round-coordinate", "pid": 113530, "time": 1789711065.6090639, "cuda_visible_devices": "2", "allocated_gib": 5.225467205047607, "reserved_gib": 8.228515625, "peak_allocated_gib": 7.100411891937256, "gpu_time_budget": null, "module": "model.layers.20.mlp.down_proj", "step": 5504}
{"stage": "sequential-round-coordinate", "pid": 113530, "time": 1789711066.4973516, "cuda_visible_devices": "2", "allocated_gib": 5.225467205047607, "reserved_gib": 8.228515625, "peak_allocated_gib": 7.100411891937256, "gpu_time_budget": null, "module": "model.layers.20.mlp.down_proj", "step": 5632}
{"stage": "sequential-round-coordinate", "pid": 113530, "time": 1789711067.403087, "cuda_visible_devices": "2", "allocated_gib": 5.225467205047607, "reserved_gib": 8.228515625, "peak_allocated_gib": 7.100411891937256, "gpu_time_budget": null, "module": "model.layers.20.mlp.down_proj", "step": 5760}
{"stage": "sequential-round-coordinate", "pid": 113530, "time": 1789711068.298445, "cuda_visible_devices": "2", "allocated_gib": 5.225467205047607, "reserved_gib": 8.228515625, "peak_allocated_gib": 7.100411891937256, "gpu_time_budget": null, "module": "model.layers.20.mlp.down_proj", "step": 5888}
{"stage": "sequential-round-coordinate", "pid": 113530, "time": 1789711069.1875353, "cuda_visible_devices": "2", "allocated_gib": 5.225467205047607, "reserved_gib": 8.228515625, "peak_allocated_gib": 7.100411891937256, "gpu_time_budget": null, "module": "model.layers.20.mlp.down_proj", "step": 6016}
{"stage": "sequential-round-coordinate", "pid": 113530, "time": 1789711070.0933821, "cuda_visible_devices": "2", "allocated_gib": 5.225467205047607, "reserved_gib": 8.228515625, "peak_allocated_gib": 7.100411891937256, "gpu_time_budget": null, "module": "model.layers.20.mlp.down_proj", "step": 6144}
{"stage": "sequential-round-coordinate", "pid": 113530, "time": 1789711070.9599462, "cuda_visible_devices": "2", "allocated_gib": 5.225467205047607, "reserved_gib": 8.228515625, "peak_allocated_gib": 7.100411891937256, "gpu_time_budget": null, "module": "model.layers.20.mlp.down_proj", "step": 6272}
{"stage": "sequential-round-coordinate", "pid": 113530, "time": 1789711071.8431501, "cuda_visible_devices": "2", "allocated_gib": 5.225467205047607, "reserved_gib": 8.228515625, "peak_allocated_gib": 7.100411891937256, "gpu_time_budget": null, "module": "model.layers.20.mlp.down_proj", "step": 6400}
{"stage": "sequential-round-coordinate", "pid": 113530, "time": 1789711072.7391706, "cuda_visible_devices": "2", "allocated_gib": 5.225467205047607, "reserved_gib": 8.228515625, "peak_allocated_gib": 7.100411891937256, "gpu_time_budget": null, "module": "model.layers.20.mlp.down_proj", "step": 6528}
{"stage": "sequential-round-coordinate", "pid": 113530, "time": 1789711073.6380746, "cuda_visible_devices": "2", "allocated_gib": 5.225467205047607, "reserved_gib": 8.228515625, "peak_allocated_gib": 7.100411891937256, "gpu_time_budget": null, "module": "model.layers.20.mlp.down_proj", "step": 6656}
{"stage": "sequential-round-coordinate", "pid": 113530, "time": 1789711074.526471, "cuda_visible_devices": "2", "allocated_gib": 5.225467205047607, "reserved_gib": 8.228515625, "peak_allocated_gib": 7.100411891937256, "gpu_time_budget": null, "module": "model.layers.20.mlp.down_proj", "step": 6784}
{"stage": "sequential-round-coordinate", "pid": 113530, "time": 1789711075.4182217, "cuda_visible_devices": "2", "allocated_gib": 5.225467205047607, "reserved_gib": 8.228515625, "peak_allocated_gib": 7.100411891937256, "gpu_time_budget": null, "module": "model.layers.20.mlp.down_proj", "step": 6912}
{"stage": "sequential-round-coordinate", "pid": 113530, "time": 1789711076.3111377, "cuda_visible_devices": "2", "allocated_gib": 5.225467205047607, "reserved_gib": 8.228515625, "peak_allocated_gib": 7.100411891937256, "gpu_time_budget": null, "module": "model.layers.20.mlp.down_proj", "step": 7040}
{"stage": "sequential-round-coordinate", "pid": 113530, "time": 1789711077.1994596, "cuda_visible_devices": "2", "allocated_gib": 5.225467205047607, "reserved_gib": 8.228515625, "peak_allocated_gib": 7.100411891937256, "gpu_time_budget": null, "module": "model.layers.20.mlp.down_proj", "step": 7168}
{"stage": "sequential-round-coordinate", "pid": 113530, "time": 1789711078.090226, "cuda_visible_devices": "2", "allocated_gib": 5.225467205047607, "reserved_gib": 8.228515625, "peak_allocated_gib": 7.100411891937256, "gpu_time_budget": null, "module": "model.layers.20.mlp.down_proj", "step": 7296}
{"stage": "sequential-round-coordinate", "pid": 113530, "time": 1789711078.9789913, "cuda_visible_devices": "2", "allocated_gib": 5.225467205047607, "reserved_gib": 8.228515625, "peak_allocated_gib": 7.100411891937256, "gpu_time_budget": null, "module": "model.layers.20.mlp.down_proj", "step": 7424}
{"stage": "sequential-round-coordinate", "pid": 113530, "time": 1789711079.8673596, "cuda_visible_devices": "2", "allocated_gib": 5.225467205047607, "reserved_gib": 8.228515625, "peak_allocated_gib": 7.100411891937256, "gpu_time_budget": null, "module": "model.layers.20.mlp.down_proj", "step": 7552}
{"stage": "sequential-round-coordinate", "pid": 113530, "time": 1789711080.7573433, "cuda_visible_devices": "2", "allocated_gib": 5.225467205047607, "reserved_gib": 8.228515625, "peak_allocated_gib": 7.100411891937256, "gpu_time_budget": null, "module": "model.layers.20.mlp.down_proj", "step": 7680}
{"stage": "sequential-round-coordinate", "pid": 113530, "time": 1789711081.6487753, "cuda_visible_devices": "2", "allocated_gib": 5.225467205047607, "reserved_gib": 8.228515625, "peak_allocated_gib": 7.100411891937256, "gpu_time_budget": null, "module": "model.layers.20.mlp.down_proj", "step": 7808}
{"stage": "sequential-round-coordinate", "pid": 113530, "time": 1789711082.5393498, "cuda_visible_devices": "2", "allocated_gib": 5.225467205047607, "reserved_gib": 8.228515625, "peak_allocated_gib": 7.100411891937256, "gpu_time_budget": null, "module": "model.layers.20.mlp.down_proj", "step": 7936}
{"stage": "sequential-round-coordinate", "pid": 113530, "time": 1789711083.4265835, "cuda_visible_devices": "2", "allocated_gib": 5.225467205047607, "reserved_gib": 8.228515625, "peak_allocated_gib": 7.100411891937256, "gpu_time_budget": null, "module": "model.layers.20.mlp.down_proj", "step": 8064}
{"stage": "sequential-round-coordinate", "pid": 113530, "time": 1789711084.3840766, "cuda_visible_devices": "2", "allocated_gib": 5.225467205047607, "reserved_gib": 8.228515625, "peak_allocated_gib": 7.100411891937256, "gpu_time_budget": null, "module": "model.layers.20.mlp.down_proj", "step": 8192}
{"stage": "sequential-round-train-nll", "pid": 113530, "time": 1789711084.4329972, "cuda_visible_devices": "2", "allocated_gib": 3.7957167625427246, "reserved_gib": 3.80078125, "peak_allocated_gib": 7.100411891937256, "gpu_time_budget": null, "module": "model.layers.20.mlp.down_proj", "step": 512}
Evaluation segment 1/1: start=0, windows=8, seqlen=2048
{"stage": "sequential-round-train-nll", "pid": 113530, "time": 1789711089.462767, "cuda_visible_devices": "2", "allocated_gib": 3.7957167625427246, "reserved_gib": 5.978515625, "peak_allocated_gib": 7.100411891937256, "gpu_time_budget": null, "module": "model.layers.20.mlp.down_proj", "step": 2048}
Evaluation segment 1/1: start=0, windows=8, seqlen=2048
{"stage": "sequential-round-train-nll", "pid": 113530, "time": 1789711093.8899117, "cuda_visible_devices": "2", "allocated_gib": 3.7957167625427246, "reserved_gib": 5.978515625, "peak_allocated_gib": 7.100411891937256, "gpu_time_budget": null, "module": "model.layers.20.mlp.down_proj", "step": 8192}
Evaluation segment 1/1: start=0, windows=8, seqlen=2048
{"stage": "sequential-module-completed", "pid": 113530, "time": 1789711097.3911777, "cuda_visible_devices": "2", "allocated_gib": 3.7957167625427246, "reserved_gib": 5.978515625, "peak_allocated_gib": 7.100411891937256, "gpu_time_budget": null, "module": "model.layers.20.mlp.down_proj", "completed": 21, "total": 28, "selected_train_nll": 2.6086678488823707, "elapsed_seconds": 1447.820811446989}
{"stage": "sequential-round-fit", "pid": 113530, "time": 1789711103.248619, "cuda_visible_devices": "2", "allocated_gib": 3.7957167625427246, "reserved_gib": 5.978515625, "peak_allocated_gib": 7.100411891937256, "gpu_time_budget": null, "module": "model.layers.21.mlp.down_proj", "fit_rows": 49152, "heldout_rows": 16384}
{"stage": "sequential-round-coordinate", "pid": 113530, "time": 1789711104.157853, "cuda_visible_devices": "2", "allocated_gib": 5.225467205047607, "reserved_gib": 8.228515625, "peak_allocated_gib": 7.100411891937256, "gpu_time_budget": null, "module": "model.layers.21.mlp.down_proj", "step": 128}
{"stage": "sequential-round-coordinate", "pid": 113530, "time": 1789711104.7359447, "cuda_visible_devices": "2", "allocated_gib": 5.225467205047607, "reserved_gib": 8.228515625, "peak_allocated_gib": 7.100411891937256, "gpu_time_budget": null, "module": "model.layers.21.mlp.down_proj", "step": 256}
{"stage": "sequential-round-coordinate", "pid": 113530, "time": 1789711105.3174694, "cuda_visible_devices": "2", "allocated_gib": 5.225467205047607, "reserved_gib": 8.228515625, "peak_allocated_gib": 7.100411891937256, "gpu_time_budget": null, "module": "model.layers.21.mlp.down_proj", "step": 384}
{"stage": "sequential-round-coordinate", "pid": 113530, "time": 1789711105.9860973, "cuda_visible_devices": "2", "allocated_gib": 5.225467205047607, "reserved_gib": 8.228515625, "peak_allocated_gib": 7.100411891937256, "gpu_time_budget": null, "module": "model.layers.21.mlp.down_proj", "step": 512}
{"stage": "sequential-round-coordinate", "pid": 113530, "time": 1789711106.553466, "cuda_visible_devices": "2", "allocated_gib": 5.225467205047607, "reserved_gib": 8.228515625, "peak_allocated_gib": 7.100411891937256, "gpu_time_budget": null, "module": "model.layers.21.mlp.down_proj", "step": 640}
{"stage": "sequential-round-coordinate", "pid": 113530, "time": 1789711107.1129117, "cuda_visible_devices": "2", "allocated_gib": 5.225467205047607, "reserved_gib": 8.228515625, "peak_allocated_gib": 7.100411891937256, "gpu_time_budget": null, "module": "model.layers.21.mlp.down_proj", "step": 768}
{"stage": "sequential-round-coordinate", "pid": 113530, "time": 1789711107.6730137, "cuda_visible_devices": "2", "allocated_gib": 5.225467205047607, "reserved_gib": 8.228515625, "peak_allocated_gib": 7.100411891937256, "gpu_time_budget": null, "module": "model.layers.21.mlp.down_proj", "step": 896}
{"stage": "sequential-round-coordinate", "pid": 113530, "time": 1789711108.237049, "cuda_visible_devices": "2", "allocated_gib": 5.225467205047607, "reserved_gib": 8.228515625, "peak_allocated_gib": 7.100411891937256, "gpu_time_budget": null, "module": "model.layers.21.mlp.down_proj", "step": 1024}
{"stage": "sequential-round-coordinate", "pid": 113530, "time": 1789711108.7935095, "cuda_visible_devices": "2", "allocated_gib": 5.225467205047607, "reserved_gib": 8.228515625, "peak_allocated_gib": 7.100411891937256, "gpu_time_budget": null, "module": "model.layers.21.mlp.down_proj", "step": 1152}
{"stage": "sequential-round-coordinate", "pid": 113530, "time": 1789711109.3576276, "cuda_visible_devices": "2", "allocated_gib": 5.225467205047607, "reserved_gib": 8.228515625, "peak_allocated_gib": 7.100411891937256, "gpu_time_budget": null, "module": "model.layers.21.mlp.down_proj", "step": 1280}
{"stage": "sequential-round-coordinate", "pid": 113530, "time": 1789711109.9130788, "cuda_visible_devices": "2", "allocated_gib": 5.225467205047607, "reserved_gib": 8.228515625, "peak_allocated_gib": 7.100411891937256, "gpu_time_budget": null, "module": "model.layers.21.mlp.down_proj", "step": 1408}
{"stage": "sequential-round-coordinate", "pid": 113530, "time": 1789711110.4697337, "cuda_visible_devices": "2", "allocated_gib": 5.225467205047607, "reserved_gib": 8.228515625, "peak_allocated_gib": 7.100411891937256, "gpu_time_budget": null, "module": "model.layers.21.mlp.down_proj", "step": 1536}
{"stage": "sequential-round-coordinate", "pid": 113530, "time": 1789711111.0274408, "cuda_visible_devices": "2", "allocated_gib": 5.225467205047607, "reserved_gib": 8.228515625, "peak_allocated_gib": 7.100411891937256, "gpu_time_budget": null, "module": "model.layers.21.mlp.down_proj", "step": 1664}
{"stage": "sequential-round-coordinate", "pid": 113530, "time": 1789711111.5861044, "cuda_visible_devices": "2", "allocated_gib": 5.225467205047607, "reserved_gib": 8.228515625, "peak_allocated_gib": 7.100411891937256, "gpu_time_budget": null, "module": "model.layers.21.mlp.down_proj", "step": 1792}
{"stage": "sequential-round-coordinate", "pid": 113530, "time": 1789711112.1394107, "cuda_visible_devices": "2", "allocated_gib": 5.225467205047607, "reserved_gib": 8.228515625, "peak_allocated_gib": 7.100411891937256, "gpu_time_budget": null, "module": "model.layers.21.mlp.down_proj", "step": 1920}
{"stage": "sequential-round-coordinate", "pid": 113530, "time": 1789711112.7580042, "cuda_visible_devices": "2", "allocated_gib": 5.225467205047607, "reserved_gib": 8.228515625, "peak_allocated_gib": 7.100411891937256, "gpu_time_budget": null, "module": "model.layers.21.mlp.down_proj", "step": 2048}
{"stage": "sequential-round-coordinate", "pid": 113530, "time": 1789711113.3181362, "cuda_visible_devices": "2", "allocated_gib": 5.225467205047607, "reserved_gib": 8.228515625, "peak_allocated_gib": 7.100411891937256, "gpu_time_budget": null, "module": "model.layers.21.mlp.down_proj", "step": 2176}
{"stage": "sequential-round-coordinate", "pid": 113530, "time": 1789711113.8310366, "cuda_visible_devices": "2", "allocated_gib": 5.225467205047607, "reserved_gib": 8.228515625, "peak_allocated_gib": 7.100411891937256, "gpu_time_budget": null, "module": "model.layers.21.mlp.down_proj", "step": 2304}
{"stage": "sequential-round-coordinate", "pid": 113530, "time": 1789711114.6586642, "cuda_visible_devices": "2", "allocated_gib": 5.225467205047607, "reserved_gib": 8.228515625, "peak_allocated_gib": 7.100411891937256, "gpu_time_budget": null, "module": "model.layers.21.mlp.down_proj", "step": 2432}
{"stage": "sequential-round-coordinate", "pid": 113530, "time": 1789711115.5479326, "cuda_visible_devices": "2", "allocated_gib": 5.225467205047607, "reserved_gib": 8.228515625, "peak_allocated_gib": 7.100411891937256, "gpu_time_budget": null, "module": "model.layers.21.mlp.down_proj", "step": 2560}
{"stage": "sequential-round-coordinate", "pid": 113530, "time": 1789711116.4386692, "cuda_visible_devices": "2", "allocated_gib": 5.225467205047607, "reserved_gib": 8.228515625, "peak_allocated_gib": 7.100411891937256, "gpu_time_budget": null, "module": "model.layers.21.mlp.down_proj", "step": 2688}
{"stage": "sequential-round-coordinate", "pid": 113530, "time": 1789711117.3243272, "cuda_visible_devices": "2", "allocated_gib": 5.225467205047607, "reserved_gib": 8.228515625, "peak_allocated_gib": 7.100411891937256, "gpu_time_budget": null, "module": "model.layers.21.mlp.down_proj", "step": 2816}
{"stage": "sequential-round-coordinate", "pid": 113530, "time": 1789711118.216132, "cuda_visible_devices": "2", "allocated_gib": 5.225467205047607, "reserved_gib": 8.228515625, "peak_allocated_gib": 7.100411891937256, "gpu_time_budget": null, "module": "model.layers.21.mlp.down_proj", "step": 2944}
{"stage": "sequential-round-coordinate", "pid": 113530, "time": 1789711119.1052175, "cuda_visible_devices": "2", "allocated_gib": 5.225467205047607, "reserved_gib": 8.228515625, "peak_allocated_gib": 7.100411891937256, "gpu_time_budget": null, "module": "model.layers.21.mlp.down_proj", "step": 3072}
{"stage": "sequential-round-coordinate", "pid": 113530, "time": 1789711119.995342, "cuda_visible_devices": "2", "allocated_gib": 5.225467205047607, "reserved_gib": 8.228515625, "peak_allocated_gib": 7.100411891937256, "gpu_time_budget": null, "module": "model.layers.21.mlp.down_proj", "step": 3200}
{"stage": "sequential-round-coordinate", "pid": 113530, "time": 1789711120.882781, "cuda_visible_devices": "2", "allocated_gib": 5.225467205047607, "reserved_gib": 8.228515625, "peak_allocated_gib": 7.100411891937256, "gpu_time_budget": null, "module": "model.layers.21.mlp.down_proj", "step": 3328}
{"stage": "sequential-round-coordinate", "pid": 113530, "time": 1789711121.7774003, "cuda_visible_devices": "2", "allocated_gib": 5.225467205047607, "reserved_gib": 8.228515625, "peak_allocated_gib": 7.100411891937256, "gpu_time_budget": null, "module": "model.layers.21.mlp.down_proj", "step": 3456}
{"stage": "sequential-round-coordinate", "pid": 113530, "time": 1789711122.6675644, "cuda_visible_devices": "2", "allocated_gib": 5.225467205047607, "reserved_gib": 8.228515625, "peak_allocated_gib": 7.100411891937256, "gpu_time_budget": null, "module": "model.layers.21.mlp.down_proj", "step": 3584}
{"stage": "sequential-round-coordinate", "pid": 113530, "time": 1789711123.557763, "cuda_visible_devices": "2", "allocated_gib": 5.225467205047607, "reserved_gib": 8.228515625, "peak_allocated_gib": 7.100411891937256, "gpu_time_budget": null, "module": "model.layers.21.mlp.down_proj", "step": 3712}
{"stage": "sequential-round-coordinate", "pid": 113530, "time": 1789711124.44681, "cuda_visible_devices": "2", "allocated_gib": 5.225467205047607, "reserved_gib": 8.228515625, "peak_allocated_gib": 7.100411891937256, "gpu_time_budget": null, "module": "model.layers.21.mlp.down_proj", "step": 3840}
{"stage": "sequential-round-coordinate", "pid": 113530, "time": 1789711125.3347828, "cuda_visible_devices": "2", "allocated_gib": 5.225467205047607, "reserved_gib": 8.228515625, "peak_allocated_gib": 7.100411891937256, "gpu_time_budget": null, "module": "model.layers.21.mlp.down_proj", "step": 3968}
{"stage": "sequential-round-coordinate", "pid": 113530, "time": 1789711126.224959, "cuda_visible_devices": "2", "allocated_gib": 5.225467205047607, "reserved_gib": 8.228515625, "peak_allocated_gib": 7.100411891937256, "gpu_time_budget": null, "module": "model.layers.21.mlp.down_proj", "step": 4096}
{"stage": "sequential-round-coordinate", "pid": 113530, "time": 1789711127.113276, "cuda_visible_devices": "2", "allocated_gib": 5.225467205047607, "reserved_gib": 8.228515625, "peak_allocated_gib": 7.100411891937256, "gpu_time_budget": null, "module": "model.layers.21.mlp.down_proj", "step": 4224}
{"stage": "sequential-round-coordinate", "pid": 113530, "time": 1789711128.0037973, "cuda_visible_devices": "2", "allocated_gib": 5.225467205047607, "reserved_gib": 8.228515625, "peak_allocated_gib": 7.100411891937256, "gpu_time_budget": null, "module": "model.layers.21.mlp.down_proj", "step": 4352}
{"stage": "sequential-round-coordinate", "pid": 113530, "time": 1789711128.8919652, "cuda_visible_devices": "2", "allocated_gib": 5.225467205047607, "reserved_gib": 8.228515625, "peak_allocated_gib": 7.100411891937256, "gpu_time_budget": null, "module": "model.layers.21.mlp.down_proj", "step": 4480}
{"stage": "sequential-round-coordinate", "pid": 113530, "time": 1789711129.7781558, "cuda_visible_devices": "2", "allocated_gib": 5.225467205047607, "reserved_gib": 8.228515625, "peak_allocated_gib": 7.100411891937256, "gpu_time_budget": null, "module": "model.layers.21.mlp.down_proj", "step": 4608}
{"stage": "sequential-round-coordinate", "pid": 113530, "time": 1789711130.670162, "cuda_visible_devices": "2", "allocated_gib": 5.225467205047607, "reserved_gib": 8.228515625, "peak_allocated_gib": 7.100411891937256, "gpu_time_budget": null, "module": "model.layers.21.mlp.down_proj", "step": 4736}
{"stage": "sequential-round-coordinate", "pid": 113530, "time": 1789711131.5591867, "cuda_visible_devices": "2", "allocated_gib": 5.225467205047607, "reserved_gib": 8.228515625, "peak_allocated_gib": 7.100411891937256, "gpu_time_budget": null, "module": "model.layers.21.mlp.down_proj", "step": 4864}
{"stage": "sequential-round-coordinate", "pid": 113530, "time": 1789711132.4464228, "cuda_visible_devices": "2", "allocated_gib": 5.225467205047607, "reserved_gib": 8.228515625, "peak_allocated_gib": 7.100411891937256, "gpu_time_budget": null, "module": "model.layers.21.mlp.down_proj", "step": 4992}
{"stage": "sequential-round-coordinate", "pid": 113530, "time": 1789711133.3347483, "cuda_visible_devices": "2", "allocated_gib": 5.225467205047607, "reserved_gib": 8.228515625, "peak_allocated_gib": 7.100411891937256, "gpu_time_budget": null, "module": "model.layers.21.mlp.down_proj", "step": 5120}
{"stage": "sequential-round-coordinate", "pid": 113530, "time": 1789711134.2228622, "cuda_visible_devices": "2", "allocated_gib": 5.225467205047607, "reserved_gib": 8.228515625, "peak_allocated_gib": 7.100411891937256, "gpu_time_budget": null, "module": "model.layers.21.mlp.down_proj", "step": 5248}
{"stage": "sequential-round-coordinate", "pid": 113530, "time": 1789711135.1188006, "cuda_visible_devices": "2", "allocated_gib": 5.225467205047607, "reserved_gib": 8.228515625, "peak_allocated_gib": 7.100411891937256, "gpu_time_budget": null, "module": "model.layers.21.mlp.down_proj", "step": 5376}
{"stage": "sequential-round-coordinate", "pid": 113530, "time": 1789711136.013574, "cuda_visible_devices": "2", "allocated_gib": 5.225467205047607, "reserved_gib": 8.228515625, "peak_allocated_gib": 7.100411891937256, "gpu_time_budget": null, "module": "model.layers.21.mlp.down_proj", "step": 5504}
{"stage": "sequential-round-coordinate", "pid": 113530, "time": 1789711136.9029615, "cuda_visible_devices": "2", "allocated_gib": 5.225467205047607, "reserved_gib": 8.228515625, "peak_allocated_gib": 7.100411891937256, "gpu_time_budget": null, "module": "model.layers.21.mlp.down_proj", "step": 5632}
{"stage": "sequential-round-coordinate", "pid": 113530, "time": 1789711137.7915864, "cuda_visible_devices": "2", "allocated_gib": 5.225467205047607, "reserved_gib": 8.228515625, "peak_allocated_gib": 7.100411891937256, "gpu_time_budget": null, "module": "model.layers.21.mlp.down_proj", "step": 5760}
{"stage": "sequential-round-coordinate", "pid": 113530, "time": 1789711138.6787648, "cuda_visible_devices": "2", "allocated_gib": 5.225467205047607, "reserved_gib": 8.228515625, "peak_allocated_gib": 7.100411891937256, "gpu_time_budget": null, "module": "model.layers.21.mlp.down_proj", "step": 5888}
{"stage": "sequential-round-coordinate", "pid": 113530, "time": 1789711139.5658243, "cuda_visible_devices": "2", "allocated_gib": 5.225467205047607, "reserved_gib": 8.228515625, "peak_allocated_gib": 7.100411891937256, "gpu_time_budget": null, "module": "model.layers.21.mlp.down_proj", "step": 6016}
{"stage": "sequential-round-coordinate", "pid": 113530, "time": 1789711140.4550688, "cuda_visible_devices": "2", "allocated_gib": 5.225467205047607, "reserved_gib": 8.228515625, "peak_allocated_gib": 7.100411891937256, "gpu_time_budget": null, "module": "model.layers.21.mlp.down_proj", "step": 6144}
{"stage": "sequential-round-coordinate", "pid": 113530, "time": 1789711141.344049, "cuda_visible_devices": "2", "allocated_gib": 5.225467205047607, "reserved_gib": 8.228515625, "peak_allocated_gib": 7.100411891937256, "gpu_time_budget": null, "module": "model.layers.21.mlp.down_proj", "step": 6272}
{"stage": "sequential-round-coordinate", "pid": 113530, "time": 1789711142.2296174, "cuda_visible_devices": "2", "allocated_gib": 5.225467205047607, "reserved_gib": 8.228515625, "peak_allocated_gib": 7.100411891937256, "gpu_time_budget": null, "module": "model.layers.21.mlp.down_proj", "step": 6400}
{"stage": "sequential-round-coordinate", "pid": 113530, "time": 1789711143.116337, "cuda_visible_devices": "2", "allocated_gib": 5.225467205047607, "reserved_gib": 8.228515625, "peak_allocated_gib": 7.100411891937256, "gpu_time_budget": null, "module": "model.layers.21.mlp.down_proj", "step": 6528}
{"stage": "sequential-round-coordinate", "pid": 113530, "time": 1789711144.0039241, "cuda_visible_devices": "2", "allocated_gib": 5.225467205047607, "reserved_gib": 8.228515625, "peak_allocated_gib": 7.100411891937256, "gpu_time_budget": null, "module": "model.layers.21.mlp.down_proj", "step": 6656}
{"stage": "sequential-round-coordinate", "pid": 113530, "time": 1789711144.89605, "cuda_visible_devices": "2", "allocated_gib": 5.225467205047607, "reserved_gib": 8.228515625, "peak_allocated_gib": 7.100411891937256, "gpu_time_budget": null, "module": "model.layers.21.mlp.down_proj", "step": 6784}
{"stage": "sequential-round-coordinate", "pid": 113530, "time": 1789711145.7847972, "cuda_visible_devices": "2", "allocated_gib": 5.225467205047607, "reserved_gib": 8.228515625, "peak_allocated_gib": 7.100411891937256, "gpu_time_budget": null, "module": "model.layers.21.mlp.down_proj", "step": 6912}
{"stage": "sequential-round-coordinate", "pid": 113530, "time": 1789711146.6693077, "cuda_visible_devices": "2", "allocated_gib": 5.225467205047607, "reserved_gib": 8.228515625, "peak_allocated_gib": 7.100411891937256, "gpu_time_budget": null, "module": "model.layers.21.mlp.down_proj", "step": 7040}
{"stage": "sequential-round-coordinate", "pid": 113530, "time": 1789711147.5631042, "cuda_visible_devices": "2", "allocated_gib": 5.225467205047607, "reserved_gib": 8.228515625, "peak_allocated_gib": 7.100411891937256, "gpu_time_budget": null, "module": "model.layers.21.mlp.down_proj", "step": 7168}
{"stage": "sequential-round-coordinate", "pid": 113530, "time": 1789711148.4548469, "cuda_visible_devices": "2", "allocated_gib": 5.225467205047607, "reserved_gib": 8.228515625, "peak_allocated_gib": 7.100411891937256, "gpu_time_budget": null, "module": "model.layers.21.mlp.down_proj", "step": 7296}
{"stage": "sequential-round-coordinate", "pid": 113530, "time": 1789711149.3436165, "cuda_visible_devices": "2", "allocated_gib": 5.225467205047607, "reserved_gib": 8.228515625, "peak_allocated_gib": 7.100411891937256, "gpu_time_budget": null, "module": "model.layers.21.mlp.down_proj", "step": 7424}
{"stage": "sequential-round-coordinate", "pid": 113530, "time": 1789711150.2330074, "cuda_visible_devices": "2", "allocated_gib": 5.225467205047607, "reserved_gib": 8.228515625, "peak_allocated_gib": 7.100411891937256, "gpu_time_budget": null, "module": "model.layers.21.mlp.down_proj", "step": 7552}
{"stage": "sequential-round-coordinate", "pid": 113530, "time": 1789711151.1233797, "cuda_visible_devices": "2", "allocated_gib": 5.225467205047607, "reserved_gib": 8.228515625, "peak_allocated_gib": 7.100411891937256, "gpu_time_budget": null, "module": "model.layers.21.mlp.down_proj", "step": 7680}
{"stage": "sequential-round-coordinate", "pid": 113530, "time": 1789711152.0121179, "cuda_visible_devices": "2", "allocated_gib": 5.225467205047607, "reserved_gib": 8.228515625, "peak_allocated_gib": 7.100411891937256, "gpu_time_budget": null, "module": "model.layers.21.mlp.down_proj", "step": 7808}
{"stage": "sequential-round-coordinate", "pid": 113530, "time": 1789711152.899343, "cuda_visible_devices": "2", "allocated_gib": 5.225467205047607, "reserved_gib": 8.228515625, "peak_allocated_gib": 7.100411891937256, "gpu_time_budget": null, "module": "model.layers.21.mlp.down_proj", "step": 7936}
{"stage": "sequential-round-coordinate", "pid": 113530, "time": 1789711153.7858737, "cuda_visible_devices": "2", "allocated_gib": 5.225467205047607, "reserved_gib": 8.228515625, "peak_allocated_gib": 7.100411891937256, "gpu_time_budget": null, "module": "model.layers.21.mlp.down_proj", "step": 8064}
{"stage": "sequential-round-coordinate", "pid": 113530, "time": 1789711154.7611268, "cuda_visible_devices": "2", "allocated_gib": 5.225467205047607, "reserved_gib": 8.228515625, "peak_allocated_gib": 7.100411891937256, "gpu_time_budget": null, "module": "model.layers.21.mlp.down_proj", "step": 8192}
{"stage": "sequential-round-train-nll", "pid": 113530, "time": 1789711154.812887, "cuda_visible_devices": "2", "allocated_gib": 3.7957167625427246, "reserved_gib": 3.80078125, "peak_allocated_gib": 7.100411891937256, "gpu_time_budget": null, "module": "model.layers.21.mlp.down_proj", "step": 512}
Evaluation segment 1/1: start=0, windows=8, seqlen=2048
{"stage": "sequential-round-train-nll", "pid": 113530, "time": 1789711159.8571894, "cuda_visible_devices": "2", "allocated_gib": 3.7957167625427246, "reserved_gib": 5.978515625, "peak_allocated_gib": 7.100411891937256, "gpu_time_budget": null, "module": "model.layers.21.mlp.down_proj", "step": 2048}
Evaluation segment 1/1: start=0, windows=8, seqlen=2048
{"stage": "sequential-round-train-nll", "pid": 113530, "time": 1789711164.8733022, "cuda_visible_devices": "2", "allocated_gib": 3.7957167625427246, "reserved_gib": 5.978515625, "peak_allocated_gib": 7.100411891937256, "gpu_time_budget": null, "module": "model.layers.21.mlp.down_proj", "step": 8192}
Evaluation segment 1/1: start=0, windows=8, seqlen=2048
{"stage": "sequential-module-completed", "pid": 113530, "time": 1789711169.3059704, "cuda_visible_devices": "2", "allocated_gib": 3.7957167625427246, "reserved_gib": 5.978515625, "peak_allocated_gib": 7.100411891937256, "gpu_time_budget": null, "module": "model.layers.21.mlp.down_proj", "completed": 22, "total": 28, "selected_train_nll": 2.608141962339313, "elapsed_seconds": 1519.7356103160419}
{"stage": "sequential-round-fit", "pid": 113530, "time": 1789711174.9514852, "cuda_visible_devices": "2", "allocated_gib": 3.7957167625427246, "reserved_gib": 5.978515625, "peak_allocated_gib": 7.100411891937256, "gpu_time_budget": null, "module": "model.layers.22.mlp.down_proj", "fit_rows": 49152, "heldout_rows": 16384}
{"stage": "sequential-round-coordinate", "pid": 113530, "time": 1789711175.7974, "cuda_visible_devices": "2", "allocated_gib": 5.225467205047607, "reserved_gib": 8.228515625, "peak_allocated_gib": 7.100411891937256, "gpu_time_budget": null, "module": "model.layers.22.mlp.down_proj", "step": 128}
{"stage": "sequential-round-coordinate", "pid": 113530, "time": 1789711176.3559444, "cuda_visible_devices": "2", "allocated_gib": 5.225467205047607, "reserved_gib": 8.228515625, "peak_allocated_gib": 7.100411891937256, "gpu_time_budget": null, "module": "model.layers.22.mlp.down_proj", "step": 256}
{"stage": "sequential-round-coordinate", "pid": 113530, "time": 1789711176.9114237, "cuda_visible_devices": "2", "allocated_gib": 5.225467205047607, "reserved_gib": 8.228515625, "peak_allocated_gib": 7.100411891937256, "gpu_time_budget": null, "module": "model.layers.22.mlp.down_proj", "step": 384}
{"stage": "sequential-round-coordinate", "pid": 113530, "time": 1789711177.5286777, "cuda_visible_devices": "2", "allocated_gib": 5.225467205047607, "reserved_gib": 8.228515625, "peak_allocated_gib": 7.100411891937256, "gpu_time_budget": null, "module": "model.layers.22.mlp.down_proj", "step": 512}
{"stage": "sequential-round-coordinate", "pid": 113530, "time": 1789711178.089147, "cuda_visible_devices": "2", "allocated_gib": 5.225467205047607, "reserved_gib": 8.228515625, "peak_allocated_gib": 7.100411891937256, "gpu_time_budget": null, "module": "model.layers.22.mlp.down_proj", "step": 640}
{"stage": "sequential-round-coordinate", "pid": 113530, "time": 1789711178.6497037, "cuda_visible_devices": "2", "allocated_gib": 5.225467205047607, "reserved_gib": 8.228515625, "peak_allocated_gib": 7.100411891937256, "gpu_time_budget": null, "module": "model.layers.22.mlp.down_proj", "step": 768}
{"stage": "sequential-round-coordinate", "pid": 113530, "time": 1789711179.2061422, "cuda_visible_devices": "2", "allocated_gib": 5.225467205047607, "reserved_gib": 8.228515625, "peak_allocated_gib": 7.100411891937256, "gpu_time_budget": null, "module": "model.layers.22.mlp.down_proj", "step": 896}
{"stage": "sequential-round-coordinate", "pid": 113530, "time": 1789711179.76249, "cuda_visible_devices": "2", "allocated_gib": 5.225467205047607, "reserved_gib": 8.228515625, "peak_allocated_gib": 7.100411891937256, "gpu_time_budget": null, "module": "model.layers.22.mlp.down_proj", "step": 1024}
{"stage": "sequential-round-coordinate", "pid": 113530, "time": 1789711180.321356, "cuda_visible_devices": "2", "allocated_gib": 5.225467205047607, "reserved_gib": 8.228515625, "peak_allocated_gib": 7.100411891937256, "gpu_time_budget": null, "module": "model.layers.22.mlp.down_proj", "step": 1152}
{"stage": "sequential-round-coordinate", "pid": 113530, "time": 1789711180.8771174, "cuda_visible_devices": "2", "allocated_gib": 5.225467205047607, "reserved_gib": 8.228515625, "peak_allocated_gib": 7.100411891937256, "gpu_time_budget": null, "module": "model.layers.22.mlp.down_proj", "step": 1280}
{"stage": "sequential-round-coordinate", "pid": 113530, "time": 1789711181.4327233, "cuda_visible_devices": "2", "allocated_gib": 5.225467205047607, "reserved_gib": 8.228515625, "peak_allocated_gib": 7.100411891937256, "gpu_time_budget": null, "module": "model.layers.22.mlp.down_proj", "step": 1408}
{"stage": "sequential-round-coordinate", "pid": 113530, "time": 1789711181.9872744, "cuda_visible_devices": "2", "allocated_gib": 5.225467205047607, "reserved_gib": 8.228515625, "peak_allocated_gib": 7.100411891937256, "gpu_time_budget": null, "module": "model.layers.22.mlp.down_proj", "step": 1536}
{"stage": "sequential-round-coordinate", "pid": 113530, "time": 1789711182.543484, "cuda_visible_devices": "2", "allocated_gib": 5.225467205047607, "reserved_gib": 8.228515625, "peak_allocated_gib": 7.100411891937256, "gpu_time_budget": null, "module": "model.layers.22.mlp.down_proj", "step": 1664}
{"stage": "sequential-round-coordinate", "pid": 113530, "time": 1789711183.0991733, "cuda_visible_devices": "2", "allocated_gib": 5.225467205047607, "reserved_gib": 8.228515625, "peak_allocated_gib": 7.100411891937256, "gpu_time_budget": null, "module": "model.layers.22.mlp.down_proj", "step": 1792}
{"stage": "sequential-round-coordinate", "pid": 113530, "time": 1789711183.6563416, "cuda_visible_devices": "2", "allocated_gib": 5.225467205047607, "reserved_gib": 8.228515625, "peak_allocated_gib": 7.100411891937256, "gpu_time_budget": null, "module": "model.layers.22.mlp.down_proj", "step": 1920}
{"stage": "sequential-round-coordinate", "pid": 113530, "time": 1789711184.2288792, "cuda_visible_devices": "2", "allocated_gib": 5.225467205047607, "reserved_gib": 8.228515625, "peak_allocated_gib": 7.100411891937256, "gpu_time_budget": null, "module": "model.layers.22.mlp.down_proj", "step": 2048}
{"stage": "sequential-round-coordinate", "pid": 113530, "time": 1789711185.1310399, "cuda_visible_devices": "2", "allocated_gib": 5.225467205047607, "reserved_gib": 8.228515625, "peak_allocated_gib": 7.100411891937256, "gpu_time_budget": null, "module": "model.layers.22.mlp.down_proj", "step": 2176}
{"stage": "sequential-round-coordinate", "pid": 113530, "time": 1789711186.0169277, "cuda_visible_devices": "2", "allocated_gib": 5.225467205047607, "reserved_gib": 8.228515625, "peak_allocated_gib": 7.100411891937256, "gpu_time_budget": null, "module": "model.layers.22.mlp.down_proj", "step": 2304}
{"stage": "sequential-round-coordinate", "pid": 113530, "time": 1789711186.9074233, "cuda_visible_devices": "2", "allocated_gib": 5.225467205047607, "reserved_gib": 8.228515625, "peak_allocated_gib": 7.100411891937256, "gpu_time_budget": null, "module": "model.layers.22.mlp.down_proj", "step": 2432}
{"stage": "sequential-round-coordinate", "pid": 113530, "time": 1789711187.8023486, "cuda_visible_devices": "2", "allocated_gib": 5.225467205047607, "reserved_gib": 8.228515625, "peak_allocated_gib": 7.100411891937256, "gpu_time_budget": null, "module": "model.layers.22.mlp.down_proj", "step": 2560}
{"stage": "sequential-round-coordinate", "pid": 113530, "time": 1789711188.6895106, "cuda_visible_devices": "2", "allocated_gib": 5.225467205047607, "reserved_gib": 8.228515625, "peak_allocated_gib": 7.100411891937256, "gpu_time_budget": null, "module": "model.layers.22.mlp.down_proj", "step": 2688}
{"stage": "sequential-round-coordinate", "pid": 113530, "time": 1789711189.5752308, "cuda_visible_devices": "2", "allocated_gib": 5.225467205047607, "reserved_gib": 8.228515625, "peak_allocated_gib": 7.100411891937256, "gpu_time_budget": null, "module": "model.layers.22.mlp.down_proj", "step": 2816}
{"stage": "sequential-round-coordinate", "pid": 113530, "time": 1789711190.4638512, "cuda_visible_devices": "2", "allocated_gib": 5.225467205047607, "reserved_gib": 8.228515625, "peak_allocated_gib": 7.100411891937256, "gpu_time_budget": null, "module": "model.layers.22.mlp.down_proj", "step": 2944}
{"stage": "sequential-round-coordinate", "pid": 113530, "time": 1789711191.3522906, "cuda_visible_devices": "2", "allocated_gib": 5.225467205047607, "reserved_gib": 8.228515625, "peak_allocated_gib": 7.100411891937256, "gpu_time_budget": null, "module": "model.layers.22.mlp.down_proj", "step": 3072}
{"stage": "sequential-round-coordinate", "pid": 113530, "time": 1789711192.2401195, "cuda_visible_devices": "2", "allocated_gib": 5.225467205047607, "reserved_gib": 8.228515625, "peak_allocated_gib": 7.100411891937256, "gpu_time_budget": null, "module": "model.layers.22.mlp.down_proj", "step": 3200}
{"stage": "sequential-round-coordinate", "pid": 113530, "time": 1789711193.1259553, "cuda_visible_devices": "2", "allocated_gib": 5.225467205047607, "reserved_gib": 8.228515625, "peak_allocated_gib": 7.100411891937256, "gpu_time_budget": null, "module": "model.layers.22.mlp.down_proj", "step": 3328}
{"stage": "sequential-round-coordinate", "pid": 113530, "time": 1789711194.0165033, "cuda_visible_devices": "2", "allocated_gib": 5.225467205047607, "reserved_gib": 8.228515625, "peak_allocated_gib": 7.100411891937256, "gpu_time_budget": null, "module": "model.layers.22.mlp.down_proj", "step": 3456}
{"stage": "sequential-round-coordinate", "pid": 113530, "time": 1789711194.9047923, "cuda_visible_devices": "2", "allocated_gib": 5.225467205047607, "reserved_gib": 8.228515625, "peak_allocated_gib": 7.100411891937256, "gpu_time_budget": null, "module": "model.layers.22.mlp.down_proj", "step": 3584}
{"stage": "sequential-round-coordinate", "pid": 113530, "time": 1789711195.79072, "cuda_visible_devices": "2", "allocated_gib": 5.225467205047607, "reserved_gib": 8.228515625, "peak_allocated_gib": 7.100411891937256, "gpu_time_budget": null, "module": "model.layers.22.mlp.down_proj", "step": 3712}
{"stage": "sequential-round-coordinate", "pid": 113530, "time": 1789711196.6795516, "cuda_visible_devices": "2", "allocated_gib": 5.225467205047607, "reserved_gib": 8.228515625, "peak_allocated_gib": 7.100411891937256, "gpu_time_budget": null, "module": "model.layers.22.mlp.down_proj", "step": 3840}
{"stage": "sequential-round-coordinate", "pid": 113530, "time": 1789711197.5689065, "cuda_visible_devices": "2", "allocated_gib": 5.225467205047607, "reserved_gib": 8.228515625, "peak_allocated_gib": 7.100411891937256, "gpu_time_budget": null, "module": "model.layers.22.mlp.down_proj", "step": 3968}
{"stage": "sequential-round-coordinate", "pid": 113530, "time": 1789711198.4578917, "cuda_visible_devices": "2", "allocated_gib": 5.225467205047607, "reserved_gib": 8.228515625, "peak_allocated_gib": 7.100411891937256, "gpu_time_budget": null, "module": "model.layers.22.mlp.down_proj", "step": 4096}
{"stage": "sequential-round-coordinate", "pid": 113530, "time": 1789711199.3404078, "cuda_visible_devices": "2", "allocated_gib": 5.225467205047607, "reserved_gib": 8.228515625, "peak_allocated_gib": 7.100411891937256, "gpu_time_budget": null, "module": "model.layers.22.mlp.down_proj", "step": 4224}
{"stage": "sequential-round-coordinate", "pid": 113530, "time": 1789711200.229105, "cuda_visible_devices": "2", "allocated_gib": 5.225467205047607, "reserved_gib": 8.228515625, "peak_allocated_gib": 7.100411891937256, "gpu_time_budget": null, "module": "model.layers.22.mlp.down_proj", "step": 4352}
{"stage": "sequential-round-coordinate", "pid": 113530, "time": 1789711201.1177719, "cuda_visible_devices": "2", "allocated_gib": 5.225467205047607, "reserved_gib": 8.228515625, "peak_allocated_gib": 7.100411891937256, "gpu_time_budget": null, "module": "model.layers.22.mlp.down_proj", "step": 4480}
{"stage": "sequential-round-coordinate", "pid": 113530, "time": 1789711202.00561, "cuda_visible_devices": "2", "allocated_gib": 5.225467205047607, "reserved_gib": 8.228515625, "peak_allocated_gib": 7.100411891937256, "gpu_time_budget": null, "module": "model.layers.22.mlp.down_proj", "step": 4608}
{"stage": "sequential-round-coordinate", "pid": 113530, "time": 1789711202.8946378, "cuda_visible_devices": "2", "allocated_gib": 5.225467205047607, "reserved_gib": 8.228515625, "peak_allocated_gib": 7.100411891937256, "gpu_time_budget": null, "module": "model.layers.22.mlp.down_proj", "step": 4736}
{"stage": "sequential-round-coordinate", "pid": 113530, "time": 1789711203.7837968, "cuda_visible_devices": "2", "allocated_gib": 5.225467205047607, "reserved_gib": 8.228515625, "peak_allocated_gib": 7.100411891937256, "gpu_time_budget": null, "module": "model.layers.22.mlp.down_proj", "step": 4864}
{"stage": "sequential-round-coordinate", "pid": 113530, "time": 1789711204.6684692, "cuda_visible_devices": "2", "allocated_gib": 5.225467205047607, "reserved_gib": 8.228515625, "peak_allocated_gib": 7.100411891937256, "gpu_time_budget": null, "module": "model.layers.22.mlp.down_proj", "step": 4992}
{"stage": "sequential-round-coordinate", "pid": 113530, "time": 1789711205.5571096, "cuda_visible_devices": "2", "allocated_gib": 5.225467205047607, "reserved_gib": 8.228515625, "peak_allocated_gib": 7.100411891937256, "gpu_time_budget": null, "module": "model.layers.22.mlp.down_proj", "step": 5120}
{"stage": "sequential-round-coordinate", "pid": 113530, "time": 1789711206.447411, "cuda_visible_devices": "2", "allocated_gib": 5.225467205047607, "reserved_gib": 8.228515625, "peak_allocated_gib": 7.100411891937256, "gpu_time_budget": null, "module": "model.layers.22.mlp.down_proj", "step": 5248}
{"stage": "sequential-round-coordinate", "pid": 113530, "time": 1789711207.3368115, "cuda_visible_devices": "2", "allocated_gib": 5.225467205047607, "reserved_gib": 8.228515625, "peak_allocated_gib": 7.100411891937256, "gpu_time_budget": null, "module": "model.layers.22.mlp.down_proj", "step": 5376}
{"stage": "sequential-round-coordinate", "pid": 113530, "time": 1789711208.2217572, "cuda_visible_devices": "2", "allocated_gib": 5.225467205047607, "reserved_gib": 8.228515625, "peak_allocated_gib": 7.100411891937256, "gpu_time_budget": null, "module": "model.layers.22.mlp.down_proj", "step": 5504}
{"stage": "sequential-round-coordinate", "pid": 113530, "time": 1789711209.1067626, "cuda_visible_devices": "2", "allocated_gib": 5.225467205047607, "reserved_gib": 8.228515625, "peak_allocated_gib": 7.100411891937256, "gpu_time_budget": null, "module": "model.layers.22.mlp.down_proj", "step": 5632}
{"stage": "sequential-round-coordinate", "pid": 113530, "time": 1789711209.9973586, "cuda_visible_devices": "2", "allocated_gib": 5.225467205047607, "reserved_gib": 8.228515625, "peak_allocated_gib": 7.100411891937256, "gpu_time_budget": null, "module": "model.layers.22.mlp.down_proj", "step": 5760}
{"stage": "sequential-round-coordinate", "pid": 113530, "time": 1789711210.886097, "cuda_visible_devices": "2", "allocated_gib": 5.225467205047607, "reserved_gib": 8.228515625, "peak_allocated_gib": 7.100411891937256, "gpu_time_budget": null, "module": "model.layers.22.mlp.down_proj", "step": 5888}
{"stage": "sequential-round-coordinate", "pid": 113530, "time": 1789711211.7749653, "cuda_visible_devices": "2", "allocated_gib": 5.225467205047607, "reserved_gib": 8.228515625, "peak_allocated_gib": 7.100411891937256, "gpu_time_budget": null, "module": "model.layers.22.mlp.down_proj", "step": 6016}
{"stage": "sequential-round-coordinate", "pid": 113530, "time": 1789711212.6638246, "cuda_visible_devices": "2", "allocated_gib": 5.225467205047607, "reserved_gib": 8.228515625, "peak_allocated_gib": 7.100411891937256, "gpu_time_budget": null, "module": "model.layers.22.mlp.down_proj", "step": 6144}
{"stage": "sequential-round-coordinate", "pid": 113530, "time": 1789711213.5500927, "cuda_visible_devices": "2", "allocated_gib": 5.225467205047607, "reserved_gib": 8.228515625, "peak_allocated_gib": 7.100411891937256, "gpu_time_budget": null, "module": "model.layers.22.mlp.down_proj", "step": 6272}
{"stage": "sequential-round-coordinate", "pid": 113530, "time": 1789711214.438425, "cuda_visible_devices": "2", "allocated_gib": 5.225467205047607, "reserved_gib": 8.228515625, "peak_allocated_gib": 7.100411891937256, "gpu_time_budget": null, "module": "model.layers.22.mlp.down_proj", "step": 6400}
{"stage": "sequential-round-coordinate", "pid": 113530, "time": 1789711215.3260682, "cuda_visible_devices": "2", "allocated_gib": 5.225467205047607, "reserved_gib": 8.228515625, "peak_allocated_gib": 7.100411891937256, "gpu_time_budget": null, "module": "model.layers.22.mlp.down_proj", "step": 6528}
{"stage": "sequential-round-coordinate", "pid": 113530, "time": 1789711216.214683, "cuda_visible_devices": "2", "allocated_gib": 5.225467205047607, "reserved_gib": 8.228515625, "peak_allocated_gib": 7.100411891937256, "gpu_time_budget": null, "module": "model.layers.22.mlp.down_proj", "step": 6656}
{"stage": "sequential-round-coordinate", "pid": 113530, "time": 1789711217.103804, "cuda_visible_devices": "2", "allocated_gib": 5.225467205047607, "reserved_gib": 8.228515625, "peak_allocated_gib": 7.100411891937256, "gpu_time_budget": null, "module": "model.layers.22.mlp.down_proj", "step": 6784}
{"stage": "sequential-round-coordinate", "pid": 113530, "time": 1789711217.9919395, "cuda_visible_devices": "2", "allocated_gib": 5.225467205047607, "reserved_gib": 8.228515625, "peak_allocated_gib": 7.100411891937256, "gpu_time_budget": null, "module": "model.layers.22.mlp.down_proj", "step": 6912}
{"stage": "sequential-round-coordinate", "pid": 113530, "time": 1789711218.8771868, "cuda_visible_devices": "2", "allocated_gib": 5.225467205047607, "reserved_gib": 8.228515625, "peak_allocated_gib": 7.100411891937256, "gpu_time_budget": null, "module": "model.layers.22.mlp.down_proj", "step": 7040}
{"stage": "sequential-round-coordinate", "pid": 113530, "time": 1789711219.7656207, "cuda_visible_devices": "2", "allocated_gib": 5.225467205047607, "reserved_gib": 8.228515625, "peak_allocated_gib": 7.100411891937256, "gpu_time_budget": null, "module": "model.layers.22.mlp.down_proj", "step": 7168}
{"stage": "sequential-round-coordinate", "pid": 113530, "time": 1789711220.6542778, "cuda_visible_devices": "2", "allocated_gib": 5.225467205047607, "reserved_gib": 8.228515625, "peak_allocated_gib": 7.100411891937256, "gpu_time_budget": null, "module": "model.layers.22.mlp.down_proj", "step": 7296}
{"stage": "sequential-round-coordinate", "pid": 113530, "time": 1789711221.5448434, "cuda_visible_devices": "2", "allocated_gib": 5.225467205047607, "reserved_gib": 8.228515625, "peak_allocated_gib": 7.100411891937256, "gpu_time_budget": null, "module": "model.layers.22.mlp.down_proj", "step": 7424}
{"stage": "sequential-round-coordinate", "pid": 113530, "time": 1789711222.4323535, "cuda_visible_devices": "2", "allocated_gib": 5.225467205047607, "reserved_gib": 8.228515625, "peak_allocated_gib": 7.100411891937256, "gpu_time_budget": null, "module": "model.layers.22.mlp.down_proj", "step": 7552}
{"stage": "sequential-round-coordinate", "pid": 113530, "time": 1789711223.3212397, "cuda_visible_devices": "2", "allocated_gib": 5.225467205047607, "reserved_gib": 8.228515625, "peak_allocated_gib": 7.100411891937256, "gpu_time_budget": null, "module": "model.layers.22.mlp.down_proj", "step": 7680}
{"stage": "sequential-round-coordinate", "pid": 113530, "time": 1789711224.2109962, "cuda_visible_devices": "2", "allocated_gib": 5.225467205047607, "reserved_gib": 8.228515625, "peak_allocated_gib": 7.100411891937256, "gpu_time_budget": null, "module": "model.layers.22.mlp.down_proj", "step": 7808}
{"stage": "sequential-round-coordinate", "pid": 113530, "time": 1789711225.0996315, "cuda_visible_devices": "2", "allocated_gib": 5.225467205047607, "reserved_gib": 8.228515625, "peak_allocated_gib": 7.100411891937256, "gpu_time_budget": null, "module": "model.layers.22.mlp.down_proj", "step": 7936}
{"stage": "sequential-round-coordinate", "pid": 113530, "time": 1789711225.9869883, "cuda_visible_devices": "2", "allocated_gib": 5.225467205047607, "reserved_gib": 8.228515625, "peak_allocated_gib": 7.100411891937256, "gpu_time_budget": null, "module": "model.layers.22.mlp.down_proj", "step": 8064}
{"stage": "sequential-round-coordinate", "pid": 113530, "time": 1789711226.960015, "cuda_visible_devices": "2", "allocated_gib": 5.225467205047607, "reserved_gib": 8.228515625, "peak_allocated_gib": 7.100411891937256, "gpu_time_budget": null, "module": "model.layers.22.mlp.down_proj", "step": 8192}
{"stage": "sequential-round-train-nll", "pid": 113530, "time": 1789711227.0135508, "cuda_visible_devices": "2", "allocated_gib": 3.7957167625427246, "reserved_gib": 3.80078125, "peak_allocated_gib": 7.100411891937256, "gpu_time_budget": null, "module": "model.layers.22.mlp.down_proj", "step": 512}
Evaluation segment 1/1: start=0, windows=8, seqlen=2048
{"stage": "sequential-round-train-nll", "pid": 113530, "time": 1789711232.0475545, "cuda_visible_devices": "2", "allocated_gib": 3.7957167625427246, "reserved_gib": 5.978515625, "peak_allocated_gib": 7.100411891937256, "gpu_time_budget": null, "module": "model.layers.22.mlp.down_proj", "step": 2048}
Evaluation segment 1/1: start=0, windows=8, seqlen=2048
{"stage": "sequential-round-train-nll", "pid": 113530, "time": 1789711237.0618143, "cuda_visible_devices": "2", "allocated_gib": 3.7957167625427246, "reserved_gib": 5.978515625, "peak_allocated_gib": 7.100411891937256, "gpu_time_budget": null, "module": "model.layers.22.mlp.down_proj", "step": 8192}
Evaluation segment 1/1: start=0, windows=8, seqlen=2048
{"stage": "sequential-module-completed", "pid": 113530, "time": 1789711240.8269913, "cuda_visible_devices": "2", "allocated_gib": 3.7957167625427246, "reserved_gib": 5.978515625, "peak_allocated_gib": 7.100411891937256, "gpu_time_budget": null, "module": "model.layers.22.mlp.down_proj", "completed": 23, "total": 28, "selected_train_nll": 2.608141962339313, "elapsed_seconds": 1591.2566286190413}
{"stage": "sequential-round-fit", "pid": 113530, "time": 1789711247.580257, "cuda_visible_devices": "2", "allocated_gib": 3.7957167625427246, "reserved_gib": 5.978515625, "peak_allocated_gib": 7.100411891937256, "gpu_time_budget": null, "module": "model.layers.23.mlp.down_proj", "fit_rows": 49152, "heldout_rows": 16384}
{"stage": "sequential-round-coordinate", "pid": 113530, "time": 1789711248.3479667, "cuda_visible_devices": "2", "allocated_gib": 5.225467205047607, "reserved_gib": 8.228515625, "peak_allocated_gib": 7.100411891937256, "gpu_time_budget": null, "module": "model.layers.23.mlp.down_proj", "step": 128}
{"stage": "sequential-round-coordinate", "pid": 113530, "time": 1789711248.904293, "cuda_visible_devices": "2", "allocated_gib": 5.225467205047607, "reserved_gib": 8.228515625, "peak_allocated_gib": 7.100411891937256, "gpu_time_budget": null, "module": "model.layers.23.mlp.down_proj", "step": 256}
{"stage": "sequential-round-coordinate", "pid": 113530, "time": 1789711249.4600918, "cuda_visible_devices": "2", "allocated_gib": 5.225467205047607, "reserved_gib": 8.228515625, "peak_allocated_gib": 7.100411891937256, "gpu_time_budget": null, "module": "model.layers.23.mlp.down_proj", "step": 384}
{"stage": "sequential-round-coordinate", "pid": 113530, "time": 1789711250.0740252, "cuda_visible_devices": "2", "allocated_gib": 5.225467205047607, "reserved_gib": 8.228515625, "peak_allocated_gib": 7.100411891937256, "gpu_time_budget": null, "module": "model.layers.23.mlp.down_proj", "step": 512}
{"stage": "sequential-round-coordinate", "pid": 113530, "time": 1789711250.6303635, "cuda_visible_devices": "2", "allocated_gib": 5.225467205047607, "reserved_gib": 8.228515625, "peak_allocated_gib": 7.100411891937256, "gpu_time_budget": null, "module": "model.layers.23.mlp.down_proj", "step": 640}
{"stage": "sequential-round-coordinate", "pid": 113530, "time": 1789711251.18575, "cuda_visible_devices": "2", "allocated_gib": 5.225467205047607, "reserved_gib": 8.228515625, "peak_allocated_gib": 7.100411891937256, "gpu_time_budget": null, "module": "model.layers.23.mlp.down_proj", "step": 768}
{"stage": "sequential-round-coordinate", "pid": 113530, "time": 1789711251.7533197, "cuda_visible_devices": "2", "allocated_gib": 5.225467205047607, "reserved_gib": 8.228515625, "peak_allocated_gib": 7.100411891937256, "gpu_time_budget": null, "module": "model.layers.23.mlp.down_proj", "step": 896}
{"stage": "sequential-round-coordinate", "pid": 113530, "time": 1789711252.3129365, "cuda_visible_devices": "2", "allocated_gib": 5.225467205047607, "reserved_gib": 8.228515625, "peak_allocated_gib": 7.100411891937256, "gpu_time_budget": null, "module": "model.layers.23.mlp.down_proj", "step": 1024}
{"stage": "sequential-round-coordinate", "pid": 113530, "time": 1789711252.870627, "cuda_visible_devices": "2", "allocated_gib": 5.225467205047607, "reserved_gib": 8.228515625, "peak_allocated_gib": 7.100411891937256, "gpu_time_budget": null, "module": "model.layers.23.mlp.down_proj", "step": 1152}
{"stage": "sequential-round-coordinate", "pid": 113530, "time": 1789711253.4285796, "cuda_visible_devices": "2", "allocated_gib": 5.225467205047607, "reserved_gib": 8.228515625, "peak_allocated_gib": 7.100411891937256, "gpu_time_budget": null, "module": "model.layers.23.mlp.down_proj", "step": 1280}
{"stage": "sequential-round-coordinate", "pid": 113530, "time": 1789711253.986486, "cuda_visible_devices": "2", "allocated_gib": 5.225467205047607, "reserved_gib": 8.228515625, "peak_allocated_gib": 7.100411891937256, "gpu_time_budget": null, "module": "model.layers.23.mlp.down_proj", "step": 1408}
{"stage": "sequential-round-coordinate", "pid": 113530, "time": 1789711254.541895, "cuda_visible_devices": "2", "allocated_gib": 5.225467205047607, "reserved_gib": 8.228515625, "peak_allocated_gib": 7.100411891937256, "gpu_time_budget": null, "module": "model.layers.23.mlp.down_proj", "step": 1536}
{"stage": "sequential-round-coordinate", "pid": 113530, "time": 1789711255.099065, "cuda_visible_devices": "2", "allocated_gib": 5.225467205047607, "reserved_gib": 8.228515625, "peak_allocated_gib": 7.100411891937256, "gpu_time_budget": null, "module": "model.layers.23.mlp.down_proj", "step": 1664}
{"stage": "sequential-round-coordinate", "pid": 113530, "time": 1789711255.6552813, "cuda_visible_devices": "2", "allocated_gib": 5.225467205047607, "reserved_gib": 8.228515625, "peak_allocated_gib": 7.100411891937256, "gpu_time_budget": null, "module": "model.layers.23.mlp.down_proj", "step": 1792}
{"stage": "sequential-round-coordinate", "pid": 113530, "time": 1789711256.2112167, "cuda_visible_devices": "2", "allocated_gib": 5.225467205047607, "reserved_gib": 8.228515625, "peak_allocated_gib": 7.100411891937256, "gpu_time_budget": null, "module": "model.layers.23.mlp.down_proj", "step": 1920}
{"stage": "sequential-round-coordinate", "pid": 113530, "time": 1789711256.819386, "cuda_visible_devices": "2", "allocated_gib": 5.225467205047607, "reserved_gib": 8.228515625, "peak_allocated_gib": 7.100411891937256, "gpu_time_budget": null, "module": "model.layers.23.mlp.down_proj", "step": 2048}
{"stage": "sequential-round-coordinate", "pid": 113530, "time": 1789711257.3715045, "cuda_visible_devices": "2", "allocated_gib": 5.225467205047607, "reserved_gib": 8.228515625, "peak_allocated_gib": 7.100411891937256, "gpu_time_budget": null, "module": "model.layers.23.mlp.down_proj", "step": 2176}
{"stage": "sequential-round-coordinate", "pid": 113530, "time": 1789711257.9267664, "cuda_visible_devices": "2", "allocated_gib": 5.225467205047607, "reserved_gib": 8.228515625, "peak_allocated_gib": 7.100411891937256, "gpu_time_budget": null, "module": "model.layers.23.mlp.down_proj", "step": 2304}
{"stage": "sequential-round-coordinate", "pid": 113530, "time": 1789711258.4814265, "cuda_visible_devices": "2", "allocated_gib": 5.225467205047607, "reserved_gib": 8.228515625, "peak_allocated_gib": 7.100411891937256, "gpu_time_budget": null, "module": "model.layers.23.mlp.down_proj", "step": 2432}
{"stage": "sequential-round-coordinate", "pid": 113530, "time": 1789711259.039374, "cuda_visible_devices": "2", "allocated_gib": 5.225467205047607, "reserved_gib": 8.228515625, "peak_allocated_gib": 7.100411891937256, "gpu_time_budget": null, "module": "model.layers.23.mlp.down_proj", "step": 2560}
{"stage": "sequential-round-coordinate", "pid": 113530, "time": 1789711259.564827, "cuda_visible_devices": "2", "allocated_gib": 5.225467205047607, "reserved_gib": 8.228515625, "peak_allocated_gib": 7.100411891937256, "gpu_time_budget": null, "module": "model.layers.23.mlp.down_proj", "step": 2688}
{"stage": "sequential-round-coordinate", "pid": 113530, "time": 1789711260.3823674, "cuda_visible_devices": "2", "allocated_gib": 5.225467205047607, "reserved_gib": 8.228515625, "peak_allocated_gib": 7.100411891937256, "gpu_time_budget": null, "module": "model.layers.23.mlp.down_proj", "step": 2816}
{"stage": "sequential-round-coordinate", "pid": 113530, "time": 1789711261.2676816, "cuda_visible_devices": "2", "allocated_gib": 5.225467205047607, "reserved_gib": 8.228515625, "peak_allocated_gib": 7.100411891937256, "gpu_time_budget": null, "module": "model.layers.23.mlp.down_proj", "step": 2944}
{"stage": "sequential-round-coordinate", "pid": 113530, "time": 1789711262.1580548, "cuda_visible_devices": "2", "allocated_gib": 5.225467205047607, "reserved_gib": 8.228515625, "peak_allocated_gib": 7.100411891937256, "gpu_time_budget": null, "module": "model.layers.23.mlp.down_proj", "step": 3072}
{"stage": "sequential-round-coordinate", "pid": 113530, "time": 1789711263.0467021, "cuda_visible_devices": "2", "allocated_gib": 5.225467205047607, "reserved_gib": 8.228515625, "peak_allocated_gib": 7.100411891937256, "gpu_time_budget": null, "module": "model.layers.23.mlp.down_proj", "step": 3200}
{"stage": "sequential-round-coordinate", "pid": 113530, "time": 1789711263.937762, "cuda_visible_devices": "2", "allocated_gib": 5.225467205047607, "reserved_gib": 8.228515625, "peak_allocated_gib": 7.100411891937256, "gpu_time_budget": null, "module": "model.layers.23.mlp.down_proj", "step": 3328}
{"stage": "sequential-round-coordinate", "pid": 113530, "time": 1789711264.8288157, "cuda_visible_devices": "2", "allocated_gib": 5.225467205047607, "reserved_gib": 8.228515625, "peak_allocated_gib": 7.100411891937256, "gpu_time_budget": null, "module": "model.layers.23.mlp.down_proj", "step": 3456}
{"stage": "sequential-round-coordinate", "pid": 113530, "time": 1789711265.718047, "cuda_visible_devices": "2", "allocated_gib": 5.225467205047607, "reserved_gib": 8.228515625, "peak_allocated_gib": 7.100411891937256, "gpu_time_budget": null, "module": "model.layers.23.mlp.down_proj", "step": 3584}
{"stage": "sequential-round-coordinate", "pid": 113530, "time": 1789711266.6088605, "cuda_visible_devices": "2", "allocated_gib": 5.225467205047607, "reserved_gib": 8.228515625, "peak_allocated_gib": 7.100411891937256, "gpu_time_budget": null, "module": "model.layers.23.mlp.down_proj", "step": 3712}
{"stage": "sequential-round-coordinate", "pid": 113530, "time": 1789711267.5007234, "cuda_visible_devices": "2", "allocated_gib": 5.225467205047607, "reserved_gib": 8.228515625, "peak_allocated_gib": 7.100411891937256, "gpu_time_budget": null, "module": "model.layers.23.mlp.down_proj", "step": 3840}
{"stage": "sequential-round-coordinate", "pid": 113530, "time": 1789711268.393175, "cuda_visible_devices": "2", "allocated_gib": 5.225467205047607, "reserved_gib": 8.228515625, "peak_allocated_gib": 7.100411891937256, "gpu_time_budget": null, "module": "model.layers.23.mlp.down_proj", "step": 3968}
{"stage": "sequential-round-coordinate", "pid": 113530, "time": 1789711269.2794852, "cuda_visible_devices": "2", "allocated_gib": 5.225467205047607, "reserved_gib": 8.228515625, "peak_allocated_gib": 7.100411891937256, "gpu_time_budget": null, "module": "model.layers.23.mlp.down_proj", "step": 4096}
{"stage": "sequential-round-coordinate", "pid": 113530, "time": 1789711270.1677694, "cuda_visible_devices": "2", "allocated_gib": 5.225467205047607, "reserved_gib": 8.228515625, "peak_allocated_gib": 7.100411891937256, "gpu_time_budget": null, "module": "model.layers.23.mlp.down_proj", "step": 4224}
{"stage": "sequential-round-coordinate", "pid": 113530, "time": 1789711271.059291, "cuda_visible_devices": "2", "allocated_gib": 5.225467205047607, "reserved_gib": 8.228515625, "peak_allocated_gib": 7.100411891937256, "gpu_time_budget": null, "module": "model.layers.23.mlp.down_proj", "step": 4352}
{"stage": "sequential-round-coordinate", "pid": 113530, "time": 1789711271.9495566, "cuda_visible_devices": "2", "allocated_gib": 5.225467205047607, "reserved_gib": 8.228515625, "peak_allocated_gib": 7.100411891937256, "gpu_time_budget": null, "module": "model.layers.23.mlp.down_proj", "step": 4480}
{"stage": "sequential-round-coordinate", "pid": 113530, "time": 1789711272.8382525, "cuda_visible_devices": "2", "allocated_gib": 5.225467205047607, "reserved_gib": 8.228515625, "peak_allocated_gib": 7.100411891937256, "gpu_time_budget": null, "module": "model.layers.23.mlp.down_proj", "step": 4608}
{"stage": "sequential-round-coordinate", "pid": 113530, "time": 1789711273.7299957, "cuda_visible_devices": "2", "allocated_gib": 5.225467205047607, "reserved_gib": 8.228515625, "peak_allocated_gib": 7.100411891937256, "gpu_time_budget": null, "module": "model.layers.23.mlp.down_proj", "step": 4736}
{"stage": "sequential-round-coordinate", "pid": 113530, "time": 1789711274.6202893, "cuda_visible_devices": "2", "allocated_gib": 5.225467205047607, "reserved_gib": 8.228515625, "peak_allocated_gib": 7.100411891937256, "gpu_time_budget": null, "module": "model.layers.23.mlp.down_proj", "step": 4864}
{"stage": "sequential-round-coordinate", "pid": 113530, "time": 1789711275.5085607, "cuda_visible_devices": "2", "allocated_gib": 5.225467205047607, "reserved_gib": 8.228515625, "peak_allocated_gib": 7.100411891937256, "gpu_time_budget": null, "module": "model.layers.23.mlp.down_proj", "step": 4992}
{"stage": "sequential-round-coordinate", "pid": 113530, "time": 1789711276.3983665, "cuda_visible_devices": "2", "allocated_gib": 5.225467205047607, "reserved_gib": 8.228515625, "peak_allocated_gib": 7.100411891937256, "gpu_time_budget": null, "module": "model.layers.23.mlp.down_proj", "step": 5120}
{"stage": "sequential-round-coordinate", "pid": 113530, "time": 1789711277.2897508, "cuda_visible_devices": "2", "allocated_gib": 5.225467205047607, "reserved_gib": 8.228515625, "peak_allocated_gib": 7.100411891937256, "gpu_time_budget": null, "module": "model.layers.23.mlp.down_proj", "step": 5248}
{"stage": "sequential-round-coordinate", "pid": 113530, "time": 1789711278.1794283, "cuda_visible_devices": "2", "allocated_gib": 5.225467205047607, "reserved_gib": 8.228515625, "peak_allocated_gib": 7.100411891937256, "gpu_time_budget": null, "module": "model.layers.23.mlp.down_proj", "step": 5376}
{"stage": "sequential-round-coordinate", "pid": 113530, "time": 1789711279.065957, "cuda_visible_devices": "2", "allocated_gib": 5.225467205047607, "reserved_gib": 8.228515625, "peak_allocated_gib": 7.100411891937256, "gpu_time_budget": null, "module": "model.layers.23.mlp.down_proj", "step": 5504}
{"stage": "sequential-round-coordinate", "pid": 113530, "time": 1789711279.954949, "cuda_visible_devices": "2", "allocated_gib": 5.225467205047607, "reserved_gib": 8.228515625, "peak_allocated_gib": 7.100411891937256, "gpu_time_budget": null, "module": "model.layers.23.mlp.down_proj", "step": 5632}
{"stage": "sequential-round-coordinate", "pid": 113530, "time": 1789711280.8429945, "cuda_visible_devices": "2", "allocated_gib": 5.225467205047607, "reserved_gib": 8.228515625, "peak_allocated_gib": 7.100411891937256, "gpu_time_budget": null, "module": "model.layers.23.mlp.down_proj", "step": 5760}
{"stage": "sequential-round-coordinate", "pid": 113530, "time": 1789711281.7322724, "cuda_visible_devices": "2", "allocated_gib": 5.225467205047607, "reserved_gib": 8.228515625, "peak_allocated_gib": 7.100411891937256, "gpu_time_budget": null, "module": "model.layers.23.mlp.down_proj", "step": 5888}
{"stage": "sequential-round-coordinate", "pid": 113530, "time": 1789711282.6235464, "cuda_visible_devices": "2", "allocated_gib": 5.225467205047607, "reserved_gib": 8.228515625, "peak_allocated_gib": 7.100411891937256, "gpu_time_budget": null, "module": "model.layers.23.mlp.down_proj", "step": 6016}
{"stage": "sequential-round-coordinate", "pid": 113530, "time": 1789711283.5158978, "cuda_visible_devices": "2", "allocated_gib": 5.225467205047607, "reserved_gib": 8.228515625, "peak_allocated_gib": 7.100411891937256, "gpu_time_budget": null, "module": "model.layers.23.mlp.down_proj", "step": 6144}
{"stage": "sequential-round-coordinate", "pid": 113530, "time": 1789711284.4081044, "cuda_visible_devices": "2", "allocated_gib": 5.225467205047607, "reserved_gib": 8.228515625, "peak_allocated_gib": 7.100411891937256, "gpu_time_budget": null, "module": "model.layers.23.mlp.down_proj", "step": 6272}
{"stage": "sequential-round-coordinate", "pid": 113530, "time": 1789711285.296948, "cuda_visible_devices": "2", "allocated_gib": 5.225467205047607, "reserved_gib": 8.228515625, "peak_allocated_gib": 7.100411891937256, "gpu_time_budget": null, "module": "model.layers.23.mlp.down_proj", "step": 6400}
{"stage": "sequential-round-coordinate", "pid": 113530, "time": 1789711286.188028, "cuda_visible_devices": "2", "allocated_gib": 5.225467205047607, "reserved_gib": 8.228515625, "peak_allocated_gib": 7.100411891937256, "gpu_time_budget": null, "module": "model.layers.23.mlp.down_proj", "step": 6528}
{"stage": "sequential-round-coordinate", "pid": 113530, "time": 1789711287.0736732, "cuda_visible_devices": "2", "allocated_gib": 5.225467205047607, "reserved_gib": 8.228515625, "peak_allocated_gib": 7.100411891937256, "gpu_time_budget": null, "module": "model.layers.23.mlp.down_proj", "step": 6656}
{"stage": "sequential-round-coordinate", "pid": 113530, "time": 1789711287.9654152, "cuda_visible_devices": "2", "allocated_gib": 5.225467205047607, "reserved_gib": 8.228515625, "peak_allocated_gib": 7.100411891937256, "gpu_time_budget": null, "module": "model.layers.23.mlp.down_proj", "step": 6784}
{"stage": "sequential-round-coordinate", "pid": 113530, "time": 1789711288.854632, "cuda_visible_devices": "2", "allocated_gib": 5.225467205047607, "reserved_gib": 8.228515625, "peak_allocated_gib": 7.100411891937256, "gpu_time_budget": null, "module": "model.layers.23.mlp.down_proj", "step": 6912}
{"stage": "sequential-round-coordinate", "pid": 113530, "time": 1789711289.7456253, "cuda_visible_devices": "2", "allocated_gib": 5.225467205047607, "reserved_gib": 8.228515625, "peak_allocated_gib": 7.100411891937256, "gpu_time_budget": null, "module": "model.layers.23.mlp.down_proj", "step": 7040}
{"stage": "sequential-round-coordinate", "pid": 113530, "time": 1789711290.6328878, "cuda_visible_devices": "2", "allocated_gib": 5.225467205047607, "reserved_gib": 8.228515625, "peak_allocated_gib": 7.100411891937256, "gpu_time_budget": null, "module": "model.layers.23.mlp.down_proj", "step": 7168}
{"stage": "sequential-round-coordinate", "pid": 113530, "time": 1789711291.5212712, "cuda_visible_devices": "2", "allocated_gib": 5.225467205047607, "reserved_gib": 8.228515625, "peak_allocated_gib": 7.100411891937256, "gpu_time_budget": null, "module": "model.layers.23.mlp.down_proj", "step": 7296}
{"stage": "sequential-round-coordinate", "pid": 113530, "time": 1789711292.4141936, "cuda_visible_devices": "2", "allocated_gib": 5.225467205047607, "reserved_gib": 8.228515625, "peak_allocated_gib": 7.100411891937256, "gpu_time_budget": null, "module": "model.layers.23.mlp.down_proj", "step": 7424}
{"stage": "sequential-round-coordinate", "pid": 113530, "time": 1789711293.3020856, "cuda_visible_devices": "2", "allocated_gib": 5.225467205047607, "reserved_gib": 8.228515625, "peak_allocated_gib": 7.100411891937256, "gpu_time_budget": null, "module": "model.layers.23.mlp.down_proj", "step": 7552}
{"stage": "sequential-round-coordinate", "pid": 113530, "time": 1789711294.1922324, "cuda_visible_devices": "2", "allocated_gib": 5.225467205047607, "reserved_gib": 8.228515625, "peak_allocated_gib": 7.100411891937256, "gpu_time_budget": null, "module": "model.layers.23.mlp.down_proj", "step": 7680}
{"stage": "sequential-round-coordinate", "pid": 113530, "time": 1789711295.0800264, "cuda_visible_devices": "2", "allocated_gib": 5.225467205047607, "reserved_gib": 8.228515625, "peak_allocated_gib": 7.100411891937256, "gpu_time_budget": null, "module": "model.layers.23.mlp.down_proj", "step": 7808}
{"stage": "sequential-round-coordinate", "pid": 113530, "time": 1789711295.9698586, "cuda_visible_devices": "2", "allocated_gib": 5.225467205047607, "reserved_gib": 8.228515625, "peak_allocated_gib": 7.100411891937256, "gpu_time_budget": null, "module": "model.layers.23.mlp.down_proj", "step": 7936}
{"stage": "sequential-round-coordinate", "pid": 113530, "time": 1789711296.8584948, "cuda_visible_devices": "2", "allocated_gib": 5.225467205047607, "reserved_gib": 8.228515625, "peak_allocated_gib": 7.100411891937256, "gpu_time_budget": null, "module": "model.layers.23.mlp.down_proj", "step": 8064}
{"stage": "sequential-round-coordinate", "pid": 113530, "time": 1789711297.8289967, "cuda_visible_devices": "2", "allocated_gib": 5.225467205047607, "reserved_gib": 8.228515625, "peak_allocated_gib": 7.100411891937256, "gpu_time_budget": null, "module": "model.layers.23.mlp.down_proj", "step": 8192}
{"stage": "sequential-round-train-nll", "pid": 113530, "time": 1789711297.8753483, "cuda_visible_devices": "2", "allocated_gib": 3.7957167625427246, "reserved_gib": 3.80078125, "peak_allocated_gib": 7.100411891937256, "gpu_time_budget": null, "module": "model.layers.23.mlp.down_proj", "step": 512}
Evaluation segment 1/1: start=0, windows=8, seqlen=2048
{"stage": "sequential-round-train-nll", "pid": 113530, "time": 1789711302.9532208, "cuda_visible_devices": "2", "allocated_gib": 3.7957167625427246, "reserved_gib": 5.978515625, "peak_allocated_gib": 7.100411891937256, "gpu_time_budget": null, "module": "model.layers.23.mlp.down_proj", "step": 2048}
Evaluation segment 1/1: start=0, windows=8, seqlen=2048
{"stage": "sequential-round-train-nll", "pid": 113530, "time": 1789711308.001345, "cuda_visible_devices": "2", "allocated_gib": 3.7957167625427246, "reserved_gib": 5.978515625, "peak_allocated_gib": 7.100411891937256, "gpu_time_budget": null, "module": "model.layers.23.mlp.down_proj", "step": 8192}
Evaluation segment 1/1: start=0, windows=8, seqlen=2048
{"stage": "sequential-module-completed", "pid": 113530, "time": 1789711313.054712, "cuda_visible_devices": "2", "allocated_gib": 3.7957167625427246, "reserved_gib": 5.978515625, "peak_allocated_gib": 7.100411891937256, "gpu_time_budget": null, "module": "model.layers.23.mlp.down_proj", "completed": 24, "total": 28, "selected_train_nll": 2.608141962339313, "elapsed_seconds": 1663.4843461549608}
{"stage": "sequential-round-fit", "pid": 113530, "time": 1789711320.0700939, "cuda_visible_devices": "2", "allocated_gib": 3.7957167625427246, "reserved_gib": 5.978515625, "peak_allocated_gib": 7.100411891937256, "gpu_time_budget": null, "module": "model.layers.24.mlp.down_proj", "fit_rows": 49152, "heldout_rows": 16384}
{"stage": "sequential-round-coordinate", "pid": 113530, "time": 1789711321.0863957, "cuda_visible_devices": "2", "allocated_gib": 5.225467205047607, "reserved_gib": 8.228515625, "peak_allocated_gib": 7.100411891937256, "gpu_time_budget": null, "module": "model.layers.24.mlp.down_proj", "step": 128}
{"stage": "sequential-round-coordinate", "pid": 113530, "time": 1789711321.749351, "cuda_visible_devices": "2", "allocated_gib": 5.225467205047607, "reserved_gib": 8.228515625, "peak_allocated_gib": 7.100411891937256, "gpu_time_budget": null, "module": "model.layers.24.mlp.down_proj", "step": 256}
{"stage": "sequential-round-coordinate", "pid": 113530, "time": 1789711322.4048693, "cuda_visible_devices": "2", "allocated_gib": 5.225467205047607, "reserved_gib": 8.228515625, "peak_allocated_gib": 7.100411891937256, "gpu_time_budget": null, "module": "model.layers.24.mlp.down_proj", "step": 384}
{"stage": "sequential-round-coordinate", "pid": 113530, "time": 1789711322.9490438, "cuda_visible_devices": "2", "allocated_gib": 5.225467205047607, "reserved_gib": 8.228515625, "peak_allocated_gib": 7.100411891937256, "gpu_time_budget": null, "module": "model.layers.24.mlp.down_proj", "step": 512}
{"stage": "sequential-round-coordinate", "pid": 113530, "time": 1789711323.5045452, "cuda_visible_devices": "2", "allocated_gib": 5.225467205047607, "reserved_gib": 8.228515625, "peak_allocated_gib": 7.100411891937256, "gpu_time_budget": null, "module": "model.layers.24.mlp.down_proj", "step": 640}
{"stage": "sequential-round-coordinate", "pid": 113530, "time": 1789711324.0636458, "cuda_visible_devices": "2", "allocated_gib": 5.225467205047607, "reserved_gib": 8.228515625, "peak_allocated_gib": 7.100411891937256, "gpu_time_budget": null, "module": "model.layers.24.mlp.down_proj", "step": 768}
{"stage": "sequential-round-coordinate", "pid": 113530, "time": 1789711324.619955, "cuda_visible_devices": "2", "allocated_gib": 5.225467205047607, "reserved_gib": 8.228515625, "peak_allocated_gib": 7.100411891937256, "gpu_time_budget": null, "module": "model.layers.24.mlp.down_proj", "step": 896}
{"stage": "sequential-round-coordinate", "pid": 113530, "time": 1789711325.1817183, "cuda_visible_devices": "2", "allocated_gib": 5.225467205047607, "reserved_gib": 8.228515625, "peak_allocated_gib": 7.100411891937256, "gpu_time_budget": null, "module": "model.layers.24.mlp.down_proj", "step": 1024}
{"stage": "sequential-round-coordinate", "pid": 113530, "time": 1789711325.7366314, "cuda_visible_devices": "2", "allocated_gib": 5.225467205047607, "reserved_gib": 8.228515625, "peak_allocated_gib": 7.100411891937256, "gpu_time_budget": null, "module": "model.layers.24.mlp.down_proj", "step": 1152}
{"stage": "sequential-round-coordinate", "pid": 113530, "time": 1789711326.2939181, "cuda_visible_devices": "2", "allocated_gib": 5.225467205047607, "reserved_gib": 8.228515625, "peak_allocated_gib": 7.100411891937256, "gpu_time_budget": null, "module": "model.layers.24.mlp.down_proj", "step": 1280}
{"stage": "sequential-round-coordinate", "pid": 113530, "time": 1789711326.8481362, "cuda_visible_devices": "2", "allocated_gib": 5.225467205047607, "reserved_gib": 8.228515625, "peak_allocated_gib": 7.100411891937256, "gpu_time_budget": null, "module": "model.layers.24.mlp.down_proj", "step": 1408}
{"stage": "sequential-round-coordinate", "pid": 113530, "time": 1789711327.4049942, "cuda_visible_devices": "2", "allocated_gib": 5.225467205047607, "reserved_gib": 8.228515625, "peak_allocated_gib": 7.100411891937256, "gpu_time_budget": null, "module": "model.layers.24.mlp.down_proj", "step": 1536}
{"stage": "sequential-round-coordinate", "pid": 113530, "time": 1789711327.959823, "cuda_visible_devices": "2", "allocated_gib": 5.225467205047607, "reserved_gib": 8.228515625, "peak_allocated_gib": 7.100411891937256, "gpu_time_budget": null, "module": "model.layers.24.mlp.down_proj", "step": 1664}
{"stage": "sequential-round-coordinate", "pid": 113530, "time": 1789711328.5171099, "cuda_visible_devices": "2", "allocated_gib": 5.225467205047607, "reserved_gib": 8.228515625, "peak_allocated_gib": 7.100411891937256, "gpu_time_budget": null, "module": "model.layers.24.mlp.down_proj", "step": 1792}
{"stage": "sequential-round-coordinate", "pid": 113530, "time": 1789711329.0718255, "cuda_visible_devices": "2", "allocated_gib": 5.225467205047607, "reserved_gib": 8.228515625, "peak_allocated_gib": 7.100411891937256, "gpu_time_budget": null, "module": "model.layers.24.mlp.down_proj", "step": 1920}
{"stage": "sequential-round-coordinate", "pid": 113530, "time": 1789711329.6811914, "cuda_visible_devices": "2", "allocated_gib": 5.225467205047607, "reserved_gib": 8.228515625, "peak_allocated_gib": 7.100411891937256, "gpu_time_budget": null, "module": "model.layers.24.mlp.down_proj", "step": 2048}
{"stage": "sequential-round-coordinate", "pid": 113530, "time": 1789711330.2357953, "cuda_visible_devices": "2", "allocated_gib": 5.225467205047607, "reserved_gib": 8.228515625, "peak_allocated_gib": 7.100411891937256, "gpu_time_budget": null, "module": "model.layers.24.mlp.down_proj", "step": 2176}
{"stage": "sequential-round-coordinate", "pid": 113530, "time": 1789711330.7920985, "cuda_visible_devices": "2", "allocated_gib": 5.225467205047607, "reserved_gib": 8.228515625, "peak_allocated_gib": 7.100411891937256, "gpu_time_budget": null, "module": "model.layers.24.mlp.down_proj", "step": 2304}
{"stage": "sequential-round-coordinate", "pid": 113530, "time": 1789711331.3453243, "cuda_visible_devices": "2", "allocated_gib": 5.225467205047607, "reserved_gib": 8.228515625, "peak_allocated_gib": 7.100411891937256, "gpu_time_budget": null, "module": "model.layers.24.mlp.down_proj", "step": 2432}
{"stage": "sequential-round-coordinate", "pid": 113530, "time": 1789711331.8989284, "cuda_visible_devices": "2", "allocated_gib": 5.225467205047607, "reserved_gib": 8.228515625, "peak_allocated_gib": 7.100411891937256, "gpu_time_budget": null, "module": "model.layers.24.mlp.down_proj", "step": 2560}
{"stage": "sequential-round-coordinate", "pid": 113530, "time": 1789711332.4527435, "cuda_visible_devices": "2", "allocated_gib": 5.225467205047607, "reserved_gib": 8.228515625, "peak_allocated_gib": 7.100411891937256, "gpu_time_budget": null, "module": "model.layers.24.mlp.down_proj", "step": 2688}
{"stage": "sequential-round-coordinate", "pid": 113530, "time": 1789711333.0044925, "cuda_visible_devices": "2", "allocated_gib": 5.225467205047607, "reserved_gib": 8.228515625, "peak_allocated_gib": 7.100411891937256, "gpu_time_budget": null, "module": "model.layers.24.mlp.down_proj", "step": 2816}
{"stage": "sequential-round-coordinate", "pid": 113530, "time": 1789711333.5592682, "cuda_visible_devices": "2", "allocated_gib": 5.225467205047607, "reserved_gib": 8.228515625, "peak_allocated_gib": 7.100411891937256, "gpu_time_budget": null, "module": "model.layers.24.mlp.down_proj", "step": 2944}
{"stage": "sequential-round-coordinate", "pid": 113530, "time": 1789711334.1126418, "cuda_visible_devices": "2", "allocated_gib": 5.225467205047607, "reserved_gib": 8.228515625, "peak_allocated_gib": 7.100411891937256, "gpu_time_budget": null, "module": "model.layers.24.mlp.down_proj", "step": 3072}
{"stage": "sequential-round-coordinate", "pid": 113530, "time": 1789711334.6656597, "cuda_visible_devices": "2", "allocated_gib": 5.225467205047607, "reserved_gib": 8.228515625, "peak_allocated_gib": 7.100411891937256, "gpu_time_budget": null, "module": "model.layers.24.mlp.down_proj", "step": 3200}
{"stage": "sequential-round-coordinate", "pid": 113530, "time": 1789711335.281148, "cuda_visible_devices": "2", "allocated_gib": 5.225467205047607, "reserved_gib": 8.228515625, "peak_allocated_gib": 7.100411891937256, "gpu_time_budget": null, "module": "model.layers.24.mlp.down_proj", "step": 3328}
{"stage": "sequential-round-coordinate", "pid": 113530, "time": 1789711336.1663504, "cuda_visible_devices": "2", "allocated_gib": 5.225467205047607, "reserved_gib": 8.228515625, "peak_allocated_gib": 7.100411891937256, "gpu_time_budget": null, "module": "model.layers.24.mlp.down_proj", "step": 3456}
{"stage": "sequential-round-coordinate", "pid": 113530, "time": 1789711337.0529075, "cuda_visible_devices": "2", "allocated_gib": 5.225467205047607, "reserved_gib": 8.228515625, "peak_allocated_gib": 7.100411891937256, "gpu_time_budget": null, "module": "model.layers.24.mlp.down_proj", "step": 3584}
{"stage": "sequential-round-coordinate", "pid": 113530, "time": 1789711337.9423301, "cuda_visible_devices": "2", "allocated_gib": 5.225467205047607, "reserved_gib": 8.228515625, "peak_allocated_gib": 7.100411891937256, "gpu_time_budget": null, "module": "model.layers.24.mlp.down_proj", "step": 3712}
{"stage": "sequential-round-coordinate", "pid": 113530, "time": 1789711338.8419015, "cuda_visible_devices": "2", "allocated_gib": 5.225467205047607, "reserved_gib": 8.228515625, "peak_allocated_gib": 7.100411891937256, "gpu_time_budget": null, "module": "model.layers.24.mlp.down_proj", "step": 3840}
{"stage": "sequential-round-coordinate", "pid": 113530, "time": 1789711339.7268908, "cuda_visible_devices": "2", "allocated_gib": 5.225467205047607, "reserved_gib": 8.228515625, "peak_allocated_gib": 7.100411891937256, "gpu_time_budget": null, "module": "model.layers.24.mlp.down_proj", "step": 3968}
{"stage": "sequential-round-coordinate", "pid": 113530, "time": 1789711340.61738, "cuda_visible_devices": "2", "allocated_gib": 5.225467205047607, "reserved_gib": 8.228515625, "peak_allocated_gib": 7.100411891937256, "gpu_time_budget": null, "module": "model.layers.24.mlp.down_proj", "step": 4096}
{"stage": "sequential-round-coordinate", "pid": 113530, "time": 1789711341.5079021, "cuda_visible_devices": "2", "allocated_gib": 5.225467205047607, "reserved_gib": 8.228515625, "peak_allocated_gib": 7.100411891937256, "gpu_time_budget": null, "module": "model.layers.24.mlp.down_proj", "step": 4224}
{"stage": "sequential-round-coordinate", "pid": 113530, "time": 1789711342.396623, "cuda_visible_devices": "2", "allocated_gib": 5.225467205047607, "reserved_gib": 8.228515625, "peak_allocated_gib": 7.100411891937256, "gpu_time_budget": null, "module": "model.layers.24.mlp.down_proj", "step": 4352}
{"stage": "sequential-round-coordinate", "pid": 113530, "time": 1789711343.287103, "cuda_visible_devices": "2", "allocated_gib": 5.225467205047607, "reserved_gib": 8.228515625, "peak_allocated_gib": 7.100411891937256, "gpu_time_budget": null, "module": "model.layers.24.mlp.down_proj", "step": 4480}
{"stage": "sequential-round-coordinate", "pid": 113530, "time": 1789711344.176299, "cuda_visible_devices": "2", "allocated_gib": 5.225467205047607, "reserved_gib": 8.228515625, "peak_allocated_gib": 7.100411891937256, "gpu_time_budget": null, "module": "model.layers.24.mlp.down_proj", "step": 4608}
{"stage": "sequential-round-coordinate", "pid": 113530, "time": 1789711345.0685496, "cuda_visible_devices": "2", "allocated_gib": 5.225467205047607, "reserved_gib": 8.228515625, "peak_allocated_gib": 7.100411891937256, "gpu_time_budget": null, "module": "model.layers.24.mlp.down_proj", "step": 4736}
{"stage": "sequential-round-coordinate", "pid": 113530, "time": 1789711345.958473, "cuda_visible_devices": "2", "allocated_gib": 5.225467205047607, "reserved_gib": 8.228515625, "peak_allocated_gib": 7.100411891937256, "gpu_time_budget": null, "module": "model.layers.24.mlp.down_proj", "step": 4864}
{"stage": "sequential-round-coordinate", "pid": 113530, "time": 1789711346.8489268, "cuda_visible_devices": "2", "allocated_gib": 5.225467205047607, "reserved_gib": 8.228515625, "peak_allocated_gib": 7.100411891937256, "gpu_time_budget": null, "module": "model.layers.24.mlp.down_proj", "step": 4992}
{"stage": "sequential-round-coordinate", "pid": 113530, "time": 1789711347.740999, "cuda_visible_devices": "2", "allocated_gib": 5.225467205047607, "reserved_gib": 8.228515625, "peak_allocated_gib": 7.100411891937256, "gpu_time_budget": null, "module": "model.layers.24.mlp.down_proj", "step": 5120}
{"stage": "sequential-round-coordinate", "pid": 113530, "time": 1789711348.63273, "cuda_visible_devices": "2", "allocated_gib": 5.225467205047607, "reserved_gib": 8.228515625, "peak_allocated_gib": 7.100411891937256, "gpu_time_budget": null, "module": "model.layers.24.mlp.down_proj", "step": 5248}
{"stage": "sequential-round-coordinate", "pid": 113530, "time": 1789711349.5237417, "cuda_visible_devices": "2", "allocated_gib": 5.225467205047607, "reserved_gib": 8.228515625, "peak_allocated_gib": 7.100411891937256, "gpu_time_budget": null, "module": "model.layers.24.mlp.down_proj", "step": 5376}
{"stage": "sequential-round-coordinate", "pid": 113530, "time": 1789711350.4153757, "cuda_visible_devices": "2", "allocated_gib": 5.225467205047607, "reserved_gib": 8.228515625, "peak_allocated_gib": 7.100411891937256, "gpu_time_budget": null, "module": "model.layers.24.mlp.down_proj", "step": 5504}
{"stage": "sequential-round-coordinate", "pid": 113530, "time": 1789711351.307855, "cuda_visible_devices": "2", "allocated_gib": 5.225467205047607, "reserved_gib": 8.228515625, "peak_allocated_gib": 7.100411891937256, "gpu_time_budget": null, "module": "model.layers.24.mlp.down_proj", "step": 5632}
{"stage": "sequential-round-coordinate", "pid": 113530, "time": 1789711352.1976032, "cuda_visible_devices": "2", "allocated_gib": 5.225467205047607, "reserved_gib": 8.228515625, "peak_allocated_gib": 7.100411891937256, "gpu_time_budget": null, "module": "model.layers.24.mlp.down_proj", "step": 5760}
{"stage": "sequential-round-coordinate", "pid": 113530, "time": 1789711353.0906956, "cuda_visible_devices": "2", "allocated_gib": 5.225467205047607, "reserved_gib": 8.228515625, "peak_allocated_gib": 7.100411891937256, "gpu_time_budget": null, "module": "model.layers.24.mlp.down_proj", "step": 5888}
{"stage": "sequential-round-coordinate", "pid": 113530, "time": 1789711353.9822366, "cuda_visible_devices": "2", "allocated_gib": 5.225467205047607, "reserved_gib": 8.228515625, "peak_allocated_gib": 7.100411891937256, "gpu_time_budget": null, "module": "model.layers.24.mlp.down_proj", "step": 6016}
{"stage": "sequential-round-coordinate", "pid": 113530, "time": 1789711354.87236, "cuda_visible_devices": "2", "allocated_gib": 5.225467205047607, "reserved_gib": 8.228515625, "peak_allocated_gib": 7.100411891937256, "gpu_time_budget": null, "module": "model.layers.24.mlp.down_proj", "step": 6144}
{"stage": "sequential-round-coordinate", "pid": 113530, "time": 1789711355.760153, "cuda_visible_devices": "2", "allocated_gib": 5.225467205047607, "reserved_gib": 8.228515625, "peak_allocated_gib": 7.100411891937256, "gpu_time_budget": null, "module": "model.layers.24.mlp.down_proj", "step": 6272}
{"stage": "sequential-round-coordinate", "pid": 113530, "time": 1789711356.6522515, "cuda_visible_devices": "2", "allocated_gib": 5.225467205047607, "reserved_gib": 8.228515625, "peak_allocated_gib": 7.100411891937256, "gpu_time_budget": null, "module": "model.layers.24.mlp.down_proj", "step": 6400}
{"stage": "sequential-round-coordinate", "pid": 113530, "time": 1789711357.5411828, "cuda_visible_devices": "2", "allocated_gib": 5.225467205047607, "reserved_gib": 8.228515625, "peak_allocated_gib": 7.100411891937256, "gpu_time_budget": null, "module": "model.layers.24.mlp.down_proj", "step": 6528}
{"stage": "sequential-round-coordinate", "pid": 113530, "time": 1789711358.4355748, "cuda_visible_devices": "2", "allocated_gib": 5.225467205047607, "reserved_gib": 8.228515625, "peak_allocated_gib": 7.100411891937256, "gpu_time_budget": null, "module": "model.layers.24.mlp.down_proj", "step": 6656}
{"stage": "sequential-round-coordinate", "pid": 113530, "time": 1789711359.3214579, "cuda_visible_devices": "2", "allocated_gib": 5.225467205047607, "reserved_gib": 8.228515625, "peak_allocated_gib": 7.100411891937256, "gpu_time_budget": null, "module": "model.layers.24.mlp.down_proj", "step": 6784}
{"stage": "sequential-round-coordinate", "pid": 113530, "time": 1789711360.2120702, "cuda_visible_devices": "2", "allocated_gib": 5.225467205047607, "reserved_gib": 8.228515625, "peak_allocated_gib": 7.100411891937256, "gpu_time_budget": null, "module": "model.layers.24.mlp.down_proj", "step": 6912}
{"stage": "sequential-round-coordinate", "pid": 113530, "time": 1789711361.1018586, "cuda_visible_devices": "2", "allocated_gib": 5.225467205047607, "reserved_gib": 8.228515625, "peak_allocated_gib": 7.100411891937256, "gpu_time_budget": null, "module": "model.layers.24.mlp.down_proj", "step": 7040}
{"stage": "sequential-round-coordinate", "pid": 113530, "time": 1789711361.9913166, "cuda_visible_devices": "2", "allocated_gib": 5.225467205047607, "reserved_gib": 8.228515625, "peak_allocated_gib": 7.100411891937256, "gpu_time_budget": null, "module": "model.layers.24.mlp.down_proj", "step": 7168}
{"stage": "sequential-round-coordinate", "pid": 113530, "time": 1789711362.9132936, "cuda_visible_devices": "2", "allocated_gib": 5.225467205047607, "reserved_gib": 8.228515625, "peak_allocated_gib": 7.100411891937256, "gpu_time_budget": null, "module": "model.layers.24.mlp.down_proj", "step": 7296}
{"stage": "sequential-round-coordinate", "pid": 113530, "time": 1789711363.8063653, "cuda_visible_devices": "2", "allocated_gib": 5.225467205047607, "reserved_gib": 8.228515625, "peak_allocated_gib": 7.100411891937256, "gpu_time_budget": null, "module": "model.layers.24.mlp.down_proj", "step": 7424}
{"stage": "sequential-round-coordinate", "pid": 113530, "time": 1789711364.697903, "cuda_visible_devices": "2", "allocated_gib": 5.225467205047607, "reserved_gib": 8.228515625, "peak_allocated_gib": 7.100411891937256, "gpu_time_budget": null, "module": "model.layers.24.mlp.down_proj", "step": 7552}
{"stage": "sequential-round-coordinate", "pid": 113530, "time": 1789711365.5881486, "cuda_visible_devices": "2", "allocated_gib": 5.225467205047607, "reserved_gib": 8.228515625, "peak_allocated_gib": 7.100411891937256, "gpu_time_budget": null, "module": "model.layers.24.mlp.down_proj", "step": 7680}
{"stage": "sequential-round-coordinate", "pid": 113530, "time": 1789711366.4785466, "cuda_visible_devices": "2", "allocated_gib": 5.225467205047607, "reserved_gib": 8.228515625, "peak_allocated_gib": 7.100411891937256, "gpu_time_budget": null, "module": "model.layers.24.mlp.down_proj", "step": 7808}
{"stage": "sequential-round-coordinate", "pid": 113530, "time": 1789711367.369206, "cuda_visible_devices": "2", "allocated_gib": 5.225467205047607, "reserved_gib": 8.228515625, "peak_allocated_gib": 7.100411891937256, "gpu_time_budget": null, "module": "model.layers.24.mlp.down_proj", "step": 7936}
{"stage": "sequential-round-coordinate", "pid": 113530, "time": 1789711368.2613885, "cuda_visible_devices": "2", "allocated_gib": 5.225467205047607, "reserved_gib": 8.228515625, "peak_allocated_gib": 7.100411891937256, "gpu_time_budget": null, "module": "model.layers.24.mlp.down_proj", "step": 8064}
{"stage": "sequential-round-coordinate", "pid": 113530, "time": 1789711369.2283275, "cuda_visible_devices": "2", "allocated_gib": 5.225467205047607, "reserved_gib": 8.228515625, "peak_allocated_gib": 7.100411891937256, "gpu_time_budget": null, "module": "model.layers.24.mlp.down_proj", "step": 8192}
{"stage": "sequential-round-train-nll", "pid": 113530, "time": 1789711369.2787392, "cuda_visible_devices": "2", "allocated_gib": 3.7957167625427246, "reserved_gib": 3.80078125, "peak_allocated_gib": 7.100411891937256, "gpu_time_budget": null, "module": "model.layers.24.mlp.down_proj", "step": 512}
Evaluation segment 1/1: start=0, windows=8, seqlen=2048
{"stage": "sequential-module-completed", "pid": 113530, "time": 1789711374.4309604, "cuda_visible_devices": "2", "allocated_gib": 3.7957167625427246, "reserved_gib": 5.978515625, "peak_allocated_gib": 7.100411891937256, "gpu_time_budget": null, "module": "model.layers.24.mlp.down_proj", "completed": 25, "total": 28, "selected_train_nll": 2.608141962339313, "elapsed_seconds": 1724.8605943300063}
{"stage": "sequential-round-fit", "pid": 113530, "time": 1789711385.846994, "cuda_visible_devices": "2", "allocated_gib": 3.7957167625427246, "reserved_gib": 5.978515625, "peak_allocated_gib": 7.100411891937256, "gpu_time_budget": null, "module": "model.layers.25.mlp.down_proj", "fit_rows": 49152, "heldout_rows": 16384}
{"stage": "sequential-round-coordinate", "pid": 113530, "time": 1789711386.8430526, "cuda_visible_devices": "2", "allocated_gib": 5.225467205047607, "reserved_gib": 8.228515625, "peak_allocated_gib": 7.100411891937256, "gpu_time_budget": null, "module": "model.layers.25.mlp.down_proj", "step": 128}
{"stage": "sequential-round-coordinate", "pid": 113530, "time": 1789711387.510441, "cuda_visible_devices": "2", "allocated_gib": 5.225467205047607, "reserved_gib": 8.228515625, "peak_allocated_gib": 7.100411891937256, "gpu_time_budget": null, "module": "model.layers.25.mlp.down_proj", "step": 256}
{"stage": "sequential-round-coordinate", "pid": 113530, "time": 1789711388.1737003, "cuda_visible_devices": "2", "allocated_gib": 5.225467205047607, "reserved_gib": 8.228515625, "peak_allocated_gib": 7.100411891937256, "gpu_time_budget": null, "module": "model.layers.25.mlp.down_proj", "step": 384}
{"stage": "sequential-round-coordinate", "pid": 113530, "time": 1789711388.8877795, "cuda_visible_devices": "2", "allocated_gib": 5.225467205047607, "reserved_gib": 8.228515625, "peak_allocated_gib": 7.100411891937256, "gpu_time_budget": null, "module": "model.layers.25.mlp.down_proj", "step": 512}
{"stage": "sequential-round-coordinate", "pid": 113530, "time": 1789711389.5514648, "cuda_visible_devices": "2", "allocated_gib": 5.225467205047607, "reserved_gib": 8.228515625, "peak_allocated_gib": 7.100411891937256, "gpu_time_budget": null, "module": "model.layers.25.mlp.down_proj", "step": 640}
{"stage": "sequential-round-coordinate", "pid": 113530, "time": 1789711390.1652422, "cuda_visible_devices": "2", "allocated_gib": 5.225467205047607, "reserved_gib": 8.228515625, "peak_allocated_gib": 7.100411891937256, "gpu_time_budget": null, "module": "model.layers.25.mlp.down_proj", "step": 768}
{"stage": "sequential-round-coordinate", "pid": 113530, "time": 1789711390.7172768, "cuda_visible_devices": "2", "allocated_gib": 5.225467205047607, "reserved_gib": 8.228515625, "peak_allocated_gib": 7.100411891937256, "gpu_time_budget": null, "module": "model.layers.25.mlp.down_proj", "step": 896}
{"stage": "sequential-round-coordinate", "pid": 113530, "time": 1789711391.2736309, "cuda_visible_devices": "2", "allocated_gib": 5.225467205047607, "reserved_gib": 8.228515625, "peak_allocated_gib": 7.100411891937256, "gpu_time_budget": null, "module": "model.layers.25.mlp.down_proj", "step": 1024}
{"stage": "sequential-round-coordinate", "pid": 113530, "time": 1789711391.8285065, "cuda_visible_devices": "2", "allocated_gib": 5.225467205047607, "reserved_gib": 8.228515625, "peak_allocated_gib": 7.100411891937256, "gpu_time_budget": null, "module": "model.layers.25.mlp.down_proj", "step": 1152}
{"stage": "sequential-round-coordinate", "pid": 113530, "time": 1789711392.3856812, "cuda_visible_devices": "2", "allocated_gib": 5.225467205047607, "reserved_gib": 8.228515625, "peak_allocated_gib": 7.100411891937256, "gpu_time_budget": null, "module": "model.layers.25.mlp.down_proj", "step": 1280}
{"stage": "sequential-round-coordinate", "pid": 113530, "time": 1789711392.940354, "cuda_visible_devices": "2", "allocated_gib": 5.225467205047607, "reserved_gib": 8.228515625, "peak_allocated_gib": 7.100411891937256, "gpu_time_budget": null, "module": "model.layers.25.mlp.down_proj", "step": 1408}
{"stage": "sequential-round-coordinate", "pid": 113530, "time": 1789711393.4968214, "cuda_visible_devices": "2", "allocated_gib": 5.225467205047607, "reserved_gib": 8.228515625, "peak_allocated_gib": 7.100411891937256, "gpu_time_budget": null, "module": "model.layers.25.mlp.down_proj", "step": 1536}
{"stage": "sequential-round-coordinate", "pid": 113530, "time": 1789711394.054526, "cuda_visible_devices": "2", "allocated_gib": 5.225467205047607, "reserved_gib": 8.228515625, "peak_allocated_gib": 7.100411891937256, "gpu_time_budget": null, "module": "model.layers.25.mlp.down_proj", "step": 1664}
{"stage": "sequential-round-coordinate", "pid": 113530, "time": 1789711394.6081173, "cuda_visible_devices": "2", "allocated_gib": 5.225467205047607, "reserved_gib": 8.228515625, "peak_allocated_gib": 7.100411891937256, "gpu_time_budget": null, "module": "model.layers.25.mlp.down_proj", "step": 1792}
{"stage": "sequential-round-coordinate", "pid": 113530, "time": 1789711395.1650338, "cuda_visible_devices": "2", "allocated_gib": 5.225467205047607, "reserved_gib": 8.228515625, "peak_allocated_gib": 7.100411891937256, "gpu_time_budget": null, "module": "model.layers.25.mlp.down_proj", "step": 1920}
{"stage": "sequential-round-coordinate", "pid": 113530, "time": 1789711395.774207, "cuda_visible_devices": "2", "allocated_gib": 5.225467205047607, "reserved_gib": 8.228515625, "peak_allocated_gib": 7.100411891937256, "gpu_time_budget": null, "module": "model.layers.25.mlp.down_proj", "step": 2048}
{"stage": "sequential-round-coordinate", "pid": 113530, "time": 1789711396.3326228, "cuda_visible_devices": "2", "allocated_gib": 5.225467205047607, "reserved_gib": 8.228515625, "peak_allocated_gib": 7.100411891937256, "gpu_time_budget": null, "module": "model.layers.25.mlp.down_proj", "step": 2176}
{"stage": "sequential-round-coordinate", "pid": 113530, "time": 1789711396.8877907, "cuda_visible_devices": "2", "allocated_gib": 5.225467205047607, "reserved_gib": 8.228515625, "peak_allocated_gib": 7.100411891937256, "gpu_time_budget": null, "module": "model.layers.25.mlp.down_proj", "step": 2304}
{"stage": "sequential-round-coordinate", "pid": 113530, "time": 1789711397.444063, "cuda_visible_devices": "2", "allocated_gib": 5.225467205047607, "reserved_gib": 8.228515625, "peak_allocated_gib": 7.100411891937256, "gpu_time_budget": null, "module": "model.layers.25.mlp.down_proj", "step": 2432}
{"stage": "sequential-round-coordinate", "pid": 113530, "time": 1789711398.0001225, "cuda_visible_devices": "2", "allocated_gib": 5.225467205047607, "reserved_gib": 8.228515625, "peak_allocated_gib": 7.100411891937256, "gpu_time_budget": null, "module": "model.layers.25.mlp.down_proj", "step": 2560}
{"stage": "sequential-round-coordinate", "pid": 113530, "time": 1789711398.5566435, "cuda_visible_devices": "2", "allocated_gib": 5.225467205047607, "reserved_gib": 8.228515625, "peak_allocated_gib": 7.100411891937256, "gpu_time_budget": null, "module": "model.layers.25.mlp.down_proj", "step": 2688}
{"stage": "sequential-round-coordinate", "pid": 113530, "time": 1789711399.1142058, "cuda_visible_devices": "2", "allocated_gib": 5.225467205047607, "reserved_gib": 8.228515625, "peak_allocated_gib": 7.100411891937256, "gpu_time_budget": null, "module": "model.layers.25.mlp.down_proj", "step": 2816}
{"stage": "sequential-round-coordinate", "pid": 113530, "time": 1789711399.6699135, "cuda_visible_devices": "2", "allocated_gib": 5.225467205047607, "reserved_gib": 8.228515625, "peak_allocated_gib": 7.100411891937256, "gpu_time_budget": null, "module": "model.layers.25.mlp.down_proj", "step": 2944}
{"stage": "sequential-round-coordinate", "pid": 113530, "time": 1789711400.2293205, "cuda_visible_devices": "2", "allocated_gib": 5.225467205047607, "reserved_gib": 8.228515625, "peak_allocated_gib": 7.100411891937256, "gpu_time_budget": null, "module": "model.layers.25.mlp.down_proj", "step": 3072}
{"stage": "sequential-round-coordinate", "pid": 113530, "time": 1789711400.7772355, "cuda_visible_devices": "2", "allocated_gib": 5.225467205047607, "reserved_gib": 8.228515625, "peak_allocated_gib": 7.100411891937256, "gpu_time_budget": null, "module": "model.layers.25.mlp.down_proj", "step": 3200}
{"stage": "sequential-round-coordinate", "pid": 113530, "time": 1789711401.330345, "cuda_visible_devices": "2", "allocated_gib": 5.225467205047607, "reserved_gib": 8.228515625, "peak_allocated_gib": 7.100411891937256, "gpu_time_budget": null, "module": "model.layers.25.mlp.down_proj", "step": 3328}
{"stage": "sequential-round-coordinate", "pid": 113530, "time": 1789711401.8837972, "cuda_visible_devices": "2", "allocated_gib": 5.225467205047607, "reserved_gib": 8.228515625, "peak_allocated_gib": 7.100411891937256, "gpu_time_budget": null, "module": "model.layers.25.mlp.down_proj", "step": 3456}
{"stage": "sequential-round-coordinate", "pid": 113530, "time": 1789711402.4352956, "cuda_visible_devices": "2", "allocated_gib": 5.225467205047607, "reserved_gib": 8.228515625, "peak_allocated_gib": 7.100411891937256, "gpu_time_budget": null, "module": "model.layers.25.mlp.down_proj", "step": 3584}
{"stage": "sequential-round-coordinate", "pid": 113530, "time": 1789711402.9295766, "cuda_visible_devices": "2", "allocated_gib": 5.225467205047607, "reserved_gib": 8.228515625, "peak_allocated_gib": 7.100411891937256, "gpu_time_budget": null, "module": "model.layers.25.mlp.down_proj", "step": 3712}
{"stage": "sequential-round-coordinate", "pid": 113530, "time": 1789711403.8070524, "cuda_visible_devices": "2", "allocated_gib": 5.225467205047607, "reserved_gib": 8.228515625, "peak_allocated_gib": 7.100411891937256, "gpu_time_budget": null, "module": "model.layers.25.mlp.down_proj", "step": 3840}
{"stage": "sequential-round-coordinate", "pid": 113530, "time": 1789711404.696667, "cuda_visible_devices": "2", "allocated_gib": 5.225467205047607, "reserved_gib": 8.228515625, "peak_allocated_gib": 7.100411891937256, "gpu_time_budget": null, "module": "model.layers.25.mlp.down_proj", "step": 3968}
{"stage": "sequential-round-coordinate", "pid": 113530, "time": 1789711405.5848305, "cuda_visible_devices": "2", "allocated_gib": 5.225467205047607, "reserved_gib": 8.228515625, "peak_allocated_gib": 7.100411891937256, "gpu_time_budget": null, "module": "model.layers.25.mlp.down_proj", "step": 4096}
{"stage": "sequential-round-coordinate", "pid": 113530, "time": 1789711406.4734569, "cuda_visible_devices": "2", "allocated_gib": 5.225467205047607, "reserved_gib": 8.228515625, "peak_allocated_gib": 7.100411891937256, "gpu_time_budget": null, "module": "model.layers.25.mlp.down_proj", "step": 4224}
{"stage": "sequential-round-coordinate", "pid": 113530, "time": 1789711407.3648193, "cuda_visible_devices": "2", "allocated_gib": 5.225467205047607, "reserved_gib": 8.228515625, "peak_allocated_gib": 7.100411891937256, "gpu_time_budget": null, "module": "model.layers.25.mlp.down_proj", "step": 4352}
{"stage": "sequential-round-coordinate", "pid": 113530, "time": 1789711408.2544472, "cuda_visible_devices": "2", "allocated_gib": 5.225467205047607, "reserved_gib": 8.228515625, "peak_allocated_gib": 7.100411891937256, "gpu_time_budget": null, "module": "model.layers.25.mlp.down_proj", "step": 4480}
{"stage": "sequential-round-coordinate", "pid": 113530, "time": 1789711409.147848, "cuda_visible_devices": "2", "allocated_gib": 5.225467205047607, "reserved_gib": 8.228515625, "peak_allocated_gib": 7.100411891937256, "gpu_time_budget": null, "module": "model.layers.25.mlp.down_proj", "step": 4608}
{"stage": "sequential-round-coordinate", "pid": 113530, "time": 1789711410.0365038, "cuda_visible_devices": "2", "allocated_gib": 5.225467205047607, "reserved_gib": 8.228515625, "peak_allocated_gib": 7.100411891937256, "gpu_time_budget": null, "module": "model.layers.25.mlp.down_proj", "step": 4736}
{"stage": "sequential-round-coordinate", "pid": 113530, "time": 1789711410.9253917, "cuda_visible_devices": "2", "allocated_gib": 5.225467205047607, "reserved_gib": 8.228515625, "peak_allocated_gib": 7.100411891937256, "gpu_time_budget": null, "module": "model.layers.25.mlp.down_proj", "step": 4864}
{"stage": "sequential-round-coordinate", "pid": 113530, "time": 1789711411.8186939, "cuda_visible_devices": "2", "allocated_gib": 5.225467205047607, "reserved_gib": 8.228515625, "peak_allocated_gib": 7.100411891937256, "gpu_time_budget": null, "module": "model.layers.25.mlp.down_proj", "step": 4992}
{"stage": "sequential-round-coordinate", "pid": 113530, "time": 1789711412.7078817, "cuda_visible_devices": "2", "allocated_gib": 5.225467205047607, "reserved_gib": 8.228515625, "peak_allocated_gib": 7.100411891937256, "gpu_time_budget": null, "module": "model.layers.25.mlp.down_proj", "step": 5120}
{"stage": "sequential-round-coordinate", "pid": 113530, "time": 1789711413.6013968, "cuda_visible_devices": "2", "allocated_gib": 5.225467205047607, "reserved_gib": 8.228515625, "peak_allocated_gib": 7.100411891937256, "gpu_time_budget": null, "module": "model.layers.25.mlp.down_proj", "step": 5248}
{"stage": "sequential-round-coordinate", "pid": 113530, "time": 1789711414.4916646, "cuda_visible_devices": "2", "allocated_gib": 5.225467205047607, "reserved_gib": 8.228515625, "peak_allocated_gib": 7.100411891937256, "gpu_time_budget": null, "module": "model.layers.25.mlp.down_proj", "step": 5376}
{"stage": "sequential-round-coordinate", "pid": 113530, "time": 1789711415.381481, "cuda_visible_devices": "2", "allocated_gib": 5.225467205047607, "reserved_gib": 8.228515625, "peak_allocated_gib": 7.100411891937256, "gpu_time_budget": null, "module": "model.layers.25.mlp.down_proj", "step": 5504}
{"stage": "sequential-round-coordinate", "pid": 113530, "time": 1789711416.2692509, "cuda_visible_devices": "2", "allocated_gib": 5.225467205047607, "reserved_gib": 8.228515625, "peak_allocated_gib": 7.100411891937256, "gpu_time_budget": null, "module": "model.layers.25.mlp.down_proj", "step": 5632}
{"stage": "sequential-round-coordinate", "pid": 113530, "time": 1789711417.155198, "cuda_visible_devices": "2", "allocated_gib": 5.225467205047607, "reserved_gib": 8.228515625, "peak_allocated_gib": 7.100411891937256, "gpu_time_budget": null, "module": "model.layers.25.mlp.down_proj", "step": 5760}
{"stage": "sequential-round-coordinate", "pid": 113530, "time": 1789711418.0489492, "cuda_visible_devices": "2", "allocated_gib": 5.225467205047607, "reserved_gib": 8.228515625, "peak_allocated_gib": 7.100411891937256, "gpu_time_budget": null, "module": "model.layers.25.mlp.down_proj", "step": 5888}
{"stage": "sequential-round-coordinate", "pid": 113530, "time": 1789711418.939252, "cuda_visible_devices": "2", "allocated_gib": 5.225467205047607, "reserved_gib": 8.228515625, "peak_allocated_gib": 7.100411891937256, "gpu_time_budget": null, "module": "model.layers.25.mlp.down_proj", "step": 6016}
{"stage": "sequential-round-coordinate", "pid": 113530, "time": 1789711419.8275285, "cuda_visible_devices": "2", "allocated_gib": 5.225467205047607, "reserved_gib": 8.228515625, "peak_allocated_gib": 7.100411891937256, "gpu_time_budget": null, "module": "model.layers.25.mlp.down_proj", "step": 6144}
{"stage": "sequential-round-coordinate", "pid": 113530, "time": 1789711420.716176, "cuda_visible_devices": "2", "allocated_gib": 5.225467205047607, "reserved_gib": 8.228515625, "peak_allocated_gib": 7.100411891937256, "gpu_time_budget": null, "module": "model.layers.25.mlp.down_proj", "step": 6272}
{"stage": "sequential-round-coordinate", "pid": 113530, "time": 1789711421.6069345, "cuda_visible_devices": "2", "allocated_gib": 5.225467205047607, "reserved_gib": 8.228515625, "peak_allocated_gib": 7.100411891937256, "gpu_time_budget": null, "module": "model.layers.25.mlp.down_proj", "step": 6400}
{"stage": "sequential-round-coordinate", "pid": 113530, "time": 1789711422.497797, "cuda_visible_devices": "2", "allocated_gib": 5.225467205047607, "reserved_gib": 8.228515625, "peak_allocated_gib": 7.100411891937256, "gpu_time_budget": null, "module": "model.layers.25.mlp.down_proj", "step": 6528}
{"stage": "sequential-round-coordinate", "pid": 113530, "time": 1789711423.3860018, "cuda_visible_devices": "2", "allocated_gib": 5.225467205047607, "reserved_gib": 8.228515625, "peak_allocated_gib": 7.100411891937256, "gpu_time_budget": null, "module": "model.layers.25.mlp.down_proj", "step": 6656}
{"stage": "sequential-round-coordinate", "pid": 113530, "time": 1789711424.2752578, "cuda_visible_devices": "2", "allocated_gib": 5.225467205047607, "reserved_gib": 8.228515625, "peak_allocated_gib": 7.100411891937256, "gpu_time_budget": null, "module": "model.layers.25.mlp.down_proj", "step": 6784}
{"stage": "sequential-round-coordinate", "pid": 113530, "time": 1789711425.160845, "cuda_visible_devices": "2", "allocated_gib": 5.225467205047607, "reserved_gib": 8.228515625, "peak_allocated_gib": 7.100411891937256, "gpu_time_budget": null, "module": "model.layers.25.mlp.down_proj", "step": 6912}
{"stage": "sequential-round-coordinate", "pid": 113530, "time": 1789711426.0392518, "cuda_visible_devices": "2", "allocated_gib": 5.225467205047607, "reserved_gib": 8.228515625, "peak_allocated_gib": 7.100411891937256, "gpu_time_budget": null, "module": "model.layers.25.mlp.down_proj", "step": 7040}
{"stage": "sequential-round-coordinate", "pid": 113530, "time": 1789711426.9355397, "cuda_visible_devices": "2", "allocated_gib": 5.225467205047607, "reserved_gib": 8.228515625, "peak_allocated_gib": 7.100411891937256, "gpu_time_budget": null, "module": "model.layers.25.mlp.down_proj", "step": 7168}
{"stage": "sequential-round-coordinate", "pid": 113530, "time": 1789711427.8236725, "cuda_visible_devices": "2", "allocated_gib": 5.225467205047607, "reserved_gib": 8.228515625, "peak_allocated_gib": 7.100411891937256, "gpu_time_budget": null, "module": "model.layers.25.mlp.down_proj", "step": 7296}
{"stage": "sequential-round-coordinate", "pid": 113530, "time": 1789711428.7167494, "cuda_visible_devices": "2", "allocated_gib": 5.225467205047607, "reserved_gib": 8.228515625, "peak_allocated_gib": 7.100411891937256, "gpu_time_budget": null, "module": "model.layers.25.mlp.down_proj", "step": 7424}
{"stage": "sequential-round-coordinate", "pid": 113530, "time": 1789711429.612495, "cuda_visible_devices": "2", "allocated_gib": 5.225467205047607, "reserved_gib": 8.228515625, "peak_allocated_gib": 7.100411891937256, "gpu_time_budget": null, "module": "model.layers.25.mlp.down_proj", "step": 7552}
{"stage": "sequential-round-coordinate", "pid": 113530, "time": 1789711430.510893, "cuda_visible_devices": "2", "allocated_gib": 5.225467205047607, "reserved_gib": 8.228515625, "peak_allocated_gib": 7.100411891937256, "gpu_time_budget": null, "module": "model.layers.25.mlp.down_proj", "step": 7680}
{"stage": "sequential-round-coordinate", "pid": 113530, "time": 1789711431.3996267, "cuda_visible_devices": "2", "allocated_gib": 5.225467205047607, "reserved_gib": 8.228515625, "peak_allocated_gib": 7.100411891937256, "gpu_time_budget": null, "module": "model.layers.25.mlp.down_proj", "step": 7808}
{"stage": "sequential-round-coordinate", "pid": 113530, "time": 1789711432.295286, "cuda_visible_devices": "2", "allocated_gib": 5.225467205047607, "reserved_gib": 8.228515625, "peak_allocated_gib": 7.100411891937256, "gpu_time_budget": null, "module": "model.layers.25.mlp.down_proj", "step": 7936}
{"stage": "sequential-round-coordinate", "pid": 113530, "time": 1789711433.1844134, "cuda_visible_devices": "2", "allocated_gib": 5.225467205047607, "reserved_gib": 8.228515625, "peak_allocated_gib": 7.100411891937256, "gpu_time_budget": null, "module": "model.layers.25.mlp.down_proj", "step": 8064}
{"stage": "sequential-round-coordinate", "pid": 113530, "time": 1789711434.1563053, "cuda_visible_devices": "2", "allocated_gib": 5.225467205047607, "reserved_gib": 8.228515625, "peak_allocated_gib": 7.100411891937256, "gpu_time_budget": null, "module": "model.layers.25.mlp.down_proj", "step": 8192}
{"stage": "sequential-round-train-nll", "pid": 113530, "time": 1789711434.2037983, "cuda_visible_devices": "2", "allocated_gib": 3.7957167625427246, "reserved_gib": 3.80078125, "peak_allocated_gib": 7.100411891937256, "gpu_time_budget": null, "module": "model.layers.25.mlp.down_proj", "step": 512}
Evaluation segment 1/1: start=0, windows=8, seqlen=2048
{"stage": "sequential-round-train-nll", "pid": 113530, "time": 1789711439.2809358, "cuda_visible_devices": "2", "allocated_gib": 3.7957167625427246, "reserved_gib": 5.978515625, "peak_allocated_gib": 7.100411891937256, "gpu_time_budget": null, "module": "model.layers.25.mlp.down_proj", "step": 2048}
Evaluation segment 1/1: start=0, windows=8, seqlen=2048
{"stage": "sequential-round-train-nll", "pid": 113530, "time": 1789711444.3465726, "cuda_visible_devices": "2", "allocated_gib": 3.7957167625427246, "reserved_gib": 5.978515625, "peak_allocated_gib": 7.100411891937256, "gpu_time_budget": null, "module": "model.layers.25.mlp.down_proj", "step": 8192}
Evaluation segment 1/1: start=0, windows=8, seqlen=2048
{"stage": "sequential-module-completed", "pid": 113530, "time": 1789711449.5754507, "cuda_visible_devices": "2", "allocated_gib": 3.7957167625427246, "reserved_gib": 5.978515625, "peak_allocated_gib": 7.100411891937256, "gpu_time_budget": null, "module": "model.layers.25.mlp.down_proj", "completed": 26, "total": 28, "selected_train_nll": 2.608141962339313, "elapsed_seconds": 1800.0050558689982}
{"stage": "sequential-round-fit", "pid": 113530, "time": 1789711457.7150145, "cuda_visible_devices": "2", "allocated_gib": 3.7957167625427246, "reserved_gib": 5.978515625, "peak_allocated_gib": 7.100411891937256, "gpu_time_budget": null, "module": "model.layers.26.mlp.down_proj", "fit_rows": 49152, "heldout_rows": 16384}
{"stage": "sequential-round-coordinate", "pid": 113530, "time": 1789711458.5877702, "cuda_visible_devices": "2", "allocated_gib": 5.225467205047607, "reserved_gib": 8.228515625, "peak_allocated_gib": 7.100411891937256, "gpu_time_budget": null, "module": "model.layers.26.mlp.down_proj", "step": 128}
{"stage": "sequential-round-coordinate", "pid": 113530, "time": 1789711459.1504333, "cuda_visible_devices": "2", "allocated_gib": 5.225467205047607, "reserved_gib": 8.228515625, "peak_allocated_gib": 7.100411891937256, "gpu_time_budget": null, "module": "model.layers.26.mlp.down_proj", "step": 256}
{"stage": "sequential-round-coordinate", "pid": 113530, "time": 1789711459.7169206, "cuda_visible_devices": "2", "allocated_gib": 5.225467205047607, "reserved_gib": 8.228515625, "peak_allocated_gib": 7.100411891937256, "gpu_time_budget": null, "module": "model.layers.26.mlp.down_proj", "step": 384}
{"stage": "sequential-round-coordinate", "pid": 113530, "time": 1789711460.330147, "cuda_visible_devices": "2", "allocated_gib": 5.225467205047607, "reserved_gib": 8.228515625, "peak_allocated_gib": 7.100411891937256, "gpu_time_budget": null, "module": "model.layers.26.mlp.down_proj", "step": 512}
{"stage": "sequential-round-coordinate", "pid": 113530, "time": 1789711460.9275377, "cuda_visible_devices": "2", "allocated_gib": 5.225467205047607, "reserved_gib": 8.228515625, "peak_allocated_gib": 7.100411891937256, "gpu_time_budget": null, "module": "model.layers.26.mlp.down_proj", "step": 640}
{"stage": "sequential-round-coordinate", "pid": 113530, "time": 1789711461.4856014, "cuda_visible_devices": "2", "allocated_gib": 5.225467205047607, "reserved_gib": 8.228515625, "peak_allocated_gib": 7.100411891937256, "gpu_time_budget": null, "module": "model.layers.26.mlp.down_proj", "step": 768}
{"stage": "sequential-round-coordinate", "pid": 113530, "time": 1789711462.0430608, "cuda_visible_devices": "2", "allocated_gib": 5.225467205047607, "reserved_gib": 8.228515625, "peak_allocated_gib": 7.100411891937256, "gpu_time_budget": null, "module": "model.layers.26.mlp.down_proj", "step": 896}
{"stage": "sequential-round-coordinate", "pid": 113530, "time": 1789711462.6000106, "cuda_visible_devices": "2", "allocated_gib": 5.225467205047607, "reserved_gib": 8.228515625, "peak_allocated_gib": 7.100411891937256, "gpu_time_budget": null, "module": "model.layers.26.mlp.down_proj", "step": 1024}
{"stage": "sequential-round-coordinate", "pid": 113530, "time": 1789711463.1569858, "cuda_visible_devices": "2", "allocated_gib": 5.225467205047607, "reserved_gib": 8.228515625, "peak_allocated_gib": 7.100411891937256, "gpu_time_budget": null, "module": "model.layers.26.mlp.down_proj", "step": 1152}
{"stage": "sequential-round-coordinate", "pid": 113530, "time": 1789711463.7130532, "cuda_visible_devices": "2", "allocated_gib": 5.225467205047607, "reserved_gib": 8.228515625, "peak_allocated_gib": 7.100411891937256, "gpu_time_budget": null, "module": "model.layers.26.mlp.down_proj", "step": 1280}
{"stage": "sequential-round-coordinate", "pid": 113530, "time": 1789711464.2754583, "cuda_visible_devices": "2", "allocated_gib": 5.225467205047607, "reserved_gib": 8.228515625, "peak_allocated_gib": 7.100411891937256, "gpu_time_budget": null, "module": "model.layers.26.mlp.down_proj", "step": 1408}
{"stage": "sequential-round-coordinate", "pid": 113530, "time": 1789711464.8333914, "cuda_visible_devices": "2", "allocated_gib": 5.225467205047607, "reserved_gib": 8.228515625, "peak_allocated_gib": 7.100411891937256, "gpu_time_budget": null, "module": "model.layers.26.mlp.down_proj", "step": 1536}
{"stage": "sequential-round-coordinate", "pid": 113530, "time": 1789711465.3920236, "cuda_visible_devices": "2", "allocated_gib": 5.225467205047607, "reserved_gib": 8.228515625, "peak_allocated_gib": 7.100411891937256, "gpu_time_budget": null, "module": "model.layers.26.mlp.down_proj", "step": 1664}
{"stage": "sequential-round-coordinate", "pid": 113530, "time": 1789711465.9478648, "cuda_visible_devices": "2", "allocated_gib": 5.225467205047607, "reserved_gib": 8.228515625, "peak_allocated_gib": 7.100411891937256, "gpu_time_budget": null, "module": "model.layers.26.mlp.down_proj", "step": 1792}
{"stage": "sequential-round-coordinate", "pid": 113530, "time": 1789711466.510228, "cuda_visible_devices": "2", "allocated_gib": 5.225467205047607, "reserved_gib": 8.228515625, "peak_allocated_gib": 7.100411891937256, "gpu_time_budget": null, "module": "model.layers.26.mlp.down_proj", "step": 1920}
{"stage": "sequential-round-coordinate", "pid": 113530, "time": 1789711467.1243932, "cuda_visible_devices": "2", "allocated_gib": 5.225467205047607, "reserved_gib": 8.228515625, "peak_allocated_gib": 7.100411891937256, "gpu_time_budget": null, "module": "model.layers.26.mlp.down_proj", "step": 2048}
{"stage": "sequential-round-coordinate", "pid": 113530, "time": 1789711467.6804101, "cuda_visible_devices": "2", "allocated_gib": 5.225467205047607, "reserved_gib": 8.228515625, "peak_allocated_gib": 7.100411891937256, "gpu_time_budget": null, "module": "model.layers.26.mlp.down_proj", "step": 2176}
{"stage": "sequential-round-coordinate", "pid": 113530, "time": 1789711468.2374609, "cuda_visible_devices": "2", "allocated_gib": 5.225467205047607, "reserved_gib": 8.228515625, "peak_allocated_gib": 7.100411891937256, "gpu_time_budget": null, "module": "model.layers.26.mlp.down_proj", "step": 2304}
{"stage": "sequential-round-coordinate", "pid": 113530, "time": 1789711468.7974463, "cuda_visible_devices": "2", "allocated_gib": 5.225467205047607, "reserved_gib": 8.228515625, "peak_allocated_gib": 7.100411891937256, "gpu_time_budget": null, "module": "model.layers.26.mlp.down_proj", "step": 2432}
{"stage": "sequential-round-coordinate", "pid": 113530, "time": 1789711469.3699453, "cuda_visible_devices": "2", "allocated_gib": 5.225467205047607, "reserved_gib": 8.228515625, "peak_allocated_gib": 7.100411891937256, "gpu_time_budget": null, "module": "model.layers.26.mlp.down_proj", "step": 2560}
{"stage": "sequential-round-coordinate", "pid": 113530, "time": 1789711469.954752, "cuda_visible_devices": "2", "allocated_gib": 5.225467205047607, "reserved_gib": 8.228515625, "peak_allocated_gib": 7.100411891937256, "gpu_time_budget": null, "module": "model.layers.26.mlp.down_proj", "step": 2688}
{"stage": "sequential-round-coordinate", "pid": 113530, "time": 1789711470.6907144, "cuda_visible_devices": "2", "allocated_gib": 5.225467205047607, "reserved_gib": 8.228515625, "peak_allocated_gib": 7.100411891937256, "gpu_time_budget": null, "module": "model.layers.26.mlp.down_proj", "step": 2816}
{"stage": "sequential-round-coordinate", "pid": 113530, "time": 1789711471.5826247, "cuda_visible_devices": "2", "allocated_gib": 5.225467205047607, "reserved_gib": 8.228515625, "peak_allocated_gib": 7.100411891937256, "gpu_time_budget": null, "module": "model.layers.26.mlp.down_proj", "step": 2944}
{"stage": "sequential-round-coordinate", "pid": 113530, "time": 1789711472.48174, "cuda_visible_devices": "2", "allocated_gib": 5.225467205047607, "reserved_gib": 8.228515625, "peak_allocated_gib": 7.100411891937256, "gpu_time_budget": null, "module": "model.layers.26.mlp.down_proj", "step": 3072}
{"stage": "sequential-round-coordinate", "pid": 113530, "time": 1789711473.3583937, "cuda_visible_devices": "2", "allocated_gib": 5.225467205047607, "reserved_gib": 8.228515625, "peak_allocated_gib": 7.100411891937256, "gpu_time_budget": null, "module": "model.layers.26.mlp.down_proj", "step": 3200}
{"stage": "sequential-round-coordinate", "pid": 113530, "time": 1789711474.2568548, "cuda_visible_devices": "2", "allocated_gib": 5.225467205047607, "reserved_gib": 8.228515625, "peak_allocated_gib": 7.100411891937256, "gpu_time_budget": null, "module": "model.layers.26.mlp.down_proj", "step": 3328}
{"stage": "sequential-round-coordinate", "pid": 113530, "time": 1789711475.1378977, "cuda_visible_devices": "2", "allocated_gib": 5.225467205047607, "reserved_gib": 8.228515625, "peak_allocated_gib": 7.100411891937256, "gpu_time_budget": null, "module": "model.layers.26.mlp.down_proj", "step": 3456}
{"stage": "sequential-round-coordinate", "pid": 113530, "time": 1789711476.0275366, "cuda_visible_devices": "2", "allocated_gib": 5.225467205047607, "reserved_gib": 8.228515625, "peak_allocated_gib": 7.100411891937256, "gpu_time_budget": null, "module": "model.layers.26.mlp.down_proj", "step": 3584}
{"stage": "sequential-round-coordinate", "pid": 113530, "time": 1789711476.9154143, "cuda_visible_devices": "2", "allocated_gib": 5.225467205047607, "reserved_gib": 8.228515625, "peak_allocated_gib": 7.100411891937256, "gpu_time_budget": null, "module": "model.layers.26.mlp.down_proj", "step": 3712}
{"stage": "sequential-round-coordinate", "pid": 113530, "time": 1789711477.8113785, "cuda_visible_devices": "2", "allocated_gib": 5.225467205047607, "reserved_gib": 8.228515625, "peak_allocated_gib": 7.100411891937256, "gpu_time_budget": null, "module": "model.layers.26.mlp.down_proj", "step": 3840}
{"stage": "sequential-round-coordinate", "pid": 113530, "time": 1789711478.6789086, "cuda_visible_devices": "2", "allocated_gib": 5.225467205047607, "reserved_gib": 8.228515625, "peak_allocated_gib": 7.100411891937256, "gpu_time_budget": null, "module": "model.layers.26.mlp.down_proj", "step": 3968}
{"stage": "sequential-round-coordinate", "pid": 113530, "time": 1789711479.5529003, "cuda_visible_devices": "2", "allocated_gib": 5.225467205047607, "reserved_gib": 8.228515625, "peak_allocated_gib": 7.100411891937256, "gpu_time_budget": null, "module": "model.layers.26.mlp.down_proj", "step": 4096}
{"stage": "sequential-round-coordinate", "pid": 113530, "time": 1789711480.4214382, "cuda_visible_devices": "2", "allocated_gib": 5.225467205047607, "reserved_gib": 8.228515625, "peak_allocated_gib": 7.100411891937256, "gpu_time_budget": null, "module": "model.layers.26.mlp.down_proj", "step": 4224}
{"stage": "sequential-round-coordinate", "pid": 113530, "time": 1789711481.291943, "cuda_visible_devices": "2", "allocated_gib": 5.225467205047607, "reserved_gib": 8.228515625, "peak_allocated_gib": 7.100411891937256, "gpu_time_budget": null, "module": "model.layers.26.mlp.down_proj", "step": 4352}
{"stage": "sequential-round-coordinate", "pid": 113530, "time": 1789711482.1573164, "cuda_visible_devices": "2", "allocated_gib": 5.225467205047607, "reserved_gib": 8.228515625, "peak_allocated_gib": 7.100411891937256, "gpu_time_budget": null, "module": "model.layers.26.mlp.down_proj", "step": 4480}
{"stage": "sequential-round-coordinate", "pid": 113530, "time": 1789711483.0584924, "cuda_visible_devices": "2", "allocated_gib": 5.225467205047607, "reserved_gib": 8.228515625, "peak_allocated_gib": 7.100411891937256, "gpu_time_budget": null, "module": "model.layers.26.mlp.down_proj", "step": 4608}
{"stage": "sequential-round-coordinate", "pid": 113530, "time": 1789711483.9450529, "cuda_visible_devices": "2", "allocated_gib": 5.225467205047607, "reserved_gib": 8.228515625, "peak_allocated_gib": 7.100411891937256, "gpu_time_budget": null, "module": "model.layers.26.mlp.down_proj", "step": 4736}
{"stage": "sequential-round-coordinate", "pid": 113530, "time": 1789711484.8376007, "cuda_visible_devices": "2", "allocated_gib": 5.225467205047607, "reserved_gib": 8.228515625, "peak_allocated_gib": 7.100411891937256, "gpu_time_budget": null, "module": "model.layers.26.mlp.down_proj", "step": 4864}
{"stage": "sequential-round-coordinate", "pid": 113530, "time": 1789711485.7466016, "cuda_visible_devices": "2", "allocated_gib": 5.225467205047607, "reserved_gib": 8.228515625, "peak_allocated_gib": 7.100411891937256, "gpu_time_budget": null, "module": "model.layers.26.mlp.down_proj", "step": 4992}
{"stage": "sequential-round-coordinate", "pid": 113530, "time": 1789711486.6313431, "cuda_visible_devices": "2", "allocated_gib": 5.225467205047607, "reserved_gib": 8.228515625, "peak_allocated_gib": 7.100411891937256, "gpu_time_budget": null, "module": "model.layers.26.mlp.down_proj", "step": 5120}
{"stage": "sequential-round-coordinate", "pid": 113530, "time": 1789711487.5179236, "cuda_visible_devices": "2", "allocated_gib": 5.225467205047607, "reserved_gib": 8.228515625, "peak_allocated_gib": 7.100411891937256, "gpu_time_budget": null, "module": "model.layers.26.mlp.down_proj", "step": 5248}
{"stage": "sequential-round-coordinate", "pid": 113530, "time": 1789711488.4059007, "cuda_visible_devices": "2", "allocated_gib": 5.225467205047607, "reserved_gib": 8.228515625, "peak_allocated_gib": 7.100411891937256, "gpu_time_budget": null, "module": "model.layers.26.mlp.down_proj", "step": 5376}
{"stage": "sequential-round-coordinate", "pid": 113530, "time": 1789711489.2958682, "cuda_visible_devices": "2", "allocated_gib": 5.225467205047607, "reserved_gib": 8.228515625, "peak_allocated_gib": 7.100411891937256, "gpu_time_budget": null, "module": "model.layers.26.mlp.down_proj", "step": 5504}
{"stage": "sequential-round-coordinate", "pid": 113530, "time": 1789711490.18718, "cuda_visible_devices": "2", "allocated_gib": 5.225467205047607, "reserved_gib": 8.228515625, "peak_allocated_gib": 7.100411891937256, "gpu_time_budget": null, "module": "model.layers.26.mlp.down_proj", "step": 5632}
{"stage": "sequential-round-coordinate", "pid": 113530, "time": 1789711491.0809455, "cuda_visible_devices": "2", "allocated_gib": 5.225467205047607, "reserved_gib": 8.228515625, "peak_allocated_gib": 7.100411891937256, "gpu_time_budget": null, "module": "model.layers.26.mlp.down_proj", "step": 5760}
{"stage": "sequential-round-coordinate", "pid": 113530, "time": 1789711491.9683166, "cuda_visible_devices": "2", "allocated_gib": 5.225467205047607, "reserved_gib": 8.228515625, "peak_allocated_gib": 7.100411891937256, "gpu_time_budget": null, "module": "model.layers.26.mlp.down_proj", "step": 5888}
{"stage": "sequential-round-coordinate", "pid": 113530, "time": 1789711492.8497922, "cuda_visible_devices": "2", "allocated_gib": 5.225467205047607, "reserved_gib": 8.228515625, "peak_allocated_gib": 7.100411891937256, "gpu_time_budget": null, "module": "model.layers.26.mlp.down_proj", "step": 6016}
{"stage": "sequential-round-coordinate", "pid": 113530, "time": 1789711493.7418392, "cuda_visible_devices": "2", "allocated_gib": 5.225467205047607, "reserved_gib": 8.228515625, "peak_allocated_gib": 7.100411891937256, "gpu_time_budget": null, "module": "model.layers.26.mlp.down_proj", "step": 6144}
{"stage": "sequential-round-coordinate", "pid": 113530, "time": 1789711494.6304636, "cuda_visible_devices": "2", "allocated_gib": 5.225467205047607, "reserved_gib": 8.228515625, "peak_allocated_gib": 7.100411891937256, "gpu_time_budget": null, "module": "model.layers.26.mlp.down_proj", "step": 6272}
{"stage": "sequential-round-coordinate", "pid": 113530, "time": 1789711495.5186608, "cuda_visible_devices": "2", "allocated_gib": 5.225467205047607, "reserved_gib": 8.228515625, "peak_allocated_gib": 7.100411891937256, "gpu_time_budget": null, "module": "model.layers.26.mlp.down_proj", "step": 6400}
{"stage": "sequential-round-coordinate", "pid": 113530, "time": 1789711496.4075115, "cuda_visible_devices": "2", "allocated_gib": 5.225467205047607, "reserved_gib": 8.228515625, "peak_allocated_gib": 7.100411891937256, "gpu_time_budget": null, "module": "model.layers.26.mlp.down_proj", "step": 6528}
{"stage": "sequential-round-coordinate", "pid": 113530, "time": 1789711497.2996106, "cuda_visible_devices": "2", "allocated_gib": 5.225467205047607, "reserved_gib": 8.228515625, "peak_allocated_gib": 7.100411891937256, "gpu_time_budget": null, "module": "model.layers.26.mlp.down_proj", "step": 6656}
{"stage": "sequential-round-coordinate", "pid": 113530, "time": 1789711498.1857073, "cuda_visible_devices": "2", "allocated_gib": 5.225467205047607, "reserved_gib": 8.228515625, "peak_allocated_gib": 7.100411891937256, "gpu_time_budget": null, "module": "model.layers.26.mlp.down_proj", "step": 6784}
{"stage": "sequential-round-coordinate", "pid": 113530, "time": 1789711499.0744185, "cuda_visible_devices": "2", "allocated_gib": 5.225467205047607, "reserved_gib": 8.228515625, "peak_allocated_gib": 7.100411891937256, "gpu_time_budget": null, "module": "model.layers.26.mlp.down_proj", "step": 6912}
{"stage": "sequential-round-coordinate", "pid": 113530, "time": 1789711499.9636202, "cuda_visible_devices": "2", "allocated_gib": 5.225467205047607, "reserved_gib": 8.228515625, "peak_allocated_gib": 7.100411891937256, "gpu_time_budget": null, "module": "model.layers.26.mlp.down_proj", "step": 7040}
{"stage": "sequential-round-coordinate", "pid": 113530, "time": 1789711500.8519597, "cuda_visible_devices": "2", "allocated_gib": 5.225467205047607, "reserved_gib": 8.228515625, "peak_allocated_gib": 7.100411891937256, "gpu_time_budget": null, "module": "model.layers.26.mlp.down_proj", "step": 7168}
{"stage": "sequential-round-coordinate", "pid": 113530, "time": 1789711501.7397773, "cuda_visible_devices": "2", "allocated_gib": 5.225467205047607, "reserved_gib": 8.228515625, "peak_allocated_gib": 7.100411891937256, "gpu_time_budget": null, "module": "model.layers.26.mlp.down_proj", "step": 7296}
{"stage": "sequential-round-coordinate", "pid": 113530, "time": 1789711502.6281924, "cuda_visible_devices": "2", "allocated_gib": 5.225467205047607, "reserved_gib": 8.228515625, "peak_allocated_gib": 7.100411891937256, "gpu_time_budget": null, "module": "model.layers.26.mlp.down_proj", "step": 7424}
{"stage": "sequential-round-coordinate", "pid": 113530, "time": 1789711503.5121899, "cuda_visible_devices": "2", "allocated_gib": 5.225467205047607, "reserved_gib": 8.228515625, "peak_allocated_gib": 7.100411891937256, "gpu_time_budget": null, "module": "model.layers.26.mlp.down_proj", "step": 7552}
{"stage": "sequential-round-coordinate", "pid": 113530, "time": 1789711504.4009285, "cuda_visible_devices": "2", "allocated_gib": 5.225467205047607, "reserved_gib": 8.228515625, "peak_allocated_gib": 7.100411891937256, "gpu_time_budget": null, "module": "model.layers.26.mlp.down_proj", "step": 7680}
{"stage": "sequential-round-coordinate", "pid": 113530, "time": 1789711505.284694, "cuda_visible_devices": "2", "allocated_gib": 5.225467205047607, "reserved_gib": 8.228515625, "peak_allocated_gib": 7.100411891937256, "gpu_time_budget": null, "module": "model.layers.26.mlp.down_proj", "step": 7808}
{"stage": "sequential-round-coordinate", "pid": 113530, "time": 1789711506.1732447, "cuda_visible_devices": "2", "allocated_gib": 5.225467205047607, "reserved_gib": 8.228515625, "peak_allocated_gib": 7.100411891937256, "gpu_time_budget": null, "module": "model.layers.26.mlp.down_proj", "step": 7936}
{"stage": "sequential-round-coordinate", "pid": 113530, "time": 1789711507.0600297, "cuda_visible_devices": "2", "allocated_gib": 5.225467205047607, "reserved_gib": 8.228515625, "peak_allocated_gib": 7.100411891937256, "gpu_time_budget": null, "module": "model.layers.26.mlp.down_proj", "step": 8064}
{"stage": "sequential-round-coordinate", "pid": 113530, "time": 1789711508.0328815, "cuda_visible_devices": "2", "allocated_gib": 5.225467205047607, "reserved_gib": 8.228515625, "peak_allocated_gib": 7.100411891937256, "gpu_time_budget": null, "module": "model.layers.26.mlp.down_proj", "step": 8192}
{"stage": "sequential-round-train-nll", "pid": 113530, "time": 1789711508.0836096, "cuda_visible_devices": "2", "allocated_gib": 3.7957167625427246, "reserved_gib": 3.80078125, "peak_allocated_gib": 7.100411891937256, "gpu_time_budget": null, "module": "model.layers.26.mlp.down_proj", "step": 512}
Evaluation segment 1/1: start=0, windows=8, seqlen=2048
{"stage": "sequential-module-completed", "pid": 113530, "time": 1789711513.1931677, "cuda_visible_devices": "2", "allocated_gib": 3.7957167625427246, "reserved_gib": 5.978515625, "peak_allocated_gib": 7.100411891937256, "gpu_time_budget": null, "module": "model.layers.26.mlp.down_proj", "completed": 27, "total": 28, "selected_train_nll": 2.608141962339313, "elapsed_seconds": 1863.6228046669858}
{"stage": "sequential-round-fit", "pid": 113530, "time": 1789711524.05791, "cuda_visible_devices": "2", "allocated_gib": 3.7957167625427246, "reserved_gib": 5.978515625, "peak_allocated_gib": 7.100411891937256, "gpu_time_budget": null, "module": "model.layers.27.mlp.down_proj", "fit_rows": 49152, "heldout_rows": 16384}
{"stage": "sequential-round-coordinate", "pid": 113530, "time": 1789711525.0227702, "cuda_visible_devices": "2", "allocated_gib": 5.225467205047607, "reserved_gib": 8.228515625, "peak_allocated_gib": 7.100411891937256, "gpu_time_budget": null, "module": "model.layers.27.mlp.down_proj", "step": 128}
{"stage": "sequential-round-coordinate", "pid": 113530, "time": 1789711525.6003423, "cuda_visible_devices": "2", "allocated_gib": 5.225467205047607, "reserved_gib": 8.228515625, "peak_allocated_gib": 7.100411891937256, "gpu_time_budget": null, "module": "model.layers.27.mlp.down_proj", "step": 256}
{"stage": "sequential-round-coordinate", "pid": 113530, "time": 1789711526.261512, "cuda_visible_devices": "2", "allocated_gib": 5.225467205047607, "reserved_gib": 8.228515625, "peak_allocated_gib": 7.100411891937256, "gpu_time_budget": null, "module": "model.layers.27.mlp.down_proj", "step": 384}
{"stage": "sequential-round-coordinate", "pid": 113530, "time": 1789711527.010685, "cuda_visible_devices": "2", "allocated_gib": 5.225467205047607, "reserved_gib": 8.228515625, "peak_allocated_gib": 7.100411891937256, "gpu_time_budget": null, "module": "model.layers.27.mlp.down_proj", "step": 512}
{"stage": "sequential-round-coordinate", "pid": 113530, "time": 1789711527.6709843, "cuda_visible_devices": "2", "allocated_gib": 5.225467205047607, "reserved_gib": 8.228515625, "peak_allocated_gib": 7.100411891937256, "gpu_time_budget": null, "module": "model.layers.27.mlp.down_proj", "step": 640}
{"stage": "sequential-round-coordinate", "pid": 113530, "time": 1789711528.3314626, "cuda_visible_devices": "2", "allocated_gib": 5.225467205047607, "reserved_gib": 8.228515625, "peak_allocated_gib": 7.100411891937256, "gpu_time_budget": null, "module": "model.layers.27.mlp.down_proj", "step": 768}
{"stage": "sequential-round-coordinate", "pid": 113530, "time": 1789711528.9942338, "cuda_visible_devices": "2", "allocated_gib": 5.225467205047607, "reserved_gib": 8.228515625, "peak_allocated_gib": 7.100411891937256, "gpu_time_budget": null, "module": "model.layers.27.mlp.down_proj", "step": 896}
{"stage": "sequential-round-coordinate", "pid": 113530, "time": 1789711529.6572368, "cuda_visible_devices": "2", "allocated_gib": 5.225467205047607, "reserved_gib": 8.228515625, "peak_allocated_gib": 7.100411891937256, "gpu_time_budget": null, "module": "model.layers.27.mlp.down_proj", "step": 1024}
{"stage": "sequential-round-coordinate", "pid": 113530, "time": 1789711530.318776, "cuda_visible_devices": "2", "allocated_gib": 5.225467205047607, "reserved_gib": 8.228515625, "peak_allocated_gib": 7.100411891937256, "gpu_time_budget": null, "module": "model.layers.27.mlp.down_proj", "step": 1152}
{"stage": "sequential-round-coordinate", "pid": 113530, "time": 1789711530.8640425, "cuda_visible_devices": "2", "allocated_gib": 5.225467205047607, "reserved_gib": 8.228515625, "peak_allocated_gib": 7.100411891937256, "gpu_time_budget": null, "module": "model.layers.27.mlp.down_proj", "step": 1280}
{"stage": "sequential-round-coordinate", "pid": 113530, "time": 1789711531.4220831, "cuda_visible_devices": "2", "allocated_gib": 5.225467205047607, "reserved_gib": 8.228515625, "peak_allocated_gib": 7.100411891937256, "gpu_time_budget": null, "module": "model.layers.27.mlp.down_proj", "step": 1408}
{"stage": "sequential-round-coordinate", "pid": 113530, "time": 1789711531.9785812, "cuda_visible_devices": "2", "allocated_gib": 5.225467205047607, "reserved_gib": 8.228515625, "peak_allocated_gib": 7.100411891937256, "gpu_time_budget": null, "module": "model.layers.27.mlp.down_proj", "step": 1536}
{"stage": "sequential-round-coordinate", "pid": 113530, "time": 1789711532.5358636, "cuda_visible_devices": "2", "allocated_gib": 5.225467205047607, "reserved_gib": 8.228515625, "peak_allocated_gib": 7.100411891937256, "gpu_time_budget": null, "module": "model.layers.27.mlp.down_proj", "step": 1664}
{"stage": "sequential-round-coordinate", "pid": 113530, "time": 1789711533.0930405, "cuda_visible_devices": "2", "allocated_gib": 5.225467205047607, "reserved_gib": 8.228515625, "peak_allocated_gib": 7.100411891937256, "gpu_time_budget": null, "module": "model.layers.27.mlp.down_proj", "step": 1792}
{"stage": "sequential-round-coordinate", "pid": 113530, "time": 1789711533.6476312, "cuda_visible_devices": "2", "allocated_gib": 5.225467205047607, "reserved_gib": 8.228515625, "peak_allocated_gib": 7.100411891937256, "gpu_time_budget": null, "module": "model.layers.27.mlp.down_proj", "step": 1920}
{"stage": "sequential-round-coordinate", "pid": 113530, "time": 1789711534.2548041, "cuda_visible_devices": "2", "allocated_gib": 5.225467205047607, "reserved_gib": 8.228515625, "peak_allocated_gib": 7.100411891937256, "gpu_time_budget": null, "module": "model.layers.27.mlp.down_proj", "step": 2048}
{"stage": "sequential-round-coordinate", "pid": 113530, "time": 1789711534.8112915, "cuda_visible_devices": "2", "allocated_gib": 5.225467205047607, "reserved_gib": 8.228515625, "peak_allocated_gib": 7.100411891937256, "gpu_time_budget": null, "module": "model.layers.27.mlp.down_proj", "step": 2176}
{"stage": "sequential-round-coordinate", "pid": 113530, "time": 1789711535.3696554, "cuda_visible_devices": "2", "allocated_gib": 5.225467205047607, "reserved_gib": 8.228515625, "peak_allocated_gib": 7.100411891937256, "gpu_time_budget": null, "module": "model.layers.27.mlp.down_proj", "step": 2304}
{"stage": "sequential-round-coordinate", "pid": 113530, "time": 1789711535.9260144, "cuda_visible_devices": "2", "allocated_gib": 5.225467205047607, "reserved_gib": 8.228515625, "peak_allocated_gib": 7.100411891937256, "gpu_time_budget": null, "module": "model.layers.27.mlp.down_proj", "step": 2432}
{"stage": "sequential-round-coordinate", "pid": 113530, "time": 1789711536.4823763, "cuda_visible_devices": "2", "allocated_gib": 5.225467205047607, "reserved_gib": 8.228515625, "peak_allocated_gib": 7.100411891937256, "gpu_time_budget": null, "module": "model.layers.27.mlp.down_proj", "step": 2560}
{"stage": "sequential-round-coordinate", "pid": 113530, "time": 1789711537.03691, "cuda_visible_devices": "2", "allocated_gib": 5.225467205047607, "reserved_gib": 8.228515625, "peak_allocated_gib": 7.100411891937256, "gpu_time_budget": null, "module": "model.layers.27.mlp.down_proj", "step": 2688}
{"stage": "sequential-round-coordinate", "pid": 113530, "time": 1789711537.5931394, "cuda_visible_devices": "2", "allocated_gib": 5.225467205047607, "reserved_gib": 8.228515625, "peak_allocated_gib": 7.100411891937256, "gpu_time_budget": null, "module": "model.layers.27.mlp.down_proj", "step": 2816}
{"stage": "sequential-round-coordinate", "pid": 113530, "time": 1789711538.1497817, "cuda_visible_devices": "2", "allocated_gib": 5.225467205047607, "reserved_gib": 8.228515625, "peak_allocated_gib": 7.100411891937256, "gpu_time_budget": null, "module": "model.layers.27.mlp.down_proj", "step": 2944}
{"stage": "sequential-round-coordinate", "pid": 113530, "time": 1789711538.7044563, "cuda_visible_devices": "2", "allocated_gib": 5.225467205047607, "reserved_gib": 8.228515625, "peak_allocated_gib": 7.100411891937256, "gpu_time_budget": null, "module": "model.layers.27.mlp.down_proj", "step": 3072}
{"stage": "sequential-round-coordinate", "pid": 113530, "time": 1789711539.2590892, "cuda_visible_devices": "2", "allocated_gib": 5.225467205047607, "reserved_gib": 8.228515625, "peak_allocated_gib": 7.100411891937256, "gpu_time_budget": null, "module": "model.layers.27.mlp.down_proj", "step": 3200}
{"stage": "sequential-round-coordinate", "pid": 113530, "time": 1789711539.8143513, "cuda_visible_devices": "2", "allocated_gib": 5.225467205047607, "reserved_gib": 8.228515625, "peak_allocated_gib": 7.100411891937256, "gpu_time_budget": null, "module": "model.layers.27.mlp.down_proj", "step": 3328}
{"stage": "sequential-round-coordinate", "pid": 113530, "time": 1789711540.3685303, "cuda_visible_devices": "2", "allocated_gib": 5.225467205047607, "reserved_gib": 8.228515625, "peak_allocated_gib": 7.100411891937256, "gpu_time_budget": null, "module": "model.layers.27.mlp.down_proj", "step": 3456}
{"stage": "sequential-round-coordinate", "pid": 113530, "time": 1789711540.925502, "cuda_visible_devices": "2", "allocated_gib": 5.225467205047607, "reserved_gib": 8.228515625, "peak_allocated_gib": 7.100411891937256, "gpu_time_budget": null, "module": "model.layers.27.mlp.down_proj", "step": 3584}
{"stage": "sequential-round-coordinate", "pid": 113530, "time": 1789711541.483058, "cuda_visible_devices": "2", "allocated_gib": 5.225467205047607, "reserved_gib": 8.228515625, "peak_allocated_gib": 7.100411891937256, "gpu_time_budget": null, "module": "model.layers.27.mlp.down_proj", "step": 3712}
{"stage": "sequential-round-coordinate", "pid": 113530, "time": 1789711542.039316, "cuda_visible_devices": "2", "allocated_gib": 5.225467205047607, "reserved_gib": 8.228515625, "peak_allocated_gib": 7.100411891937256, "gpu_time_budget": null, "module": "model.layers.27.mlp.down_proj", "step": 3840}
{"stage": "sequential-round-coordinate", "pid": 113530, "time": 1789711542.5967221, "cuda_visible_devices": "2", "allocated_gib": 5.225467205047607, "reserved_gib": 8.228515625, "peak_allocated_gib": 7.100411891937256, "gpu_time_budget": null, "module": "model.layers.27.mlp.down_proj", "step": 3968}
{"stage": "sequential-round-coordinate", "pid": 113530, "time": 1789711543.1534648, "cuda_visible_devices": "2", "allocated_gib": 5.225467205047607, "reserved_gib": 8.228515625, "peak_allocated_gib": 7.100411891937256, "gpu_time_budget": null, "module": "model.layers.27.mlp.down_proj", "step": 4096}
{"stage": "sequential-round-coordinate", "pid": 113530, "time": 1789711543.7078469, "cuda_visible_devices": "2", "allocated_gib": 5.225467205047607, "reserved_gib": 8.228515625, "peak_allocated_gib": 7.100411891937256, "gpu_time_budget": null, "module": "model.layers.27.mlp.down_proj", "step": 4224}
{"stage": "sequential-round-coordinate", "pid": 113530, "time": 1789711544.2342086, "cuda_visible_devices": "2", "allocated_gib": 5.225467205047607, "reserved_gib": 8.228515625, "peak_allocated_gib": 7.100411891937256, "gpu_time_budget": null, "module": "model.layers.27.mlp.down_proj", "step": 4352}
{"stage": "sequential-round-coordinate", "pid": 113530, "time": 1789711545.0988276, "cuda_visible_devices": "2", "allocated_gib": 5.225467205047607, "reserved_gib": 8.228515625, "peak_allocated_gib": 7.100411891937256, "gpu_time_budget": null, "module": "model.layers.27.mlp.down_proj", "step": 4480}
{"stage": "sequential-round-coordinate", "pid": 113530, "time": 1789711545.987563, "cuda_visible_devices": "2", "allocated_gib": 5.225467205047607, "reserved_gib": 8.228515625, "peak_allocated_gib": 7.100411891937256, "gpu_time_budget": null, "module": "model.layers.27.mlp.down_proj", "step": 4608}
{"stage": "sequential-round-coordinate", "pid": 113530, "time": 1789711546.8742118, "cuda_visible_devices": "2", "allocated_gib": 5.225467205047607, "reserved_gib": 8.228515625, "peak_allocated_gib": 7.100411891937256, "gpu_time_budget": null, "module": "model.layers.27.mlp.down_proj", "step": 4736}
{"stage": "sequential-round-coordinate", "pid": 113530, "time": 1789711547.7629182, "cuda_visible_devices": "2", "allocated_gib": 5.225467205047607, "reserved_gib": 8.228515625, "peak_allocated_gib": 7.100411891937256, "gpu_time_budget": null, "module": "model.layers.27.mlp.down_proj", "step": 4864}
{"stage": "sequential-round-coordinate", "pid": 113530, "time": 1789711548.6542118, "cuda_visible_devices": "2", "allocated_gib": 5.225467205047607, "reserved_gib": 8.228515625, "peak_allocated_gib": 7.100411891937256, "gpu_time_budget": null, "module": "model.layers.27.mlp.down_proj", "step": 4992}
{"stage": "sequential-round-coordinate", "pid": 113530, "time": 1789711549.5426884, "cuda_visible_devices": "2", "allocated_gib": 5.225467205047607, "reserved_gib": 8.228515625, "peak_allocated_gib": 7.100411891937256, "gpu_time_budget": null, "module": "model.layers.27.mlp.down_proj", "step": 5120}
{"stage": "sequential-round-coordinate", "pid": 113530, "time": 1789711550.4311976, "cuda_visible_devices": "2", "allocated_gib": 5.225467205047607, "reserved_gib": 8.228515625, "peak_allocated_gib": 7.100411891937256, "gpu_time_budget": null, "module": "model.layers.27.mlp.down_proj", "step": 5248}
{"stage": "sequential-round-coordinate", "pid": 113530, "time": 1789711551.3207593, "cuda_visible_devices": "2", "allocated_gib": 5.225467205047607, "reserved_gib": 8.228515625, "peak_allocated_gib": 7.100411891937256, "gpu_time_budget": null, "module": "model.layers.27.mlp.down_proj", "step": 5376}
{"stage": "sequential-round-coordinate", "pid": 113530, "time": 1789711552.2096891, "cuda_visible_devices": "2", "allocated_gib": 5.225467205047607, "reserved_gib": 8.228515625, "peak_allocated_gib": 7.100411891937256, "gpu_time_budget": null, "module": "model.layers.27.mlp.down_proj", "step": 5504}
{"stage": "sequential-round-coordinate", "pid": 113530, "time": 1789711553.0992982, "cuda_visible_devices": "2", "allocated_gib": 5.225467205047607, "reserved_gib": 8.228515625, "peak_allocated_gib": 7.100411891937256, "gpu_time_budget": null, "module": "model.layers.27.mlp.down_proj", "step": 5632}
{"stage": "sequential-round-coordinate", "pid": 113530, "time": 1789711553.987942, "cuda_visible_devices": "2", "allocated_gib": 5.225467205047607, "reserved_gib": 8.228515625, "peak_allocated_gib": 7.100411891937256, "gpu_time_budget": null, "module": "model.layers.27.mlp.down_proj", "step": 5760}
{"stage": "sequential-round-coordinate", "pid": 113530, "time": 1789711554.8794696, "cuda_visible_devices": "2", "allocated_gib": 5.225467205047607, "reserved_gib": 8.228515625, "peak_allocated_gib": 7.100411891937256, "gpu_time_budget": null, "module": "model.layers.27.mlp.down_proj", "step": 5888}
{"stage": "sequential-round-coordinate", "pid": 113530, "time": 1789711555.7692132, "cuda_visible_devices": "2", "allocated_gib": 5.225467205047607, "reserved_gib": 8.228515625, "peak_allocated_gib": 7.100411891937256, "gpu_time_budget": null, "module": "model.layers.27.mlp.down_proj", "step": 6016}
{"stage": "sequential-round-coordinate", "pid": 113530, "time": 1789711556.6582348, "cuda_visible_devices": "2", "allocated_gib": 5.225467205047607, "reserved_gib": 8.228515625, "peak_allocated_gib": 7.100411891937256, "gpu_time_budget": null, "module": "model.layers.27.mlp.down_proj", "step": 6144}
{"stage": "sequential-round-coordinate", "pid": 113530, "time": 1789711557.5478902, "cuda_visible_devices": "2", "allocated_gib": 5.225467205047607, "reserved_gib": 8.228515625, "peak_allocated_gib": 7.100411891937256, "gpu_time_budget": null, "module": "model.layers.27.mlp.down_proj", "step": 6272}
{"stage": "sequential-round-coordinate", "pid": 113530, "time": 1789711558.4375768, "cuda_visible_devices": "2", "allocated_gib": 5.225467205047607, "reserved_gib": 8.228515625, "peak_allocated_gib": 7.100411891937256, "gpu_time_budget": null, "module": "model.layers.27.mlp.down_proj", "step": 6400}
{"stage": "sequential-round-coordinate", "pid": 113530, "time": 1789711559.3314552, "cuda_visible_devices": "2", "allocated_gib": 5.225467205047607, "reserved_gib": 8.228515625, "peak_allocated_gib": 7.100411891937256, "gpu_time_budget": null, "module": "model.layers.27.mlp.down_proj", "step": 6528}
{"stage": "sequential-round-coordinate", "pid": 113530, "time": 1789711560.2203934, "cuda_visible_devices": "2", "allocated_gib": 5.225467205047607, "reserved_gib": 8.228515625, "peak_allocated_gib": 7.100411891937256, "gpu_time_budget": null, "module": "model.layers.27.mlp.down_proj", "step": 6656}
{"stage": "sequential-round-coordinate", "pid": 113530, "time": 1789711561.1102436, "cuda_visible_devices": "2", "allocated_gib": 5.225467205047607, "reserved_gib": 8.228515625, "peak_allocated_gib": 7.100411891937256, "gpu_time_budget": null, "module": "model.layers.27.mlp.down_proj", "step": 6784}
{"stage": "sequential-round-coordinate", "pid": 113530, "time": 1789711561.9992986, "cuda_visible_devices": "2", "allocated_gib": 5.225467205047607, "reserved_gib": 8.228515625, "peak_allocated_gib": 7.100411891937256, "gpu_time_budget": null, "module": "model.layers.27.mlp.down_proj", "step": 6912}
{"stage": "sequential-round-coordinate", "pid": 113530, "time": 1789711562.8900366, "cuda_visible_devices": "2", "allocated_gib": 5.225467205047607, "reserved_gib": 8.228515625, "peak_allocated_gib": 7.100411891937256, "gpu_time_budget": null, "module": "model.layers.27.mlp.down_proj", "step": 7040}
{"stage": "sequential-round-coordinate", "pid": 113530, "time": 1789711563.7785614, "cuda_visible_devices": "2", "allocated_gib": 5.225467205047607, "reserved_gib": 8.228515625, "peak_allocated_gib": 7.100411891937256, "gpu_time_budget": null, "module": "model.layers.27.mlp.down_proj", "step": 7168}
{"stage": "sequential-round-coordinate", "pid": 113530, "time": 1789711564.6737535, "cuda_visible_devices": "2", "allocated_gib": 5.225467205047607, "reserved_gib": 8.228515625, "peak_allocated_gib": 7.100411891937256, "gpu_time_budget": null, "module": "model.layers.27.mlp.down_proj", "step": 7296}
{"stage": "sequential-round-coordinate", "pid": 113530, "time": 1789711565.5628483, "cuda_visible_devices": "2", "allocated_gib": 5.225467205047607, "reserved_gib": 8.228515625, "peak_allocated_gib": 7.100411891937256, "gpu_time_budget": null, "module": "model.layers.27.mlp.down_proj", "step": 7424}
{"stage": "sequential-round-coordinate", "pid": 113530, "time": 1789711566.4514196, "cuda_visible_devices": "2", "allocated_gib": 5.225467205047607, "reserved_gib": 8.228515625, "peak_allocated_gib": 7.100411891937256, "gpu_time_budget": null, "module": "model.layers.27.mlp.down_proj", "step": 7552}
{"stage": "sequential-round-coordinate", "pid": 113530, "time": 1789711567.3382845, "cuda_visible_devices": "2", "allocated_gib": 5.225467205047607, "reserved_gib": 8.228515625, "peak_allocated_gib": 7.100411891937256, "gpu_time_budget": null, "module": "model.layers.27.mlp.down_proj", "step": 7680}
{"stage": "sequential-round-coordinate", "pid": 113530, "time": 1789711568.22646, "cuda_visible_devices": "2", "allocated_gib": 5.225467205047607, "reserved_gib": 8.228515625, "peak_allocated_gib": 7.100411891937256, "gpu_time_budget": null, "module": "model.layers.27.mlp.down_proj", "step": 7808}
{"stage": "sequential-round-coordinate", "pid": 113530, "time": 1789711569.1141474, "cuda_visible_devices": "2", "allocated_gib": 5.225467205047607, "reserved_gib": 8.228515625, "peak_allocated_gib": 7.100411891937256, "gpu_time_budget": null, "module": "model.layers.27.mlp.down_proj", "step": 7936}
{"stage": "sequential-round-coordinate", "pid": 113530, "time": 1789711570.000972, "cuda_visible_devices": "2", "allocated_gib": 5.225467205047607, "reserved_gib": 8.228515625, "peak_allocated_gib": 7.100411891937256, "gpu_time_budget": null, "module": "model.layers.27.mlp.down_proj", "step": 8064}
{"stage": "sequential-round-coordinate", "pid": 113530, "time": 1789711570.97179, "cuda_visible_devices": "2", "allocated_gib": 5.225467205047607, "reserved_gib": 8.228515625, "peak_allocated_gib": 7.100411891937256, "gpu_time_budget": null, "module": "model.layers.27.mlp.down_proj", "step": 8192}
{"stage": "sequential-round-train-nll", "pid": 113530, "time": 1789711571.015778, "cuda_visible_devices": "2", "allocated_gib": 3.7957167625427246, "reserved_gib": 3.80078125, "peak_allocated_gib": 7.100411891937256, "gpu_time_budget": null, "module": "model.layers.27.mlp.down_proj", "step": 512}
Evaluation segment 1/1: start=0, windows=8, seqlen=2048
{"stage": "sequential-round-train-nll", "pid": 113530, "time": 1789711576.0660138, "cuda_visible_devices": "2", "allocated_gib": 3.7957167625427246, "reserved_gib": 5.978515625, "peak_allocated_gib": 7.100411891937256, "gpu_time_budget": null, "module": "model.layers.27.mlp.down_proj", "step": 2048}
Evaluation segment 1/1: start=0, windows=8, seqlen=2048
{"stage": "sequential-round-train-nll", "pid": 113530, "time": 1789711581.0900364, "cuda_visible_devices": "2", "allocated_gib": 3.7957167625427246, "reserved_gib": 5.978515625, "peak_allocated_gib": 7.100411891937256, "gpu_time_budget": null, "module": "model.layers.27.mlp.down_proj", "step": 8192}
Evaluation segment 1/1: start=0, windows=8, seqlen=2048
{"stage": "sequential-module-completed", "pid": 113530, "time": 1789711586.2233367, "cuda_visible_devices": "2", "allocated_gib": 3.7957167625427246, "reserved_gib": 5.978515625, "peak_allocated_gib": 7.100411891937256, "gpu_time_budget": null, "module": "model.layers.27.mlp.down_proj", "completed": 28, "total": 28, "selected_train_nll": 2.608141962339313, "elapsed_seconds": 1936.6529740269762}
Loading checkpoint shards:   0%|          | 0/2 [00:00<?, ?it/s]Loading checkpoint shards:  50%|█████     | 1/2 [00:00<00:00,  1.50it/s]Loading checkpoint shards: 100%|██████████| 2/2 [00:00<00:00,  2.97it/s]
{"stage": "sequential-full-validation", "pid": 113530, "time": 1789711607.5193667, "cuda_visible_devices": "2", "allocated_gib": 3.7957167625427246, "reserved_gib": 3.83984375, "peak_allocated_gib": 7.100411891937256, "gpu_time_budget": null}
Evaluation segment 1/2: start=0, windows=128, seqlen=2048
Evaluation segment 2/2: start=262144, windows=1, seqlen=193
{"stage": "completed", "pid": 113530, "time": 1789711648.109182, "cuda_visible_devices": "2", "allocated_gib": 3.7957167625427246, "reserved_gib": 5.98046875, "peak_allocated_gib": 7.100411891937256, "gpu_time_budget": null, "elapsed_seconds": 1998.538822073955, "result": {"parent": "/home/dongpeiyan/projects/rotation-quant/runs/phase5/qwen3-1p7b/sp2-range-s43/static_w4a8.pt", "parent_metadata": {"parent": "/home/dongpeiyan/projects/rotation-quant/runs/phase5/qwen3-1p7b/sp2-down-round-s43/static_w4a8.pt", "mode": "sequential-range", "reference_state": "/home/dongpeiyan/projects/rotation-quant/runs/phase5/qwen3-1p7b/joint100-s43/checkpoint-0100/state.pt", "parent_metadata": {"parent": "/home/dongpeiyan/projects/rotation-quant/runs/phase5/qwen3-1p7b/joint100-s43/checkpoint-0100/static_w4a8.pt", "mode": "sequential-round", "reference_state": "/home/dongpeiyan/projects/rotation-quant/runs/phase5/qwen3-1p7b/joint100-s43/checkpoint-0100/state.pt", "parent_metadata": {"route": "B", "step": 100, "initial": "/home/dongpeiyan/projects/rotation-quant/runs/phase5/qwen3-1p7b/init-s43/initial.pt"}, "offline_only": true}, "offline_only": true}, "mode": "round", "initial_train_nll": 2.6431519825772964, "selected_train_nll": 2.608141962339313, "completed_targets": ["model.layers.0.mlp.down_proj", "model.layers.1.mlp.down_proj", "model.layers.2.mlp.down_proj", "model.layers.3.mlp.down_proj", "model.layers.4.mlp.down_proj", "model.layers.5.mlp.down_proj", "model.layers.6.mlp.down_proj", "model.layers.7.mlp.down_proj", "model.layers.8.mlp.down_proj", "model.layers.9.mlp.down_proj", "model.layers.10.mlp.down_proj", "model.layers.11.mlp.down_proj", "model.layers.12.mlp.down_proj", "model.layers.13.mlp.down_proj", "model.layers.14.mlp.down_proj", "model.layers.15.mlp.down_proj", "model.layers.16.mlp.down_proj", "model.layers.17.mlp.down_proj", "model.layers.18.mlp.down_proj", "model.layers.19.mlp.down_proj", "model.layers.20.mlp.down_proj", "model.layers.21.mlp.down_proj", "model.layers.22.mlp.down_proj", "model.layers.23.mlp.down_proj", "model.layers.24.mlp.down_proj", "model.layers.25.mlp.down_proj", "model.layers.26.mlp.down_proj", "model.layers.27.mlp.down_proj"], "new_module_results": [{"module": "model.layers.0.mlp.down_proj", "selected_step": 0, "previous_train_nll": 2.6431519825772964, "selected_train_nll": 2.6431519825772964, "trials": [{"step": 0, "fit_mse": 0.0009821821004152298, "heldout_mse": 0.000977233750745654, "changed_codes": 0, "train_nll": 2.6431519825772964}, {"step": 512, "fit_mse": 0.0006639965577051044, "heldout_mse": 0.0007123574614524841, "changed_codes": 410886, "train_nll": 2.6539650046755816}, {"step": 2048, "fit_mse": 0.0005329736741259694, "heldout_mse": 0.0006568008102476597, "changed_codes": 1205751, "train_nll": 2.6531119206440184}, {"step": 8192, "fit_mse": 0.0004337418358772993, "heldout_mse": 0.0006068591610528529, "changed_codes": 1692693, "train_nll": 2.6491574691885127}]}, {"module": "model.layers.1.mlp.down_proj", "selected_step": 0, "previous_train_nll": 2.6431519825772964, "selected_train_nll": 2.6431519825772964, "trials": [{"step": 0, "fit_mse": 0.001630057580769062, "heldout_mse": 0.0016750380164012313, "changed_codes": 0, "train_nll": 2.6431519825772964}, {"step": 512, "fit_mse": 0.001027386519126594, "heldout_mse": 0.001167077338322997, "changed_codes": 513062, "train_nll": 2.6499332780404683}, {"step": 2048, "fit_mse": 0.0008521161507815123, "heldout_mse": 0.001106733805499971, "changed_codes": 1739222, "train_nll": 2.649873709921443}, {"step": 8192, "fit_mse": 0.0007397768786177039, "heldout_mse": 0.0011033567134290934, "changed_codes": 2326947, "train_nll": 2.6496024414343062}]}, {"module": "model.layers.2.mlp.down_proj", "selected_step": 512, "previous_train_nll": 2.6431519825772964, "selected_train_nll": 2.609278238404588, "trials": [{"step": 0, "fit_mse": 0.10888659954071045, "heldout_mse": 0.12149214744567871, "changed_codes": 0, "train_nll": 2.6431519825772964}, {"step": 512, "fit_mse": 0.058482468128204346, "heldout_mse": 0.06777309626340866, "changed_codes": 384227, "train_nll": 2.609278238404588}, {"step": 2048, "fit_mse": 0.040664102882146835, "heldout_mse": 0.050808534026145935, "changed_codes": 1231603, "train_nll": 2.6113724904317266}, {"step": 8192, "fit_mse": 0.023830529302358627, "heldout_mse": 0.03904768452048302, "changed_codes": 3774642, "train_nll": 2.619747443875911}]}, {"module": "model.layers.3.mlp.down_proj", "selected_step": 0, "previous_train_nll": 2.609278238404588, "selected_train_nll": 2.609278238404588, "trials": [{"step": 0, "fit_mse": 0.002632917370647192, "heldout_mse": 0.0034332748036831617, "changed_codes": 0, "train_nll": 2.609278238404588}, {"step": 512, "fit_mse": 0.00237724045291543, "heldout_mse": 0.0032440568320453167, "changed_codes": 345446, "train_nll": 2.612950532280983}, {"step": 2048, "fit_mse": 0.0022126573603600264, "heldout_mse": 0.0031681018881499767, "changed_codes": 752528, "train_nll": 2.61412857300826}, {"step": 8192, "fit_mse": 0.0020257155410945415, "heldout_mse": 0.003090760437771678, "changed_codes": 1153086, "train_nll": 2.6114533038885415}]}, {"module": "model.layers.4.mlp.down_proj", "selected_step": 0, "previous_train_nll": 2.609278238404588, "selected_train_nll": 2.609278238404588, "trials": [{"step": 0, "fit_mse": 0.003398594446480274, "heldout_mse": 0.004171260632574558, "changed_codes": 0, "train_nll": 2.609278238404588}, {"step": 512, "fit_mse": 0.0031821485608816147, "heldout_mse": 0.004021782893687487, "changed_codes": 316811, "train_nll": 2.6106391284773944}, {"step": 2048, "fit_mse": 0.0030275676399469376, "heldout_mse": 0.003958742134273052, "changed_codes": 647836, "train_nll": 2.61155175582643}, {"step": 8192, "fit_mse": 0.0028171679005026817, "heldout_mse": 0.003863705089315772, "changed_codes": 1011928, "train_nll": 2.610436427322614}]}, {"module": "model.layers.5.mlp.down_proj", "selected_step": 0, "previous_train_nll": 2.609278238404588, "selected_train_nll": 2.609278238404588, "trials": [{"step": 0, "fit_mse": 0.006200436502695084, "heldout_mse": 0.006249690428376198, "changed_codes": 0, "train_nll": 2.609278238404588}, {"step": 512, "fit_mse": 0.0046566869132220745, "heldout_mse": 0.004955422133207321, "changed_codes": 423452, "train_nll": 2.6117711021368004}, {"step": 2048, "fit_mse": 0.00401073694229126, "heldout_mse": 0.004611861426383257, "changed_codes": 934908, "train_nll": 2.6104011677054535}, {"step": 8192, "fit_mse": 0.0034516938030719757, "heldout_mse": 0.004341505467891693, "changed_codes": 1350073, "train_nll": 2.6097064469484783}]}, {"module": "model.layers.6.mlp.down_proj", "selected_step": 512, "previous_train_nll": 2.609278238404588, "selected_train_nll": 2.609132326367951, "trials": [{"step": 0, "fit_mse": 0.007859960198402405, "heldout_mse": 0.007982463575899601, "changed_codes": 0, "train_nll": 2.609278238404588}, {"step": 512, "fit_mse": 0.005841498263180256, "heldout_mse": 0.006268520839512348, "changed_codes": 458693, "train_nll": 2.609132326367951}, {"step": 2048, "fit_mse": 0.005026956554502249, "heldout_mse": 0.005790074821561575, "changed_codes": 1043557, "train_nll": 2.6113603048204963}, {"step": 8192, "fit_mse": 0.004364923108369112, "heldout_mse": 0.005454614758491516, "changed_codes": 1446619, "train_nll": 2.610200381497782}]}, {"module": "model.layers.7.mlp.down_proj", "selected_step": 0, "previous_train_nll": 2.609132326367951, "selected_train_nll": 2.609132326367951, "trials": [{"step": 0, "fit_mse": 0.00920642726123333, "heldout_mse": 0.009501093998551369, "changed_codes": 0, "train_nll": 2.609132326367951}, {"step": 512, "fit_mse": 0.006794389337301254, "heldout_mse": 0.007466024719178677, "changed_codes": 469466, "train_nll": 2.6092176724044203}, {"step": 2048, "fit_mse": 0.005843689665198326, "heldout_mse": 0.006878579501062632, "changed_codes": 1111241, "train_nll": 2.6093683437183923}, {"step": 8192, "fit_mse": 0.005107903387397528, "heldout_mse": 0.006503491662442684, "changed_codes": 1491573, "train_nll": 2.612758649562692}]}, {"module": "model.layers.8.mlp.down_proj", "selected_step": 0, "previous_train_nll": 2.609132326367951, "selected_train_nll": 2.609132326367951, "trials": [{"step": 0, "fit_mse": 0.0069007594138383865, "heldout_mse": 0.008321542292833328, "changed_codes": 0, "train_nll": 2.609132326367951}, {"step": 512, "fit_mse": 0.006717327982187271, "heldout_mse": 0.008225198835134506, "changed_codes": 159373, "train_nll": 2.6100804794470958}, {"step": 2048, "fit_mse": 0.006515216082334518, "heldout_mse": 0.008144298568367958, "changed_codes": 357699, "train_nll": 2.6106188041430682}, {"step": 8192, "fit_mse": 0.0061617083847522736, "heldout_mse": 0.008008365519344807, "changed_codes": 673889, "train_nll": 2.6110765622023533}]}, {"module": "model.layers.9.mlp.down_proj", "selected_step": 0, "previous_train_nll": 2.609132326367951, "selected_train_nll": 2.609132326367951, "trials": [{"step": 0, "fit_mse": 0.018837682902812958, "heldout_mse": 0.019528144970536232, "changed_codes": 0, "train_nll": 2.609132326367951}, {"step": 512, "fit_mse": 0.012606494128704071, "heldout_mse": 0.014191480353474617, "changed_codes": 515315, "train_nll": 2.6123432903889046}, {"step": 2048, "fit_mse": 0.010613208636641502, "heldout_mse": 0.012948310002684593, "changed_codes": 1247513, "train_nll": 2.609132326367951}, {"step": 8192, "fit_mse": 0.00915236584842205, "heldout_mse": 0.012169873341917992, "changed_codes": 1692061, "train_nll": 2.6113734708767504}]}, {"module": "model.layers.10.mlp.down_proj", "selected_step": 0, "previous_train_nll": 2.609132326367951, "selected_train_nll": 2.609132326367951, "trials": [{"step": 0, "fit_mse": 0.013781173154711723, "heldout_mse": 0.016901634633541107, "changed_codes": 0, "train_nll": 2.609132326367951}, {"step": 512, "fit_mse": 0.013422725722193718, "heldout_mse": 0.016718700528144836, "changed_codes": 188778, "train_nll": 2.6116135109144527}, {"step": 2048, "fit_mse": 0.013032976537942886, "heldout_mse": 0.0165592972189188, "changed_codes": 427597, "train_nll": 2.6103034437002592}, {"step": 8192, "fit_mse": 0.012360884808003902, "heldout_mse": 0.016229426488280296, "changed_codes": 784048, "train_nll": 2.61172251824182}]}, {"module": "model.layers.11.mlp.down_proj", "selected_step": 512, "previous_train_nll": 2.609132326367951, "selected_train_nll": 2.6086678488823707, "trials": [{"step": 0, "fit_mse": 0.029670745134353638, "heldout_mse": 0.030390219762921333, "changed_codes": 0, "train_nll": 2.609132326367951}, {"step": 512, "fit_mse": 0.020449556410312653, "heldout_mse": 0.02200232818722725, "changed_codes": 536140, "train_nll": 2.6086678488823707}, {"step": 2048, "fit_mse": 0.017105497419834137, "heldout_mse": 0.019829852506518364, "changed_codes": 1331908, "train_nll": 2.6117001156507356}, {"step": 8192, "fit_mse": 0.014635170809924603, "heldout_mse": 0.018567092716693878, "changed_codes": 1835956, "train_nll": 2.6098233076793793}]}, {"module": "model.layers.12.mlp.down_proj", "selected_step": 0, "previous_train_nll": 2.6086678488823707, "selected_train_nll": 2.6086678488823707, "trials": [{"step": 0, "fit_mse": 0.02158353291451931, "heldout_mse": 0.023818008601665497, "changed_codes": 0, "train_nll": 2.6086678488823707}, {"step": 512, "fit_mse": 0.020590655505657196, "heldout_mse": 0.023223038762807846, "changed_codes": 267530, "train_nll": 2.6102350171916346}, {"step": 2048, "fit_mse": 0.01916651800274849, "heldout_mse": 0.0226293932646513, "changed_codes": 750713, "train_nll": 2.609301818149532}, {"step": 8192, "fit_mse": 0.017294710502028465, "heldout_mse": 0.021565493196249008, "changed_codes": 1330352, "train_nll": 2.6099860902931673}]}, {"module": "model.layers.13.mlp.down_proj", "selected_step": 0, "previous_train_nll": 2.6086678488823707, "selected_train_nll": 2.6086678488823707, "trials": [{"step": 0, "fit_mse": 0.023649465292692184, "heldout_mse": 0.02754131518304348, "changed_codes": 0, "train_nll": 2.6086678488823707}, {"step": 512, "fit_mse": 0.023165730759501457, "heldout_mse": 0.027285117655992508, "changed_codes": 181106, "train_nll": 2.610334430394421}, {"step": 2048, "fit_mse": 0.02253553830087185, "heldout_mse": 0.027048058807849884, "changed_codes": 446859, "train_nll": 2.611799733326858}, {"step": 8192, "fit_mse": 0.021411851048469543, "heldout_mse": 0.02653842233121395, "changed_codes": 841047, "train_nll": 2.6108476743312234}]}, {"module": "model.layers.14.mlp.down_proj", "selected_step": 0, "previous_train_nll": 2.6086678488823707, "selected_train_nll": 2.6086678488823707, "trials": [{"step": 0, "fit_mse": 0.06126595661044121, "heldout_mse": 0.06158875674009323, "changed_codes": 0, "train_nll": 2.6086678488823707}, {"step": 512, "fit_mse": 0.04353157430887222, "heldout_mse": 0.04507986456155777, "changed_codes": 530798, "train_nll": 2.6106007221466805}, {"step": 2048, "fit_mse": 0.03668481111526489, "heldout_mse": 0.04064551368355751, "changed_codes": 1402539, "train_nll": 2.6095545637064816}, {"step": 8192, "fit_mse": 0.0313313864171505, "heldout_mse": 0.038014642894268036, "changed_codes": 1977101, "train_nll": 2.6104517084405083}]}, {"module": "model.layers.15.mlp.down_proj", "selected_step": 0, "previous_train_nll": 2.6086678488823707, "selected_train_nll": 2.6086678488823707, "trials": [{"step": 0, "fit_mse": 0.09556206315755844, "heldout_mse": 0.09629568457603455, "changed_codes": 0, "train_nll": 2.6086678488823707}, {"step": 512, "fit_mse": 0.06463894248008728, "heldout_mse": 0.06734877824783325, "changed_codes": 519928, "train_nll": 2.6106796357461417}, {"step": 2048, "fit_mse": 0.053939878940582275, "heldout_mse": 0.06003085523843765, "changed_codes": 1525610, "train_nll": 2.6109532621145837}, {"step": 8192, "fit_mse": 0.04590756818652153, "heldout_mse": 0.05578840151429176, "changed_codes": 2103289, "train_nll": 2.6125667300183566}]}, {"module": "model.layers.16.mlp.down_proj", "selected_step": 0, "previous_train_nll": 2.6086678488823707, "selected_train_nll": 2.6086678488823707, "trials": [{"step": 0, "fit_mse": 0.26173561811447144, "heldout_mse": 0.26280051469802856, "changed_codes": 0, "train_nll": 2.6086678488823707}, {"step": 512, "fit_mse": 0.16979774832725525, "heldout_mse": 0.17765399813652039, "changed_codes": 393087, "train_nll": 2.6092801332260653}, {"step": 2048, "fit_mse": 0.14069336652755737, "heldout_mse": 0.15744419395923615, "changed_codes": 1664896, "train_nll": 2.611489296688305}, {"step": 8192, "fit_mse": 0.11858159303665161, "heldout_mse": 0.14609459042549133, "changed_codes": 2471762, "train_nll": 2.6100783757740196}]}, {"module": "model.layers.17.mlp.down_proj", "selected_step": 0, "previous_train_nll": 2.6086678488823707, "selected_train_nll": 2.6086678488823707, "trials": [{"step": 0, "fit_mse": 0.3650187849998474, "heldout_mse": 0.36163467168807983, "changed_codes": 0, "train_nll": 2.6086678488823707}, {"step": 512, "fit_mse": 0.2402634620666504, "heldout_mse": 0.24682943522930145, "changed_codes": 382620, "train_nll": 2.6104011677054535}, {"step": 2048, "fit_mse": 0.20076847076416016, "heldout_mse": 0.2212080955505371, "changed_codes": 1662554, "train_nll": 2.6091695257826473}, {"step": 8192, "fit_mse": 0.16982559859752655, "heldout_mse": 0.2071675956249237, "changed_codes": 2478579, "train_nll": 2.609444898785328}]}, {"module": "model.layers.18.mlp.down_proj", "selected_step": 0, "previous_train_nll": 2.6086678488823707, "selected_train_nll": 2.6086678488823707, "trials": [{"step": 0, "fit_mse": 0.5898054242134094, "heldout_mse": 0.5888933539390564, "changed_codes": 0, "train_nll": 2.6086678488823707}, {"step": 512, "fit_mse": 0.40725070238113403, "heldout_mse": 0.4244176745414734, "changed_codes": 371654, "train_nll": 2.6095288149301346}, {"step": 2048, "fit_mse": 0.3449362516403198, "heldout_mse": 0.38745951652526855, "changed_codes": 1678961, "train_nll": 2.609481384930946}, {"step": 8192, "fit_mse": 0.2920997738838196, "heldout_mse": 0.3656219244003296, "changed_codes": 2690376, "train_nll": 2.6097629851177904}]}, {"module": "model.layers.19.mlp.down_proj", "selected_step": 0, "previous_train_nll": 2.6086678488823707, "selected_train_nll": 2.6086678488823707, "trials": [{"step": 0, "fit_mse": 1.3637206554412842, "heldout_mse": 1.3589802980422974, "changed_codes": 0, "train_nll": 2.6086678488823707}, {"step": 512, "fit_mse": 0.8904438018798828, "heldout_mse": 0.9247264862060547, "changed_codes": 371161, "train_nll": 2.6091589977868113}, {"step": 2048, "fit_mse": 0.7538411021232605, "heldout_mse": 0.8537191152572632, "changed_codes": 1535888, "train_nll": 2.608954943335784}, {"step": 8192, "fit_mse": 0.6374772191047668, "heldout_mse": 0.8155005574226379, "changed_codes": 2838780, "train_nll": 2.611666230778088}]}, {"module": "model.layers.20.mlp.down_proj", "selected_step": 0, "previous_train_nll": 2.6086678488823707, "selected_train_nll": 2.6086678488823707, "trials": [{"step": 0, "fit_mse": 2.1168901920318604, "heldout_mse": 2.1480326652526855, "changed_codes": 0, "train_nll": 2.6086678488823707}, {"step": 512, "fit_mse": 1.4094617366790771, "heldout_mse": 1.5817680358886719, "changed_codes": 354531, "train_nll": 2.6109948775938667}, {"step": 2048, "fit_mse": 1.1981852054595947, "heldout_mse": 1.5082297325134277, "changed_codes": 1451110, "train_nll": 2.608988077815442}, {"step": 8192, "fit_mse": 1.013875126838684, "heldout_mse": 1.4610852003097534, "changed_codes": 3086041, "train_nll": 2.6099329311124766}]}, {"module": "model.layers.21.mlp.down_proj", "selected_step": 2048, "previous_train_nll": 2.6086678488823707, "selected_train_nll": 2.608141962339313, "trials": [{"step": 0, "fit_mse": 3.0133376121520996, "heldout_mse": 3.1727046966552734, "changed_codes": 0, "train_nll": 2.6086678488823707}, {"step": 512, "fit_mse": 2.022678852081299, "heldout_mse": 2.374213218688965, "changed_codes": 352940, "train_nll": 2.6083841840587936}, {"step": 2048, "fit_mse": 1.7291816473007202, "heldout_mse": 2.458676815032959, "changed_codes": 1400343, "train_nll": 2.608141962339313}, {"step": 8192, "fit_mse": 1.4656604528427124, "heldout_mse": 2.618891954421997, "changed_codes": 3343080, "train_nll": 2.608236385207703}]}, {"module": "model.layers.22.mlp.down_proj", "selected_step": 0, "previous_train_nll": 2.608141962339313, "selected_train_nll": 2.608141962339313, "trials": [{"step": 0, "fit_mse": 4.042961597442627, "heldout_mse": 4.155708312988281, "changed_codes": 0, "train_nll": 2.608141962339313}, {"step": 512, "fit_mse": 2.541506052017212, "heldout_mse": 3.1855411529541016, "changed_codes": 350584, "train_nll": 2.608515737568619}, {"step": 2048, "fit_mse": 2.17789626121521, "heldout_mse": 3.2400758266448975, "changed_codes": 1400488, "train_nll": 2.6096418380053086}, {"step": 8192, "fit_mse": 1.8506860733032227, "heldout_mse": 3.422806978225708, "changed_codes": 3372587, "train_nll": 2.610204237757861}]}, {"module": "model.layers.23.mlp.down_proj", "selected_step": 0, "previous_train_nll": 2.608141962339313, "selected_train_nll": 2.608141962339313, "trials": [{"step": 0, "fit_mse": 4.347851276397705, "heldout_mse": 4.432595252990723, "changed_codes": 0, "train_nll": 2.608141962339313}, {"step": 512, "fit_mse": 2.9679012298583984, "heldout_mse": 3.535644054412842, "changed_codes": 334396, "train_nll": 2.6089413943869593}, {"step": 2048, "fit_mse": 2.5435779094696045, "heldout_mse": 3.597721576690674, "changed_codes": 1318213, "train_nll": 2.6090235978815106}, {"step": 8192, "fit_mse": 2.16520357131958, "heldout_mse": 3.990462064743042, "changed_codes": 3058409, "train_nll": 2.609316204327966}]}, {"module": "model.layers.24.mlp.down_proj", "selected_step": 0, "previous_train_nll": 2.608141962339313, "selected_train_nll": 2.608141962339313, "trials": [{"step": 0, "fit_mse": 3.7080485820770264, "heldout_mse": 4.589191436767578, "changed_codes": 0, "train_nll": 2.608141962339313}, {"step": 512, "fit_mse": 3.415189266204834, "heldout_mse": 4.57638692855835, "changed_codes": 332702, "train_nll": 2.608865783669789}, {"step": 2048, "fit_mse": 3.029036045074463, "heldout_mse": 5.148947715759277, "changed_codes": 1378414, "train_nll": null}, {"step": 8192, "fit_mse": 2.618457794189453, "heldout_mse": 5.724784851074219, "changed_codes": 2629085, "train_nll": null}]}, {"module": "model.layers.25.mlp.down_proj", "selected_step": 0, "previous_train_nll": 2.608141962339313, "selected_train_nll": 2.608141962339313, "trials": [{"step": 0, "fit_mse": 7.990788459777832, "heldout_mse": 8.475025177001953, "changed_codes": 0, "train_nll": 2.608141962339313}, {"step": 512, "fit_mse": 4.676333904266357, "heldout_mse": 5.957524299621582, "changed_codes": 365861, "train_nll": 2.6105206808559855}, {"step": 2048, "fit_mse": 3.9382760524749756, "heldout_mse": 6.334888935089111, "changed_codes": 1422654, "train_nll": 2.6099501134786425}, {"step": 8192, "fit_mse": 3.3267550468444824, "heldout_mse": 6.825762748718262, "changed_codes": 2661220, "train_nll": 2.610214894981106}]}, {"module": "model.layers.26.mlp.down_proj", "selected_step": 0, "previous_train_nll": 2.608141962339313, "selected_train_nll": 2.608141962339313, "trials": [{"step": 0, "fit_mse": 4.349725246429443, "heldout_mse": 8.26311206817627, "changed_codes": 0, "train_nll": 2.608141962339313}, {"step": 512, "fit_mse": 4.209277629852295, "heldout_mse": 8.196096420288086, "changed_codes": 369660, "train_nll": 2.6085243058568226}, {"step": 2048, "fit_mse": 4.043619155883789, "heldout_mse": 8.271747589111328, "changed_codes": 927166, "train_nll": null}, {"step": 8192, "fit_mse": 3.7942028045654297, "heldout_mse": 8.297754287719727, "changed_codes": 1422613, "train_nll": null}]}, {"module": "model.layers.27.mlp.down_proj", "selected_step": 0, "previous_train_nll": 2.608141962339313, "selected_train_nll": 2.608141962339313, "trials": [{"step": 0, "fit_mse": 80.60932922363281, "heldout_mse": 78.56144714355469, "changed_codes": 0, "train_nll": 2.608141962339313}, {"step": 512, "fit_mse": 8.28815746307373, "heldout_mse": 10.47893238067627, "changed_codes": 467316, "train_nll": 2.6226316129008787}, {"step": 2048, "fit_mse": 6.779706954956055, "heldout_mse": 10.61380672454834, "changed_codes": 1672833, "train_nll": 2.6216130139259928}, {"step": 8192, "fit_mse": 5.6505584716796875, "heldout_mse": 11.882913589477539, "changed_codes": 3484384, "train_nll": 2.6230854981099156}]}], "validation_status": "completed", "validation": {"token_count": 262337, "predicted_tokens": 262208, "segments": [{"start_token": 0, "seqlen": 2048, "windows": 128, "predicted_tokens": 262016, "ppl": 14.984626770019531, "nll": 2.707024793552841}, {"start_token": 262144, "seqlen": 193, "windows": 1, "predicted_tokens": 192, "ppl": 16.936016082763672, "nll": 2.829442483452075}], "unscored_tail_tokens": 0, "nll": 2.707114433062164, "ppl": 14.985970044814936, "evaluation_precision": "existing evaluator: BF16 logits CE, per-token loss to FP32; log(float32 PPL), weighted by predicted tokens", "acceptance_source": "/home/dongpeiyan/projects/rotation-quant/scripts/phase2/validation_acceptance.py", "evaluator_source": "/home/dongpeiyan/projects/rotation-quant/worktrees/SpinQuant-multimodel/experiments/phase3/architecture.py", "parent": "/home/dongpeiyan/projects/rotation-quant/runs/phase5/qwen3-1p7b/sp2-range-s43/static_w4a8.pt", "parent_metadata": {"parent": "/home/dongpeiyan/projects/rotation-quant/runs/phase5/qwen3-1p7b/sp2-down-round-s43/static_w4a8.pt", "mode": "sequential-range", "reference_state": "/home/dongpeiyan/projects/rotation-quant/runs/phase5/qwen3-1p7b/joint100-s43/checkpoint-0100/state.pt", "parent_metadata": {"parent": "/home/dongpeiyan/projects/rotation-quant/runs/phase5/qwen3-1p7b/joint100-s43/checkpoint-0100/static_w4a8.pt", "mode": "sequential-round", "reference_state": "/home/dongpeiyan/projects/rotation-quant/runs/phase5/qwen3-1p7b/joint100-s43/checkpoint-0100/state.pt", "parent_metadata": {"route": "B", "step": 100, "initial": "/home/dongpeiyan/projects/rotation-quant/runs/phase5/qwen3-1p7b/init-s43/initial.pt"}, "offline_only": true}, "offline_only": true}, "method": "sequential frozen-package postprocessing; no gradient training in this stage", "format": "196 W4 / 168 static INT8 / 28 static SP2; BF16 KV16 prefill"}}}
