Token indices sequence length is longer than the specified maximum sequence length for this model (262337 > 2048). Running this sequence through the model will result in indexing errors
Loading checkpoint shards:   0%|          | 0/2 [00:00<?, ?it/s]Loading checkpoint shards:  50%|█████     | 1/2 [00:00<00:00,  4.27it/s]Loading checkpoint shards: 100%|██████████| 2/2 [00:00<00:00,  8.39it/s]
`loss_type=None` was set in the config but it is unrecognised.Using the default loss: `ForCausalLMLoss`.
Loading checkpoint shards:   0%|          | 0/2 [00:00<?, ?it/s]Loading checkpoint shards:  50%|█████     | 1/2 [00:00<00:00,  1.15it/s]Loading checkpoint shards: 100%|██████████| 2/2 [00:00<00:00,  2.27it/s]
Evaluation segment 1/1: start=0, windows=8, seqlen=2048
{"stage": "sequential-round-fit", "pid": 4075184, "time": 1789706727.692155, "cuda_visible_devices": "2", "allocated_gib": 3.7957167625427246, "reserved_gib": 5.982421875, "peak_allocated_gib": 5.5437822341918945, "gpu_time_budget": null, "module": "model.layers.0.mlp.down_proj", "fit_rows": 49152, "heldout_rows": 16384}
{"stage": "sequential-round-coordinate", "pid": 4075184, "time": 1789706728.3172016, "cuda_visible_devices": "2", "allocated_gib": 5.225467205047607, "reserved_gib": 8.232421875, "peak_allocated_gib": 7.100411891937256, "gpu_time_budget": null, "module": "model.layers.0.mlp.down_proj", "step": 128}
{"stage": "sequential-round-coordinate", "pid": 4075184, "time": 1789706728.7520607, "cuda_visible_devices": "2", "allocated_gib": 5.225467205047607, "reserved_gib": 8.232421875, "peak_allocated_gib": 7.100411891937256, "gpu_time_budget": null, "module": "model.layers.0.mlp.down_proj", "step": 256}
{"stage": "sequential-round-coordinate", "pid": 4075184, "time": 1789706729.1836553, "cuda_visible_devices": "2", "allocated_gib": 5.225467205047607, "reserved_gib": 8.232421875, "peak_allocated_gib": 7.100411891937256, "gpu_time_budget": null, "module": "model.layers.0.mlp.down_proj", "step": 384}
{"stage": "sequential-round-coordinate", "pid": 4075184, "time": 1789706729.6610818, "cuda_visible_devices": "2", "allocated_gib": 5.225467205047607, "reserved_gib": 8.232421875, "peak_allocated_gib": 7.100411891937256, "gpu_time_budget": null, "module": "model.layers.0.mlp.down_proj", "step": 512}
{"stage": "sequential-round-coordinate", "pid": 4075184, "time": 1789706730.0951087, "cuda_visible_devices": "2", "allocated_gib": 5.225467205047607, "reserved_gib": 8.232421875, "peak_allocated_gib": 7.100411891937256, "gpu_time_budget": null, "module": "model.layers.0.mlp.down_proj", "step": 640}
{"stage": "sequential-round-coordinate", "pid": 4075184, "time": 1789706730.5293317, "cuda_visible_devices": "2", "allocated_gib": 5.225467205047607, "reserved_gib": 8.232421875, "peak_allocated_gib": 7.100411891937256, "gpu_time_budget": null, "module": "model.layers.0.mlp.down_proj", "step": 768}
{"stage": "sequential-round-coordinate", "pid": 4075184, "time": 1789706730.9633472, "cuda_visible_devices": "2", "allocated_gib": 5.225467205047607, "reserved_gib": 8.232421875, "peak_allocated_gib": 7.100411891937256, "gpu_time_budget": null, "module": "model.layers.0.mlp.down_proj", "step": 896}
{"stage": "sequential-round-coordinate", "pid": 4075184, "time": 1789706731.397001, "cuda_visible_devices": "2", "allocated_gib": 5.225467205047607, "reserved_gib": 8.232421875, "peak_allocated_gib": 7.100411891937256, "gpu_time_budget": null, "module": "model.layers.0.mlp.down_proj", "step": 1024}
{"stage": "sequential-round-coordinate", "pid": 4075184, "time": 1789706731.831796, "cuda_visible_devices": "2", "allocated_gib": 5.225467205047607, "reserved_gib": 8.232421875, "peak_allocated_gib": 7.100411891937256, "gpu_time_budget": null, "module": "model.layers.0.mlp.down_proj", "step": 1152}
{"stage": "sequential-round-coordinate", "pid": 4075184, "time": 1789706732.2653804, "cuda_visible_devices": "2", "allocated_gib": 5.225467205047607, "reserved_gib": 8.232421875, "peak_allocated_gib": 7.100411891937256, "gpu_time_budget": null, "module": "model.layers.0.mlp.down_proj", "step": 1280}
{"stage": "sequential-round-coordinate", "pid": 4075184, "time": 1789706732.7055988, "cuda_visible_devices": "2", "allocated_gib": 5.225467205047607, "reserved_gib": 8.232421875, "peak_allocated_gib": 7.100411891937256, "gpu_time_budget": null, "module": "model.layers.0.mlp.down_proj", "step": 1408}
{"stage": "sequential-round-coordinate", "pid": 4075184, "time": 1789706733.1415832, "cuda_visible_devices": "2", "allocated_gib": 5.225467205047607, "reserved_gib": 8.232421875, "peak_allocated_gib": 7.100411891937256, "gpu_time_budget": null, "module": "model.layers.0.mlp.down_proj", "step": 1536}
{"stage": "sequential-round-coordinate", "pid": 4075184, "time": 1789706733.575162, "cuda_visible_devices": "2", "allocated_gib": 5.225467205047607, "reserved_gib": 8.232421875, "peak_allocated_gib": 7.100411891937256, "gpu_time_budget": null, "module": "model.layers.0.mlp.down_proj", "step": 1664}
{"stage": "sequential-round-coordinate", "pid": 4075184, "time": 1789706734.009054, "cuda_visible_devices": "2", "allocated_gib": 5.225467205047607, "reserved_gib": 8.232421875, "peak_allocated_gib": 7.100411891937256, "gpu_time_budget": null, "module": "model.layers.0.mlp.down_proj", "step": 1792}
{"stage": "sequential-round-coordinate", "pid": 4075184, "time": 1789706734.4417748, "cuda_visible_devices": "2", "allocated_gib": 5.225467205047607, "reserved_gib": 8.232421875, "peak_allocated_gib": 7.100411891937256, "gpu_time_budget": null, "module": "model.layers.0.mlp.down_proj", "step": 1920}
{"stage": "sequential-round-coordinate", "pid": 4075184, "time": 1789706734.919529, "cuda_visible_devices": "2", "allocated_gib": 5.225467205047607, "reserved_gib": 8.232421875, "peak_allocated_gib": 7.100411891937256, "gpu_time_budget": null, "module": "model.layers.0.mlp.down_proj", "step": 2048}
{"stage": "sequential-round-coordinate", "pid": 4075184, "time": 1789706735.3644633, "cuda_visible_devices": "2", "allocated_gib": 5.225467205047607, "reserved_gib": 8.232421875, "peak_allocated_gib": 7.100411891937256, "gpu_time_budget": null, "module": "model.layers.0.mlp.down_proj", "step": 2176}
{"stage": "sequential-round-coordinate", "pid": 4075184, "time": 1789706735.8038275, "cuda_visible_devices": "2", "allocated_gib": 5.225467205047607, "reserved_gib": 8.232421875, "peak_allocated_gib": 7.100411891937256, "gpu_time_budget": null, "module": "model.layers.0.mlp.down_proj", "step": 2304}
{"stage": "sequential-round-coordinate", "pid": 4075184, "time": 1789706736.2383757, "cuda_visible_devices": "2", "allocated_gib": 5.225467205047607, "reserved_gib": 8.232421875, "peak_allocated_gib": 7.100411891937256, "gpu_time_budget": null, "module": "model.layers.0.mlp.down_proj", "step": 2432}
{"stage": "sequential-round-coordinate", "pid": 4075184, "time": 1789706736.68799, "cuda_visible_devices": "2", "allocated_gib": 5.225467205047607, "reserved_gib": 8.232421875, "peak_allocated_gib": 7.100411891937256, "gpu_time_budget": null, "module": "model.layers.0.mlp.down_proj", "step": 2560}
{"stage": "sequential-round-coordinate", "pid": 4075184, "time": 1789706737.123368, "cuda_visible_devices": "2", "allocated_gib": 5.225467205047607, "reserved_gib": 8.232421875, "peak_allocated_gib": 7.100411891937256, "gpu_time_budget": null, "module": "model.layers.0.mlp.down_proj", "step": 2688}
{"stage": "sequential-round-coordinate", "pid": 4075184, "time": 1789706737.5583777, "cuda_visible_devices": "2", "allocated_gib": 5.225467205047607, "reserved_gib": 8.232421875, "peak_allocated_gib": 7.100411891937256, "gpu_time_budget": null, "module": "model.layers.0.mlp.down_proj", "step": 2816}
{"stage": "sequential-round-coordinate", "pid": 4075184, "time": 1789706737.9903872, "cuda_visible_devices": "2", "allocated_gib": 5.225467205047607, "reserved_gib": 8.232421875, "peak_allocated_gib": 7.100411891937256, "gpu_time_budget": null, "module": "model.layers.0.mlp.down_proj", "step": 2944}
{"stage": "sequential-round-coordinate", "pid": 4075184, "time": 1789706738.421139, "cuda_visible_devices": "2", "allocated_gib": 5.225467205047607, "reserved_gib": 8.232421875, "peak_allocated_gib": 7.100411891937256, "gpu_time_budget": null, "module": "model.layers.0.mlp.down_proj", "step": 3072}
{"stage": "sequential-round-coordinate", "pid": 4075184, "time": 1789706738.8553433, "cuda_visible_devices": "2", "allocated_gib": 5.225467205047607, "reserved_gib": 8.232421875, "peak_allocated_gib": 7.100411891937256, "gpu_time_budget": null, "module": "model.layers.0.mlp.down_proj", "step": 3200}
{"stage": "sequential-round-coordinate", "pid": 4075184, "time": 1789706739.2873023, "cuda_visible_devices": "2", "allocated_gib": 5.225467205047607, "reserved_gib": 8.232421875, "peak_allocated_gib": 7.100411891937256, "gpu_time_budget": null, "module": "model.layers.0.mlp.down_proj", "step": 3328}
{"stage": "sequential-round-coordinate", "pid": 4075184, "time": 1789706739.7186036, "cuda_visible_devices": "2", "allocated_gib": 5.225467205047607, "reserved_gib": 8.232421875, "peak_allocated_gib": 7.100411891937256, "gpu_time_budget": null, "module": "model.layers.0.mlp.down_proj", "step": 3456}
{"stage": "sequential-round-coordinate", "pid": 4075184, "time": 1789706740.155706, "cuda_visible_devices": "2", "allocated_gib": 5.225467205047607, "reserved_gib": 8.232421875, "peak_allocated_gib": 7.100411891937256, "gpu_time_budget": null, "module": "model.layers.0.mlp.down_proj", "step": 3584}
{"stage": "sequential-round-coordinate", "pid": 4075184, "time": 1789706740.5883298, "cuda_visible_devices": "2", "allocated_gib": 5.225467205047607, "reserved_gib": 8.232421875, "peak_allocated_gib": 7.100411891937256, "gpu_time_budget": null, "module": "model.layers.0.mlp.down_proj", "step": 3712}
{"stage": "sequential-round-coordinate", "pid": 4075184, "time": 1789706741.0234218, "cuda_visible_devices": "2", "allocated_gib": 5.225467205047607, "reserved_gib": 8.232421875, "peak_allocated_gib": 7.100411891937256, "gpu_time_budget": null, "module": "model.layers.0.mlp.down_proj", "step": 3840}
{"stage": "sequential-round-coordinate", "pid": 4075184, "time": 1789706741.454416, "cuda_visible_devices": "2", "allocated_gib": 5.225467205047607, "reserved_gib": 8.232421875, "peak_allocated_gib": 7.100411891937256, "gpu_time_budget": null, "module": "model.layers.0.mlp.down_proj", "step": 3968}
{"stage": "sequential-round-coordinate", "pid": 4075184, "time": 1789706741.885212, "cuda_visible_devices": "2", "allocated_gib": 5.225467205047607, "reserved_gib": 8.232421875, "peak_allocated_gib": 7.100411891937256, "gpu_time_budget": null, "module": "model.layers.0.mlp.down_proj", "step": 4096}
{"stage": "sequential-round-coordinate", "pid": 4075184, "time": 1789706742.3165863, "cuda_visible_devices": "2", "allocated_gib": 5.225467205047607, "reserved_gib": 8.232421875, "peak_allocated_gib": 7.100411891937256, "gpu_time_budget": null, "module": "model.layers.0.mlp.down_proj", "step": 4224}
{"stage": "sequential-round-coordinate", "pid": 4075184, "time": 1789706742.7472856, "cuda_visible_devices": "2", "allocated_gib": 5.225467205047607, "reserved_gib": 8.232421875, "peak_allocated_gib": 7.100411891937256, "gpu_time_budget": null, "module": "model.layers.0.mlp.down_proj", "step": 4352}
{"stage": "sequential-round-coordinate", "pid": 4075184, "time": 1789706743.178558, "cuda_visible_devices": "2", "allocated_gib": 5.225467205047607, "reserved_gib": 8.232421875, "peak_allocated_gib": 7.100411891937256, "gpu_time_budget": null, "module": "model.layers.0.mlp.down_proj", "step": 4480}
{"stage": "sequential-round-coordinate", "pid": 4075184, "time": 1789706743.6098657, "cuda_visible_devices": "2", "allocated_gib": 5.225467205047607, "reserved_gib": 8.232421875, "peak_allocated_gib": 7.100411891937256, "gpu_time_budget": null, "module": "model.layers.0.mlp.down_proj", "step": 4608}
{"stage": "sequential-round-coordinate", "pid": 4075184, "time": 1789706744.0418532, "cuda_visible_devices": "2", "allocated_gib": 5.225467205047607, "reserved_gib": 8.232421875, "peak_allocated_gib": 7.100411891937256, "gpu_time_budget": null, "module": "model.layers.0.mlp.down_proj", "step": 4736}
{"stage": "sequential-round-coordinate", "pid": 4075184, "time": 1789706744.475664, "cuda_visible_devices": "2", "allocated_gib": 5.225467205047607, "reserved_gib": 8.232421875, "peak_allocated_gib": 7.100411891937256, "gpu_time_budget": null, "module": "model.layers.0.mlp.down_proj", "step": 4864}
{"stage": "sequential-round-coordinate", "pid": 4075184, "time": 1789706744.910363, "cuda_visible_devices": "2", "allocated_gib": 5.225467205047607, "reserved_gib": 8.232421875, "peak_allocated_gib": 7.100411891937256, "gpu_time_budget": null, "module": "model.layers.0.mlp.down_proj", "step": 4992}
{"stage": "sequential-round-coordinate", "pid": 4075184, "time": 1789706745.343005, "cuda_visible_devices": "2", "allocated_gib": 5.225467205047607, "reserved_gib": 8.232421875, "peak_allocated_gib": 7.100411891937256, "gpu_time_budget": null, "module": "model.layers.0.mlp.down_proj", "step": 5120}
{"stage": "sequential-round-coordinate", "pid": 4075184, "time": 1789706745.773131, "cuda_visible_devices": "2", "allocated_gib": 5.225467205047607, "reserved_gib": 8.232421875, "peak_allocated_gib": 7.100411891937256, "gpu_time_budget": null, "module": "model.layers.0.mlp.down_proj", "step": 5248}
{"stage": "sequential-round-coordinate", "pid": 4075184, "time": 1789706746.2033806, "cuda_visible_devices": "2", "allocated_gib": 5.225467205047607, "reserved_gib": 8.232421875, "peak_allocated_gib": 7.100411891937256, "gpu_time_budget": null, "module": "model.layers.0.mlp.down_proj", "step": 5376}
{"stage": "sequential-round-coordinate", "pid": 4075184, "time": 1789706746.6386733, "cuda_visible_devices": "2", "allocated_gib": 5.225467205047607, "reserved_gib": 8.232421875, "peak_allocated_gib": 7.100411891937256, "gpu_time_budget": null, "module": "model.layers.0.mlp.down_proj", "step": 5504}
{"stage": "sequential-round-coordinate", "pid": 4075184, "time": 1789706747.0729017, "cuda_visible_devices": "2", "allocated_gib": 5.225467205047607, "reserved_gib": 8.232421875, "peak_allocated_gib": 7.100411891937256, "gpu_time_budget": null, "module": "model.layers.0.mlp.down_proj", "step": 5632}
{"stage": "sequential-round-coordinate", "pid": 4075184, "time": 1789706747.5073833, "cuda_visible_devices": "2", "allocated_gib": 5.225467205047607, "reserved_gib": 8.232421875, "peak_allocated_gib": 7.100411891937256, "gpu_time_budget": null, "module": "model.layers.0.mlp.down_proj", "step": 5760}
{"stage": "sequential-round-coordinate", "pid": 4075184, "time": 1789706747.945155, "cuda_visible_devices": "2", "allocated_gib": 5.225467205047607, "reserved_gib": 8.232421875, "peak_allocated_gib": 7.100411891937256, "gpu_time_budget": null, "module": "model.layers.0.mlp.down_proj", "step": 5888}
{"stage": "sequential-round-coordinate", "pid": 4075184, "time": 1789706748.3784816, "cuda_visible_devices": "2", "allocated_gib": 5.225467205047607, "reserved_gib": 8.232421875, "peak_allocated_gib": 7.100411891937256, "gpu_time_budget": null, "module": "model.layers.0.mlp.down_proj", "step": 6016}
{"stage": "sequential-round-coordinate", "pid": 4075184, "time": 1789706748.8117652, "cuda_visible_devices": "2", "allocated_gib": 5.225467205047607, "reserved_gib": 8.232421875, "peak_allocated_gib": 7.100411891937256, "gpu_time_budget": null, "module": "model.layers.0.mlp.down_proj", "step": 6144}
{"stage": "sequential-round-coordinate", "pid": 4075184, "time": 1789706749.2464523, "cuda_visible_devices": "2", "allocated_gib": 5.225467205047607, "reserved_gib": 8.232421875, "peak_allocated_gib": 7.100411891937256, "gpu_time_budget": null, "module": "model.layers.0.mlp.down_proj", "step": 6272}
{"stage": "sequential-round-coordinate", "pid": 4075184, "time": 1789706749.6806192, "cuda_visible_devices": "2", "allocated_gib": 5.225467205047607, "reserved_gib": 8.232421875, "peak_allocated_gib": 7.100411891937256, "gpu_time_budget": null, "module": "model.layers.0.mlp.down_proj", "step": 6400}
{"stage": "sequential-round-coordinate", "pid": 4075184, "time": 1789706750.1112528, "cuda_visible_devices": "2", "allocated_gib": 5.225467205047607, "reserved_gib": 8.232421875, "peak_allocated_gib": 7.100411891937256, "gpu_time_budget": null, "module": "model.layers.0.mlp.down_proj", "step": 6528}
{"stage": "sequential-round-coordinate", "pid": 4075184, "time": 1789706750.5441217, "cuda_visible_devices": "2", "allocated_gib": 5.225467205047607, "reserved_gib": 8.232421875, "peak_allocated_gib": 7.100411891937256, "gpu_time_budget": null, "module": "model.layers.0.mlp.down_proj", "step": 6656}
{"stage": "sequential-round-coordinate", "pid": 4075184, "time": 1789706750.9789658, "cuda_visible_devices": "2", "allocated_gib": 5.225467205047607, "reserved_gib": 8.232421875, "peak_allocated_gib": 7.100411891937256, "gpu_time_budget": null, "module": "model.layers.0.mlp.down_proj", "step": 6784}
{"stage": "sequential-round-coordinate", "pid": 4075184, "time": 1789706751.4102228, "cuda_visible_devices": "2", "allocated_gib": 5.225467205047607, "reserved_gib": 8.232421875, "peak_allocated_gib": 7.100411891937256, "gpu_time_budget": null, "module": "model.layers.0.mlp.down_proj", "step": 6912}
{"stage": "sequential-round-coordinate", "pid": 4075184, "time": 1789706751.843833, "cuda_visible_devices": "2", "allocated_gib": 5.225467205047607, "reserved_gib": 8.232421875, "peak_allocated_gib": 7.100411891937256, "gpu_time_budget": null, "module": "model.layers.0.mlp.down_proj", "step": 7040}
{"stage": "sequential-round-coordinate", "pid": 4075184, "time": 1789706752.2755077, "cuda_visible_devices": "2", "allocated_gib": 5.225467205047607, "reserved_gib": 8.232421875, "peak_allocated_gib": 7.100411891937256, "gpu_time_budget": null, "module": "model.layers.0.mlp.down_proj", "step": 7168}
{"stage": "sequential-round-coordinate", "pid": 4075184, "time": 1789706752.7057316, "cuda_visible_devices": "2", "allocated_gib": 5.225467205047607, "reserved_gib": 8.232421875, "peak_allocated_gib": 7.100411891937256, "gpu_time_budget": null, "module": "model.layers.0.mlp.down_proj", "step": 7296}
{"stage": "sequential-round-coordinate", "pid": 4075184, "time": 1789706753.1345909, "cuda_visible_devices": "2", "allocated_gib": 5.225467205047607, "reserved_gib": 8.232421875, "peak_allocated_gib": 7.100411891937256, "gpu_time_budget": null, "module": "model.layers.0.mlp.down_proj", "step": 7424}
{"stage": "sequential-round-coordinate", "pid": 4075184, "time": 1789706753.568251, "cuda_visible_devices": "2", "allocated_gib": 5.225467205047607, "reserved_gib": 8.232421875, "peak_allocated_gib": 7.100411891937256, "gpu_time_budget": null, "module": "model.layers.0.mlp.down_proj", "step": 7552}
{"stage": "sequential-round-coordinate", "pid": 4075184, "time": 1789706754.0022602, "cuda_visible_devices": "2", "allocated_gib": 5.225467205047607, "reserved_gib": 8.232421875, "peak_allocated_gib": 7.100411891937256, "gpu_time_budget": null, "module": "model.layers.0.mlp.down_proj", "step": 7680}
{"stage": "sequential-round-coordinate", "pid": 4075184, "time": 1789706754.431958, "cuda_visible_devices": "2", "allocated_gib": 5.225467205047607, "reserved_gib": 8.232421875, "peak_allocated_gib": 7.100411891937256, "gpu_time_budget": null, "module": "model.layers.0.mlp.down_proj", "step": 7808}
{"stage": "sequential-round-coordinate", "pid": 4075184, "time": 1789706754.8638442, "cuda_visible_devices": "2", "allocated_gib": 5.225467205047607, "reserved_gib": 8.232421875, "peak_allocated_gib": 7.100411891937256, "gpu_time_budget": null, "module": "model.layers.0.mlp.down_proj", "step": 7936}
{"stage": "sequential-round-coordinate", "pid": 4075184, "time": 1789706755.2972698, "cuda_visible_devices": "2", "allocated_gib": 5.225467205047607, "reserved_gib": 8.232421875, "peak_allocated_gib": 7.100411891937256, "gpu_time_budget": null, "module": "model.layers.0.mlp.down_proj", "step": 8064}
{"stage": "sequential-round-coordinate", "pid": 4075184, "time": 1789706755.7693267, "cuda_visible_devices": "2", "allocated_gib": 5.225467205047607, "reserved_gib": 8.232421875, "peak_allocated_gib": 7.100411891937256, "gpu_time_budget": null, "module": "model.layers.0.mlp.down_proj", "step": 8192}
{"stage": "sequential-round-train-nll", "pid": 4075184, "time": 1789706755.8201563, "cuda_visible_devices": "2", "allocated_gib": 3.7957167625427246, "reserved_gib": 3.80078125, "peak_allocated_gib": 7.100411891937256, "gpu_time_budget": null, "module": "model.layers.0.mlp.down_proj", "step": 512}
Evaluation segment 1/1: start=0, windows=8, seqlen=2048
{"stage": "sequential-round-train-nll", "pid": 4075184, "time": 1789706757.7195024, "cuda_visible_devices": "2", "allocated_gib": 3.7957167625427246, "reserved_gib": 5.978515625, "peak_allocated_gib": 7.100411891937256, "gpu_time_budget": null, "module": "model.layers.0.mlp.down_proj", "step": 2048}
Evaluation segment 1/1: start=0, windows=8, seqlen=2048
{"stage": "sequential-round-train-nll", "pid": 4075184, "time": 1789706759.586904, "cuda_visible_devices": "2", "allocated_gib": 3.7957167625427246, "reserved_gib": 5.978515625, "peak_allocated_gib": 7.100411891937256, "gpu_time_budget": null, "module": "model.layers.0.mlp.down_proj", "step": 8192}
Evaluation segment 1/1: start=0, windows=8, seqlen=2048
{"stage": "sequential-module-completed", "pid": 4075184, "time": 1789706761.4695563, "cuda_visible_devices": "2", "allocated_gib": 3.7957167625427246, "reserved_gib": 5.978515625, "peak_allocated_gib": 7.100411891937256, "gpu_time_budget": null, "module": "model.layers.0.mlp.down_proj", "completed": 1, "total": 28, "selected_train_nll": 2.69476843058009, "elapsed_seconds": 34.19656851293985}
{"stage": "sequential-round-fit", "pid": 4075184, "time": 1789706762.0700145, "cuda_visible_devices": "2", "allocated_gib": 3.7957167625427246, "reserved_gib": 5.978515625, "peak_allocated_gib": 7.100411891937256, "gpu_time_budget": null, "module": "model.layers.1.mlp.down_proj", "fit_rows": 49152, "heldout_rows": 16384}
{"stage": "sequential-round-coordinate", "pid": 4075184, "time": 1789706762.7365868, "cuda_visible_devices": "2", "allocated_gib": 5.225467205047607, "reserved_gib": 8.228515625, "peak_allocated_gib": 7.100411891937256, "gpu_time_budget": null, "module": "model.layers.1.mlp.down_proj", "step": 128}
{"stage": "sequential-round-coordinate", "pid": 4075184, "time": 1789706763.1676114, "cuda_visible_devices": "2", "allocated_gib": 5.225467205047607, "reserved_gib": 8.228515625, "peak_allocated_gib": 7.100411891937256, "gpu_time_budget": null, "module": "model.layers.1.mlp.down_proj", "step": 256}
{"stage": "sequential-round-coordinate", "pid": 4075184, "time": 1789706763.5998285, "cuda_visible_devices": "2", "allocated_gib": 5.225467205047607, "reserved_gib": 8.228515625, "peak_allocated_gib": 7.100411891937256, "gpu_time_budget": null, "module": "model.layers.1.mlp.down_proj", "step": 384}
{"stage": "sequential-round-coordinate", "pid": 4075184, "time": 1789706764.0746448, "cuda_visible_devices": "2", "allocated_gib": 5.225467205047607, "reserved_gib": 8.228515625, "peak_allocated_gib": 7.100411891937256, "gpu_time_budget": null, "module": "model.layers.1.mlp.down_proj", "step": 512}
{"stage": "sequential-round-coordinate", "pid": 4075184, "time": 1789706764.5029411, "cuda_visible_devices": "2", "allocated_gib": 5.225467205047607, "reserved_gib": 8.228515625, "peak_allocated_gib": 7.100411891937256, "gpu_time_budget": null, "module": "model.layers.1.mlp.down_proj", "step": 640}
{"stage": "sequential-round-coordinate", "pid": 4075184, "time": 1789706764.934366, "cuda_visible_devices": "2", "allocated_gib": 5.225467205047607, "reserved_gib": 8.228515625, "peak_allocated_gib": 7.100411891937256, "gpu_time_budget": null, "module": "model.layers.1.mlp.down_proj", "step": 768}
{"stage": "sequential-round-coordinate", "pid": 4075184, "time": 1789706765.3659282, "cuda_visible_devices": "2", "allocated_gib": 5.225467205047607, "reserved_gib": 8.228515625, "peak_allocated_gib": 7.100411891937256, "gpu_time_budget": null, "module": "model.layers.1.mlp.down_proj", "step": 896}
{"stage": "sequential-round-coordinate", "pid": 4075184, "time": 1789706765.7959728, "cuda_visible_devices": "2", "allocated_gib": 5.225467205047607, "reserved_gib": 8.228515625, "peak_allocated_gib": 7.100411891937256, "gpu_time_budget": null, "module": "model.layers.1.mlp.down_proj", "step": 1024}
{"stage": "sequential-round-coordinate", "pid": 4075184, "time": 1789706766.2274215, "cuda_visible_devices": "2", "allocated_gib": 5.225467205047607, "reserved_gib": 8.228515625, "peak_allocated_gib": 7.100411891937256, "gpu_time_budget": null, "module": "model.layers.1.mlp.down_proj", "step": 1152}
{"stage": "sequential-round-coordinate", "pid": 4075184, "time": 1789706766.6581285, "cuda_visible_devices": "2", "allocated_gib": 5.225467205047607, "reserved_gib": 8.228515625, "peak_allocated_gib": 7.100411891937256, "gpu_time_budget": null, "module": "model.layers.1.mlp.down_proj", "step": 1280}
{"stage": "sequential-round-coordinate", "pid": 4075184, "time": 1789706767.0900486, "cuda_visible_devices": "2", "allocated_gib": 5.225467205047607, "reserved_gib": 8.228515625, "peak_allocated_gib": 7.100411891937256, "gpu_time_budget": null, "module": "model.layers.1.mlp.down_proj", "step": 1408}
{"stage": "sequential-round-coordinate", "pid": 4075184, "time": 1789706767.5212948, "cuda_visible_devices": "2", "allocated_gib": 5.225467205047607, "reserved_gib": 8.228515625, "peak_allocated_gib": 7.100411891937256, "gpu_time_budget": null, "module": "model.layers.1.mlp.down_proj", "step": 1536}
{"stage": "sequential-round-coordinate", "pid": 4075184, "time": 1789706767.9519405, "cuda_visible_devices": "2", "allocated_gib": 5.225467205047607, "reserved_gib": 8.228515625, "peak_allocated_gib": 7.100411891937256, "gpu_time_budget": null, "module": "model.layers.1.mlp.down_proj", "step": 1664}
{"stage": "sequential-round-coordinate", "pid": 4075184, "time": 1789706768.3833375, "cuda_visible_devices": "2", "allocated_gib": 5.225467205047607, "reserved_gib": 8.228515625, "peak_allocated_gib": 7.100411891937256, "gpu_time_budget": null, "module": "model.layers.1.mlp.down_proj", "step": 1792}
{"stage": "sequential-round-coordinate", "pid": 4075184, "time": 1789706768.8143702, "cuda_visible_devices": "2", "allocated_gib": 5.225467205047607, "reserved_gib": 8.228515625, "peak_allocated_gib": 7.100411891937256, "gpu_time_budget": null, "module": "model.layers.1.mlp.down_proj", "step": 1920}
{"stage": "sequential-round-coordinate", "pid": 4075184, "time": 1789706769.283765, "cuda_visible_devices": "2", "allocated_gib": 5.225467205047607, "reserved_gib": 8.228515625, "peak_allocated_gib": 7.100411891937256, "gpu_time_budget": null, "module": "model.layers.1.mlp.down_proj", "step": 2048}
{"stage": "sequential-round-coordinate", "pid": 4075184, "time": 1789706769.7149382, "cuda_visible_devices": "2", "allocated_gib": 5.225467205047607, "reserved_gib": 8.228515625, "peak_allocated_gib": 7.100411891937256, "gpu_time_budget": null, "module": "model.layers.1.mlp.down_proj", "step": 2176}
{"stage": "sequential-round-coordinate", "pid": 4075184, "time": 1789706770.1453915, "cuda_visible_devices": "2", "allocated_gib": 5.225467205047607, "reserved_gib": 8.228515625, "peak_allocated_gib": 7.100411891937256, "gpu_time_budget": null, "module": "model.layers.1.mlp.down_proj", "step": 2304}
{"stage": "sequential-round-coordinate", "pid": 4075184, "time": 1789706770.5761676, "cuda_visible_devices": "2", "allocated_gib": 5.225467205047607, "reserved_gib": 8.228515625, "peak_allocated_gib": 7.100411891937256, "gpu_time_budget": null, "module": "model.layers.1.mlp.down_proj", "step": 2432}
{"stage": "sequential-round-coordinate", "pid": 4075184, "time": 1789706771.006218, "cuda_visible_devices": "2", "allocated_gib": 5.225467205047607, "reserved_gib": 8.228515625, "peak_allocated_gib": 7.100411891937256, "gpu_time_budget": null, "module": "model.layers.1.mlp.down_proj", "step": 2560}
{"stage": "sequential-round-coordinate", "pid": 4075184, "time": 1789706771.4369597, "cuda_visible_devices": "2", "allocated_gib": 5.225467205047607, "reserved_gib": 8.228515625, "peak_allocated_gib": 7.100411891937256, "gpu_time_budget": null, "module": "model.layers.1.mlp.down_proj", "step": 2688}
{"stage": "sequential-round-coordinate", "pid": 4075184, "time": 1789706771.867675, "cuda_visible_devices": "2", "allocated_gib": 5.225467205047607, "reserved_gib": 8.228515625, "peak_allocated_gib": 7.100411891937256, "gpu_time_budget": null, "module": "model.layers.1.mlp.down_proj", "step": 2816}
{"stage": "sequential-round-coordinate", "pid": 4075184, "time": 1789706772.2977533, "cuda_visible_devices": "2", "allocated_gib": 5.225467205047607, "reserved_gib": 8.228515625, "peak_allocated_gib": 7.100411891937256, "gpu_time_budget": null, "module": "model.layers.1.mlp.down_proj", "step": 2944}
{"stage": "sequential-round-coordinate", "pid": 4075184, "time": 1789706772.7299125, "cuda_visible_devices": "2", "allocated_gib": 5.225467205047607, "reserved_gib": 8.228515625, "peak_allocated_gib": 7.100411891937256, "gpu_time_budget": null, "module": "model.layers.1.mlp.down_proj", "step": 3072}
{"stage": "sequential-round-coordinate", "pid": 4075184, "time": 1789706773.1616163, "cuda_visible_devices": "2", "allocated_gib": 5.225467205047607, "reserved_gib": 8.228515625, "peak_allocated_gib": 7.100411891937256, "gpu_time_budget": null, "module": "model.layers.1.mlp.down_proj", "step": 3200}
{"stage": "sequential-round-coordinate", "pid": 4075184, "time": 1789706773.5922728, "cuda_visible_devices": "2", "allocated_gib": 5.225467205047607, "reserved_gib": 8.228515625, "peak_allocated_gib": 7.100411891937256, "gpu_time_budget": null, "module": "model.layers.1.mlp.down_proj", "step": 3328}
{"stage": "sequential-round-coordinate", "pid": 4075184, "time": 1789706774.025429, "cuda_visible_devices": "2", "allocated_gib": 5.225467205047607, "reserved_gib": 8.228515625, "peak_allocated_gib": 7.100411891937256, "gpu_time_budget": null, "module": "model.layers.1.mlp.down_proj", "step": 3456}
{"stage": "sequential-round-coordinate", "pid": 4075184, "time": 1789706774.4558656, "cuda_visible_devices": "2", "allocated_gib": 5.225467205047607, "reserved_gib": 8.228515625, "peak_allocated_gib": 7.100411891937256, "gpu_time_budget": null, "module": "model.layers.1.mlp.down_proj", "step": 3584}
{"stage": "sequential-round-coordinate", "pid": 4075184, "time": 1789706774.885201, "cuda_visible_devices": "2", "allocated_gib": 5.225467205047607, "reserved_gib": 8.228515625, "peak_allocated_gib": 7.100411891937256, "gpu_time_budget": null, "module": "model.layers.1.mlp.down_proj", "step": 3712}
{"stage": "sequential-round-coordinate", "pid": 4075184, "time": 1789706775.3156476, "cuda_visible_devices": "2", "allocated_gib": 5.225467205047607, "reserved_gib": 8.228515625, "peak_allocated_gib": 7.100411891937256, "gpu_time_budget": null, "module": "model.layers.1.mlp.down_proj", "step": 3840}
{"stage": "sequential-round-coordinate", "pid": 4075184, "time": 1789706775.7482367, "cuda_visible_devices": "2", "allocated_gib": 5.225467205047607, "reserved_gib": 8.228515625, "peak_allocated_gib": 7.100411891937256, "gpu_time_budget": null, "module": "model.layers.1.mlp.down_proj", "step": 3968}
{"stage": "sequential-round-coordinate", "pid": 4075184, "time": 1789706776.1779695, "cuda_visible_devices": "2", "allocated_gib": 5.225467205047607, "reserved_gib": 8.228515625, "peak_allocated_gib": 7.100411891937256, "gpu_time_budget": null, "module": "model.layers.1.mlp.down_proj", "step": 4096}
{"stage": "sequential-round-coordinate", "pid": 4075184, "time": 1789706776.605387, "cuda_visible_devices": "2", "allocated_gib": 5.225467205047607, "reserved_gib": 8.228515625, "peak_allocated_gib": 7.100411891937256, "gpu_time_budget": null, "module": "model.layers.1.mlp.down_proj", "step": 4224}
{"stage": "sequential-round-coordinate", "pid": 4075184, "time": 1789706777.0329797, "cuda_visible_devices": "2", "allocated_gib": 5.225467205047607, "reserved_gib": 8.228515625, "peak_allocated_gib": 7.100411891937256, "gpu_time_budget": null, "module": "model.layers.1.mlp.down_proj", "step": 4352}
{"stage": "sequential-round-coordinate", "pid": 4075184, "time": 1789706777.459697, "cuda_visible_devices": "2", "allocated_gib": 5.225467205047607, "reserved_gib": 8.228515625, "peak_allocated_gib": 7.100411891937256, "gpu_time_budget": null, "module": "model.layers.1.mlp.down_proj", "step": 4480}
{"stage": "sequential-round-coordinate", "pid": 4075184, "time": 1789706777.8872464, "cuda_visible_devices": "2", "allocated_gib": 5.225467205047607, "reserved_gib": 8.228515625, "peak_allocated_gib": 7.100411891937256, "gpu_time_budget": null, "module": "model.layers.1.mlp.down_proj", "step": 4608}
{"stage": "sequential-round-coordinate", "pid": 4075184, "time": 1789706778.3152304, "cuda_visible_devices": "2", "allocated_gib": 5.225467205047607, "reserved_gib": 8.228515625, "peak_allocated_gib": 7.100411891937256, "gpu_time_budget": null, "module": "model.layers.1.mlp.down_proj", "step": 4736}
{"stage": "sequential-round-coordinate", "pid": 4075184, "time": 1789706778.7440982, "cuda_visible_devices": "2", "allocated_gib": 5.225467205047607, "reserved_gib": 8.228515625, "peak_allocated_gib": 7.100411891937256, "gpu_time_budget": null, "module": "model.layers.1.mlp.down_proj", "step": 4864}
{"stage": "sequential-round-coordinate", "pid": 4075184, "time": 1789706779.1752136, "cuda_visible_devices": "2", "allocated_gib": 5.225467205047607, "reserved_gib": 8.228515625, "peak_allocated_gib": 7.100411891937256, "gpu_time_budget": null, "module": "model.layers.1.mlp.down_proj", "step": 4992}
{"stage": "sequential-round-coordinate", "pid": 4075184, "time": 1789706779.6050375, "cuda_visible_devices": "2", "allocated_gib": 5.225467205047607, "reserved_gib": 8.228515625, "peak_allocated_gib": 7.100411891937256, "gpu_time_budget": null, "module": "model.layers.1.mlp.down_proj", "step": 5120}
{"stage": "sequential-round-coordinate", "pid": 4075184, "time": 1789706780.0331821, "cuda_visible_devices": "2", "allocated_gib": 5.225467205047607, "reserved_gib": 8.228515625, "peak_allocated_gib": 7.100411891937256, "gpu_time_budget": null, "module": "model.layers.1.mlp.down_proj", "step": 5248}
{"stage": "sequential-round-coordinate", "pid": 4075184, "time": 1789706780.471509, "cuda_visible_devices": "2", "allocated_gib": 5.225467205047607, "reserved_gib": 8.228515625, "peak_allocated_gib": 7.100411891937256, "gpu_time_budget": null, "module": "model.layers.1.mlp.down_proj", "step": 5376}
{"stage": "sequential-round-coordinate", "pid": 4075184, "time": 1789706780.9004118, "cuda_visible_devices": "2", "allocated_gib": 5.225467205047607, "reserved_gib": 8.228515625, "peak_allocated_gib": 7.100411891937256, "gpu_time_budget": null, "module": "model.layers.1.mlp.down_proj", "step": 5504}
{"stage": "sequential-round-coordinate", "pid": 4075184, "time": 1789706781.3306847, "cuda_visible_devices": "2", "allocated_gib": 5.225467205047607, "reserved_gib": 8.228515625, "peak_allocated_gib": 7.100411891937256, "gpu_time_budget": null, "module": "model.layers.1.mlp.down_proj", "step": 5632}
{"stage": "sequential-round-coordinate", "pid": 4075184, "time": 1789706781.7610037, "cuda_visible_devices": "2", "allocated_gib": 5.225467205047607, "reserved_gib": 8.228515625, "peak_allocated_gib": 7.100411891937256, "gpu_time_budget": null, "module": "model.layers.1.mlp.down_proj", "step": 5760}
{"stage": "sequential-round-coordinate", "pid": 4075184, "time": 1789706782.1899781, "cuda_visible_devices": "2", "allocated_gib": 5.225467205047607, "reserved_gib": 8.228515625, "peak_allocated_gib": 7.100411891937256, "gpu_time_budget": null, "module": "model.layers.1.mlp.down_proj", "step": 5888}
{"stage": "sequential-round-coordinate", "pid": 4075184, "time": 1789706782.6189342, "cuda_visible_devices": "2", "allocated_gib": 5.225467205047607, "reserved_gib": 8.228515625, "peak_allocated_gib": 7.100411891937256, "gpu_time_budget": null, "module": "model.layers.1.mlp.down_proj", "step": 6016}
{"stage": "sequential-round-coordinate", "pid": 4075184, "time": 1789706783.0487363, "cuda_visible_devices": "2", "allocated_gib": 5.225467205047607, "reserved_gib": 8.228515625, "peak_allocated_gib": 7.100411891937256, "gpu_time_budget": null, "module": "model.layers.1.mlp.down_proj", "step": 6144}
{"stage": "sequential-round-coordinate", "pid": 4075184, "time": 1789706783.4819126, "cuda_visible_devices": "2", "allocated_gib": 5.225467205047607, "reserved_gib": 8.228515625, "peak_allocated_gib": 7.100411891937256, "gpu_time_budget": null, "module": "model.layers.1.mlp.down_proj", "step": 6272}
{"stage": "sequential-round-coordinate", "pid": 4075184, "time": 1789706783.9185538, "cuda_visible_devices": "2", "allocated_gib": 5.225467205047607, "reserved_gib": 8.228515625, "peak_allocated_gib": 7.100411891937256, "gpu_time_budget": null, "module": "model.layers.1.mlp.down_proj", "step": 6400}
{"stage": "sequential-round-coordinate", "pid": 4075184, "time": 1789706784.3516884, "cuda_visible_devices": "2", "allocated_gib": 5.225467205047607, "reserved_gib": 8.228515625, "peak_allocated_gib": 7.100411891937256, "gpu_time_budget": null, "module": "model.layers.1.mlp.down_proj", "step": 6528}
{"stage": "sequential-round-coordinate", "pid": 4075184, "time": 1789706784.789032, "cuda_visible_devices": "2", "allocated_gib": 5.225467205047607, "reserved_gib": 8.228515625, "peak_allocated_gib": 7.100411891937256, "gpu_time_budget": null, "module": "model.layers.1.mlp.down_proj", "step": 6656}
{"stage": "sequential-round-coordinate", "pid": 4075184, "time": 1789706785.2223647, "cuda_visible_devices": "2", "allocated_gib": 5.225467205047607, "reserved_gib": 8.228515625, "peak_allocated_gib": 7.100411891937256, "gpu_time_budget": null, "module": "model.layers.1.mlp.down_proj", "step": 6784}
{"stage": "sequential-round-coordinate", "pid": 4075184, "time": 1789706785.6549952, "cuda_visible_devices": "2", "allocated_gib": 5.225467205047607, "reserved_gib": 8.228515625, "peak_allocated_gib": 7.100411891937256, "gpu_time_budget": null, "module": "model.layers.1.mlp.down_proj", "step": 6912}
{"stage": "sequential-round-coordinate", "pid": 4075184, "time": 1789706786.0875452, "cuda_visible_devices": "2", "allocated_gib": 5.225467205047607, "reserved_gib": 8.228515625, "peak_allocated_gib": 7.100411891937256, "gpu_time_budget": null, "module": "model.layers.1.mlp.down_proj", "step": 7040}
{"stage": "sequential-round-coordinate", "pid": 4075184, "time": 1789706786.5243292, "cuda_visible_devices": "2", "allocated_gib": 5.225467205047607, "reserved_gib": 8.228515625, "peak_allocated_gib": 7.100411891937256, "gpu_time_budget": null, "module": "model.layers.1.mlp.down_proj", "step": 7168}
{"stage": "sequential-round-coordinate", "pid": 4075184, "time": 1789706786.9921727, "cuda_visible_devices": "2", "allocated_gib": 5.225467205047607, "reserved_gib": 8.228515625, "peak_allocated_gib": 7.100411891937256, "gpu_time_budget": null, "module": "model.layers.1.mlp.down_proj", "step": 7296}
{"stage": "sequential-round-coordinate", "pid": 4075184, "time": 1789706787.4597416, "cuda_visible_devices": "2", "allocated_gib": 5.225467205047607, "reserved_gib": 8.228515625, "peak_allocated_gib": 7.100411891937256, "gpu_time_budget": null, "module": "model.layers.1.mlp.down_proj", "step": 7424}
{"stage": "sequential-round-coordinate", "pid": 4075184, "time": 1789706787.9285917, "cuda_visible_devices": "2", "allocated_gib": 5.225467205047607, "reserved_gib": 8.228515625, "peak_allocated_gib": 7.100411891937256, "gpu_time_budget": null, "module": "model.layers.1.mlp.down_proj", "step": 7552}
{"stage": "sequential-round-coordinate", "pid": 4075184, "time": 1789706788.3960762, "cuda_visible_devices": "2", "allocated_gib": 5.225467205047607, "reserved_gib": 8.228515625, "peak_allocated_gib": 7.100411891937256, "gpu_time_budget": null, "module": "model.layers.1.mlp.down_proj", "step": 7680}
{"stage": "sequential-round-coordinate", "pid": 4075184, "time": 1789706788.8653076, "cuda_visible_devices": "2", "allocated_gib": 5.225467205047607, "reserved_gib": 8.228515625, "peak_allocated_gib": 7.100411891937256, "gpu_time_budget": null, "module": "model.layers.1.mlp.down_proj", "step": 7808}
{"stage": "sequential-round-coordinate", "pid": 4075184, "time": 1789706789.332173, "cuda_visible_devices": "2", "allocated_gib": 5.225467205047607, "reserved_gib": 8.228515625, "peak_allocated_gib": 7.100411891937256, "gpu_time_budget": null, "module": "model.layers.1.mlp.down_proj", "step": 7936}
{"stage": "sequential-round-coordinate", "pid": 4075184, "time": 1789706789.800863, "cuda_visible_devices": "2", "allocated_gib": 5.225467205047607, "reserved_gib": 8.228515625, "peak_allocated_gib": 7.100411891937256, "gpu_time_budget": null, "module": "model.layers.1.mlp.down_proj", "step": 8064}
{"stage": "sequential-round-coordinate", "pid": 4075184, "time": 1789706790.3123372, "cuda_visible_devices": "2", "allocated_gib": 5.225467205047607, "reserved_gib": 8.228515625, "peak_allocated_gib": 7.100411891937256, "gpu_time_budget": null, "module": "model.layers.1.mlp.down_proj", "step": 8192}
{"stage": "sequential-round-train-nll", "pid": 4075184, "time": 1789706790.3603122, "cuda_visible_devices": "2", "allocated_gib": 3.7957167625427246, "reserved_gib": 3.80078125, "peak_allocated_gib": 7.100411891937256, "gpu_time_budget": null, "module": "model.layers.1.mlp.down_proj", "step": 512}
Evaluation segment 1/1: start=0, windows=8, seqlen=2048
{"stage": "sequential-round-train-nll", "pid": 4075184, "time": 1789706792.3856018, "cuda_visible_devices": "2", "allocated_gib": 3.7957167625427246, "reserved_gib": 5.978515625, "peak_allocated_gib": 7.100411891937256, "gpu_time_budget": null, "module": "model.layers.1.mlp.down_proj", "step": 2048}
Evaluation segment 1/1: start=0, windows=8, seqlen=2048
{"stage": "sequential-round-train-nll", "pid": 4075184, "time": 1789706794.513108, "cuda_visible_devices": "2", "allocated_gib": 3.7957167625427246, "reserved_gib": 5.978515625, "peak_allocated_gib": 7.100411891937256, "gpu_time_budget": null, "module": "model.layers.1.mlp.down_proj", "step": 8192}
Evaluation segment 1/1: start=0, windows=8, seqlen=2048
{"stage": "sequential-module-completed", "pid": 4075184, "time": 1789706799.0136564, "cuda_visible_devices": "2", "allocated_gib": 3.7957167625427246, "reserved_gib": 5.978515625, "peak_allocated_gib": 7.100411891937256, "gpu_time_budget": null, "module": "model.layers.1.mlp.down_proj", "completed": 2, "total": 28, "selected_train_nll": 2.69476843058009, "elapsed_seconds": 71.74066879390739}
{"stage": "sequential-round-fit", "pid": 4075184, "time": 1789706800.5865984, "cuda_visible_devices": "2", "allocated_gib": 3.7957167625427246, "reserved_gib": 5.978515625, "peak_allocated_gib": 7.100411891937256, "gpu_time_budget": null, "module": "model.layers.2.mlp.down_proj", "fit_rows": 49152, "heldout_rows": 16384}
{"stage": "sequential-round-coordinate", "pid": 4075184, "time": 1789706801.7713456, "cuda_visible_devices": "2", "allocated_gib": 5.225467205047607, "reserved_gib": 8.228515625, "peak_allocated_gib": 7.100411891937256, "gpu_time_budget": null, "module": "model.layers.2.mlp.down_proj", "step": 128}
{"stage": "sequential-round-coordinate", "pid": 4075184, "time": 1789706802.661944, "cuda_visible_devices": "2", "allocated_gib": 5.225467205047607, "reserved_gib": 8.228515625, "peak_allocated_gib": 7.100411891937256, "gpu_time_budget": null, "module": "model.layers.2.mlp.down_proj", "step": 256}
{"stage": "sequential-round-coordinate", "pid": 4075184, "time": 1789706803.1026535, "cuda_visible_devices": "2", "allocated_gib": 5.225467205047607, "reserved_gib": 8.228515625, "peak_allocated_gib": 7.100411891937256, "gpu_time_budget": null, "module": "model.layers.2.mlp.down_proj", "step": 384}
{"stage": "sequential-round-coordinate", "pid": 4075184, "time": 1789706803.5835805, "cuda_visible_devices": "2", "allocated_gib": 5.225467205047607, "reserved_gib": 8.228515625, "peak_allocated_gib": 7.100411891937256, "gpu_time_budget": null, "module": "model.layers.2.mlp.down_proj", "step": 512}
{"stage": "sequential-round-coordinate", "pid": 4075184, "time": 1789706804.0202878, "cuda_visible_devices": "2", "allocated_gib": 5.225467205047607, "reserved_gib": 8.228515625, "peak_allocated_gib": 7.100411891937256, "gpu_time_budget": null, "module": "model.layers.2.mlp.down_proj", "step": 640}
{"stage": "sequential-round-coordinate", "pid": 4075184, "time": 1789706804.4895148, "cuda_visible_devices": "2", "allocated_gib": 5.225467205047607, "reserved_gib": 8.228515625, "peak_allocated_gib": 7.100411891937256, "gpu_time_budget": null, "module": "model.layers.2.mlp.down_proj", "step": 768}
{"stage": "sequential-round-coordinate", "pid": 4075184, "time": 1789706804.9556413, "cuda_visible_devices": "2", "allocated_gib": 5.225467205047607, "reserved_gib": 8.228515625, "peak_allocated_gib": 7.100411891937256, "gpu_time_budget": null, "module": "model.layers.2.mlp.down_proj", "step": 896}
{"stage": "sequential-round-coordinate", "pid": 4075184, "time": 1789706805.424203, "cuda_visible_devices": "2", "allocated_gib": 5.225467205047607, "reserved_gib": 8.228515625, "peak_allocated_gib": 7.100411891937256, "gpu_time_budget": null, "module": "model.layers.2.mlp.down_proj", "step": 1024}
{"stage": "sequential-round-coordinate", "pid": 4075184, "time": 1789706805.888157, "cuda_visible_devices": "2", "allocated_gib": 5.225467205047607, "reserved_gib": 8.228515625, "peak_allocated_gib": 7.100411891937256, "gpu_time_budget": null, "module": "model.layers.2.mlp.down_proj", "step": 1152}
{"stage": "sequential-round-coordinate", "pid": 4075184, "time": 1789706806.354701, "cuda_visible_devices": "2", "allocated_gib": 5.225467205047607, "reserved_gib": 8.228515625, "peak_allocated_gib": 7.100411891937256, "gpu_time_budget": null, "module": "model.layers.2.mlp.down_proj", "step": 1280}
{"stage": "sequential-round-coordinate", "pid": 4075184, "time": 1789706806.8175926, "cuda_visible_devices": "2", "allocated_gib": 5.225467205047607, "reserved_gib": 8.228515625, "peak_allocated_gib": 7.100411891937256, "gpu_time_budget": null, "module": "model.layers.2.mlp.down_proj", "step": 1408}
{"stage": "sequential-round-coordinate", "pid": 4075184, "time": 1789706807.28445, "cuda_visible_devices": "2", "allocated_gib": 5.225467205047607, "reserved_gib": 8.228515625, "peak_allocated_gib": 7.100411891937256, "gpu_time_budget": null, "module": "model.layers.2.mlp.down_proj", "step": 1536}
{"stage": "sequential-round-coordinate", "pid": 4075184, "time": 1789706807.7504609, "cuda_visible_devices": "2", "allocated_gib": 5.225467205047607, "reserved_gib": 8.228515625, "peak_allocated_gib": 7.100411891937256, "gpu_time_budget": null, "module": "model.layers.2.mlp.down_proj", "step": 1664}
{"stage": "sequential-round-coordinate", "pid": 4075184, "time": 1789706808.2172902, "cuda_visible_devices": "2", "allocated_gib": 5.225467205047607, "reserved_gib": 8.228515625, "peak_allocated_gib": 7.100411891937256, "gpu_time_budget": null, "module": "model.layers.2.mlp.down_proj", "step": 1792}
{"stage": "sequential-round-coordinate", "pid": 4075184, "time": 1789706808.6810954, "cuda_visible_devices": "2", "allocated_gib": 5.225467205047607, "reserved_gib": 8.228515625, "peak_allocated_gib": 7.100411891937256, "gpu_time_budget": null, "module": "model.layers.2.mlp.down_proj", "step": 1920}
{"stage": "sequential-round-coordinate", "pid": 4075184, "time": 1789706809.2022882, "cuda_visible_devices": "2", "allocated_gib": 5.225467205047607, "reserved_gib": 8.228515625, "peak_allocated_gib": 7.100411891937256, "gpu_time_budget": null, "module": "model.layers.2.mlp.down_proj", "step": 2048}
{"stage": "sequential-round-coordinate", "pid": 4075184, "time": 1789706809.665771, "cuda_visible_devices": "2", "allocated_gib": 5.225467205047607, "reserved_gib": 8.228515625, "peak_allocated_gib": 7.100411891937256, "gpu_time_budget": null, "module": "model.layers.2.mlp.down_proj", "step": 2176}
{"stage": "sequential-round-coordinate", "pid": 4075184, "time": 1789706810.1265507, "cuda_visible_devices": "2", "allocated_gib": 5.225467205047607, "reserved_gib": 8.228515625, "peak_allocated_gib": 7.100411891937256, "gpu_time_budget": null, "module": "model.layers.2.mlp.down_proj", "step": 2304}
{"stage": "sequential-round-coordinate", "pid": 4075184, "time": 1789706810.5904093, "cuda_visible_devices": "2", "allocated_gib": 5.225467205047607, "reserved_gib": 8.228515625, "peak_allocated_gib": 7.100411891937256, "gpu_time_budget": null, "module": "model.layers.2.mlp.down_proj", "step": 2432}
{"stage": "sequential-round-coordinate", "pid": 4075184, "time": 1789706811.0605884, "cuda_visible_devices": "2", "allocated_gib": 5.225467205047607, "reserved_gib": 8.228515625, "peak_allocated_gib": 7.100411891937256, "gpu_time_budget": null, "module": "model.layers.2.mlp.down_proj", "step": 2560}
{"stage": "sequential-round-coordinate", "pid": 4075184, "time": 1789706811.528943, "cuda_visible_devices": "2", "allocated_gib": 5.225467205047607, "reserved_gib": 8.228515625, "peak_allocated_gib": 7.100411891937256, "gpu_time_budget": null, "module": "model.layers.2.mlp.down_proj", "step": 2688}
{"stage": "sequential-round-coordinate", "pid": 4075184, "time": 1789706811.9982734, "cuda_visible_devices": "2", "allocated_gib": 5.225467205047607, "reserved_gib": 8.228515625, "peak_allocated_gib": 7.100411891937256, "gpu_time_budget": null, "module": "model.layers.2.mlp.down_proj", "step": 2816}
{"stage": "sequential-round-coordinate", "pid": 4075184, "time": 1789706812.4627867, "cuda_visible_devices": "2", "allocated_gib": 5.225467205047607, "reserved_gib": 8.228515625, "peak_allocated_gib": 7.100411891937256, "gpu_time_budget": null, "module": "model.layers.2.mlp.down_proj", "step": 2944}
{"stage": "sequential-round-coordinate", "pid": 4075184, "time": 1789706812.9188864, "cuda_visible_devices": "2", "allocated_gib": 5.225467205047607, "reserved_gib": 8.228515625, "peak_allocated_gib": 7.100411891937256, "gpu_time_budget": null, "module": "model.layers.2.mlp.down_proj", "step": 3072}
{"stage": "sequential-round-coordinate", "pid": 4075184, "time": 1789706813.3560805, "cuda_visible_devices": "2", "allocated_gib": 5.225467205047607, "reserved_gib": 8.228515625, "peak_allocated_gib": 7.100411891937256, "gpu_time_budget": null, "module": "model.layers.2.mlp.down_proj", "step": 3200}
{"stage": "sequential-round-coordinate", "pid": 4075184, "time": 1789706813.7869675, "cuda_visible_devices": "2", "allocated_gib": 5.225467205047607, "reserved_gib": 8.228515625, "peak_allocated_gib": 7.100411891937256, "gpu_time_budget": null, "module": "model.layers.2.mlp.down_proj", "step": 3328}
{"stage": "sequential-round-coordinate", "pid": 4075184, "time": 1789706814.2189674, "cuda_visible_devices": "2", "allocated_gib": 5.225467205047607, "reserved_gib": 8.228515625, "peak_allocated_gib": 7.100411891937256, "gpu_time_budget": null, "module": "model.layers.2.mlp.down_proj", "step": 3456}
{"stage": "sequential-round-coordinate", "pid": 4075184, "time": 1789706814.6495492, "cuda_visible_devices": "2", "allocated_gib": 5.225467205047607, "reserved_gib": 8.228515625, "peak_allocated_gib": 7.100411891937256, "gpu_time_budget": null, "module": "model.layers.2.mlp.down_proj", "step": 3584}
{"stage": "sequential-round-coordinate", "pid": 4075184, "time": 1789706815.0804017, "cuda_visible_devices": "2", "allocated_gib": 5.225467205047607, "reserved_gib": 8.228515625, "peak_allocated_gib": 7.100411891937256, "gpu_time_budget": null, "module": "model.layers.2.mlp.down_proj", "step": 3712}
{"stage": "sequential-round-coordinate", "pid": 4075184, "time": 1789706815.5107412, "cuda_visible_devices": "2", "allocated_gib": 5.225467205047607, "reserved_gib": 8.228515625, "peak_allocated_gib": 7.100411891937256, "gpu_time_budget": null, "module": "model.layers.2.mlp.down_proj", "step": 3840}
{"stage": "sequential-round-coordinate", "pid": 4075184, "time": 1789706815.944068, "cuda_visible_devices": "2", "allocated_gib": 5.225467205047607, "reserved_gib": 8.228515625, "peak_allocated_gib": 7.100411891937256, "gpu_time_budget": null, "module": "model.layers.2.mlp.down_proj", "step": 3968}
{"stage": "sequential-round-coordinate", "pid": 4075184, "time": 1789706816.4008563, "cuda_visible_devices": "2", "allocated_gib": 5.225467205047607, "reserved_gib": 8.228515625, "peak_allocated_gib": 7.100411891937256, "gpu_time_budget": null, "module": "model.layers.2.mlp.down_proj", "step": 4096}
{"stage": "sequential-round-coordinate", "pid": 4075184, "time": 1789706816.849067, "cuda_visible_devices": "2", "allocated_gib": 5.225467205047607, "reserved_gib": 8.228515625, "peak_allocated_gib": 7.100411891937256, "gpu_time_budget": null, "module": "model.layers.2.mlp.down_proj", "step": 4224}
{"stage": "sequential-round-coordinate", "pid": 4075184, "time": 1789706817.3012707, "cuda_visible_devices": "2", "allocated_gib": 5.225467205047607, "reserved_gib": 8.228515625, "peak_allocated_gib": 7.100411891937256, "gpu_time_budget": null, "module": "model.layers.2.mlp.down_proj", "step": 4352}
{"stage": "sequential-round-coordinate", "pid": 4075184, "time": 1789706817.7520027, "cuda_visible_devices": "2", "allocated_gib": 5.225467205047607, "reserved_gib": 8.228515625, "peak_allocated_gib": 7.100411891937256, "gpu_time_budget": null, "module": "model.layers.2.mlp.down_proj", "step": 4480}
{"stage": "sequential-round-coordinate", "pid": 4075184, "time": 1789706818.2060003, "cuda_visible_devices": "2", "allocated_gib": 5.225467205047607, "reserved_gib": 8.228515625, "peak_allocated_gib": 7.100411891937256, "gpu_time_budget": null, "module": "model.layers.2.mlp.down_proj", "step": 4608}
{"stage": "sequential-round-coordinate", "pid": 4075184, "time": 1789706818.6574993, "cuda_visible_devices": "2", "allocated_gib": 5.225467205047607, "reserved_gib": 8.228515625, "peak_allocated_gib": 7.100411891937256, "gpu_time_budget": null, "module": "model.layers.2.mlp.down_proj", "step": 4736}
{"stage": "sequential-round-coordinate", "pid": 4075184, "time": 1789706819.1077795, "cuda_visible_devices": "2", "allocated_gib": 5.225467205047607, "reserved_gib": 8.228515625, "peak_allocated_gib": 7.100411891937256, "gpu_time_budget": null, "module": "model.layers.2.mlp.down_proj", "step": 4864}
{"stage": "sequential-round-coordinate", "pid": 4075184, "time": 1789706819.5637412, "cuda_visible_devices": "2", "allocated_gib": 5.225467205047607, "reserved_gib": 8.228515625, "peak_allocated_gib": 7.100411891937256, "gpu_time_budget": null, "module": "model.layers.2.mlp.down_proj", "step": 4992}
{"stage": "sequential-round-coordinate", "pid": 4075184, "time": 1789706820.0177977, "cuda_visible_devices": "2", "allocated_gib": 5.225467205047607, "reserved_gib": 8.228515625, "peak_allocated_gib": 7.100411891937256, "gpu_time_budget": null, "module": "model.layers.2.mlp.down_proj", "step": 5120}
{"stage": "sequential-round-coordinate", "pid": 4075184, "time": 1789706820.4673667, "cuda_visible_devices": "2", "allocated_gib": 5.225467205047607, "reserved_gib": 8.228515625, "peak_allocated_gib": 7.100411891937256, "gpu_time_budget": null, "module": "model.layers.2.mlp.down_proj", "step": 5248}
{"stage": "sequential-round-coordinate", "pid": 4075184, "time": 1789706820.921113, "cuda_visible_devices": "2", "allocated_gib": 5.225467205047607, "reserved_gib": 8.228515625, "peak_allocated_gib": 7.100411891937256, "gpu_time_budget": null, "module": "model.layers.2.mlp.down_proj", "step": 5376}
{"stage": "sequential-round-coordinate", "pid": 4075184, "time": 1789706821.371305, "cuda_visible_devices": "2", "allocated_gib": 5.225467205047607, "reserved_gib": 8.228515625, "peak_allocated_gib": 7.100411891937256, "gpu_time_budget": null, "module": "model.layers.2.mlp.down_proj", "step": 5504}
{"stage": "sequential-round-coordinate", "pid": 4075184, "time": 1789706821.821483, "cuda_visible_devices": "2", "allocated_gib": 5.225467205047607, "reserved_gib": 8.228515625, "peak_allocated_gib": 7.100411891937256, "gpu_time_budget": null, "module": "model.layers.2.mlp.down_proj", "step": 5632}
{"stage": "sequential-round-coordinate", "pid": 4075184, "time": 1789706822.4794343, "cuda_visible_devices": "2", "allocated_gib": 5.225467205047607, "reserved_gib": 8.228515625, "peak_allocated_gib": 7.100411891937256, "gpu_time_budget": null, "module": "model.layers.2.mlp.down_proj", "step": 5760}
{"stage": "sequential-round-coordinate", "pid": 4075184, "time": 1789706823.139329, "cuda_visible_devices": "2", "allocated_gib": 5.225467205047607, "reserved_gib": 8.228515625, "peak_allocated_gib": 7.100411891937256, "gpu_time_budget": null, "module": "model.layers.2.mlp.down_proj", "step": 5888}
{"stage": "sequential-round-coordinate", "pid": 4075184, "time": 1789706823.7992249, "cuda_visible_devices": "2", "allocated_gib": 5.225467205047607, "reserved_gib": 8.228515625, "peak_allocated_gib": 7.100411891937256, "gpu_time_budget": null, "module": "model.layers.2.mlp.down_proj", "step": 6016}
{"stage": "sequential-round-coordinate", "pid": 4075184, "time": 1789706824.4587257, "cuda_visible_devices": "2", "allocated_gib": 5.225467205047607, "reserved_gib": 8.228515625, "peak_allocated_gib": 7.100411891937256, "gpu_time_budget": null, "module": "model.layers.2.mlp.down_proj", "step": 6144}
{"stage": "sequential-round-coordinate", "pid": 4075184, "time": 1789706825.1184096, "cuda_visible_devices": "2", "allocated_gib": 5.225467205047607, "reserved_gib": 8.228515625, "peak_allocated_gib": 7.100411891937256, "gpu_time_budget": null, "module": "model.layers.2.mlp.down_proj", "step": 6272}
{"stage": "sequential-round-coordinate", "pid": 4075184, "time": 1789706825.7777708, "cuda_visible_devices": "2", "allocated_gib": 5.225467205047607, "reserved_gib": 8.228515625, "peak_allocated_gib": 7.100411891937256, "gpu_time_budget": null, "module": "model.layers.2.mlp.down_proj", "step": 6400}
{"stage": "sequential-round-coordinate", "pid": 4075184, "time": 1789706826.4378695, "cuda_visible_devices": "2", "allocated_gib": 5.225467205047607, "reserved_gib": 8.228515625, "peak_allocated_gib": 7.100411891937256, "gpu_time_budget": null, "module": "model.layers.2.mlp.down_proj", "step": 6528}
{"stage": "sequential-round-coordinate", "pid": 4075184, "time": 1789706827.0873868, "cuda_visible_devices": "2", "allocated_gib": 5.225467205047607, "reserved_gib": 8.228515625, "peak_allocated_gib": 7.100411891937256, "gpu_time_budget": null, "module": "model.layers.2.mlp.down_proj", "step": 6656}
{"stage": "sequential-round-coordinate", "pid": 4075184, "time": 1789706827.597256, "cuda_visible_devices": "2", "allocated_gib": 5.225467205047607, "reserved_gib": 8.228515625, "peak_allocated_gib": 7.100411891937256, "gpu_time_budget": null, "module": "model.layers.2.mlp.down_proj", "step": 6784}
{"stage": "sequential-round-coordinate", "pid": 4075184, "time": 1789706828.0623896, "cuda_visible_devices": "2", "allocated_gib": 5.225467205047607, "reserved_gib": 8.228515625, "peak_allocated_gib": 7.100411891937256, "gpu_time_budget": null, "module": "model.layers.2.mlp.down_proj", "step": 6912}
{"stage": "sequential-round-coordinate", "pid": 4075184, "time": 1789706828.9240656, "cuda_visible_devices": "2", "allocated_gib": 5.225467205047607, "reserved_gib": 8.228515625, "peak_allocated_gib": 7.100411891937256, "gpu_time_budget": null, "module": "model.layers.2.mlp.down_proj", "step": 7040}
{"stage": "sequential-round-coordinate", "pid": 4075184, "time": 1789706829.81038, "cuda_visible_devices": "2", "allocated_gib": 5.225467205047607, "reserved_gib": 8.228515625, "peak_allocated_gib": 7.100411891937256, "gpu_time_budget": null, "module": "model.layers.2.mlp.down_proj", "step": 7168}
{"stage": "sequential-round-coordinate", "pid": 4075184, "time": 1789706830.6998897, "cuda_visible_devices": "2", "allocated_gib": 5.225467205047607, "reserved_gib": 8.228515625, "peak_allocated_gib": 7.100411891937256, "gpu_time_budget": null, "module": "model.layers.2.mlp.down_proj", "step": 7296}
{"stage": "sequential-round-coordinate", "pid": 4075184, "time": 1789706831.5955641, "cuda_visible_devices": "2", "allocated_gib": 5.225467205047607, "reserved_gib": 8.228515625, "peak_allocated_gib": 7.100411891937256, "gpu_time_budget": null, "module": "model.layers.2.mlp.down_proj", "step": 7424}
{"stage": "sequential-round-coordinate", "pid": 4075184, "time": 1789706832.4872346, "cuda_visible_devices": "2", "allocated_gib": 5.225467205047607, "reserved_gib": 8.228515625, "peak_allocated_gib": 7.100411891937256, "gpu_time_budget": null, "module": "model.layers.2.mlp.down_proj", "step": 7552}
{"stage": "sequential-round-coordinate", "pid": 4075184, "time": 1789706833.3800073, "cuda_visible_devices": "2", "allocated_gib": 5.225467205047607, "reserved_gib": 8.228515625, "peak_allocated_gib": 7.100411891937256, "gpu_time_budget": null, "module": "model.layers.2.mlp.down_proj", "step": 7680}
{"stage": "sequential-round-coordinate", "pid": 4075184, "time": 1789706834.2748406, "cuda_visible_devices": "2", "allocated_gib": 5.225467205047607, "reserved_gib": 8.228515625, "peak_allocated_gib": 7.100411891937256, "gpu_time_budget": null, "module": "model.layers.2.mlp.down_proj", "step": 7808}
{"stage": "sequential-round-coordinate", "pid": 4075184, "time": 1789706835.1593726, "cuda_visible_devices": "2", "allocated_gib": 5.225467205047607, "reserved_gib": 8.228515625, "peak_allocated_gib": 7.100411891937256, "gpu_time_budget": null, "module": "model.layers.2.mlp.down_proj", "step": 7936}
{"stage": "sequential-round-coordinate", "pid": 4075184, "time": 1789706836.050515, "cuda_visible_devices": "2", "allocated_gib": 5.225467205047607, "reserved_gib": 8.228515625, "peak_allocated_gib": 7.100411891937256, "gpu_time_budget": null, "module": "model.layers.2.mlp.down_proj", "step": 8064}
{"stage": "sequential-round-coordinate", "pid": 4075184, "time": 1789706837.0300648, "cuda_visible_devices": "2", "allocated_gib": 5.225467205047607, "reserved_gib": 8.228515625, "peak_allocated_gib": 7.100411891937256, "gpu_time_budget": null, "module": "model.layers.2.mlp.down_proj", "step": 8192}
{"stage": "sequential-round-train-nll", "pid": 4075184, "time": 1789706837.0906198, "cuda_visible_devices": "2", "allocated_gib": 3.7957167625427246, "reserved_gib": 3.80078125, "peak_allocated_gib": 7.100411891937256, "gpu_time_budget": null, "module": "model.layers.2.mlp.down_proj", "step": 512}
Evaluation segment 1/1: start=0, windows=8, seqlen=2048
{"stage": "sequential-round-train-nll", "pid": 4075184, "time": 1789706842.1894693, "cuda_visible_devices": "2", "allocated_gib": 3.7957167625427246, "reserved_gib": 5.978515625, "peak_allocated_gib": 7.100411891937256, "gpu_time_budget": null, "module": "model.layers.2.mlp.down_proj", "step": 2048}
Evaluation segment 1/1: start=0, windows=8, seqlen=2048
{"stage": "sequential-round-train-nll", "pid": 4075184, "time": 1789706847.2787254, "cuda_visible_devices": "2", "allocated_gib": 3.7957167625427246, "reserved_gib": 5.978515625, "peak_allocated_gib": 7.100411891937256, "gpu_time_budget": null, "module": "model.layers.2.mlp.down_proj", "step": 8192}
Evaluation segment 1/1: start=0, windows=8, seqlen=2048
{"stage": "sequential-module-completed", "pid": 4075184, "time": 1789706852.3917134, "cuda_visible_devices": "2", "allocated_gib": 3.7957167625427246, "reserved_gib": 5.978515625, "peak_allocated_gib": 7.100411891937256, "gpu_time_budget": null, "module": "model.layers.2.mlp.down_proj", "completed": 3, "total": 28, "selected_train_nll": 2.675088859020122, "elapsed_seconds": 125.11870333692059}
{"stage": "sequential-round-fit", "pid": 4075184, "time": 1789706854.7764385, "cuda_visible_devices": "2", "allocated_gib": 3.7957167625427246, "reserved_gib": 5.978515625, "peak_allocated_gib": 7.100411891937256, "gpu_time_budget": null, "module": "model.layers.3.mlp.down_proj", "fit_rows": 49152, "heldout_rows": 16384}
{"stage": "sequential-round-coordinate", "pid": 4075184, "time": 1789706856.0105376, "cuda_visible_devices": "2", "allocated_gib": 5.225467205047607, "reserved_gib": 8.228515625, "peak_allocated_gib": 7.100411891937256, "gpu_time_budget": null, "module": "model.layers.3.mlp.down_proj", "step": 128}
{"stage": "sequential-round-coordinate", "pid": 4075184, "time": 1789706856.9093592, "cuda_visible_devices": "2", "allocated_gib": 5.225467205047607, "reserved_gib": 8.228515625, "peak_allocated_gib": 7.100411891937256, "gpu_time_budget": null, "module": "model.layers.3.mlp.down_proj", "step": 256}
{"stage": "sequential-round-coordinate", "pid": 4075184, "time": 1789706857.804425, "cuda_visible_devices": "2", "allocated_gib": 5.225467205047607, "reserved_gib": 8.228515625, "peak_allocated_gib": 7.100411891937256, "gpu_time_budget": null, "module": "model.layers.3.mlp.down_proj", "step": 384}
{"stage": "sequential-round-coordinate", "pid": 4075184, "time": 1789706858.7916174, "cuda_visible_devices": "2", "allocated_gib": 5.225467205047607, "reserved_gib": 8.228515625, "peak_allocated_gib": 7.100411891937256, "gpu_time_budget": null, "module": "model.layers.3.mlp.down_proj", "step": 512}
{"stage": "sequential-round-coordinate", "pid": 4075184, "time": 1789706859.6828418, "cuda_visible_devices": "2", "allocated_gib": 5.225467205047607, "reserved_gib": 8.228515625, "peak_allocated_gib": 7.100411891937256, "gpu_time_budget": null, "module": "model.layers.3.mlp.down_proj", "step": 640}
{"stage": "sequential-round-coordinate", "pid": 4075184, "time": 1789706860.5740256, "cuda_visible_devices": "2", "allocated_gib": 5.225467205047607, "reserved_gib": 8.228515625, "peak_allocated_gib": 7.100411891937256, "gpu_time_budget": null, "module": "model.layers.3.mlp.down_proj", "step": 768}
{"stage": "sequential-round-coordinate", "pid": 4075184, "time": 1789706861.462513, "cuda_visible_devices": "2", "allocated_gib": 5.225467205047607, "reserved_gib": 8.228515625, "peak_allocated_gib": 7.100411891937256, "gpu_time_budget": null, "module": "model.layers.3.mlp.down_proj", "step": 896}
{"stage": "sequential-round-coordinate", "pid": 4075184, "time": 1789706862.3587945, "cuda_visible_devices": "2", "allocated_gib": 5.225467205047607, "reserved_gib": 8.228515625, "peak_allocated_gib": 7.100411891937256, "gpu_time_budget": null, "module": "model.layers.3.mlp.down_proj", "step": 1024}
{"stage": "sequential-round-coordinate", "pid": 4075184, "time": 1789706863.261516, "cuda_visible_devices": "2", "allocated_gib": 5.225467205047607, "reserved_gib": 8.228515625, "peak_allocated_gib": 7.100411891937256, "gpu_time_budget": null, "module": "model.layers.3.mlp.down_proj", "step": 1152}
{"stage": "sequential-round-coordinate", "pid": 4075184, "time": 1789706864.1552055, "cuda_visible_devices": "2", "allocated_gib": 5.225467205047607, "reserved_gib": 8.228515625, "peak_allocated_gib": 7.100411891937256, "gpu_time_budget": null, "module": "model.layers.3.mlp.down_proj", "step": 1280}
{"stage": "sequential-round-coordinate", "pid": 4075184, "time": 1789706865.0457783, "cuda_visible_devices": "2", "allocated_gib": 5.225467205047607, "reserved_gib": 8.228515625, "peak_allocated_gib": 7.100411891937256, "gpu_time_budget": null, "module": "model.layers.3.mlp.down_proj", "step": 1408}
{"stage": "sequential-round-coordinate", "pid": 4075184, "time": 1789706865.9308183, "cuda_visible_devices": "2", "allocated_gib": 5.225467205047607, "reserved_gib": 8.228515625, "peak_allocated_gib": 7.100411891937256, "gpu_time_budget": null, "module": "model.layers.3.mlp.down_proj", "step": 1536}
{"stage": "sequential-round-coordinate", "pid": 4075184, "time": 1789706866.8242364, "cuda_visible_devices": "2", "allocated_gib": 5.225467205047607, "reserved_gib": 8.228515625, "peak_allocated_gib": 7.100411891937256, "gpu_time_budget": null, "module": "model.layers.3.mlp.down_proj", "step": 1664}
{"stage": "sequential-round-coordinate", "pid": 4075184, "time": 1789706867.715644, "cuda_visible_devices": "2", "allocated_gib": 5.225467205047607, "reserved_gib": 8.228515625, "peak_allocated_gib": 7.100411891937256, "gpu_time_budget": null, "module": "model.layers.3.mlp.down_proj", "step": 1792}
{"stage": "sequential-round-coordinate", "pid": 4075184, "time": 1789706868.60408, "cuda_visible_devices": "2", "allocated_gib": 5.225467205047607, "reserved_gib": 8.228515625, "peak_allocated_gib": 7.100411891937256, "gpu_time_budget": null, "module": "model.layers.3.mlp.down_proj", "step": 1920}
{"stage": "sequential-round-coordinate", "pid": 4075184, "time": 1789706869.5741775, "cuda_visible_devices": "2", "allocated_gib": 5.225467205047607, "reserved_gib": 8.228515625, "peak_allocated_gib": 7.100411891937256, "gpu_time_budget": null, "module": "model.layers.3.mlp.down_proj", "step": 2048}
{"stage": "sequential-round-coordinate", "pid": 4075184, "time": 1789706870.4669404, "cuda_visible_devices": "2", "allocated_gib": 5.225467205047607, "reserved_gib": 8.228515625, "peak_allocated_gib": 7.100411891937256, "gpu_time_budget": null, "module": "model.layers.3.mlp.down_proj", "step": 2176}
{"stage": "sequential-round-coordinate", "pid": 4075184, "time": 1789706871.3533769, "cuda_visible_devices": "2", "allocated_gib": 5.225467205047607, "reserved_gib": 8.228515625, "peak_allocated_gib": 7.100411891937256, "gpu_time_budget": null, "module": "model.layers.3.mlp.down_proj", "step": 2304}
{"stage": "sequential-round-coordinate", "pid": 4075184, "time": 1789706872.2436612, "cuda_visible_devices": "2", "allocated_gib": 5.225467205047607, "reserved_gib": 8.228515625, "peak_allocated_gib": 7.100411891937256, "gpu_time_budget": null, "module": "model.layers.3.mlp.down_proj", "step": 2432}
{"stage": "sequential-round-coordinate", "pid": 4075184, "time": 1789706873.1293507, "cuda_visible_devices": "2", "allocated_gib": 5.225467205047607, "reserved_gib": 8.228515625, "peak_allocated_gib": 7.100411891937256, "gpu_time_budget": null, "module": "model.layers.3.mlp.down_proj", "step": 2560}
{"stage": "sequential-round-coordinate", "pid": 4075184, "time": 1789706874.0221615, "cuda_visible_devices": "2", "allocated_gib": 5.225467205047607, "reserved_gib": 8.228515625, "peak_allocated_gib": 7.100411891937256, "gpu_time_budget": null, "module": "model.layers.3.mlp.down_proj", "step": 2688}
{"stage": "sequential-round-coordinate", "pid": 4075184, "time": 1789706874.9098961, "cuda_visible_devices": "2", "allocated_gib": 5.225467205047607, "reserved_gib": 8.228515625, "peak_allocated_gib": 7.100411891937256, "gpu_time_budget": null, "module": "model.layers.3.mlp.down_proj", "step": 2816}
{"stage": "sequential-round-coordinate", "pid": 4075184, "time": 1789706875.801469, "cuda_visible_devices": "2", "allocated_gib": 5.225467205047607, "reserved_gib": 8.228515625, "peak_allocated_gib": 7.100411891937256, "gpu_time_budget": null, "module": "model.layers.3.mlp.down_proj", "step": 2944}
{"stage": "sequential-round-coordinate", "pid": 4075184, "time": 1789706876.6924942, "cuda_visible_devices": "2", "allocated_gib": 5.225467205047607, "reserved_gib": 8.228515625, "peak_allocated_gib": 7.100411891937256, "gpu_time_budget": null, "module": "model.layers.3.mlp.down_proj", "step": 3072}
{"stage": "sequential-round-coordinate", "pid": 4075184, "time": 1789706877.5801723, "cuda_visible_devices": "2", "allocated_gib": 5.225467205047607, "reserved_gib": 8.228515625, "peak_allocated_gib": 7.100411891937256, "gpu_time_budget": null, "module": "model.layers.3.mlp.down_proj", "step": 3200}
{"stage": "sequential-round-coordinate", "pid": 4075184, "time": 1789706878.4711077, "cuda_visible_devices": "2", "allocated_gib": 5.225467205047607, "reserved_gib": 8.228515625, "peak_allocated_gib": 7.100411891937256, "gpu_time_budget": null, "module": "model.layers.3.mlp.down_proj", "step": 3328}
{"stage": "sequential-round-coordinate", "pid": 4075184, "time": 1789706879.365427, "cuda_visible_devices": "2", "allocated_gib": 5.225467205047607, "reserved_gib": 8.228515625, "peak_allocated_gib": 7.100411891937256, "gpu_time_budget": null, "module": "model.layers.3.mlp.down_proj", "step": 3456}
{"stage": "sequential-round-coordinate", "pid": 4075184, "time": 1789706880.0292268, "cuda_visible_devices": "2", "allocated_gib": 5.225467205047607, "reserved_gib": 8.228515625, "peak_allocated_gib": 7.100411891937256, "gpu_time_budget": null, "module": "model.layers.3.mlp.down_proj", "step": 3584}
{"stage": "sequential-round-coordinate", "pid": 4075184, "time": 1789706880.6894734, "cuda_visible_devices": "2", "allocated_gib": 5.225467205047607, "reserved_gib": 8.228515625, "peak_allocated_gib": 7.100411891937256, "gpu_time_budget": null, "module": "model.layers.3.mlp.down_proj", "step": 3712}
{"stage": "sequential-round-coordinate", "pid": 4075184, "time": 1789706881.350843, "cuda_visible_devices": "2", "allocated_gib": 5.225467205047607, "reserved_gib": 8.228515625, "peak_allocated_gib": 7.100411891937256, "gpu_time_budget": null, "module": "model.layers.3.mlp.down_proj", "step": 3840}
{"stage": "sequential-round-coordinate", "pid": 4075184, "time": 1789706882.0111496, "cuda_visible_devices": "2", "allocated_gib": 5.225467205047607, "reserved_gib": 8.228515625, "peak_allocated_gib": 7.100411891937256, "gpu_time_budget": null, "module": "model.layers.3.mlp.down_proj", "step": 3968}
{"stage": "sequential-round-coordinate", "pid": 4075184, "time": 1789706882.6721857, "cuda_visible_devices": "2", "allocated_gib": 5.225467205047607, "reserved_gib": 8.228515625, "peak_allocated_gib": 7.100411891937256, "gpu_time_budget": null, "module": "model.layers.3.mlp.down_proj", "step": 4096}
{"stage": "sequential-round-coordinate", "pid": 4075184, "time": 1789706883.3326244, "cuda_visible_devices": "2", "allocated_gib": 5.225467205047607, "reserved_gib": 8.228515625, "peak_allocated_gib": 7.100411891937256, "gpu_time_budget": null, "module": "model.layers.3.mlp.down_proj", "step": 4224}
{"stage": "sequential-round-coordinate", "pid": 4075184, "time": 1789706883.993731, "cuda_visible_devices": "2", "allocated_gib": 5.225467205047607, "reserved_gib": 8.228515625, "peak_allocated_gib": 7.100411891937256, "gpu_time_budget": null, "module": "model.layers.3.mlp.down_proj", "step": 4352}
{"stage": "sequential-round-coordinate", "pid": 4075184, "time": 1789706884.6526456, "cuda_visible_devices": "2", "allocated_gib": 5.225467205047607, "reserved_gib": 8.228515625, "peak_allocated_gib": 7.100411891937256, "gpu_time_budget": null, "module": "model.layers.3.mlp.down_proj", "step": 4480}
{"stage": "sequential-round-coordinate", "pid": 4075184, "time": 1789706885.2988048, "cuda_visible_devices": "2", "allocated_gib": 5.225467205047607, "reserved_gib": 8.228515625, "peak_allocated_gib": 7.100411891937256, "gpu_time_budget": null, "module": "model.layers.3.mlp.down_proj", "step": 4608}
{"stage": "sequential-round-coordinate", "pid": 4075184, "time": 1789706885.9592655, "cuda_visible_devices": "2", "allocated_gib": 5.225467205047607, "reserved_gib": 8.228515625, "peak_allocated_gib": 7.100411891937256, "gpu_time_budget": null, "module": "model.layers.3.mlp.down_proj", "step": 4736}
{"stage": "sequential-round-coordinate", "pid": 4075184, "time": 1789706886.6198456, "cuda_visible_devices": "2", "allocated_gib": 5.225467205047607, "reserved_gib": 8.228515625, "peak_allocated_gib": 7.100411891937256, "gpu_time_budget": null, "module": "model.layers.3.mlp.down_proj", "step": 4864}
{"stage": "sequential-round-coordinate", "pid": 4075184, "time": 1789706887.28041, "cuda_visible_devices": "2", "allocated_gib": 5.225467205047607, "reserved_gib": 8.228515625, "peak_allocated_gib": 7.100411891937256, "gpu_time_budget": null, "module": "model.layers.3.mlp.down_proj", "step": 4992}
{"stage": "sequential-round-coordinate", "pid": 4075184, "time": 1789706887.94101, "cuda_visible_devices": "2", "allocated_gib": 5.225467205047607, "reserved_gib": 8.228515625, "peak_allocated_gib": 7.100411891937256, "gpu_time_budget": null, "module": "model.layers.3.mlp.down_proj", "step": 5120}
{"stage": "sequential-round-coordinate", "pid": 4075184, "time": 1789706888.6009982, "cuda_visible_devices": "2", "allocated_gib": 5.225467205047607, "reserved_gib": 8.228515625, "peak_allocated_gib": 7.100411891937256, "gpu_time_budget": null, "module": "model.layers.3.mlp.down_proj", "step": 5248}
{"stage": "sequential-round-coordinate", "pid": 4075184, "time": 1789706889.2611704, "cuda_visible_devices": "2", "allocated_gib": 5.225467205047607, "reserved_gib": 8.228515625, "peak_allocated_gib": 7.100411891937256, "gpu_time_budget": null, "module": "model.layers.3.mlp.down_proj", "step": 5376}
{"stage": "sequential-round-coordinate", "pid": 4075184, "time": 1789706889.9221892, "cuda_visible_devices": "2", "allocated_gib": 5.225467205047607, "reserved_gib": 8.228515625, "peak_allocated_gib": 7.100411891937256, "gpu_time_budget": null, "module": "model.layers.3.mlp.down_proj", "step": 5504}
{"stage": "sequential-round-coordinate", "pid": 4075184, "time": 1789706890.5675364, "cuda_visible_devices": "2", "allocated_gib": 5.225467205047607, "reserved_gib": 8.228515625, "peak_allocated_gib": 7.100411891937256, "gpu_time_budget": null, "module": "model.layers.3.mlp.down_proj", "step": 5632}
{"stage": "sequential-round-coordinate", "pid": 4075184, "time": 1789706891.2277174, "cuda_visible_devices": "2", "allocated_gib": 5.225467205047607, "reserved_gib": 8.228515625, "peak_allocated_gib": 7.100411891937256, "gpu_time_budget": null, "module": "model.layers.3.mlp.down_proj", "step": 5760}
{"stage": "sequential-round-coordinate", "pid": 4075184, "time": 1789706891.8888087, "cuda_visible_devices": "2", "allocated_gib": 5.225467205047607, "reserved_gib": 8.228515625, "peak_allocated_gib": 7.100411891937256, "gpu_time_budget": null, "module": "model.layers.3.mlp.down_proj", "step": 5888}
{"stage": "sequential-round-coordinate", "pid": 4075184, "time": 1789706892.549396, "cuda_visible_devices": "2", "allocated_gib": 5.225467205047607, "reserved_gib": 8.228515625, "peak_allocated_gib": 7.100411891937256, "gpu_time_budget": null, "module": "model.layers.3.mlp.down_proj", "step": 6016}
{"stage": "sequential-round-coordinate", "pid": 4075184, "time": 1789706893.210019, "cuda_visible_devices": "2", "allocated_gib": 5.225467205047607, "reserved_gib": 8.228515625, "peak_allocated_gib": 7.100411891937256, "gpu_time_budget": null, "module": "model.layers.3.mlp.down_proj", "step": 6144}
{"stage": "sequential-round-coordinate", "pid": 4075184, "time": 1789706893.869735, "cuda_visible_devices": "2", "allocated_gib": 5.225467205047607, "reserved_gib": 8.228515625, "peak_allocated_gib": 7.100411891937256, "gpu_time_budget": null, "module": "model.layers.3.mlp.down_proj", "step": 6272}
{"stage": "sequential-round-coordinate", "pid": 4075184, "time": 1789706894.5293856, "cuda_visible_devices": "2", "allocated_gib": 5.225467205047607, "reserved_gib": 8.228515625, "peak_allocated_gib": 7.100411891937256, "gpu_time_budget": null, "module": "model.layers.3.mlp.down_proj", "step": 6400}
{"stage": "sequential-round-coordinate", "pid": 4075184, "time": 1789706895.1865175, "cuda_visible_devices": "2", "allocated_gib": 5.225467205047607, "reserved_gib": 8.228515625, "peak_allocated_gib": 7.100411891937256, "gpu_time_budget": null, "module": "model.layers.3.mlp.down_proj", "step": 6528}
{"stage": "sequential-round-coordinate", "pid": 4075184, "time": 1789706895.8102398, "cuda_visible_devices": "2", "allocated_gib": 5.225467205047607, "reserved_gib": 8.228515625, "peak_allocated_gib": 7.100411891937256, "gpu_time_budget": null, "module": "model.layers.3.mlp.down_proj", "step": 6656}
{"stage": "sequential-round-coordinate", "pid": 4075184, "time": 1789706896.3389814, "cuda_visible_devices": "2", "allocated_gib": 5.225467205047607, "reserved_gib": 8.228515625, "peak_allocated_gib": 7.100411891937256, "gpu_time_budget": null, "module": "model.layers.3.mlp.down_proj", "step": 6784}
{"stage": "sequential-round-coordinate", "pid": 4075184, "time": 1789706896.825437, "cuda_visible_devices": "2", "allocated_gib": 5.225467205047607, "reserved_gib": 8.228515625, "peak_allocated_gib": 7.100411891937256, "gpu_time_budget": null, "module": "model.layers.3.mlp.down_proj", "step": 6912}
{"stage": "sequential-round-coordinate", "pid": 4075184, "time": 1789706897.6751566, "cuda_visible_devices": "2", "allocated_gib": 5.225467205047607, "reserved_gib": 8.228515625, "peak_allocated_gib": 7.100411891937256, "gpu_time_budget": null, "module": "model.layers.3.mlp.down_proj", "step": 7040}
{"stage": "sequential-round-coordinate", "pid": 4075184, "time": 1789706898.5638359, "cuda_visible_devices": "2", "allocated_gib": 5.225467205047607, "reserved_gib": 8.228515625, "peak_allocated_gib": 7.100411891937256, "gpu_time_budget": null, "module": "model.layers.3.mlp.down_proj", "step": 7168}
{"stage": "sequential-round-coordinate", "pid": 4075184, "time": 1789706899.454628, "cuda_visible_devices": "2", "allocated_gib": 5.225467205047607, "reserved_gib": 8.228515625, "peak_allocated_gib": 7.100411891937256, "gpu_time_budget": null, "module": "model.layers.3.mlp.down_proj", "step": 7296}
{"stage": "sequential-round-coordinate", "pid": 4075184, "time": 1789706900.3388786, "cuda_visible_devices": "2", "allocated_gib": 5.225467205047607, "reserved_gib": 8.228515625, "peak_allocated_gib": 7.100411891937256, "gpu_time_budget": null, "module": "model.layers.3.mlp.down_proj", "step": 7424}
{"stage": "sequential-round-coordinate", "pid": 4075184, "time": 1789706901.230525, "cuda_visible_devices": "2", "allocated_gib": 5.225467205047607, "reserved_gib": 8.228515625, "peak_allocated_gib": 7.100411891937256, "gpu_time_budget": null, "module": "model.layers.3.mlp.down_proj", "step": 7552}
{"stage": "sequential-round-coordinate", "pid": 4075184, "time": 1789706902.1194384, "cuda_visible_devices": "2", "allocated_gib": 5.225467205047607, "reserved_gib": 8.228515625, "peak_allocated_gib": 7.100411891937256, "gpu_time_budget": null, "module": "model.layers.3.mlp.down_proj", "step": 7680}
{"stage": "sequential-round-coordinate", "pid": 4075184, "time": 1789706903.0092375, "cuda_visible_devices": "2", "allocated_gib": 5.225467205047607, "reserved_gib": 8.228515625, "peak_allocated_gib": 7.100411891937256, "gpu_time_budget": null, "module": "model.layers.3.mlp.down_proj", "step": 7808}
{"stage": "sequential-round-coordinate", "pid": 4075184, "time": 1789706903.8978455, "cuda_visible_devices": "2", "allocated_gib": 5.225467205047607, "reserved_gib": 8.228515625, "peak_allocated_gib": 7.100411891937256, "gpu_time_budget": null, "module": "model.layers.3.mlp.down_proj", "step": 7936}
{"stage": "sequential-round-coordinate", "pid": 4075184, "time": 1789706904.7892573, "cuda_visible_devices": "2", "allocated_gib": 5.225467205047607, "reserved_gib": 8.228515625, "peak_allocated_gib": 7.100411891937256, "gpu_time_budget": null, "module": "model.layers.3.mlp.down_proj", "step": 8064}
{"stage": "sequential-round-coordinate", "pid": 4075184, "time": 1789706905.7547174, "cuda_visible_devices": "2", "allocated_gib": 5.225467205047607, "reserved_gib": 8.228515625, "peak_allocated_gib": 7.100411891937256, "gpu_time_budget": null, "module": "model.layers.3.mlp.down_proj", "step": 8192}
{"stage": "sequential-round-train-nll", "pid": 4075184, "time": 1789706905.8058572, "cuda_visible_devices": "2", "allocated_gib": 3.7957167625427246, "reserved_gib": 3.80078125, "peak_allocated_gib": 7.100411891937256, "gpu_time_budget": null, "module": "model.layers.3.mlp.down_proj", "step": 512}
Evaluation segment 1/1: start=0, windows=8, seqlen=2048
{"stage": "sequential-round-train-nll", "pid": 4075184, "time": 1789706910.8597949, "cuda_visible_devices": "2", "allocated_gib": 3.7957167625427246, "reserved_gib": 5.978515625, "peak_allocated_gib": 7.100411891937256, "gpu_time_budget": null, "module": "model.layers.3.mlp.down_proj", "step": 2048}
Evaluation segment 1/1: start=0, windows=8, seqlen=2048
{"stage": "sequential-round-train-nll", "pid": 4075184, "time": 1789706915.9272435, "cuda_visible_devices": "2", "allocated_gib": 3.7957167625427246, "reserved_gib": 5.978515625, "peak_allocated_gib": 7.100411891937256, "gpu_time_budget": null, "module": "model.layers.3.mlp.down_proj", "step": 8192}
Evaluation segment 1/1: start=0, windows=8, seqlen=2048
{"stage": "sequential-module-completed", "pid": 4075184, "time": 1789706921.037457, "cuda_visible_devices": "2", "allocated_gib": 3.7957167625427246, "reserved_gib": 5.978515625, "peak_allocated_gib": 7.100411891937256, "gpu_time_budget": null, "module": "model.layers.3.mlp.down_proj", "completed": 4, "total": 28, "selected_train_nll": 2.672474635837616, "elapsed_seconds": 193.76446580397896}
{"stage": "sequential-round-fit", "pid": 4075184, "time": 1789706923.6007142, "cuda_visible_devices": "2", "allocated_gib": 3.7957167625427246, "reserved_gib": 5.978515625, "peak_allocated_gib": 7.100411891937256, "gpu_time_budget": null, "module": "model.layers.4.mlp.down_proj", "fit_rows": 49152, "heldout_rows": 16384}
{"stage": "sequential-round-coordinate", "pid": 4075184, "time": 1789706924.771926, "cuda_visible_devices": "2", "allocated_gib": 5.225467205047607, "reserved_gib": 8.228515625, "peak_allocated_gib": 7.100411891937256, "gpu_time_budget": null, "module": "model.layers.4.mlp.down_proj", "step": 128}
{"stage": "sequential-round-coordinate", "pid": 4075184, "time": 1789706925.6592479, "cuda_visible_devices": "2", "allocated_gib": 5.225467205047607, "reserved_gib": 8.228515625, "peak_allocated_gib": 7.100411891937256, "gpu_time_budget": null, "module": "model.layers.4.mlp.down_proj", "step": 256}
{"stage": "sequential-round-coordinate", "pid": 4075184, "time": 1789706926.5432198, "cuda_visible_devices": "2", "allocated_gib": 5.225467205047607, "reserved_gib": 8.228515625, "peak_allocated_gib": 7.100411891937256, "gpu_time_budget": null, "module": "model.layers.4.mlp.down_proj", "step": 384}
{"stage": "sequential-round-coordinate", "pid": 4075184, "time": 1789706927.5103981, "cuda_visible_devices": "2", "allocated_gib": 5.225467205047607, "reserved_gib": 8.228515625, "peak_allocated_gib": 7.100411891937256, "gpu_time_budget": null, "module": "model.layers.4.mlp.down_proj", "step": 512}
{"stage": "sequential-round-coordinate", "pid": 4075184, "time": 1789706928.3983746, "cuda_visible_devices": "2", "allocated_gib": 5.225467205047607, "reserved_gib": 8.228515625, "peak_allocated_gib": 7.100411891937256, "gpu_time_budget": null, "module": "model.layers.4.mlp.down_proj", "step": 640}
{"stage": "sequential-round-coordinate", "pid": 4075184, "time": 1789706929.2863884, "cuda_visible_devices": "2", "allocated_gib": 5.225467205047607, "reserved_gib": 8.228515625, "peak_allocated_gib": 7.100411891937256, "gpu_time_budget": null, "module": "model.layers.4.mlp.down_proj", "step": 768}
{"stage": "sequential-round-coordinate", "pid": 4075184, "time": 1789706930.1748645, "cuda_visible_devices": "2", "allocated_gib": 5.225467205047607, "reserved_gib": 8.228515625, "peak_allocated_gib": 7.100411891937256, "gpu_time_budget": null, "module": "model.layers.4.mlp.down_proj", "step": 896}
{"stage": "sequential-round-coordinate", "pid": 4075184, "time": 1789706931.0638292, "cuda_visible_devices": "2", "allocated_gib": 5.225467205047607, "reserved_gib": 8.228515625, "peak_allocated_gib": 7.100411891937256, "gpu_time_budget": null, "module": "model.layers.4.mlp.down_proj", "step": 1024}
{"stage": "sequential-round-coordinate", "pid": 4075184, "time": 1789706931.952488, "cuda_visible_devices": "2", "allocated_gib": 5.225467205047607, "reserved_gib": 8.228515625, "peak_allocated_gib": 7.100411891937256, "gpu_time_budget": null, "module": "model.layers.4.mlp.down_proj", "step": 1152}
{"stage": "sequential-round-coordinate", "pid": 4075184, "time": 1789706932.8412707, "cuda_visible_devices": "2", "allocated_gib": 5.225467205047607, "reserved_gib": 8.228515625, "peak_allocated_gib": 7.100411891937256, "gpu_time_budget": null, "module": "model.layers.4.mlp.down_proj", "step": 1280}
{"stage": "sequential-round-coordinate", "pid": 4075184, "time": 1789706933.7276185, "cuda_visible_devices": "2", "allocated_gib": 5.225467205047607, "reserved_gib": 8.228515625, "peak_allocated_gib": 7.100411891937256, "gpu_time_budget": null, "module": "model.layers.4.mlp.down_proj", "step": 1408}
{"stage": "sequential-round-coordinate", "pid": 4075184, "time": 1789706934.6153345, "cuda_visible_devices": "2", "allocated_gib": 5.225467205047607, "reserved_gib": 8.228515625, "peak_allocated_gib": 7.100411891937256, "gpu_time_budget": null, "module": "model.layers.4.mlp.down_proj", "step": 1536}
{"stage": "sequential-round-coordinate", "pid": 4075184, "time": 1789706935.505004, "cuda_visible_devices": "2", "allocated_gib": 5.225467205047607, "reserved_gib": 8.228515625, "peak_allocated_gib": 7.100411891937256, "gpu_time_budget": null, "module": "model.layers.4.mlp.down_proj", "step": 1664}
{"stage": "sequential-round-coordinate", "pid": 4075184, "time": 1789706936.3942225, "cuda_visible_devices": "2", "allocated_gib": 5.225467205047607, "reserved_gib": 8.228515625, "peak_allocated_gib": 7.100411891937256, "gpu_time_budget": null, "module": "model.layers.4.mlp.down_proj", "step": 1792}
{"stage": "sequential-round-coordinate", "pid": 4075184, "time": 1789706937.2830815, "cuda_visible_devices": "2", "allocated_gib": 5.225467205047607, "reserved_gib": 8.228515625, "peak_allocated_gib": 7.100411891937256, "gpu_time_budget": null, "module": "model.layers.4.mlp.down_proj", "step": 1920}
{"stage": "sequential-round-coordinate", "pid": 4075184, "time": 1789706938.2542646, "cuda_visible_devices": "2", "allocated_gib": 5.225467205047607, "reserved_gib": 8.228515625, "peak_allocated_gib": 7.100411891937256, "gpu_time_budget": null, "module": "model.layers.4.mlp.down_proj", "step": 2048}
{"stage": "sequential-round-coordinate", "pid": 4075184, "time": 1789706939.1430469, "cuda_visible_devices": "2", "allocated_gib": 5.225467205047607, "reserved_gib": 8.228515625, "peak_allocated_gib": 7.100411891937256, "gpu_time_budget": null, "module": "model.layers.4.mlp.down_proj", "step": 2176}
{"stage": "sequential-round-coordinate", "pid": 4075184, "time": 1789706940.0326648, "cuda_visible_devices": "2", "allocated_gib": 5.225467205047607, "reserved_gib": 8.228515625, "peak_allocated_gib": 7.100411891937256, "gpu_time_budget": null, "module": "model.layers.4.mlp.down_proj", "step": 2304}
{"stage": "sequential-round-coordinate", "pid": 4075184, "time": 1789706940.9209378, "cuda_visible_devices": "2", "allocated_gib": 5.225467205047607, "reserved_gib": 8.228515625, "peak_allocated_gib": 7.100411891937256, "gpu_time_budget": null, "module": "model.layers.4.mlp.down_proj", "step": 2432}
{"stage": "sequential-round-coordinate", "pid": 4075184, "time": 1789706941.8121965, "cuda_visible_devices": "2", "allocated_gib": 5.225467205047607, "reserved_gib": 8.228515625, "peak_allocated_gib": 7.100411891937256, "gpu_time_budget": null, "module": "model.layers.4.mlp.down_proj", "step": 2560}
{"stage": "sequential-round-coordinate", "pid": 4075184, "time": 1789706942.700927, "cuda_visible_devices": "2", "allocated_gib": 5.225467205047607, "reserved_gib": 8.228515625, "peak_allocated_gib": 7.100411891937256, "gpu_time_budget": null, "module": "model.layers.4.mlp.down_proj", "step": 2688}
{"stage": "sequential-round-coordinate", "pid": 4075184, "time": 1789706943.589089, "cuda_visible_devices": "2", "allocated_gib": 5.225467205047607, "reserved_gib": 8.228515625, "peak_allocated_gib": 7.100411891937256, "gpu_time_budget": null, "module": "model.layers.4.mlp.down_proj", "step": 2816}
{"stage": "sequential-round-coordinate", "pid": 4075184, "time": 1789706944.475901, "cuda_visible_devices": "2", "allocated_gib": 5.225467205047607, "reserved_gib": 8.228515625, "peak_allocated_gib": 7.100411891937256, "gpu_time_budget": null, "module": "model.layers.4.mlp.down_proj", "step": 2944}
{"stage": "sequential-round-coordinate", "pid": 4075184, "time": 1789706945.364577, "cuda_visible_devices": "2", "allocated_gib": 5.225467205047607, "reserved_gib": 8.228515625, "peak_allocated_gib": 7.100411891937256, "gpu_time_budget": null, "module": "model.layers.4.mlp.down_proj", "step": 3072}
{"stage": "sequential-round-coordinate", "pid": 4075184, "time": 1789706946.2544687, "cuda_visible_devices": "2", "allocated_gib": 5.225467205047607, "reserved_gib": 8.228515625, "peak_allocated_gib": 7.100411891937256, "gpu_time_budget": null, "module": "model.layers.4.mlp.down_proj", "step": 3200}
{"stage": "sequential-round-coordinate", "pid": 4075184, "time": 1789706947.1438487, "cuda_visible_devices": "2", "allocated_gib": 5.225467205047607, "reserved_gib": 8.228515625, "peak_allocated_gib": 7.100411891937256, "gpu_time_budget": null, "module": "model.layers.4.mlp.down_proj", "step": 3328}
{"stage": "sequential-round-coordinate", "pid": 4075184, "time": 1789706948.029733, "cuda_visible_devices": "2", "allocated_gib": 5.225467205047607, "reserved_gib": 8.228515625, "peak_allocated_gib": 7.100411891937256, "gpu_time_budget": null, "module": "model.layers.4.mlp.down_proj", "step": 3456}
{"stage": "sequential-round-coordinate", "pid": 4075184, "time": 1789706948.773108, "cuda_visible_devices": "2", "allocated_gib": 5.225467205047607, "reserved_gib": 8.228515625, "peak_allocated_gib": 7.100411891937256, "gpu_time_budget": null, "module": "model.layers.4.mlp.down_proj", "step": 3584}
{"stage": "sequential-round-coordinate", "pid": 4075184, "time": 1789706949.4337654, "cuda_visible_devices": "2", "allocated_gib": 5.225467205047607, "reserved_gib": 8.228515625, "peak_allocated_gib": 7.100411891937256, "gpu_time_budget": null, "module": "model.layers.4.mlp.down_proj", "step": 3712}
{"stage": "sequential-round-coordinate", "pid": 4075184, "time": 1789706950.093501, "cuda_visible_devices": "2", "allocated_gib": 5.225467205047607, "reserved_gib": 8.228515625, "peak_allocated_gib": 7.100411891937256, "gpu_time_budget": null, "module": "model.layers.4.mlp.down_proj", "step": 3840}
{"stage": "sequential-round-coordinate", "pid": 4075184, "time": 1789706950.7530096, "cuda_visible_devices": "2", "allocated_gib": 5.225467205047607, "reserved_gib": 8.228515625, "peak_allocated_gib": 7.100411891937256, "gpu_time_budget": null, "module": "model.layers.4.mlp.down_proj", "step": 3968}
{"stage": "sequential-round-coordinate", "pid": 4075184, "time": 1789706951.4146855, "cuda_visible_devices": "2", "allocated_gib": 5.225467205047607, "reserved_gib": 8.228515625, "peak_allocated_gib": 7.100411891937256, "gpu_time_budget": null, "module": "model.layers.4.mlp.down_proj", "step": 4096}
{"stage": "sequential-round-coordinate", "pid": 4075184, "time": 1789706952.0754783, "cuda_visible_devices": "2", "allocated_gib": 5.225467205047607, "reserved_gib": 8.228515625, "peak_allocated_gib": 7.100411891937256, "gpu_time_budget": null, "module": "model.layers.4.mlp.down_proj", "step": 4224}
{"stage": "sequential-round-coordinate", "pid": 4075184, "time": 1789706952.7355664, "cuda_visible_devices": "2", "allocated_gib": 5.225467205047607, "reserved_gib": 8.228515625, "peak_allocated_gib": 7.100411891937256, "gpu_time_budget": null, "module": "model.layers.4.mlp.down_proj", "step": 4352}
{"stage": "sequential-round-coordinate", "pid": 4075184, "time": 1789706953.3962255, "cuda_visible_devices": "2", "allocated_gib": 5.225467205047607, "reserved_gib": 8.228515625, "peak_allocated_gib": 7.100411891937256, "gpu_time_budget": null, "module": "model.layers.4.mlp.down_proj", "step": 4480}
{"stage": "sequential-round-coordinate", "pid": 4075184, "time": 1789706954.040373, "cuda_visible_devices": "2", "allocated_gib": 5.225467205047607, "reserved_gib": 8.228515625, "peak_allocated_gib": 7.100411891937256, "gpu_time_budget": null, "module": "model.layers.4.mlp.down_proj", "step": 4608}
{"stage": "sequential-round-coordinate", "pid": 4075184, "time": 1789706954.7011278, "cuda_visible_devices": "2", "allocated_gib": 5.225467205047607, "reserved_gib": 8.228515625, "peak_allocated_gib": 7.100411891937256, "gpu_time_budget": null, "module": "model.layers.4.mlp.down_proj", "step": 4736}
{"stage": "sequential-round-coordinate", "pid": 4075184, "time": 1789706955.361405, "cuda_visible_devices": "2", "allocated_gib": 5.225467205047607, "reserved_gib": 8.228515625, "peak_allocated_gib": 7.100411891937256, "gpu_time_budget": null, "module": "model.layers.4.mlp.down_proj", "step": 4864}
{"stage": "sequential-round-coordinate", "pid": 4075184, "time": 1789706956.0217633, "cuda_visible_devices": "2", "allocated_gib": 5.225467205047607, "reserved_gib": 8.228515625, "peak_allocated_gib": 7.100411891937256, "gpu_time_budget": null, "module": "model.layers.4.mlp.down_proj", "step": 4992}
{"stage": "sequential-round-coordinate", "pid": 4075184, "time": 1789706956.6824982, "cuda_visible_devices": "2", "allocated_gib": 5.225467205047607, "reserved_gib": 8.228515625, "peak_allocated_gib": 7.100411891937256, "gpu_time_budget": null, "module": "model.layers.4.mlp.down_proj", "step": 5120}
{"stage": "sequential-round-coordinate", "pid": 4075184, "time": 1789706957.3445861, "cuda_visible_devices": "2", "allocated_gib": 5.225467205047607, "reserved_gib": 8.228515625, "peak_allocated_gib": 7.100411891937256, "gpu_time_budget": null, "module": "model.layers.4.mlp.down_proj", "step": 5248}
{"stage": "sequential-round-coordinate", "pid": 4075184, "time": 1789706958.0064216, "cuda_visible_devices": "2", "allocated_gib": 5.225467205047607, "reserved_gib": 8.228515625, "peak_allocated_gib": 7.100411891937256, "gpu_time_budget": null, "module": "model.layers.4.mlp.down_proj", "step": 5376}
{"stage": "sequential-round-coordinate", "pid": 4075184, "time": 1789706958.6673832, "cuda_visible_devices": "2", "allocated_gib": 5.225467205047607, "reserved_gib": 8.228515625, "peak_allocated_gib": 7.100411891937256, "gpu_time_budget": null, "module": "model.layers.4.mlp.down_proj", "step": 5504}
{"stage": "sequential-round-coordinate", "pid": 4075184, "time": 1789706959.311551, "cuda_visible_devices": "2", "allocated_gib": 5.225467205047607, "reserved_gib": 8.228515625, "peak_allocated_gib": 7.100411891937256, "gpu_time_budget": null, "module": "model.layers.4.mlp.down_proj", "step": 5632}
{"stage": "sequential-round-coordinate", "pid": 4075184, "time": 1789706959.9722862, "cuda_visible_devices": "2", "allocated_gib": 5.225467205047607, "reserved_gib": 8.228515625, "peak_allocated_gib": 7.100411891937256, "gpu_time_budget": null, "module": "model.layers.4.mlp.down_proj", "step": 5760}
{"stage": "sequential-round-coordinate", "pid": 4075184, "time": 1789706960.632132, "cuda_visible_devices": "2", "allocated_gib": 5.225467205047607, "reserved_gib": 8.228515625, "peak_allocated_gib": 7.100411891937256, "gpu_time_budget": null, "module": "model.layers.4.mlp.down_proj", "step": 5888}
{"stage": "sequential-round-coordinate", "pid": 4075184, "time": 1789706961.292849, "cuda_visible_devices": "2", "allocated_gib": 5.225467205047607, "reserved_gib": 8.228515625, "peak_allocated_gib": 7.100411891937256, "gpu_time_budget": null, "module": "model.layers.4.mlp.down_proj", "step": 6016}
{"stage": "sequential-round-coordinate", "pid": 4075184, "time": 1789706961.9541552, "cuda_visible_devices": "2", "allocated_gib": 5.225467205047607, "reserved_gib": 8.228515625, "peak_allocated_gib": 7.100411891937256, "gpu_time_budget": null, "module": "model.layers.4.mlp.down_proj", "step": 6144}
{"stage": "sequential-round-coordinate", "pid": 4075184, "time": 1789706962.6152954, "cuda_visible_devices": "2", "allocated_gib": 5.225467205047607, "reserved_gib": 8.228515625, "peak_allocated_gib": 7.100411891937256, "gpu_time_budget": null, "module": "model.layers.4.mlp.down_proj", "step": 6272}
{"stage": "sequential-round-coordinate", "pid": 4075184, "time": 1789706963.2748117, "cuda_visible_devices": "2", "allocated_gib": 5.225467205047607, "reserved_gib": 8.228515625, "peak_allocated_gib": 7.100411891937256, "gpu_time_budget": null, "module": "model.layers.4.mlp.down_proj", "step": 6400}
{"stage": "sequential-round-coordinate", "pid": 4075184, "time": 1789706963.9386368, "cuda_visible_devices": "2", "allocated_gib": 5.225467205047607, "reserved_gib": 8.228515625, "peak_allocated_gib": 7.100411891937256, "gpu_time_budget": null, "module": "model.layers.4.mlp.down_proj", "step": 6528}
{"stage": "sequential-round-coordinate", "pid": 4075184, "time": 1789706964.5748796, "cuda_visible_devices": "2", "allocated_gib": 5.225467205047607, "reserved_gib": 8.228515625, "peak_allocated_gib": 7.100411891937256, "gpu_time_budget": null, "module": "model.layers.4.mlp.down_proj", "step": 6656}
{"stage": "sequential-round-coordinate", "pid": 4075184, "time": 1789706965.1136143, "cuda_visible_devices": "2", "allocated_gib": 5.225467205047607, "reserved_gib": 8.228515625, "peak_allocated_gib": 7.100411891937256, "gpu_time_budget": null, "module": "model.layers.4.mlp.down_proj", "step": 6784}
{"stage": "sequential-round-coordinate", "pid": 4075184, "time": 1789706965.6520352, "cuda_visible_devices": "2", "allocated_gib": 5.225467205047607, "reserved_gib": 8.228515625, "peak_allocated_gib": 7.100411891937256, "gpu_time_budget": null, "module": "model.layers.4.mlp.down_proj", "step": 6912}
{"stage": "sequential-round-coordinate", "pid": 4075184, "time": 1789706966.2062926, "cuda_visible_devices": "2", "allocated_gib": 5.225467205047607, "reserved_gib": 8.228515625, "peak_allocated_gib": 7.100411891937256, "gpu_time_budget": null, "module": "model.layers.4.mlp.down_proj", "step": 7040}
{"stage": "sequential-round-coordinate", "pid": 4075184, "time": 1789706966.851836, "cuda_visible_devices": "2", "allocated_gib": 5.225467205047607, "reserved_gib": 8.228515625, "peak_allocated_gib": 7.100411891937256, "gpu_time_budget": null, "module": "model.layers.4.mlp.down_proj", "step": 7168}
{"stage": "sequential-round-coordinate", "pid": 4075184, "time": 1789706967.3951664, "cuda_visible_devices": "2", "allocated_gib": 5.225467205047607, "reserved_gib": 8.228515625, "peak_allocated_gib": 7.100411891937256, "gpu_time_budget": null, "module": "model.layers.4.mlp.down_proj", "step": 7296}
{"stage": "sequential-round-coordinate", "pid": 4075184, "time": 1789706967.9425087, "cuda_visible_devices": "2", "allocated_gib": 5.225467205047607, "reserved_gib": 8.228515625, "peak_allocated_gib": 7.100411891937256, "gpu_time_budget": null, "module": "model.layers.4.mlp.down_proj", "step": 7424}
{"stage": "sequential-round-coordinate", "pid": 4075184, "time": 1789706968.483565, "cuda_visible_devices": "2", "allocated_gib": 5.225467205047607, "reserved_gib": 8.228515625, "peak_allocated_gib": 7.100411891937256, "gpu_time_budget": null, "module": "model.layers.4.mlp.down_proj", "step": 7552}
{"stage": "sequential-round-coordinate", "pid": 4075184, "time": 1789706969.1148806, "cuda_visible_devices": "2", "allocated_gib": 5.225467205047607, "reserved_gib": 8.228515625, "peak_allocated_gib": 7.100411891937256, "gpu_time_budget": null, "module": "model.layers.4.mlp.down_proj", "step": 7680}
{"stage": "sequential-round-coordinate", "pid": 4075184, "time": 1789706970.0026972, "cuda_visible_devices": "2", "allocated_gib": 5.225467205047607, "reserved_gib": 8.228515625, "peak_allocated_gib": 7.100411891937256, "gpu_time_budget": null, "module": "model.layers.4.mlp.down_proj", "step": 7808}
{"stage": "sequential-round-coordinate", "pid": 4075184, "time": 1789706970.8877487, "cuda_visible_devices": "2", "allocated_gib": 5.225467205047607, "reserved_gib": 8.228515625, "peak_allocated_gib": 7.100411891937256, "gpu_time_budget": null, "module": "model.layers.4.mlp.down_proj", "step": 7936}
{"stage": "sequential-round-coordinate", "pid": 4075184, "time": 1789706971.7789328, "cuda_visible_devices": "2", "allocated_gib": 5.225467205047607, "reserved_gib": 8.228515625, "peak_allocated_gib": 7.100411891937256, "gpu_time_budget": null, "module": "model.layers.4.mlp.down_proj", "step": 8064}
{"stage": "sequential-round-coordinate", "pid": 4075184, "time": 1789706972.753537, "cuda_visible_devices": "2", "allocated_gib": 5.225467205047607, "reserved_gib": 8.228515625, "peak_allocated_gib": 7.100411891937256, "gpu_time_budget": null, "module": "model.layers.4.mlp.down_proj", "step": 8192}
{"stage": "sequential-round-train-nll", "pid": 4075184, "time": 1789706972.8106112, "cuda_visible_devices": "2", "allocated_gib": 3.7957167625427246, "reserved_gib": 3.80078125, "peak_allocated_gib": 7.100411891937256, "gpu_time_budget": null, "module": "model.layers.4.mlp.down_proj", "step": 512}
Evaluation segment 1/1: start=0, windows=8, seqlen=2048
{"stage": "sequential-round-train-nll", "pid": 4075184, "time": 1789706977.889169, "cuda_visible_devices": "2", "allocated_gib": 3.7957167625427246, "reserved_gib": 5.978515625, "peak_allocated_gib": 7.100411891937256, "gpu_time_budget": null, "module": "model.layers.4.mlp.down_proj", "step": 2048}
Evaluation segment 1/1: start=0, windows=8, seqlen=2048
{"stage": "sequential-round-train-nll", "pid": 4075184, "time": 1789706982.9433997, "cuda_visible_devices": "2", "allocated_gib": 3.7957167625427246, "reserved_gib": 5.978515625, "peak_allocated_gib": 7.100411891937256, "gpu_time_budget": null, "module": "model.layers.4.mlp.down_proj", "step": 8192}
Evaluation segment 1/1: start=0, windows=8, seqlen=2048
{"stage": "sequential-module-completed", "pid": 4075184, "time": 1789706988.0600083, "cuda_visible_devices": "2", "allocated_gib": 3.7957167625427246, "reserved_gib": 5.978515625, "peak_allocated_gib": 7.100411891937256, "gpu_time_budget": null, "module": "model.layers.4.mlp.down_proj", "completed": 5, "total": 28, "selected_train_nll": 2.671831168377377, "elapsed_seconds": 260.78701668488793}
{"stage": "sequential-round-fit", "pid": 4075184, "time": 1789706991.0664265, "cuda_visible_devices": "2", "allocated_gib": 3.7957167625427246, "reserved_gib": 5.978515625, "peak_allocated_gib": 7.100411891937256, "gpu_time_budget": null, "module": "model.layers.5.mlp.down_proj", "fit_rows": 49152, "heldout_rows": 16384}
{"stage": "sequential-round-coordinate", "pid": 4075184, "time": 1789706992.2360978, "cuda_visible_devices": "2", "allocated_gib": 5.225467205047607, "reserved_gib": 8.228515625, "peak_allocated_gib": 7.100411891937256, "gpu_time_budget": null, "module": "model.layers.5.mlp.down_proj", "step": 128}
{"stage": "sequential-round-coordinate", "pid": 4075184, "time": 1789706993.1250446, "cuda_visible_devices": "2", "allocated_gib": 5.225467205047607, "reserved_gib": 8.228515625, "peak_allocated_gib": 7.100411891937256, "gpu_time_budget": null, "module": "model.layers.5.mlp.down_proj", "step": 256}
{"stage": "sequential-round-coordinate", "pid": 4075184, "time": 1789706994.0139198, "cuda_visible_devices": "2", "allocated_gib": 5.225467205047607, "reserved_gib": 8.228515625, "peak_allocated_gib": 7.100411891937256, "gpu_time_budget": null, "module": "model.layers.5.mlp.down_proj", "step": 384}
{"stage": "sequential-round-coordinate", "pid": 4075184, "time": 1789706994.982239, "cuda_visible_devices": "2", "allocated_gib": 5.225467205047607, "reserved_gib": 8.228515625, "peak_allocated_gib": 7.100411891937256, "gpu_time_budget": null, "module": "model.layers.5.mlp.down_proj", "step": 512}
{"stage": "sequential-round-coordinate", "pid": 4075184, "time": 1789706995.8712978, "cuda_visible_devices": "2", "allocated_gib": 5.225467205047607, "reserved_gib": 8.228515625, "peak_allocated_gib": 7.100411891937256, "gpu_time_budget": null, "module": "model.layers.5.mlp.down_proj", "step": 640}
{"stage": "sequential-round-coordinate", "pid": 4075184, "time": 1789706996.7587767, "cuda_visible_devices": "2", "allocated_gib": 5.225467205047607, "reserved_gib": 8.228515625, "peak_allocated_gib": 7.100411891937256, "gpu_time_budget": null, "module": "model.layers.5.mlp.down_proj", "step": 768}
{"stage": "sequential-round-coordinate", "pid": 4075184, "time": 1789706997.6448197, "cuda_visible_devices": "2", "allocated_gib": 5.225467205047607, "reserved_gib": 8.228515625, "peak_allocated_gib": 7.100411891937256, "gpu_time_budget": null, "module": "model.layers.5.mlp.down_proj", "step": 896}
{"stage": "sequential-round-coordinate", "pid": 4075184, "time": 1789706998.5314581, "cuda_visible_devices": "2", "allocated_gib": 5.225467205047607, "reserved_gib": 8.228515625, "peak_allocated_gib": 7.100411891937256, "gpu_time_budget": null, "module": "model.layers.5.mlp.down_proj", "step": 1024}
{"stage": "sequential-round-coordinate", "pid": 4075184, "time": 1789706999.421518, "cuda_visible_devices": "2", "allocated_gib": 5.225467205047607, "reserved_gib": 8.228515625, "peak_allocated_gib": 7.100411891937256, "gpu_time_budget": null, "module": "model.layers.5.mlp.down_proj", "step": 1152}
{"stage": "sequential-round-coordinate", "pid": 4075184, "time": 1789707000.3092601, "cuda_visible_devices": "2", "allocated_gib": 5.225467205047607, "reserved_gib": 8.228515625, "peak_allocated_gib": 7.100411891937256, "gpu_time_budget": null, "module": "model.layers.5.mlp.down_proj", "step": 1280}
{"stage": "sequential-round-coordinate", "pid": 4075184, "time": 1789707001.2016077, "cuda_visible_devices": "2", "allocated_gib": 5.225467205047607, "reserved_gib": 8.228515625, "peak_allocated_gib": 7.100411891937256, "gpu_time_budget": null, "module": "model.layers.5.mlp.down_proj", "step": 1408}
{"stage": "sequential-round-coordinate", "pid": 4075184, "time": 1789707002.0884495, "cuda_visible_devices": "2", "allocated_gib": 5.225467205047607, "reserved_gib": 8.228515625, "peak_allocated_gib": 7.100411891937256, "gpu_time_budget": null, "module": "model.layers.5.mlp.down_proj", "step": 1536}
{"stage": "sequential-round-coordinate", "pid": 4075184, "time": 1789707002.9742215, "cuda_visible_devices": "2", "allocated_gib": 5.225467205047607, "reserved_gib": 8.228515625, "peak_allocated_gib": 7.100411891937256, "gpu_time_budget": null, "module": "model.layers.5.mlp.down_proj", "step": 1664}
{"stage": "sequential-round-coordinate", "pid": 4075184, "time": 1789707003.8587995, "cuda_visible_devices": "2", "allocated_gib": 5.225467205047607, "reserved_gib": 8.228515625, "peak_allocated_gib": 7.100411891937256, "gpu_time_budget": null, "module": "model.layers.5.mlp.down_proj", "step": 1792}
{"stage": "sequential-round-coordinate", "pid": 4075184, "time": 1789707004.7470613, "cuda_visible_devices": "2", "allocated_gib": 5.225467205047607, "reserved_gib": 8.228515625, "peak_allocated_gib": 7.100411891937256, "gpu_time_budget": null, "module": "model.layers.5.mlp.down_proj", "step": 1920}
{"stage": "sequential-round-coordinate", "pid": 4075184, "time": 1789707005.7144194, "cuda_visible_devices": "2", "allocated_gib": 5.225467205047607, "reserved_gib": 8.228515625, "peak_allocated_gib": 7.100411891937256, "gpu_time_budget": null, "module": "model.layers.5.mlp.down_proj", "step": 2048}
{"stage": "sequential-round-coordinate", "pid": 4075184, "time": 1789707006.602474, "cuda_visible_devices": "2", "allocated_gib": 5.225467205047607, "reserved_gib": 8.228515625, "peak_allocated_gib": 7.100411891937256, "gpu_time_budget": null, "module": "model.layers.5.mlp.down_proj", "step": 2176}
{"stage": "sequential-round-coordinate", "pid": 4075184, "time": 1789707007.4905531, "cuda_visible_devices": "2", "allocated_gib": 5.225467205047607, "reserved_gib": 8.228515625, "peak_allocated_gib": 7.100411891937256, "gpu_time_budget": null, "module": "model.layers.5.mlp.down_proj", "step": 2304}
{"stage": "sequential-round-coordinate", "pid": 4075184, "time": 1789707008.375504, "cuda_visible_devices": "2", "allocated_gib": 5.225467205047607, "reserved_gib": 8.228515625, "peak_allocated_gib": 7.100411891937256, "gpu_time_budget": null, "module": "model.layers.5.mlp.down_proj", "step": 2432}
{"stage": "sequential-round-coordinate", "pid": 4075184, "time": 1789707009.264545, "cuda_visible_devices": "2", "allocated_gib": 5.225467205047607, "reserved_gib": 8.228515625, "peak_allocated_gib": 7.100411891937256, "gpu_time_budget": null, "module": "model.layers.5.mlp.down_proj", "step": 2560}
{"stage": "sequential-round-coordinate", "pid": 4075184, "time": 1789707010.153258, "cuda_visible_devices": "2", "allocated_gib": 5.225467205047607, "reserved_gib": 8.228515625, "peak_allocated_gib": 7.100411891937256, "gpu_time_budget": null, "module": "model.layers.5.mlp.down_proj", "step": 2688}
{"stage": "sequential-round-coordinate", "pid": 4075184, "time": 1789707011.0411263, "cuda_visible_devices": "2", "allocated_gib": 5.225467205047607, "reserved_gib": 8.228515625, "peak_allocated_gib": 7.100411891937256, "gpu_time_budget": null, "module": "model.layers.5.mlp.down_proj", "step": 2816}
{"stage": "sequential-round-coordinate", "pid": 4075184, "time": 1789707011.9256222, "cuda_visible_devices": "2", "allocated_gib": 5.225467205047607, "reserved_gib": 8.228515625, "peak_allocated_gib": 7.100411891937256, "gpu_time_budget": null, "module": "model.layers.5.mlp.down_proj", "step": 2944}
{"stage": "sequential-round-coordinate", "pid": 4075184, "time": 1789707012.8114033, "cuda_visible_devices": "2", "allocated_gib": 5.225467205047607, "reserved_gib": 8.228515625, "peak_allocated_gib": 7.100411891937256, "gpu_time_budget": null, "module": "model.layers.5.mlp.down_proj", "step": 3072}
{"stage": "sequential-round-coordinate", "pid": 4075184, "time": 1789707013.6970437, "cuda_visible_devices": "2", "allocated_gib": 5.225467205047607, "reserved_gib": 8.228515625, "peak_allocated_gib": 7.100411891937256, "gpu_time_budget": null, "module": "model.layers.5.mlp.down_proj", "step": 3200}
{"stage": "sequential-round-coordinate", "pid": 4075184, "time": 1789707014.583523, "cuda_visible_devices": "2", "allocated_gib": 5.225467205047607, "reserved_gib": 8.228515625, "peak_allocated_gib": 7.100411891937256, "gpu_time_budget": null, "module": "model.layers.5.mlp.down_proj", "step": 3328}
{"stage": "sequential-round-coordinate", "pid": 4075184, "time": 1789707015.4707897, "cuda_visible_devices": "2", "allocated_gib": 5.225467205047607, "reserved_gib": 8.228515625, "peak_allocated_gib": 7.100411891937256, "gpu_time_budget": null, "module": "model.layers.5.mlp.down_proj", "step": 3456}
{"stage": "sequential-round-coordinate", "pid": 4075184, "time": 1789707016.3583887, "cuda_visible_devices": "2", "allocated_gib": 5.225467205047607, "reserved_gib": 8.228515625, "peak_allocated_gib": 7.100411891937256, "gpu_time_budget": null, "module": "model.layers.5.mlp.down_proj", "step": 3584}
{"stage": "sequential-round-coordinate", "pid": 4075184, "time": 1789707017.2452924, "cuda_visible_devices": "2", "allocated_gib": 5.225467205047607, "reserved_gib": 8.228515625, "peak_allocated_gib": 7.100411891937256, "gpu_time_budget": null, "module": "model.layers.5.mlp.down_proj", "step": 3712}
{"stage": "sequential-round-coordinate", "pid": 4075184, "time": 1789707018.1334949, "cuda_visible_devices": "2", "allocated_gib": 5.225467205047607, "reserved_gib": 8.228515625, "peak_allocated_gib": 7.100411891937256, "gpu_time_budget": null, "module": "model.layers.5.mlp.down_proj", "step": 3840}
{"stage": "sequential-round-coordinate", "pid": 4075184, "time": 1789707019.0215127, "cuda_visible_devices": "2", "allocated_gib": 5.225467205047607, "reserved_gib": 8.228515625, "peak_allocated_gib": 7.100411891937256, "gpu_time_budget": null, "module": "model.layers.5.mlp.down_proj", "step": 3968}
{"stage": "sequential-round-coordinate", "pid": 4075184, "time": 1789707019.9007406, "cuda_visible_devices": "2", "allocated_gib": 5.225467205047607, "reserved_gib": 8.228515625, "peak_allocated_gib": 7.100411891937256, "gpu_time_budget": null, "module": "model.layers.5.mlp.down_proj", "step": 4096}
{"stage": "sequential-round-coordinate", "pid": 4075184, "time": 1789707020.4883752, "cuda_visible_devices": "2", "allocated_gib": 5.225467205047607, "reserved_gib": 8.228515625, "peak_allocated_gib": 7.100411891937256, "gpu_time_budget": null, "module": "model.layers.5.mlp.down_proj", "step": 4224}
{"stage": "sequential-round-coordinate", "pid": 4075184, "time": 1789707021.1484582, "cuda_visible_devices": "2", "allocated_gib": 5.225467205047607, "reserved_gib": 8.228515625, "peak_allocated_gib": 7.100411891937256, "gpu_time_budget": null, "module": "model.layers.5.mlp.down_proj", "step": 4352}
{"stage": "sequential-round-coordinate", "pid": 4075184, "time": 1789707021.8097217, "cuda_visible_devices": "2", "allocated_gib": 5.225467205047607, "reserved_gib": 8.228515625, "peak_allocated_gib": 7.100411891937256, "gpu_time_budget": null, "module": "model.layers.5.mlp.down_proj", "step": 4480}
{"stage": "sequential-round-coordinate", "pid": 4075184, "time": 1789707022.4699156, "cuda_visible_devices": "2", "allocated_gib": 5.225467205047607, "reserved_gib": 8.228515625, "peak_allocated_gib": 7.100411891937256, "gpu_time_budget": null, "module": "model.layers.5.mlp.down_proj", "step": 4608}
{"stage": "sequential-round-coordinate", "pid": 4075184, "time": 1789707023.1309137, "cuda_visible_devices": "2", "allocated_gib": 5.225467205047607, "reserved_gib": 8.228515625, "peak_allocated_gib": 7.100411891937256, "gpu_time_budget": null, "module": "model.layers.5.mlp.down_proj", "step": 4736}
{"stage": "sequential-round-coordinate", "pid": 4075184, "time": 1789707023.7915704, "cuda_visible_devices": "2", "allocated_gib": 5.225467205047607, "reserved_gib": 8.228515625, "peak_allocated_gib": 7.100411891937256, "gpu_time_budget": null, "module": "model.layers.5.mlp.down_proj", "step": 4864}
{"stage": "sequential-round-coordinate", "pid": 4075184, "time": 1789707024.4520051, "cuda_visible_devices": "2", "allocated_gib": 5.225467205047607, "reserved_gib": 8.228515625, "peak_allocated_gib": 7.100411891937256, "gpu_time_budget": null, "module": "model.layers.5.mlp.down_proj", "step": 4992}
{"stage": "sequential-round-coordinate", "pid": 4075184, "time": 1789707025.1127748, "cuda_visible_devices": "2", "allocated_gib": 5.225467205047607, "reserved_gib": 8.228515625, "peak_allocated_gib": 7.100411891937256, "gpu_time_budget": null, "module": "model.layers.5.mlp.down_proj", "step": 5120}
{"stage": "sequential-round-coordinate", "pid": 4075184, "time": 1789707025.7556787, "cuda_visible_devices": "2", "allocated_gib": 5.225467205047607, "reserved_gib": 8.228515625, "peak_allocated_gib": 7.100411891937256, "gpu_time_budget": null, "module": "model.layers.5.mlp.down_proj", "step": 5248}
{"stage": "sequential-round-coordinate", "pid": 4075184, "time": 1789707026.4267356, "cuda_visible_devices": "2", "allocated_gib": 5.225467205047607, "reserved_gib": 8.228515625, "peak_allocated_gib": 7.100411891937256, "gpu_time_budget": null, "module": "model.layers.5.mlp.down_proj", "step": 5376}
{"stage": "sequential-round-coordinate", "pid": 4075184, "time": 1789707027.0869617, "cuda_visible_devices": "2", "allocated_gib": 5.225467205047607, "reserved_gib": 8.228515625, "peak_allocated_gib": 7.100411891937256, "gpu_time_budget": null, "module": "model.layers.5.mlp.down_proj", "step": 5504}
{"stage": "sequential-round-coordinate", "pid": 4075184, "time": 1789707027.744122, "cuda_visible_devices": "2", "allocated_gib": 5.225467205047607, "reserved_gib": 8.228515625, "peak_allocated_gib": 7.100411891937256, "gpu_time_budget": null, "module": "model.layers.5.mlp.down_proj", "step": 5632}
{"stage": "sequential-round-coordinate", "pid": 4075184, "time": 1789707028.4014678, "cuda_visible_devices": "2", "allocated_gib": 5.225467205047607, "reserved_gib": 8.228515625, "peak_allocated_gib": 7.100411891937256, "gpu_time_budget": null, "module": "model.layers.5.mlp.down_proj", "step": 5760}
{"stage": "sequential-round-coordinate", "pid": 4075184, "time": 1789707029.059024, "cuda_visible_devices": "2", "allocated_gib": 5.225467205047607, "reserved_gib": 8.228515625, "peak_allocated_gib": 7.100411891937256, "gpu_time_budget": null, "module": "model.layers.5.mlp.down_proj", "step": 5888}
{"stage": "sequential-round-coordinate", "pid": 4075184, "time": 1789707029.7157636, "cuda_visible_devices": "2", "allocated_gib": 5.225467205047607, "reserved_gib": 8.228515625, "peak_allocated_gib": 7.100411891937256, "gpu_time_budget": null, "module": "model.layers.5.mlp.down_proj", "step": 6016}
{"stage": "sequential-round-coordinate", "pid": 4075184, "time": 1789707030.3734498, "cuda_visible_devices": "2", "allocated_gib": 5.225467205047607, "reserved_gib": 8.228515625, "peak_allocated_gib": 7.100411891937256, "gpu_time_budget": null, "module": "model.layers.5.mlp.down_proj", "step": 6144}
{"stage": "sequential-round-coordinate", "pid": 4075184, "time": 1789707031.0143173, "cuda_visible_devices": "2", "allocated_gib": 5.225467205047607, "reserved_gib": 8.228515625, "peak_allocated_gib": 7.100411891937256, "gpu_time_budget": null, "module": "model.layers.5.mlp.down_proj", "step": 6272}
{"stage": "sequential-round-coordinate", "pid": 4075184, "time": 1789707031.6743014, "cuda_visible_devices": "2", "allocated_gib": 5.225467205047607, "reserved_gib": 8.228515625, "peak_allocated_gib": 7.100411891937256, "gpu_time_budget": null, "module": "model.layers.5.mlp.down_proj", "step": 6400}
{"stage": "sequential-round-coordinate", "pid": 4075184, "time": 1789707032.3334618, "cuda_visible_devices": "2", "allocated_gib": 5.225467205047607, "reserved_gib": 8.228515625, "peak_allocated_gib": 7.100411891937256, "gpu_time_budget": null, "module": "model.layers.5.mlp.down_proj", "step": 6528}
{"stage": "sequential-round-coordinate", "pid": 4075184, "time": 1789707032.9945679, "cuda_visible_devices": "2", "allocated_gib": 5.225467205047607, "reserved_gib": 8.228515625, "peak_allocated_gib": 7.100411891937256, "gpu_time_budget": null, "module": "model.layers.5.mlp.down_proj", "step": 6656}
{"stage": "sequential-round-coordinate", "pid": 4075184, "time": 1789707033.6567268, "cuda_visible_devices": "2", "allocated_gib": 5.225467205047607, "reserved_gib": 8.228515625, "peak_allocated_gib": 7.100411891937256, "gpu_time_budget": null, "module": "model.layers.5.mlp.down_proj", "step": 6784}
{"stage": "sequential-round-coordinate", "pid": 4075184, "time": 1789707034.322967, "cuda_visible_devices": "2", "allocated_gib": 5.225467205047607, "reserved_gib": 8.228515625, "peak_allocated_gib": 7.100411891937256, "gpu_time_budget": null, "module": "model.layers.5.mlp.down_proj", "step": 6912}
{"stage": "sequential-round-coordinate", "pid": 4075184, "time": 1789707034.9825053, "cuda_visible_devices": "2", "allocated_gib": 5.225467205047607, "reserved_gib": 8.228515625, "peak_allocated_gib": 7.100411891937256, "gpu_time_budget": null, "module": "model.layers.5.mlp.down_proj", "step": 7040}
{"stage": "sequential-round-coordinate", "pid": 4075184, "time": 1789707035.643141, "cuda_visible_devices": "2", "allocated_gib": 5.225467205047607, "reserved_gib": 8.228515625, "peak_allocated_gib": 7.100411891937256, "gpu_time_budget": null, "module": "model.layers.5.mlp.down_proj", "step": 7168}
{"stage": "sequential-round-coordinate", "pid": 4075184, "time": 1789707036.273945, "cuda_visible_devices": "2", "allocated_gib": 5.225467205047607, "reserved_gib": 8.228515625, "peak_allocated_gib": 7.100411891937256, "gpu_time_budget": null, "module": "model.layers.5.mlp.down_proj", "step": 7296}
{"stage": "sequential-round-coordinate", "pid": 4075184, "time": 1789707036.8182101, "cuda_visible_devices": "2", "allocated_gib": 5.225467205047607, "reserved_gib": 8.228515625, "peak_allocated_gib": 7.100411891937256, "gpu_time_budget": null, "module": "model.layers.5.mlp.down_proj", "step": 7424}
{"stage": "sequential-round-coordinate", "pid": 4075184, "time": 1789707037.361532, "cuda_visible_devices": "2", "allocated_gib": 5.225467205047607, "reserved_gib": 8.228515625, "peak_allocated_gib": 7.100411891937256, "gpu_time_budget": null, "module": "model.layers.5.mlp.down_proj", "step": 7552}
{"stage": "sequential-round-coordinate", "pid": 4075184, "time": 1789707037.9119117, "cuda_visible_devices": "2", "allocated_gib": 5.225467205047607, "reserved_gib": 8.228515625, "peak_allocated_gib": 7.100411891937256, "gpu_time_budget": null, "module": "model.layers.5.mlp.down_proj", "step": 7680}
{"stage": "sequential-round-coordinate", "pid": 4075184, "time": 1789707038.4488075, "cuda_visible_devices": "2", "allocated_gib": 5.225467205047607, "reserved_gib": 8.228515625, "peak_allocated_gib": 7.100411891937256, "gpu_time_budget": null, "module": "model.layers.5.mlp.down_proj", "step": 7808}
{"stage": "sequential-round-coordinate", "pid": 4075184, "time": 1789707039.1858172, "cuda_visible_devices": "2", "allocated_gib": 5.225467205047607, "reserved_gib": 8.228515625, "peak_allocated_gib": 7.100411891937256, "gpu_time_budget": null, "module": "model.layers.5.mlp.down_proj", "step": 7936}
{"stage": "sequential-round-coordinate", "pid": 4075184, "time": 1789707040.0744894, "cuda_visible_devices": "2", "allocated_gib": 5.225467205047607, "reserved_gib": 8.228515625, "peak_allocated_gib": 7.100411891937256, "gpu_time_budget": null, "module": "model.layers.5.mlp.down_proj", "step": 8064}
{"stage": "sequential-round-coordinate", "pid": 4075184, "time": 1789707041.04381, "cuda_visible_devices": "2", "allocated_gib": 5.225467205047607, "reserved_gib": 8.228515625, "peak_allocated_gib": 7.100411891937256, "gpu_time_budget": null, "module": "model.layers.5.mlp.down_proj", "step": 8192}
{"stage": "sequential-round-train-nll", "pid": 4075184, "time": 1789707041.090444, "cuda_visible_devices": "2", "allocated_gib": 3.7957167625427246, "reserved_gib": 3.80078125, "peak_allocated_gib": 7.100411891937256, "gpu_time_budget": null, "module": "model.layers.5.mlp.down_proj", "step": 512}
Evaluation segment 1/1: start=0, windows=8, seqlen=2048
{"stage": "sequential-round-train-nll", "pid": 4075184, "time": 1789707046.1763182, "cuda_visible_devices": "2", "allocated_gib": 3.7957167625427246, "reserved_gib": 5.978515625, "peak_allocated_gib": 7.100411891937256, "gpu_time_budget": null, "module": "model.layers.5.mlp.down_proj", "step": 2048}
Evaluation segment 1/1: start=0, windows=8, seqlen=2048
{"stage": "sequential-round-train-nll", "pid": 4075184, "time": 1789707051.254302, "cuda_visible_devices": "2", "allocated_gib": 3.7957167625427246, "reserved_gib": 5.978515625, "peak_allocated_gib": 7.100411891937256, "gpu_time_budget": null, "module": "model.layers.5.mlp.down_proj", "step": 8192}
Evaluation segment 1/1: start=0, windows=8, seqlen=2048
{"stage": "sequential-module-completed", "pid": 4075184, "time": 1789707056.3961592, "cuda_visible_devices": "2", "allocated_gib": 3.7957167625427246, "reserved_gib": 5.978515625, "peak_allocated_gib": 7.100411891937256, "gpu_time_budget": null, "module": "model.layers.5.mlp.down_proj", "completed": 6, "total": 28, "selected_train_nll": 2.671831168377377, "elapsed_seconds": 329.12316263793036}
{"stage": "sequential-round-fit", "pid": 4075184, "time": 1789707059.8702152, "cuda_visible_devices": "2", "allocated_gib": 3.7957167625427246, "reserved_gib": 5.978515625, "peak_allocated_gib": 7.100411891937256, "gpu_time_budget": null, "module": "model.layers.6.mlp.down_proj", "fit_rows": 49152, "heldout_rows": 16384}
{"stage": "sequential-round-coordinate", "pid": 4075184, "time": 1789707061.0462866, "cuda_visible_devices": "2", "allocated_gib": 5.225467205047607, "reserved_gib": 8.228515625, "peak_allocated_gib": 7.100411891937256, "gpu_time_budget": null, "module": "model.layers.6.mlp.down_proj", "step": 128}
{"stage": "sequential-round-coordinate", "pid": 4075184, "time": 1789707061.93565, "cuda_visible_devices": "2", "allocated_gib": 5.225467205047607, "reserved_gib": 8.228515625, "peak_allocated_gib": 7.100411891937256, "gpu_time_budget": null, "module": "model.layers.6.mlp.down_proj", "step": 256}
{"stage": "sequential-round-coordinate", "pid": 4075184, "time": 1789707062.8273485, "cuda_visible_devices": "2", "allocated_gib": 5.225467205047607, "reserved_gib": 8.228515625, "peak_allocated_gib": 7.100411891937256, "gpu_time_budget": null, "module": "model.layers.6.mlp.down_proj", "step": 384}
{"stage": "sequential-round-coordinate", "pid": 4075184, "time": 1789707063.817705, "cuda_visible_devices": "2", "allocated_gib": 5.225467205047607, "reserved_gib": 8.228515625, "peak_allocated_gib": 7.100411891937256, "gpu_time_budget": null, "module": "model.layers.6.mlp.down_proj", "step": 512}
{"stage": "sequential-round-coordinate", "pid": 4075184, "time": 1789707064.7076552, "cuda_visible_devices": "2", "allocated_gib": 5.225467205047607, "reserved_gib": 8.228515625, "peak_allocated_gib": 7.100411891937256, "gpu_time_budget": null, "module": "model.layers.6.mlp.down_proj", "step": 640}
{"stage": "sequential-round-coordinate", "pid": 4075184, "time": 1789707065.603397, "cuda_visible_devices": "2", "allocated_gib": 5.225467205047607, "reserved_gib": 8.228515625, "peak_allocated_gib": 7.100411891937256, "gpu_time_budget": null, "module": "model.layers.6.mlp.down_proj", "step": 768}
{"stage": "sequential-round-coordinate", "pid": 4075184, "time": 1789707066.4960225, "cuda_visible_devices": "2", "allocated_gib": 5.225467205047607, "reserved_gib": 8.228515625, "peak_allocated_gib": 7.100411891937256, "gpu_time_budget": null, "module": "model.layers.6.mlp.down_proj", "step": 896}
{"stage": "sequential-round-coordinate", "pid": 4075184, "time": 1789707067.3981578, "cuda_visible_devices": "2", "allocated_gib": 5.225467205047607, "reserved_gib": 8.228515625, "peak_allocated_gib": 7.100411891937256, "gpu_time_budget": null, "module": "model.layers.6.mlp.down_proj", "step": 1024}
{"stage": "sequential-round-coordinate", "pid": 4075184, "time": 1789707068.3840272, "cuda_visible_devices": "2", "allocated_gib": 5.225467205047607, "reserved_gib": 8.228515625, "peak_allocated_gib": 7.100411891937256, "gpu_time_budget": null, "module": "model.layers.6.mlp.down_proj", "step": 1152}
{"stage": "sequential-round-coordinate", "pid": 4075184, "time": 1789707069.276232, "cuda_visible_devices": "2", "allocated_gib": 5.225467205047607, "reserved_gib": 8.228515625, "peak_allocated_gib": 7.100411891937256, "gpu_time_budget": null, "module": "model.layers.6.mlp.down_proj", "step": 1280}
{"stage": "sequential-round-coordinate", "pid": 4075184, "time": 1789707070.1730444, "cuda_visible_devices": "2", "allocated_gib": 5.225467205047607, "reserved_gib": 8.228515625, "peak_allocated_gib": 7.100411891937256, "gpu_time_budget": null, "module": "model.layers.6.mlp.down_proj", "step": 1408}
{"stage": "sequential-round-coordinate", "pid": 4075184, "time": 1789707071.065497, "cuda_visible_devices": "2", "allocated_gib": 5.225467205047607, "reserved_gib": 8.228515625, "peak_allocated_gib": 7.100411891937256, "gpu_time_budget": null, "module": "model.layers.6.mlp.down_proj", "step": 1536}
{"stage": "sequential-round-coordinate", "pid": 4075184, "time": 1789707071.9564762, "cuda_visible_devices": "2", "allocated_gib": 5.225467205047607, "reserved_gib": 8.228515625, "peak_allocated_gib": 7.100411891937256, "gpu_time_budget": null, "module": "model.layers.6.mlp.down_proj", "step": 1664}
{"stage": "sequential-round-coordinate", "pid": 4075184, "time": 1789707072.849946, "cuda_visible_devices": "2", "allocated_gib": 5.225467205047607, "reserved_gib": 8.228515625, "peak_allocated_gib": 7.100411891937256, "gpu_time_budget": null, "module": "model.layers.6.mlp.down_proj", "step": 1792}
{"stage": "sequential-round-coordinate", "pid": 4075184, "time": 1789707073.7417922, "cuda_visible_devices": "2", "allocated_gib": 5.225467205047607, "reserved_gib": 8.228515625, "peak_allocated_gib": 7.100411891937256, "gpu_time_budget": null, "module": "model.layers.6.mlp.down_proj", "step": 1920}
{"stage": "sequential-round-coordinate", "pid": 4075184, "time": 1789707074.7112799, "cuda_visible_devices": "2", "allocated_gib": 5.225467205047607, "reserved_gib": 8.228515625, "peak_allocated_gib": 7.100411891937256, "gpu_time_budget": null, "module": "model.layers.6.mlp.down_proj", "step": 2048}
{"stage": "sequential-round-coordinate", "pid": 4075184, "time": 1789707075.600324, "cuda_visible_devices": "2", "allocated_gib": 5.225467205047607, "reserved_gib": 8.228515625, "peak_allocated_gib": 7.100411891937256, "gpu_time_budget": null, "module": "model.layers.6.mlp.down_proj", "step": 2176}
{"stage": "sequential-round-coordinate", "pid": 4075184, "time": 1789707076.4890466, "cuda_visible_devices": "2", "allocated_gib": 5.225467205047607, "reserved_gib": 8.228515625, "peak_allocated_gib": 7.100411891937256, "gpu_time_budget": null, "module": "model.layers.6.mlp.down_proj", "step": 2304}
{"stage": "sequential-round-coordinate", "pid": 4075184, "time": 1789707077.3785512, "cuda_visible_devices": "2", "allocated_gib": 5.225467205047607, "reserved_gib": 8.228515625, "peak_allocated_gib": 7.100411891937256, "gpu_time_budget": null, "module": "model.layers.6.mlp.down_proj", "step": 2432}
{"stage": "sequential-round-coordinate", "pid": 4075184, "time": 1789707078.269775, "cuda_visible_devices": "2", "allocated_gib": 5.225467205047607, "reserved_gib": 8.228515625, "peak_allocated_gib": 7.100411891937256, "gpu_time_budget": null, "module": "model.layers.6.mlp.down_proj", "step": 2560}
{"stage": "sequential-round-coordinate", "pid": 4075184, "time": 1789707079.146484, "cuda_visible_devices": "2", "allocated_gib": 5.225467205047607, "reserved_gib": 8.228515625, "peak_allocated_gib": 7.100411891937256, "gpu_time_budget": null, "module": "model.layers.6.mlp.down_proj", "step": 2688}
{"stage": "sequential-round-coordinate", "pid": 4075184, "time": 1789707080.0646052, "cuda_visible_devices": "2", "allocated_gib": 5.225467205047607, "reserved_gib": 8.228515625, "peak_allocated_gib": 7.100411891937256, "gpu_time_budget": null, "module": "model.layers.6.mlp.down_proj", "step": 2816}
{"stage": "sequential-round-coordinate", "pid": 4075184, "time": 1789707080.9541023, "cuda_visible_devices": "2", "allocated_gib": 5.225467205047607, "reserved_gib": 8.228515625, "peak_allocated_gib": 7.100411891937256, "gpu_time_budget": null, "module": "model.layers.6.mlp.down_proj", "step": 2944}
{"stage": "sequential-round-coordinate", "pid": 4075184, "time": 1789707081.848882, "cuda_visible_devices": "2", "allocated_gib": 5.225467205047607, "reserved_gib": 8.228515625, "peak_allocated_gib": 7.100411891937256, "gpu_time_budget": null, "module": "model.layers.6.mlp.down_proj", "step": 3072}
{"stage": "sequential-round-coordinate", "pid": 4075184, "time": 1789707082.738846, "cuda_visible_devices": "2", "allocated_gib": 5.225467205047607, "reserved_gib": 8.228515625, "peak_allocated_gib": 7.100411891937256, "gpu_time_budget": null, "module": "model.layers.6.mlp.down_proj", "step": 3200}
{"stage": "sequential-round-coordinate", "pid": 4075184, "time": 1789707083.6277373, "cuda_visible_devices": "2", "allocated_gib": 5.225467205047607, "reserved_gib": 8.228515625, "peak_allocated_gib": 7.100411891937256, "gpu_time_budget": null, "module": "model.layers.6.mlp.down_proj", "step": 3328}
{"stage": "sequential-round-coordinate", "pid": 4075184, "time": 1789707084.517003, "cuda_visible_devices": "2", "allocated_gib": 5.225467205047607, "reserved_gib": 8.228515625, "peak_allocated_gib": 7.100411891937256, "gpu_time_budget": null, "module": "model.layers.6.mlp.down_proj", "step": 3456}
{"stage": "sequential-round-coordinate", "pid": 4075184, "time": 1789707085.4049337, "cuda_visible_devices": "2", "allocated_gib": 5.225467205047607, "reserved_gib": 8.228515625, "peak_allocated_gib": 7.100411891937256, "gpu_time_budget": null, "module": "model.layers.6.mlp.down_proj", "step": 3584}
{"stage": "sequential-round-coordinate", "pid": 4075184, "time": 1789707086.2931838, "cuda_visible_devices": "2", "allocated_gib": 5.225467205047607, "reserved_gib": 8.228515625, "peak_allocated_gib": 7.100411891937256, "gpu_time_budget": null, "module": "model.layers.6.mlp.down_proj", "step": 3712}
{"stage": "sequential-round-coordinate", "pid": 4075184, "time": 1789707087.1728072, "cuda_visible_devices": "2", "allocated_gib": 5.225467205047607, "reserved_gib": 8.228515625, "peak_allocated_gib": 7.100411891937256, "gpu_time_budget": null, "module": "model.layers.6.mlp.down_proj", "step": 3840}
{"stage": "sequential-round-coordinate", "pid": 4075184, "time": 1789707088.0597484, "cuda_visible_devices": "2", "allocated_gib": 5.225467205047607, "reserved_gib": 8.228515625, "peak_allocated_gib": 7.100411891937256, "gpu_time_budget": null, "module": "model.layers.6.mlp.down_proj", "step": 3968}
{"stage": "sequential-round-coordinate", "pid": 4075184, "time": 1789707088.952451, "cuda_visible_devices": "2", "allocated_gib": 5.225467205047607, "reserved_gib": 8.228515625, "peak_allocated_gib": 7.100411891937256, "gpu_time_budget": null, "module": "model.layers.6.mlp.down_proj", "step": 4096}
{"stage": "sequential-round-coordinate", "pid": 4075184, "time": 1789707089.8355436, "cuda_visible_devices": "2", "allocated_gib": 5.225467205047607, "reserved_gib": 8.228515625, "peak_allocated_gib": 7.100411891937256, "gpu_time_budget": null, "module": "model.layers.6.mlp.down_proj", "step": 4224}
{"stage": "sequential-round-coordinate", "pid": 4075184, "time": 1789707090.3660216, "cuda_visible_devices": "2", "allocated_gib": 5.225467205047607, "reserved_gib": 8.228515625, "peak_allocated_gib": 7.100411891937256, "gpu_time_budget": null, "module": "model.layers.6.mlp.down_proj", "step": 4352}
{"stage": "sequential-round-coordinate", "pid": 4075184, "time": 1789707091.0279822, "cuda_visible_devices": "2", "allocated_gib": 5.225467205047607, "reserved_gib": 8.228515625, "peak_allocated_gib": 7.100411891937256, "gpu_time_budget": null, "module": "model.layers.6.mlp.down_proj", "step": 4480}
{"stage": "sequential-round-coordinate", "pid": 4075184, "time": 1789707091.6863754, "cuda_visible_devices": "2", "allocated_gib": 5.225467205047607, "reserved_gib": 8.228515625, "peak_allocated_gib": 7.100411891937256, "gpu_time_budget": null, "module": "model.layers.6.mlp.down_proj", "step": 4608}
{"stage": "sequential-round-coordinate", "pid": 4075184, "time": 1789707092.3444092, "cuda_visible_devices": "2", "allocated_gib": 5.225467205047607, "reserved_gib": 8.228515625, "peak_allocated_gib": 7.100411891937256, "gpu_time_budget": null, "module": "model.layers.6.mlp.down_proj", "step": 4736}
{"stage": "sequential-round-coordinate", "pid": 4075184, "time": 1789707093.0032587, "cuda_visible_devices": "2", "allocated_gib": 5.225467205047607, "reserved_gib": 8.228515625, "peak_allocated_gib": 7.100411891937256, "gpu_time_budget": null, "module": "model.layers.6.mlp.down_proj", "step": 4864}
{"stage": "sequential-round-coordinate", "pid": 4075184, "time": 1789707093.661241, "cuda_visible_devices": "2", "allocated_gib": 5.225467205047607, "reserved_gib": 8.228515625, "peak_allocated_gib": 7.100411891937256, "gpu_time_budget": null, "module": "model.layers.6.mlp.down_proj", "step": 4992}
{"stage": "sequential-round-coordinate", "pid": 4075184, "time": 1789707094.319131, "cuda_visible_devices": "2", "allocated_gib": 5.225467205047607, "reserved_gib": 8.228515625, "peak_allocated_gib": 7.100411891937256, "gpu_time_budget": null, "module": "model.layers.6.mlp.down_proj", "step": 5120}
{"stage": "sequential-round-coordinate", "pid": 4075184, "time": 1789707094.9778829, "cuda_visible_devices": "2", "allocated_gib": 5.225467205047607, "reserved_gib": 8.228515625, "peak_allocated_gib": 7.100411891937256, "gpu_time_budget": null, "module": "model.layers.6.mlp.down_proj", "step": 5248}
{"stage": "sequential-round-coordinate", "pid": 4075184, "time": 1789707095.6111743, "cuda_visible_devices": "2", "allocated_gib": 5.225467205047607, "reserved_gib": 8.228515625, "peak_allocated_gib": 7.100411891937256, "gpu_time_budget": null, "module": "model.layers.6.mlp.down_proj", "step": 5376}
{"stage": "sequential-round-coordinate", "pid": 4075184, "time": 1789707096.2728596, "cuda_visible_devices": "2", "allocated_gib": 5.225467205047607, "reserved_gib": 8.228515625, "peak_allocated_gib": 7.100411891937256, "gpu_time_budget": null, "module": "model.layers.6.mlp.down_proj", "step": 5504}
{"stage": "sequential-round-coordinate", "pid": 4075184, "time": 1789707096.9341118, "cuda_visible_devices": "2", "allocated_gib": 5.225467205047607, "reserved_gib": 8.228515625, "peak_allocated_gib": 7.100411891937256, "gpu_time_budget": null, "module": "model.layers.6.mlp.down_proj", "step": 5632}
{"stage": "sequential-round-coordinate", "pid": 4075184, "time": 1789707097.595051, "cuda_visible_devices": "2", "allocated_gib": 5.225467205047607, "reserved_gib": 8.228515625, "peak_allocated_gib": 7.100411891937256, "gpu_time_budget": null, "module": "model.layers.6.mlp.down_proj", "step": 5760}
{"stage": "sequential-round-coordinate", "pid": 4075184, "time": 1789707098.254616, "cuda_visible_devices": "2", "allocated_gib": 5.225467205047607, "reserved_gib": 8.228515625, "peak_allocated_gib": 7.100411891937256, "gpu_time_budget": null, "module": "model.layers.6.mlp.down_proj", "step": 5888}
{"stage": "sequential-round-coordinate", "pid": 4075184, "time": 1789707098.9159467, "cuda_visible_devices": "2", "allocated_gib": 5.225467205047607, "reserved_gib": 8.228515625, "peak_allocated_gib": 7.100411891937256, "gpu_time_budget": null, "module": "model.layers.6.mlp.down_proj", "step": 6016}
{"stage": "sequential-round-coordinate", "pid": 4075184, "time": 1789707099.5773683, "cuda_visible_devices": "2", "allocated_gib": 5.225467205047607, "reserved_gib": 8.228515625, "peak_allocated_gib": 7.100411891937256, "gpu_time_budget": null, "module": "model.layers.6.mlp.down_proj", "step": 6144}
{"stage": "sequential-round-coordinate", "pid": 4075184, "time": 1789707100.2389023, "cuda_visible_devices": "2", "allocated_gib": 5.225467205047607, "reserved_gib": 8.228515625, "peak_allocated_gib": 7.100411891937256, "gpu_time_budget": null, "module": "model.layers.6.mlp.down_proj", "step": 6272}
{"stage": "sequential-round-coordinate", "pid": 4075184, "time": 1789707100.880428, "cuda_visible_devices": "2", "allocated_gib": 5.225467205047607, "reserved_gib": 8.228515625, "peak_allocated_gib": 7.100411891937256, "gpu_time_budget": null, "module": "model.layers.6.mlp.down_proj", "step": 6400}
{"stage": "sequential-round-coordinate", "pid": 4075184, "time": 1789707101.5433137, "cuda_visible_devices": "2", "allocated_gib": 5.225467205047607, "reserved_gib": 8.228515625, "peak_allocated_gib": 7.100411891937256, "gpu_time_budget": null, "module": "model.layers.6.mlp.down_proj", "step": 6528}
{"stage": "sequential-round-coordinate", "pid": 4075184, "time": 1789707102.2047615, "cuda_visible_devices": "2", "allocated_gib": 5.225467205047607, "reserved_gib": 8.228515625, "peak_allocated_gib": 7.100411891937256, "gpu_time_budget": null, "module": "model.layers.6.mlp.down_proj", "step": 6656}
{"stage": "sequential-round-coordinate", "pid": 4075184, "time": 1789707102.8660107, "cuda_visible_devices": "2", "allocated_gib": 5.225467205047607, "reserved_gib": 8.228515625, "peak_allocated_gib": 7.100411891937256, "gpu_time_budget": null, "module": "model.layers.6.mlp.down_proj", "step": 6784}
{"stage": "sequential-round-coordinate", "pid": 4075184, "time": 1789707103.5252676, "cuda_visible_devices": "2", "allocated_gib": 5.225467205047607, "reserved_gib": 8.228515625, "peak_allocated_gib": 7.100411891937256, "gpu_time_budget": null, "module": "model.layers.6.mlp.down_proj", "step": 6912}
{"stage": "sequential-round-coordinate", "pid": 4075184, "time": 1789707104.18582, "cuda_visible_devices": "2", "allocated_gib": 5.225467205047607, "reserved_gib": 8.228515625, "peak_allocated_gib": 7.100411891937256, "gpu_time_budget": null, "module": "model.layers.6.mlp.down_proj", "step": 7040}
{"stage": "sequential-round-coordinate", "pid": 4075184, "time": 1789707104.846713, "cuda_visible_devices": "2", "allocated_gib": 5.225467205047607, "reserved_gib": 8.228515625, "peak_allocated_gib": 7.100411891937256, "gpu_time_budget": null, "module": "model.layers.6.mlp.down_proj", "step": 7168}
{"stage": "sequential-round-coordinate", "pid": 4075184, "time": 1789707105.507482, "cuda_visible_devices": "2", "allocated_gib": 5.225467205047607, "reserved_gib": 8.228515625, "peak_allocated_gib": 7.100411891937256, "gpu_time_budget": null, "module": "model.layers.6.mlp.down_proj", "step": 7296}
{"stage": "sequential-round-coordinate", "pid": 4075184, "time": 1789707106.1398191, "cuda_visible_devices": "2", "allocated_gib": 5.225467205047607, "reserved_gib": 8.228515625, "peak_allocated_gib": 7.100411891937256, "gpu_time_budget": null, "module": "model.layers.6.mlp.down_proj", "step": 7424}
{"stage": "sequential-round-coordinate", "pid": 4075184, "time": 1789707106.6864214, "cuda_visible_devices": "2", "allocated_gib": 5.225467205047607, "reserved_gib": 8.228515625, "peak_allocated_gib": 7.100411891937256, "gpu_time_budget": null, "module": "model.layers.6.mlp.down_proj", "step": 7552}
{"stage": "sequential-round-coordinate", "pid": 4075184, "time": 1789707107.2327404, "cuda_visible_devices": "2", "allocated_gib": 5.225467205047607, "reserved_gib": 8.228515625, "peak_allocated_gib": 7.100411891937256, "gpu_time_budget": null, "module": "model.layers.6.mlp.down_proj", "step": 7680}
{"stage": "sequential-round-coordinate", "pid": 4075184, "time": 1789707107.775501, "cuda_visible_devices": "2", "allocated_gib": 5.225467205047607, "reserved_gib": 8.228515625, "peak_allocated_gib": 7.100411891937256, "gpu_time_budget": null, "module": "model.layers.6.mlp.down_proj", "step": 7808}
{"stage": "sequential-round-coordinate", "pid": 4075184, "time": 1789707108.3216422, "cuda_visible_devices": "2", "allocated_gib": 5.225467205047607, "reserved_gib": 8.228515625, "peak_allocated_gib": 7.100411891937256, "gpu_time_budget": null, "module": "model.layers.6.mlp.down_proj", "step": 7936}
{"stage": "sequential-round-coordinate", "pid": 4075184, "time": 1789707108.864025, "cuda_visible_devices": "2", "allocated_gib": 5.225467205047607, "reserved_gib": 8.228515625, "peak_allocated_gib": 7.100411891937256, "gpu_time_budget": null, "module": "model.layers.6.mlp.down_proj", "step": 8064}
{"stage": "sequential-round-coordinate", "pid": 4075184, "time": 1789707109.479364, "cuda_visible_devices": "2", "allocated_gib": 5.225467205047607, "reserved_gib": 8.228515625, "peak_allocated_gib": 7.100411891937256, "gpu_time_budget": null, "module": "model.layers.6.mlp.down_proj", "step": 8192}
{"stage": "sequential-round-train-nll", "pid": 4075184, "time": 1789707109.5252237, "cuda_visible_devices": "2", "allocated_gib": 3.7957167625427246, "reserved_gib": 3.80078125, "peak_allocated_gib": 7.100411891937256, "gpu_time_budget": null, "module": "model.layers.6.mlp.down_proj", "step": 512}
Evaluation segment 1/1: start=0, windows=8, seqlen=2048
{"stage": "sequential-round-train-nll", "pid": 4075184, "time": 1789707114.5533822, "cuda_visible_devices": "2", "allocated_gib": 3.7957167625427246, "reserved_gib": 5.978515625, "peak_allocated_gib": 7.100411891937256, "gpu_time_budget": null, "module": "model.layers.6.mlp.down_proj", "step": 2048}
Evaluation segment 1/1: start=0, windows=8, seqlen=2048
{"stage": "sequential-round-train-nll", "pid": 4075184, "time": 1789707119.557738, "cuda_visible_devices": "2", "allocated_gib": 3.7957167625427246, "reserved_gib": 5.978515625, "peak_allocated_gib": 7.100411891937256, "gpu_time_budget": null, "module": "model.layers.6.mlp.down_proj", "step": 8192}
Evaluation segment 1/1: start=0, windows=8, seqlen=2048
{"stage": "sequential-module-completed", "pid": 4075184, "time": 1789707124.690581, "cuda_visible_devices": "2", "allocated_gib": 3.7957167625427246, "reserved_gib": 5.978515625, "peak_allocated_gib": 7.100411891937256, "gpu_time_budget": null, "module": "model.layers.6.mlp.down_proj", "completed": 7, "total": 28, "selected_train_nll": 2.671831168377377, "elapsed_seconds": 397.41759062896017}
{"stage": "sequential-round-fit", "pid": 4075184, "time": 1789707128.567306, "cuda_visible_devices": "2", "allocated_gib": 3.7957167625427246, "reserved_gib": 5.978515625, "peak_allocated_gib": 7.100411891937256, "gpu_time_budget": null, "module": "model.layers.7.mlp.down_proj", "fit_rows": 49152, "heldout_rows": 16384}
{"stage": "sequential-round-coordinate", "pid": 4075184, "time": 1789707129.7452497, "cuda_visible_devices": "2", "allocated_gib": 5.225467205047607, "reserved_gib": 8.228515625, "peak_allocated_gib": 7.100411891937256, "gpu_time_budget": null, "module": "model.layers.7.mlp.down_proj", "step": 128}
{"stage": "sequential-round-coordinate", "pid": 4075184, "time": 1789707130.633, "cuda_visible_devices": "2", "allocated_gib": 5.225467205047607, "reserved_gib": 8.228515625, "peak_allocated_gib": 7.100411891937256, "gpu_time_budget": null, "module": "model.layers.7.mlp.down_proj", "step": 256}
{"stage": "sequential-round-coordinate", "pid": 4075184, "time": 1789707131.5199919, "cuda_visible_devices": "2", "allocated_gib": 5.225467205047607, "reserved_gib": 8.228515625, "peak_allocated_gib": 7.100411891937256, "gpu_time_budget": null, "module": "model.layers.7.mlp.down_proj", "step": 384}
{"stage": "sequential-round-coordinate", "pid": 4075184, "time": 1789707132.4805343, "cuda_visible_devices": "2", "allocated_gib": 5.225467205047607, "reserved_gib": 8.228515625, "peak_allocated_gib": 7.100411891937256, "gpu_time_budget": null, "module": "model.layers.7.mlp.down_proj", "step": 512}
{"stage": "sequential-round-coordinate", "pid": 4075184, "time": 1789707133.3666046, "cuda_visible_devices": "2", "allocated_gib": 5.225467205047607, "reserved_gib": 8.228515625, "peak_allocated_gib": 7.100411891937256, "gpu_time_budget": null, "module": "model.layers.7.mlp.down_proj", "step": 640}
{"stage": "sequential-round-coordinate", "pid": 4075184, "time": 1789707134.256704, "cuda_visible_devices": "2", "allocated_gib": 5.225467205047607, "reserved_gib": 8.228515625, "peak_allocated_gib": 7.100411891937256, "gpu_time_budget": null, "module": "model.layers.7.mlp.down_proj", "step": 768}
{"stage": "sequential-round-coordinate", "pid": 4075184, "time": 1789707135.1459324, "cuda_visible_devices": "2", "allocated_gib": 5.225467205047607, "reserved_gib": 8.228515625, "peak_allocated_gib": 7.100411891937256, "gpu_time_budget": null, "module": "model.layers.7.mlp.down_proj", "step": 896}
{"stage": "sequential-round-coordinate", "pid": 4075184, "time": 1789707137.501926, "cuda_visible_devices": "2", "allocated_gib": 5.225467205047607, "reserved_gib": 8.228515625, "peak_allocated_gib": 7.100411891937256, "gpu_time_budget": null, "module": "model.layers.7.mlp.down_proj", "step": 1024}
{"stage": "sequential-round-coordinate", "pid": 4075184, "time": 1789707138.3904276, "cuda_visible_devices": "2", "allocated_gib": 5.225467205047607, "reserved_gib": 8.228515625, "peak_allocated_gib": 7.100411891937256, "gpu_time_budget": null, "module": "model.layers.7.mlp.down_proj", "step": 1152}
{"stage": "sequential-round-coordinate", "pid": 4075184, "time": 1789707139.2798612, "cuda_visible_devices": "2", "allocated_gib": 5.225467205047607, "reserved_gib": 8.228515625, "peak_allocated_gib": 7.100411891937256, "gpu_time_budget": null, "module": "model.layers.7.mlp.down_proj", "step": 1280}
{"stage": "sequential-round-coordinate", "pid": 4075184, "time": 1789707140.1696146, "cuda_visible_devices": "2", "allocated_gib": 5.225467205047607, "reserved_gib": 8.228515625, "peak_allocated_gib": 7.100411891937256, "gpu_time_budget": null, "module": "model.layers.7.mlp.down_proj", "step": 1408}
{"stage": "sequential-round-coordinate", "pid": 4075184, "time": 1789707141.0617595, "cuda_visible_devices": "2", "allocated_gib": 5.225467205047607, "reserved_gib": 8.228515625, "peak_allocated_gib": 7.100411891937256, "gpu_time_budget": null, "module": "model.layers.7.mlp.down_proj", "step": 1536}
{"stage": "sequential-round-coordinate", "pid": 4075184, "time": 1789707141.9515362, "cuda_visible_devices": "2", "allocated_gib": 5.225467205047607, "reserved_gib": 8.228515625, "peak_allocated_gib": 7.100411891937256, "gpu_time_budget": null, "module": "model.layers.7.mlp.down_proj", "step": 1664}
{"stage": "sequential-round-coordinate", "pid": 4075184, "time": 1789707142.8417106, "cuda_visible_devices": "2", "allocated_gib": 5.225467205047607, "reserved_gib": 8.228515625, "peak_allocated_gib": 7.100411891937256, "gpu_time_budget": null, "module": "model.layers.7.mlp.down_proj", "step": 1792}
{"stage": "sequential-round-coordinate", "pid": 4075184, "time": 1789707143.7321951, "cuda_visible_devices": "2", "allocated_gib": 5.225467205047607, "reserved_gib": 8.228515625, "peak_allocated_gib": 7.100411891937256, "gpu_time_budget": null, "module": "model.layers.7.mlp.down_proj", "step": 1920}
{"stage": "sequential-round-coordinate", "pid": 4075184, "time": 1789707144.6988583, "cuda_visible_devices": "2", "allocated_gib": 5.225467205047607, "reserved_gib": 8.228515625, "peak_allocated_gib": 7.100411891937256, "gpu_time_budget": null, "module": "model.layers.7.mlp.down_proj", "step": 2048}
{"stage": "sequential-round-coordinate", "pid": 4075184, "time": 1789707145.585276, "cuda_visible_devices": "2", "allocated_gib": 5.225467205047607, "reserved_gib": 8.228515625, "peak_allocated_gib": 7.100411891937256, "gpu_time_budget": null, "module": "model.layers.7.mlp.down_proj", "step": 2176}
{"stage": "sequential-round-coordinate", "pid": 4075184, "time": 1789707146.4738107, "cuda_visible_devices": "2", "allocated_gib": 5.225467205047607, "reserved_gib": 8.228515625, "peak_allocated_gib": 7.100411891937256, "gpu_time_budget": null, "module": "model.layers.7.mlp.down_proj", "step": 2304}
{"stage": "sequential-round-coordinate", "pid": 4075184, "time": 1789707147.3611386, "cuda_visible_devices": "2", "allocated_gib": 5.225467205047607, "reserved_gib": 8.228515625, "peak_allocated_gib": 7.100411891937256, "gpu_time_budget": null, "module": "model.layers.7.mlp.down_proj", "step": 2432}
{"stage": "sequential-round-coordinate", "pid": 4075184, "time": 1789707148.2489417, "cuda_visible_devices": "2", "allocated_gib": 5.225467205047607, "reserved_gib": 8.228515625, "peak_allocated_gib": 7.100411891937256, "gpu_time_budget": null, "module": "model.layers.7.mlp.down_proj", "step": 2560}
{"stage": "sequential-round-coordinate", "pid": 4075184, "time": 1789707149.1393707, "cuda_visible_devices": "2", "allocated_gib": 5.225467205047607, "reserved_gib": 8.228515625, "peak_allocated_gib": 7.100411891937256, "gpu_time_budget": null, "module": "model.layers.7.mlp.down_proj", "step": 2688}
{"stage": "sequential-round-coordinate", "pid": 4075184, "time": 1789707150.026121, "cuda_visible_devices": "2", "allocated_gib": 5.225467205047607, "reserved_gib": 8.228515625, "peak_allocated_gib": 7.100411891937256, "gpu_time_budget": null, "module": "model.layers.7.mlp.down_proj", "step": 2816}
{"stage": "sequential-round-coordinate", "pid": 4075184, "time": 1789707150.9120283, "cuda_visible_devices": "2", "allocated_gib": 5.225467205047607, "reserved_gib": 8.228515625, "peak_allocated_gib": 7.100411891937256, "gpu_time_budget": null, "module": "model.layers.7.mlp.down_proj", "step": 2944}
{"stage": "sequential-round-coordinate", "pid": 4075184, "time": 1789707151.8013651, "cuda_visible_devices": "2", "allocated_gib": 5.225467205047607, "reserved_gib": 8.228515625, "peak_allocated_gib": 7.100411891937256, "gpu_time_budget": null, "module": "model.layers.7.mlp.down_proj", "step": 3072}
{"stage": "sequential-round-coordinate", "pid": 4075184, "time": 1789707152.6875148, "cuda_visible_devices": "2", "allocated_gib": 5.225467205047607, "reserved_gib": 8.228515625, "peak_allocated_gib": 7.100411891937256, "gpu_time_budget": null, "module": "model.layers.7.mlp.down_proj", "step": 3200}
{"stage": "sequential-round-coordinate", "pid": 4075184, "time": 1789707153.5728436, "cuda_visible_devices": "2", "allocated_gib": 5.225467205047607, "reserved_gib": 8.228515625, "peak_allocated_gib": 7.100411891937256, "gpu_time_budget": null, "module": "model.layers.7.mlp.down_proj", "step": 3328}
{"stage": "sequential-round-coordinate", "pid": 4075184, "time": 1789707154.457675, "cuda_visible_devices": "2", "allocated_gib": 5.225467205047607, "reserved_gib": 8.228515625, "peak_allocated_gib": 7.100411891937256, "gpu_time_budget": null, "module": "model.layers.7.mlp.down_proj", "step": 3456}
{"stage": "sequential-round-coordinate", "pid": 4075184, "time": 1789707155.345185, "cuda_visible_devices": "2", "allocated_gib": 5.225467205047607, "reserved_gib": 8.228515625, "peak_allocated_gib": 7.100411891937256, "gpu_time_budget": null, "module": "model.layers.7.mlp.down_proj", "step": 3584}
{"stage": "sequential-round-coordinate", "pid": 4075184, "time": 1789707156.2335458, "cuda_visible_devices": "2", "allocated_gib": 5.225467205047607, "reserved_gib": 8.228515625, "peak_allocated_gib": 7.100411891937256, "gpu_time_budget": null, "module": "model.layers.7.mlp.down_proj", "step": 3712}
{"stage": "sequential-round-coordinate", "pid": 4075184, "time": 1789707157.121685, "cuda_visible_devices": "2", "allocated_gib": 5.225467205047607, "reserved_gib": 8.228515625, "peak_allocated_gib": 7.100411891937256, "gpu_time_budget": null, "module": "model.layers.7.mlp.down_proj", "step": 3840}
{"stage": "sequential-round-coordinate", "pid": 4075184, "time": 1789707158.0074248, "cuda_visible_devices": "2", "allocated_gib": 5.225467205047607, "reserved_gib": 8.228515625, "peak_allocated_gib": 7.100411891937256, "gpu_time_budget": null, "module": "model.layers.7.mlp.down_proj", "step": 3968}
{"stage": "sequential-round-coordinate", "pid": 4075184, "time": 1789707158.8942773, "cuda_visible_devices": "2", "allocated_gib": 5.225467205047607, "reserved_gib": 8.228515625, "peak_allocated_gib": 7.100411891937256, "gpu_time_budget": null, "module": "model.layers.7.mlp.down_proj", "step": 4096}
{"stage": "sequential-round-coordinate", "pid": 4075184, "time": 1789707159.783017, "cuda_visible_devices": "2", "allocated_gib": 5.225467205047607, "reserved_gib": 8.228515625, "peak_allocated_gib": 7.100411891937256, "gpu_time_budget": null, "module": "model.layers.7.mlp.down_proj", "step": 4224}
{"stage": "sequential-round-coordinate", "pid": 4075184, "time": 1789707160.670993, "cuda_visible_devices": "2", "allocated_gib": 5.225467205047607, "reserved_gib": 8.228515625, "peak_allocated_gib": 7.100411891937256, "gpu_time_budget": null, "module": "model.layers.7.mlp.down_proj", "step": 4352}
{"stage": "sequential-round-coordinate", "pid": 4075184, "time": 1789707161.568781, "cuda_visible_devices": "2", "allocated_gib": 5.225467205047607, "reserved_gib": 8.228515625, "peak_allocated_gib": 7.100411891937256, "gpu_time_budget": null, "module": "model.layers.7.mlp.down_proj", "step": 4480}
{"stage": "sequential-round-coordinate", "pid": 4075184, "time": 1789707162.109982, "cuda_visible_devices": "2", "allocated_gib": 5.225467205047607, "reserved_gib": 8.228515625, "peak_allocated_gib": 7.100411891937256, "gpu_time_budget": null, "module": "model.layers.7.mlp.down_proj", "step": 4608}
{"stage": "sequential-round-coordinate", "pid": 4075184, "time": 1789707162.7680352, "cuda_visible_devices": "2", "allocated_gib": 5.225467205047607, "reserved_gib": 8.228515625, "peak_allocated_gib": 7.100411891937256, "gpu_time_budget": null, "module": "model.layers.7.mlp.down_proj", "step": 4736}
{"stage": "sequential-round-coordinate", "pid": 4075184, "time": 1789707163.424631, "cuda_visible_devices": "2", "allocated_gib": 5.225467205047607, "reserved_gib": 8.228515625, "peak_allocated_gib": 7.100411891937256, "gpu_time_budget": null, "module": "model.layers.7.mlp.down_proj", "step": 4864}
{"stage": "sequential-round-coordinate", "pid": 4075184, "time": 1789707164.0814288, "cuda_visible_devices": "2", "allocated_gib": 5.225467205047607, "reserved_gib": 8.228515625, "peak_allocated_gib": 7.100411891937256, "gpu_time_budget": null, "module": "model.layers.7.mlp.down_proj", "step": 4992}
{"stage": "sequential-round-coordinate", "pid": 4075184, "time": 1789707164.742931, "cuda_visible_devices": "2", "allocated_gib": 5.225467205047607, "reserved_gib": 8.228515625, "peak_allocated_gib": 7.100411891937256, "gpu_time_budget": null, "module": "model.layers.7.mlp.down_proj", "step": 5120}
{"stage": "sequential-round-coordinate", "pid": 4075184, "time": 1789707165.4016054, "cuda_visible_devices": "2", "allocated_gib": 5.225467205047607, "reserved_gib": 8.228515625, "peak_allocated_gib": 7.100411891937256, "gpu_time_budget": null, "module": "model.layers.7.mlp.down_proj", "step": 5248}
{"stage": "sequential-round-coordinate", "pid": 4075184, "time": 1789707166.0587544, "cuda_visible_devices": "2", "allocated_gib": 5.225467205047607, "reserved_gib": 8.228515625, "peak_allocated_gib": 7.100411891937256, "gpu_time_budget": null, "module": "model.layers.7.mlp.down_proj", "step": 5376}
{"stage": "sequential-round-coordinate", "pid": 4075184, "time": 1789707166.7155976, "cuda_visible_devices": "2", "allocated_gib": 5.225467205047607, "reserved_gib": 8.228515625, "peak_allocated_gib": 7.100411891937256, "gpu_time_budget": null, "module": "model.layers.7.mlp.down_proj", "step": 5504}
{"stage": "sequential-round-coordinate", "pid": 4075184, "time": 1789707167.3437514, "cuda_visible_devices": "2", "allocated_gib": 5.225467205047607, "reserved_gib": 8.228515625, "peak_allocated_gib": 7.100411891937256, "gpu_time_budget": null, "module": "model.layers.7.mlp.down_proj", "step": 5632}
{"stage": "sequential-round-coordinate", "pid": 4075184, "time": 1789707168.0046556, "cuda_visible_devices": "2", "allocated_gib": 5.225467205047607, "reserved_gib": 8.228515625, "peak_allocated_gib": 7.100411891937256, "gpu_time_budget": null, "module": "model.layers.7.mlp.down_proj", "step": 5760}
{"stage": "sequential-round-coordinate", "pid": 4075184, "time": 1789707168.6644, "cuda_visible_devices": "2", "allocated_gib": 5.225467205047607, "reserved_gib": 8.228515625, "peak_allocated_gib": 7.100411891937256, "gpu_time_budget": null, "module": "model.layers.7.mlp.down_proj", "step": 5888}
{"stage": "sequential-round-coordinate", "pid": 4075184, "time": 1789707169.326016, "cuda_visible_devices": "2", "allocated_gib": 5.225467205047607, "reserved_gib": 8.228515625, "peak_allocated_gib": 7.100411891937256, "gpu_time_budget": null, "module": "model.layers.7.mlp.down_proj", "step": 6016}
{"stage": "sequential-round-coordinate", "pid": 4075184, "time": 1789707169.9864435, "cuda_visible_devices": "2", "allocated_gib": 5.225467205047607, "reserved_gib": 8.228515625, "peak_allocated_gib": 7.100411891937256, "gpu_time_budget": null, "module": "model.layers.7.mlp.down_proj", "step": 6144}
{"stage": "sequential-round-coordinate", "pid": 4075184, "time": 1789707170.643384, "cuda_visible_devices": "2", "allocated_gib": 5.225467205047607, "reserved_gib": 8.228515625, "peak_allocated_gib": 7.100411891937256, "gpu_time_budget": null, "module": "model.layers.7.mlp.down_proj", "step": 6272}
{"stage": "sequential-round-coordinate", "pid": 4075184, "time": 1789707171.3033314, "cuda_visible_devices": "2", "allocated_gib": 5.225467205047607, "reserved_gib": 8.228515625, "peak_allocated_gib": 7.100411891937256, "gpu_time_budget": null, "module": "model.layers.7.mlp.down_proj", "step": 6400}
{"stage": "sequential-round-coordinate", "pid": 4075184, "time": 1789707171.959914, "cuda_visible_devices": "2", "allocated_gib": 5.225467205047607, "reserved_gib": 8.228515625, "peak_allocated_gib": 7.100411891937256, "gpu_time_budget": null, "module": "model.layers.7.mlp.down_proj", "step": 6528}
{"stage": "sequential-round-coordinate", "pid": 4075184, "time": 1789707172.5893297, "cuda_visible_devices": "2", "allocated_gib": 5.225467205047607, "reserved_gib": 8.228515625, "peak_allocated_gib": 7.100411891937256, "gpu_time_budget": null, "module": "model.layers.7.mlp.down_proj", "step": 6656}
{"stage": "sequential-round-coordinate", "pid": 4075184, "time": 1789707173.249496, "cuda_visible_devices": "2", "allocated_gib": 5.225467205047607, "reserved_gib": 8.228515625, "peak_allocated_gib": 7.100411891937256, "gpu_time_budget": null, "module": "model.layers.7.mlp.down_proj", "step": 6784}
{"stage": "sequential-round-coordinate", "pid": 4075184, "time": 1789707173.9105492, "cuda_visible_devices": "2", "allocated_gib": 5.225467205047607, "reserved_gib": 8.228515625, "peak_allocated_gib": 7.100411891937256, "gpu_time_budget": null, "module": "model.layers.7.mlp.down_proj", "step": 6912}
{"stage": "sequential-round-coordinate", "pid": 4075184, "time": 1789707174.5638678, "cuda_visible_devices": "2", "allocated_gib": 5.225467205047607, "reserved_gib": 8.228515625, "peak_allocated_gib": 7.100411891937256, "gpu_time_budget": null, "module": "model.layers.7.mlp.down_proj", "step": 7040}
{"stage": "sequential-round-coordinate", "pid": 4075184, "time": 1789707175.2245665, "cuda_visible_devices": "2", "allocated_gib": 5.225467205047607, "reserved_gib": 8.228515625, "peak_allocated_gib": 7.100411891937256, "gpu_time_budget": null, "module": "model.layers.7.mlp.down_proj", "step": 7168}
{"stage": "sequential-round-coordinate", "pid": 4075184, "time": 1789707175.8835266, "cuda_visible_devices": "2", "allocated_gib": 5.225467205047607, "reserved_gib": 8.228515625, "peak_allocated_gib": 7.100411891937256, "gpu_time_budget": null, "module": "model.layers.7.mlp.down_proj", "step": 7296}
{"stage": "sequential-round-coordinate", "pid": 4075184, "time": 1789707176.5447948, "cuda_visible_devices": "2", "allocated_gib": 5.225467205047607, "reserved_gib": 8.228515625, "peak_allocated_gib": 7.100411891937256, "gpu_time_budget": null, "module": "model.layers.7.mlp.down_proj", "step": 7424}
{"stage": "sequential-round-coordinate", "pid": 4075184, "time": 1789707177.2036104, "cuda_visible_devices": "2", "allocated_gib": 5.225467205047607, "reserved_gib": 8.228515625, "peak_allocated_gib": 7.100411891937256, "gpu_time_budget": null, "module": "model.layers.7.mlp.down_proj", "step": 7552}
{"stage": "sequential-round-coordinate", "pid": 4075184, "time": 1789707177.840282, "cuda_visible_devices": "2", "allocated_gib": 5.225467205047607, "reserved_gib": 8.228515625, "peak_allocated_gib": 7.100411891937256, "gpu_time_budget": null, "module": "model.layers.7.mlp.down_proj", "step": 7680}
{"stage": "sequential-round-coordinate", "pid": 4075184, "time": 1789707178.3829122, "cuda_visible_devices": "2", "allocated_gib": 5.225467205047607, "reserved_gib": 8.228515625, "peak_allocated_gib": 7.100411891937256, "gpu_time_budget": null, "module": "model.layers.7.mlp.down_proj", "step": 7808}
{"stage": "sequential-round-coordinate", "pid": 4075184, "time": 1789707178.9238553, "cuda_visible_devices": "2", "allocated_gib": 5.225467205047607, "reserved_gib": 8.228515625, "peak_allocated_gib": 7.100411891937256, "gpu_time_budget": null, "module": "model.layers.7.mlp.down_proj", "step": 7936}
{"stage": "sequential-round-coordinate", "pid": 4075184, "time": 1789707179.4698024, "cuda_visible_devices": "2", "allocated_gib": 5.225467205047607, "reserved_gib": 8.228515625, "peak_allocated_gib": 7.100411891937256, "gpu_time_budget": null, "module": "model.layers.7.mlp.down_proj", "step": 8064}
{"stage": "sequential-round-coordinate", "pid": 4075184, "time": 1789707180.0695841, "cuda_visible_devices": "2", "allocated_gib": 5.225467205047607, "reserved_gib": 8.228515625, "peak_allocated_gib": 7.100411891937256, "gpu_time_budget": null, "module": "model.layers.7.mlp.down_proj", "step": 8192}
{"stage": "sequential-round-train-nll", "pid": 4075184, "time": 1789707180.123591, "cuda_visible_devices": "2", "allocated_gib": 3.7957167625427246, "reserved_gib": 3.80078125, "peak_allocated_gib": 7.100411891937256, "gpu_time_budget": null, "module": "model.layers.7.mlp.down_proj", "step": 512}
Evaluation segment 1/1: start=0, windows=8, seqlen=2048
{"stage": "sequential-round-train-nll", "pid": 4075184, "time": 1789707184.477745, "cuda_visible_devices": "2", "allocated_gib": 3.7957167625427246, "reserved_gib": 5.978515625, "peak_allocated_gib": 7.100411891937256, "gpu_time_budget": null, "module": "model.layers.7.mlp.down_proj", "step": 2048}
Evaluation segment 1/1: start=0, windows=8, seqlen=2048
{"stage": "sequential-round-train-nll", "pid": 4075184, "time": 1789707189.5298493, "cuda_visible_devices": "2", "allocated_gib": 3.7957167625427246, "reserved_gib": 5.978515625, "peak_allocated_gib": 7.100411891937256, "gpu_time_budget": null, "module": "model.layers.7.mlp.down_proj", "step": 8192}
Evaluation segment 1/1: start=0, windows=8, seqlen=2048
{"stage": "sequential-module-completed", "pid": 4075184, "time": 1789707194.6832604, "cuda_visible_devices": "2", "allocated_gib": 3.7957167625427246, "reserved_gib": 5.978515625, "peak_allocated_gib": 7.100411891937256, "gpu_time_budget": null, "module": "model.layers.7.mlp.down_proj", "completed": 8, "total": 28, "selected_train_nll": 2.671831168377377, "elapsed_seconds": 467.4102584969951}
{"stage": "sequential-round-fit", "pid": 4075184, "time": 1789707199.0719469, "cuda_visible_devices": "2", "allocated_gib": 3.7957167625427246, "reserved_gib": 5.978515625, "peak_allocated_gib": 7.100411891937256, "gpu_time_budget": null, "module": "model.layers.8.mlp.down_proj", "fit_rows": 49152, "heldout_rows": 16384}
{"stage": "sequential-round-coordinate", "pid": 4075184, "time": 1789707200.235804, "cuda_visible_devices": "2", "allocated_gib": 5.225467205047607, "reserved_gib": 8.228515625, "peak_allocated_gib": 7.100411891937256, "gpu_time_budget": null, "module": "model.layers.8.mlp.down_proj", "step": 128}
{"stage": "sequential-round-coordinate", "pid": 4075184, "time": 1789707201.1538992, "cuda_visible_devices": "2", "allocated_gib": 5.225467205047607, "reserved_gib": 8.228515625, "peak_allocated_gib": 7.100411891937256, "gpu_time_budget": null, "module": "model.layers.8.mlp.down_proj", "step": 256}
{"stage": "sequential-round-coordinate", "pid": 4075184, "time": 1789707202.0372653, "cuda_visible_devices": "2", "allocated_gib": 5.225467205047607, "reserved_gib": 8.228515625, "peak_allocated_gib": 7.100411891937256, "gpu_time_budget": null, "module": "model.layers.8.mlp.down_proj", "step": 384}
{"stage": "sequential-round-coordinate", "pid": 4075184, "time": 1789707203.0137267, "cuda_visible_devices": "2", "allocated_gib": 5.225467205047607, "reserved_gib": 8.228515625, "peak_allocated_gib": 7.100411891937256, "gpu_time_budget": null, "module": "model.layers.8.mlp.down_proj", "step": 512}
{"stage": "sequential-round-coordinate", "pid": 4075184, "time": 1789707203.895583, "cuda_visible_devices": "2", "allocated_gib": 5.225467205047607, "reserved_gib": 8.228515625, "peak_allocated_gib": 7.100411891937256, "gpu_time_budget": null, "module": "model.layers.8.mlp.down_proj", "step": 640}
{"stage": "sequential-round-coordinate", "pid": 4075184, "time": 1789707204.7854643, "cuda_visible_devices": "2", "allocated_gib": 5.225467205047607, "reserved_gib": 8.228515625, "peak_allocated_gib": 7.100411891937256, "gpu_time_budget": null, "module": "model.layers.8.mlp.down_proj", "step": 768}
{"stage": "sequential-round-coordinate", "pid": 4075184, "time": 1789707205.6724913, "cuda_visible_devices": "2", "allocated_gib": 5.225467205047607, "reserved_gib": 8.228515625, "peak_allocated_gib": 7.100411891937256, "gpu_time_budget": null, "module": "model.layers.8.mlp.down_proj", "step": 896}
{"stage": "sequential-round-coordinate", "pid": 4075184, "time": 1789707206.5600212, "cuda_visible_devices": "2", "allocated_gib": 5.225467205047607, "reserved_gib": 8.228515625, "peak_allocated_gib": 7.100411891937256, "gpu_time_budget": null, "module": "model.layers.8.mlp.down_proj", "step": 1024}
{"stage": "sequential-round-coordinate", "pid": 4075184, "time": 1789707207.4481478, "cuda_visible_devices": "2", "allocated_gib": 5.225467205047607, "reserved_gib": 8.228515625, "peak_allocated_gib": 7.100411891937256, "gpu_time_budget": null, "module": "model.layers.8.mlp.down_proj", "step": 1152}
{"stage": "sequential-round-coordinate", "pid": 4075184, "time": 1789707208.3299835, "cuda_visible_devices": "2", "allocated_gib": 5.225467205047607, "reserved_gib": 8.228515625, "peak_allocated_gib": 7.100411891937256, "gpu_time_budget": null, "module": "model.layers.8.mlp.down_proj", "step": 1280}
{"stage": "sequential-round-coordinate", "pid": 4075184, "time": 1789707209.2172773, "cuda_visible_devices": "2", "allocated_gib": 5.225467205047607, "reserved_gib": 8.228515625, "peak_allocated_gib": 7.100411891937256, "gpu_time_budget": null, "module": "model.layers.8.mlp.down_proj", "step": 1408}
{"stage": "sequential-round-coordinate", "pid": 4075184, "time": 1789707210.1064465, "cuda_visible_devices": "2", "allocated_gib": 5.225467205047607, "reserved_gib": 8.228515625, "peak_allocated_gib": 7.100411891937256, "gpu_time_budget": null, "module": "model.layers.8.mlp.down_proj", "step": 1536}
{"stage": "sequential-round-coordinate", "pid": 4075184, "time": 1789707210.9918683, "cuda_visible_devices": "2", "allocated_gib": 5.225467205047607, "reserved_gib": 8.228515625, "peak_allocated_gib": 7.100411891937256, "gpu_time_budget": null, "module": "model.layers.8.mlp.down_proj", "step": 1664}
{"stage": "sequential-round-coordinate", "pid": 4075184, "time": 1789707211.8843625, "cuda_visible_devices": "2", "allocated_gib": 5.225467205047607, "reserved_gib": 8.228515625, "peak_allocated_gib": 7.100411891937256, "gpu_time_budget": null, "module": "model.layers.8.mlp.down_proj", "step": 1792}
{"stage": "sequential-round-coordinate", "pid": 4075184, "time": 1789707212.7658715, "cuda_visible_devices": "2", "allocated_gib": 5.225467205047607, "reserved_gib": 8.228515625, "peak_allocated_gib": 7.100411891937256, "gpu_time_budget": null, "module": "model.layers.8.mlp.down_proj", "step": 1920}
{"stage": "sequential-round-coordinate", "pid": 4075184, "time": 1789707213.7296696, "cuda_visible_devices": "2", "allocated_gib": 5.225467205047607, "reserved_gib": 8.228515625, "peak_allocated_gib": 7.100411891937256, "gpu_time_budget": null, "module": "model.layers.8.mlp.down_proj", "step": 2048}
{"stage": "sequential-round-coordinate", "pid": 4075184, "time": 1789707214.620985, "cuda_visible_devices": "2", "allocated_gib": 5.225467205047607, "reserved_gib": 8.228515625, "peak_allocated_gib": 7.100411891937256, "gpu_time_budget": null, "module": "model.layers.8.mlp.down_proj", "step": 2176}
{"stage": "sequential-round-coordinate", "pid": 4075184, "time": 1789707215.5065296, "cuda_visible_devices": "2", "allocated_gib": 5.225467205047607, "reserved_gib": 8.228515625, "peak_allocated_gib": 7.100411891937256, "gpu_time_budget": null, "module": "model.layers.8.mlp.down_proj", "step": 2304}
{"stage": "sequential-round-coordinate", "pid": 4075184, "time": 1789707216.3950443, "cuda_visible_devices": "2", "allocated_gib": 5.225467205047607, "reserved_gib": 8.228515625, "peak_allocated_gib": 7.100411891937256, "gpu_time_budget": null, "module": "model.layers.8.mlp.down_proj", "step": 2432}
{"stage": "sequential-round-coordinate", "pid": 4075184, "time": 1789707217.2789776, "cuda_visible_devices": "2", "allocated_gib": 5.225467205047607, "reserved_gib": 8.228515625, "peak_allocated_gib": 7.100411891937256, "gpu_time_budget": null, "module": "model.layers.8.mlp.down_proj", "step": 2560}
{"stage": "sequential-round-coordinate", "pid": 4075184, "time": 1789707218.167933, "cuda_visible_devices": "2", "allocated_gib": 5.225467205047607, "reserved_gib": 8.228515625, "peak_allocated_gib": 7.100411891937256, "gpu_time_budget": null, "module": "model.layers.8.mlp.down_proj", "step": 2688}
{"stage": "sequential-round-coordinate", "pid": 4075184, "time": 1789707219.0538406, "cuda_visible_devices": "2", "allocated_gib": 5.225467205047607, "reserved_gib": 8.228515625, "peak_allocated_gib": 7.100411891937256, "gpu_time_budget": null, "module": "model.layers.8.mlp.down_proj", "step": 2816}
{"stage": "sequential-round-coordinate", "pid": 4075184, "time": 1789707219.9422932, "cuda_visible_devices": "2", "allocated_gib": 5.225467205047607, "reserved_gib": 8.228515625, "peak_allocated_gib": 7.100411891937256, "gpu_time_budget": null, "module": "model.layers.8.mlp.down_proj", "step": 2944}
{"stage": "sequential-round-coordinate", "pid": 4075184, "time": 1789707220.8298101, "cuda_visible_devices": "2", "allocated_gib": 5.225467205047607, "reserved_gib": 8.228515625, "peak_allocated_gib": 7.100411891937256, "gpu_time_budget": null, "module": "model.layers.8.mlp.down_proj", "step": 3072}
{"stage": "sequential-round-coordinate", "pid": 4075184, "time": 1789707221.7172098, "cuda_visible_devices": "2", "allocated_gib": 5.225467205047607, "reserved_gib": 8.228515625, "peak_allocated_gib": 7.100411891937256, "gpu_time_budget": null, "module": "model.layers.8.mlp.down_proj", "step": 3200}
{"stage": "sequential-round-coordinate", "pid": 4075184, "time": 1789707222.6023502, "cuda_visible_devices": "2", "allocated_gib": 5.225467205047607, "reserved_gib": 8.228515625, "peak_allocated_gib": 7.100411891937256, "gpu_time_budget": null, "module": "model.layers.8.mlp.down_proj", "step": 3328}
{"stage": "sequential-round-coordinate", "pid": 4075184, "time": 1789707223.485861, "cuda_visible_devices": "2", "allocated_gib": 5.225467205047607, "reserved_gib": 8.228515625, "peak_allocated_gib": 7.100411891937256, "gpu_time_budget": null, "module": "model.layers.8.mlp.down_proj", "step": 3456}
{"stage": "sequential-round-coordinate", "pid": 4075184, "time": 1789707224.3722603, "cuda_visible_devices": "2", "allocated_gib": 5.225467205047607, "reserved_gib": 8.228515625, "peak_allocated_gib": 7.100411891937256, "gpu_time_budget": null, "module": "model.layers.8.mlp.down_proj", "step": 3584}
{"stage": "sequential-round-coordinate", "pid": 4075184, "time": 1789707225.2585433, "cuda_visible_devices": "2", "allocated_gib": 5.225467205047607, "reserved_gib": 8.228515625, "peak_allocated_gib": 7.100411891937256, "gpu_time_budget": null, "module": "model.layers.8.mlp.down_proj", "step": 3712}
{"stage": "sequential-round-coordinate", "pid": 4075184, "time": 1789707226.1474705, "cuda_visible_devices": "2", "allocated_gib": 5.225467205047607, "reserved_gib": 8.228515625, "peak_allocated_gib": 7.100411891937256, "gpu_time_budget": null, "module": "model.layers.8.mlp.down_proj", "step": 3840}
{"stage": "sequential-round-coordinate", "pid": 4075184, "time": 1789707227.0347059, "cuda_visible_devices": "2", "allocated_gib": 5.225467205047607, "reserved_gib": 8.228515625, "peak_allocated_gib": 7.100411891937256, "gpu_time_budget": null, "module": "model.layers.8.mlp.down_proj", "step": 3968}
{"stage": "sequential-round-coordinate", "pid": 4075184, "time": 1789707227.9230597, "cuda_visible_devices": "2", "allocated_gib": 5.225467205047607, "reserved_gib": 8.228515625, "peak_allocated_gib": 7.100411891937256, "gpu_time_budget": null, "module": "model.layers.8.mlp.down_proj", "step": 4096}
{"stage": "sequential-round-coordinate", "pid": 4075184, "time": 1789707228.8089821, "cuda_visible_devices": "2", "allocated_gib": 5.225467205047607, "reserved_gib": 8.228515625, "peak_allocated_gib": 7.100411891937256, "gpu_time_budget": null, "module": "model.layers.8.mlp.down_proj", "step": 4224}
{"stage": "sequential-round-coordinate", "pid": 4075184, "time": 1789707229.6981087, "cuda_visible_devices": "2", "allocated_gib": 5.225467205047607, "reserved_gib": 8.228515625, "peak_allocated_gib": 7.100411891937256, "gpu_time_budget": null, "module": "model.layers.8.mlp.down_proj", "step": 4352}
{"stage": "sequential-round-coordinate", "pid": 4075184, "time": 1789707230.5865667, "cuda_visible_devices": "2", "allocated_gib": 5.225467205047607, "reserved_gib": 8.228515625, "peak_allocated_gib": 7.100411891937256, "gpu_time_budget": null, "module": "model.layers.8.mlp.down_proj", "step": 4480}
{"stage": "sequential-round-coordinate", "pid": 4075184, "time": 1789707231.474637, "cuda_visible_devices": "2", "allocated_gib": 5.225467205047607, "reserved_gib": 8.228515625, "peak_allocated_gib": 7.100411891937256, "gpu_time_budget": null, "module": "model.layers.8.mlp.down_proj", "step": 4608}
{"stage": "sequential-round-coordinate", "pid": 4075184, "time": 1789707232.1529832, "cuda_visible_devices": "2", "allocated_gib": 5.225467205047607, "reserved_gib": 8.228515625, "peak_allocated_gib": 7.100411891937256, "gpu_time_budget": null, "module": "model.layers.8.mlp.down_proj", "step": 4736}
{"stage": "sequential-round-coordinate", "pid": 4075184, "time": 1789707232.8183126, "cuda_visible_devices": "2", "allocated_gib": 5.225467205047607, "reserved_gib": 8.228515625, "peak_allocated_gib": 7.100411891937256, "gpu_time_budget": null, "module": "model.layers.8.mlp.down_proj", "step": 4864}
{"stage": "sequential-round-coordinate", "pid": 4075184, "time": 1789707233.4792643, "cuda_visible_devices": "2", "allocated_gib": 5.225467205047607, "reserved_gib": 8.228515625, "peak_allocated_gib": 7.100411891937256, "gpu_time_budget": null, "module": "model.layers.8.mlp.down_proj", "step": 4992}
{"stage": "sequential-round-coordinate", "pid": 4075184, "time": 1789707234.1397889, "cuda_visible_devices": "2", "allocated_gib": 5.225467205047607, "reserved_gib": 8.228515625, "peak_allocated_gib": 7.100411891937256, "gpu_time_budget": null, "module": "model.layers.8.mlp.down_proj", "step": 5120}
{"stage": "sequential-round-coordinate", "pid": 4075184, "time": 1789707234.7999728, "cuda_visible_devices": "2", "allocated_gib": 5.225467205047607, "reserved_gib": 8.228515625, "peak_allocated_gib": 7.100411891937256, "gpu_time_budget": null, "module": "model.layers.8.mlp.down_proj", "step": 5248}
{"stage": "sequential-round-coordinate", "pid": 4075184, "time": 1789707235.4592514, "cuda_visible_devices": "2", "allocated_gib": 5.225467205047607, "reserved_gib": 8.228515625, "peak_allocated_gib": 7.100411891937256, "gpu_time_budget": null, "module": "model.layers.8.mlp.down_proj", "step": 5376}
{"stage": "sequential-round-coordinate", "pid": 4075184, "time": 1789707236.1192276, "cuda_visible_devices": "2", "allocated_gib": 5.225467205047607, "reserved_gib": 8.228515625, "peak_allocated_gib": 7.100411891937256, "gpu_time_budget": null, "module": "model.layers.8.mlp.down_proj", "step": 5504}
{"stage": "sequential-round-coordinate", "pid": 4075184, "time": 1789707236.7794445, "cuda_visible_devices": "2", "allocated_gib": 5.225467205047607, "reserved_gib": 8.228515625, "peak_allocated_gib": 7.100411891937256, "gpu_time_budget": null, "module": "model.layers.8.mlp.down_proj", "step": 5632}
{"stage": "sequential-round-coordinate", "pid": 4075184, "time": 1789707237.4071064, "cuda_visible_devices": "2", "allocated_gib": 5.225467205047607, "reserved_gib": 8.228515625, "peak_allocated_gib": 7.100411891937256, "gpu_time_budget": null, "module": "model.layers.8.mlp.down_proj", "step": 5760}
{"stage": "sequential-round-coordinate", "pid": 4075184, "time": 1789707238.0683997, "cuda_visible_devices": "2", "allocated_gib": 5.225467205047607, "reserved_gib": 8.228515625, "peak_allocated_gib": 7.100411891937256, "gpu_time_budget": null, "module": "model.layers.8.mlp.down_proj", "step": 5888}
{"stage": "sequential-round-coordinate", "pid": 4075184, "time": 1789707238.7295592, "cuda_visible_devices": "2", "allocated_gib": 5.225467205047607, "reserved_gib": 8.228515625, "peak_allocated_gib": 7.100411891937256, "gpu_time_budget": null, "module": "model.layers.8.mlp.down_proj", "step": 6016}
{"stage": "sequential-round-coordinate", "pid": 4075184, "time": 1789707239.3902266, "cuda_visible_devices": "2", "allocated_gib": 5.225467205047607, "reserved_gib": 8.228515625, "peak_allocated_gib": 7.100411891937256, "gpu_time_budget": null, "module": "model.layers.8.mlp.down_proj", "step": 6144}
{"stage": "sequential-round-coordinate", "pid": 4075184, "time": 1789707240.0500085, "cuda_visible_devices": "2", "allocated_gib": 5.225467205047607, "reserved_gib": 8.228515625, "peak_allocated_gib": 7.100411891937256, "gpu_time_budget": null, "module": "model.layers.8.mlp.down_proj", "step": 6272}
{"stage": "sequential-round-coordinate", "pid": 4075184, "time": 1789707240.7105494, "cuda_visible_devices": "2", "allocated_gib": 5.225467205047607, "reserved_gib": 8.228515625, "peak_allocated_gib": 7.100411891937256, "gpu_time_budget": null, "module": "model.layers.8.mlp.down_proj", "step": 6400}
{"stage": "sequential-round-coordinate", "pid": 4075184, "time": 1789707241.3730683, "cuda_visible_devices": "2", "allocated_gib": 5.225467205047607, "reserved_gib": 8.228515625, "peak_allocated_gib": 7.100411891937256, "gpu_time_budget": null, "module": "model.layers.8.mlp.down_proj", "step": 6528}
{"stage": "sequential-round-coordinate", "pid": 4075184, "time": 1789707242.0328236, "cuda_visible_devices": "2", "allocated_gib": 5.225467205047607, "reserved_gib": 8.228515625, "peak_allocated_gib": 7.100411891937256, "gpu_time_budget": null, "module": "model.layers.8.mlp.down_proj", "step": 6656}
{"stage": "sequential-round-coordinate", "pid": 4075184, "time": 1789707242.6709704, "cuda_visible_devices": "2", "allocated_gib": 5.225467205047607, "reserved_gib": 8.228515625, "peak_allocated_gib": 7.100411891937256, "gpu_time_budget": null, "module": "model.layers.8.mlp.down_proj", "step": 6784}
{"stage": "sequential-round-coordinate", "pid": 4075184, "time": 1789707243.332408, "cuda_visible_devices": "2", "allocated_gib": 5.225467205047607, "reserved_gib": 8.228515625, "peak_allocated_gib": 7.100411891937256, "gpu_time_budget": null, "module": "model.layers.8.mlp.down_proj", "step": 6912}
{"stage": "sequential-round-coordinate", "pid": 4075184, "time": 1789707243.9916675, "cuda_visible_devices": "2", "allocated_gib": 5.225467205047607, "reserved_gib": 8.228515625, "peak_allocated_gib": 7.100411891937256, "gpu_time_budget": null, "module": "model.layers.8.mlp.down_proj", "step": 7040}
{"stage": "sequential-round-coordinate", "pid": 4075184, "time": 1789707244.6524005, "cuda_visible_devices": "2", "allocated_gib": 5.225467205047607, "reserved_gib": 8.228515625, "peak_allocated_gib": 7.100411891937256, "gpu_time_budget": null, "module": "model.layers.8.mlp.down_proj", "step": 7168}
{"stage": "sequential-round-coordinate", "pid": 4075184, "time": 1789707245.3126507, "cuda_visible_devices": "2", "allocated_gib": 5.225467205047607, "reserved_gib": 8.228515625, "peak_allocated_gib": 7.100411891937256, "gpu_time_budget": null, "module": "model.layers.8.mlp.down_proj", "step": 7296}
{"stage": "sequential-round-coordinate", "pid": 4075184, "time": 1789707245.9728131, "cuda_visible_devices": "2", "allocated_gib": 5.225467205047607, "reserved_gib": 8.228515625, "peak_allocated_gib": 7.100411891937256, "gpu_time_budget": null, "module": "model.layers.8.mlp.down_proj", "step": 7424}
{"stage": "sequential-round-coordinate", "pid": 4075184, "time": 1789707246.6327734, "cuda_visible_devices": "2", "allocated_gib": 5.225467205047607, "reserved_gib": 8.228515625, "peak_allocated_gib": 7.100411891937256, "gpu_time_budget": null, "module": "model.layers.8.mlp.down_proj", "step": 7552}
{"stage": "sequential-round-coordinate", "pid": 4075184, "time": 1789707247.2937427, "cuda_visible_devices": "2", "allocated_gib": 5.225467205047607, "reserved_gib": 8.228515625, "peak_allocated_gib": 7.100411891937256, "gpu_time_budget": null, "module": "model.layers.8.mlp.down_proj", "step": 7680}
{"stage": "sequential-round-coordinate", "pid": 4075184, "time": 1789707247.936147, "cuda_visible_devices": "2", "allocated_gib": 5.225467205047607, "reserved_gib": 8.228515625, "peak_allocated_gib": 7.100411891937256, "gpu_time_budget": null, "module": "model.layers.8.mlp.down_proj", "step": 7808}
{"stage": "sequential-round-coordinate", "pid": 4075184, "time": 1789707248.4801517, "cuda_visible_devices": "2", "allocated_gib": 5.225467205047607, "reserved_gib": 8.228515625, "peak_allocated_gib": 7.100411891937256, "gpu_time_budget": null, "module": "model.layers.8.mlp.down_proj", "step": 7936}
{"stage": "sequential-round-coordinate", "pid": 4075184, "time": 1789707249.0265856, "cuda_visible_devices": "2", "allocated_gib": 5.225467205047607, "reserved_gib": 8.228515625, "peak_allocated_gib": 7.100411891937256, "gpu_time_budget": null, "module": "model.layers.8.mlp.down_proj", "step": 8064}
{"stage": "sequential-round-coordinate", "pid": 4075184, "time": 1789707249.6296299, "cuda_visible_devices": "2", "allocated_gib": 5.225467205047607, "reserved_gib": 8.228515625, "peak_allocated_gib": 7.100411891937256, "gpu_time_budget": null, "module": "model.layers.8.mlp.down_proj", "step": 8192}
{"stage": "sequential-round-train-nll", "pid": 4075184, "time": 1789707249.7519152, "cuda_visible_devices": "2", "allocated_gib": 3.7957167625427246, "reserved_gib": 3.80078125, "peak_allocated_gib": 7.100411891937256, "gpu_time_budget": null, "module": "model.layers.8.mlp.down_proj", "step": 512}
Evaluation segment 1/1: start=0, windows=8, seqlen=2048
{"stage": "sequential-round-train-nll", "pid": 4075184, "time": 1789707253.651171, "cuda_visible_devices": "2", "allocated_gib": 3.7957167625427246, "reserved_gib": 5.978515625, "peak_allocated_gib": 7.100411891937256, "gpu_time_budget": null, "module": "model.layers.8.mlp.down_proj", "step": 2048}
Evaluation segment 1/1: start=0, windows=8, seqlen=2048
{"stage": "sequential-round-train-nll", "pid": 4075184, "time": 1789707258.615849, "cuda_visible_devices": "2", "allocated_gib": 3.7957167625427246, "reserved_gib": 5.978515625, "peak_allocated_gib": 7.100411891937256, "gpu_time_budget": null, "module": "model.layers.8.mlp.down_proj", "step": 8192}
Evaluation segment 1/1: start=0, windows=8, seqlen=2048
{"stage": "sequential-module-completed", "pid": 4075184, "time": 1789707263.8361478, "cuda_visible_devices": "2", "allocated_gib": 3.7957167625427246, "reserved_gib": 5.978515625, "peak_allocated_gib": 7.100411891937256, "gpu_time_budget": null, "module": "model.layers.8.mlp.down_proj", "completed": 9, "total": 28, "selected_train_nll": 2.6717920751310467, "elapsed_seconds": 536.5631594209699}
{"stage": "sequential-round-fit", "pid": 4075184, "time": 1789707268.6499877, "cuda_visible_devices": "2", "allocated_gib": 3.7957167625427246, "reserved_gib": 5.978515625, "peak_allocated_gib": 7.100411891937256, "gpu_time_budget": null, "module": "model.layers.9.mlp.down_proj", "fit_rows": 49152, "heldout_rows": 16384}
{"stage": "sequential-round-coordinate", "pid": 4075184, "time": 1789707269.8402543, "cuda_visible_devices": "2", "allocated_gib": 5.225467205047607, "reserved_gib": 8.228515625, "peak_allocated_gib": 7.100411891937256, "gpu_time_budget": null, "module": "model.layers.9.mlp.down_proj", "step": 128}
{"stage": "sequential-round-coordinate", "pid": 4075184, "time": 1789707270.7287216, "cuda_visible_devices": "2", "allocated_gib": 5.225467205047607, "reserved_gib": 8.228515625, "peak_allocated_gib": 7.100411891937256, "gpu_time_budget": null, "module": "model.layers.9.mlp.down_proj", "step": 256}
{"stage": "sequential-round-coordinate", "pid": 4075184, "time": 1789707271.6134937, "cuda_visible_devices": "2", "allocated_gib": 5.225467205047607, "reserved_gib": 8.228515625, "peak_allocated_gib": 7.100411891937256, "gpu_time_budget": null, "module": "model.layers.9.mlp.down_proj", "step": 384}
{"stage": "sequential-round-coordinate", "pid": 4075184, "time": 1789707272.5794492, "cuda_visible_devices": "2", "allocated_gib": 5.225467205047607, "reserved_gib": 8.228515625, "peak_allocated_gib": 7.100411891937256, "gpu_time_budget": null, "module": "model.layers.9.mlp.down_proj", "step": 512}
{"stage": "sequential-round-coordinate", "pid": 4075184, "time": 1789707273.463721, "cuda_visible_devices": "2", "allocated_gib": 5.225467205047607, "reserved_gib": 8.228515625, "peak_allocated_gib": 7.100411891937256, "gpu_time_budget": null, "module": "model.layers.9.mlp.down_proj", "step": 640}
{"stage": "sequential-round-coordinate", "pid": 4075184, "time": 1789707274.3541558, "cuda_visible_devices": "2", "allocated_gib": 5.225467205047607, "reserved_gib": 8.228515625, "peak_allocated_gib": 7.100411891937256, "gpu_time_budget": null, "module": "model.layers.9.mlp.down_proj", "step": 768}
{"stage": "sequential-round-coordinate", "pid": 4075184, "time": 1789707275.2398388, "cuda_visible_devices": "2", "allocated_gib": 5.225467205047607, "reserved_gib": 8.228515625, "peak_allocated_gib": 7.100411891937256, "gpu_time_budget": null, "module": "model.layers.9.mlp.down_proj", "step": 896}
{"stage": "sequential-round-coordinate", "pid": 4075184, "time": 1789707276.123005, "cuda_visible_devices": "2", "allocated_gib": 5.225467205047607, "reserved_gib": 8.228515625, "peak_allocated_gib": 7.100411891937256, "gpu_time_budget": null, "module": "model.layers.9.mlp.down_proj", "step": 1024}
{"stage": "sequential-round-coordinate", "pid": 4075184, "time": 1789707277.007951, "cuda_visible_devices": "2", "allocated_gib": 5.225467205047607, "reserved_gib": 8.228515625, "peak_allocated_gib": 7.100411891937256, "gpu_time_budget": null, "module": "model.layers.9.mlp.down_proj", "step": 1152}
{"stage": "sequential-round-coordinate", "pid": 4075184, "time": 1789707277.8934152, "cuda_visible_devices": "2", "allocated_gib": 5.225467205047607, "reserved_gib": 8.228515625, "peak_allocated_gib": 7.100411891937256, "gpu_time_budget": null, "module": "model.layers.9.mlp.down_proj", "step": 1280}
{"stage": "sequential-round-coordinate", "pid": 4075184, "time": 1789707278.7785318, "cuda_visible_devices": "2", "allocated_gib": 5.225467205047607, "reserved_gib": 8.228515625, "peak_allocated_gib": 7.100411891937256, "gpu_time_budget": null, "module": "model.layers.9.mlp.down_proj", "step": 1408}
{"stage": "sequential-round-coordinate", "pid": 4075184, "time": 1789707279.6633413, "cuda_visible_devices": "2", "allocated_gib": 5.225467205047607, "reserved_gib": 8.228515625, "peak_allocated_gib": 7.100411891937256, "gpu_time_budget": null, "module": "model.layers.9.mlp.down_proj", "step": 1536}
{"stage": "sequential-round-coordinate", "pid": 4075184, "time": 1789707280.5506487, "cuda_visible_devices": "2", "allocated_gib": 5.225467205047607, "reserved_gib": 8.228515625, "peak_allocated_gib": 7.100411891937256, "gpu_time_budget": null, "module": "model.layers.9.mlp.down_proj", "step": 1664}
{"stage": "sequential-round-coordinate", "pid": 4075184, "time": 1789707281.4361746, "cuda_visible_devices": "2", "allocated_gib": 5.225467205047607, "reserved_gib": 8.228515625, "peak_allocated_gib": 7.100411891937256, "gpu_time_budget": null, "module": "model.layers.9.mlp.down_proj", "step": 1792}
{"stage": "sequential-round-coordinate", "pid": 4075184, "time": 1789707282.3217523, "cuda_visible_devices": "2", "allocated_gib": 5.225467205047607, "reserved_gib": 8.228515625, "peak_allocated_gib": 7.100411891937256, "gpu_time_budget": null, "module": "model.layers.9.mlp.down_proj", "step": 1920}
{"stage": "sequential-round-coordinate", "pid": 4075184, "time": 1789707283.289775, "cuda_visible_devices": "2", "allocated_gib": 5.225467205047607, "reserved_gib": 8.228515625, "peak_allocated_gib": 7.100411891937256, "gpu_time_budget": null, "module": "model.layers.9.mlp.down_proj", "step": 2048}
{"stage": "sequential-round-coordinate", "pid": 4075184, "time": 1789707284.1767168, "cuda_visible_devices": "2", "allocated_gib": 5.225467205047607, "reserved_gib": 8.228515625, "peak_allocated_gib": 7.100411891937256, "gpu_time_budget": null, "module": "model.layers.9.mlp.down_proj", "step": 2176}
{"stage": "sequential-round-coordinate", "pid": 4075184, "time": 1789707285.0653708, "cuda_visible_devices": "2", "allocated_gib": 5.225467205047607, "reserved_gib": 8.228515625, "peak_allocated_gib": 7.100411891937256, "gpu_time_budget": null, "module": "model.layers.9.mlp.down_proj", "step": 2304}
{"stage": "sequential-round-coordinate", "pid": 4075184, "time": 1789707285.9547496, "cuda_visible_devices": "2", "allocated_gib": 5.225467205047607, "reserved_gib": 8.228515625, "peak_allocated_gib": 7.100411891937256, "gpu_time_budget": null, "module": "model.layers.9.mlp.down_proj", "step": 2432}
{"stage": "sequential-round-coordinate", "pid": 4075184, "time": 1789707286.8441617, "cuda_visible_devices": "2", "allocated_gib": 5.225467205047607, "reserved_gib": 8.228515625, "peak_allocated_gib": 7.100411891937256, "gpu_time_budget": null, "module": "model.layers.9.mlp.down_proj", "step": 2560}
{"stage": "sequential-round-coordinate", "pid": 4075184, "time": 1789707287.7359414, "cuda_visible_devices": "2", "allocated_gib": 5.225467205047607, "reserved_gib": 8.228515625, "peak_allocated_gib": 7.100411891937256, "gpu_time_budget": null, "module": "model.layers.9.mlp.down_proj", "step": 2688}
{"stage": "sequential-round-coordinate", "pid": 4075184, "time": 1789707288.6251595, "cuda_visible_devices": "2", "allocated_gib": 5.225467205047607, "reserved_gib": 8.228515625, "peak_allocated_gib": 7.100411891937256, "gpu_time_budget": null, "module": "model.layers.9.mlp.down_proj", "step": 2816}
{"stage": "sequential-round-coordinate", "pid": 4075184, "time": 1789707289.5044286, "cuda_visible_devices": "2", "allocated_gib": 5.225467205047607, "reserved_gib": 8.228515625, "peak_allocated_gib": 7.100411891937256, "gpu_time_budget": null, "module": "model.layers.9.mlp.down_proj", "step": 2944}
{"stage": "sequential-round-coordinate", "pid": 4075184, "time": 1789707290.3883128, "cuda_visible_devices": "2", "allocated_gib": 5.225467205047607, "reserved_gib": 8.228515625, "peak_allocated_gib": 7.100411891937256, "gpu_time_budget": null, "module": "model.layers.9.mlp.down_proj", "step": 3072}
{"stage": "sequential-round-coordinate", "pid": 4075184, "time": 1789707291.2776556, "cuda_visible_devices": "2", "allocated_gib": 5.225467205047607, "reserved_gib": 8.228515625, "peak_allocated_gib": 7.100411891937256, "gpu_time_budget": null, "module": "model.layers.9.mlp.down_proj", "step": 3200}
{"stage": "sequential-round-coordinate", "pid": 4075184, "time": 1789707292.1584077, "cuda_visible_devices": "2", "allocated_gib": 5.225467205047607, "reserved_gib": 8.228515625, "peak_allocated_gib": 7.100411891937256, "gpu_time_budget": null, "module": "model.layers.9.mlp.down_proj", "step": 3328}
{"stage": "sequential-round-coordinate", "pid": 4075184, "time": 1789707293.046796, "cuda_visible_devices": "2", "allocated_gib": 5.225467205047607, "reserved_gib": 8.228515625, "peak_allocated_gib": 7.100411891937256, "gpu_time_budget": null, "module": "model.layers.9.mlp.down_proj", "step": 3456}
{"stage": "sequential-round-coordinate", "pid": 4075184, "time": 1789707293.9318926, "cuda_visible_devices": "2", "allocated_gib": 5.225467205047607, "reserved_gib": 8.228515625, "peak_allocated_gib": 7.100411891937256, "gpu_time_budget": null, "module": "model.layers.9.mlp.down_proj", "step": 3584}
{"stage": "sequential-round-coordinate", "pid": 4075184, "time": 1789707294.819944, "cuda_visible_devices": "2", "allocated_gib": 5.225467205047607, "reserved_gib": 8.228515625, "peak_allocated_gib": 7.100411891937256, "gpu_time_budget": null, "module": "model.layers.9.mlp.down_proj", "step": 3712}
{"stage": "sequential-round-coordinate", "pid": 4075184, "time": 1789707295.7042904, "cuda_visible_devices": "2", "allocated_gib": 5.225467205047607, "reserved_gib": 8.228515625, "peak_allocated_gib": 7.100411891937256, "gpu_time_budget": null, "module": "model.layers.9.mlp.down_proj", "step": 3840}
{"stage": "sequential-round-coordinate", "pid": 4075184, "time": 1789707296.5873525, "cuda_visible_devices": "2", "allocated_gib": 5.225467205047607, "reserved_gib": 8.228515625, "peak_allocated_gib": 7.100411891937256, "gpu_time_budget": null, "module": "model.layers.9.mlp.down_proj", "step": 3968}
{"stage": "sequential-round-coordinate", "pid": 4075184, "time": 1789707297.4736996, "cuda_visible_devices": "2", "allocated_gib": 5.225467205047607, "reserved_gib": 8.228515625, "peak_allocated_gib": 7.100411891937256, "gpu_time_budget": null, "module": "model.layers.9.mlp.down_proj", "step": 4096}
{"stage": "sequential-round-coordinate", "pid": 4075184, "time": 1789707298.3598368, "cuda_visible_devices": "2", "allocated_gib": 5.225467205047607, "reserved_gib": 8.228515625, "peak_allocated_gib": 7.100411891937256, "gpu_time_budget": null, "module": "model.layers.9.mlp.down_proj", "step": 4224}
{"stage": "sequential-round-coordinate", "pid": 4075184, "time": 1789707299.2421882, "cuda_visible_devices": "2", "allocated_gib": 5.225467205047607, "reserved_gib": 8.228515625, "peak_allocated_gib": 7.100411891937256, "gpu_time_budget": null, "module": "model.layers.9.mlp.down_proj", "step": 4352}
{"stage": "sequential-round-coordinate", "pid": 4075184, "time": 1789707300.1278677, "cuda_visible_devices": "2", "allocated_gib": 5.225467205047607, "reserved_gib": 8.228515625, "peak_allocated_gib": 7.100411891937256, "gpu_time_budget": null, "module": "model.layers.9.mlp.down_proj", "step": 4480}
{"stage": "sequential-round-coordinate", "pid": 4075184, "time": 1789707301.0145006, "cuda_visible_devices": "2", "allocated_gib": 5.225467205047607, "reserved_gib": 8.228515625, "peak_allocated_gib": 7.100411891937256, "gpu_time_budget": null, "module": "model.layers.9.mlp.down_proj", "step": 4608}
{"stage": "sequential-round-coordinate", "pid": 4075184, "time": 1789707301.9002607, "cuda_visible_devices": "2", "allocated_gib": 5.225467205047607, "reserved_gib": 8.228515625, "peak_allocated_gib": 7.100411891937256, "gpu_time_budget": null, "module": "model.layers.9.mlp.down_proj", "step": 4736}
{"stage": "sequential-round-coordinate", "pid": 4075184, "time": 1789707302.4764483, "cuda_visible_devices": "2", "allocated_gib": 5.225467205047607, "reserved_gib": 8.228515625, "peak_allocated_gib": 7.100411891937256, "gpu_time_budget": null, "module": "model.layers.9.mlp.down_proj", "step": 4864}
{"stage": "sequential-round-coordinate", "pid": 4075184, "time": 1789707303.135363, "cuda_visible_devices": "2", "allocated_gib": 5.225467205047607, "reserved_gib": 8.228515625, "peak_allocated_gib": 7.100411891937256, "gpu_time_budget": null, "module": "model.layers.9.mlp.down_proj", "step": 4992}
{"stage": "sequential-round-coordinate", "pid": 4075184, "time": 1789707303.7936852, "cuda_visible_devices": "2", "allocated_gib": 5.225467205047607, "reserved_gib": 8.228515625, "peak_allocated_gib": 7.100411891937256, "gpu_time_budget": null, "module": "model.layers.9.mlp.down_proj", "step": 5120}
{"stage": "sequential-round-coordinate", "pid": 4075184, "time": 1789707304.4530616, "cuda_visible_devices": "2", "allocated_gib": 5.225467205047607, "reserved_gib": 8.228515625, "peak_allocated_gib": 7.100411891937256, "gpu_time_budget": null, "module": "model.layers.9.mlp.down_proj", "step": 5248}
{"stage": "sequential-round-coordinate", "pid": 4075184, "time": 1789707305.1119382, "cuda_visible_devices": "2", "allocated_gib": 5.225467205047607, "reserved_gib": 8.228515625, "peak_allocated_gib": 7.100411891937256, "gpu_time_budget": null, "module": "model.layers.9.mlp.down_proj", "step": 5376}
{"stage": "sequential-round-coordinate", "pid": 4075184, "time": 1789707305.772945, "cuda_visible_devices": "2", "allocated_gib": 5.225467205047607, "reserved_gib": 8.228515625, "peak_allocated_gib": 7.100411891937256, "gpu_time_budget": null, "module": "model.layers.9.mlp.down_proj", "step": 5504}
{"stage": "sequential-round-coordinate", "pid": 4075184, "time": 1789707306.432595, "cuda_visible_devices": "2", "allocated_gib": 5.225467205047607, "reserved_gib": 8.228515625, "peak_allocated_gib": 7.100411891937256, "gpu_time_budget": null, "module": "model.layers.9.mlp.down_proj", "step": 5632}
{"stage": "sequential-round-coordinate", "pid": 4075184, "time": 1789707307.092255, "cuda_visible_devices": "2", "allocated_gib": 5.225467205047607, "reserved_gib": 8.228515625, "peak_allocated_gib": 7.100411891937256, "gpu_time_budget": null, "module": "model.layers.9.mlp.down_proj", "step": 5760}
{"stage": "sequential-round-coordinate", "pid": 4075184, "time": 1789707307.7336993, "cuda_visible_devices": "2", "allocated_gib": 5.225467205047607, "reserved_gib": 8.228515625, "peak_allocated_gib": 7.100411891937256, "gpu_time_budget": null, "module": "model.layers.9.mlp.down_proj", "step": 5888}
{"stage": "sequential-round-coordinate", "pid": 4075184, "time": 1789707308.3941243, "cuda_visible_devices": "2", "allocated_gib": 5.225467205047607, "reserved_gib": 8.228515625, "peak_allocated_gib": 7.100411891937256, "gpu_time_budget": null, "module": "model.layers.9.mlp.down_proj", "step": 6016}
{"stage": "sequential-round-coordinate", "pid": 4075184, "time": 1789707309.0541372, "cuda_visible_devices": "2", "allocated_gib": 5.225467205047607, "reserved_gib": 8.228515625, "peak_allocated_gib": 7.100411891937256, "gpu_time_budget": null, "module": "model.layers.9.mlp.down_proj", "step": 6144}
{"stage": "sequential-round-coordinate", "pid": 4075184, "time": 1789707309.7128768, "cuda_visible_devices": "2", "allocated_gib": 5.225467205047607, "reserved_gib": 8.228515625, "peak_allocated_gib": 7.100411891937256, "gpu_time_budget": null, "module": "model.layers.9.mlp.down_proj", "step": 6272}
{"stage": "sequential-round-coordinate", "pid": 4075184, "time": 1789707310.3722296, "cuda_visible_devices": "2", "allocated_gib": 5.225467205047607, "reserved_gib": 8.228515625, "peak_allocated_gib": 7.100411891937256, "gpu_time_budget": null, "module": "model.layers.9.mlp.down_proj", "step": 6400}
{"stage": "sequential-round-coordinate", "pid": 4075184, "time": 1789707311.0312977, "cuda_visible_devices": "2", "allocated_gib": 5.225467205047607, "reserved_gib": 8.228515625, "peak_allocated_gib": 7.100411891937256, "gpu_time_budget": null, "module": "model.layers.9.mlp.down_proj", "step": 6528}
{"stage": "sequential-round-coordinate", "pid": 4075184, "time": 1789707311.691607, "cuda_visible_devices": "2", "allocated_gib": 5.225467205047607, "reserved_gib": 8.228515625, "peak_allocated_gib": 7.100411891937256, "gpu_time_budget": null, "module": "model.layers.9.mlp.down_proj", "step": 6656}
{"stage": "sequential-round-coordinate", "pid": 4075184, "time": 1789707312.3484263, "cuda_visible_devices": "2", "allocated_gib": 5.225467205047607, "reserved_gib": 8.228515625, "peak_allocated_gib": 7.100411891937256, "gpu_time_budget": null, "module": "model.layers.9.mlp.down_proj", "step": 6784}
{"stage": "sequential-round-coordinate", "pid": 4075184, "time": 1789707312.9852145, "cuda_visible_devices": "2", "allocated_gib": 5.225467205047607, "reserved_gib": 8.228515625, "peak_allocated_gib": 7.100411891937256, "gpu_time_budget": null, "module": "model.layers.9.mlp.down_proj", "step": 6912}
{"stage": "sequential-round-coordinate", "pid": 4075184, "time": 1789707313.6459773, "cuda_visible_devices": "2", "allocated_gib": 5.225467205047607, "reserved_gib": 8.228515625, "peak_allocated_gib": 7.100411891937256, "gpu_time_budget": null, "module": "model.layers.9.mlp.down_proj", "step": 7040}
{"stage": "sequential-round-coordinate", "pid": 4075184, "time": 1789707314.3051453, "cuda_visible_devices": "2", "allocated_gib": 5.225467205047607, "reserved_gib": 8.228515625, "peak_allocated_gib": 7.100411891937256, "gpu_time_budget": null, "module": "model.layers.9.mlp.down_proj", "step": 7168}
{"stage": "sequential-round-coordinate", "pid": 4075184, "time": 1789707314.9638586, "cuda_visible_devices": "2", "allocated_gib": 5.225467205047607, "reserved_gib": 8.228515625, "peak_allocated_gib": 7.100411891937256, "gpu_time_budget": null, "module": "model.layers.9.mlp.down_proj", "step": 7296}
{"stage": "sequential-round-coordinate", "pid": 4075184, "time": 1789707315.623214, "cuda_visible_devices": "2", "allocated_gib": 5.225467205047607, "reserved_gib": 8.228515625, "peak_allocated_gib": 7.100411891937256, "gpu_time_budget": null, "module": "model.layers.9.mlp.down_proj", "step": 7424}
{"stage": "sequential-round-coordinate", "pid": 4075184, "time": 1789707316.2824416, "cuda_visible_devices": "2", "allocated_gib": 5.225467205047607, "reserved_gib": 8.228515625, "peak_allocated_gib": 7.100411891937256, "gpu_time_budget": null, "module": "model.layers.9.mlp.down_proj", "step": 7552}
{"stage": "sequential-round-coordinate", "pid": 4075184, "time": 1789707316.9429471, "cuda_visible_devices": "2", "allocated_gib": 5.225467205047607, "reserved_gib": 8.228515625, "peak_allocated_gib": 7.100411891937256, "gpu_time_budget": null, "module": "model.layers.9.mlp.down_proj", "step": 7680}
{"stage": "sequential-round-coordinate", "pid": 4075184, "time": 1789707317.6024415, "cuda_visible_devices": "2", "allocated_gib": 5.225467205047607, "reserved_gib": 8.228515625, "peak_allocated_gib": 7.100411891937256, "gpu_time_budget": null, "module": "model.layers.9.mlp.down_proj", "step": 7808}
{"stage": "sequential-round-coordinate", "pid": 4075184, "time": 1789707318.2365177, "cuda_visible_devices": "2", "allocated_gib": 5.225467205047607, "reserved_gib": 8.228515625, "peak_allocated_gib": 7.100411891937256, "gpu_time_budget": null, "module": "model.layers.9.mlp.down_proj", "step": 7936}
{"stage": "sequential-round-coordinate", "pid": 4075184, "time": 1789707318.792718, "cuda_visible_devices": "2", "allocated_gib": 5.225467205047607, "reserved_gib": 8.228515625, "peak_allocated_gib": 7.100411891937256, "gpu_time_budget": null, "module": "model.layers.9.mlp.down_proj", "step": 8064}
{"stage": "sequential-round-coordinate", "pid": 4075184, "time": 1789707319.390515, "cuda_visible_devices": "2", "allocated_gib": 5.225467205047607, "reserved_gib": 8.228515625, "peak_allocated_gib": 7.100411891937256, "gpu_time_budget": null, "module": "model.layers.9.mlp.down_proj", "step": 8192}
{"stage": "sequential-round-train-nll", "pid": 4075184, "time": 1789707319.4348807, "cuda_visible_devices": "2", "allocated_gib": 3.7957167625427246, "reserved_gib": 3.80078125, "peak_allocated_gib": 7.100411891937256, "gpu_time_budget": null, "module": "model.layers.9.mlp.down_proj", "step": 512}
Evaluation segment 1/1: start=0, windows=8, seqlen=2048
{"stage": "sequential-round-train-nll", "pid": 4075184, "time": 1789707322.8255854, "cuda_visible_devices": "2", "allocated_gib": 3.7957167625427246, "reserved_gib": 5.978515625, "peak_allocated_gib": 7.100411891937256, "gpu_time_budget": null, "module": "model.layers.9.mlp.down_proj", "step": 2048}
Evaluation segment 1/1: start=0, windows=8, seqlen=2048
{"stage": "sequential-round-train-nll", "pid": 4075184, "time": 1789707328.4147506, "cuda_visible_devices": "2", "allocated_gib": 3.7957167625427246, "reserved_gib": 5.978515625, "peak_allocated_gib": 7.100411891937256, "gpu_time_budget": null, "module": "model.layers.9.mlp.down_proj", "step": 8192}
Evaluation segment 1/1: start=0, windows=8, seqlen=2048
{"stage": "sequential-module-completed", "pid": 4075184, "time": 1789707334.0801737, "cuda_visible_devices": "2", "allocated_gib": 3.7957167625427246, "reserved_gib": 5.978515625, "peak_allocated_gib": 7.100411891937256, "gpu_time_budget": null, "module": "model.layers.9.mlp.down_proj", "completed": 10, "total": 28, "selected_train_nll": 2.6717920751310467, "elapsed_seconds": 606.8071620119736}
{"stage": "sequential-round-fit", "pid": 4075184, "time": 1789707339.9530718, "cuda_visible_devices": "2", "allocated_gib": 3.7957167625427246, "reserved_gib": 5.978515625, "peak_allocated_gib": 7.100411891937256, "gpu_time_budget": null, "module": "model.layers.10.mlp.down_proj", "fit_rows": 49152, "heldout_rows": 16384}
{"stage": "sequential-round-coordinate", "pid": 4075184, "time": 1789707341.2491822, "cuda_visible_devices": "2", "allocated_gib": 5.225467205047607, "reserved_gib": 8.228515625, "peak_allocated_gib": 7.100411891937256, "gpu_time_budget": null, "module": "model.layers.10.mlp.down_proj", "step": 128}
{"stage": "sequential-round-coordinate", "pid": 4075184, "time": 1789707342.2016675, "cuda_visible_devices": "2", "allocated_gib": 5.225467205047607, "reserved_gib": 8.228515625, "peak_allocated_gib": 7.100411891937256, "gpu_time_budget": null, "module": "model.layers.10.mlp.down_proj", "step": 256}
{"stage": "sequential-round-coordinate", "pid": 4075184, "time": 1789707343.1538725, "cuda_visible_devices": "2", "allocated_gib": 5.225467205047607, "reserved_gib": 8.228515625, "peak_allocated_gib": 7.100411891937256, "gpu_time_budget": null, "module": "model.layers.10.mlp.down_proj", "step": 384}
{"stage": "sequential-round-coordinate", "pid": 4075184, "time": 1789707344.1894372, "cuda_visible_devices": "2", "allocated_gib": 5.225467205047607, "reserved_gib": 8.228515625, "peak_allocated_gib": 7.100411891937256, "gpu_time_budget": null, "module": "model.layers.10.mlp.down_proj", "step": 512}
{"stage": "sequential-round-coordinate", "pid": 4075184, "time": 1789707345.1425276, "cuda_visible_devices": "2", "allocated_gib": 5.225467205047607, "reserved_gib": 8.228515625, "peak_allocated_gib": 7.100411891937256, "gpu_time_budget": null, "module": "model.layers.10.mlp.down_proj", "step": 640}
{"stage": "sequential-round-coordinate", "pid": 4075184, "time": 1789707346.0945196, "cuda_visible_devices": "2", "allocated_gib": 5.225467205047607, "reserved_gib": 8.228515625, "peak_allocated_gib": 7.100411891937256, "gpu_time_budget": null, "module": "model.layers.10.mlp.down_proj", "step": 768}
{"stage": "sequential-round-coordinate", "pid": 4075184, "time": 1789707347.0459297, "cuda_visible_devices": "2", "allocated_gib": 5.225467205047607, "reserved_gib": 8.228515625, "peak_allocated_gib": 7.100411891937256, "gpu_time_budget": null, "module": "model.layers.10.mlp.down_proj", "step": 896}
{"stage": "sequential-round-coordinate", "pid": 4075184, "time": 1789707347.9955587, "cuda_visible_devices": "2", "allocated_gib": 5.225467205047607, "reserved_gib": 8.228515625, "peak_allocated_gib": 7.100411891937256, "gpu_time_budget": null, "module": "model.layers.10.mlp.down_proj", "step": 1024}
{"stage": "sequential-round-coordinate", "pid": 4075184, "time": 1789707348.9498353, "cuda_visible_devices": "2", "allocated_gib": 5.225467205047607, "reserved_gib": 8.228515625, "peak_allocated_gib": 7.100411891937256, "gpu_time_budget": null, "module": "model.layers.10.mlp.down_proj", "step": 1152}
{"stage": "sequential-round-coordinate", "pid": 4075184, "time": 1789707349.9035645, "cuda_visible_devices": "2", "allocated_gib": 5.225467205047607, "reserved_gib": 8.228515625, "peak_allocated_gib": 7.100411891937256, "gpu_time_budget": null, "module": "model.layers.10.mlp.down_proj", "step": 1280}
{"stage": "sequential-round-coordinate", "pid": 4075184, "time": 1789707350.8553782, "cuda_visible_devices": "2", "allocated_gib": 5.225467205047607, "reserved_gib": 8.228515625, "peak_allocated_gib": 7.100411891937256, "gpu_time_budget": null, "module": "model.layers.10.mlp.down_proj", "step": 1408}
{"stage": "sequential-round-coordinate", "pid": 4075184, "time": 1789707351.8072686, "cuda_visible_devices": "2", "allocated_gib": 5.225467205047607, "reserved_gib": 8.228515625, "peak_allocated_gib": 7.100411891937256, "gpu_time_budget": null, "module": "model.layers.10.mlp.down_proj", "step": 1536}
{"stage": "sequential-round-coordinate", "pid": 4075184, "time": 1789707352.7576962, "cuda_visible_devices": "2", "allocated_gib": 5.225467205047607, "reserved_gib": 8.228515625, "peak_allocated_gib": 7.100411891937256, "gpu_time_budget": null, "module": "model.layers.10.mlp.down_proj", "step": 1664}
{"stage": "sequential-round-coordinate", "pid": 4075184, "time": 1789707353.7075474, "cuda_visible_devices": "2", "allocated_gib": 5.225467205047607, "reserved_gib": 8.228515625, "peak_allocated_gib": 7.100411891937256, "gpu_time_budget": null, "module": "model.layers.10.mlp.down_proj", "step": 1792}
{"stage": "sequential-round-coordinate", "pid": 4075184, "time": 1789707354.6612828, "cuda_visible_devices": "2", "allocated_gib": 5.225467205047607, "reserved_gib": 8.228515625, "peak_allocated_gib": 7.100411891937256, "gpu_time_budget": null, "module": "model.layers.10.mlp.down_proj", "step": 1920}
{"stage": "sequential-round-coordinate", "pid": 4075184, "time": 1789707355.6960454, "cuda_visible_devices": "2", "allocated_gib": 5.225467205047607, "reserved_gib": 8.228515625, "peak_allocated_gib": 7.100411891937256, "gpu_time_budget": null, "module": "model.layers.10.mlp.down_proj", "step": 2048}
{"stage": "sequential-round-coordinate", "pid": 4075184, "time": 1789707356.646746, "cuda_visible_devices": "2", "allocated_gib": 5.225467205047607, "reserved_gib": 8.228515625, "peak_allocated_gib": 7.100411891937256, "gpu_time_budget": null, "module": "model.layers.10.mlp.down_proj", "step": 2176}
{"stage": "sequential-round-coordinate", "pid": 4075184, "time": 1789707357.598481, "cuda_visible_devices": "2", "allocated_gib": 5.225467205047607, "reserved_gib": 8.228515625, "peak_allocated_gib": 7.100411891937256, "gpu_time_budget": null, "module": "model.layers.10.mlp.down_proj", "step": 2304}
{"stage": "sequential-round-coordinate", "pid": 4075184, "time": 1789707358.5478868, "cuda_visible_devices": "2", "allocated_gib": 5.225467205047607, "reserved_gib": 8.228515625, "peak_allocated_gib": 7.100411891937256, "gpu_time_budget": null, "module": "model.layers.10.mlp.down_proj", "step": 2432}
{"stage": "sequential-round-coordinate", "pid": 4075184, "time": 1789707359.4984539, "cuda_visible_devices": "2", "allocated_gib": 5.225467205047607, "reserved_gib": 8.228515625, "peak_allocated_gib": 7.100411891937256, "gpu_time_budget": null, "module": "model.layers.10.mlp.down_proj", "step": 2560}
{"stage": "sequential-round-coordinate", "pid": 4075184, "time": 1789707360.4498837, "cuda_visible_devices": "2", "allocated_gib": 5.225467205047607, "reserved_gib": 8.228515625, "peak_allocated_gib": 7.100411891937256, "gpu_time_budget": null, "module": "model.layers.10.mlp.down_proj", "step": 2688}
{"stage": "sequential-round-coordinate", "pid": 4075184, "time": 1789707361.4037263, "cuda_visible_devices": "2", "allocated_gib": 5.225467205047607, "reserved_gib": 8.228515625, "peak_allocated_gib": 7.100411891937256, "gpu_time_budget": null, "module": "model.layers.10.mlp.down_proj", "step": 2816}
{"stage": "sequential-round-coordinate", "pid": 4075184, "time": 1789707362.3569405, "cuda_visible_devices": "2", "allocated_gib": 5.225467205047607, "reserved_gib": 8.228515625, "peak_allocated_gib": 7.100411891937256, "gpu_time_budget": null, "module": "model.layers.10.mlp.down_proj", "step": 2944}
{"stage": "sequential-round-coordinate", "pid": 4075184, "time": 1789707363.3150215, "cuda_visible_devices": "2", "allocated_gib": 5.225467205047607, "reserved_gib": 8.228515625, "peak_allocated_gib": 7.100411891937256, "gpu_time_budget": null, "module": "model.layers.10.mlp.down_proj", "step": 3072}
{"stage": "sequential-round-coordinate", "pid": 4075184, "time": 1789707364.2692785, "cuda_visible_devices": "2", "allocated_gib": 5.225467205047607, "reserved_gib": 8.228515625, "peak_allocated_gib": 7.100411891937256, "gpu_time_budget": null, "module": "model.layers.10.mlp.down_proj", "step": 3200}
{"stage": "sequential-round-coordinate", "pid": 4075184, "time": 1789707365.2254314, "cuda_visible_devices": "2", "allocated_gib": 5.225467205047607, "reserved_gib": 8.228515625, "peak_allocated_gib": 7.100411891937256, "gpu_time_budget": null, "module": "model.layers.10.mlp.down_proj", "step": 3328}
{"stage": "sequential-round-coordinate", "pid": 4075184, "time": 1789707366.1800754, "cuda_visible_devices": "2", "allocated_gib": 5.225467205047607, "reserved_gib": 8.228515625, "peak_allocated_gib": 7.100411891937256, "gpu_time_budget": null, "module": "model.layers.10.mlp.down_proj", "step": 3456}
{"stage": "sequential-round-coordinate", "pid": 4075184, "time": 1789707367.1367633, "cuda_visible_devices": "2", "allocated_gib": 5.225467205047607, "reserved_gib": 8.228515625, "peak_allocated_gib": 7.100411891937256, "gpu_time_budget": null, "module": "model.layers.10.mlp.down_proj", "step": 3584}
{"stage": "sequential-round-coordinate", "pid": 4075184, "time": 1789707368.092486, "cuda_visible_devices": "2", "allocated_gib": 5.225467205047607, "reserved_gib": 8.228515625, "peak_allocated_gib": 7.100411891937256, "gpu_time_budget": null, "module": "model.layers.10.mlp.down_proj", "step": 3712}
{"stage": "sequential-round-coordinate", "pid": 4075184, "time": 1789707369.0481374, "cuda_visible_devices": "2", "allocated_gib": 5.225467205047607, "reserved_gib": 8.228515625, "peak_allocated_gib": 7.100411891937256, "gpu_time_budget": null, "module": "model.layers.10.mlp.down_proj", "step": 3840}
{"stage": "sequential-round-coordinate", "pid": 4075184, "time": 1789707370.00203, "cuda_visible_devices": "2", "allocated_gib": 5.225467205047607, "reserved_gib": 8.228515625, "peak_allocated_gib": 7.100411891937256, "gpu_time_budget": null, "module": "model.layers.10.mlp.down_proj", "step": 3968}
{"stage": "sequential-round-coordinate", "pid": 4075184, "time": 1789707370.9559233, "cuda_visible_devices": "2", "allocated_gib": 5.225467205047607, "reserved_gib": 8.228515625, "peak_allocated_gib": 7.100411891937256, "gpu_time_budget": null, "module": "model.layers.10.mlp.down_proj", "step": 4096}
{"stage": "sequential-round-coordinate", "pid": 4075184, "time": 1789707371.9096684, "cuda_visible_devices": "2", "allocated_gib": 5.225467205047607, "reserved_gib": 8.228515625, "peak_allocated_gib": 7.100411891937256, "gpu_time_budget": null, "module": "model.layers.10.mlp.down_proj", "step": 4224}
{"stage": "sequential-round-coordinate", "pid": 4075184, "time": 1789707372.8612435, "cuda_visible_devices": "2", "allocated_gib": 5.225467205047607, "reserved_gib": 8.228515625, "peak_allocated_gib": 7.100411891937256, "gpu_time_budget": null, "module": "model.layers.10.mlp.down_proj", "step": 4352}
{"stage": "sequential-round-coordinate", "pid": 4075184, "time": 1789707373.8143823, "cuda_visible_devices": "2", "allocated_gib": 5.225467205047607, "reserved_gib": 8.228515625, "peak_allocated_gib": 7.100411891937256, "gpu_time_budget": null, "module": "model.layers.10.mlp.down_proj", "step": 4480}
{"stage": "sequential-round-coordinate", "pid": 4075184, "time": 1789707374.7689917, "cuda_visible_devices": "2", "allocated_gib": 5.225467205047607, "reserved_gib": 8.228515625, "peak_allocated_gib": 7.100411891937256, "gpu_time_budget": null, "module": "model.layers.10.mlp.down_proj", "step": 4608}
{"stage": "sequential-round-coordinate", "pid": 4075184, "time": 1789707375.7206686, "cuda_visible_devices": "2", "allocated_gib": 5.225467205047607, "reserved_gib": 8.228515625, "peak_allocated_gib": 7.100411891937256, "gpu_time_budget": null, "module": "model.layers.10.mlp.down_proj", "step": 4736}
{"stage": "sequential-round-coordinate", "pid": 4075184, "time": 1789707376.6642725, "cuda_visible_devices": "2", "allocated_gib": 5.225467205047607, "reserved_gib": 8.228515625, "peak_allocated_gib": 7.100411891937256, "gpu_time_budget": null, "module": "model.layers.10.mlp.down_proj", "step": 4864}
{"stage": "sequential-round-coordinate", "pid": 4075184, "time": 1789707377.2819207, "cuda_visible_devices": "2", "allocated_gib": 5.225467205047607, "reserved_gib": 8.228515625, "peak_allocated_gib": 7.100411891937256, "gpu_time_budget": null, "module": "model.layers.10.mlp.down_proj", "step": 4992}
{"stage": "sequential-round-coordinate", "pid": 4075184, "time": 1789707378.001938, "cuda_visible_devices": "2", "allocated_gib": 5.225467205047607, "reserved_gib": 8.228515625, "peak_allocated_gib": 7.100411891937256, "gpu_time_budget": null, "module": "model.layers.10.mlp.down_proj", "step": 5120}
{"stage": "sequential-round-coordinate", "pid": 4075184, "time": 1789707378.7203288, "cuda_visible_devices": "2", "allocated_gib": 5.225467205047607, "reserved_gib": 8.228515625, "peak_allocated_gib": 7.100411891937256, "gpu_time_budget": null, "module": "model.layers.10.mlp.down_proj", "step": 5248}
{"stage": "sequential-round-coordinate", "pid": 4075184, "time": 1789707379.4399877, "cuda_visible_devices": "2", "allocated_gib": 5.225467205047607, "reserved_gib": 8.228515625, "peak_allocated_gib": 7.100411891937256, "gpu_time_budget": null, "module": "model.layers.10.mlp.down_proj", "step": 5376}
{"stage": "sequential-round-coordinate", "pid": 4075184, "time": 1789707380.1600366, "cuda_visible_devices": "2", "allocated_gib": 5.225467205047607, "reserved_gib": 8.228515625, "peak_allocated_gib": 7.100411891937256, "gpu_time_budget": null, "module": "model.layers.10.mlp.down_proj", "step": 5504}
{"stage": "sequential-round-coordinate", "pid": 4075184, "time": 1789707380.8807309, "cuda_visible_devices": "2", "allocated_gib": 5.225467205047607, "reserved_gib": 8.228515625, "peak_allocated_gib": 7.100411891937256, "gpu_time_budget": null, "module": "model.layers.10.mlp.down_proj", "step": 5632}
{"stage": "sequential-round-coordinate", "pid": 4075184, "time": 1789707381.6026683, "cuda_visible_devices": "2", "allocated_gib": 5.225467205047607, "reserved_gib": 8.228515625, "peak_allocated_gib": 7.100411891937256, "gpu_time_budget": null, "module": "model.layers.10.mlp.down_proj", "step": 5760}
{"stage": "sequential-round-coordinate", "pid": 4075184, "time": 1789707382.3241367, "cuda_visible_devices": "2", "allocated_gib": 5.225467205047607, "reserved_gib": 8.228515625, "peak_allocated_gib": 7.100411891937256, "gpu_time_budget": null, "module": "model.layers.10.mlp.down_proj", "step": 5888}
{"stage": "sequential-round-coordinate", "pid": 4075184, "time": 1789707383.0223947, "cuda_visible_devices": "2", "allocated_gib": 5.225467205047607, "reserved_gib": 8.228515625, "peak_allocated_gib": 7.100411891937256, "gpu_time_budget": null, "module": "model.layers.10.mlp.down_proj", "step": 6016}
{"stage": "sequential-round-coordinate", "pid": 4075184, "time": 1789707383.7445889, "cuda_visible_devices": "2", "allocated_gib": 5.225467205047607, "reserved_gib": 8.228515625, "peak_allocated_gib": 7.100411891937256, "gpu_time_budget": null, "module": "model.layers.10.mlp.down_proj", "step": 6144}
{"stage": "sequential-round-coordinate", "pid": 4075184, "time": 1789707384.4671378, "cuda_visible_devices": "2", "allocated_gib": 5.225467205047607, "reserved_gib": 8.228515625, "peak_allocated_gib": 7.100411891937256, "gpu_time_budget": null, "module": "model.layers.10.mlp.down_proj", "step": 6272}
{"stage": "sequential-round-coordinate", "pid": 4075184, "time": 1789707385.1896062, "cuda_visible_devices": "2", "allocated_gib": 5.225467205047607, "reserved_gib": 8.228515625, "peak_allocated_gib": 7.100411891937256, "gpu_time_budget": null, "module": "model.layers.10.mlp.down_proj", "step": 6400}
{"stage": "sequential-round-coordinate", "pid": 4075184, "time": 1789707385.9135778, "cuda_visible_devices": "2", "allocated_gib": 5.225467205047607, "reserved_gib": 8.228515625, "peak_allocated_gib": 7.100411891937256, "gpu_time_budget": null, "module": "model.layers.10.mlp.down_proj", "step": 6528}
{"stage": "sequential-round-coordinate", "pid": 4075184, "time": 1789707386.634934, "cuda_visible_devices": "2", "allocated_gib": 5.225467205047607, "reserved_gib": 8.228515625, "peak_allocated_gib": 7.100411891937256, "gpu_time_budget": null, "module": "model.layers.10.mlp.down_proj", "step": 6656}
{"stage": "sequential-round-coordinate", "pid": 4075184, "time": 1789707387.357694, "cuda_visible_devices": "2", "allocated_gib": 5.225467205047607, "reserved_gib": 8.228515625, "peak_allocated_gib": 7.100411891937256, "gpu_time_budget": null, "module": "model.layers.10.mlp.down_proj", "step": 6784}
{"stage": "sequential-round-coordinate", "pid": 4075184, "time": 1789707388.0802248, "cuda_visible_devices": "2", "allocated_gib": 5.225467205047607, "reserved_gib": 8.228515625, "peak_allocated_gib": 7.100411891937256, "gpu_time_budget": null, "module": "model.layers.10.mlp.down_proj", "step": 6912}
{"stage": "sequential-round-coordinate", "pid": 4075184, "time": 1789707388.7852871, "cuda_visible_devices": "2", "allocated_gib": 5.225467205047607, "reserved_gib": 8.228515625, "peak_allocated_gib": 7.100411891937256, "gpu_time_budget": null, "module": "model.layers.10.mlp.down_proj", "step": 7040}
{"stage": "sequential-round-coordinate", "pid": 4075184, "time": 1789707389.5027065, "cuda_visible_devices": "2", "allocated_gib": 5.225467205047607, "reserved_gib": 8.228515625, "peak_allocated_gib": 7.100411891937256, "gpu_time_budget": null, "module": "model.layers.10.mlp.down_proj", "step": 7168}
{"stage": "sequential-round-coordinate", "pid": 4075184, "time": 1789707390.22852, "cuda_visible_devices": "2", "allocated_gib": 5.225467205047607, "reserved_gib": 8.228515625, "peak_allocated_gib": 7.100411891937256, "gpu_time_budget": null, "module": "model.layers.10.mlp.down_proj", "step": 7296}
{"stage": "sequential-round-coordinate", "pid": 4075184, "time": 1789707390.9531143, "cuda_visible_devices": "2", "allocated_gib": 5.225467205047607, "reserved_gib": 8.228515625, "peak_allocated_gib": 7.100411891937256, "gpu_time_budget": null, "module": "model.layers.10.mlp.down_proj", "step": 7424}
{"stage": "sequential-round-coordinate", "pid": 4075184, "time": 1789707391.67749, "cuda_visible_devices": "2", "allocated_gib": 5.225467205047607, "reserved_gib": 8.228515625, "peak_allocated_gib": 7.100411891937256, "gpu_time_budget": null, "module": "model.layers.10.mlp.down_proj", "step": 7552}
{"stage": "sequential-round-coordinate", "pid": 4075184, "time": 1789707392.401785, "cuda_visible_devices": "2", "allocated_gib": 5.225467205047607, "reserved_gib": 8.228515625, "peak_allocated_gib": 7.100411891937256, "gpu_time_budget": null, "module": "model.layers.10.mlp.down_proj", "step": 7680}
{"stage": "sequential-round-coordinate", "pid": 4075184, "time": 1789707393.1234221, "cuda_visible_devices": "2", "allocated_gib": 5.225467205047607, "reserved_gib": 8.228515625, "peak_allocated_gib": 7.100411891937256, "gpu_time_budget": null, "module": "model.layers.10.mlp.down_proj", "step": 7808}
{"stage": "sequential-round-coordinate", "pid": 4075184, "time": 1789707393.8443177, "cuda_visible_devices": "2", "allocated_gib": 5.225467205047607, "reserved_gib": 8.228515625, "peak_allocated_gib": 7.100411891937256, "gpu_time_budget": null, "module": "model.layers.10.mlp.down_proj", "step": 7936}
{"stage": "sequential-round-coordinate", "pid": 4075184, "time": 1789707394.5482004, "cuda_visible_devices": "2", "allocated_gib": 5.225467205047607, "reserved_gib": 8.228515625, "peak_allocated_gib": 7.100411891937256, "gpu_time_budget": null, "module": "model.layers.10.mlp.down_proj", "step": 8064}
{"stage": "sequential-round-coordinate", "pid": 4075184, "time": 1789707395.2173913, "cuda_visible_devices": "2", "allocated_gib": 5.225467205047607, "reserved_gib": 8.228515625, "peak_allocated_gib": 7.100411891937256, "gpu_time_budget": null, "module": "model.layers.10.mlp.down_proj", "step": 8192}
{"stage": "sequential-round-train-nll", "pid": 4075184, "time": 1789707395.271561, "cuda_visible_devices": "2", "allocated_gib": 3.7957167625427246, "reserved_gib": 3.80078125, "peak_allocated_gib": 7.100411891937256, "gpu_time_budget": null, "module": "model.layers.10.mlp.down_proj", "step": 512}
Evaluation segment 1/1: start=0, windows=8, seqlen=2048
{"stage": "sequential-round-train-nll", "pid": 4075184, "time": 1789707398.2770844, "cuda_visible_devices": "2", "allocated_gib": 3.7957167625427246, "reserved_gib": 5.978515625, "peak_allocated_gib": 7.100411891937256, "gpu_time_budget": null, "module": "model.layers.10.mlp.down_proj", "step": 2048}
Evaluation segment 1/1: start=0, windows=8, seqlen=2048
{"stage": "sequential-round-train-nll", "pid": 4075184, "time": 1789707403.7649753, "cuda_visible_devices": "2", "allocated_gib": 3.7957167625427246, "reserved_gib": 5.978515625, "peak_allocated_gib": 7.100411891937256, "gpu_time_budget": null, "module": "model.layers.10.mlp.down_proj", "step": 8192}
Evaluation segment 1/1: start=0, windows=8, seqlen=2048
{"stage": "sequential-module-completed", "pid": 4075184, "time": 1789707409.483203, "cuda_visible_devices": "2", "allocated_gib": 3.7957167625427246, "reserved_gib": 5.978515625, "peak_allocated_gib": 7.100411891937256, "gpu_time_budget": null, "module": "model.layers.10.mlp.down_proj", "completed": 11, "total": 28, "selected_train_nll": 2.6712174324715403, "elapsed_seconds": 682.210196262924}
{"stage": "sequential-round-fit", "pid": 4075184, "time": 1789707415.7459705, "cuda_visible_devices": "2", "allocated_gib": 3.7957167625427246, "reserved_gib": 5.978515625, "peak_allocated_gib": 7.100411891937256, "gpu_time_budget": null, "module": "model.layers.11.mlp.down_proj", "fit_rows": 49152, "heldout_rows": 16384}
{"stage": "sequential-round-coordinate", "pid": 4075184, "time": 1789707417.01857, "cuda_visible_devices": "2", "allocated_gib": 5.225467205047607, "reserved_gib": 8.228515625, "peak_allocated_gib": 7.100411891937256, "gpu_time_budget": null, "module": "model.layers.11.mlp.down_proj", "step": 128}
{"stage": "sequential-round-coordinate", "pid": 4075184, "time": 1789707417.9800885, "cuda_visible_devices": "2", "allocated_gib": 5.225467205047607, "reserved_gib": 8.228515625, "peak_allocated_gib": 7.100411891937256, "gpu_time_budget": null, "module": "model.layers.11.mlp.down_proj", "step": 256}
{"stage": "sequential-round-coordinate", "pid": 4075184, "time": 1789707418.936901, "cuda_visible_devices": "2", "allocated_gib": 5.225467205047607, "reserved_gib": 8.228515625, "peak_allocated_gib": 7.100411891937256, "gpu_time_budget": null, "module": "model.layers.11.mlp.down_proj", "step": 384}
{"stage": "sequential-round-coordinate", "pid": 4075184, "time": 1789707419.9807715, "cuda_visible_devices": "2", "allocated_gib": 5.225467205047607, "reserved_gib": 8.228515625, "peak_allocated_gib": 7.100411891937256, "gpu_time_budget": null, "module": "model.layers.11.mlp.down_proj", "step": 512}
{"stage": "sequential-round-coordinate", "pid": 4075184, "time": 1789707420.9398727, "cuda_visible_devices": "2", "allocated_gib": 5.225467205047607, "reserved_gib": 8.228515625, "peak_allocated_gib": 7.100411891937256, "gpu_time_budget": null, "module": "model.layers.11.mlp.down_proj", "step": 640}
{"stage": "sequential-round-coordinate", "pid": 4075184, "time": 1789707421.896598, "cuda_visible_devices": "2", "allocated_gib": 5.225467205047607, "reserved_gib": 8.228515625, "peak_allocated_gib": 7.100411891937256, "gpu_time_budget": null, "module": "model.layers.11.mlp.down_proj", "step": 768}
{"stage": "sequential-round-coordinate", "pid": 4075184, "time": 1789707422.8540678, "cuda_visible_devices": "2", "allocated_gib": 5.225467205047607, "reserved_gib": 8.228515625, "peak_allocated_gib": 7.100411891937256, "gpu_time_budget": null, "module": "model.layers.11.mlp.down_proj", "step": 896}
{"stage": "sequential-round-coordinate", "pid": 4075184, "time": 1789707423.8145761, "cuda_visible_devices": "2", "allocated_gib": 5.225467205047607, "reserved_gib": 8.228515625, "peak_allocated_gib": 7.100411891937256, "gpu_time_budget": null, "module": "model.layers.11.mlp.down_proj", "step": 1024}
{"stage": "sequential-round-coordinate", "pid": 4075184, "time": 1789707424.7751627, "cuda_visible_devices": "2", "allocated_gib": 5.225467205047607, "reserved_gib": 8.228515625, "peak_allocated_gib": 7.100411891937256, "gpu_time_budget": null, "module": "model.layers.11.mlp.down_proj", "step": 1152}
{"stage": "sequential-round-coordinate", "pid": 4075184, "time": 1789707425.7342222, "cuda_visible_devices": "2", "allocated_gib": 5.225467205047607, "reserved_gib": 8.228515625, "peak_allocated_gib": 7.100411891937256, "gpu_time_budget": null, "module": "model.layers.11.mlp.down_proj", "step": 1280}
{"stage": "sequential-round-coordinate", "pid": 4075184, "time": 1789707426.692673, "cuda_visible_devices": "2", "allocated_gib": 5.225467205047607, "reserved_gib": 8.228515625, "peak_allocated_gib": 7.100411891937256, "gpu_time_budget": null, "module": "model.layers.11.mlp.down_proj", "step": 1408}
{"stage": "sequential-round-coordinate", "pid": 4075184, "time": 1789707427.648036, "cuda_visible_devices": "2", "allocated_gib": 5.225467205047607, "reserved_gib": 8.228515625, "peak_allocated_gib": 7.100411891937256, "gpu_time_budget": null, "module": "model.layers.11.mlp.down_proj", "step": 1536}
{"stage": "sequential-round-coordinate", "pid": 4075184, "time": 1789707428.6051142, "cuda_visible_devices": "2", "allocated_gib": 5.225467205047607, "reserved_gib": 8.228515625, "peak_allocated_gib": 7.100411891937256, "gpu_time_budget": null, "module": "model.layers.11.mlp.down_proj", "step": 1664}
{"stage": "sequential-round-coordinate", "pid": 4075184, "time": 1789707429.5627568, "cuda_visible_devices": "2", "allocated_gib": 5.225467205047607, "reserved_gib": 8.228515625, "peak_allocated_gib": 7.100411891937256, "gpu_time_budget": null, "module": "model.layers.11.mlp.down_proj", "step": 1792}
{"stage": "sequential-round-coordinate", "pid": 4075184, "time": 1789707430.5171218, "cuda_visible_devices": "2", "allocated_gib": 5.225467205047607, "reserved_gib": 8.228515625, "peak_allocated_gib": 7.100411891937256, "gpu_time_budget": null, "module": "model.layers.11.mlp.down_proj", "step": 1920}
{"stage": "sequential-round-coordinate", "pid": 4075184, "time": 1789707431.559371, "cuda_visible_devices": "2", "allocated_gib": 5.225467205047607, "reserved_gib": 8.228515625, "peak_allocated_gib": 7.100411891937256, "gpu_time_budget": null, "module": "model.layers.11.mlp.down_proj", "step": 2048}
{"stage": "sequential-round-coordinate", "pid": 4075184, "time": 1789707432.5156324, "cuda_visible_devices": "2", "allocated_gib": 5.225467205047607, "reserved_gib": 8.228515625, "peak_allocated_gib": 7.100411891937256, "gpu_time_budget": null, "module": "model.layers.11.mlp.down_proj", "step": 2176}
{"stage": "sequential-round-coordinate", "pid": 4075184, "time": 1789707433.4701061, "cuda_visible_devices": "2", "allocated_gib": 5.225467205047607, "reserved_gib": 8.228515625, "peak_allocated_gib": 7.100411891937256, "gpu_time_budget": null, "module": "model.layers.11.mlp.down_proj", "step": 2304}
{"stage": "sequential-round-coordinate", "pid": 4075184, "time": 1789707434.4274223, "cuda_visible_devices": "2", "allocated_gib": 5.225467205047607, "reserved_gib": 8.228515625, "peak_allocated_gib": 7.100411891937256, "gpu_time_budget": null, "module": "model.layers.11.mlp.down_proj", "step": 2432}
{"stage": "sequential-round-coordinate", "pid": 4075184, "time": 1789707435.3806808, "cuda_visible_devices": "2", "allocated_gib": 5.225467205047607, "reserved_gib": 8.228515625, "peak_allocated_gib": 7.100411891937256, "gpu_time_budget": null, "module": "model.layers.11.mlp.down_proj", "step": 2560}
{"stage": "sequential-round-coordinate", "pid": 4075184, "time": 1789707436.3309686, "cuda_visible_devices": "2", "allocated_gib": 5.225467205047607, "reserved_gib": 8.228515625, "peak_allocated_gib": 7.100411891937256, "gpu_time_budget": null, "module": "model.layers.11.mlp.down_proj", "step": 2688}
{"stage": "sequential-round-coordinate", "pid": 4075184, "time": 1789707437.2823632, "cuda_visible_devices": "2", "allocated_gib": 5.225467205047607, "reserved_gib": 8.228515625, "peak_allocated_gib": 7.100411891937256, "gpu_time_budget": null, "module": "model.layers.11.mlp.down_proj", "step": 2816}
{"stage": "sequential-round-coordinate", "pid": 4075184, "time": 1789707438.2336626, "cuda_visible_devices": "2", "allocated_gib": 5.225467205047607, "reserved_gib": 8.228515625, "peak_allocated_gib": 7.100411891937256, "gpu_time_budget": null, "module": "model.layers.11.mlp.down_proj", "step": 2944}
{"stage": "sequential-round-coordinate", "pid": 4075184, "time": 1789707439.1835556, "cuda_visible_devices": "2", "allocated_gib": 5.225467205047607, "reserved_gib": 8.228515625, "peak_allocated_gib": 7.100411891937256, "gpu_time_budget": null, "module": "model.layers.11.mlp.down_proj", "step": 3072}
{"stage": "sequential-round-coordinate", "pid": 4075184, "time": 1789707440.1345546, "cuda_visible_devices": "2", "allocated_gib": 5.225467205047607, "reserved_gib": 8.228515625, "peak_allocated_gib": 7.100411891937256, "gpu_time_budget": null, "module": "model.layers.11.mlp.down_proj", "step": 3200}
{"stage": "sequential-round-coordinate", "pid": 4075184, "time": 1789707441.0861466, "cuda_visible_devices": "2", "allocated_gib": 5.225467205047607, "reserved_gib": 8.228515625, "peak_allocated_gib": 7.100411891937256, "gpu_time_budget": null, "module": "model.layers.11.mlp.down_proj", "step": 3328}
{"stage": "sequential-round-coordinate", "pid": 4075184, "time": 1789707442.0393064, "cuda_visible_devices": "2", "allocated_gib": 5.225467205047607, "reserved_gib": 8.228515625, "peak_allocated_gib": 7.100411891937256, "gpu_time_budget": null, "module": "model.layers.11.mlp.down_proj", "step": 3456}
{"stage": "sequential-round-coordinate", "pid": 4075184, "time": 1789707442.99282, "cuda_visible_devices": "2", "allocated_gib": 5.225467205047607, "reserved_gib": 8.228515625, "peak_allocated_gib": 7.100411891937256, "gpu_time_budget": null, "module": "model.layers.11.mlp.down_proj", "step": 3584}
{"stage": "sequential-round-coordinate", "pid": 4075184, "time": 1789707443.9463866, "cuda_visible_devices": "2", "allocated_gib": 5.225467205047607, "reserved_gib": 8.228515625, "peak_allocated_gib": 7.100411891937256, "gpu_time_budget": null, "module": "model.layers.11.mlp.down_proj", "step": 3712}
{"stage": "sequential-round-coordinate", "pid": 4075184, "time": 1789707444.8977299, "cuda_visible_devices": "2", "allocated_gib": 5.225467205047607, "reserved_gib": 8.228515625, "peak_allocated_gib": 7.100411891937256, "gpu_time_budget": null, "module": "model.layers.11.mlp.down_proj", "step": 3840}
{"stage": "sequential-round-coordinate", "pid": 4075184, "time": 1789707445.8534687, "cuda_visible_devices": "2", "allocated_gib": 5.225467205047607, "reserved_gib": 8.228515625, "peak_allocated_gib": 7.100411891937256, "gpu_time_budget": null, "module": "model.layers.11.mlp.down_proj", "step": 3968}
{"stage": "sequential-round-coordinate", "pid": 4075184, "time": 1789707446.786819, "cuda_visible_devices": "2", "allocated_gib": 5.225467205047607, "reserved_gib": 8.228515625, "peak_allocated_gib": 7.100411891937256, "gpu_time_budget": null, "module": "model.layers.11.mlp.down_proj", "step": 4096}
{"stage": "sequential-round-coordinate", "pid": 4075184, "time": 1789707447.737454, "cuda_visible_devices": "2", "allocated_gib": 5.225467205047607, "reserved_gib": 8.228515625, "peak_allocated_gib": 7.100411891937256, "gpu_time_budget": null, "module": "model.layers.11.mlp.down_proj", "step": 4224}
{"stage": "sequential-round-coordinate", "pid": 4075184, "time": 1789707448.6857548, "cuda_visible_devices": "2", "allocated_gib": 5.225467205047607, "reserved_gib": 8.228515625, "peak_allocated_gib": 7.100411891937256, "gpu_time_budget": null, "module": "model.layers.11.mlp.down_proj", "step": 4352}
{"stage": "sequential-round-coordinate", "pid": 4075184, "time": 1789707449.639454, "cuda_visible_devices": "2", "allocated_gib": 5.225467205047607, "reserved_gib": 8.228515625, "peak_allocated_gib": 7.100411891937256, "gpu_time_budget": null, "module": "model.layers.11.mlp.down_proj", "step": 4480}
{"stage": "sequential-round-coordinate", "pid": 4075184, "time": 1789707450.5891142, "cuda_visible_devices": "2", "allocated_gib": 5.225467205047607, "reserved_gib": 8.228515625, "peak_allocated_gib": 7.100411891937256, "gpu_time_budget": null, "module": "model.layers.11.mlp.down_proj", "step": 4608}
{"stage": "sequential-round-coordinate", "pid": 4075184, "time": 1789707451.5403757, "cuda_visible_devices": "2", "allocated_gib": 5.225467205047607, "reserved_gib": 8.228515625, "peak_allocated_gib": 7.100411891937256, "gpu_time_budget": null, "module": "model.layers.11.mlp.down_proj", "step": 4736}
{"stage": "sequential-round-coordinate", "pid": 4075184, "time": 1789707452.4930716, "cuda_visible_devices": "2", "allocated_gib": 5.225467205047607, "reserved_gib": 8.228515625, "peak_allocated_gib": 7.100411891937256, "gpu_time_budget": null, "module": "model.layers.11.mlp.down_proj", "step": 4864}
{"stage": "sequential-round-coordinate", "pid": 4075184, "time": 1789707453.440993, "cuda_visible_devices": "2", "allocated_gib": 5.225467205047607, "reserved_gib": 8.228515625, "peak_allocated_gib": 7.100411891937256, "gpu_time_budget": null, "module": "model.layers.11.mlp.down_proj", "step": 4992}
{"stage": "sequential-round-coordinate", "pid": 4075184, "time": 1789707454.2889569, "cuda_visible_devices": "2", "allocated_gib": 5.225467205047607, "reserved_gib": 8.228515625, "peak_allocated_gib": 7.100411891937256, "gpu_time_budget": null, "module": "model.layers.11.mlp.down_proj", "step": 5120}
{"stage": "sequential-round-coordinate", "pid": 4075184, "time": 1789707455.008118, "cuda_visible_devices": "2", "allocated_gib": 5.225467205047607, "reserved_gib": 8.228515625, "peak_allocated_gib": 7.100411891937256, "gpu_time_budget": null, "module": "model.layers.11.mlp.down_proj", "step": 5248}
{"stage": "sequential-round-coordinate", "pid": 4075184, "time": 1789707455.7274065, "cuda_visible_devices": "2", "allocated_gib": 5.225467205047607, "reserved_gib": 8.228515625, "peak_allocated_gib": 7.100411891937256, "gpu_time_budget": null, "module": "model.layers.11.mlp.down_proj", "step": 5376}
{"stage": "sequential-round-coordinate", "pid": 4075184, "time": 1789707456.4817362, "cuda_visible_devices": "2", "allocated_gib": 5.225467205047607, "reserved_gib": 8.228515625, "peak_allocated_gib": 7.100411891937256, "gpu_time_budget": null, "module": "model.layers.11.mlp.down_proj", "step": 5504}
{"stage": "sequential-round-coordinate", "pid": 4075184, "time": 1789707457.206004, "cuda_visible_devices": "2", "allocated_gib": 5.225467205047607, "reserved_gib": 8.228515625, "peak_allocated_gib": 7.100411891937256, "gpu_time_budget": null, "module": "model.layers.11.mlp.down_proj", "step": 5632}
{"stage": "sequential-round-coordinate", "pid": 4075184, "time": 1789707457.9323518, "cuda_visible_devices": "2", "allocated_gib": 5.225467205047607, "reserved_gib": 8.228515625, "peak_allocated_gib": 7.100411891937256, "gpu_time_budget": null, "module": "model.layers.11.mlp.down_proj", "step": 5760}
{"stage": "sequential-round-coordinate", "pid": 4075184, "time": 1789707458.651983, "cuda_visible_devices": "2", "allocated_gib": 5.225467205047607, "reserved_gib": 8.228515625, "peak_allocated_gib": 7.100411891937256, "gpu_time_budget": null, "module": "model.layers.11.mlp.down_proj", "step": 5888}
{"stage": "sequential-round-coordinate", "pid": 4075184, "time": 1789707459.3713143, "cuda_visible_devices": "2", "allocated_gib": 5.225467205047607, "reserved_gib": 8.228515625, "peak_allocated_gib": 7.100411891937256, "gpu_time_budget": null, "module": "model.layers.11.mlp.down_proj", "step": 6016}
{"stage": "sequential-round-coordinate", "pid": 4075184, "time": 1789707460.0785213, "cuda_visible_devices": "2", "allocated_gib": 5.225467205047607, "reserved_gib": 8.228515625, "peak_allocated_gib": 7.100411891937256, "gpu_time_budget": null, "module": "model.layers.11.mlp.down_proj", "step": 6144}
{"stage": "sequential-round-coordinate", "pid": 4075184, "time": 1789707460.8039904, "cuda_visible_devices": "2", "allocated_gib": 5.225467205047607, "reserved_gib": 8.228515625, "peak_allocated_gib": 7.100411891937256, "gpu_time_budget": null, "module": "model.layers.11.mlp.down_proj", "step": 6272}
{"stage": "sequential-round-coordinate", "pid": 4075184, "time": 1789707461.5224445, "cuda_visible_devices": "2", "allocated_gib": 5.225467205047607, "reserved_gib": 8.228515625, "peak_allocated_gib": 7.100411891937256, "gpu_time_budget": null, "module": "model.layers.11.mlp.down_proj", "step": 6400}
{"stage": "sequential-round-coordinate", "pid": 4075184, "time": 1789707462.2416236, "cuda_visible_devices": "2", "allocated_gib": 5.225467205047607, "reserved_gib": 8.228515625, "peak_allocated_gib": 7.100411891937256, "gpu_time_budget": null, "module": "model.layers.11.mlp.down_proj", "step": 6528}
{"stage": "sequential-round-coordinate", "pid": 4075184, "time": 1789707462.9618616, "cuda_visible_devices": "2", "allocated_gib": 5.225467205047607, "reserved_gib": 8.228515625, "peak_allocated_gib": 7.100411891937256, "gpu_time_budget": null, "module": "model.layers.11.mlp.down_proj", "step": 6656}
{"stage": "sequential-round-coordinate", "pid": 4075184, "time": 1789707463.684326, "cuda_visible_devices": "2", "allocated_gib": 5.225467205047607, "reserved_gib": 8.228515625, "peak_allocated_gib": 7.100411891937256, "gpu_time_budget": null, "module": "model.layers.11.mlp.down_proj", "step": 6784}
{"stage": "sequential-round-coordinate", "pid": 4075184, "time": 1789707464.4118714, "cuda_visible_devices": "2", "allocated_gib": 5.225467205047607, "reserved_gib": 8.228515625, "peak_allocated_gib": 7.100411891937256, "gpu_time_budget": null, "module": "model.layers.11.mlp.down_proj", "step": 6912}
{"stage": "sequential-round-coordinate", "pid": 4075184, "time": 1789707465.1379507, "cuda_visible_devices": "2", "allocated_gib": 5.225467205047607, "reserved_gib": 8.228515625, "peak_allocated_gib": 7.100411891937256, "gpu_time_budget": null, "module": "model.layers.11.mlp.down_proj", "step": 7040}
{"stage": "sequential-round-coordinate", "pid": 4075184, "time": 1789707465.8527088, "cuda_visible_devices": "2", "allocated_gib": 5.225467205047607, "reserved_gib": 8.228515625, "peak_allocated_gib": 7.100411891937256, "gpu_time_budget": null, "module": "model.layers.11.mlp.down_proj", "step": 7168}
{"stage": "sequential-round-coordinate", "pid": 4075184, "time": 1789707466.5827544, "cuda_visible_devices": "2", "allocated_gib": 5.225467205047607, "reserved_gib": 8.228515625, "peak_allocated_gib": 7.100411891937256, "gpu_time_budget": null, "module": "model.layers.11.mlp.down_proj", "step": 7296}
{"stage": "sequential-round-coordinate", "pid": 4075184, "time": 1789707467.3116758, "cuda_visible_devices": "2", "allocated_gib": 5.225467205047607, "reserved_gib": 8.228515625, "peak_allocated_gib": 7.100411891937256, "gpu_time_budget": null, "module": "model.layers.11.mlp.down_proj", "step": 7424}
{"stage": "sequential-round-coordinate", "pid": 4075184, "time": 1789707468.0400589, "cuda_visible_devices": "2", "allocated_gib": 5.225467205047607, "reserved_gib": 8.228515625, "peak_allocated_gib": 7.100411891937256, "gpu_time_budget": null, "module": "model.layers.11.mlp.down_proj", "step": 7552}
{"stage": "sequential-round-coordinate", "pid": 4075184, "time": 1789707468.771543, "cuda_visible_devices": "2", "allocated_gib": 5.225467205047607, "reserved_gib": 8.228515625, "peak_allocated_gib": 7.100411891937256, "gpu_time_budget": null, "module": "model.layers.11.mlp.down_proj", "step": 7680}
{"stage": "sequential-round-coordinate", "pid": 4075184, "time": 1789707469.49907, "cuda_visible_devices": "2", "allocated_gib": 5.225467205047607, "reserved_gib": 8.228515625, "peak_allocated_gib": 7.100411891937256, "gpu_time_budget": null, "module": "model.layers.11.mlp.down_proj", "step": 7808}
{"stage": "sequential-round-coordinate", "pid": 4075184, "time": 1789707470.2272496, "cuda_visible_devices": "2", "allocated_gib": 5.225467205047607, "reserved_gib": 8.228515625, "peak_allocated_gib": 7.100411891937256, "gpu_time_budget": null, "module": "model.layers.11.mlp.down_proj", "step": 7936}
{"stage": "sequential-round-coordinate", "pid": 4075184, "time": 1789707470.957626, "cuda_visible_devices": "2", "allocated_gib": 5.225467205047607, "reserved_gib": 8.228515625, "peak_allocated_gib": 7.100411891937256, "gpu_time_budget": null, "module": "model.layers.11.mlp.down_proj", "step": 8064}
{"stage": "sequential-round-coordinate", "pid": 4075184, "time": 1789707471.7250214, "cuda_visible_devices": "2", "allocated_gib": 5.225467205047607, "reserved_gib": 8.228515625, "peak_allocated_gib": 7.100411891937256, "gpu_time_budget": null, "module": "model.layers.11.mlp.down_proj", "step": 8192}
{"stage": "sequential-round-train-nll", "pid": 4075184, "time": 1789707471.7722485, "cuda_visible_devices": "2", "allocated_gib": 3.7957167625427246, "reserved_gib": 3.80078125, "peak_allocated_gib": 7.100411891937256, "gpu_time_budget": null, "module": "model.layers.11.mlp.down_proj", "step": 512}
Evaluation segment 1/1: start=0, windows=8, seqlen=2048
{"stage": "sequential-round-train-nll", "pid": 4075184, "time": 1789707474.82007, "cuda_visible_devices": "2", "allocated_gib": 3.7957167625427246, "reserved_gib": 5.978515625, "peak_allocated_gib": 7.100411891937256, "gpu_time_budget": null, "module": "model.layers.11.mlp.down_proj", "step": 2048}
Evaluation segment 1/1: start=0, windows=8, seqlen=2048
{"stage": "sequential-round-train-nll", "pid": 4075184, "time": 1789707479.3899257, "cuda_visible_devices": "2", "allocated_gib": 3.7957167625427246, "reserved_gib": 5.978515625, "peak_allocated_gib": 7.100411891937256, "gpu_time_budget": null, "module": "model.layers.11.mlp.down_proj", "step": 8192}
Evaluation segment 1/1: start=0, windows=8, seqlen=2048
{"stage": "sequential-module-completed", "pid": 4075184, "time": 1789707485.1184812, "cuda_visible_devices": "2", "allocated_gib": 3.7957167625427246, "reserved_gib": 5.978515625, "peak_allocated_gib": 7.100411891937256, "gpu_time_budget": null, "module": "model.layers.11.mlp.down_proj", "completed": 12, "total": 28, "selected_train_nll": 2.6712174324715403, "elapsed_seconds": 757.8454788289964}
{"stage": "sequential-round-fit", "pid": 4075184, "time": 1789707491.8697922, "cuda_visible_devices": "2", "allocated_gib": 3.7957167625427246, "reserved_gib": 5.978515625, "peak_allocated_gib": 7.100411891937256, "gpu_time_budget": null, "module": "model.layers.12.mlp.down_proj", "fit_rows": 49152, "heldout_rows": 16384}
{"stage": "sequential-round-coordinate", "pid": 4075184, "time": 1789707493.1359646, "cuda_visible_devices": "2", "allocated_gib": 5.225467205047607, "reserved_gib": 8.228515625, "peak_allocated_gib": 7.100411891937256, "gpu_time_budget": null, "module": "model.layers.12.mlp.down_proj", "step": 128}
{"stage": "sequential-round-coordinate", "pid": 4075184, "time": 1789707494.0915623, "cuda_visible_devices": "2", "allocated_gib": 5.225467205047607, "reserved_gib": 8.228515625, "peak_allocated_gib": 7.100411891937256, "gpu_time_budget": null, "module": "model.layers.12.mlp.down_proj", "step": 256}
{"stage": "sequential-round-coordinate", "pid": 4075184, "time": 1789707495.0567687, "cuda_visible_devices": "2", "allocated_gib": 5.225467205047607, "reserved_gib": 8.228515625, "peak_allocated_gib": 7.100411891937256, "gpu_time_budget": null, "module": "model.layers.12.mlp.down_proj", "step": 384}
{"stage": "sequential-round-coordinate", "pid": 4075184, "time": 1789707496.1037552, "cuda_visible_devices": "2", "allocated_gib": 5.225467205047607, "reserved_gib": 8.228515625, "peak_allocated_gib": 7.100411891937256, "gpu_time_budget": null, "module": "model.layers.12.mlp.down_proj", "step": 512}
{"stage": "sequential-round-coordinate", "pid": 4075184, "time": 1789707497.0619388, "cuda_visible_devices": "2", "allocated_gib": 5.225467205047607, "reserved_gib": 8.228515625, "peak_allocated_gib": 7.100411891937256, "gpu_time_budget": null, "module": "model.layers.12.mlp.down_proj", "step": 640}
{"stage": "sequential-round-coordinate", "pid": 4075184, "time": 1789707498.0218976, "cuda_visible_devices": "2", "allocated_gib": 5.225467205047607, "reserved_gib": 8.228515625, "peak_allocated_gib": 7.100411891937256, "gpu_time_budget": null, "module": "model.layers.12.mlp.down_proj", "step": 768}
{"stage": "sequential-round-coordinate", "pid": 4075184, "time": 1789707498.9808156, "cuda_visible_devices": "2", "allocated_gib": 5.225467205047607, "reserved_gib": 8.228515625, "peak_allocated_gib": 7.100411891937256, "gpu_time_budget": null, "module": "model.layers.12.mlp.down_proj", "step": 896}
{"stage": "sequential-round-coordinate", "pid": 4075184, "time": 1789707499.9412203, "cuda_visible_devices": "2", "allocated_gib": 5.225467205047607, "reserved_gib": 8.228515625, "peak_allocated_gib": 7.100411891937256, "gpu_time_budget": null, "module": "model.layers.12.mlp.down_proj", "step": 1024}
{"stage": "sequential-round-coordinate", "pid": 4075184, "time": 1789707500.898825, "cuda_visible_devices": "2", "allocated_gib": 5.225467205047607, "reserved_gib": 8.228515625, "peak_allocated_gib": 7.100411891937256, "gpu_time_budget": null, "module": "model.layers.12.mlp.down_proj", "step": 1152}
{"stage": "sequential-round-coordinate", "pid": 4075184, "time": 1789707501.854729, "cuda_visible_devices": "2", "allocated_gib": 5.225467205047607, "reserved_gib": 8.228515625, "peak_allocated_gib": 7.100411891937256, "gpu_time_budget": null, "module": "model.layers.12.mlp.down_proj", "step": 1280}
{"stage": "sequential-round-coordinate", "pid": 4075184, "time": 1789707502.8106248, "cuda_visible_devices": "2", "allocated_gib": 5.225467205047607, "reserved_gib": 8.228515625, "peak_allocated_gib": 7.100411891937256, "gpu_time_budget": null, "module": "model.layers.12.mlp.down_proj", "step": 1408}
{"stage": "sequential-round-coordinate", "pid": 4075184, "time": 1789707503.767765, "cuda_visible_devices": "2", "allocated_gib": 5.225467205047607, "reserved_gib": 8.228515625, "peak_allocated_gib": 7.100411891937256, "gpu_time_budget": null, "module": "model.layers.12.mlp.down_proj", "step": 1536}
{"stage": "sequential-round-coordinate", "pid": 4075184, "time": 1789707504.727571, "cuda_visible_devices": "2", "allocated_gib": 5.225467205047607, "reserved_gib": 8.228515625, "peak_allocated_gib": 7.100411891937256, "gpu_time_budget": null, "module": "model.layers.12.mlp.down_proj", "step": 1664}
{"stage": "sequential-round-coordinate", "pid": 4075184, "time": 1789707505.6848576, "cuda_visible_devices": "2", "allocated_gib": 5.225467205047607, "reserved_gib": 8.228515625, "peak_allocated_gib": 7.100411891937256, "gpu_time_budget": null, "module": "model.layers.12.mlp.down_proj", "step": 1792}
{"stage": "sequential-round-coordinate", "pid": 4075184, "time": 1789707506.641016, "cuda_visible_devices": "2", "allocated_gib": 5.225467205047607, "reserved_gib": 8.228515625, "peak_allocated_gib": 7.100411891937256, "gpu_time_budget": null, "module": "model.layers.12.mlp.down_proj", "step": 1920}
{"stage": "sequential-round-coordinate", "pid": 4075184, "time": 1789707507.6885903, "cuda_visible_devices": "2", "allocated_gib": 5.225467205047607, "reserved_gib": 8.228515625, "peak_allocated_gib": 7.100411891937256, "gpu_time_budget": null, "module": "model.layers.12.mlp.down_proj", "step": 2048}
{"stage": "sequential-round-coordinate", "pid": 4075184, "time": 1789707508.6468158, "cuda_visible_devices": "2", "allocated_gib": 5.225467205047607, "reserved_gib": 8.228515625, "peak_allocated_gib": 7.100411891937256, "gpu_time_budget": null, "module": "model.layers.12.mlp.down_proj", "step": 2176}
{"stage": "sequential-round-coordinate", "pid": 4075184, "time": 1789707509.6033702, "cuda_visible_devices": "2", "allocated_gib": 5.225467205047607, "reserved_gib": 8.228515625, "peak_allocated_gib": 7.100411891937256, "gpu_time_budget": null, "module": "model.layers.12.mlp.down_proj", "step": 2304}
{"stage": "sequential-round-coordinate", "pid": 4075184, "time": 1789707510.559087, "cuda_visible_devices": "2", "allocated_gib": 5.225467205047607, "reserved_gib": 8.228515625, "peak_allocated_gib": 7.100411891937256, "gpu_time_budget": null, "module": "model.layers.12.mlp.down_proj", "step": 2432}
{"stage": "sequential-round-coordinate", "pid": 4075184, "time": 1789707511.5187116, "cuda_visible_devices": "2", "allocated_gib": 5.225467205047607, "reserved_gib": 8.228515625, "peak_allocated_gib": 7.100411891937256, "gpu_time_budget": null, "module": "model.layers.12.mlp.down_proj", "step": 2560}
{"stage": "sequential-round-coordinate", "pid": 4075184, "time": 1789707512.4756498, "cuda_visible_devices": "2", "allocated_gib": 5.225467205047607, "reserved_gib": 8.228515625, "peak_allocated_gib": 7.100411891937256, "gpu_time_budget": null, "module": "model.layers.12.mlp.down_proj", "step": 2688}
{"stage": "sequential-round-coordinate", "pid": 4075184, "time": 1789707513.4292767, "cuda_visible_devices": "2", "allocated_gib": 5.225467205047607, "reserved_gib": 8.228515625, "peak_allocated_gib": 7.100411891937256, "gpu_time_budget": null, "module": "model.layers.12.mlp.down_proj", "step": 2816}
{"stage": "sequential-round-coordinate", "pid": 4075184, "time": 1789707514.3836951, "cuda_visible_devices": "2", "allocated_gib": 5.225467205047607, "reserved_gib": 8.228515625, "peak_allocated_gib": 7.100411891937256, "gpu_time_budget": null, "module": "model.layers.12.mlp.down_proj", "step": 2944}
{"stage": "sequential-round-coordinate", "pid": 4075184, "time": 1789707515.337242, "cuda_visible_devices": "2", "allocated_gib": 5.225467205047607, "reserved_gib": 8.228515625, "peak_allocated_gib": 7.100411891937256, "gpu_time_budget": null, "module": "model.layers.12.mlp.down_proj", "step": 3072}
{"stage": "sequential-round-coordinate", "pid": 4075184, "time": 1789707516.2899778, "cuda_visible_devices": "2", "allocated_gib": 5.225467205047607, "reserved_gib": 8.228515625, "peak_allocated_gib": 7.100411891937256, "gpu_time_budget": null, "module": "model.layers.12.mlp.down_proj", "step": 3200}
{"stage": "sequential-round-coordinate", "pid": 4075184, "time": 1789707517.243096, "cuda_visible_devices": "2", "allocated_gib": 5.225467205047607, "reserved_gib": 8.228515625, "peak_allocated_gib": 7.100411891937256, "gpu_time_budget": null, "module": "model.layers.12.mlp.down_proj", "step": 3328}
{"stage": "sequential-round-coordinate", "pid": 4075184, "time": 1789707518.199655, "cuda_visible_devices": "2", "allocated_gib": 5.225467205047607, "reserved_gib": 8.228515625, "peak_allocated_gib": 7.100411891937256, "gpu_time_budget": null, "module": "model.layers.12.mlp.down_proj", "step": 3456}
{"stage": "sequential-round-coordinate", "pid": 4075184, "time": 1789707519.1555083, "cuda_visible_devices": "2", "allocated_gib": 5.225467205047607, "reserved_gib": 8.228515625, "peak_allocated_gib": 7.100411891937256, "gpu_time_budget": null, "module": "model.layers.12.mlp.down_proj", "step": 3584}
{"stage": "sequential-round-coordinate", "pid": 4075184, "time": 1789707520.1048374, "cuda_visible_devices": "2", "allocated_gib": 5.225467205047607, "reserved_gib": 8.228515625, "peak_allocated_gib": 7.100411891937256, "gpu_time_budget": null, "module": "model.layers.12.mlp.down_proj", "step": 3712}
{"stage": "sequential-round-coordinate", "pid": 4075184, "time": 1789707521.0589435, "cuda_visible_devices": "2", "allocated_gib": 5.225467205047607, "reserved_gib": 8.228515625, "peak_allocated_gib": 7.100411891937256, "gpu_time_budget": null, "module": "model.layers.12.mlp.down_proj", "step": 3840}
{"stage": "sequential-round-coordinate", "pid": 4075184, "time": 1789707522.012346, "cuda_visible_devices": "2", "allocated_gib": 5.225467205047607, "reserved_gib": 8.228515625, "peak_allocated_gib": 7.100411891937256, "gpu_time_budget": null, "module": "model.layers.12.mlp.down_proj", "step": 3968}
{"stage": "sequential-round-coordinate", "pid": 4075184, "time": 1789707522.9664612, "cuda_visible_devices": "2", "allocated_gib": 5.225467205047607, "reserved_gib": 8.228515625, "peak_allocated_gib": 7.100411891937256, "gpu_time_budget": null, "module": "model.layers.12.mlp.down_proj", "step": 4096}
{"stage": "sequential-round-coordinate", "pid": 4075184, "time": 1789707523.9218283, "cuda_visible_devices": "2", "allocated_gib": 5.225467205047607, "reserved_gib": 8.228515625, "peak_allocated_gib": 7.100411891937256, "gpu_time_budget": null, "module": "model.layers.12.mlp.down_proj", "step": 4224}
{"stage": "sequential-round-coordinate", "pid": 4075184, "time": 1789707524.8773618, "cuda_visible_devices": "2", "allocated_gib": 5.225467205047607, "reserved_gib": 8.228515625, "peak_allocated_gib": 7.100411891937256, "gpu_time_budget": null, "module": "model.layers.12.mlp.down_proj", "step": 4352}
{"stage": "sequential-round-coordinate", "pid": 4075184, "time": 1789707525.834766, "cuda_visible_devices": "2", "allocated_gib": 5.225467205047607, "reserved_gib": 8.228515625, "peak_allocated_gib": 7.100411891937256, "gpu_time_budget": null, "module": "model.layers.12.mlp.down_proj", "step": 4480}
{"stage": "sequential-round-coordinate", "pid": 4075184, "time": 1789707526.7881405, "cuda_visible_devices": "2", "allocated_gib": 5.225467205047607, "reserved_gib": 8.228515625, "peak_allocated_gib": 7.100411891937256, "gpu_time_budget": null, "module": "model.layers.12.mlp.down_proj", "step": 4608}
{"stage": "sequential-round-coordinate", "pid": 4075184, "time": 1789707527.7381458, "cuda_visible_devices": "2", "allocated_gib": 5.225467205047607, "reserved_gib": 8.228515625, "peak_allocated_gib": 7.100411891937256, "gpu_time_budget": null, "module": "model.layers.12.mlp.down_proj", "step": 4736}
{"stage": "sequential-round-coordinate", "pid": 4075184, "time": 1789707528.6870613, "cuda_visible_devices": "2", "allocated_gib": 5.225467205047607, "reserved_gib": 8.228515625, "peak_allocated_gib": 7.100411891937256, "gpu_time_budget": null, "module": "model.layers.12.mlp.down_proj", "step": 4864}
{"stage": "sequential-round-coordinate", "pid": 4075184, "time": 1789707529.6360822, "cuda_visible_devices": "2", "allocated_gib": 5.225467205047607, "reserved_gib": 8.228515625, "peak_allocated_gib": 7.100411891937256, "gpu_time_budget": null, "module": "model.layers.12.mlp.down_proj", "step": 4992}
{"stage": "sequential-round-coordinate", "pid": 4075184, "time": 1789707530.5858555, "cuda_visible_devices": "2", "allocated_gib": 5.225467205047607, "reserved_gib": 8.228515625, "peak_allocated_gib": 7.100411891937256, "gpu_time_budget": null, "module": "model.layers.12.mlp.down_proj", "step": 5120}
{"stage": "sequential-round-coordinate", "pid": 4075184, "time": 1789707531.5358598, "cuda_visible_devices": "2", "allocated_gib": 5.225467205047607, "reserved_gib": 8.228515625, "peak_allocated_gib": 7.100411891937256, "gpu_time_budget": null, "module": "model.layers.12.mlp.down_proj", "step": 5248}
{"stage": "sequential-round-coordinate", "pid": 4075184, "time": 1789707532.2584178, "cuda_visible_devices": "2", "allocated_gib": 5.225467205047607, "reserved_gib": 8.228515625, "peak_allocated_gib": 7.100411891937256, "gpu_time_budget": null, "module": "model.layers.12.mlp.down_proj", "step": 5376}
{"stage": "sequential-round-coordinate", "pid": 4075184, "time": 1789707532.9760315, "cuda_visible_devices": "2", "allocated_gib": 5.225467205047607, "reserved_gib": 8.228515625, "peak_allocated_gib": 7.100411891937256, "gpu_time_budget": null, "module": "model.layers.12.mlp.down_proj", "step": 5504}
{"stage": "sequential-round-coordinate", "pid": 4075184, "time": 1789707533.6935208, "cuda_visible_devices": "2", "allocated_gib": 5.225467205047607, "reserved_gib": 8.228515625, "peak_allocated_gib": 7.100411891937256, "gpu_time_budget": null, "module": "model.layers.12.mlp.down_proj", "step": 5632}
{"stage": "sequential-round-coordinate", "pid": 4075184, "time": 1789707534.4087274, "cuda_visible_devices": "2", "allocated_gib": 5.225467205047607, "reserved_gib": 8.228515625, "peak_allocated_gib": 7.100411891937256, "gpu_time_budget": null, "module": "model.layers.12.mlp.down_proj", "step": 5760}
{"stage": "sequential-round-coordinate", "pid": 4075184, "time": 1789707535.125452, "cuda_visible_devices": "2", "allocated_gib": 5.225467205047607, "reserved_gib": 8.228515625, "peak_allocated_gib": 7.100411891937256, "gpu_time_budget": null, "module": "model.layers.12.mlp.down_proj", "step": 5888}
{"stage": "sequential-round-coordinate", "pid": 4075184, "time": 1789707535.843014, "cuda_visible_devices": "2", "allocated_gib": 5.225467205047607, "reserved_gib": 8.228515625, "peak_allocated_gib": 7.100411891937256, "gpu_time_budget": null, "module": "model.layers.12.mlp.down_proj", "step": 6016}
{"stage": "sequential-round-coordinate", "pid": 4075184, "time": 1789707536.5562255, "cuda_visible_devices": "2", "allocated_gib": 5.225467205047607, "reserved_gib": 8.228515625, "peak_allocated_gib": 7.100411891937256, "gpu_time_budget": null, "module": "model.layers.12.mlp.down_proj", "step": 6144}
{"stage": "sequential-round-coordinate", "pid": 4075184, "time": 1789707537.278663, "cuda_visible_devices": "2", "allocated_gib": 5.225467205047607, "reserved_gib": 8.228515625, "peak_allocated_gib": 7.100411891937256, "gpu_time_budget": null, "module": "model.layers.12.mlp.down_proj", "step": 6272}
{"stage": "sequential-round-coordinate", "pid": 4075184, "time": 1789707537.9729369, "cuda_visible_devices": "2", "allocated_gib": 5.225467205047607, "reserved_gib": 8.228515625, "peak_allocated_gib": 7.100411891937256, "gpu_time_budget": null, "module": "model.layers.12.mlp.down_proj", "step": 6400}
{"stage": "sequential-round-coordinate", "pid": 4075184, "time": 1789707538.689823, "cuda_visible_devices": "2", "allocated_gib": 5.225467205047607, "reserved_gib": 8.228515625, "peak_allocated_gib": 7.100411891937256, "gpu_time_budget": null, "module": "model.layers.12.mlp.down_proj", "step": 6528}
{"stage": "sequential-round-coordinate", "pid": 4075184, "time": 1789707539.4036818, "cuda_visible_devices": "2", "allocated_gib": 5.225467205047607, "reserved_gib": 8.228515625, "peak_allocated_gib": 7.100411891937256, "gpu_time_budget": null, "module": "model.layers.12.mlp.down_proj", "step": 6656}
{"stage": "sequential-round-coordinate", "pid": 4075184, "time": 1789707540.1212995, "cuda_visible_devices": "2", "allocated_gib": 5.225467205047607, "reserved_gib": 8.228515625, "peak_allocated_gib": 7.100411891937256, "gpu_time_budget": null, "module": "model.layers.12.mlp.down_proj", "step": 6784}
{"stage": "sequential-round-coordinate", "pid": 4075184, "time": 1789707540.8390996, "cuda_visible_devices": "2", "allocated_gib": 5.225467205047607, "reserved_gib": 8.228515625, "peak_allocated_gib": 7.100411891937256, "gpu_time_budget": null, "module": "model.layers.12.mlp.down_proj", "step": 6912}
{"stage": "sequential-round-coordinate", "pid": 4075184, "time": 1789707541.556729, "cuda_visible_devices": "2", "allocated_gib": 5.225467205047607, "reserved_gib": 8.228515625, "peak_allocated_gib": 7.100411891937256, "gpu_time_budget": null, "module": "model.layers.12.mlp.down_proj", "step": 7040}
{"stage": "sequential-round-coordinate", "pid": 4075184, "time": 1789707542.2734046, "cuda_visible_devices": "2", "allocated_gib": 5.225467205047607, "reserved_gib": 8.228515625, "peak_allocated_gib": 7.100411891937256, "gpu_time_budget": null, "module": "model.layers.12.mlp.down_proj", "step": 7168}
{"stage": "sequential-round-coordinate", "pid": 4075184, "time": 1789707542.9906654, "cuda_visible_devices": "2", "allocated_gib": 5.225467205047607, "reserved_gib": 8.228515625, "peak_allocated_gib": 7.100411891937256, "gpu_time_budget": null, "module": "model.layers.12.mlp.down_proj", "step": 7296}
{"stage": "sequential-round-coordinate", "pid": 4075184, "time": 1789707543.6965842, "cuda_visible_devices": "2", "allocated_gib": 5.225467205047607, "reserved_gib": 8.228515625, "peak_allocated_gib": 7.100411891937256, "gpu_time_budget": null, "module": "model.layers.12.mlp.down_proj", "step": 7424}
{"stage": "sequential-round-coordinate", "pid": 4075184, "time": 1789707544.414777, "cuda_visible_devices": "2", "allocated_gib": 5.225467205047607, "reserved_gib": 8.228515625, "peak_allocated_gib": 7.100411891937256, "gpu_time_budget": null, "module": "model.layers.12.mlp.down_proj", "step": 7552}
{"stage": "sequential-round-coordinate", "pid": 4075184, "time": 1789707545.131617, "cuda_visible_devices": "2", "allocated_gib": 5.225467205047607, "reserved_gib": 8.228515625, "peak_allocated_gib": 7.100411891937256, "gpu_time_budget": null, "module": "model.layers.12.mlp.down_proj", "step": 7680}
{"stage": "sequential-round-coordinate", "pid": 4075184, "time": 1789707545.8481212, "cuda_visible_devices": "2", "allocated_gib": 5.225467205047607, "reserved_gib": 8.228515625, "peak_allocated_gib": 7.100411891937256, "gpu_time_budget": null, "module": "model.layers.12.mlp.down_proj", "step": 7808}
{"stage": "sequential-round-coordinate", "pid": 4075184, "time": 1789707546.568263, "cuda_visible_devices": "2", "allocated_gib": 5.225467205047607, "reserved_gib": 8.228515625, "peak_allocated_gib": 7.100411891937256, "gpu_time_budget": null, "module": "model.layers.12.mlp.down_proj", "step": 7936}
{"stage": "sequential-round-coordinate", "pid": 4075184, "time": 1789707547.2851415, "cuda_visible_devices": "2", "allocated_gib": 5.225467205047607, "reserved_gib": 8.228515625, "peak_allocated_gib": 7.100411891937256, "gpu_time_budget": null, "module": "model.layers.12.mlp.down_proj", "step": 8064}
{"stage": "sequential-round-coordinate", "pid": 4075184, "time": 1789707548.0691345, "cuda_visible_devices": "2", "allocated_gib": 5.225467205047607, "reserved_gib": 8.228515625, "peak_allocated_gib": 7.100411891937256, "gpu_time_budget": null, "module": "model.layers.12.mlp.down_proj", "step": 8192}
{"stage": "sequential-round-train-nll", "pid": 4075184, "time": 1789707548.121705, "cuda_visible_devices": "2", "allocated_gib": 3.7957167625427246, "reserved_gib": 3.80078125, "peak_allocated_gib": 7.100411891937256, "gpu_time_budget": null, "module": "model.layers.12.mlp.down_proj", "step": 512}
Evaluation segment 1/1: start=0, windows=8, seqlen=2048
{"stage": "sequential-round-train-nll", "pid": 4075184, "time": 1789707551.1994317, "cuda_visible_devices": "2", "allocated_gib": 3.7957167625427246, "reserved_gib": 5.978515625, "peak_allocated_gib": 7.100411891937256, "gpu_time_budget": null, "module": "model.layers.12.mlp.down_proj", "step": 2048}
Evaluation segment 1/1: start=0, windows=8, seqlen=2048
{"stage": "sequential-round-train-nll", "pid": 4075184, "time": 1789707554.8076582, "cuda_visible_devices": "2", "allocated_gib": 3.7957167625427246, "reserved_gib": 5.978515625, "peak_allocated_gib": 7.100411891937256, "gpu_time_budget": null, "module": "model.layers.12.mlp.down_proj", "step": 8192}
Evaluation segment 1/1: start=0, windows=8, seqlen=2048
{"stage": "sequential-module-completed", "pid": 4075184, "time": 1789707560.5366051, "cuda_visible_devices": "2", "allocated_gib": 3.7957167625427246, "reserved_gib": 5.978515625, "peak_allocated_gib": 7.100411891937256, "gpu_time_budget": null, "module": "model.layers.12.mlp.down_proj", "completed": 13, "total": 28, "selected_train_nll": 2.6704917002720743, "elapsed_seconds": 833.2635977749014}
{"stage": "sequential-round-fit", "pid": 4075184, "time": 1789707567.745828, "cuda_visible_devices": "2", "allocated_gib": 3.7957167625427246, "reserved_gib": 5.978515625, "peak_allocated_gib": 7.100411891937256, "gpu_time_budget": null, "module": "model.layers.13.mlp.down_proj", "fit_rows": 49152, "heldout_rows": 16384}
{"stage": "sequential-round-coordinate", "pid": 4075184, "time": 1789707569.0025842, "cuda_visible_devices": "2", "allocated_gib": 5.225467205047607, "reserved_gib": 8.228515625, "peak_allocated_gib": 7.100411891937256, "gpu_time_budget": null, "module": "model.layers.13.mlp.down_proj", "step": 128}
{"stage": "sequential-round-coordinate", "pid": 4075184, "time": 1789707569.9602408, "cuda_visible_devices": "2", "allocated_gib": 5.225467205047607, "reserved_gib": 8.228515625, "peak_allocated_gib": 7.100411891937256, "gpu_time_budget": null, "module": "model.layers.13.mlp.down_proj", "step": 256}
{"stage": "sequential-round-coordinate", "pid": 4075184, "time": 1789707570.910318, "cuda_visible_devices": "2", "allocated_gib": 5.225467205047607, "reserved_gib": 8.228515625, "peak_allocated_gib": 7.100411891937256, "gpu_time_budget": null, "module": "model.layers.13.mlp.down_proj", "step": 384}
{"stage": "sequential-round-coordinate", "pid": 4075184, "time": 1789707571.9451609, "cuda_visible_devices": "2", "allocated_gib": 5.225467205047607, "reserved_gib": 8.228515625, "peak_allocated_gib": 7.100411891937256, "gpu_time_budget": null, "module": "model.layers.13.mlp.down_proj", "step": 512}
{"stage": "sequential-round-coordinate", "pid": 4075184, "time": 1789707572.898004, "cuda_visible_devices": "2", "allocated_gib": 5.225467205047607, "reserved_gib": 8.228515625, "peak_allocated_gib": 7.100411891937256, "gpu_time_budget": null, "module": "model.layers.13.mlp.down_proj", "step": 640}
{"stage": "sequential-round-coordinate", "pid": 4075184, "time": 1789707573.8508623, "cuda_visible_devices": "2", "allocated_gib": 5.225467205047607, "reserved_gib": 8.228515625, "peak_allocated_gib": 7.100411891937256, "gpu_time_budget": null, "module": "model.layers.13.mlp.down_proj", "step": 768}
{"stage": "sequential-round-coordinate", "pid": 4075184, "time": 1789707574.8074734, "cuda_visible_devices": "2", "allocated_gib": 5.225467205047607, "reserved_gib": 8.228515625, "peak_allocated_gib": 7.100411891937256, "gpu_time_budget": null, "module": "model.layers.13.mlp.down_proj", "step": 896}
{"stage": "sequential-round-coordinate", "pid": 4075184, "time": 1789707575.768304, "cuda_visible_devices": "2", "allocated_gib": 5.225467205047607, "reserved_gib": 8.228515625, "peak_allocated_gib": 7.100411891937256, "gpu_time_budget": null, "module": "model.layers.13.mlp.down_proj", "step": 1024}
{"stage": "sequential-round-coordinate", "pid": 4075184, "time": 1789707576.7269359, "cuda_visible_devices": "2", "allocated_gib": 5.225467205047607, "reserved_gib": 8.228515625, "peak_allocated_gib": 7.100411891937256, "gpu_time_budget": null, "module": "model.layers.13.mlp.down_proj", "step": 1152}
{"stage": "sequential-round-coordinate", "pid": 4075184, "time": 1789707577.6891887, "cuda_visible_devices": "2", "allocated_gib": 5.225467205047607, "reserved_gib": 8.228515625, "peak_allocated_gib": 7.100411891937256, "gpu_time_budget": null, "module": "model.layers.13.mlp.down_proj", "step": 1280}
{"stage": "sequential-round-coordinate", "pid": 4075184, "time": 1789707578.6524787, "cuda_visible_devices": "2", "allocated_gib": 5.225467205047607, "reserved_gib": 8.228515625, "peak_allocated_gib": 7.100411891937256, "gpu_time_budget": null, "module": "model.layers.13.mlp.down_proj", "step": 1408}
{"stage": "sequential-round-coordinate", "pid": 4075184, "time": 1789707579.6126444, "cuda_visible_devices": "2", "allocated_gib": 5.225467205047607, "reserved_gib": 8.228515625, "peak_allocated_gib": 7.100411891937256, "gpu_time_budget": null, "module": "model.layers.13.mlp.down_proj", "step": 1536}
{"stage": "sequential-round-coordinate", "pid": 4075184, "time": 1789707580.566979, "cuda_visible_devices": "2", "allocated_gib": 5.225467205047607, "reserved_gib": 8.228515625, "peak_allocated_gib": 7.100411891937256, "gpu_time_budget": null, "module": "model.layers.13.mlp.down_proj", "step": 1664}
{"stage": "sequential-round-coordinate", "pid": 4075184, "time": 1789707581.5221224, "cuda_visible_devices": "2", "allocated_gib": 5.225467205047607, "reserved_gib": 8.228515625, "peak_allocated_gib": 7.100411891937256, "gpu_time_budget": null, "module": "model.layers.13.mlp.down_proj", "step": 1792}
{"stage": "sequential-round-coordinate", "pid": 4075184, "time": 1789707582.482525, "cuda_visible_devices": "2", "allocated_gib": 5.225467205047607, "reserved_gib": 8.228515625, "peak_allocated_gib": 7.100411891937256, "gpu_time_budget": null, "module": "model.layers.13.mlp.down_proj", "step": 1920}
{"stage": "sequential-round-coordinate", "pid": 4075184, "time": 1789707583.5218487, "cuda_visible_devices": "2", "allocated_gib": 5.225467205047607, "reserved_gib": 8.228515625, "peak_allocated_gib": 7.100411891937256, "gpu_time_budget": null, "module": "model.layers.13.mlp.down_proj", "step": 2048}
{"stage": "sequential-round-coordinate", "pid": 4075184, "time": 1789707584.4751601, "cuda_visible_devices": "2", "allocated_gib": 5.225467205047607, "reserved_gib": 8.228515625, "peak_allocated_gib": 7.100411891937256, "gpu_time_budget": null, "module": "model.layers.13.mlp.down_proj", "step": 2176}
{"stage": "sequential-round-coordinate", "pid": 4075184, "time": 1789707585.434233, "cuda_visible_devices": "2", "allocated_gib": 5.225467205047607, "reserved_gib": 8.228515625, "peak_allocated_gib": 7.100411891937256, "gpu_time_budget": null, "module": "model.layers.13.mlp.down_proj", "step": 2304}
{"stage": "sequential-round-coordinate", "pid": 4075184, "time": 1789707586.390487, "cuda_visible_devices": "2", "allocated_gib": 5.225467205047607, "reserved_gib": 8.228515625, "peak_allocated_gib": 7.100411891937256, "gpu_time_budget": null, "module": "model.layers.13.mlp.down_proj", "step": 2432}
{"stage": "sequential-round-coordinate", "pid": 4075184, "time": 1789707587.3502748, "cuda_visible_devices": "2", "allocated_gib": 5.225467205047607, "reserved_gib": 8.228515625, "peak_allocated_gib": 7.100411891937256, "gpu_time_budget": null, "module": "model.layers.13.mlp.down_proj", "step": 2560}
{"stage": "sequential-round-coordinate", "pid": 4075184, "time": 1789707588.308066, "cuda_visible_devices": "2", "allocated_gib": 5.225467205047607, "reserved_gib": 8.228515625, "peak_allocated_gib": 7.100411891937256, "gpu_time_budget": null, "module": "model.layers.13.mlp.down_proj", "step": 2688}
{"stage": "sequential-round-coordinate", "pid": 4075184, "time": 1789707589.258447, "cuda_visible_devices": "2", "allocated_gib": 5.225467205047607, "reserved_gib": 8.228515625, "peak_allocated_gib": 7.100411891937256, "gpu_time_budget": null, "module": "model.layers.13.mlp.down_proj", "step": 2816}
{"stage": "sequential-round-coordinate", "pid": 4075184, "time": 1789707590.2102726, "cuda_visible_devices": "2", "allocated_gib": 5.225467205047607, "reserved_gib": 8.228515625, "peak_allocated_gib": 7.100411891937256, "gpu_time_budget": null, "module": "model.layers.13.mlp.down_proj", "step": 2944}
{"stage": "sequential-round-coordinate", "pid": 4075184, "time": 1789707591.1664128, "cuda_visible_devices": "2", "allocated_gib": 5.225467205047607, "reserved_gib": 8.228515625, "peak_allocated_gib": 7.100411891937256, "gpu_time_budget": null, "module": "model.layers.13.mlp.down_proj", "step": 3072}
{"stage": "sequential-round-coordinate", "pid": 4075184, "time": 1789707592.1207774, "cuda_visible_devices": "2", "allocated_gib": 5.225467205047607, "reserved_gib": 8.228515625, "peak_allocated_gib": 7.100411891937256, "gpu_time_budget": null, "module": "model.layers.13.mlp.down_proj", "step": 3200}
{"stage": "sequential-round-coordinate", "pid": 4075184, "time": 1789707593.0814624, "cuda_visible_devices": "2", "allocated_gib": 5.225467205047607, "reserved_gib": 8.228515625, "peak_allocated_gib": 7.100411891937256, "gpu_time_budget": null, "module": "model.layers.13.mlp.down_proj", "step": 3328}
{"stage": "sequential-round-coordinate", "pid": 4075184, "time": 1789707594.0306737, "cuda_visible_devices": "2", "allocated_gib": 5.225467205047607, "reserved_gib": 8.228515625, "peak_allocated_gib": 7.100411891937256, "gpu_time_budget": null, "module": "model.layers.13.mlp.down_proj", "step": 3456}
{"stage": "sequential-round-coordinate", "pid": 4075184, "time": 1789707594.9820008, "cuda_visible_devices": "2", "allocated_gib": 5.225467205047607, "reserved_gib": 8.228515625, "peak_allocated_gib": 7.100411891937256, "gpu_time_budget": null, "module": "model.layers.13.mlp.down_proj", "step": 3584}
{"stage": "sequential-round-coordinate", "pid": 4075184, "time": 1789707595.9331675, "cuda_visible_devices": "2", "allocated_gib": 5.225467205047607, "reserved_gib": 8.228515625, "peak_allocated_gib": 7.100411891937256, "gpu_time_budget": null, "module": "model.layers.13.mlp.down_proj", "step": 3712}
{"stage": "sequential-round-coordinate", "pid": 4075184, "time": 1789707596.8848133, "cuda_visible_devices": "2", "allocated_gib": 5.225467205047607, "reserved_gib": 8.228515625, "peak_allocated_gib": 7.100411891937256, "gpu_time_budget": null, "module": "model.layers.13.mlp.down_proj", "step": 3840}
{"stage": "sequential-round-coordinate", "pid": 4075184, "time": 1789707597.8351367, "cuda_visible_devices": "2", "allocated_gib": 5.225467205047607, "reserved_gib": 8.228515625, "peak_allocated_gib": 7.100411891937256, "gpu_time_budget": null, "module": "model.layers.13.mlp.down_proj", "step": 3968}
{"stage": "sequential-round-coordinate", "pid": 4075184, "time": 1789707598.7856436, "cuda_visible_devices": "2", "allocated_gib": 5.225467205047607, "reserved_gib": 8.228515625, "peak_allocated_gib": 7.100411891937256, "gpu_time_budget": null, "module": "model.layers.13.mlp.down_proj", "step": 4096}
{"stage": "sequential-round-coordinate", "pid": 4075184, "time": 1789707599.7360346, "cuda_visible_devices": "2", "allocated_gib": 5.225467205047607, "reserved_gib": 8.228515625, "peak_allocated_gib": 7.100411891937256, "gpu_time_budget": null, "module": "model.layers.13.mlp.down_proj", "step": 4224}
{"stage": "sequential-round-coordinate", "pid": 4075184, "time": 1789707600.6856675, "cuda_visible_devices": "2", "allocated_gib": 5.225467205047607, "reserved_gib": 8.228515625, "peak_allocated_gib": 7.100411891937256, "gpu_time_budget": null, "module": "model.layers.13.mlp.down_proj", "step": 4352}
{"stage": "sequential-round-coordinate", "pid": 4075184, "time": 1789707601.6342673, "cuda_visible_devices": "2", "allocated_gib": 5.225467205047607, "reserved_gib": 8.228515625, "peak_allocated_gib": 7.100411891937256, "gpu_time_budget": null, "module": "model.layers.13.mlp.down_proj", "step": 4480}
{"stage": "sequential-round-coordinate", "pid": 4075184, "time": 1789707602.586101, "cuda_visible_devices": "2", "allocated_gib": 5.225467205047607, "reserved_gib": 8.228515625, "peak_allocated_gib": 7.100411891937256, "gpu_time_budget": null, "module": "model.layers.13.mlp.down_proj", "step": 4608}
{"stage": "sequential-round-coordinate", "pid": 4075184, "time": 1789707603.5410335, "cuda_visible_devices": "2", "allocated_gib": 5.225467205047607, "reserved_gib": 8.228515625, "peak_allocated_gib": 7.100411891937256, "gpu_time_budget": null, "module": "model.layers.13.mlp.down_proj", "step": 4736}
{"stage": "sequential-round-coordinate", "pid": 4075184, "time": 1789707604.4944386, "cuda_visible_devices": "2", "allocated_gib": 5.225467205047607, "reserved_gib": 8.228515625, "peak_allocated_gib": 7.100411891937256, "gpu_time_budget": null, "module": "model.layers.13.mlp.down_proj", "step": 4864}
{"stage": "sequential-round-coordinate", "pid": 4075184, "time": 1789707605.454675, "cuda_visible_devices": "2", "allocated_gib": 5.225467205047607, "reserved_gib": 8.228515625, "peak_allocated_gib": 7.100411891937256, "gpu_time_budget": null, "module": "model.layers.13.mlp.down_proj", "step": 4992}
{"stage": "sequential-round-coordinate", "pid": 4075184, "time": 1789707606.4079955, "cuda_visible_devices": "2", "allocated_gib": 5.225467205047607, "reserved_gib": 8.228515625, "peak_allocated_gib": 7.100411891937256, "gpu_time_budget": null, "module": "model.layers.13.mlp.down_proj", "step": 5120}
{"stage": "sequential-round-coordinate", "pid": 4075184, "time": 1789707607.3638756, "cuda_visible_devices": "2", "allocated_gib": 5.225467205047607, "reserved_gib": 8.228515625, "peak_allocated_gib": 7.100411891937256, "gpu_time_budget": null, "module": "model.layers.13.mlp.down_proj", "step": 5248}
{"stage": "sequential-round-coordinate", "pid": 4075184, "time": 1789707608.319914, "cuda_visible_devices": "2", "allocated_gib": 5.225467205047607, "reserved_gib": 8.228515625, "peak_allocated_gib": 7.100411891937256, "gpu_time_budget": null, "module": "model.layers.13.mlp.down_proj", "step": 5376}
{"stage": "sequential-round-coordinate", "pid": 4075184, "time": 1789707609.2739663, "cuda_visible_devices": "2", "allocated_gib": 5.225467205047607, "reserved_gib": 8.228515625, "peak_allocated_gib": 7.100411891937256, "gpu_time_budget": null, "module": "model.layers.13.mlp.down_proj", "step": 5504}
{"stage": "sequential-round-coordinate", "pid": 4075184, "time": 1789707610.0147579, "cuda_visible_devices": "2", "allocated_gib": 5.225467205047607, "reserved_gib": 8.228515625, "peak_allocated_gib": 7.100411891937256, "gpu_time_budget": null, "module": "model.layers.13.mlp.down_proj", "step": 5632}
{"stage": "sequential-round-coordinate", "pid": 4075184, "time": 1789707610.741785, "cuda_visible_devices": "2", "allocated_gib": 5.225467205047607, "reserved_gib": 8.228515625, "peak_allocated_gib": 7.100411891937256, "gpu_time_budget": null, "module": "model.layers.13.mlp.down_proj", "step": 5760}
{"stage": "sequential-round-coordinate", "pid": 4075184, "time": 1789707611.4639134, "cuda_visible_devices": "2", "allocated_gib": 5.225467205047607, "reserved_gib": 8.228515625, "peak_allocated_gib": 7.100411891937256, "gpu_time_budget": null, "module": "model.layers.13.mlp.down_proj", "step": 5888}
{"stage": "sequential-round-coordinate", "pid": 4075184, "time": 1789707612.187225, "cuda_visible_devices": "2", "allocated_gib": 5.225467205047607, "reserved_gib": 8.228515625, "peak_allocated_gib": 7.100411891937256, "gpu_time_budget": null, "module": "model.layers.13.mlp.down_proj", "step": 6016}
{"stage": "sequential-round-coordinate", "pid": 4075184, "time": 1789707612.9120643, "cuda_visible_devices": "2", "allocated_gib": 5.225467205047607, "reserved_gib": 8.228515625, "peak_allocated_gib": 7.100411891937256, "gpu_time_budget": null, "module": "model.layers.13.mlp.down_proj", "step": 6144}
{"stage": "sequential-round-coordinate", "pid": 4075184, "time": 1789707613.634735, "cuda_visible_devices": "2", "allocated_gib": 5.225467205047607, "reserved_gib": 8.228515625, "peak_allocated_gib": 7.100411891937256, "gpu_time_budget": null, "module": "model.layers.13.mlp.down_proj", "step": 6272}
{"stage": "sequential-round-coordinate", "pid": 4075184, "time": 1789707614.366084, "cuda_visible_devices": "2", "allocated_gib": 5.225467205047607, "reserved_gib": 8.228515625, "peak_allocated_gib": 7.100411891937256, "gpu_time_budget": null, "module": "model.layers.13.mlp.down_proj", "step": 6400}
{"stage": "sequential-round-coordinate", "pid": 4075184, "time": 1789707615.0955598, "cuda_visible_devices": "2", "allocated_gib": 5.225467205047607, "reserved_gib": 8.228515625, "peak_allocated_gib": 7.100411891937256, "gpu_time_budget": null, "module": "model.layers.13.mlp.down_proj", "step": 6528}
{"stage": "sequential-round-coordinate", "pid": 4075184, "time": 1789707615.8144221, "cuda_visible_devices": "2", "allocated_gib": 5.225467205047607, "reserved_gib": 8.228515625, "peak_allocated_gib": 7.100411891937256, "gpu_time_budget": null, "module": "model.layers.13.mlp.down_proj", "step": 6656}
{"stage": "sequential-round-coordinate", "pid": 4075184, "time": 1789707616.5383444, "cuda_visible_devices": "2", "allocated_gib": 5.225467205047607, "reserved_gib": 8.228515625, "peak_allocated_gib": 7.100411891937256, "gpu_time_budget": null, "module": "model.layers.13.mlp.down_proj", "step": 6784}
{"stage": "sequential-round-coordinate", "pid": 4075184, "time": 1789707617.2580698, "cuda_visible_devices": "2", "allocated_gib": 5.225467205047607, "reserved_gib": 8.228515625, "peak_allocated_gib": 7.100411891937256, "gpu_time_budget": null, "module": "model.layers.13.mlp.down_proj", "step": 6912}
{"stage": "sequential-round-coordinate", "pid": 4075184, "time": 1789707617.9795902, "cuda_visible_devices": "2", "allocated_gib": 5.225467205047607, "reserved_gib": 8.228515625, "peak_allocated_gib": 7.100411891937256, "gpu_time_budget": null, "module": "model.layers.13.mlp.down_proj", "step": 7040}
{"stage": "sequential-round-coordinate", "pid": 4075184, "time": 1789707618.707403, "cuda_visible_devices": "2", "allocated_gib": 5.225467205047607, "reserved_gib": 8.228515625, "peak_allocated_gib": 7.100411891937256, "gpu_time_budget": null, "module": "model.layers.13.mlp.down_proj", "step": 7168}
{"stage": "sequential-round-coordinate", "pid": 4075184, "time": 1789707619.4332638, "cuda_visible_devices": "2", "allocated_gib": 5.225467205047607, "reserved_gib": 8.228515625, "peak_allocated_gib": 7.100411891937256, "gpu_time_budget": null, "module": "model.layers.13.mlp.down_proj", "step": 7296}
{"stage": "sequential-round-coordinate", "pid": 4075184, "time": 1789707620.1582618, "cuda_visible_devices": "2", "allocated_gib": 5.225467205047607, "reserved_gib": 8.228515625, "peak_allocated_gib": 7.100411891937256, "gpu_time_budget": null, "module": "model.layers.13.mlp.down_proj", "step": 7424}
{"stage": "sequential-round-coordinate", "pid": 4075184, "time": 1789707620.8846684, "cuda_visible_devices": "2", "allocated_gib": 5.225467205047607, "reserved_gib": 8.228515625, "peak_allocated_gib": 7.100411891937256, "gpu_time_budget": null, "module": "model.layers.13.mlp.down_proj", "step": 7552}
{"stage": "sequential-round-coordinate", "pid": 4075184, "time": 1789707621.5971296, "cuda_visible_devices": "2", "allocated_gib": 5.225467205047607, "reserved_gib": 8.228515625, "peak_allocated_gib": 7.100411891937256, "gpu_time_budget": null, "module": "model.layers.13.mlp.down_proj", "step": 7680}
{"stage": "sequential-round-coordinate", "pid": 4075184, "time": 1789707622.3230524, "cuda_visible_devices": "2", "allocated_gib": 5.225467205047607, "reserved_gib": 8.228515625, "peak_allocated_gib": 7.100411891937256, "gpu_time_budget": null, "module": "model.layers.13.mlp.down_proj", "step": 7808}
{"stage": "sequential-round-coordinate", "pid": 4075184, "time": 1789707623.0486345, "cuda_visible_devices": "2", "allocated_gib": 5.225467205047607, "reserved_gib": 8.228515625, "peak_allocated_gib": 7.100411891937256, "gpu_time_budget": null, "module": "model.layers.13.mlp.down_proj", "step": 7936}
{"stage": "sequential-round-coordinate", "pid": 4075184, "time": 1789707623.7753994, "cuda_visible_devices": "2", "allocated_gib": 5.225467205047607, "reserved_gib": 8.228515625, "peak_allocated_gib": 7.100411891937256, "gpu_time_budget": null, "module": "model.layers.13.mlp.down_proj", "step": 8064}
{"stage": "sequential-round-coordinate", "pid": 4075184, "time": 1789707624.5584676, "cuda_visible_devices": "2", "allocated_gib": 5.225467205047607, "reserved_gib": 8.228515625, "peak_allocated_gib": 7.100411891937256, "gpu_time_budget": null, "module": "model.layers.13.mlp.down_proj", "step": 8192}
{"stage": "sequential-round-train-nll", "pid": 4075184, "time": 1789707624.6055439, "cuda_visible_devices": "2", "allocated_gib": 3.7957167625427246, "reserved_gib": 3.80078125, "peak_allocated_gib": 7.100411891937256, "gpu_time_budget": null, "module": "model.layers.13.mlp.down_proj", "step": 512}
Evaluation segment 1/1: start=0, windows=8, seqlen=2048
{"stage": "sequential-round-train-nll", "pid": 4075184, "time": 1789707627.99947, "cuda_visible_devices": "2", "allocated_gib": 3.7957167625427246, "reserved_gib": 5.978515625, "peak_allocated_gib": 7.100411891937256, "gpu_time_budget": null, "module": "model.layers.13.mlp.down_proj", "step": 2048}
Evaluation segment 1/1: start=0, windows=8, seqlen=2048
{"stage": "sequential-round-train-nll", "pid": 4075184, "time": 1789707630.9813547, "cuda_visible_devices": "2", "allocated_gib": 3.7957167625427246, "reserved_gib": 5.978515625, "peak_allocated_gib": 7.100411891937256, "gpu_time_budget": null, "module": "model.layers.13.mlp.down_proj", "step": 8192}
Evaluation segment 1/1: start=0, windows=8, seqlen=2048
{"stage": "sequential-module-completed", "pid": 4075184, "time": 1789707636.371547, "cuda_visible_devices": "2", "allocated_gib": 3.7957167625427246, "reserved_gib": 5.978515625, "peak_allocated_gib": 7.100411891937256, "gpu_time_budget": null, "module": "model.layers.13.mlp.down_proj", "completed": 14, "total": 28, "selected_train_nll": 2.6695613621941585, "elapsed_seconds": 909.0985496719368}
{"stage": "sequential-round-fit", "pid": 4075184, "time": 1789707643.9883988, "cuda_visible_devices": "2", "allocated_gib": 3.7957167625427246, "reserved_gib": 5.978515625, "peak_allocated_gib": 7.100411891937256, "gpu_time_budget": null, "module": "model.layers.14.mlp.down_proj", "fit_rows": 49152, "heldout_rows": 16384}
{"stage": "sequential-round-coordinate", "pid": 4075184, "time": 1789707645.2393, "cuda_visible_devices": "2", "allocated_gib": 5.225467205047607, "reserved_gib": 8.228515625, "peak_allocated_gib": 7.100411891937256, "gpu_time_budget": null, "module": "model.layers.14.mlp.down_proj", "step": 128}
{"stage": "sequential-round-coordinate", "pid": 4075184, "time": 1789707646.193939, "cuda_visible_devices": "2", "allocated_gib": 5.225467205047607, "reserved_gib": 8.228515625, "peak_allocated_gib": 7.100411891937256, "gpu_time_budget": null, "module": "model.layers.14.mlp.down_proj", "step": 256}
{"stage": "sequential-round-coordinate", "pid": 4075184, "time": 1789707647.146859, "cuda_visible_devices": "2", "allocated_gib": 5.225467205047607, "reserved_gib": 8.228515625, "peak_allocated_gib": 7.100411891937256, "gpu_time_budget": null, "module": "model.layers.14.mlp.down_proj", "step": 384}
{"stage": "sequential-round-coordinate", "pid": 4075184, "time": 1789707648.1849544, "cuda_visible_devices": "2", "allocated_gib": 5.225467205047607, "reserved_gib": 8.228515625, "peak_allocated_gib": 7.100411891937256, "gpu_time_budget": null, "module": "model.layers.14.mlp.down_proj", "step": 512}
{"stage": "sequential-round-coordinate", "pid": 4075184, "time": 1789707649.1378117, "cuda_visible_devices": "2", "allocated_gib": 5.225467205047607, "reserved_gib": 8.228515625, "peak_allocated_gib": 7.100411891937256, "gpu_time_budget": null, "module": "model.layers.14.mlp.down_proj", "step": 640}
{"stage": "sequential-round-coordinate", "pid": 4075184, "time": 1789707650.094478, "cuda_visible_devices": "2", "allocated_gib": 5.225467205047607, "reserved_gib": 8.228515625, "peak_allocated_gib": 7.100411891937256, "gpu_time_budget": null, "module": "model.layers.14.mlp.down_proj", "step": 768}
{"stage": "sequential-round-coordinate", "pid": 4075184, "time": 1789707651.0524554, "cuda_visible_devices": "2", "allocated_gib": 5.225467205047607, "reserved_gib": 8.228515625, "peak_allocated_gib": 7.100411891937256, "gpu_time_budget": null, "module": "model.layers.14.mlp.down_proj", "step": 896}
{"stage": "sequential-round-coordinate", "pid": 4075184, "time": 1789707652.0079195, "cuda_visible_devices": "2", "allocated_gib": 5.225467205047607, "reserved_gib": 8.228515625, "peak_allocated_gib": 7.100411891937256, "gpu_time_budget": null, "module": "model.layers.14.mlp.down_proj", "step": 1024}
{"stage": "sequential-round-coordinate", "pid": 4075184, "time": 1789707652.9674873, "cuda_visible_devices": "2", "allocated_gib": 5.225467205047607, "reserved_gib": 8.228515625, "peak_allocated_gib": 7.100411891937256, "gpu_time_budget": null, "module": "model.layers.14.mlp.down_proj", "step": 1152}
{"stage": "sequential-round-coordinate", "pid": 4075184, "time": 1789707653.9259825, "cuda_visible_devices": "2", "allocated_gib": 5.225467205047607, "reserved_gib": 8.228515625, "peak_allocated_gib": 7.100411891937256, "gpu_time_budget": null, "module": "model.layers.14.mlp.down_proj", "step": 1280}
{"stage": "sequential-round-coordinate", "pid": 4075184, "time": 1789707654.8850405, "cuda_visible_devices": "2", "allocated_gib": 5.225467205047607, "reserved_gib": 8.228515625, "peak_allocated_gib": 7.100411891937256, "gpu_time_budget": null, "module": "model.layers.14.mlp.down_proj", "step": 1408}
{"stage": "sequential-round-coordinate", "pid": 4075184, "time": 1789707655.841691, "cuda_visible_devices": "2", "allocated_gib": 5.225467205047607, "reserved_gib": 8.228515625, "peak_allocated_gib": 7.100411891937256, "gpu_time_budget": null, "module": "model.layers.14.mlp.down_proj", "step": 1536}
{"stage": "sequential-round-coordinate", "pid": 4075184, "time": 1789707656.7977636, "cuda_visible_devices": "2", "allocated_gib": 5.225467205047607, "reserved_gib": 8.228515625, "peak_allocated_gib": 7.100411891937256, "gpu_time_budget": null, "module": "model.layers.14.mlp.down_proj", "step": 1664}
{"stage": "sequential-round-coordinate", "pid": 4075184, "time": 1789707657.759897, "cuda_visible_devices": "2", "allocated_gib": 5.225467205047607, "reserved_gib": 8.228515625, "peak_allocated_gib": 7.100411891937256, "gpu_time_budget": null, "module": "model.layers.14.mlp.down_proj", "step": 1792}
{"stage": "sequential-round-coordinate", "pid": 4075184, "time": 1789707658.7200677, "cuda_visible_devices": "2", "allocated_gib": 5.225467205047607, "reserved_gib": 8.228515625, "peak_allocated_gib": 7.100411891937256, "gpu_time_budget": null, "module": "model.layers.14.mlp.down_proj", "step": 1920}
{"stage": "sequential-round-coordinate", "pid": 4075184, "time": 1789707659.761857, "cuda_visible_devices": "2", "allocated_gib": 5.225467205047607, "reserved_gib": 8.228515625, "peak_allocated_gib": 7.100411891937256, "gpu_time_budget": null, "module": "model.layers.14.mlp.down_proj", "step": 2048}
{"stage": "sequential-round-coordinate", "pid": 4075184, "time": 1789707660.7164173, "cuda_visible_devices": "2", "allocated_gib": 5.225467205047607, "reserved_gib": 8.228515625, "peak_allocated_gib": 7.100411891937256, "gpu_time_budget": null, "module": "model.layers.14.mlp.down_proj", "step": 2176}
{"stage": "sequential-round-coordinate", "pid": 4075184, "time": 1789707661.6719074, "cuda_visible_devices": "2", "allocated_gib": 5.225467205047607, "reserved_gib": 8.228515625, "peak_allocated_gib": 7.100411891937256, "gpu_time_budget": null, "module": "model.layers.14.mlp.down_proj", "step": 2304}
{"stage": "sequential-round-coordinate", "pid": 4075184, "time": 1789707662.6220434, "cuda_visible_devices": "2", "allocated_gib": 5.225467205047607, "reserved_gib": 8.228515625, "peak_allocated_gib": 7.100411891937256, "gpu_time_budget": null, "module": "model.layers.14.mlp.down_proj", "step": 2432}
{"stage": "sequential-round-coordinate", "pid": 4075184, "time": 1789707663.5784729, "cuda_visible_devices": "2", "allocated_gib": 5.225467205047607, "reserved_gib": 8.228515625, "peak_allocated_gib": 7.100411891937256, "gpu_time_budget": null, "module": "model.layers.14.mlp.down_proj", "step": 2560}
{"stage": "sequential-round-coordinate", "pid": 4075184, "time": 1789707664.5340352, "cuda_visible_devices": "2", "allocated_gib": 5.225467205047607, "reserved_gib": 8.228515625, "peak_allocated_gib": 7.100411891937256, "gpu_time_budget": null, "module": "model.layers.14.mlp.down_proj", "step": 2688}
{"stage": "sequential-round-coordinate", "pid": 4075184, "time": 1789707665.496632, "cuda_visible_devices": "2", "allocated_gib": 5.225467205047607, "reserved_gib": 8.228515625, "peak_allocated_gib": 7.100411891937256, "gpu_time_budget": null, "module": "model.layers.14.mlp.down_proj", "step": 2816}
{"stage": "sequential-round-coordinate", "pid": 4075184, "time": 1789707666.451715, "cuda_visible_devices": "2", "allocated_gib": 5.225467205047607, "reserved_gib": 8.228515625, "peak_allocated_gib": 7.100411891937256, "gpu_time_budget": null, "module": "model.layers.14.mlp.down_proj", "step": 2944}
{"stage": "sequential-round-coordinate", "pid": 4075184, "time": 1789707667.4089398, "cuda_visible_devices": "2", "allocated_gib": 5.225467205047607, "reserved_gib": 8.228515625, "peak_allocated_gib": 7.100411891937256, "gpu_time_budget": null, "module": "model.layers.14.mlp.down_proj", "step": 3072}
{"stage": "sequential-round-coordinate", "pid": 4075184, "time": 1789707668.365281, "cuda_visible_devices": "2", "allocated_gib": 5.225467205047607, "reserved_gib": 8.228515625, "peak_allocated_gib": 7.100411891937256, "gpu_time_budget": null, "module": "model.layers.14.mlp.down_proj", "step": 3200}
{"stage": "sequential-round-coordinate", "pid": 4075184, "time": 1789707669.3185644, "cuda_visible_devices": "2", "allocated_gib": 5.225467205047607, "reserved_gib": 8.228515625, "peak_allocated_gib": 7.100411891937256, "gpu_time_budget": null, "module": "model.layers.14.mlp.down_proj", "step": 3328}
{"stage": "sequential-round-coordinate", "pid": 4075184, "time": 1789707670.2752562, "cuda_visible_devices": "2", "allocated_gib": 5.225467205047607, "reserved_gib": 8.228515625, "peak_allocated_gib": 7.100411891937256, "gpu_time_budget": null, "module": "model.layers.14.mlp.down_proj", "step": 3456}
{"stage": "sequential-round-coordinate", "pid": 4075184, "time": 1789707671.2351615, "cuda_visible_devices": "2", "allocated_gib": 5.225467205047607, "reserved_gib": 8.228515625, "peak_allocated_gib": 7.100411891937256, "gpu_time_budget": null, "module": "model.layers.14.mlp.down_proj", "step": 3584}
{"stage": "sequential-round-coordinate", "pid": 4075184, "time": 1789707672.191141, "cuda_visible_devices": "2", "allocated_gib": 5.225467205047607, "reserved_gib": 8.228515625, "peak_allocated_gib": 7.100411891937256, "gpu_time_budget": null, "module": "model.layers.14.mlp.down_proj", "step": 3712}
{"stage": "sequential-round-coordinate", "pid": 4075184, "time": 1789707673.1483595, "cuda_visible_devices": "2", "allocated_gib": 5.225467205047607, "reserved_gib": 8.228515625, "peak_allocated_gib": 7.100411891937256, "gpu_time_budget": null, "module": "model.layers.14.mlp.down_proj", "step": 3840}
{"stage": "sequential-round-coordinate", "pid": 4075184, "time": 1789707674.1046174, "cuda_visible_devices": "2", "allocated_gib": 5.225467205047607, "reserved_gib": 8.228515625, "peak_allocated_gib": 7.100411891937256, "gpu_time_budget": null, "module": "model.layers.14.mlp.down_proj", "step": 3968}
{"stage": "sequential-round-coordinate", "pid": 4075184, "time": 1789707675.061119, "cuda_visible_devices": "2", "allocated_gib": 5.225467205047607, "reserved_gib": 8.228515625, "peak_allocated_gib": 7.100411891937256, "gpu_time_budget": null, "module": "model.layers.14.mlp.down_proj", "step": 4096}
{"stage": "sequential-round-coordinate", "pid": 4075184, "time": 1789707676.0223746, "cuda_visible_devices": "2", "allocated_gib": 5.225467205047607, "reserved_gib": 8.228515625, "peak_allocated_gib": 7.100411891937256, "gpu_time_budget": null, "module": "model.layers.14.mlp.down_proj", "step": 4224}
{"stage": "sequential-round-coordinate", "pid": 4075184, "time": 1789707676.9868329, "cuda_visible_devices": "2", "allocated_gib": 5.225467205047607, "reserved_gib": 8.228515625, "peak_allocated_gib": 7.100411891937256, "gpu_time_budget": null, "module": "model.layers.14.mlp.down_proj", "step": 4352}
{"stage": "sequential-round-coordinate", "pid": 4075184, "time": 1789707677.945911, "cuda_visible_devices": "2", "allocated_gib": 5.225467205047607, "reserved_gib": 8.228515625, "peak_allocated_gib": 7.100411891937256, "gpu_time_budget": null, "module": "model.layers.14.mlp.down_proj", "step": 4480}
{"stage": "sequential-round-coordinate", "pid": 4075184, "time": 1789707678.907646, "cuda_visible_devices": "2", "allocated_gib": 5.225467205047607, "reserved_gib": 8.228515625, "peak_allocated_gib": 7.100411891937256, "gpu_time_budget": null, "module": "model.layers.14.mlp.down_proj", "step": 4608}
{"stage": "sequential-round-coordinate", "pid": 4075184, "time": 1789707679.863775, "cuda_visible_devices": "2", "allocated_gib": 5.225467205047607, "reserved_gib": 8.228515625, "peak_allocated_gib": 7.100411891937256, "gpu_time_budget": null, "module": "model.layers.14.mlp.down_proj", "step": 4736}
{"stage": "sequential-round-coordinate", "pid": 4075184, "time": 1789707680.8221672, "cuda_visible_devices": "2", "allocated_gib": 5.225467205047607, "reserved_gib": 8.228515625, "peak_allocated_gib": 7.100411891937256, "gpu_time_budget": null, "module": "model.layers.14.mlp.down_proj", "step": 4864}
{"stage": "sequential-round-coordinate", "pid": 4075184, "time": 1789707681.7818792, "cuda_visible_devices": "2", "allocated_gib": 5.225467205047607, "reserved_gib": 8.228515625, "peak_allocated_gib": 7.100411891937256, "gpu_time_budget": null, "module": "model.layers.14.mlp.down_proj", "step": 4992}
{"stage": "sequential-round-coordinate", "pid": 4075184, "time": 1789707682.74216, "cuda_visible_devices": "2", "allocated_gib": 5.225467205047607, "reserved_gib": 8.228515625, "peak_allocated_gib": 7.100411891937256, "gpu_time_budget": null, "module": "model.layers.14.mlp.down_proj", "step": 5120}
{"stage": "sequential-round-coordinate", "pid": 4075184, "time": 1789707683.7001421, "cuda_visible_devices": "2", "allocated_gib": 5.225467205047607, "reserved_gib": 8.228515625, "peak_allocated_gib": 7.100411891937256, "gpu_time_budget": null, "module": "model.layers.14.mlp.down_proj", "step": 5248}
{"stage": "sequential-round-coordinate", "pid": 4075184, "time": 1789707684.659804, "cuda_visible_devices": "2", "allocated_gib": 5.225467205047607, "reserved_gib": 8.228515625, "peak_allocated_gib": 7.100411891937256, "gpu_time_budget": null, "module": "model.layers.14.mlp.down_proj", "step": 5376}
{"stage": "sequential-round-coordinate", "pid": 4075184, "time": 1789707685.6167686, "cuda_visible_devices": "2", "allocated_gib": 5.225467205047607, "reserved_gib": 8.228515625, "peak_allocated_gib": 7.100411891937256, "gpu_time_budget": null, "module": "model.layers.14.mlp.down_proj", "step": 5504}
{"stage": "sequential-round-coordinate", "pid": 4075184, "time": 1789707686.568438, "cuda_visible_devices": "2", "allocated_gib": 5.225467205047607, "reserved_gib": 8.228515625, "peak_allocated_gib": 7.100411891937256, "gpu_time_budget": null, "module": "model.layers.14.mlp.down_proj", "step": 5632}
{"stage": "sequential-round-coordinate", "pid": 4075184, "time": 1789707687.5277889, "cuda_visible_devices": "2", "allocated_gib": 5.225467205047607, "reserved_gib": 8.228515625, "peak_allocated_gib": 7.100411891937256, "gpu_time_budget": null, "module": "model.layers.14.mlp.down_proj", "step": 5760}
{"stage": "sequential-round-coordinate", "pid": 4075184, "time": 1789707688.2302368, "cuda_visible_devices": "2", "allocated_gib": 5.225467205047607, "reserved_gib": 8.228515625, "peak_allocated_gib": 7.100411891937256, "gpu_time_budget": null, "module": "model.layers.14.mlp.down_proj", "step": 5888}
{"stage": "sequential-round-coordinate", "pid": 4075184, "time": 1789707688.9607306, "cuda_visible_devices": "2", "allocated_gib": 5.225467205047607, "reserved_gib": 8.228515625, "peak_allocated_gib": 7.100411891937256, "gpu_time_budget": null, "module": "model.layers.14.mlp.down_proj", "step": 6016}
{"stage": "sequential-round-coordinate", "pid": 4075184, "time": 1789707689.6841557, "cuda_visible_devices": "2", "allocated_gib": 5.225467205047607, "reserved_gib": 8.228515625, "peak_allocated_gib": 7.100411891937256, "gpu_time_budget": null, "module": "model.layers.14.mlp.down_proj", "step": 6144}
{"stage": "sequential-round-coordinate", "pid": 4075184, "time": 1789707690.412982, "cuda_visible_devices": "2", "allocated_gib": 5.225467205047607, "reserved_gib": 8.228515625, "peak_allocated_gib": 7.100411891937256, "gpu_time_budget": null, "module": "model.layers.14.mlp.down_proj", "step": 6272}
{"stage": "sequential-round-coordinate", "pid": 4075184, "time": 1789707691.143165, "cuda_visible_devices": "2", "allocated_gib": 5.225467205047607, "reserved_gib": 8.228515625, "peak_allocated_gib": 7.100411891937256, "gpu_time_budget": null, "module": "model.layers.14.mlp.down_proj", "step": 6400}
{"stage": "sequential-round-coordinate", "pid": 4075184, "time": 1789707691.8627017, "cuda_visible_devices": "2", "allocated_gib": 5.225467205047607, "reserved_gib": 8.228515625, "peak_allocated_gib": 7.100411891937256, "gpu_time_budget": null, "module": "model.layers.14.mlp.down_proj", "step": 6528}
{"stage": "sequential-round-coordinate", "pid": 4075184, "time": 1789707692.5869563, "cuda_visible_devices": "2", "allocated_gib": 5.225467205047607, "reserved_gib": 8.228515625, "peak_allocated_gib": 7.100411891937256, "gpu_time_budget": null, "module": "model.layers.14.mlp.down_proj", "step": 6656}
{"stage": "sequential-round-coordinate", "pid": 4075184, "time": 1789707693.312775, "cuda_visible_devices": "2", "allocated_gib": 5.225467205047607, "reserved_gib": 8.228515625, "peak_allocated_gib": 7.100411891937256, "gpu_time_budget": null, "module": "model.layers.14.mlp.down_proj", "step": 6784}
{"stage": "sequential-round-coordinate", "pid": 4075184, "time": 1789707694.0241456, "cuda_visible_devices": "2", "allocated_gib": 5.225467205047607, "reserved_gib": 8.228515625, "peak_allocated_gib": 7.100411891937256, "gpu_time_budget": null, "module": "model.layers.14.mlp.down_proj", "step": 6912}
{"stage": "sequential-round-coordinate", "pid": 4075184, "time": 1789707694.7500317, "cuda_visible_devices": "2", "allocated_gib": 5.225467205047607, "reserved_gib": 8.228515625, "peak_allocated_gib": 7.100411891937256, "gpu_time_budget": null, "module": "model.layers.14.mlp.down_proj", "step": 7040}
{"stage": "sequential-round-coordinate", "pid": 4075184, "time": 1789707695.4711502, "cuda_visible_devices": "2", "allocated_gib": 5.225467205047607, "reserved_gib": 8.228515625, "peak_allocated_gib": 7.100411891937256, "gpu_time_budget": null, "module": "model.layers.14.mlp.down_proj", "step": 7168}
{"stage": "sequential-round-coordinate", "pid": 4075184, "time": 1789707696.1912372, "cuda_visible_devices": "2", "allocated_gib": 5.225467205047607, "reserved_gib": 8.228515625, "peak_allocated_gib": 7.100411891937256, "gpu_time_budget": null, "module": "model.layers.14.mlp.down_proj", "step": 7296}
{"stage": "sequential-round-coordinate", "pid": 4075184, "time": 1789707696.9137595, "cuda_visible_devices": "2", "allocated_gib": 5.225467205047607, "reserved_gib": 8.228515625, "peak_allocated_gib": 7.100411891937256, "gpu_time_budget": null, "module": "model.layers.14.mlp.down_proj", "step": 7424}
{"stage": "sequential-round-coordinate", "pid": 4075184, "time": 1789707697.6388736, "cuda_visible_devices": "2", "allocated_gib": 5.225467205047607, "reserved_gib": 8.228515625, "peak_allocated_gib": 7.100411891937256, "gpu_time_budget": null, "module": "model.layers.14.mlp.down_proj", "step": 7552}
{"stage": "sequential-round-coordinate", "pid": 4075184, "time": 1789707698.3603308, "cuda_visible_devices": "2", "allocated_gib": 5.225467205047607, "reserved_gib": 8.228515625, "peak_allocated_gib": 7.100411891937256, "gpu_time_budget": null, "module": "model.layers.14.mlp.down_proj", "step": 7680}
{"stage": "sequential-round-coordinate", "pid": 4075184, "time": 1789707699.0802076, "cuda_visible_devices": "2", "allocated_gib": 5.225467205047607, "reserved_gib": 8.228515625, "peak_allocated_gib": 7.100411891937256, "gpu_time_budget": null, "module": "model.layers.14.mlp.down_proj", "step": 7808}
{"stage": "sequential-round-coordinate", "pid": 4075184, "time": 1789707699.7870293, "cuda_visible_devices": "2", "allocated_gib": 5.225467205047607, "reserved_gib": 8.228515625, "peak_allocated_gib": 7.100411891937256, "gpu_time_budget": null, "module": "model.layers.14.mlp.down_proj", "step": 7936}
{"stage": "sequential-round-coordinate", "pid": 4075184, "time": 1789707700.5107868, "cuda_visible_devices": "2", "allocated_gib": 5.225467205047607, "reserved_gib": 8.228515625, "peak_allocated_gib": 7.100411891937256, "gpu_time_budget": null, "module": "model.layers.14.mlp.down_proj", "step": 8064}
{"stage": "sequential-round-coordinate", "pid": 4075184, "time": 1789707701.2973356, "cuda_visible_devices": "2", "allocated_gib": 5.225467205047607, "reserved_gib": 8.228515625, "peak_allocated_gib": 7.100411891937256, "gpu_time_budget": null, "module": "model.layers.14.mlp.down_proj", "step": 8192}
{"stage": "sequential-round-train-nll", "pid": 4075184, "time": 1789707701.3468273, "cuda_visible_devices": "2", "allocated_gib": 3.7957167625427246, "reserved_gib": 3.80078125, "peak_allocated_gib": 7.100411891937256, "gpu_time_budget": null, "module": "model.layers.14.mlp.down_proj", "step": 512}
Evaluation segment 1/1: start=0, windows=8, seqlen=2048
{"stage": "sequential-round-train-nll", "pid": 4075184, "time": 1789707704.9995263, "cuda_visible_devices": "2", "allocated_gib": 3.7957167625427246, "reserved_gib": 5.978515625, "peak_allocated_gib": 7.100411891937256, "gpu_time_budget": null, "module": "model.layers.14.mlp.down_proj", "step": 2048}
Evaluation segment 1/1: start=0, windows=8, seqlen=2048
{"stage": "sequential-round-train-nll", "pid": 4075184, "time": 1789707708.0564907, "cuda_visible_devices": "2", "allocated_gib": 3.7957167625427246, "reserved_gib": 5.978515625, "peak_allocated_gib": 7.100411891937256, "gpu_time_budget": null, "module": "model.layers.14.mlp.down_proj", "step": 8192}
Evaluation segment 1/1: start=0, windows=8, seqlen=2048
{"stage": "sequential-module-completed", "pid": 4075184, "time": 1789707712.4768174, "cuda_visible_devices": "2", "allocated_gib": 3.7957167625427246, "reserved_gib": 5.978515625, "peak_allocated_gib": 7.100411891937256, "gpu_time_budget": null, "module": "model.layers.14.mlp.down_proj", "completed": 15, "total": 28, "selected_train_nll": 2.6695613621941585, "elapsed_seconds": 985.2038262729766}
{"stage": "sequential-round-fit", "pid": 4075184, "time": 1789707720.7298772, "cuda_visible_devices": "2", "allocated_gib": 3.7957167625427246, "reserved_gib": 5.978515625, "peak_allocated_gib": 7.100411891937256, "gpu_time_budget": null, "module": "model.layers.15.mlp.down_proj", "fit_rows": 49152, "heldout_rows": 16384}
{"stage": "sequential-round-coordinate", "pid": 4075184, "time": 1789707721.9841545, "cuda_visible_devices": "2", "allocated_gib": 5.225467205047607, "reserved_gib": 8.228515625, "peak_allocated_gib": 7.100411891937256, "gpu_time_budget": null, "module": "model.layers.15.mlp.down_proj", "step": 128}
{"stage": "sequential-round-coordinate", "pid": 4075184, "time": 1789707722.940409, "cuda_visible_devices": "2", "allocated_gib": 5.225467205047607, "reserved_gib": 8.228515625, "peak_allocated_gib": 7.100411891937256, "gpu_time_budget": null, "module": "model.layers.15.mlp.down_proj", "step": 256}
{"stage": "sequential-round-coordinate", "pid": 4075184, "time": 1789707723.8970797, "cuda_visible_devices": "2", "allocated_gib": 5.225467205047607, "reserved_gib": 8.228515625, "peak_allocated_gib": 7.100411891937256, "gpu_time_budget": null, "module": "model.layers.15.mlp.down_proj", "step": 384}
{"stage": "sequential-round-coordinate", "pid": 4075184, "time": 1789707724.93922, "cuda_visible_devices": "2", "allocated_gib": 5.225467205047607, "reserved_gib": 8.228515625, "peak_allocated_gib": 7.100411891937256, "gpu_time_budget": null, "module": "model.layers.15.mlp.down_proj", "step": 512}
{"stage": "sequential-round-coordinate", "pid": 4075184, "time": 1789707725.8982344, "cuda_visible_devices": "2", "allocated_gib": 5.225467205047607, "reserved_gib": 8.228515625, "peak_allocated_gib": 7.100411891937256, "gpu_time_budget": null, "module": "model.layers.15.mlp.down_proj", "step": 640}
{"stage": "sequential-round-coordinate", "pid": 4075184, "time": 1789707726.852549, "cuda_visible_devices": "2", "allocated_gib": 5.225467205047607, "reserved_gib": 8.228515625, "peak_allocated_gib": 7.100411891937256, "gpu_time_budget": null, "module": "model.layers.15.mlp.down_proj", "step": 768}
{"stage": "sequential-round-coordinate", "pid": 4075184, "time": 1789707727.8099577, "cuda_visible_devices": "2", "allocated_gib": 5.225467205047607, "reserved_gib": 8.228515625, "peak_allocated_gib": 7.100411891937256, "gpu_time_budget": null, "module": "model.layers.15.mlp.down_proj", "step": 896}
{"stage": "sequential-round-coordinate", "pid": 4075184, "time": 1789707728.7655723, "cuda_visible_devices": "2", "allocated_gib": 5.225467205047607, "reserved_gib": 8.228515625, "peak_allocated_gib": 7.100411891937256, "gpu_time_budget": null, "module": "model.layers.15.mlp.down_proj", "step": 1024}
{"stage": "sequential-round-coordinate", "pid": 4075184, "time": 1789707729.7233438, "cuda_visible_devices": "2", "allocated_gib": 5.225467205047607, "reserved_gib": 8.228515625, "peak_allocated_gib": 7.100411891937256, "gpu_time_budget": null, "module": "model.layers.15.mlp.down_proj", "step": 1152}
{"stage": "sequential-round-coordinate", "pid": 4075184, "time": 1789707730.6812618, "cuda_visible_devices": "2", "allocated_gib": 5.225467205047607, "reserved_gib": 8.228515625, "peak_allocated_gib": 7.100411891937256, "gpu_time_budget": null, "module": "model.layers.15.mlp.down_proj", "step": 1280}
{"stage": "sequential-round-coordinate", "pid": 4075184, "time": 1789707731.6356587, "cuda_visible_devices": "2", "allocated_gib": 5.225467205047607, "reserved_gib": 8.228515625, "peak_allocated_gib": 7.100411891937256, "gpu_time_budget": null, "module": "model.layers.15.mlp.down_proj", "step": 1408}
{"stage": "sequential-round-coordinate", "pid": 4075184, "time": 1789707732.5941594, "cuda_visible_devices": "2", "allocated_gib": 5.225467205047607, "reserved_gib": 8.228515625, "peak_allocated_gib": 7.100411891937256, "gpu_time_budget": null, "module": "model.layers.15.mlp.down_proj", "step": 1536}
{"stage": "sequential-round-coordinate", "pid": 4075184, "time": 1789707733.5461721, "cuda_visible_devices": "2", "allocated_gib": 5.225467205047607, "reserved_gib": 8.228515625, "peak_allocated_gib": 7.100411891937256, "gpu_time_budget": null, "module": "model.layers.15.mlp.down_proj", "step": 1664}
{"stage": "sequential-round-coordinate", "pid": 4075184, "time": 1789707734.5004306, "cuda_visible_devices": "2", "allocated_gib": 5.225467205047607, "reserved_gib": 8.228515625, "peak_allocated_gib": 7.100411891937256, "gpu_time_budget": null, "module": "model.layers.15.mlp.down_proj", "step": 1792}
{"stage": "sequential-round-coordinate", "pid": 4075184, "time": 1789707735.4531252, "cuda_visible_devices": "2", "allocated_gib": 5.225467205047607, "reserved_gib": 8.228515625, "peak_allocated_gib": 7.100411891937256, "gpu_time_budget": null, "module": "model.layers.15.mlp.down_proj", "step": 1920}
{"stage": "sequential-round-coordinate", "pid": 4075184, "time": 1789707736.4841795, "cuda_visible_devices": "2", "allocated_gib": 5.225467205047607, "reserved_gib": 8.228515625, "peak_allocated_gib": 7.100411891937256, "gpu_time_budget": null, "module": "model.layers.15.mlp.down_proj", "step": 2048}
{"stage": "sequential-round-coordinate", "pid": 4075184, "time": 1789707737.4391084, "cuda_visible_devices": "2", "allocated_gib": 5.225467205047607, "reserved_gib": 8.228515625, "peak_allocated_gib": 7.100411891937256, "gpu_time_budget": null, "module": "model.layers.15.mlp.down_proj", "step": 2176}
{"stage": "sequential-round-coordinate", "pid": 4075184, "time": 1789707738.4031365, "cuda_visible_devices": "2", "allocated_gib": 5.225467205047607, "reserved_gib": 8.228515625, "peak_allocated_gib": 7.100411891937256, "gpu_time_budget": null, "module": "model.layers.15.mlp.down_proj", "step": 2304}
{"stage": "sequential-round-coordinate", "pid": 4075184, "time": 1789707739.3645737, "cuda_visible_devices": "2", "allocated_gib": 5.225467205047607, "reserved_gib": 8.228515625, "peak_allocated_gib": 7.100411891937256, "gpu_time_budget": null, "module": "model.layers.15.mlp.down_proj", "step": 2432}
{"stage": "sequential-round-coordinate", "pid": 4075184, "time": 1789707740.3285782, "cuda_visible_devices": "2", "allocated_gib": 5.225467205047607, "reserved_gib": 8.228515625, "peak_allocated_gib": 7.100411891937256, "gpu_time_budget": null, "module": "model.layers.15.mlp.down_proj", "step": 2560}
{"stage": "sequential-round-coordinate", "pid": 4075184, "time": 1789707741.29059, "cuda_visible_devices": "2", "allocated_gib": 5.225467205047607, "reserved_gib": 8.228515625, "peak_allocated_gib": 7.100411891937256, "gpu_time_budget": null, "module": "model.layers.15.mlp.down_proj", "step": 2688}
{"stage": "sequential-round-coordinate", "pid": 4075184, "time": 1789707742.252926, "cuda_visible_devices": "2", "allocated_gib": 5.225467205047607, "reserved_gib": 8.228515625, "peak_allocated_gib": 7.100411891937256, "gpu_time_budget": null, "module": "model.layers.15.mlp.down_proj", "step": 2816}
{"stage": "sequential-round-coordinate", "pid": 4075184, "time": 1789707743.2149975, "cuda_visible_devices": "2", "allocated_gib": 5.225467205047607, "reserved_gib": 8.228515625, "peak_allocated_gib": 7.100411891937256, "gpu_time_budget": null, "module": "model.layers.15.mlp.down_proj", "step": 2944}
{"stage": "sequential-round-coordinate", "pid": 4075184, "time": 1789707744.1793296, "cuda_visible_devices": "2", "allocated_gib": 5.225467205047607, "reserved_gib": 8.228515625, "peak_allocated_gib": 7.100411891937256, "gpu_time_budget": null, "module": "model.layers.15.mlp.down_proj", "step": 3072}
{"stage": "sequential-round-coordinate", "pid": 4075184, "time": 1789707745.1397808, "cuda_visible_devices": "2", "allocated_gib": 5.225467205047607, "reserved_gib": 8.228515625, "peak_allocated_gib": 7.100411891937256, "gpu_time_budget": null, "module": "model.layers.15.mlp.down_proj", "step": 3200}
{"stage": "sequential-round-coordinate", "pid": 4075184, "time": 1789707746.1043205, "cuda_visible_devices": "2", "allocated_gib": 5.225467205047607, "reserved_gib": 8.228515625, "peak_allocated_gib": 7.100411891937256, "gpu_time_budget": null, "module": "model.layers.15.mlp.down_proj", "step": 3328}
{"stage": "sequential-round-coordinate", "pid": 4075184, "time": 1789707747.06716, "cuda_visible_devices": "2", "allocated_gib": 5.225467205047607, "reserved_gib": 8.228515625, "peak_allocated_gib": 7.100411891937256, "gpu_time_budget": null, "module": "model.layers.15.mlp.down_proj", "step": 3456}
{"stage": "sequential-round-coordinate", "pid": 4075184, "time": 1789707748.02972, "cuda_visible_devices": "2", "allocated_gib": 5.225467205047607, "reserved_gib": 8.228515625, "peak_allocated_gib": 7.100411891937256, "gpu_time_budget": null, "module": "model.layers.15.mlp.down_proj", "step": 3584}
{"stage": "sequential-round-coordinate", "pid": 4075184, "time": 1789707748.9909198, "cuda_visible_devices": "2", "allocated_gib": 5.225467205047607, "reserved_gib": 8.228515625, "peak_allocated_gib": 7.100411891937256, "gpu_time_budget": null, "module": "model.layers.15.mlp.down_proj", "step": 3712}
{"stage": "sequential-round-coordinate", "pid": 4075184, "time": 1789707749.9864073, "cuda_visible_devices": "2", "allocated_gib": 5.225467205047607, "reserved_gib": 8.228515625, "peak_allocated_gib": 7.100411891937256, "gpu_time_budget": null, "module": "model.layers.15.mlp.down_proj", "step": 3840}
{"stage": "sequential-round-coordinate", "pid": 4075184, "time": 1789707750.9819584, "cuda_visible_devices": "2", "allocated_gib": 5.225467205047607, "reserved_gib": 8.228515625, "peak_allocated_gib": 7.100411891937256, "gpu_time_budget": null, "module": "model.layers.15.mlp.down_proj", "step": 3968}
{"stage": "sequential-round-coordinate", "pid": 4075184, "time": 1789707751.9380438, "cuda_visible_devices": "2", "allocated_gib": 5.225467205047607, "reserved_gib": 8.228515625, "peak_allocated_gib": 7.100411891937256, "gpu_time_budget": null, "module": "model.layers.15.mlp.down_proj", "step": 4096}
{"stage": "sequential-round-coordinate", "pid": 4075184, "time": 1789707752.8927824, "cuda_visible_devices": "2", "allocated_gib": 5.225467205047607, "reserved_gib": 8.228515625, "peak_allocated_gib": 7.100411891937256, "gpu_time_budget": null, "module": "model.layers.15.mlp.down_proj", "step": 4224}
{"stage": "sequential-round-coordinate", "pid": 4075184, "time": 1789707753.8620584, "cuda_visible_devices": "2", "allocated_gib": 5.225467205047607, "reserved_gib": 8.228515625, "peak_allocated_gib": 7.100411891937256, "gpu_time_budget": null, "module": "model.layers.15.mlp.down_proj", "step": 4352}
{"stage": "sequential-round-coordinate", "pid": 4075184, "time": 1789707754.8133454, "cuda_visible_devices": "2", "allocated_gib": 5.225467205047607, "reserved_gib": 8.228515625, "peak_allocated_gib": 7.100411891937256, "gpu_time_budget": null, "module": "model.layers.15.mlp.down_proj", "step": 4480}
{"stage": "sequential-round-coordinate", "pid": 4075184, "time": 1789707755.7624483, "cuda_visible_devices": "2", "allocated_gib": 5.225467205047607, "reserved_gib": 8.228515625, "peak_allocated_gib": 7.100411891937256, "gpu_time_budget": null, "module": "model.layers.15.mlp.down_proj", "step": 4608}
{"stage": "sequential-round-coordinate", "pid": 4075184, "time": 1789707756.7174666, "cuda_visible_devices": "2", "allocated_gib": 5.225467205047607, "reserved_gib": 8.228515625, "peak_allocated_gib": 7.100411891937256, "gpu_time_budget": null, "module": "model.layers.15.mlp.down_proj", "step": 4736}
{"stage": "sequential-round-coordinate", "pid": 4075184, "time": 1789707757.675117, "cuda_visible_devices": "2", "allocated_gib": 5.225467205047607, "reserved_gib": 8.228515625, "peak_allocated_gib": 7.100411891937256, "gpu_time_budget": null, "module": "model.layers.15.mlp.down_proj", "step": 4864}
{"stage": "sequential-round-coordinate", "pid": 4075184, "time": 1789707758.6353483, "cuda_visible_devices": "2", "allocated_gib": 5.225467205047607, "reserved_gib": 8.228515625, "peak_allocated_gib": 7.100411891937256, "gpu_time_budget": null, "module": "model.layers.15.mlp.down_proj", "step": 4992}
{"stage": "sequential-round-coordinate", "pid": 4075184, "time": 1789707759.5897098, "cuda_visible_devices": "2", "allocated_gib": 5.225467205047607, "reserved_gib": 8.228515625, "peak_allocated_gib": 7.100411891937256, "gpu_time_budget": null, "module": "model.layers.15.mlp.down_proj", "step": 5120}
{"stage": "sequential-round-coordinate", "pid": 4075184, "time": 1789707760.544548, "cuda_visible_devices": "2", "allocated_gib": 5.225467205047607, "reserved_gib": 8.228515625, "peak_allocated_gib": 7.100411891937256, "gpu_time_budget": null, "module": "model.layers.15.mlp.down_proj", "step": 5248}
{"stage": "sequential-round-coordinate", "pid": 4075184, "time": 1789707761.4977312, "cuda_visible_devices": "2", "allocated_gib": 5.225467205047607, "reserved_gib": 8.228515625, "peak_allocated_gib": 7.100411891937256, "gpu_time_budget": null, "module": "model.layers.15.mlp.down_proj", "step": 5376}
{"stage": "sequential-round-coordinate", "pid": 4075184, "time": 1789707762.4463172, "cuda_visible_devices": "2", "allocated_gib": 5.225467205047607, "reserved_gib": 8.228515625, "peak_allocated_gib": 7.100411891937256, "gpu_time_budget": null, "module": "model.layers.15.mlp.down_proj", "step": 5504}
{"stage": "sequential-round-coordinate", "pid": 4075184, "time": 1789707763.3968067, "cuda_visible_devices": "2", "allocated_gib": 5.225467205047607, "reserved_gib": 8.228515625, "peak_allocated_gib": 7.100411891937256, "gpu_time_budget": null, "module": "model.layers.15.mlp.down_proj", "step": 5632}
{"stage": "sequential-round-coordinate", "pid": 4075184, "time": 1789707764.344131, "cuda_visible_devices": "2", "allocated_gib": 5.225467205047607, "reserved_gib": 8.228515625, "peak_allocated_gib": 7.100411891937256, "gpu_time_budget": null, "module": "model.layers.15.mlp.down_proj", "step": 5760}
{"stage": "sequential-round-coordinate", "pid": 4075184, "time": 1789707765.2963574, "cuda_visible_devices": "2", "allocated_gib": 5.225467205047607, "reserved_gib": 8.228515625, "peak_allocated_gib": 7.100411891937256, "gpu_time_budget": null, "module": "model.layers.15.mlp.down_proj", "step": 5888}
{"stage": "sequential-round-coordinate", "pid": 4075184, "time": 1789707766.235799, "cuda_visible_devices": "2", "allocated_gib": 5.225467205047607, "reserved_gib": 8.228515625, "peak_allocated_gib": 7.100411891937256, "gpu_time_budget": null, "module": "model.layers.15.mlp.down_proj", "step": 6016}
{"stage": "sequential-round-coordinate", "pid": 4075184, "time": 1789707766.9589784, "cuda_visible_devices": "2", "allocated_gib": 5.225467205047607, "reserved_gib": 8.228515625, "peak_allocated_gib": 7.100411891937256, "gpu_time_budget": null, "module": "model.layers.15.mlp.down_proj", "step": 6144}
{"stage": "sequential-round-coordinate", "pid": 4075184, "time": 1789707767.6852176, "cuda_visible_devices": "2", "allocated_gib": 5.225467205047607, "reserved_gib": 8.228515625, "peak_allocated_gib": 7.100411891937256, "gpu_time_budget": null, "module": "model.layers.15.mlp.down_proj", "step": 6272}
{"stage": "sequential-round-coordinate", "pid": 4075184, "time": 1789707768.4097648, "cuda_visible_devices": "2", "allocated_gib": 5.225467205047607, "reserved_gib": 8.228515625, "peak_allocated_gib": 7.100411891937256, "gpu_time_budget": null, "module": "model.layers.15.mlp.down_proj", "step": 6400}
{"stage": "sequential-round-coordinate", "pid": 4075184, "time": 1789707769.1375496, "cuda_visible_devices": "2", "allocated_gib": 5.225467205047607, "reserved_gib": 8.228515625, "peak_allocated_gib": 7.100411891937256, "gpu_time_budget": null, "module": "model.layers.15.mlp.down_proj", "step": 6528}
{"stage": "sequential-round-coordinate", "pid": 4075184, "time": 1789707769.8640513, "cuda_visible_devices": "2", "allocated_gib": 5.225467205047607, "reserved_gib": 8.228515625, "peak_allocated_gib": 7.100411891937256, "gpu_time_budget": null, "module": "model.layers.15.mlp.down_proj", "step": 6656}
{"stage": "sequential-round-coordinate", "pid": 4075184, "time": 1789707770.5878813, "cuda_visible_devices": "2", "allocated_gib": 5.225467205047607, "reserved_gib": 8.228515625, "peak_allocated_gib": 7.100411891937256, "gpu_time_budget": null, "module": "model.layers.15.mlp.down_proj", "step": 6784}
{"stage": "sequential-round-coordinate", "pid": 4075184, "time": 1789707771.3137028, "cuda_visible_devices": "2", "allocated_gib": 5.225467205047607, "reserved_gib": 8.228515625, "peak_allocated_gib": 7.100411891937256, "gpu_time_budget": null, "module": "model.layers.15.mlp.down_proj", "step": 6912}
{"stage": "sequential-round-coordinate", "pid": 4075184, "time": 1789707772.0397434, "cuda_visible_devices": "2", "allocated_gib": 5.225467205047607, "reserved_gib": 8.228515625, "peak_allocated_gib": 7.100411891937256, "gpu_time_budget": null, "module": "model.layers.15.mlp.down_proj", "step": 7040}
{"stage": "sequential-round-coordinate", "pid": 4075184, "time": 1789707772.753318, "cuda_visible_devices": "2", "allocated_gib": 5.225467205047607, "reserved_gib": 8.228515625, "peak_allocated_gib": 7.100411891937256, "gpu_time_budget": null, "module": "model.layers.15.mlp.down_proj", "step": 7168}
{"stage": "sequential-round-coordinate", "pid": 4075184, "time": 1789707773.482809, "cuda_visible_devices": "2", "allocated_gib": 5.225467205047607, "reserved_gib": 8.228515625, "peak_allocated_gib": 7.100411891937256, "gpu_time_budget": null, "module": "model.layers.15.mlp.down_proj", "step": 7296}
{"stage": "sequential-round-coordinate", "pid": 4075184, "time": 1789707774.2090888, "cuda_visible_devices": "2", "allocated_gib": 5.225467205047607, "reserved_gib": 8.228515625, "peak_allocated_gib": 7.100411891937256, "gpu_time_budget": null, "module": "model.layers.15.mlp.down_proj", "step": 7424}
{"stage": "sequential-round-coordinate", "pid": 4075184, "time": 1789707774.9357767, "cuda_visible_devices": "2", "allocated_gib": 5.225467205047607, "reserved_gib": 8.228515625, "peak_allocated_gib": 7.100411891937256, "gpu_time_budget": null, "module": "model.layers.15.mlp.down_proj", "step": 7552}
{"stage": "sequential-round-coordinate", "pid": 4075184, "time": 1789707775.6597998, "cuda_visible_devices": "2", "allocated_gib": 5.225467205047607, "reserved_gib": 8.228515625, "peak_allocated_gib": 7.100411891937256, "gpu_time_budget": null, "module": "model.layers.15.mlp.down_proj", "step": 7680}
{"stage": "sequential-round-coordinate", "pid": 4075184, "time": 1789707776.38392, "cuda_visible_devices": "2", "allocated_gib": 5.225467205047607, "reserved_gib": 8.228515625, "peak_allocated_gib": 7.100411891937256, "gpu_time_budget": null, "module": "model.layers.15.mlp.down_proj", "step": 7808}
{"stage": "sequential-round-coordinate", "pid": 4075184, "time": 1789707777.1072838, "cuda_visible_devices": "2", "allocated_gib": 5.225467205047607, "reserved_gib": 8.228515625, "peak_allocated_gib": 7.100411891937256, "gpu_time_budget": null, "module": "model.layers.15.mlp.down_proj", "step": 7936}
{"stage": "sequential-round-coordinate", "pid": 4075184, "time": 1789707777.8427994, "cuda_visible_devices": "2", "allocated_gib": 5.225467205047607, "reserved_gib": 8.228515625, "peak_allocated_gib": 7.100411891937256, "gpu_time_budget": null, "module": "model.layers.15.mlp.down_proj", "step": 8064}
{"stage": "sequential-round-coordinate", "pid": 4075184, "time": 1789707778.6043203, "cuda_visible_devices": "2", "allocated_gib": 5.225467205047607, "reserved_gib": 8.228515625, "peak_allocated_gib": 7.100411891937256, "gpu_time_budget": null, "module": "model.layers.15.mlp.down_proj", "step": 8192}
{"stage": "sequential-round-train-nll", "pid": 4075184, "time": 1789707778.6503584, "cuda_visible_devices": "2", "allocated_gib": 3.7957167625427246, "reserved_gib": 3.80078125, "peak_allocated_gib": 7.100411891937256, "gpu_time_budget": null, "module": "model.layers.15.mlp.down_proj", "step": 512}
Evaluation segment 1/1: start=0, windows=8, seqlen=2048
{"stage": "sequential-round-train-nll", "pid": 4075184, "time": 1789707782.541483, "cuda_visible_devices": "2", "allocated_gib": 3.7957167625427246, "reserved_gib": 5.978515625, "peak_allocated_gib": 7.100411891937256, "gpu_time_budget": null, "module": "model.layers.15.mlp.down_proj", "step": 2048}
Evaluation segment 1/1: start=0, windows=8, seqlen=2048
{"stage": "sequential-round-train-nll", "pid": 4075184, "time": 1789707785.5906894, "cuda_visible_devices": "2", "allocated_gib": 3.7957167625427246, "reserved_gib": 5.978515625, "peak_allocated_gib": 7.100411891937256, "gpu_time_budget": null, "module": "model.layers.15.mlp.down_proj", "step": 8192}
Evaluation segment 1/1: start=0, windows=8, seqlen=2048
{"stage": "sequential-module-completed", "pid": 4075184, "time": 1789707788.6508086, "cuda_visible_devices": "2", "allocated_gib": 3.7957167625427246, "reserved_gib": 5.978515625, "peak_allocated_gib": 7.100411891937256, "gpu_time_budget": null, "module": "model.layers.15.mlp.down_proj", "completed": 16, "total": 28, "selected_train_nll": 2.6695613621941585, "elapsed_seconds": 1061.3778126479592}
{"stage": "sequential-round-fit", "pid": 4075184, "time": 1789707797.322975, "cuda_visible_devices": "2", "allocated_gib": 3.7957167625427246, "reserved_gib": 5.978515625, "peak_allocated_gib": 7.100411891937256, "gpu_time_budget": null, "module": "model.layers.16.mlp.down_proj", "fit_rows": 49152, "heldout_rows": 16384}
{"stage": "sequential-round-coordinate", "pid": 4075184, "time": 1789707798.618861, "cuda_visible_devices": "2", "allocated_gib": 5.225467205047607, "reserved_gib": 8.228515625, "peak_allocated_gib": 7.100411891937256, "gpu_time_budget": null, "module": "model.layers.16.mlp.down_proj", "step": 128}
{"stage": "sequential-round-coordinate", "pid": 4075184, "time": 1789707799.5826614, "cuda_visible_devices": "2", "allocated_gib": 5.225467205047607, "reserved_gib": 8.228515625, "peak_allocated_gib": 7.100411891937256, "gpu_time_budget": null, "module": "model.layers.16.mlp.down_proj", "step": 256}
{"stage": "sequential-round-coordinate", "pid": 4075184, "time": 1789707800.5409703, "cuda_visible_devices": "2", "allocated_gib": 5.225467205047607, "reserved_gib": 8.228515625, "peak_allocated_gib": 7.100411891937256, "gpu_time_budget": null, "module": "model.layers.16.mlp.down_proj", "step": 384}
{"stage": "sequential-round-coordinate", "pid": 4075184, "time": 1789707801.5966773, "cuda_visible_devices": "2", "allocated_gib": 5.225467205047607, "reserved_gib": 8.228515625, "peak_allocated_gib": 7.100411891937256, "gpu_time_budget": null, "module": "model.layers.16.mlp.down_proj", "step": 512}
{"stage": "sequential-round-coordinate", "pid": 4075184, "time": 1789707802.5593524, "cuda_visible_devices": "2", "allocated_gib": 5.225467205047607, "reserved_gib": 8.228515625, "peak_allocated_gib": 7.100411891937256, "gpu_time_budget": null, "module": "model.layers.16.mlp.down_proj", "step": 640}
{"stage": "sequential-round-coordinate", "pid": 4075184, "time": 1789707803.518745, "cuda_visible_devices": "2", "allocated_gib": 5.225467205047607, "reserved_gib": 8.228515625, "peak_allocated_gib": 7.100411891937256, "gpu_time_budget": null, "module": "model.layers.16.mlp.down_proj", "step": 768}
{"stage": "sequential-round-coordinate", "pid": 4075184, "time": 1789707804.478197, "cuda_visible_devices": "2", "allocated_gib": 5.225467205047607, "reserved_gib": 8.228515625, "peak_allocated_gib": 7.100411891937256, "gpu_time_budget": null, "module": "model.layers.16.mlp.down_proj", "step": 896}
{"stage": "sequential-round-coordinate", "pid": 4075184, "time": 1789707805.428903, "cuda_visible_devices": "2", "allocated_gib": 5.225467205047607, "reserved_gib": 8.228515625, "peak_allocated_gib": 7.100411891937256, "gpu_time_budget": null, "module": "model.layers.16.mlp.down_proj", "step": 1024}
{"stage": "sequential-round-coordinate", "pid": 4075184, "time": 1789707806.3776586, "cuda_visible_devices": "2", "allocated_gib": 5.225467205047607, "reserved_gib": 8.228515625, "peak_allocated_gib": 7.100411891937256, "gpu_time_budget": null, "module": "model.layers.16.mlp.down_proj", "step": 1152}
{"stage": "sequential-round-coordinate", "pid": 4075184, "time": 1789707807.3268063, "cuda_visible_devices": "2", "allocated_gib": 5.225467205047607, "reserved_gib": 8.228515625, "peak_allocated_gib": 7.100411891937256, "gpu_time_budget": null, "module": "model.layers.16.mlp.down_proj", "step": 1280}
{"stage": "sequential-round-coordinate", "pid": 4075184, "time": 1789707808.2764525, "cuda_visible_devices": "2", "allocated_gib": 5.225467205047607, "reserved_gib": 8.228515625, "peak_allocated_gib": 7.100411891937256, "gpu_time_budget": null, "module": "model.layers.16.mlp.down_proj", "step": 1408}
{"stage": "sequential-round-coordinate", "pid": 4075184, "time": 1789707809.2253218, "cuda_visible_devices": "2", "allocated_gib": 5.225467205047607, "reserved_gib": 8.228515625, "peak_allocated_gib": 7.100411891937256, "gpu_time_budget": null, "module": "model.layers.16.mlp.down_proj", "step": 1536}
{"stage": "sequential-round-coordinate", "pid": 4075184, "time": 1789707810.175296, "cuda_visible_devices": "2", "allocated_gib": 5.225467205047607, "reserved_gib": 8.228515625, "peak_allocated_gib": 7.100411891937256, "gpu_time_budget": null, "module": "model.layers.16.mlp.down_proj", "step": 1664}
{"stage": "sequential-round-coordinate", "pid": 4075184, "time": 1789707811.12559, "cuda_visible_devices": "2", "allocated_gib": 5.225467205047607, "reserved_gib": 8.228515625, "peak_allocated_gib": 7.100411891937256, "gpu_time_budget": null, "module": "model.layers.16.mlp.down_proj", "step": 1792}
{"stage": "sequential-round-coordinate", "pid": 4075184, "time": 1789707812.083034, "cuda_visible_devices": "2", "allocated_gib": 5.225467205047607, "reserved_gib": 8.228515625, "peak_allocated_gib": 7.100411891937256, "gpu_time_budget": null, "module": "model.layers.16.mlp.down_proj", "step": 1920}
{"stage": "sequential-round-coordinate", "pid": 4075184, "time": 1789707813.1287844, "cuda_visible_devices": "2", "allocated_gib": 5.225467205047607, "reserved_gib": 8.228515625, "peak_allocated_gib": 7.100411891937256, "gpu_time_budget": null, "module": "model.layers.16.mlp.down_proj", "step": 2048}
{"stage": "sequential-round-coordinate", "pid": 4075184, "time": 1789707814.0885115, "cuda_visible_devices": "2", "allocated_gib": 5.225467205047607, "reserved_gib": 8.228515625, "peak_allocated_gib": 7.100411891937256, "gpu_time_budget": null, "module": "model.layers.16.mlp.down_proj", "step": 2176}
{"stage": "sequential-round-coordinate", "pid": 4075184, "time": 1789707815.0457838, "cuda_visible_devices": "2", "allocated_gib": 5.225467205047607, "reserved_gib": 8.228515625, "peak_allocated_gib": 7.100411891937256, "gpu_time_budget": null, "module": "model.layers.16.mlp.down_proj", "step": 2304}
{"stage": "sequential-round-coordinate", "pid": 4075184, "time": 1789707816.0035686, "cuda_visible_devices": "2", "allocated_gib": 5.225467205047607, "reserved_gib": 8.228515625, "peak_allocated_gib": 7.100411891937256, "gpu_time_budget": null, "module": "model.layers.16.mlp.down_proj", "step": 2432}
{"stage": "sequential-round-coordinate", "pid": 4075184, "time": 1789707816.958842, "cuda_visible_devices": "2", "allocated_gib": 5.225467205047607, "reserved_gib": 8.228515625, "peak_allocated_gib": 7.100411891937256, "gpu_time_budget": null, "module": "model.layers.16.mlp.down_proj", "step": 2560}
{"stage": "sequential-round-coordinate", "pid": 4075184, "time": 1789707817.9166489, "cuda_visible_devices": "2", "allocated_gib": 5.225467205047607, "reserved_gib": 8.228515625, "peak_allocated_gib": 7.100411891937256, "gpu_time_budget": null, "module": "model.layers.16.mlp.down_proj", "step": 2688}
{"stage": "sequential-round-coordinate", "pid": 4075184, "time": 1789707818.8712409, "cuda_visible_devices": "2", "allocated_gib": 5.225467205047607, "reserved_gib": 8.228515625, "peak_allocated_gib": 7.100411891937256, "gpu_time_budget": null, "module": "model.layers.16.mlp.down_proj", "step": 2816}
{"stage": "sequential-round-coordinate", "pid": 4075184, "time": 1789707819.8274374, "cuda_visible_devices": "2", "allocated_gib": 5.225467205047607, "reserved_gib": 8.228515625, "peak_allocated_gib": 7.100411891937256, "gpu_time_budget": null, "module": "model.layers.16.mlp.down_proj", "step": 2944}
{"stage": "sequential-round-coordinate", "pid": 4075184, "time": 1789707820.7808428, "cuda_visible_devices": "2", "allocated_gib": 5.225467205047607, "reserved_gib": 8.228515625, "peak_allocated_gib": 7.100411891937256, "gpu_time_budget": null, "module": "model.layers.16.mlp.down_proj", "step": 3072}
{"stage": "sequential-round-coordinate", "pid": 4075184, "time": 1789707821.7406375, "cuda_visible_devices": "2", "allocated_gib": 5.225467205047607, "reserved_gib": 8.228515625, "peak_allocated_gib": 7.100411891937256, "gpu_time_budget": null, "module": "model.layers.16.mlp.down_proj", "step": 3200}
{"stage": "sequential-round-coordinate", "pid": 4075184, "time": 1789707822.6979887, "cuda_visible_devices": "2", "allocated_gib": 5.225467205047607, "reserved_gib": 8.228515625, "peak_allocated_gib": 7.100411891937256, "gpu_time_budget": null, "module": "model.layers.16.mlp.down_proj", "step": 3328}
{"stage": "sequential-round-coordinate", "pid": 4075184, "time": 1789707823.6563382, "cuda_visible_devices": "2", "allocated_gib": 5.225467205047607, "reserved_gib": 8.228515625, "peak_allocated_gib": 7.100411891937256, "gpu_time_budget": null, "module": "model.layers.16.mlp.down_proj", "step": 3456}
{"stage": "sequential-round-coordinate", "pid": 4075184, "time": 1789707824.6146307, "cuda_visible_devices": "2", "allocated_gib": 5.225467205047607, "reserved_gib": 8.228515625, "peak_allocated_gib": 7.100411891937256, "gpu_time_budget": null, "module": "model.layers.16.mlp.down_proj", "step": 3584}
{"stage": "sequential-round-coordinate", "pid": 4075184, "time": 1789707825.574256, "cuda_visible_devices": "2", "allocated_gib": 5.225467205047607, "reserved_gib": 8.228515625, "peak_allocated_gib": 7.100411891937256, "gpu_time_budget": null, "module": "model.layers.16.mlp.down_proj", "step": 3712}
{"stage": "sequential-round-coordinate", "pid": 4075184, "time": 1789707826.542243, "cuda_visible_devices": "2", "allocated_gib": 5.225467205047607, "reserved_gib": 8.228515625, "peak_allocated_gib": 7.100411891937256, "gpu_time_budget": null, "module": "model.layers.16.mlp.down_proj", "step": 3840}
{"stage": "sequential-round-coordinate", "pid": 4075184, "time": 1789707827.5032854, "cuda_visible_devices": "2", "allocated_gib": 5.225467205047607, "reserved_gib": 8.228515625, "peak_allocated_gib": 7.100411891937256, "gpu_time_budget": null, "module": "model.layers.16.mlp.down_proj", "step": 3968}
{"stage": "sequential-round-coordinate", "pid": 4075184, "time": 1789707828.4611113, "cuda_visible_devices": "2", "allocated_gib": 5.225467205047607, "reserved_gib": 8.228515625, "peak_allocated_gib": 7.100411891937256, "gpu_time_budget": null, "module": "model.layers.16.mlp.down_proj", "step": 4096}
{"stage": "sequential-round-coordinate", "pid": 4075184, "time": 1789707829.4127707, "cuda_visible_devices": "2", "allocated_gib": 5.225467205047607, "reserved_gib": 8.228515625, "peak_allocated_gib": 7.100411891937256, "gpu_time_budget": null, "module": "model.layers.16.mlp.down_proj", "step": 4224}
{"stage": "sequential-round-coordinate", "pid": 4075184, "time": 1789707830.3651495, "cuda_visible_devices": "2", "allocated_gib": 5.225467205047607, "reserved_gib": 8.228515625, "peak_allocated_gib": 7.100411891937256, "gpu_time_budget": null, "module": "model.layers.16.mlp.down_proj", "step": 4352}
{"stage": "sequential-round-coordinate", "pid": 4075184, "time": 1789707831.3185585, "cuda_visible_devices": "2", "allocated_gib": 5.225467205047607, "reserved_gib": 8.228515625, "peak_allocated_gib": 7.100411891937256, "gpu_time_budget": null, "module": "model.layers.16.mlp.down_proj", "step": 4480}
{"stage": "sequential-round-coordinate", "pid": 4075184, "time": 1789707832.2644389, "cuda_visible_devices": "2", "allocated_gib": 5.225467205047607, "reserved_gib": 8.228515625, "peak_allocated_gib": 7.100411891937256, "gpu_time_budget": null, "module": "model.layers.16.mlp.down_proj", "step": 4608}
{"stage": "sequential-round-coordinate", "pid": 4075184, "time": 1789707833.214258, "cuda_visible_devices": "2", "allocated_gib": 5.225467205047607, "reserved_gib": 8.228515625, "peak_allocated_gib": 7.100411891937256, "gpu_time_budget": null, "module": "model.layers.16.mlp.down_proj", "step": 4736}
{"stage": "sequential-round-coordinate", "pid": 4075184, "time": 1789707834.1629102, "cuda_visible_devices": "2", "allocated_gib": 5.225467205047607, "reserved_gib": 8.228515625, "peak_allocated_gib": 7.100411891937256, "gpu_time_budget": null, "module": "model.layers.16.mlp.down_proj", "step": 4864}
{"stage": "sequential-round-coordinate", "pid": 4075184, "time": 1789707835.1386569, "cuda_visible_devices": "2", "allocated_gib": 5.225467205047607, "reserved_gib": 8.228515625, "peak_allocated_gib": 7.100411891937256, "gpu_time_budget": null, "module": "model.layers.16.mlp.down_proj", "step": 4992}
{"stage": "sequential-round-coordinate", "pid": 4075184, "time": 1789707836.0915613, "cuda_visible_devices": "2", "allocated_gib": 5.225467205047607, "reserved_gib": 8.228515625, "peak_allocated_gib": 7.100411891937256, "gpu_time_budget": null, "module": "model.layers.16.mlp.down_proj", "step": 5120}
{"stage": "sequential-round-coordinate", "pid": 4075184, "time": 1789707837.0521705, "cuda_visible_devices": "2", "allocated_gib": 5.225467205047607, "reserved_gib": 8.228515625, "peak_allocated_gib": 7.100411891937256, "gpu_time_budget": null, "module": "model.layers.16.mlp.down_proj", "step": 5248}
{"stage": "sequential-round-coordinate", "pid": 4075184, "time": 1789707838.008572, "cuda_visible_devices": "2", "allocated_gib": 5.225467205047607, "reserved_gib": 8.228515625, "peak_allocated_gib": 7.100411891937256, "gpu_time_budget": null, "module": "model.layers.16.mlp.down_proj", "step": 5376}
{"stage": "sequential-round-coordinate", "pid": 4075184, "time": 1789707838.9635408, "cuda_visible_devices": "2", "allocated_gib": 5.225467205047607, "reserved_gib": 8.228515625, "peak_allocated_gib": 7.100411891937256, "gpu_time_budget": null, "module": "model.layers.16.mlp.down_proj", "step": 5504}
{"stage": "sequential-round-coordinate", "pid": 4075184, "time": 1789707839.9101803, "cuda_visible_devices": "2", "allocated_gib": 5.225467205047607, "reserved_gib": 8.228515625, "peak_allocated_gib": 7.100411891937256, "gpu_time_budget": null, "module": "model.layers.16.mlp.down_proj", "step": 5632}
{"stage": "sequential-round-coordinate", "pid": 4075184, "time": 1789707840.8570888, "cuda_visible_devices": "2", "allocated_gib": 5.225467205047607, "reserved_gib": 8.228515625, "peak_allocated_gib": 7.100411891937256, "gpu_time_budget": null, "module": "model.layers.16.mlp.down_proj", "step": 5760}
{"stage": "sequential-round-coordinate", "pid": 4075184, "time": 1789707841.8063304, "cuda_visible_devices": "2", "allocated_gib": 5.225467205047607, "reserved_gib": 8.228515625, "peak_allocated_gib": 7.100411891937256, "gpu_time_budget": null, "module": "model.layers.16.mlp.down_proj", "step": 5888}
{"stage": "sequential-round-coordinate", "pid": 4075184, "time": 1789707842.7548606, "cuda_visible_devices": "2", "allocated_gib": 5.225467205047607, "reserved_gib": 8.228515625, "peak_allocated_gib": 7.100411891937256, "gpu_time_budget": null, "module": "model.layers.16.mlp.down_proj", "step": 6016}
{"stage": "sequential-round-coordinate", "pid": 4075184, "time": 1789707843.7061415, "cuda_visible_devices": "2", "allocated_gib": 5.225467205047607, "reserved_gib": 8.228515625, "peak_allocated_gib": 7.100411891937256, "gpu_time_budget": null, "module": "model.layers.16.mlp.down_proj", "step": 6144}
{"stage": "sequential-round-coordinate", "pid": 4075184, "time": 1789707844.6635733, "cuda_visible_devices": "2", "allocated_gib": 5.225467205047607, "reserved_gib": 8.228515625, "peak_allocated_gib": 7.100411891937256, "gpu_time_budget": null, "module": "model.layers.16.mlp.down_proj", "step": 6272}
{"stage": "sequential-round-coordinate", "pid": 4075184, "time": 1789707845.6143892, "cuda_visible_devices": "2", "allocated_gib": 5.225467205047607, "reserved_gib": 8.228515625, "peak_allocated_gib": 7.100411891937256, "gpu_time_budget": null, "module": "model.layers.16.mlp.down_proj", "step": 6400}
{"stage": "sequential-round-coordinate", "pid": 4075184, "time": 1789707846.2491262, "cuda_visible_devices": "2", "allocated_gib": 5.225467205047607, "reserved_gib": 8.228515625, "peak_allocated_gib": 7.100411891937256, "gpu_time_budget": null, "module": "model.layers.16.mlp.down_proj", "step": 6528}
{"stage": "sequential-round-coordinate", "pid": 4075184, "time": 1789707846.968697, "cuda_visible_devices": "2", "allocated_gib": 5.225467205047607, "reserved_gib": 8.228515625, "peak_allocated_gib": 7.100411891937256, "gpu_time_budget": null, "module": "model.layers.16.mlp.down_proj", "step": 6656}
{"stage": "sequential-round-coordinate", "pid": 4075184, "time": 1789707847.6858747, "cuda_visible_devices": "2", "allocated_gib": 5.225467205047607, "reserved_gib": 8.228515625, "peak_allocated_gib": 7.100411891937256, "gpu_time_budget": null, "module": "model.layers.16.mlp.down_proj", "step": 6784}
{"stage": "sequential-round-coordinate", "pid": 4075184, "time": 1789707848.403792, "cuda_visible_devices": "2", "allocated_gib": 5.225467205047607, "reserved_gib": 8.228515625, "peak_allocated_gib": 7.100411891937256, "gpu_time_budget": null, "module": "model.layers.16.mlp.down_proj", "step": 6912}
{"stage": "sequential-round-coordinate", "pid": 4075184, "time": 1789707849.1213791, "cuda_visible_devices": "2", "allocated_gib": 5.225467205047607, "reserved_gib": 8.228515625, "peak_allocated_gib": 7.100411891937256, "gpu_time_budget": null, "module": "model.layers.16.mlp.down_proj", "step": 7040}
{"stage": "sequential-round-coordinate", "pid": 4075184, "time": 1789707849.8384714, "cuda_visible_devices": "2", "allocated_gib": 5.225467205047607, "reserved_gib": 8.228515625, "peak_allocated_gib": 7.100411891937256, "gpu_time_budget": null, "module": "model.layers.16.mlp.down_proj", "step": 7168}
{"stage": "sequential-round-coordinate", "pid": 4075184, "time": 1789707850.5565581, "cuda_visible_devices": "2", "allocated_gib": 5.225467205047607, "reserved_gib": 8.228515625, "peak_allocated_gib": 7.100411891937256, "gpu_time_budget": null, "module": "model.layers.16.mlp.down_proj", "step": 7296}
{"stage": "sequential-round-coordinate", "pid": 4075184, "time": 1789707851.2706506, "cuda_visible_devices": "2", "allocated_gib": 5.225467205047607, "reserved_gib": 8.228515625, "peak_allocated_gib": 7.100411891937256, "gpu_time_budget": null, "module": "model.layers.16.mlp.down_proj", "step": 7424}
{"stage": "sequential-round-coordinate", "pid": 4075184, "time": 1789707851.9706597, "cuda_visible_devices": "2", "allocated_gib": 5.225467205047607, "reserved_gib": 8.228515625, "peak_allocated_gib": 7.100411891937256, "gpu_time_budget": null, "module": "model.layers.16.mlp.down_proj", "step": 7552}
{"stage": "sequential-round-coordinate", "pid": 4075184, "time": 1789707852.6881306, "cuda_visible_devices": "2", "allocated_gib": 5.225467205047607, "reserved_gib": 8.228515625, "peak_allocated_gib": 7.100411891937256, "gpu_time_budget": null, "module": "model.layers.16.mlp.down_proj", "step": 7680}
{"stage": "sequential-round-coordinate", "pid": 4075184, "time": 1789707853.4038072, "cuda_visible_devices": "2", "allocated_gib": 5.225467205047607, "reserved_gib": 8.228515625, "peak_allocated_gib": 7.100411891937256, "gpu_time_budget": null, "module": "model.layers.16.mlp.down_proj", "step": 7808}
{"stage": "sequential-round-coordinate", "pid": 4075184, "time": 1789707854.1227477, "cuda_visible_devices": "2", "allocated_gib": 5.225467205047607, "reserved_gib": 8.228515625, "peak_allocated_gib": 7.100411891937256, "gpu_time_budget": null, "module": "model.layers.16.mlp.down_proj", "step": 7936}
{"stage": "sequential-round-coordinate", "pid": 4075184, "time": 1789707854.8481574, "cuda_visible_devices": "2", "allocated_gib": 5.225467205047607, "reserved_gib": 8.228515625, "peak_allocated_gib": 7.100411891937256, "gpu_time_budget": null, "module": "model.layers.16.mlp.down_proj", "step": 8064}
{"stage": "sequential-round-coordinate", "pid": 4075184, "time": 1789707855.6599972, "cuda_visible_devices": "2", "allocated_gib": 5.225467205047607, "reserved_gib": 8.228515625, "peak_allocated_gib": 7.100411891937256, "gpu_time_budget": null, "module": "model.layers.16.mlp.down_proj", "step": 8192}
{"stage": "sequential-round-train-nll", "pid": 4075184, "time": 1789707855.705341, "cuda_visible_devices": "2", "allocated_gib": 3.7957167625427246, "reserved_gib": 3.80078125, "peak_allocated_gib": 7.100411891937256, "gpu_time_budget": null, "module": "model.layers.16.mlp.down_proj", "step": 512}
Evaluation segment 1/1: start=0, windows=8, seqlen=2048
{"stage": "sequential-round-train-nll", "pid": 4075184, "time": 1789707859.3581278, "cuda_visible_devices": "2", "allocated_gib": 3.7957167625427246, "reserved_gib": 5.978515625, "peak_allocated_gib": 7.100411891937256, "gpu_time_budget": null, "module": "model.layers.16.mlp.down_proj", "step": 2048}
Evaluation segment 1/1: start=0, windows=8, seqlen=2048
{"stage": "sequential-round-train-nll", "pid": 4075184, "time": 1789707862.7142487, "cuda_visible_devices": "2", "allocated_gib": 3.7957167625427246, "reserved_gib": 5.978515625, "peak_allocated_gib": 7.100411891937256, "gpu_time_budget": null, "module": "model.layers.16.mlp.down_proj", "step": 8192}
Evaluation segment 1/1: start=0, windows=8, seqlen=2048
{"stage": "sequential-module-completed", "pid": 4075184, "time": 1789707866.1904898, "cuda_visible_devices": "2", "allocated_gib": 3.7957167625427246, "reserved_gib": 5.978515625, "peak_allocated_gib": 7.100411891937256, "gpu_time_budget": null, "module": "model.layers.16.mlp.down_proj", "completed": 17, "total": 28, "selected_train_nll": 2.6695613621941585, "elapsed_seconds": 1138.9174976398936}
{"stage": "sequential-round-fit", "pid": 4075184, "time": 1789707875.0294447, "cuda_visible_devices": "2", "allocated_gib": 3.7957167625427246, "reserved_gib": 5.978515625, "peak_allocated_gib": 7.100411891937256, "gpu_time_budget": null, "module": "model.layers.17.mlp.down_proj", "fit_rows": 49152, "heldout_rows": 16384}
{"stage": "sequential-round-coordinate", "pid": 4075184, "time": 1789707876.3155272, "cuda_visible_devices": "2", "allocated_gib": 5.225467205047607, "reserved_gib": 8.228515625, "peak_allocated_gib": 7.100411891937256, "gpu_time_budget": null, "module": "model.layers.17.mlp.down_proj", "step": 128}
{"stage": "sequential-round-coordinate", "pid": 4075184, "time": 1789707877.2699533, "cuda_visible_devices": "2", "allocated_gib": 5.225467205047607, "reserved_gib": 8.228515625, "peak_allocated_gib": 7.100411891937256, "gpu_time_budget": null, "module": "model.layers.17.mlp.down_proj", "step": 256}
{"stage": "sequential-round-coordinate", "pid": 4075184, "time": 1789707878.2290688, "cuda_visible_devices": "2", "allocated_gib": 5.225467205047607, "reserved_gib": 8.228515625, "peak_allocated_gib": 7.100411891937256, "gpu_time_budget": null, "module": "model.layers.17.mlp.down_proj", "step": 384}
{"stage": "sequential-round-coordinate", "pid": 4075184, "time": 1789707879.2701285, "cuda_visible_devices": "2", "allocated_gib": 5.225467205047607, "reserved_gib": 8.228515625, "peak_allocated_gib": 7.100411891937256, "gpu_time_budget": null, "module": "model.layers.17.mlp.down_proj", "step": 512}
{"stage": "sequential-round-coordinate", "pid": 4075184, "time": 1789707880.2289824, "cuda_visible_devices": "2", "allocated_gib": 5.225467205047607, "reserved_gib": 8.228515625, "peak_allocated_gib": 7.100411891937256, "gpu_time_budget": null, "module": "model.layers.17.mlp.down_proj", "step": 640}
{"stage": "sequential-round-coordinate", "pid": 4075184, "time": 1789707881.1849308, "cuda_visible_devices": "2", "allocated_gib": 5.225467205047607, "reserved_gib": 8.228515625, "peak_allocated_gib": 7.100411891937256, "gpu_time_budget": null, "module": "model.layers.17.mlp.down_proj", "step": 768}
{"stage": "sequential-round-coordinate", "pid": 4075184, "time": 1789707882.1402123, "cuda_visible_devices": "2", "allocated_gib": 5.225467205047607, "reserved_gib": 8.228515625, "peak_allocated_gib": 7.100411891937256, "gpu_time_budget": null, "module": "model.layers.17.mlp.down_proj", "step": 896}
{"stage": "sequential-round-coordinate", "pid": 4075184, "time": 1789707883.0967324, "cuda_visible_devices": "2", "allocated_gib": 5.225467205047607, "reserved_gib": 8.228515625, "peak_allocated_gib": 7.100411891937256, "gpu_time_budget": null, "module": "model.layers.17.mlp.down_proj", "step": 1024}
{"stage": "sequential-round-coordinate", "pid": 4075184, "time": 1789707884.0572147, "cuda_visible_devices": "2", "allocated_gib": 5.225467205047607, "reserved_gib": 8.228515625, "peak_allocated_gib": 7.100411891937256, "gpu_time_budget": null, "module": "model.layers.17.mlp.down_proj", "step": 1152}
{"stage": "sequential-round-coordinate", "pid": 4075184, "time": 1789707885.0122066, "cuda_visible_devices": "2", "allocated_gib": 5.225467205047607, "reserved_gib": 8.228515625, "peak_allocated_gib": 7.100411891937256, "gpu_time_budget": null, "module": "model.layers.17.mlp.down_proj", "step": 1280}
{"stage": "sequential-round-coordinate", "pid": 4075184, "time": 1789707885.966061, "cuda_visible_devices": "2", "allocated_gib": 5.225467205047607, "reserved_gib": 8.228515625, "peak_allocated_gib": 7.100411891937256, "gpu_time_budget": null, "module": "model.layers.17.mlp.down_proj", "step": 1408}
{"stage": "sequential-round-coordinate", "pid": 4075184, "time": 1789707886.9264016, "cuda_visible_devices": "2", "allocated_gib": 5.225467205047607, "reserved_gib": 8.228515625, "peak_allocated_gib": 7.100411891937256, "gpu_time_budget": null, "module": "model.layers.17.mlp.down_proj", "step": 1536}
{"stage": "sequential-round-coordinate", "pid": 4075184, "time": 1789707887.8835483, "cuda_visible_devices": "2", "allocated_gib": 5.225467205047607, "reserved_gib": 8.228515625, "peak_allocated_gib": 7.100411891937256, "gpu_time_budget": null, "module": "model.layers.17.mlp.down_proj", "step": 1664}
{"stage": "sequential-round-coordinate", "pid": 4075184, "time": 1789707888.8403788, "cuda_visible_devices": "2", "allocated_gib": 5.225467205047607, "reserved_gib": 8.228515625, "peak_allocated_gib": 7.100411891937256, "gpu_time_budget": null, "module": "model.layers.17.mlp.down_proj", "step": 1792}
{"stage": "sequential-round-coordinate", "pid": 4075184, "time": 1789707889.7953615, "cuda_visible_devices": "2", "allocated_gib": 5.225467205047607, "reserved_gib": 8.228515625, "peak_allocated_gib": 7.100411891937256, "gpu_time_budget": null, "module": "model.layers.17.mlp.down_proj", "step": 1920}
{"stage": "sequential-round-coordinate", "pid": 4075184, "time": 1789707890.839461, "cuda_visible_devices": "2", "allocated_gib": 5.225467205047607, "reserved_gib": 8.228515625, "peak_allocated_gib": 7.100411891937256, "gpu_time_budget": null, "module": "model.layers.17.mlp.down_proj", "step": 2048}
{"stage": "sequential-round-coordinate", "pid": 4075184, "time": 1789707891.793108, "cuda_visible_devices": "2", "allocated_gib": 5.225467205047607, "reserved_gib": 8.228515625, "peak_allocated_gib": 7.100411891937256, "gpu_time_budget": null, "module": "model.layers.17.mlp.down_proj", "step": 2176}
{"stage": "sequential-round-coordinate", "pid": 4075184, "time": 1789707892.7498755, "cuda_visible_devices": "2", "allocated_gib": 5.225467205047607, "reserved_gib": 8.228515625, "peak_allocated_gib": 7.100411891937256, "gpu_time_budget": null, "module": "model.layers.17.mlp.down_proj", "step": 2304}
{"stage": "sequential-round-coordinate", "pid": 4075184, "time": 1789707893.7065597, "cuda_visible_devices": "2", "allocated_gib": 5.225467205047607, "reserved_gib": 8.228515625, "peak_allocated_gib": 7.100411891937256, "gpu_time_budget": null, "module": "model.layers.17.mlp.down_proj", "step": 2432}
{"stage": "sequential-round-coordinate", "pid": 4075184, "time": 1789707894.6642928, "cuda_visible_devices": "2", "allocated_gib": 5.225467205047607, "reserved_gib": 8.228515625, "peak_allocated_gib": 7.100411891937256, "gpu_time_budget": null, "module": "model.layers.17.mlp.down_proj", "step": 2560}
{"stage": "sequential-round-coordinate", "pid": 4075184, "time": 1789707895.6142101, "cuda_visible_devices": "2", "allocated_gib": 5.225467205047607, "reserved_gib": 8.228515625, "peak_allocated_gib": 7.100411891937256, "gpu_time_budget": null, "module": "model.layers.17.mlp.down_proj", "step": 2688}
{"stage": "sequential-round-coordinate", "pid": 4075184, "time": 1789707896.563345, "cuda_visible_devices": "2", "allocated_gib": 5.225467205047607, "reserved_gib": 8.228515625, "peak_allocated_gib": 7.100411891937256, "gpu_time_budget": null, "module": "model.layers.17.mlp.down_proj", "step": 2816}
{"stage": "sequential-round-coordinate", "pid": 4075184, "time": 1789707897.5137658, "cuda_visible_devices": "2", "allocated_gib": 5.225467205047607, "reserved_gib": 8.228515625, "peak_allocated_gib": 7.100411891937256, "gpu_time_budget": null, "module": "model.layers.17.mlp.down_proj", "step": 2944}
{"stage": "sequential-round-coordinate", "pid": 4075184, "time": 1789707898.4672813, "cuda_visible_devices": "2", "allocated_gib": 5.225467205047607, "reserved_gib": 8.228515625, "peak_allocated_gib": 7.100411891937256, "gpu_time_budget": null, "module": "model.layers.17.mlp.down_proj", "step": 3072}
{"stage": "sequential-round-coordinate", "pid": 4075184, "time": 1789707899.417816, "cuda_visible_devices": "2", "allocated_gib": 5.225467205047607, "reserved_gib": 8.228515625, "peak_allocated_gib": 7.100411891937256, "gpu_time_budget": null, "module": "model.layers.17.mlp.down_proj", "step": 3200}
{"stage": "sequential-round-coordinate", "pid": 4075184, "time": 1789707900.370511, "cuda_visible_devices": "2", "allocated_gib": 5.225467205047607, "reserved_gib": 8.228515625, "peak_allocated_gib": 7.100411891937256, "gpu_time_budget": null, "module": "model.layers.17.mlp.down_proj", "step": 3328}
{"stage": "sequential-round-coordinate", "pid": 4075184, "time": 1789707901.321635, "cuda_visible_devices": "2", "allocated_gib": 5.225467205047607, "reserved_gib": 8.228515625, "peak_allocated_gib": 7.100411891937256, "gpu_time_budget": null, "module": "model.layers.17.mlp.down_proj", "step": 3456}
{"stage": "sequential-round-coordinate", "pid": 4075184, "time": 1789707902.2758808, "cuda_visible_devices": "2", "allocated_gib": 5.225467205047607, "reserved_gib": 8.228515625, "peak_allocated_gib": 7.100411891937256, "gpu_time_budget": null, "module": "model.layers.17.mlp.down_proj", "step": 3584}
{"stage": "sequential-round-coordinate", "pid": 4075184, "time": 1789707903.22908, "cuda_visible_devices": "2", "allocated_gib": 5.225467205047607, "reserved_gib": 8.228515625, "peak_allocated_gib": 7.100411891937256, "gpu_time_budget": null, "module": "model.layers.17.mlp.down_proj", "step": 3712}
{"stage": "sequential-round-coordinate", "pid": 4075184, "time": 1789707904.1829576, "cuda_visible_devices": "2", "allocated_gib": 5.225467205047607, "reserved_gib": 8.228515625, "peak_allocated_gib": 7.100411891937256, "gpu_time_budget": null, "module": "model.layers.17.mlp.down_proj", "step": 3840}
{"stage": "sequential-round-coordinate", "pid": 4075184, "time": 1789707905.1337137, "cuda_visible_devices": "2", "allocated_gib": 5.225467205047607, "reserved_gib": 8.228515625, "peak_allocated_gib": 7.100411891937256, "gpu_time_budget": null, "module": "model.layers.17.mlp.down_proj", "step": 3968}
{"stage": "sequential-round-coordinate", "pid": 4075184, "time": 1789707906.0919368, "cuda_visible_devices": "2", "allocated_gib": 5.225467205047607, "reserved_gib": 8.228515625, "peak_allocated_gib": 7.100411891937256, "gpu_time_budget": null, "module": "model.layers.17.mlp.down_proj", "step": 4096}
{"stage": "sequential-round-coordinate", "pid": 4075184, "time": 1789707907.0513618, "cuda_visible_devices": "2", "allocated_gib": 5.225467205047607, "reserved_gib": 8.228515625, "peak_allocated_gib": 7.100411891937256, "gpu_time_budget": null, "module": "model.layers.17.mlp.down_proj", "step": 4224}
{"stage": "sequential-round-coordinate", "pid": 4075184, "time": 1789707908.0019958, "cuda_visible_devices": "2", "allocated_gib": 5.225467205047607, "reserved_gib": 8.228515625, "peak_allocated_gib": 7.100411891937256, "gpu_time_budget": null, "module": "model.layers.17.mlp.down_proj", "step": 4352}
{"stage": "sequential-round-coordinate", "pid": 4075184, "time": 1789707908.952424, "cuda_visible_devices": "2", "allocated_gib": 5.225467205047607, "reserved_gib": 8.228515625, "peak_allocated_gib": 7.100411891937256, "gpu_time_budget": null, "module": "model.layers.17.mlp.down_proj", "step": 4480}
{"stage": "sequential-round-coordinate", "pid": 4075184, "time": 1789707909.9067476, "cuda_visible_devices": "2", "allocated_gib": 5.225467205047607, "reserved_gib": 8.228515625, "peak_allocated_gib": 7.100411891937256, "gpu_time_budget": null, "module": "model.layers.17.mlp.down_proj", "step": 4608}
{"stage": "sequential-round-coordinate", "pid": 4075184, "time": 1789707910.862251, "cuda_visible_devices": "2", "allocated_gib": 5.225467205047607, "reserved_gib": 8.228515625, "peak_allocated_gib": 7.100411891937256, "gpu_time_budget": null, "module": "model.layers.17.mlp.down_proj", "step": 4736}
{"stage": "sequential-round-coordinate", "pid": 4075184, "time": 1789707911.8151274, "cuda_visible_devices": "2", "allocated_gib": 5.225467205047607, "reserved_gib": 8.228515625, "peak_allocated_gib": 7.100411891937256, "gpu_time_budget": null, "module": "model.layers.17.mlp.down_proj", "step": 4864}
{"stage": "sequential-round-coordinate", "pid": 4075184, "time": 1789707912.7638483, "cuda_visible_devices": "2", "allocated_gib": 5.225467205047607, "reserved_gib": 8.228515625, "peak_allocated_gib": 7.100411891937256, "gpu_time_budget": null, "module": "model.layers.17.mlp.down_proj", "step": 4992}
{"stage": "sequential-round-coordinate", "pid": 4075184, "time": 1789707913.7209053, "cuda_visible_devices": "2", "allocated_gib": 5.225467205047607, "reserved_gib": 8.228515625, "peak_allocated_gib": 7.100411891937256, "gpu_time_budget": null, "module": "model.layers.17.mlp.down_proj", "step": 5120}
{"stage": "sequential-round-coordinate", "pid": 4075184, "time": 1789707914.6725724, "cuda_visible_devices": "2", "allocated_gib": 5.225467205047607, "reserved_gib": 8.228515625, "peak_allocated_gib": 7.100411891937256, "gpu_time_budget": null, "module": "model.layers.17.mlp.down_proj", "step": 5248}
{"stage": "sequential-round-coordinate", "pid": 4075184, "time": 1789707915.6305974, "cuda_visible_devices": "2", "allocated_gib": 5.225467205047607, "reserved_gib": 8.228515625, "peak_allocated_gib": 7.100411891937256, "gpu_time_budget": null, "module": "model.layers.17.mlp.down_proj", "step": 5376}
{"stage": "sequential-round-coordinate", "pid": 4075184, "time": 1789707916.5871058, "cuda_visible_devices": "2", "allocated_gib": 5.225467205047607, "reserved_gib": 8.228515625, "peak_allocated_gib": 7.100411891937256, "gpu_time_budget": null, "module": "model.layers.17.mlp.down_proj", "step": 5504}
{"stage": "sequential-round-coordinate", "pid": 4075184, "time": 1789707917.546378, "cuda_visible_devices": "2", "allocated_gib": 5.225467205047607, "reserved_gib": 8.228515625, "peak_allocated_gib": 7.100411891937256, "gpu_time_budget": null, "module": "model.layers.17.mlp.down_proj", "step": 5632}
{"stage": "sequential-round-coordinate", "pid": 4075184, "time": 1789707918.498968, "cuda_visible_devices": "2", "allocated_gib": 5.225467205047607, "reserved_gib": 8.228515625, "peak_allocated_gib": 7.100411891937256, "gpu_time_budget": null, "module": "model.layers.17.mlp.down_proj", "step": 5760}
{"stage": "sequential-round-coordinate", "pid": 4075184, "time": 1789707919.457183, "cuda_visible_devices": "2", "allocated_gib": 5.225467205047607, "reserved_gib": 8.228515625, "peak_allocated_gib": 7.100411891937256, "gpu_time_budget": null, "module": "model.layers.17.mlp.down_proj", "step": 5888}
{"stage": "sequential-round-coordinate", "pid": 4075184, "time": 1789707920.4124956, "cuda_visible_devices": "2", "allocated_gib": 5.225467205047607, "reserved_gib": 8.228515625, "peak_allocated_gib": 7.100411891937256, "gpu_time_budget": null, "module": "model.layers.17.mlp.down_proj", "step": 6016}
{"stage": "sequential-round-coordinate", "pid": 4075184, "time": 1789707921.3653502, "cuda_visible_devices": "2", "allocated_gib": 5.225467205047607, "reserved_gib": 8.228515625, "peak_allocated_gib": 7.100411891937256, "gpu_time_budget": null, "module": "model.layers.17.mlp.down_proj", "step": 6144}
{"stage": "sequential-round-coordinate", "pid": 4075184, "time": 1789707922.319687, "cuda_visible_devices": "2", "allocated_gib": 5.225467205047607, "reserved_gib": 8.228515625, "peak_allocated_gib": 7.100411891937256, "gpu_time_budget": null, "module": "model.layers.17.mlp.down_proj", "step": 6272}
{"stage": "sequential-round-coordinate", "pid": 4075184, "time": 1789707923.2774343, "cuda_visible_devices": "2", "allocated_gib": 5.225467205047607, "reserved_gib": 8.228515625, "peak_allocated_gib": 7.100411891937256, "gpu_time_budget": null, "module": "model.layers.17.mlp.down_proj", "step": 6400}
{"stage": "sequential-round-coordinate", "pid": 4075184, "time": 1789707924.072526, "cuda_visible_devices": "2", "allocated_gib": 5.225467205047607, "reserved_gib": 8.228515625, "peak_allocated_gib": 7.100411891937256, "gpu_time_budget": null, "module": "model.layers.17.mlp.down_proj", "step": 6528}
{"stage": "sequential-round-coordinate", "pid": 4075184, "time": 1789707924.6138406, "cuda_visible_devices": "2", "allocated_gib": 5.225467205047607, "reserved_gib": 8.228515625, "peak_allocated_gib": 7.100411891937256, "gpu_time_budget": null, "module": "model.layers.17.mlp.down_proj", "step": 6656}
{"stage": "sequential-round-coordinate", "pid": 4075184, "time": 1789707925.343571, "cuda_visible_devices": "2", "allocated_gib": 5.225467205047607, "reserved_gib": 8.228515625, "peak_allocated_gib": 7.100411891937256, "gpu_time_budget": null, "module": "model.layers.17.mlp.down_proj", "step": 6784}
{"stage": "sequential-round-coordinate", "pid": 4075184, "time": 1789707926.0714855, "cuda_visible_devices": "2", "allocated_gib": 5.225467205047607, "reserved_gib": 8.228515625, "peak_allocated_gib": 7.100411891937256, "gpu_time_budget": null, "module": "model.layers.17.mlp.down_proj", "step": 6912}
{"stage": "sequential-round-coordinate", "pid": 4075184, "time": 1789707926.798705, "cuda_visible_devices": "2", "allocated_gib": 5.225467205047607, "reserved_gib": 8.228515625, "peak_allocated_gib": 7.100411891937256, "gpu_time_budget": null, "module": "model.layers.17.mlp.down_proj", "step": 7040}
{"stage": "sequential-round-coordinate", "pid": 4075184, "time": 1789707927.526641, "cuda_visible_devices": "2", "allocated_gib": 5.225467205047607, "reserved_gib": 8.228515625, "peak_allocated_gib": 7.100411891937256, "gpu_time_budget": null, "module": "model.layers.17.mlp.down_proj", "step": 7168}
{"stage": "sequential-round-coordinate", "pid": 4075184, "time": 1789707928.2495627, "cuda_visible_devices": "2", "allocated_gib": 5.225467205047607, "reserved_gib": 8.228515625, "peak_allocated_gib": 7.100411891937256, "gpu_time_budget": null, "module": "model.layers.17.mlp.down_proj", "step": 7296}
{"stage": "sequential-round-coordinate", "pid": 4075184, "time": 1789707928.9712157, "cuda_visible_devices": "2", "allocated_gib": 5.225467205047607, "reserved_gib": 8.228515625, "peak_allocated_gib": 7.100411891937256, "gpu_time_budget": null, "module": "model.layers.17.mlp.down_proj", "step": 7424}
{"stage": "sequential-round-coordinate", "pid": 4075184, "time": 1789707929.7000859, "cuda_visible_devices": "2", "allocated_gib": 5.225467205047607, "reserved_gib": 8.228515625, "peak_allocated_gib": 7.100411891937256, "gpu_time_budget": null, "module": "model.layers.17.mlp.down_proj", "step": 7552}
{"stage": "sequential-round-coordinate", "pid": 4075184, "time": 1789707930.4166365, "cuda_visible_devices": "2", "allocated_gib": 5.225467205047607, "reserved_gib": 8.228515625, "peak_allocated_gib": 7.100411891937256, "gpu_time_budget": null, "module": "model.layers.17.mlp.down_proj", "step": 7680}
{"stage": "sequential-round-coordinate", "pid": 4075184, "time": 1789707931.1460764, "cuda_visible_devices": "2", "allocated_gib": 5.225467205047607, "reserved_gib": 8.228515625, "peak_allocated_gib": 7.100411891937256, "gpu_time_budget": null, "module": "model.layers.17.mlp.down_proj", "step": 7808}
{"stage": "sequential-round-coordinate", "pid": 4075184, "time": 1789707931.8734868, "cuda_visible_devices": "2", "allocated_gib": 5.225467205047607, "reserved_gib": 8.228515625, "peak_allocated_gib": 7.100411891937256, "gpu_time_budget": null, "module": "model.layers.17.mlp.down_proj", "step": 7936}
{"stage": "sequential-round-coordinate", "pid": 4075184, "time": 1789707932.602375, "cuda_visible_devices": "2", "allocated_gib": 5.225467205047607, "reserved_gib": 8.228515625, "peak_allocated_gib": 7.100411891937256, "gpu_time_budget": null, "module": "model.layers.17.mlp.down_proj", "step": 8064}
{"stage": "sequential-round-coordinate", "pid": 4075184, "time": 1789707933.386522, "cuda_visible_devices": "2", "allocated_gib": 5.225467205047607, "reserved_gib": 8.228515625, "peak_allocated_gib": 7.100411891937256, "gpu_time_budget": null, "module": "model.layers.17.mlp.down_proj", "step": 8192}
{"stage": "sequential-round-train-nll", "pid": 4075184, "time": 1789707933.4547806, "cuda_visible_devices": "2", "allocated_gib": 3.7957167625427246, "reserved_gib": 3.80078125, "peak_allocated_gib": 7.100411891937256, "gpu_time_budget": null, "module": "model.layers.17.mlp.down_proj", "step": 512}
Evaluation segment 1/1: start=0, windows=8, seqlen=2048
{"stage": "sequential-round-train-nll", "pid": 4075184, "time": 1789707937.2294893, "cuda_visible_devices": "2", "allocated_gib": 3.7957167625427246, "reserved_gib": 5.978515625, "peak_allocated_gib": 7.100411891937256, "gpu_time_budget": null, "module": "model.layers.17.mlp.down_proj", "step": 2048}
Evaluation segment 1/1: start=0, windows=8, seqlen=2048
{"stage": "sequential-round-train-nll", "pid": 4075184, "time": 1789707940.722367, "cuda_visible_devices": "2", "allocated_gib": 3.7957167625427246, "reserved_gib": 5.978515625, "peak_allocated_gib": 7.100411891937256, "gpu_time_budget": null, "module": "model.layers.17.mlp.down_proj", "step": 8192}
Evaluation segment 1/1: start=0, windows=8, seqlen=2048
{"stage": "sequential-module-completed", "pid": 4075184, "time": 1789707944.1173325, "cuda_visible_devices": "2", "allocated_gib": 3.7957167625427246, "reserved_gib": 5.978515625, "peak_allocated_gib": 7.100411891937256, "gpu_time_budget": null, "module": "model.layers.17.mlp.down_proj", "completed": 18, "total": 28, "selected_train_nll": 2.6695613621941585, "elapsed_seconds": 1216.8443398548989}
{"stage": "sequential-round-fit", "pid": 4075184, "time": 1789707952.6595702, "cuda_visible_devices": "2", "allocated_gib": 3.7957167625427246, "reserved_gib": 5.978515625, "peak_allocated_gib": 7.100411891937256, "gpu_time_budget": null, "module": "model.layers.18.mlp.down_proj", "fit_rows": 49152, "heldout_rows": 16384}
{"stage": "sequential-round-coordinate", "pid": 4075184, "time": 1789707953.9333935, "cuda_visible_devices": "2", "allocated_gib": 5.225467205047607, "reserved_gib": 8.228515625, "peak_allocated_gib": 7.100411891937256, "gpu_time_budget": null, "module": "model.layers.18.mlp.down_proj", "step": 128}
{"stage": "sequential-round-coordinate", "pid": 4075184, "time": 1789707954.8909993, "cuda_visible_devices": "2", "allocated_gib": 5.225467205047607, "reserved_gib": 8.228515625, "peak_allocated_gib": 7.100411891937256, "gpu_time_budget": null, "module": "model.layers.18.mlp.down_proj", "step": 256}
{"stage": "sequential-round-coordinate", "pid": 4075184, "time": 1789707955.8466053, "cuda_visible_devices": "2", "allocated_gib": 5.225467205047607, "reserved_gib": 8.228515625, "peak_allocated_gib": 7.100411891937256, "gpu_time_budget": null, "module": "model.layers.18.mlp.down_proj", "step": 384}
{"stage": "sequential-round-coordinate", "pid": 4075184, "time": 1789707956.8846905, "cuda_visible_devices": "2", "allocated_gib": 5.225467205047607, "reserved_gib": 8.228515625, "peak_allocated_gib": 7.100411891937256, "gpu_time_budget": null, "module": "model.layers.18.mlp.down_proj", "step": 512}
{"stage": "sequential-round-coordinate", "pid": 4075184, "time": 1789707957.837259, "cuda_visible_devices": "2", "allocated_gib": 5.225467205047607, "reserved_gib": 8.228515625, "peak_allocated_gib": 7.100411891937256, "gpu_time_budget": null, "module": "model.layers.18.mlp.down_proj", "step": 640}
{"stage": "sequential-round-coordinate", "pid": 4075184, "time": 1789707958.7864127, "cuda_visible_devices": "2", "allocated_gib": 5.225467205047607, "reserved_gib": 8.228515625, "peak_allocated_gib": 7.100411891937256, "gpu_time_budget": null, "module": "model.layers.18.mlp.down_proj", "step": 768}
{"stage": "sequential-round-coordinate", "pid": 4075184, "time": 1789707959.7371478, "cuda_visible_devices": "2", "allocated_gib": 5.225467205047607, "reserved_gib": 8.228515625, "peak_allocated_gib": 7.100411891937256, "gpu_time_budget": null, "module": "model.layers.18.mlp.down_proj", "step": 896}
{"stage": "sequential-round-coordinate", "pid": 4075184, "time": 1789707960.6891727, "cuda_visible_devices": "2", "allocated_gib": 5.225467205047607, "reserved_gib": 8.228515625, "peak_allocated_gib": 7.100411891937256, "gpu_time_budget": null, "module": "model.layers.18.mlp.down_proj", "step": 1024}
{"stage": "sequential-round-coordinate", "pid": 4075184, "time": 1789707961.6359675, "cuda_visible_devices": "2", "allocated_gib": 5.225467205047607, "reserved_gib": 8.228515625, "peak_allocated_gib": 7.100411891937256, "gpu_time_budget": null, "module": "model.layers.18.mlp.down_proj", "step": 1152}
{"stage": "sequential-round-coordinate", "pid": 4075184, "time": 1789707962.5845823, "cuda_visible_devices": "2", "allocated_gib": 5.225467205047607, "reserved_gib": 8.228515625, "peak_allocated_gib": 7.100411891937256, "gpu_time_budget": null, "module": "model.layers.18.mlp.down_proj", "step": 1280}
{"stage": "sequential-round-coordinate", "pid": 4075184, "time": 1789707963.5357518, "cuda_visible_devices": "2", "allocated_gib": 5.225467205047607, "reserved_gib": 8.228515625, "peak_allocated_gib": 7.100411891937256, "gpu_time_budget": null, "module": "model.layers.18.mlp.down_proj", "step": 1408}
{"stage": "sequential-round-coordinate", "pid": 4075184, "time": 1789707964.4867327, "cuda_visible_devices": "2", "allocated_gib": 5.225467205047607, "reserved_gib": 8.228515625, "peak_allocated_gib": 7.100411891937256, "gpu_time_budget": null, "module": "model.layers.18.mlp.down_proj", "step": 1536}
{"stage": "sequential-round-coordinate", "pid": 4075184, "time": 1789707965.4374523, "cuda_visible_devices": "2", "allocated_gib": 5.225467205047607, "reserved_gib": 8.228515625, "peak_allocated_gib": 7.100411891937256, "gpu_time_budget": null, "module": "model.layers.18.mlp.down_proj", "step": 1664}
{"stage": "sequential-round-coordinate", "pid": 4075184, "time": 1789707966.390136, "cuda_visible_devices": "2", "allocated_gib": 5.225467205047607, "reserved_gib": 8.228515625, "peak_allocated_gib": 7.100411891937256, "gpu_time_budget": null, "module": "model.layers.18.mlp.down_proj", "step": 1792}
{"stage": "sequential-round-coordinate", "pid": 4075184, "time": 1789707967.3434637, "cuda_visible_devices": "2", "allocated_gib": 5.225467205047607, "reserved_gib": 8.228515625, "peak_allocated_gib": 7.100411891937256, "gpu_time_budget": null, "module": "model.layers.18.mlp.down_proj", "step": 1920}
{"stage": "sequential-round-coordinate", "pid": 4075184, "time": 1789707968.3864205, "cuda_visible_devices": "2", "allocated_gib": 5.225467205047607, "reserved_gib": 8.228515625, "peak_allocated_gib": 7.100411891937256, "gpu_time_budget": null, "module": "model.layers.18.mlp.down_proj", "step": 2048}
{"stage": "sequential-round-coordinate", "pid": 4075184, "time": 1789707969.3461323, "cuda_visible_devices": "2", "allocated_gib": 5.225467205047607, "reserved_gib": 8.228515625, "peak_allocated_gib": 7.100411891937256, "gpu_time_budget": null, "module": "model.layers.18.mlp.down_proj", "step": 2176}
{"stage": "sequential-round-coordinate", "pid": 4075184, "time": 1789707970.3047833, "cuda_visible_devices": "2", "allocated_gib": 5.225467205047607, "reserved_gib": 8.228515625, "peak_allocated_gib": 7.100411891937256, "gpu_time_budget": null, "module": "model.layers.18.mlp.down_proj", "step": 2304}
{"stage": "sequential-round-coordinate", "pid": 4075184, "time": 1789707971.262498, "cuda_visible_devices": "2", "allocated_gib": 5.225467205047607, "reserved_gib": 8.228515625, "peak_allocated_gib": 7.100411891937256, "gpu_time_budget": null, "module": "model.layers.18.mlp.down_proj", "step": 2432}
{"stage": "sequential-round-coordinate", "pid": 4075184, "time": 1789707972.2210112, "cuda_visible_devices": "2", "allocated_gib": 5.225467205047607, "reserved_gib": 8.228515625, "peak_allocated_gib": 7.100411891937256, "gpu_time_budget": null, "module": "model.layers.18.mlp.down_proj", "step": 2560}
{"stage": "sequential-round-coordinate", "pid": 4075184, "time": 1789707973.1764307, "cuda_visible_devices": "2", "allocated_gib": 5.225467205047607, "reserved_gib": 8.228515625, "peak_allocated_gib": 7.100411891937256, "gpu_time_budget": null, "module": "model.layers.18.mlp.down_proj", "step": 2688}
{"stage": "sequential-round-coordinate", "pid": 4075184, "time": 1789707974.1345434, "cuda_visible_devices": "2", "allocated_gib": 5.225467205047607, "reserved_gib": 8.228515625, "peak_allocated_gib": 7.100411891937256, "gpu_time_budget": null, "module": "model.layers.18.mlp.down_proj", "step": 2816}
{"stage": "sequential-round-coordinate", "pid": 4075184, "time": 1789707975.08824, "cuda_visible_devices": "2", "allocated_gib": 5.225467205047607, "reserved_gib": 8.228515625, "peak_allocated_gib": 7.100411891937256, "gpu_time_budget": null, "module": "model.layers.18.mlp.down_proj", "step": 2944}
{"stage": "sequential-round-coordinate", "pid": 4075184, "time": 1789707976.0434842, "cuda_visible_devices": "2", "allocated_gib": 5.225467205047607, "reserved_gib": 8.228515625, "peak_allocated_gib": 7.100411891937256, "gpu_time_budget": null, "module": "model.layers.18.mlp.down_proj", "step": 3072}
{"stage": "sequential-round-coordinate", "pid": 4075184, "time": 1789707977.0022075, "cuda_visible_devices": "2", "allocated_gib": 5.225467205047607, "reserved_gib": 8.228515625, "peak_allocated_gib": 7.100411891937256, "gpu_time_budget": null, "module": "model.layers.18.mlp.down_proj", "step": 3200}
{"stage": "sequential-round-coordinate", "pid": 4075184, "time": 1789707977.9597602, "cuda_visible_devices": "2", "allocated_gib": 5.225467205047607, "reserved_gib": 8.228515625, "peak_allocated_gib": 7.100411891937256, "gpu_time_budget": null, "module": "model.layers.18.mlp.down_proj", "step": 3328}
{"stage": "sequential-round-coordinate", "pid": 4075184, "time": 1789707978.9265618, "cuda_visible_devices": "2", "allocated_gib": 5.225467205047607, "reserved_gib": 8.228515625, "peak_allocated_gib": 7.100411891937256, "gpu_time_budget": null, "module": "model.layers.18.mlp.down_proj", "step": 3456}
{"stage": "sequential-round-coordinate", "pid": 4075184, "time": 1789707979.8843982, "cuda_visible_devices": "2", "allocated_gib": 5.225467205047607, "reserved_gib": 8.228515625, "peak_allocated_gib": 7.100411891937256, "gpu_time_budget": null, "module": "model.layers.18.mlp.down_proj", "step": 3584}
{"stage": "sequential-round-coordinate", "pid": 4075184, "time": 1789707980.8407726, "cuda_visible_devices": "2", "allocated_gib": 5.225467205047607, "reserved_gib": 8.228515625, "peak_allocated_gib": 7.100411891937256, "gpu_time_budget": null, "module": "model.layers.18.mlp.down_proj", "step": 3712}
{"stage": "sequential-round-coordinate", "pid": 4075184, "time": 1789707981.7931633, "cuda_visible_devices": "2", "allocated_gib": 5.225467205047607, "reserved_gib": 8.228515625, "peak_allocated_gib": 7.100411891937256, "gpu_time_budget": null, "module": "model.layers.18.mlp.down_proj", "step": 3840}
{"stage": "sequential-round-coordinate", "pid": 4075184, "time": 1789707982.74739, "cuda_visible_devices": "2", "allocated_gib": 5.225467205047607, "reserved_gib": 8.228515625, "peak_allocated_gib": 7.100411891937256, "gpu_time_budget": null, "module": "model.layers.18.mlp.down_proj", "step": 3968}
{"stage": "sequential-round-coordinate", "pid": 4075184, "time": 1789707983.7029989, "cuda_visible_devices": "2", "allocated_gib": 5.225467205047607, "reserved_gib": 8.228515625, "peak_allocated_gib": 7.100411891937256, "gpu_time_budget": null, "module": "model.layers.18.mlp.down_proj", "step": 4096}
{"stage": "sequential-round-coordinate", "pid": 4075184, "time": 1789707984.665209, "cuda_visible_devices": "2", "allocated_gib": 5.225467205047607, "reserved_gib": 8.228515625, "peak_allocated_gib": 7.100411891937256, "gpu_time_budget": null, "module": "model.layers.18.mlp.down_proj", "step": 4224}
{"stage": "sequential-round-coordinate", "pid": 4075184, "time": 1789707985.6255925, "cuda_visible_devices": "2", "allocated_gib": 5.225467205047607, "reserved_gib": 8.228515625, "peak_allocated_gib": 7.100411891937256, "gpu_time_budget": null, "module": "model.layers.18.mlp.down_proj", "step": 4352}
{"stage": "sequential-round-coordinate", "pid": 4075184, "time": 1789707986.591279, "cuda_visible_devices": "2", "allocated_gib": 5.225467205047607, "reserved_gib": 8.228515625, "peak_allocated_gib": 7.100411891937256, "gpu_time_budget": null, "module": "model.layers.18.mlp.down_proj", "step": 4480}
{"stage": "sequential-round-coordinate", "pid": 4075184, "time": 1789707987.5471473, "cuda_visible_devices": "2", "allocated_gib": 5.225467205047607, "reserved_gib": 8.228515625, "peak_allocated_gib": 7.100411891937256, "gpu_time_budget": null, "module": "model.layers.18.mlp.down_proj", "step": 4608}
{"stage": "sequential-round-coordinate", "pid": 4075184, "time": 1789707988.5041797, "cuda_visible_devices": "2", "allocated_gib": 5.225467205047607, "reserved_gib": 8.228515625, "peak_allocated_gib": 7.100411891937256, "gpu_time_budget": null, "module": "model.layers.18.mlp.down_proj", "step": 4736}
{"stage": "sequential-round-coordinate", "pid": 4075184, "time": 1789707989.4596164, "cuda_visible_devices": "2", "allocated_gib": 5.225467205047607, "reserved_gib": 8.228515625, "peak_allocated_gib": 7.100411891937256, "gpu_time_budget": null, "module": "model.layers.18.mlp.down_proj", "step": 4864}
{"stage": "sequential-round-coordinate", "pid": 4075184, "time": 1789707990.413701, "cuda_visible_devices": "2", "allocated_gib": 5.225467205047607, "reserved_gib": 8.228515625, "peak_allocated_gib": 7.100411891937256, "gpu_time_budget": null, "module": "model.layers.18.mlp.down_proj", "step": 4992}
{"stage": "sequential-round-coordinate", "pid": 4075184, "time": 1789707991.3645983, "cuda_visible_devices": "2", "allocated_gib": 5.225467205047607, "reserved_gib": 8.228515625, "peak_allocated_gib": 7.100411891937256, "gpu_time_budget": null, "module": "model.layers.18.mlp.down_proj", "step": 5120}
{"stage": "sequential-round-coordinate", "pid": 4075184, "time": 1789707992.317431, "cuda_visible_devices": "2", "allocated_gib": 5.225467205047607, "reserved_gib": 8.228515625, "peak_allocated_gib": 7.100411891937256, "gpu_time_budget": null, "module": "model.layers.18.mlp.down_proj", "step": 5248}
{"stage": "sequential-round-coordinate", "pid": 4075184, "time": 1789707993.2698934, "cuda_visible_devices": "2", "allocated_gib": 5.225467205047607, "reserved_gib": 8.228515625, "peak_allocated_gib": 7.100411891937256, "gpu_time_budget": null, "module": "model.layers.18.mlp.down_proj", "step": 5376}
{"stage": "sequential-round-coordinate", "pid": 4075184, "time": 1789707994.229014, "cuda_visible_devices": "2", "allocated_gib": 5.225467205047607, "reserved_gib": 8.228515625, "peak_allocated_gib": 7.100411891937256, "gpu_time_budget": null, "module": "model.layers.18.mlp.down_proj", "step": 5504}
{"stage": "sequential-round-coordinate", "pid": 4075184, "time": 1789707995.1784134, "cuda_visible_devices": "2", "allocated_gib": 5.225467205047607, "reserved_gib": 8.228515625, "peak_allocated_gib": 7.100411891937256, "gpu_time_budget": null, "module": "model.layers.18.mlp.down_proj", "step": 5632}
{"stage": "sequential-round-coordinate", "pid": 4075184, "time": 1789707996.1310747, "cuda_visible_devices": "2", "allocated_gib": 5.225467205047607, "reserved_gib": 8.228515625, "peak_allocated_gib": 7.100411891937256, "gpu_time_budget": null, "module": "model.layers.18.mlp.down_proj", "step": 5760}
{"stage": "sequential-round-coordinate", "pid": 4075184, "time": 1789707997.08586, "cuda_visible_devices": "2", "allocated_gib": 5.225467205047607, "reserved_gib": 8.228515625, "peak_allocated_gib": 7.100411891937256, "gpu_time_budget": null, "module": "model.layers.18.mlp.down_proj", "step": 5888}
{"stage": "sequential-round-coordinate", "pid": 4075184, "time": 1789707998.0411146, "cuda_visible_devices": "2", "allocated_gib": 5.225467205047607, "reserved_gib": 8.228515625, "peak_allocated_gib": 7.100411891937256, "gpu_time_budget": null, "module": "model.layers.18.mlp.down_proj", "step": 6016}
{"stage": "sequential-round-coordinate", "pid": 4075184, "time": 1789707998.9909084, "cuda_visible_devices": "2", "allocated_gib": 5.225467205047607, "reserved_gib": 8.228515625, "peak_allocated_gib": 7.100411891937256, "gpu_time_budget": null, "module": "model.layers.18.mlp.down_proj", "step": 6144}
{"stage": "sequential-round-coordinate", "pid": 4075184, "time": 1789707999.9306962, "cuda_visible_devices": "2", "allocated_gib": 5.225467205047607, "reserved_gib": 8.228515625, "peak_allocated_gib": 7.100411891937256, "gpu_time_budget": null, "module": "model.layers.18.mlp.down_proj", "step": 6272}
{"stage": "sequential-round-coordinate", "pid": 4075184, "time": 1789708000.8823354, "cuda_visible_devices": "2", "allocated_gib": 5.225467205047607, "reserved_gib": 8.228515625, "peak_allocated_gib": 7.100411891937256, "gpu_time_budget": null, "module": "model.layers.18.mlp.down_proj", "step": 6400}
{"stage": "sequential-round-coordinate", "pid": 4075184, "time": 1789708001.8471005, "cuda_visible_devices": "2", "allocated_gib": 5.225467205047607, "reserved_gib": 8.228515625, "peak_allocated_gib": 7.100411891937256, "gpu_time_budget": null, "module": "model.layers.18.mlp.down_proj", "step": 6528}
{"stage": "sequential-round-coordinate", "pid": 4075184, "time": 1789708002.802819, "cuda_visible_devices": "2", "allocated_gib": 5.225467205047607, "reserved_gib": 8.228515625, "peak_allocated_gib": 7.100411891937256, "gpu_time_budget": null, "module": "model.layers.18.mlp.down_proj", "step": 6656}
{"stage": "sequential-round-coordinate", "pid": 4075184, "time": 1789708003.497304, "cuda_visible_devices": "2", "allocated_gib": 5.225467205047607, "reserved_gib": 8.228515625, "peak_allocated_gib": 7.100411891937256, "gpu_time_budget": null, "module": "model.layers.18.mlp.down_proj", "step": 6784}
{"stage": "sequential-round-coordinate", "pid": 4075184, "time": 1789708004.2190723, "cuda_visible_devices": "2", "allocated_gib": 5.225467205047607, "reserved_gib": 8.228515625, "peak_allocated_gib": 7.100411891937256, "gpu_time_budget": null, "module": "model.layers.18.mlp.down_proj", "step": 6912}
{"stage": "sequential-round-coordinate", "pid": 4075184, "time": 1789708004.9430778, "cuda_visible_devices": "2", "allocated_gib": 5.225467205047607, "reserved_gib": 8.228515625, "peak_allocated_gib": 7.100411891937256, "gpu_time_budget": null, "module": "model.layers.18.mlp.down_proj", "step": 7040}
{"stage": "sequential-round-coordinate", "pid": 4075184, "time": 1789708005.6629744, "cuda_visible_devices": "2", "allocated_gib": 5.225467205047607, "reserved_gib": 8.228515625, "peak_allocated_gib": 7.100411891937256, "gpu_time_budget": null, "module": "model.layers.18.mlp.down_proj", "step": 7168}
{"stage": "sequential-round-coordinate", "pid": 4075184, "time": 1789708006.3875213, "cuda_visible_devices": "2", "allocated_gib": 5.225467205047607, "reserved_gib": 8.228515625, "peak_allocated_gib": 7.100411891937256, "gpu_time_budget": null, "module": "model.layers.18.mlp.down_proj", "step": 7296}
{"stage": "sequential-round-coordinate", "pid": 4075184, "time": 1789708007.1104581, "cuda_visible_devices": "2", "allocated_gib": 5.225467205047607, "reserved_gib": 8.228515625, "peak_allocated_gib": 7.100411891937256, "gpu_time_budget": null, "module": "model.layers.18.mlp.down_proj", "step": 7424}
{"stage": "sequential-round-coordinate", "pid": 4075184, "time": 1789708007.8330915, "cuda_visible_devices": "2", "allocated_gib": 5.225467205047607, "reserved_gib": 8.228515625, "peak_allocated_gib": 7.100411891937256, "gpu_time_budget": null, "module": "model.layers.18.mlp.down_proj", "step": 7552}
{"stage": "sequential-round-coordinate", "pid": 4075184, "time": 1789708008.4931035, "cuda_visible_devices": "2", "allocated_gib": 5.225467205047607, "reserved_gib": 8.228515625, "peak_allocated_gib": 7.100411891937256, "gpu_time_budget": null, "module": "model.layers.18.mlp.down_proj", "step": 7680}
{"stage": "sequential-round-coordinate", "pid": 4075184, "time": 1789708009.1418688, "cuda_visible_devices": "2", "allocated_gib": 5.225467205047607, "reserved_gib": 8.228515625, "peak_allocated_gib": 7.100411891937256, "gpu_time_budget": null, "module": "model.layers.18.mlp.down_proj", "step": 7808}
{"stage": "sequential-round-coordinate", "pid": 4075184, "time": 1789708009.801124, "cuda_visible_devices": "2", "allocated_gib": 5.225467205047607, "reserved_gib": 8.228515625, "peak_allocated_gib": 7.100411891937256, "gpu_time_budget": null, "module": "model.layers.18.mlp.down_proj", "step": 7936}
{"stage": "sequential-round-coordinate", "pid": 4075184, "time": 1789708010.4614234, "cuda_visible_devices": "2", "allocated_gib": 5.225467205047607, "reserved_gib": 8.228515625, "peak_allocated_gib": 7.100411891937256, "gpu_time_budget": null, "module": "model.layers.18.mlp.down_proj", "step": 8064}
{"stage": "sequential-round-coordinate", "pid": 4075184, "time": 1789708011.190075, "cuda_visible_devices": "2", "allocated_gib": 5.225467205047607, "reserved_gib": 8.228515625, "peak_allocated_gib": 7.100411891937256, "gpu_time_budget": null, "module": "model.layers.18.mlp.down_proj", "step": 8192}
{"stage": "sequential-round-train-nll", "pid": 4075184, "time": 1789708011.24354, "cuda_visible_devices": "2", "allocated_gib": 3.7957167625427246, "reserved_gib": 3.80078125, "peak_allocated_gib": 7.100411891937256, "gpu_time_budget": null, "module": "model.layers.18.mlp.down_proj", "step": 512}
Evaluation segment 1/1: start=0, windows=8, seqlen=2048
{"stage": "sequential-round-train-nll", "pid": 4075184, "time": 1789708014.5841002, "cuda_visible_devices": "2", "allocated_gib": 3.7957167625427246, "reserved_gib": 5.978515625, "peak_allocated_gib": 7.100411891937256, "gpu_time_budget": null, "module": "model.layers.18.mlp.down_proj", "step": 2048}
Evaluation segment 1/1: start=0, windows=8, seqlen=2048
{"stage": "sequential-round-train-nll", "pid": 4075184, "time": 1789708017.7986586, "cuda_visible_devices": "2", "allocated_gib": 3.7957167625427246, "reserved_gib": 5.978515625, "peak_allocated_gib": 7.100411891937256, "gpu_time_budget": null, "module": "model.layers.18.mlp.down_proj", "step": 8192}
Evaluation segment 1/1: start=0, windows=8, seqlen=2048
{"stage": "sequential-module-completed", "pid": 4075184, "time": 1789708020.6394377, "cuda_visible_devices": "2", "allocated_gib": 3.7957167625427246, "reserved_gib": 5.978515625, "peak_allocated_gib": 7.100411891937256, "gpu_time_budget": null, "module": "model.layers.18.mlp.down_proj", "completed": 19, "total": 28, "selected_train_nll": 2.6695613621941585, "elapsed_seconds": 1293.366443311912}
{"stage": "sequential-round-fit", "pid": 4075184, "time": 1789708027.722909, "cuda_visible_devices": "2", "allocated_gib": 3.7957167625427246, "reserved_gib": 5.978515625, "peak_allocated_gib": 7.100411891937256, "gpu_time_budget": null, "module": "model.layers.19.mlp.down_proj", "fit_rows": 49152, "heldout_rows": 16384}
{"stage": "sequential-round-coordinate", "pid": 4075184, "time": 1789708028.8975053, "cuda_visible_devices": "2", "allocated_gib": 5.225467205047607, "reserved_gib": 8.228515625, "peak_allocated_gib": 7.100411891937256, "gpu_time_budget": null, "module": "model.layers.19.mlp.down_proj", "step": 128}
{"stage": "sequential-round-coordinate", "pid": 4075184, "time": 1789708029.7843041, "cuda_visible_devices": "2", "allocated_gib": 5.225467205047607, "reserved_gib": 8.228515625, "peak_allocated_gib": 7.100411891937256, "gpu_time_budget": null, "module": "model.layers.19.mlp.down_proj", "step": 256}
{"stage": "sequential-round-coordinate", "pid": 4075184, "time": 1789708030.6694257, "cuda_visible_devices": "2", "allocated_gib": 5.225467205047607, "reserved_gib": 8.228515625, "peak_allocated_gib": 7.100411891937256, "gpu_time_budget": null, "module": "model.layers.19.mlp.down_proj", "step": 384}
{"stage": "sequential-round-coordinate", "pid": 4075184, "time": 1789708031.6318552, "cuda_visible_devices": "2", "allocated_gib": 5.225467205047607, "reserved_gib": 8.228515625, "peak_allocated_gib": 7.100411891937256, "gpu_time_budget": null, "module": "model.layers.19.mlp.down_proj", "step": 512}
{"stage": "sequential-round-coordinate", "pid": 4075184, "time": 1789708032.519265, "cuda_visible_devices": "2", "allocated_gib": 5.225467205047607, "reserved_gib": 8.228515625, "peak_allocated_gib": 7.100411891937256, "gpu_time_budget": null, "module": "model.layers.19.mlp.down_proj", "step": 640}
{"stage": "sequential-round-coordinate", "pid": 4075184, "time": 1789708033.4164634, "cuda_visible_devices": "2", "allocated_gib": 5.225467205047607, "reserved_gib": 8.228515625, "peak_allocated_gib": 7.100411891937256, "gpu_time_budget": null, "module": "model.layers.19.mlp.down_proj", "step": 768}
{"stage": "sequential-round-coordinate", "pid": 4075184, "time": 1789708034.3018994, "cuda_visible_devices": "2", "allocated_gib": 5.225467205047607, "reserved_gib": 8.228515625, "peak_allocated_gib": 7.100411891937256, "gpu_time_budget": null, "module": "model.layers.19.mlp.down_proj", "step": 896}
{"stage": "sequential-round-coordinate", "pid": 4075184, "time": 1789708035.1894844, "cuda_visible_devices": "2", "allocated_gib": 5.225467205047607, "reserved_gib": 8.228515625, "peak_allocated_gib": 7.100411891937256, "gpu_time_budget": null, "module": "model.layers.19.mlp.down_proj", "step": 1024}
{"stage": "sequential-round-coordinate", "pid": 4075184, "time": 1789708036.115469, "cuda_visible_devices": "2", "allocated_gib": 5.225467205047607, "reserved_gib": 8.228515625, "peak_allocated_gib": 7.100411891937256, "gpu_time_budget": null, "module": "model.layers.19.mlp.down_proj", "step": 1152}
{"stage": "sequential-round-coordinate", "pid": 4075184, "time": 1789708037.0665708, "cuda_visible_devices": "2", "allocated_gib": 5.225467205047607, "reserved_gib": 8.228515625, "peak_allocated_gib": 7.100411891937256, "gpu_time_budget": null, "module": "model.layers.19.mlp.down_proj", "step": 1280}
{"stage": "sequential-round-coordinate", "pid": 4075184, "time": 1789708039.081162, "cuda_visible_devices": "2", "allocated_gib": 5.225467205047607, "reserved_gib": 8.228515625, "peak_allocated_gib": 7.100411891937256, "gpu_time_budget": null, "module": "model.layers.19.mlp.down_proj", "step": 1408}
{"stage": "sequential-round-coordinate", "pid": 4075184, "time": 1789708040.039676, "cuda_visible_devices": "2", "allocated_gib": 5.225467205047607, "reserved_gib": 8.228515625, "peak_allocated_gib": 7.100411891937256, "gpu_time_budget": null, "module": "model.layers.19.mlp.down_proj", "step": 1536}
{"stage": "sequential-round-coordinate", "pid": 4075184, "time": 1789708040.9962602, "cuda_visible_devices": "2", "allocated_gib": 5.225467205047607, "reserved_gib": 8.228515625, "peak_allocated_gib": 7.100411891937256, "gpu_time_budget": null, "module": "model.layers.19.mlp.down_proj", "step": 1664}
{"stage": "sequential-round-coordinate", "pid": 4075184, "time": 1789708041.951623, "cuda_visible_devices": "2", "allocated_gib": 5.225467205047607, "reserved_gib": 8.228515625, "peak_allocated_gib": 7.100411891937256, "gpu_time_budget": null, "module": "model.layers.19.mlp.down_proj", "step": 1792}
{"stage": "sequential-round-coordinate", "pid": 4075184, "time": 1789708042.909296, "cuda_visible_devices": "2", "allocated_gib": 5.225467205047607, "reserved_gib": 8.228515625, "peak_allocated_gib": 7.100411891937256, "gpu_time_budget": null, "module": "model.layers.19.mlp.down_proj", "step": 1920}
{"stage": "sequential-round-coordinate", "pid": 4075184, "time": 1789708043.9489875, "cuda_visible_devices": "2", "allocated_gib": 5.225467205047607, "reserved_gib": 8.228515625, "peak_allocated_gib": 7.100411891937256, "gpu_time_budget": null, "module": "model.layers.19.mlp.down_proj", "step": 2048}
{"stage": "sequential-round-coordinate", "pid": 4075184, "time": 1789708044.905969, "cuda_visible_devices": "2", "allocated_gib": 5.225467205047607, "reserved_gib": 8.228515625, "peak_allocated_gib": 7.100411891937256, "gpu_time_budget": null, "module": "model.layers.19.mlp.down_proj", "step": 2176}
{"stage": "sequential-round-coordinate", "pid": 4075184, "time": 1789708045.8638473, "cuda_visible_devices": "2", "allocated_gib": 5.225467205047607, "reserved_gib": 8.228515625, "peak_allocated_gib": 7.100411891937256, "gpu_time_budget": null, "module": "model.layers.19.mlp.down_proj", "step": 2304}
{"stage": "sequential-round-coordinate", "pid": 4075184, "time": 1789708046.820674, "cuda_visible_devices": "2", "allocated_gib": 5.225467205047607, "reserved_gib": 8.228515625, "peak_allocated_gib": 7.100411891937256, "gpu_time_budget": null, "module": "model.layers.19.mlp.down_proj", "step": 2432}
{"stage": "sequential-round-coordinate", "pid": 4075184, "time": 1789708047.7952945, "cuda_visible_devices": "2", "allocated_gib": 5.225467205047607, "reserved_gib": 8.228515625, "peak_allocated_gib": 7.100411891937256, "gpu_time_budget": null, "module": "model.layers.19.mlp.down_proj", "step": 2560}
{"stage": "sequential-round-coordinate", "pid": 4075184, "time": 1789708048.7499516, "cuda_visible_devices": "2", "allocated_gib": 5.225467205047607, "reserved_gib": 8.228515625, "peak_allocated_gib": 7.100411891937256, "gpu_time_budget": null, "module": "model.layers.19.mlp.down_proj", "step": 2688}
{"stage": "sequential-round-coordinate", "pid": 4075184, "time": 1789708049.7070708, "cuda_visible_devices": "2", "allocated_gib": 5.225467205047607, "reserved_gib": 8.228515625, "peak_allocated_gib": 7.100411891937256, "gpu_time_budget": null, "module": "model.layers.19.mlp.down_proj", "step": 2816}
{"stage": "sequential-round-coordinate", "pid": 4075184, "time": 1789708050.6589484, "cuda_visible_devices": "2", "allocated_gib": 5.225467205047607, "reserved_gib": 8.228515625, "peak_allocated_gib": 7.100411891937256, "gpu_time_budget": null, "module": "model.layers.19.mlp.down_proj", "step": 2944}
{"stage": "sequential-round-coordinate", "pid": 4075184, "time": 1789708051.6120586, "cuda_visible_devices": "2", "allocated_gib": 5.225467205047607, "reserved_gib": 8.228515625, "peak_allocated_gib": 7.100411891937256, "gpu_time_budget": null, "module": "model.layers.19.mlp.down_proj", "step": 3072}
{"stage": "sequential-round-coordinate", "pid": 4075184, "time": 1789708052.578068, "cuda_visible_devices": "2", "allocated_gib": 5.225467205047607, "reserved_gib": 8.228515625, "peak_allocated_gib": 7.100411891937256, "gpu_time_budget": null, "module": "model.layers.19.mlp.down_proj", "step": 3200}
{"stage": "sequential-round-coordinate", "pid": 4075184, "time": 1789708053.5310035, "cuda_visible_devices": "2", "allocated_gib": 5.225467205047607, "reserved_gib": 8.228515625, "peak_allocated_gib": 7.100411891937256, "gpu_time_budget": null, "module": "model.layers.19.mlp.down_proj", "step": 3328}
{"stage": "sequential-round-coordinate", "pid": 4075184, "time": 1789708054.485918, "cuda_visible_devices": "2", "allocated_gib": 5.225467205047607, "reserved_gib": 8.228515625, "peak_allocated_gib": 7.100411891937256, "gpu_time_budget": null, "module": "model.layers.19.mlp.down_proj", "step": 3456}
{"stage": "sequential-round-coordinate", "pid": 4075184, "time": 1789708055.4398613, "cuda_visible_devices": "2", "allocated_gib": 5.225467205047607, "reserved_gib": 8.228515625, "peak_allocated_gib": 7.100411891937256, "gpu_time_budget": null, "module": "model.layers.19.mlp.down_proj", "step": 3584}
{"stage": "sequential-round-coordinate", "pid": 4075184, "time": 1789708056.4081101, "cuda_visible_devices": "2", "allocated_gib": 5.225467205047607, "reserved_gib": 8.228515625, "peak_allocated_gib": 7.100411891937256, "gpu_time_budget": null, "module": "model.layers.19.mlp.down_proj", "step": 3712}
{"stage": "sequential-round-coordinate", "pid": 4075184, "time": 1789708057.3637354, "cuda_visible_devices": "2", "allocated_gib": 5.225467205047607, "reserved_gib": 8.228515625, "peak_allocated_gib": 7.100411891937256, "gpu_time_budget": null, "module": "model.layers.19.mlp.down_proj", "step": 3840}
{"stage": "sequential-round-coordinate", "pid": 4075184, "time": 1789708058.3208852, "cuda_visible_devices": "2", "allocated_gib": 5.225467205047607, "reserved_gib": 8.228515625, "peak_allocated_gib": 7.100411891937256, "gpu_time_budget": null, "module": "model.layers.19.mlp.down_proj", "step": 3968}
{"stage": "sequential-round-coordinate", "pid": 4075184, "time": 1789708059.2760096, "cuda_visible_devices": "2", "allocated_gib": 5.225467205047607, "reserved_gib": 8.228515625, "peak_allocated_gib": 7.100411891937256, "gpu_time_budget": null, "module": "model.layers.19.mlp.down_proj", "step": 4096}
{"stage": "sequential-round-coordinate", "pid": 4075184, "time": 1789708060.2336764, "cuda_visible_devices": "2", "allocated_gib": 5.225467205047607, "reserved_gib": 8.228515625, "peak_allocated_gib": 7.100411891937256, "gpu_time_budget": null, "module": "model.layers.19.mlp.down_proj", "step": 4224}
{"stage": "sequential-round-coordinate", "pid": 4075184, "time": 1789708061.1898732, "cuda_visible_devices": "2", "allocated_gib": 5.225467205047607, "reserved_gib": 8.228515625, "peak_allocated_gib": 7.100411891937256, "gpu_time_budget": null, "module": "model.layers.19.mlp.down_proj", "step": 4352}
{"stage": "sequential-round-coordinate", "pid": 4075184, "time": 1789708062.143195, "cuda_visible_devices": "2", "allocated_gib": 5.225467205047607, "reserved_gib": 8.228515625, "peak_allocated_gib": 7.100411891937256, "gpu_time_budget": null, "module": "model.layers.19.mlp.down_proj", "step": 4480}
{"stage": "sequential-round-coordinate", "pid": 4075184, "time": 1789708063.1010084, "cuda_visible_devices": "2", "allocated_gib": 5.225467205047607, "reserved_gib": 8.228515625, "peak_allocated_gib": 7.100411891937256, "gpu_time_budget": null, "module": "model.layers.19.mlp.down_proj", "step": 4608}
{"stage": "sequential-round-coordinate", "pid": 4075184, "time": 1789708064.0600076, "cuda_visible_devices": "2", "allocated_gib": 5.225467205047607, "reserved_gib": 8.228515625, "peak_allocated_gib": 7.100411891937256, "gpu_time_budget": null, "module": "model.layers.19.mlp.down_proj", "step": 4736}
{"stage": "sequential-round-coordinate", "pid": 4075184, "time": 1789708065.01481, "cuda_visible_devices": "2", "allocated_gib": 5.225467205047607, "reserved_gib": 8.228515625, "peak_allocated_gib": 7.100411891937256, "gpu_time_budget": null, "module": "model.layers.19.mlp.down_proj", "step": 4864}
{"stage": "sequential-round-coordinate", "pid": 4075184, "time": 1789708065.9694881, "cuda_visible_devices": "2", "allocated_gib": 5.225467205047607, "reserved_gib": 8.228515625, "peak_allocated_gib": 7.100411891937256, "gpu_time_budget": null, "module": "model.layers.19.mlp.down_proj", "step": 4992}
{"stage": "sequential-round-coordinate", "pid": 4075184, "time": 1789708066.9206295, "cuda_visible_devices": "2", "allocated_gib": 5.225467205047607, "reserved_gib": 8.228515625, "peak_allocated_gib": 7.100411891937256, "gpu_time_budget": null, "module": "model.layers.19.mlp.down_proj", "step": 5120}
{"stage": "sequential-round-coordinate", "pid": 4075184, "time": 1789708067.8802648, "cuda_visible_devices": "2", "allocated_gib": 5.225467205047607, "reserved_gib": 8.228515625, "peak_allocated_gib": 7.100411891937256, "gpu_time_budget": null, "module": "model.layers.19.mlp.down_proj", "step": 5248}
{"stage": "sequential-round-coordinate", "pid": 4075184, "time": 1789708068.8358011, "cuda_visible_devices": "2", "allocated_gib": 5.225467205047607, "reserved_gib": 8.228515625, "peak_allocated_gib": 7.100411891937256, "gpu_time_budget": null, "module": "model.layers.19.mlp.down_proj", "step": 5376}
{"stage": "sequential-round-coordinate", "pid": 4075184, "time": 1789708069.787383, "cuda_visible_devices": "2", "allocated_gib": 5.225467205047607, "reserved_gib": 8.228515625, "peak_allocated_gib": 7.100411891937256, "gpu_time_budget": null, "module": "model.layers.19.mlp.down_proj", "step": 5504}
{"stage": "sequential-round-coordinate", "pid": 4075184, "time": 1789708070.7505212, "cuda_visible_devices": "2", "allocated_gib": 5.225467205047607, "reserved_gib": 8.228515625, "peak_allocated_gib": 7.100411891937256, "gpu_time_budget": null, "module": "model.layers.19.mlp.down_proj", "step": 5632}
{"stage": "sequential-round-coordinate", "pid": 4075184, "time": 1789708071.7045195, "cuda_visible_devices": "2", "allocated_gib": 5.225467205047607, "reserved_gib": 8.228515625, "peak_allocated_gib": 7.100411891937256, "gpu_time_budget": null, "module": "model.layers.19.mlp.down_proj", "step": 5760}
{"stage": "sequential-round-coordinate", "pid": 4075184, "time": 1789708072.6623938, "cuda_visible_devices": "2", "allocated_gib": 5.225467205047607, "reserved_gib": 8.228515625, "peak_allocated_gib": 7.100411891937256, "gpu_time_budget": null, "module": "model.layers.19.mlp.down_proj", "step": 5888}
{"stage": "sequential-round-coordinate", "pid": 4075184, "time": 1789708073.6150446, "cuda_visible_devices": "2", "allocated_gib": 5.225467205047607, "reserved_gib": 8.228515625, "peak_allocated_gib": 7.100411891937256, "gpu_time_budget": null, "module": "model.layers.19.mlp.down_proj", "step": 6016}
{"stage": "sequential-round-coordinate", "pid": 4075184, "time": 1789708074.5710988, "cuda_visible_devices": "2", "allocated_gib": 5.225467205047607, "reserved_gib": 8.228515625, "peak_allocated_gib": 7.100411891937256, "gpu_time_budget": null, "module": "model.layers.19.mlp.down_proj", "step": 6144}
{"stage": "sequential-round-coordinate", "pid": 4075184, "time": 1789708075.5289347, "cuda_visible_devices": "2", "allocated_gib": 5.225467205047607, "reserved_gib": 8.228515625, "peak_allocated_gib": 7.100411891937256, "gpu_time_budget": null, "module": "model.layers.19.mlp.down_proj", "step": 6272}
{"stage": "sequential-round-coordinate", "pid": 4075184, "time": 1789708076.484554, "cuda_visible_devices": "2", "allocated_gib": 5.225467205047607, "reserved_gib": 8.228515625, "peak_allocated_gib": 7.100411891937256, "gpu_time_budget": null, "module": "model.layers.19.mlp.down_proj", "step": 6400}
{"stage": "sequential-round-coordinate", "pid": 4075184, "time": 1789708077.4438832, "cuda_visible_devices": "2", "allocated_gib": 5.225467205047607, "reserved_gib": 8.228515625, "peak_allocated_gib": 7.100411891937256, "gpu_time_budget": null, "module": "model.layers.19.mlp.down_proj", "step": 6528}
{"stage": "sequential-round-coordinate", "pid": 4075184, "time": 1789708078.3996432, "cuda_visible_devices": "2", "allocated_gib": 5.225467205047607, "reserved_gib": 8.228515625, "peak_allocated_gib": 7.100411891937256, "gpu_time_budget": null, "module": "model.layers.19.mlp.down_proj", "step": 6656}
{"stage": "sequential-round-coordinate", "pid": 4075184, "time": 1789708079.3554661, "cuda_visible_devices": "2", "allocated_gib": 5.225467205047607, "reserved_gib": 8.228515625, "peak_allocated_gib": 7.100411891937256, "gpu_time_budget": null, "module": "model.layers.19.mlp.down_proj", "step": 6784}
{"stage": "sequential-round-coordinate", "pid": 4075184, "time": 1789708080.3057356, "cuda_visible_devices": "2", "allocated_gib": 5.225467205047607, "reserved_gib": 8.228515625, "peak_allocated_gib": 7.100411891937256, "gpu_time_budget": null, "module": "model.layers.19.mlp.down_proj", "step": 6912}
{"stage": "sequential-round-coordinate", "pid": 4075184, "time": 1789708080.8991122, "cuda_visible_devices": "2", "allocated_gib": 5.225467205047607, "reserved_gib": 8.228515625, "peak_allocated_gib": 7.100411891937256, "gpu_time_budget": null, "module": "model.layers.19.mlp.down_proj", "step": 7040}
{"stage": "sequential-round-coordinate", "pid": 4075184, "time": 1789708081.6239514, "cuda_visible_devices": "2", "allocated_gib": 5.225467205047607, "reserved_gib": 8.228515625, "peak_allocated_gib": 7.100411891937256, "gpu_time_budget": null, "module": "model.layers.19.mlp.down_proj", "step": 7168}
{"stage": "sequential-round-coordinate", "pid": 4075184, "time": 1789708082.3457127, "cuda_visible_devices": "2", "allocated_gib": 5.225467205047607, "reserved_gib": 8.228515625, "peak_allocated_gib": 7.100411891937256, "gpu_time_budget": null, "module": "model.layers.19.mlp.down_proj", "step": 7296}
{"stage": "sequential-round-coordinate", "pid": 4075184, "time": 1789708083.0706227, "cuda_visible_devices": "2", "allocated_gib": 5.225467205047607, "reserved_gib": 8.228515625, "peak_allocated_gib": 7.100411891937256, "gpu_time_budget": null, "module": "model.layers.19.mlp.down_proj", "step": 7424}
{"stage": "sequential-round-coordinate", "pid": 4075184, "time": 1789708083.7933316, "cuda_visible_devices": "2", "allocated_gib": 5.225467205047607, "reserved_gib": 8.228515625, "peak_allocated_gib": 7.100411891937256, "gpu_time_budget": null, "module": "model.layers.19.mlp.down_proj", "step": 7552}
{"stage": "sequential-round-coordinate", "pid": 4075184, "time": 1789708084.5154974, "cuda_visible_devices": "2", "allocated_gib": 5.225467205047607, "reserved_gib": 8.228515625, "peak_allocated_gib": 7.100411891937256, "gpu_time_budget": null, "module": "model.layers.19.mlp.down_proj", "step": 7680}
{"stage": "sequential-round-coordinate", "pid": 4075184, "time": 1789708085.236398, "cuda_visible_devices": "2", "allocated_gib": 5.225467205047607, "reserved_gib": 8.228515625, "peak_allocated_gib": 7.100411891937256, "gpu_time_budget": null, "module": "model.layers.19.mlp.down_proj", "step": 7808}
{"stage": "sequential-round-coordinate", "pid": 4075184, "time": 1789708085.9559438, "cuda_visible_devices": "2", "allocated_gib": 5.225467205047607, "reserved_gib": 8.228515625, "peak_allocated_gib": 7.100411891937256, "gpu_time_budget": null, "module": "model.layers.19.mlp.down_proj", "step": 7936}
{"stage": "sequential-round-coordinate", "pid": 4075184, "time": 1789708086.6685114, "cuda_visible_devices": "2", "allocated_gib": 5.225467205047607, "reserved_gib": 8.228515625, "peak_allocated_gib": 7.100411891937256, "gpu_time_budget": null, "module": "model.layers.19.mlp.down_proj", "step": 8064}
{"stage": "sequential-round-coordinate", "pid": 4075184, "time": 1789708087.4519906, "cuda_visible_devices": "2", "allocated_gib": 5.225467205047607, "reserved_gib": 8.228515625, "peak_allocated_gib": 7.100411891937256, "gpu_time_budget": null, "module": "model.layers.19.mlp.down_proj", "step": 8192}
{"stage": "sequential-round-train-nll", "pid": 4075184, "time": 1789708087.5024986, "cuda_visible_devices": "2", "allocated_gib": 3.7957167625427246, "reserved_gib": 3.80078125, "peak_allocated_gib": 7.100411891937256, "gpu_time_budget": null, "module": "model.layers.19.mlp.down_proj", "step": 512}
Evaluation segment 1/1: start=0, windows=8, seqlen=2048
{"stage": "sequential-round-train-nll", "pid": 4075184, "time": 1789708091.365123, "cuda_visible_devices": "2", "allocated_gib": 3.7957167625427246, "reserved_gib": 5.978515625, "peak_allocated_gib": 7.100411891937256, "gpu_time_budget": null, "module": "model.layers.19.mlp.down_proj", "step": 2048}
Evaluation segment 1/1: start=0, windows=8, seqlen=2048
{"stage": "sequential-round-train-nll", "pid": 4075184, "time": 1789708095.147241, "cuda_visible_devices": "2", "allocated_gib": 3.7957167625427246, "reserved_gib": 5.978515625, "peak_allocated_gib": 7.100411891937256, "gpu_time_budget": null, "module": "model.layers.19.mlp.down_proj", "step": 8192}
Evaluation segment 1/1: start=0, windows=8, seqlen=2048
{"stage": "sequential-module-completed", "pid": 4075184, "time": 1789708098.4255195, "cuda_visible_devices": "2", "allocated_gib": 3.7957167625427246, "reserved_gib": 5.978515625, "peak_allocated_gib": 7.100411891937256, "gpu_time_budget": null, "module": "model.layers.19.mlp.down_proj", "completed": 20, "total": 28, "selected_train_nll": 2.6695613621941585, "elapsed_seconds": 1371.1525314669125}
{"stage": "sequential-round-fit", "pid": 4075184, "time": 1789708106.0495214, "cuda_visible_devices": "2", "allocated_gib": 3.7957167625427246, "reserved_gib": 5.978515625, "peak_allocated_gib": 7.100411891937256, "gpu_time_budget": null, "module": "model.layers.20.mlp.down_proj", "fit_rows": 49152, "heldout_rows": 16384}
{"stage": "sequential-round-coordinate", "pid": 4075184, "time": 1789708107.327949, "cuda_visible_devices": "2", "allocated_gib": 5.225467205047607, "reserved_gib": 8.228515625, "peak_allocated_gib": 7.100411891937256, "gpu_time_budget": null, "module": "model.layers.20.mlp.down_proj", "step": 128}
{"stage": "sequential-round-coordinate", "pid": 4075184, "time": 1789708108.2824712, "cuda_visible_devices": "2", "allocated_gib": 5.225467205047607, "reserved_gib": 8.228515625, "peak_allocated_gib": 7.100411891937256, "gpu_time_budget": null, "module": "model.layers.20.mlp.down_proj", "step": 256}
{"stage": "sequential-round-coordinate", "pid": 4075184, "time": 1789708109.2357113, "cuda_visible_devices": "2", "allocated_gib": 5.225467205047607, "reserved_gib": 8.228515625, "peak_allocated_gib": 7.100411891937256, "gpu_time_budget": null, "module": "model.layers.20.mlp.down_proj", "step": 384}
{"stage": "sequential-round-coordinate", "pid": 4075184, "time": 1789708110.275015, "cuda_visible_devices": "2", "allocated_gib": 5.225467205047607, "reserved_gib": 8.228515625, "peak_allocated_gib": 7.100411891937256, "gpu_time_budget": null, "module": "model.layers.20.mlp.down_proj", "step": 512}
{"stage": "sequential-round-coordinate", "pid": 4075184, "time": 1789708111.2309258, "cuda_visible_devices": "2", "allocated_gib": 5.225467205047607, "reserved_gib": 8.228515625, "peak_allocated_gib": 7.100411891937256, "gpu_time_budget": null, "module": "model.layers.20.mlp.down_proj", "step": 640}
{"stage": "sequential-round-coordinate", "pid": 4075184, "time": 1789708112.1816666, "cuda_visible_devices": "2", "allocated_gib": 5.225467205047607, "reserved_gib": 8.228515625, "peak_allocated_gib": 7.100411891937256, "gpu_time_budget": null, "module": "model.layers.20.mlp.down_proj", "step": 768}
{"stage": "sequential-round-coordinate", "pid": 4075184, "time": 1789708113.135096, "cuda_visible_devices": "2", "allocated_gib": 5.225467205047607, "reserved_gib": 8.228515625, "peak_allocated_gib": 7.100411891937256, "gpu_time_budget": null, "module": "model.layers.20.mlp.down_proj", "step": 896}
{"stage": "sequential-round-coordinate", "pid": 4075184, "time": 1789708114.0857651, "cuda_visible_devices": "2", "allocated_gib": 5.225467205047607, "reserved_gib": 8.228515625, "peak_allocated_gib": 7.100411891937256, "gpu_time_budget": null, "module": "model.layers.20.mlp.down_proj", "step": 1024}
{"stage": "sequential-round-coordinate", "pid": 4075184, "time": 1789708115.035353, "cuda_visible_devices": "2", "allocated_gib": 5.225467205047607, "reserved_gib": 8.228515625, "peak_allocated_gib": 7.100411891937256, "gpu_time_budget": null, "module": "model.layers.20.mlp.down_proj", "step": 1152}
{"stage": "sequential-round-coordinate", "pid": 4075184, "time": 1789708115.9823236, "cuda_visible_devices": "2", "allocated_gib": 5.225467205047607, "reserved_gib": 8.228515625, "peak_allocated_gib": 7.100411891937256, "gpu_time_budget": null, "module": "model.layers.20.mlp.down_proj", "step": 1280}
{"stage": "sequential-round-coordinate", "pid": 4075184, "time": 1789708116.9344628, "cuda_visible_devices": "2", "allocated_gib": 5.225467205047607, "reserved_gib": 8.228515625, "peak_allocated_gib": 7.100411891937256, "gpu_time_budget": null, "module": "model.layers.20.mlp.down_proj", "step": 1408}
{"stage": "sequential-round-coordinate", "pid": 4075184, "time": 1789708117.8862243, "cuda_visible_devices": "2", "allocated_gib": 5.225467205047607, "reserved_gib": 8.228515625, "peak_allocated_gib": 7.100411891937256, "gpu_time_budget": null, "module": "model.layers.20.mlp.down_proj", "step": 1536}
{"stage": "sequential-round-coordinate", "pid": 4075184, "time": 1789708118.837786, "cuda_visible_devices": "2", "allocated_gib": 5.225467205047607, "reserved_gib": 8.228515625, "peak_allocated_gib": 7.100411891937256, "gpu_time_budget": null, "module": "model.layers.20.mlp.down_proj", "step": 1664}
{"stage": "sequential-round-coordinate", "pid": 4075184, "time": 1789708119.7892628, "cuda_visible_devices": "2", "allocated_gib": 5.225467205047607, "reserved_gib": 8.228515625, "peak_allocated_gib": 7.100411891937256, "gpu_time_budget": null, "module": "model.layers.20.mlp.down_proj", "step": 1792}
{"stage": "sequential-round-coordinate", "pid": 4075184, "time": 1789708120.7404623, "cuda_visible_devices": "2", "allocated_gib": 5.225467205047607, "reserved_gib": 8.228515625, "peak_allocated_gib": 7.100411891937256, "gpu_time_budget": null, "module": "model.layers.20.mlp.down_proj", "step": 1920}
{"stage": "sequential-round-coordinate", "pid": 4075184, "time": 1789708121.7770042, "cuda_visible_devices": "2", "allocated_gib": 5.225467205047607, "reserved_gib": 8.228515625, "peak_allocated_gib": 7.100411891937256, "gpu_time_budget": null, "module": "model.layers.20.mlp.down_proj", "step": 2048}
{"stage": "sequential-round-coordinate", "pid": 4075184, "time": 1789708122.7281644, "cuda_visible_devices": "2", "allocated_gib": 5.225467205047607, "reserved_gib": 8.228515625, "peak_allocated_gib": 7.100411891937256, "gpu_time_budget": null, "module": "model.layers.20.mlp.down_proj", "step": 2176}
{"stage": "sequential-round-coordinate", "pid": 4075184, "time": 1789708123.6773612, "cuda_visible_devices": "2", "allocated_gib": 5.225467205047607, "reserved_gib": 8.228515625, "peak_allocated_gib": 7.100411891937256, "gpu_time_budget": null, "module": "model.layers.20.mlp.down_proj", "step": 2304}
{"stage": "sequential-round-coordinate", "pid": 4075184, "time": 1789708124.6306114, "cuda_visible_devices": "2", "allocated_gib": 5.225467205047607, "reserved_gib": 8.228515625, "peak_allocated_gib": 7.100411891937256, "gpu_time_budget": null, "module": "model.layers.20.mlp.down_proj", "step": 2432}
{"stage": "sequential-round-coordinate", "pid": 4075184, "time": 1789708125.5825865, "cuda_visible_devices": "2", "allocated_gib": 5.225467205047607, "reserved_gib": 8.228515625, "peak_allocated_gib": 7.100411891937256, "gpu_time_budget": null, "module": "model.layers.20.mlp.down_proj", "step": 2560}
{"stage": "sequential-round-coordinate", "pid": 4075184, "time": 1789708126.5310464, "cuda_visible_devices": "2", "allocated_gib": 5.225467205047607, "reserved_gib": 8.228515625, "peak_allocated_gib": 7.100411891937256, "gpu_time_budget": null, "module": "model.layers.20.mlp.down_proj", "step": 2688}
{"stage": "sequential-round-coordinate", "pid": 4075184, "time": 1789708127.4844048, "cuda_visible_devices": "2", "allocated_gib": 5.225467205047607, "reserved_gib": 8.228515625, "peak_allocated_gib": 7.100411891937256, "gpu_time_budget": null, "module": "model.layers.20.mlp.down_proj", "step": 2816}
{"stage": "sequential-round-coordinate", "pid": 4075184, "time": 1789708128.43587, "cuda_visible_devices": "2", "allocated_gib": 5.225467205047607, "reserved_gib": 8.228515625, "peak_allocated_gib": 7.100411891937256, "gpu_time_budget": null, "module": "model.layers.20.mlp.down_proj", "step": 2944}
{"stage": "sequential-round-coordinate", "pid": 4075184, "time": 1789708129.388836, "cuda_visible_devices": "2", "allocated_gib": 5.225467205047607, "reserved_gib": 8.228515625, "peak_allocated_gib": 7.100411891937256, "gpu_time_budget": null, "module": "model.layers.20.mlp.down_proj", "step": 3072}
{"stage": "sequential-round-coordinate", "pid": 4075184, "time": 1789708130.3397515, "cuda_visible_devices": "2", "allocated_gib": 5.225467205047607, "reserved_gib": 8.228515625, "peak_allocated_gib": 7.100411891937256, "gpu_time_budget": null, "module": "model.layers.20.mlp.down_proj", "step": 3200}
{"stage": "sequential-round-coordinate", "pid": 4075184, "time": 1789708131.2924247, "cuda_visible_devices": "2", "allocated_gib": 5.225467205047607, "reserved_gib": 8.228515625, "peak_allocated_gib": 7.100411891937256, "gpu_time_budget": null, "module": "model.layers.20.mlp.down_proj", "step": 3328}
{"stage": "sequential-round-coordinate", "pid": 4075184, "time": 1789708132.244969, "cuda_visible_devices": "2", "allocated_gib": 5.225467205047607, "reserved_gib": 8.228515625, "peak_allocated_gib": 7.100411891937256, "gpu_time_budget": null, "module": "model.layers.20.mlp.down_proj", "step": 3456}
{"stage": "sequential-round-coordinate", "pid": 4075184, "time": 1789708133.194849, "cuda_visible_devices": "2", "allocated_gib": 5.225467205047607, "reserved_gib": 8.228515625, "peak_allocated_gib": 7.100411891937256, "gpu_time_budget": null, "module": "model.layers.20.mlp.down_proj", "step": 3584}
{"stage": "sequential-round-coordinate", "pid": 4075184, "time": 1789708134.1438599, "cuda_visible_devices": "2", "allocated_gib": 5.225467205047607, "reserved_gib": 8.228515625, "peak_allocated_gib": 7.100411891937256, "gpu_time_budget": null, "module": "model.layers.20.mlp.down_proj", "step": 3712}
{"stage": "sequential-round-coordinate", "pid": 4075184, "time": 1789708135.0976233, "cuda_visible_devices": "2", "allocated_gib": 5.225467205047607, "reserved_gib": 8.228515625, "peak_allocated_gib": 7.100411891937256, "gpu_time_budget": null, "module": "model.layers.20.mlp.down_proj", "step": 3840}
{"stage": "sequential-round-coordinate", "pid": 4075184, "time": 1789708136.053764, "cuda_visible_devices": "2", "allocated_gib": 5.225467205047607, "reserved_gib": 8.228515625, "peak_allocated_gib": 7.100411891937256, "gpu_time_budget": null, "module": "model.layers.20.mlp.down_proj", "step": 3968}
{"stage": "sequential-round-coordinate", "pid": 4075184, "time": 1789708137.009981, "cuda_visible_devices": "2", "allocated_gib": 5.225467205047607, "reserved_gib": 8.228515625, "peak_allocated_gib": 7.100411891937256, "gpu_time_budget": null, "module": "model.layers.20.mlp.down_proj", "step": 4096}
{"stage": "sequential-round-coordinate", "pid": 4075184, "time": 1789708137.9620237, "cuda_visible_devices": "2", "allocated_gib": 5.225467205047607, "reserved_gib": 8.228515625, "peak_allocated_gib": 7.100411891937256, "gpu_time_budget": null, "module": "model.layers.20.mlp.down_proj", "step": 4224}
{"stage": "sequential-round-coordinate", "pid": 4075184, "time": 1789708138.9192255, "cuda_visible_devices": "2", "allocated_gib": 5.225467205047607, "reserved_gib": 8.228515625, "peak_allocated_gib": 7.100411891937256, "gpu_time_budget": null, "module": "model.layers.20.mlp.down_proj", "step": 4352}
{"stage": "sequential-round-coordinate", "pid": 4075184, "time": 1789708139.8784635, "cuda_visible_devices": "2", "allocated_gib": 5.225467205047607, "reserved_gib": 8.228515625, "peak_allocated_gib": 7.100411891937256, "gpu_time_budget": null, "module": "model.layers.20.mlp.down_proj", "step": 4480}
{"stage": "sequential-round-coordinate", "pid": 4075184, "time": 1789708140.8383594, "cuda_visible_devices": "2", "allocated_gib": 5.225467205047607, "reserved_gib": 8.228515625, "peak_allocated_gib": 7.100411891937256, "gpu_time_budget": null, "module": "model.layers.20.mlp.down_proj", "step": 4608}
{"stage": "sequential-round-coordinate", "pid": 4075184, "time": 1789708141.7973323, "cuda_visible_devices": "2", "allocated_gib": 5.225467205047607, "reserved_gib": 8.228515625, "peak_allocated_gib": 7.100411891937256, "gpu_time_budget": null, "module": "model.layers.20.mlp.down_proj", "step": 4736}
{"stage": "sequential-round-coordinate", "pid": 4075184, "time": 1789708142.7596457, "cuda_visible_devices": "2", "allocated_gib": 5.225467205047607, "reserved_gib": 8.228515625, "peak_allocated_gib": 7.100411891937256, "gpu_time_budget": null, "module": "model.layers.20.mlp.down_proj", "step": 4864}
{"stage": "sequential-round-coordinate", "pid": 4075184, "time": 1789708143.7198017, "cuda_visible_devices": "2", "allocated_gib": 5.225467205047607, "reserved_gib": 8.228515625, "peak_allocated_gib": 7.100411891937256, "gpu_time_budget": null, "module": "model.layers.20.mlp.down_proj", "step": 4992}
{"stage": "sequential-round-coordinate", "pid": 4075184, "time": 1789708144.6803017, "cuda_visible_devices": "2", "allocated_gib": 5.225467205047607, "reserved_gib": 8.228515625, "peak_allocated_gib": 7.100411891937256, "gpu_time_budget": null, "module": "model.layers.20.mlp.down_proj", "step": 5120}
{"stage": "sequential-round-coordinate", "pid": 4075184, "time": 1789708145.6403031, "cuda_visible_devices": "2", "allocated_gib": 5.225467205047607, "reserved_gib": 8.228515625, "peak_allocated_gib": 7.100411891937256, "gpu_time_budget": null, "module": "model.layers.20.mlp.down_proj", "step": 5248}
{"stage": "sequential-round-coordinate", "pid": 4075184, "time": 1789708146.5971627, "cuda_visible_devices": "2", "allocated_gib": 5.225467205047607, "reserved_gib": 8.228515625, "peak_allocated_gib": 7.100411891937256, "gpu_time_budget": null, "module": "model.layers.20.mlp.down_proj", "step": 5376}
{"stage": "sequential-round-coordinate", "pid": 4075184, "time": 1789708147.5534868, "cuda_visible_devices": "2", "allocated_gib": 5.225467205047607, "reserved_gib": 8.228515625, "peak_allocated_gib": 7.100411891937256, "gpu_time_budget": null, "module": "model.layers.20.mlp.down_proj", "step": 5504}
{"stage": "sequential-round-coordinate", "pid": 4075184, "time": 1789708148.5146375, "cuda_visible_devices": "2", "allocated_gib": 5.225467205047607, "reserved_gib": 8.228515625, "peak_allocated_gib": 7.100411891937256, "gpu_time_budget": null, "module": "model.layers.20.mlp.down_proj", "step": 5632}
{"stage": "sequential-round-coordinate", "pid": 4075184, "time": 1789708149.4743047, "cuda_visible_devices": "2", "allocated_gib": 5.225467205047607, "reserved_gib": 8.228515625, "peak_allocated_gib": 7.100411891937256, "gpu_time_budget": null, "module": "model.layers.20.mlp.down_proj", "step": 5760}
{"stage": "sequential-round-coordinate", "pid": 4075184, "time": 1789708150.4299252, "cuda_visible_devices": "2", "allocated_gib": 5.225467205047607, "reserved_gib": 8.228515625, "peak_allocated_gib": 7.100411891937256, "gpu_time_budget": null, "module": "model.layers.20.mlp.down_proj", "step": 5888}
{"stage": "sequential-round-coordinate", "pid": 4075184, "time": 1789708151.3852854, "cuda_visible_devices": "2", "allocated_gib": 5.225467205047607, "reserved_gib": 8.228515625, "peak_allocated_gib": 7.100411891937256, "gpu_time_budget": null, "module": "model.layers.20.mlp.down_proj", "step": 6016}
{"stage": "sequential-round-coordinate", "pid": 4075184, "time": 1789708152.3430634, "cuda_visible_devices": "2", "allocated_gib": 5.225467205047607, "reserved_gib": 8.228515625, "peak_allocated_gib": 7.100411891937256, "gpu_time_budget": null, "module": "model.layers.20.mlp.down_proj", "step": 6144}
{"stage": "sequential-round-coordinate", "pid": 4075184, "time": 1789708153.297641, "cuda_visible_devices": "2", "allocated_gib": 5.225467205047607, "reserved_gib": 8.228515625, "peak_allocated_gib": 7.100411891937256, "gpu_time_budget": null, "module": "model.layers.20.mlp.down_proj", "step": 6272}
{"stage": "sequential-round-coordinate", "pid": 4075184, "time": 1789708154.2508073, "cuda_visible_devices": "2", "allocated_gib": 5.225467205047607, "reserved_gib": 8.228515625, "peak_allocated_gib": 7.100411891937256, "gpu_time_budget": null, "module": "model.layers.20.mlp.down_proj", "step": 6400}
{"stage": "sequential-round-coordinate", "pid": 4075184, "time": 1789708155.2072682, "cuda_visible_devices": "2", "allocated_gib": 5.225467205047607, "reserved_gib": 8.228515625, "peak_allocated_gib": 7.100411891937256, "gpu_time_budget": null, "module": "model.layers.20.mlp.down_proj", "step": 6528}
{"stage": "sequential-round-coordinate", "pid": 4075184, "time": 1789708156.1564474, "cuda_visible_devices": "2", "allocated_gib": 5.225467205047607, "reserved_gib": 8.228515625, "peak_allocated_gib": 7.100411891937256, "gpu_time_budget": null, "module": "model.layers.20.mlp.down_proj", "step": 6656}
{"stage": "sequential-round-coordinate", "pid": 4075184, "time": 1789708157.101812, "cuda_visible_devices": "2", "allocated_gib": 5.225467205047607, "reserved_gib": 8.228515625, "peak_allocated_gib": 7.100411891937256, "gpu_time_budget": null, "module": "model.layers.20.mlp.down_proj", "step": 6784}
{"stage": "sequential-round-coordinate", "pid": 4075184, "time": 1789708158.052713, "cuda_visible_devices": "2", "allocated_gib": 5.225467205047607, "reserved_gib": 8.228515625, "peak_allocated_gib": 7.100411891937256, "gpu_time_budget": null, "module": "model.layers.20.mlp.down_proj", "step": 6912}
{"stage": "sequential-round-coordinate", "pid": 4075184, "time": 1789708159.010367, "cuda_visible_devices": "2", "allocated_gib": 5.225467205047607, "reserved_gib": 8.228515625, "peak_allocated_gib": 7.100411891937256, "gpu_time_budget": null, "module": "model.layers.20.mlp.down_proj", "step": 7040}
{"stage": "sequential-round-coordinate", "pid": 4075184, "time": 1789708159.9475267, "cuda_visible_devices": "2", "allocated_gib": 5.225467205047607, "reserved_gib": 8.228515625, "peak_allocated_gib": 7.100411891937256, "gpu_time_budget": null, "module": "model.layers.20.mlp.down_proj", "step": 7168}
{"stage": "sequential-round-coordinate", "pid": 4075184, "time": 1789708160.5900042, "cuda_visible_devices": "2", "allocated_gib": 5.225467205047607, "reserved_gib": 8.228515625, "peak_allocated_gib": 7.100411891937256, "gpu_time_budget": null, "module": "model.layers.20.mlp.down_proj", "step": 7296}
{"stage": "sequential-round-coordinate", "pid": 4075184, "time": 1789708161.3120832, "cuda_visible_devices": "2", "allocated_gib": 5.225467205047607, "reserved_gib": 8.228515625, "peak_allocated_gib": 7.100411891937256, "gpu_time_budget": null, "module": "model.layers.20.mlp.down_proj", "step": 7424}
{"stage": "sequential-round-coordinate", "pid": 4075184, "time": 1789708162.0463727, "cuda_visible_devices": "2", "allocated_gib": 5.225467205047607, "reserved_gib": 8.228515625, "peak_allocated_gib": 7.100411891937256, "gpu_time_budget": null, "module": "model.layers.20.mlp.down_proj", "step": 7552}
{"stage": "sequential-round-coordinate", "pid": 4075184, "time": 1789708162.7711122, "cuda_visible_devices": "2", "allocated_gib": 5.225467205047607, "reserved_gib": 8.228515625, "peak_allocated_gib": 7.100411891937256, "gpu_time_budget": null, "module": "model.layers.20.mlp.down_proj", "step": 7680}
{"stage": "sequential-round-coordinate", "pid": 4075184, "time": 1789708163.4881873, "cuda_visible_devices": "2", "allocated_gib": 5.225467205047607, "reserved_gib": 8.228515625, "peak_allocated_gib": 7.100411891937256, "gpu_time_budget": null, "module": "model.layers.20.mlp.down_proj", "step": 7808}
{"stage": "sequential-round-coordinate", "pid": 4075184, "time": 1789708164.2123787, "cuda_visible_devices": "2", "allocated_gib": 5.225467205047607, "reserved_gib": 8.228515625, "peak_allocated_gib": 7.100411891937256, "gpu_time_budget": null, "module": "model.layers.20.mlp.down_proj", "step": 7936}
{"stage": "sequential-round-coordinate", "pid": 4075184, "time": 1789708164.9344776, "cuda_visible_devices": "2", "allocated_gib": 5.225467205047607, "reserved_gib": 8.228515625, "peak_allocated_gib": 7.100411891937256, "gpu_time_budget": null, "module": "model.layers.20.mlp.down_proj", "step": 8064}
{"stage": "sequential-round-coordinate", "pid": 4075184, "time": 1789708165.7492146, "cuda_visible_devices": "2", "allocated_gib": 5.225467205047607, "reserved_gib": 8.228515625, "peak_allocated_gib": 7.100411891937256, "gpu_time_budget": null, "module": "model.layers.20.mlp.down_proj", "step": 8192}
{"stage": "sequential-round-train-nll", "pid": 4075184, "time": 1789708165.809811, "cuda_visible_devices": "2", "allocated_gib": 3.7957167625427246, "reserved_gib": 3.80078125, "peak_allocated_gib": 7.100411891937256, "gpu_time_budget": null, "module": "model.layers.20.mlp.down_proj", "step": 512}
Evaluation segment 1/1: start=0, windows=8, seqlen=2048
{"stage": "sequential-round-train-nll", "pid": 4075184, "time": 1789708169.6755326, "cuda_visible_devices": "2", "allocated_gib": 3.7957167625427246, "reserved_gib": 5.978515625, "peak_allocated_gib": 7.100411891937256, "gpu_time_budget": null, "module": "model.layers.20.mlp.down_proj", "step": 2048}
Evaluation segment 1/1: start=0, windows=8, seqlen=2048
{"stage": "sequential-round-train-nll", "pid": 4075184, "time": 1789708173.459945, "cuda_visible_devices": "2", "allocated_gib": 3.7957167625427246, "reserved_gib": 5.978515625, "peak_allocated_gib": 7.100411891937256, "gpu_time_budget": null, "module": "model.layers.20.mlp.down_proj", "step": 8192}
Evaluation segment 1/1: start=0, windows=8, seqlen=2048
{"stage": "sequential-module-completed", "pid": 4075184, "time": 1789708176.8896706, "cuda_visible_devices": "2", "allocated_gib": 3.7957167625427246, "reserved_gib": 5.978515625, "peak_allocated_gib": 7.100411891937256, "gpu_time_budget": null, "module": "model.layers.20.mlp.down_proj", "completed": 21, "total": 28, "selected_train_nll": 2.6695613621941585, "elapsed_seconds": 1449.616641400964}
{"stage": "sequential-round-fit", "pid": 4075184, "time": 1789708184.2696517, "cuda_visible_devices": "2", "allocated_gib": 3.7957167625427246, "reserved_gib": 5.978515625, "peak_allocated_gib": 7.100411891937256, "gpu_time_budget": null, "module": "model.layers.21.mlp.down_proj", "fit_rows": 49152, "heldout_rows": 16384}
{"stage": "sequential-round-coordinate", "pid": 4075184, "time": 1789708185.5233476, "cuda_visible_devices": "2", "allocated_gib": 5.225467205047607, "reserved_gib": 8.228515625, "peak_allocated_gib": 7.100411891937256, "gpu_time_budget": null, "module": "model.layers.21.mlp.down_proj", "step": 128}
{"stage": "sequential-round-coordinate", "pid": 4075184, "time": 1789708186.476555, "cuda_visible_devices": "2", "allocated_gib": 5.225467205047607, "reserved_gib": 8.228515625, "peak_allocated_gib": 7.100411891937256, "gpu_time_budget": null, "module": "model.layers.21.mlp.down_proj", "step": 256}
{"stage": "sequential-round-coordinate", "pid": 4075184, "time": 1789708187.429954, "cuda_visible_devices": "2", "allocated_gib": 5.225467205047607, "reserved_gib": 8.228515625, "peak_allocated_gib": 7.100411891937256, "gpu_time_budget": null, "module": "model.layers.21.mlp.down_proj", "step": 384}
{"stage": "sequential-round-coordinate", "pid": 4075184, "time": 1789708188.4649882, "cuda_visible_devices": "2", "allocated_gib": 5.225467205047607, "reserved_gib": 8.228515625, "peak_allocated_gib": 7.100411891937256, "gpu_time_budget": null, "module": "model.layers.21.mlp.down_proj", "step": 512}
{"stage": "sequential-round-coordinate", "pid": 4075184, "time": 1789708189.4163425, "cuda_visible_devices": "2", "allocated_gib": 5.225467205047607, "reserved_gib": 8.228515625, "peak_allocated_gib": 7.100411891937256, "gpu_time_budget": null, "module": "model.layers.21.mlp.down_proj", "step": 640}
{"stage": "sequential-round-coordinate", "pid": 4075184, "time": 1789708190.3700294, "cuda_visible_devices": "2", "allocated_gib": 5.225467205047607, "reserved_gib": 8.228515625, "peak_allocated_gib": 7.100411891937256, "gpu_time_budget": null, "module": "model.layers.21.mlp.down_proj", "step": 768}
{"stage": "sequential-round-coordinate", "pid": 4075184, "time": 1789708191.3217244, "cuda_visible_devices": "2", "allocated_gib": 5.225467205047607, "reserved_gib": 8.228515625, "peak_allocated_gib": 7.100411891937256, "gpu_time_budget": null, "module": "model.layers.21.mlp.down_proj", "step": 896}
{"stage": "sequential-round-coordinate", "pid": 4075184, "time": 1789708192.275041, "cuda_visible_devices": "2", "allocated_gib": 5.225467205047607, "reserved_gib": 8.228515625, "peak_allocated_gib": 7.100411891937256, "gpu_time_budget": null, "module": "model.layers.21.mlp.down_proj", "step": 1024}
{"stage": "sequential-round-coordinate", "pid": 4075184, "time": 1789708193.2274342, "cuda_visible_devices": "2", "allocated_gib": 5.225467205047607, "reserved_gib": 8.228515625, "peak_allocated_gib": 7.100411891937256, "gpu_time_budget": null, "module": "model.layers.21.mlp.down_proj", "step": 1152}
{"stage": "sequential-round-coordinate", "pid": 4075184, "time": 1789708194.1844676, "cuda_visible_devices": "2", "allocated_gib": 5.225467205047607, "reserved_gib": 8.228515625, "peak_allocated_gib": 7.100411891937256, "gpu_time_budget": null, "module": "model.layers.21.mlp.down_proj", "step": 1280}
{"stage": "sequential-round-coordinate", "pid": 4075184, "time": 1789708195.136711, "cuda_visible_devices": "2", "allocated_gib": 5.225467205047607, "reserved_gib": 8.228515625, "peak_allocated_gib": 7.100411891937256, "gpu_time_budget": null, "module": "model.layers.21.mlp.down_proj", "step": 1408}
{"stage": "sequential-round-coordinate", "pid": 4075184, "time": 1789708196.0879352, "cuda_visible_devices": "2", "allocated_gib": 5.225467205047607, "reserved_gib": 8.228515625, "peak_allocated_gib": 7.100411891937256, "gpu_time_budget": null, "module": "model.layers.21.mlp.down_proj", "step": 1536}
{"stage": "sequential-round-coordinate", "pid": 4075184, "time": 1789708197.038114, "cuda_visible_devices": "2", "allocated_gib": 5.225467205047607, "reserved_gib": 8.228515625, "peak_allocated_gib": 7.100411891937256, "gpu_time_budget": null, "module": "model.layers.21.mlp.down_proj", "step": 1664}
{"stage": "sequential-round-coordinate", "pid": 4075184, "time": 1789708197.9887774, "cuda_visible_devices": "2", "allocated_gib": 5.225467205047607, "reserved_gib": 8.228515625, "peak_allocated_gib": 7.100411891937256, "gpu_time_budget": null, "module": "model.layers.21.mlp.down_proj", "step": 1792}
{"stage": "sequential-round-coordinate", "pid": 4075184, "time": 1789708198.9426737, "cuda_visible_devices": "2", "allocated_gib": 5.225467205047607, "reserved_gib": 8.228515625, "peak_allocated_gib": 7.100411891937256, "gpu_time_budget": null, "module": "model.layers.21.mlp.down_proj", "step": 1920}
{"stage": "sequential-round-coordinate", "pid": 4075184, "time": 1789708199.983796, "cuda_visible_devices": "2", "allocated_gib": 5.225467205047607, "reserved_gib": 8.228515625, "peak_allocated_gib": 7.100411891937256, "gpu_time_budget": null, "module": "model.layers.21.mlp.down_proj", "step": 2048}
{"stage": "sequential-round-coordinate", "pid": 4075184, "time": 1789708200.933832, "cuda_visible_devices": "2", "allocated_gib": 5.225467205047607, "reserved_gib": 8.228515625, "peak_allocated_gib": 7.100411891937256, "gpu_time_budget": null, "module": "model.layers.21.mlp.down_proj", "step": 2176}
{"stage": "sequential-round-coordinate", "pid": 4075184, "time": 1789708201.8875935, "cuda_visible_devices": "2", "allocated_gib": 5.225467205047607, "reserved_gib": 8.228515625, "peak_allocated_gib": 7.100411891937256, "gpu_time_budget": null, "module": "model.layers.21.mlp.down_proj", "step": 2304}
{"stage": "sequential-round-coordinate", "pid": 4075184, "time": 1789708202.8403761, "cuda_visible_devices": "2", "allocated_gib": 5.225467205047607, "reserved_gib": 8.228515625, "peak_allocated_gib": 7.100411891937256, "gpu_time_budget": null, "module": "model.layers.21.mlp.down_proj", "step": 2432}
{"stage": "sequential-round-coordinate", "pid": 4075184, "time": 1789708203.7911823, "cuda_visible_devices": "2", "allocated_gib": 5.225467205047607, "reserved_gib": 8.228515625, "peak_allocated_gib": 7.100411891937256, "gpu_time_budget": null, "module": "model.layers.21.mlp.down_proj", "step": 2560}
{"stage": "sequential-round-coordinate", "pid": 4075184, "time": 1789708204.7424788, "cuda_visible_devices": "2", "allocated_gib": 5.225467205047607, "reserved_gib": 8.228515625, "peak_allocated_gib": 7.100411891937256, "gpu_time_budget": null, "module": "model.layers.21.mlp.down_proj", "step": 2688}
{"stage": "sequential-round-coordinate", "pid": 4075184, "time": 1789708205.69417, "cuda_visible_devices": "2", "allocated_gib": 5.225467205047607, "reserved_gib": 8.228515625, "peak_allocated_gib": 7.100411891937256, "gpu_time_budget": null, "module": "model.layers.21.mlp.down_proj", "step": 2816}
{"stage": "sequential-round-coordinate", "pid": 4075184, "time": 1789708206.6500142, "cuda_visible_devices": "2", "allocated_gib": 5.225467205047607, "reserved_gib": 8.228515625, "peak_allocated_gib": 7.100411891937256, "gpu_time_budget": null, "module": "model.layers.21.mlp.down_proj", "step": 2944}
{"stage": "sequential-round-coordinate", "pid": 4075184, "time": 1789708207.6066236, "cuda_visible_devices": "2", "allocated_gib": 5.225467205047607, "reserved_gib": 8.228515625, "peak_allocated_gib": 7.100411891937256, "gpu_time_budget": null, "module": "model.layers.21.mlp.down_proj", "step": 3072}
{"stage": "sequential-round-coordinate", "pid": 4075184, "time": 1789708208.5610654, "cuda_visible_devices": "2", "allocated_gib": 5.225467205047607, "reserved_gib": 8.228515625, "peak_allocated_gib": 7.100411891937256, "gpu_time_budget": null, "module": "model.layers.21.mlp.down_proj", "step": 3200}
{"stage": "sequential-round-coordinate", "pid": 4075184, "time": 1789708209.51219, "cuda_visible_devices": "2", "allocated_gib": 5.225467205047607, "reserved_gib": 8.228515625, "peak_allocated_gib": 7.100411891937256, "gpu_time_budget": null, "module": "model.layers.21.mlp.down_proj", "step": 3328}
{"stage": "sequential-round-coordinate", "pid": 4075184, "time": 1789708210.465586, "cuda_visible_devices": "2", "allocated_gib": 5.225467205047607, "reserved_gib": 8.228515625, "peak_allocated_gib": 7.100411891937256, "gpu_time_budget": null, "module": "model.layers.21.mlp.down_proj", "step": 3456}
{"stage": "sequential-round-coordinate", "pid": 4075184, "time": 1789708211.4155397, "cuda_visible_devices": "2", "allocated_gib": 5.225467205047607, "reserved_gib": 8.228515625, "peak_allocated_gib": 7.100411891937256, "gpu_time_budget": null, "module": "model.layers.21.mlp.down_proj", "step": 3584}
{"stage": "sequential-round-coordinate", "pid": 4075184, "time": 1789708212.367737, "cuda_visible_devices": "2", "allocated_gib": 5.225467205047607, "reserved_gib": 8.228515625, "peak_allocated_gib": 7.100411891937256, "gpu_time_budget": null, "module": "model.layers.21.mlp.down_proj", "step": 3712}
{"stage": "sequential-round-coordinate", "pid": 4075184, "time": 1789708213.3300526, "cuda_visible_devices": "2", "allocated_gib": 5.225467205047607, "reserved_gib": 8.228515625, "peak_allocated_gib": 7.100411891937256, "gpu_time_budget": null, "module": "model.layers.21.mlp.down_proj", "step": 3840}
{"stage": "sequential-round-coordinate", "pid": 4075184, "time": 1789708214.2921772, "cuda_visible_devices": "2", "allocated_gib": 5.225467205047607, "reserved_gib": 8.228515625, "peak_allocated_gib": 7.100411891937256, "gpu_time_budget": null, "module": "model.layers.21.mlp.down_proj", "step": 3968}
{"stage": "sequential-round-coordinate", "pid": 4075184, "time": 1789708215.254596, "cuda_visible_devices": "2", "allocated_gib": 5.225467205047607, "reserved_gib": 8.228515625, "peak_allocated_gib": 7.100411891937256, "gpu_time_budget": null, "module": "model.layers.21.mlp.down_proj", "step": 4096}
{"stage": "sequential-round-coordinate", "pid": 4075184, "time": 1789708216.2154927, "cuda_visible_devices": "2", "allocated_gib": 5.225467205047607, "reserved_gib": 8.228515625, "peak_allocated_gib": 7.100411891937256, "gpu_time_budget": null, "module": "model.layers.21.mlp.down_proj", "step": 4224}
{"stage": "sequential-round-coordinate", "pid": 4075184, "time": 1789708217.1775575, "cuda_visible_devices": "2", "allocated_gib": 5.225467205047607, "reserved_gib": 8.228515625, "peak_allocated_gib": 7.100411891937256, "gpu_time_budget": null, "module": "model.layers.21.mlp.down_proj", "step": 4352}
{"stage": "sequential-round-coordinate", "pid": 4075184, "time": 1789708218.1410522, "cuda_visible_devices": "2", "allocated_gib": 5.225467205047607, "reserved_gib": 8.228515625, "peak_allocated_gib": 7.100411891937256, "gpu_time_budget": null, "module": "model.layers.21.mlp.down_proj", "step": 4480}
{"stage": "sequential-round-coordinate", "pid": 4075184, "time": 1789708219.0989985, "cuda_visible_devices": "2", "allocated_gib": 5.225467205047607, "reserved_gib": 8.228515625, "peak_allocated_gib": 7.100411891937256, "gpu_time_budget": null, "module": "model.layers.21.mlp.down_proj", "step": 4608}
{"stage": "sequential-round-coordinate", "pid": 4075184, "time": 1789708220.051283, "cuda_visible_devices": "2", "allocated_gib": 5.225467205047607, "reserved_gib": 8.228515625, "peak_allocated_gib": 7.100411891937256, "gpu_time_budget": null, "module": "model.layers.21.mlp.down_proj", "step": 4736}
{"stage": "sequential-round-coordinate", "pid": 4075184, "time": 1789708221.00332, "cuda_visible_devices": "2", "allocated_gib": 5.225467205047607, "reserved_gib": 8.228515625, "peak_allocated_gib": 7.100411891937256, "gpu_time_budget": null, "module": "model.layers.21.mlp.down_proj", "step": 4864}
{"stage": "sequential-round-coordinate", "pid": 4075184, "time": 1789708221.9586315, "cuda_visible_devices": "2", "allocated_gib": 5.225467205047607, "reserved_gib": 8.228515625, "peak_allocated_gib": 7.100411891937256, "gpu_time_budget": null, "module": "model.layers.21.mlp.down_proj", "step": 4992}
{"stage": "sequential-round-coordinate", "pid": 4075184, "time": 1789708222.9149837, "cuda_visible_devices": "2", "allocated_gib": 5.225467205047607, "reserved_gib": 8.228515625, "peak_allocated_gib": 7.100411891937256, "gpu_time_budget": null, "module": "model.layers.21.mlp.down_proj", "step": 5120}
{"stage": "sequential-round-coordinate", "pid": 4075184, "time": 1789708223.8718882, "cuda_visible_devices": "2", "allocated_gib": 5.225467205047607, "reserved_gib": 8.228515625, "peak_allocated_gib": 7.100411891937256, "gpu_time_budget": null, "module": "model.layers.21.mlp.down_proj", "step": 5248}
{"stage": "sequential-round-coordinate", "pid": 4075184, "time": 1789708224.8266158, "cuda_visible_devices": "2", "allocated_gib": 5.225467205047607, "reserved_gib": 8.228515625, "peak_allocated_gib": 7.100411891937256, "gpu_time_budget": null, "module": "model.layers.21.mlp.down_proj", "step": 5376}
{"stage": "sequential-round-coordinate", "pid": 4075184, "time": 1789708225.785027, "cuda_visible_devices": "2", "allocated_gib": 5.225467205047607, "reserved_gib": 8.228515625, "peak_allocated_gib": 7.100411891937256, "gpu_time_budget": null, "module": "model.layers.21.mlp.down_proj", "step": 5504}
{"stage": "sequential-round-coordinate", "pid": 4075184, "time": 1789708226.745918, "cuda_visible_devices": "2", "allocated_gib": 5.225467205047607, "reserved_gib": 8.228515625, "peak_allocated_gib": 7.100411891937256, "gpu_time_budget": null, "module": "model.layers.21.mlp.down_proj", "step": 5632}
{"stage": "sequential-round-coordinate", "pid": 4075184, "time": 1789708227.699732, "cuda_visible_devices": "2", "allocated_gib": 5.225467205047607, "reserved_gib": 8.228515625, "peak_allocated_gib": 7.100411891937256, "gpu_time_budget": null, "module": "model.layers.21.mlp.down_proj", "step": 5760}
{"stage": "sequential-round-coordinate", "pid": 4075184, "time": 1789708228.656909, "cuda_visible_devices": "2", "allocated_gib": 5.225467205047607, "reserved_gib": 8.228515625, "peak_allocated_gib": 7.100411891937256, "gpu_time_budget": null, "module": "model.layers.21.mlp.down_proj", "step": 5888}
{"stage": "sequential-round-coordinate", "pid": 4075184, "time": 1789708229.6156476, "cuda_visible_devices": "2", "allocated_gib": 5.225467205047607, "reserved_gib": 8.228515625, "peak_allocated_gib": 7.100411891937256, "gpu_time_budget": null, "module": "model.layers.21.mlp.down_proj", "step": 6016}
{"stage": "sequential-round-coordinate", "pid": 4075184, "time": 1789708230.5686889, "cuda_visible_devices": "2", "allocated_gib": 5.225467205047607, "reserved_gib": 8.228515625, "peak_allocated_gib": 7.100411891937256, "gpu_time_budget": null, "module": "model.layers.21.mlp.down_proj", "step": 6144}
{"stage": "sequential-round-coordinate", "pid": 4075184, "time": 1789708231.51991, "cuda_visible_devices": "2", "allocated_gib": 5.225467205047607, "reserved_gib": 8.228515625, "peak_allocated_gib": 7.100411891937256, "gpu_time_budget": null, "module": "model.layers.21.mlp.down_proj", "step": 6272}
{"stage": "sequential-round-coordinate", "pid": 4075184, "time": 1789708232.476899, "cuda_visible_devices": "2", "allocated_gib": 5.225467205047607, "reserved_gib": 8.228515625, "peak_allocated_gib": 7.100411891937256, "gpu_time_budget": null, "module": "model.layers.21.mlp.down_proj", "step": 6400}
{"stage": "sequential-round-coordinate", "pid": 4075184, "time": 1789708233.437345, "cuda_visible_devices": "2", "allocated_gib": 5.225467205047607, "reserved_gib": 8.228515625, "peak_allocated_gib": 7.100411891937256, "gpu_time_budget": null, "module": "model.layers.21.mlp.down_proj", "step": 6528}
{"stage": "sequential-round-coordinate", "pid": 4075184, "time": 1789708234.3929198, "cuda_visible_devices": "2", "allocated_gib": 5.225467205047607, "reserved_gib": 8.228515625, "peak_allocated_gib": 7.100411891937256, "gpu_time_budget": null, "module": "model.layers.21.mlp.down_proj", "step": 6656}
{"stage": "sequential-round-coordinate", "pid": 4075184, "time": 1789708235.3522532, "cuda_visible_devices": "2", "allocated_gib": 5.225467205047607, "reserved_gib": 8.228515625, "peak_allocated_gib": 7.100411891937256, "gpu_time_budget": null, "module": "model.layers.21.mlp.down_proj", "step": 6784}
{"stage": "sequential-round-coordinate", "pid": 4075184, "time": 1789708236.3146582, "cuda_visible_devices": "2", "allocated_gib": 5.225467205047607, "reserved_gib": 8.228515625, "peak_allocated_gib": 7.100411891937256, "gpu_time_budget": null, "module": "model.layers.21.mlp.down_proj", "step": 6912}
{"stage": "sequential-round-coordinate", "pid": 4075184, "time": 1789708237.2761233, "cuda_visible_devices": "2", "allocated_gib": 5.225467205047607, "reserved_gib": 8.228515625, "peak_allocated_gib": 7.100411891937256, "gpu_time_budget": null, "module": "model.layers.21.mlp.down_proj", "step": 7040}
{"stage": "sequential-round-coordinate", "pid": 4075184, "time": 1789708238.2358425, "cuda_visible_devices": "2", "allocated_gib": 5.225467205047607, "reserved_gib": 8.228515625, "peak_allocated_gib": 7.100411891937256, "gpu_time_budget": null, "module": "model.layers.21.mlp.down_proj", "step": 7168}
{"stage": "sequential-round-coordinate", "pid": 4075184, "time": 1789708239.19675, "cuda_visible_devices": "2", "allocated_gib": 5.225467205047607, "reserved_gib": 8.228515625, "peak_allocated_gib": 7.100411891937256, "gpu_time_budget": null, "module": "model.layers.21.mlp.down_proj", "step": 7296}
{"stage": "sequential-round-coordinate", "pid": 4075184, "time": 1789708240.0131567, "cuda_visible_devices": "2", "allocated_gib": 5.225467205047607, "reserved_gib": 8.228515625, "peak_allocated_gib": 7.100411891937256, "gpu_time_budget": null, "module": "model.layers.21.mlp.down_proj", "step": 7424}
{"stage": "sequential-round-coordinate", "pid": 4075184, "time": 1789708240.736112, "cuda_visible_devices": "2", "allocated_gib": 5.225467205047607, "reserved_gib": 8.228515625, "peak_allocated_gib": 7.100411891937256, "gpu_time_budget": null, "module": "model.layers.21.mlp.down_proj", "step": 7552}
{"stage": "sequential-round-coordinate", "pid": 4075184, "time": 1789708241.4610946, "cuda_visible_devices": "2", "allocated_gib": 5.225467205047607, "reserved_gib": 8.228515625, "peak_allocated_gib": 7.100411891937256, "gpu_time_budget": null, "module": "model.layers.21.mlp.down_proj", "step": 7680}
{"stage": "sequential-round-coordinate", "pid": 4075184, "time": 1789708242.1883016, "cuda_visible_devices": "2", "allocated_gib": 5.225467205047607, "reserved_gib": 8.228515625, "peak_allocated_gib": 7.100411891937256, "gpu_time_budget": null, "module": "model.layers.21.mlp.down_proj", "step": 7808}
{"stage": "sequential-round-coordinate", "pid": 4075184, "time": 1789708242.9173775, "cuda_visible_devices": "2", "allocated_gib": 5.225467205047607, "reserved_gib": 8.228515625, "peak_allocated_gib": 7.100411891937256, "gpu_time_budget": null, "module": "model.layers.21.mlp.down_proj", "step": 7936}
{"stage": "sequential-round-coordinate", "pid": 4075184, "time": 1789708243.64256, "cuda_visible_devices": "2", "allocated_gib": 5.225467205047607, "reserved_gib": 8.228515625, "peak_allocated_gib": 7.100411891937256, "gpu_time_budget": null, "module": "model.layers.21.mlp.down_proj", "step": 8064}
{"stage": "sequential-round-coordinate", "pid": 4075184, "time": 1789708244.4297779, "cuda_visible_devices": "2", "allocated_gib": 5.225467205047607, "reserved_gib": 8.228515625, "peak_allocated_gib": 7.100411891937256, "gpu_time_budget": null, "module": "model.layers.21.mlp.down_proj", "step": 8192}
{"stage": "sequential-round-train-nll", "pid": 4075184, "time": 1789708244.4807875, "cuda_visible_devices": "2", "allocated_gib": 3.7957167625427246, "reserved_gib": 3.80078125, "peak_allocated_gib": 7.100411891937256, "gpu_time_budget": null, "module": "model.layers.21.mlp.down_proj", "step": 512}
Evaluation segment 1/1: start=0, windows=8, seqlen=2048
{"stage": "sequential-round-train-nll", "pid": 4075184, "time": 1789708248.2653608, "cuda_visible_devices": "2", "allocated_gib": 3.7957167625427246, "reserved_gib": 5.978515625, "peak_allocated_gib": 7.100411891937256, "gpu_time_budget": null, "module": "model.layers.21.mlp.down_proj", "step": 2048}
Evaluation segment 1/1: start=0, windows=8, seqlen=2048
{"stage": "sequential-round-train-nll", "pid": 4075184, "time": 1789708252.0337577, "cuda_visible_devices": "2", "allocated_gib": 3.7957167625427246, "reserved_gib": 5.978515625, "peak_allocated_gib": 7.100411891937256, "gpu_time_budget": null, "module": "model.layers.21.mlp.down_proj", "step": 8192}
Evaluation segment 1/1: start=0, windows=8, seqlen=2048
{"stage": "sequential-module-completed", "pid": 4075184, "time": 1789708255.8005366, "cuda_visible_devices": "2", "allocated_gib": 3.7957167625427246, "reserved_gib": 5.978515625, "peak_allocated_gib": 7.100411891937256, "gpu_time_budget": null, "module": "model.layers.21.mlp.down_proj", "completed": 22, "total": 28, "selected_train_nll": 2.6695613621941585, "elapsed_seconds": 1528.527547156904}
{"stage": "sequential-round-fit", "pid": 4075184, "time": 1789708262.8351812, "cuda_visible_devices": "2", "allocated_gib": 3.7957167625427246, "reserved_gib": 5.978515625, "peak_allocated_gib": 7.100411891937256, "gpu_time_budget": null, "module": "model.layers.22.mlp.down_proj", "fit_rows": 49152, "heldout_rows": 16384}
{"stage": "sequential-round-coordinate", "pid": 4075184, "time": 1789708264.0990334, "cuda_visible_devices": "2", "allocated_gib": 5.225467205047607, "reserved_gib": 8.228515625, "peak_allocated_gib": 7.100411891937256, "gpu_time_budget": null, "module": "model.layers.22.mlp.down_proj", "step": 128}
{"stage": "sequential-round-coordinate", "pid": 4075184, "time": 1789708265.05034, "cuda_visible_devices": "2", "allocated_gib": 5.225467205047607, "reserved_gib": 8.228515625, "peak_allocated_gib": 7.100411891937256, "gpu_time_budget": null, "module": "model.layers.22.mlp.down_proj", "step": 256}
{"stage": "sequential-round-coordinate", "pid": 4075184, "time": 1789708266.0085633, "cuda_visible_devices": "2", "allocated_gib": 5.225467205047607, "reserved_gib": 8.228515625, "peak_allocated_gib": 7.100411891937256, "gpu_time_budget": null, "module": "model.layers.22.mlp.down_proj", "step": 384}
{"stage": "sequential-round-coordinate", "pid": 4075184, "time": 1789708267.0494494, "cuda_visible_devices": "2", "allocated_gib": 5.225467205047607, "reserved_gib": 8.228515625, "peak_allocated_gib": 7.100411891937256, "gpu_time_budget": null, "module": "model.layers.22.mlp.down_proj", "step": 512}
{"stage": "sequential-round-coordinate", "pid": 4075184, "time": 1789708268.0053785, "cuda_visible_devices": "2", "allocated_gib": 5.225467205047607, "reserved_gib": 8.228515625, "peak_allocated_gib": 7.100411891937256, "gpu_time_budget": null, "module": "model.layers.22.mlp.down_proj", "step": 640}
{"stage": "sequential-round-coordinate", "pid": 4075184, "time": 1789708268.9629242, "cuda_visible_devices": "2", "allocated_gib": 5.225467205047607, "reserved_gib": 8.228515625, "peak_allocated_gib": 7.100411891937256, "gpu_time_budget": null, "module": "model.layers.22.mlp.down_proj", "step": 768}
{"stage": "sequential-round-coordinate", "pid": 4075184, "time": 1789708269.9207194, "cuda_visible_devices": "2", "allocated_gib": 5.225467205047607, "reserved_gib": 8.228515625, "peak_allocated_gib": 7.100411891937256, "gpu_time_budget": null, "module": "model.layers.22.mlp.down_proj", "step": 896}
{"stage": "sequential-round-coordinate", "pid": 4075184, "time": 1789708270.875029, "cuda_visible_devices": "2", "allocated_gib": 5.225467205047607, "reserved_gib": 8.228515625, "peak_allocated_gib": 7.100411891937256, "gpu_time_budget": null, "module": "model.layers.22.mlp.down_proj", "step": 1024}
{"stage": "sequential-round-coordinate", "pid": 4075184, "time": 1789708271.8209028, "cuda_visible_devices": "2", "allocated_gib": 5.225467205047607, "reserved_gib": 8.228515625, "peak_allocated_gib": 7.100411891937256, "gpu_time_budget": null, "module": "model.layers.22.mlp.down_proj", "step": 1152}
{"stage": "sequential-round-coordinate", "pid": 4075184, "time": 1789708272.7778904, "cuda_visible_devices": "2", "allocated_gib": 5.225467205047607, "reserved_gib": 8.228515625, "peak_allocated_gib": 7.100411891937256, "gpu_time_budget": null, "module": "model.layers.22.mlp.down_proj", "step": 1280}
{"stage": "sequential-round-coordinate", "pid": 4075184, "time": 1789708273.7410235, "cuda_visible_devices": "2", "allocated_gib": 5.225467205047607, "reserved_gib": 8.228515625, "peak_allocated_gib": 7.100411891937256, "gpu_time_budget": null, "module": "model.layers.22.mlp.down_proj", "step": 1408}
{"stage": "sequential-round-coordinate", "pid": 4075184, "time": 1789708274.6979475, "cuda_visible_devices": "2", "allocated_gib": 5.225467205047607, "reserved_gib": 8.228515625, "peak_allocated_gib": 7.100411891937256, "gpu_time_budget": null, "module": "model.layers.22.mlp.down_proj", "step": 1536}
{"stage": "sequential-round-coordinate", "pid": 4075184, "time": 1789708275.6519268, "cuda_visible_devices": "2", "allocated_gib": 5.225467205047607, "reserved_gib": 8.228515625, "peak_allocated_gib": 7.100411891937256, "gpu_time_budget": null, "module": "model.layers.22.mlp.down_proj", "step": 1664}
{"stage": "sequential-round-coordinate", "pid": 4075184, "time": 1789708276.6036954, "cuda_visible_devices": "2", "allocated_gib": 5.225467205047607, "reserved_gib": 8.228515625, "peak_allocated_gib": 7.100411891937256, "gpu_time_budget": null, "module": "model.layers.22.mlp.down_proj", "step": 1792}
{"stage": "sequential-round-coordinate", "pid": 4075184, "time": 1789708277.5546432, "cuda_visible_devices": "2", "allocated_gib": 5.225467205047607, "reserved_gib": 8.228515625, "peak_allocated_gib": 7.100411891937256, "gpu_time_budget": null, "module": "model.layers.22.mlp.down_proj", "step": 1920}
{"stage": "sequential-round-coordinate", "pid": 4075184, "time": 1789708278.5930545, "cuda_visible_devices": "2", "allocated_gib": 5.225467205047607, "reserved_gib": 8.228515625, "peak_allocated_gib": 7.100411891937256, "gpu_time_budget": null, "module": "model.layers.22.mlp.down_proj", "step": 2048}
{"stage": "sequential-round-coordinate", "pid": 4075184, "time": 1789708279.5469868, "cuda_visible_devices": "2", "allocated_gib": 5.225467205047607, "reserved_gib": 8.228515625, "peak_allocated_gib": 7.100411891937256, "gpu_time_budget": null, "module": "model.layers.22.mlp.down_proj", "step": 2176}
{"stage": "sequential-round-coordinate", "pid": 4075184, "time": 1789708280.4980679, "cuda_visible_devices": "2", "allocated_gib": 5.225467205047607, "reserved_gib": 8.228515625, "peak_allocated_gib": 7.100411891937256, "gpu_time_budget": null, "module": "model.layers.22.mlp.down_proj", "step": 2304}
{"stage": "sequential-round-coordinate", "pid": 4075184, "time": 1789708281.4525301, "cuda_visible_devices": "2", "allocated_gib": 5.225467205047607, "reserved_gib": 8.228515625, "peak_allocated_gib": 7.100411891937256, "gpu_time_budget": null, "module": "model.layers.22.mlp.down_proj", "step": 2432}
{"stage": "sequential-round-coordinate", "pid": 4075184, "time": 1789708282.404836, "cuda_visible_devices": "2", "allocated_gib": 5.225467205047607, "reserved_gib": 8.228515625, "peak_allocated_gib": 7.100411891937256, "gpu_time_budget": null, "module": "model.layers.22.mlp.down_proj", "step": 2560}
{"stage": "sequential-round-coordinate", "pid": 4075184, "time": 1789708283.356693, "cuda_visible_devices": "2", "allocated_gib": 5.225467205047607, "reserved_gib": 8.228515625, "peak_allocated_gib": 7.100411891937256, "gpu_time_budget": null, "module": "model.layers.22.mlp.down_proj", "step": 2688}
{"stage": "sequential-round-coordinate", "pid": 4075184, "time": 1789708284.3091605, "cuda_visible_devices": "2", "allocated_gib": 5.225467205047607, "reserved_gib": 8.228515625, "peak_allocated_gib": 7.100411891937256, "gpu_time_budget": null, "module": "model.layers.22.mlp.down_proj", "step": 2816}
{"stage": "sequential-round-coordinate", "pid": 4075184, "time": 1789708285.2637377, "cuda_visible_devices": "2", "allocated_gib": 5.225467205047607, "reserved_gib": 8.228515625, "peak_allocated_gib": 7.100411891937256, "gpu_time_budget": null, "module": "model.layers.22.mlp.down_proj", "step": 2944}
{"stage": "sequential-round-coordinate", "pid": 4075184, "time": 1789708286.2155027, "cuda_visible_devices": "2", "allocated_gib": 5.225467205047607, "reserved_gib": 8.228515625, "peak_allocated_gib": 7.100411891937256, "gpu_time_budget": null, "module": "model.layers.22.mlp.down_proj", "step": 3072}
{"stage": "sequential-round-coordinate", "pid": 4075184, "time": 1789708287.1680295, "cuda_visible_devices": "2", "allocated_gib": 5.225467205047607, "reserved_gib": 8.228515625, "peak_allocated_gib": 7.100411891937256, "gpu_time_budget": null, "module": "model.layers.22.mlp.down_proj", "step": 3200}
{"stage": "sequential-round-coordinate", "pid": 4075184, "time": 1789708288.1180363, "cuda_visible_devices": "2", "allocated_gib": 5.225467205047607, "reserved_gib": 8.228515625, "peak_allocated_gib": 7.100411891937256, "gpu_time_budget": null, "module": "model.layers.22.mlp.down_proj", "step": 3328}
{"stage": "sequential-round-coordinate", "pid": 4075184, "time": 1789708289.0718591, "cuda_visible_devices": "2", "allocated_gib": 5.225467205047607, "reserved_gib": 8.228515625, "peak_allocated_gib": 7.100411891937256, "gpu_time_budget": null, "module": "model.layers.22.mlp.down_proj", "step": 3456}
{"stage": "sequential-round-coordinate", "pid": 4075184, "time": 1789708290.0262694, "cuda_visible_devices": "2", "allocated_gib": 5.225467205047607, "reserved_gib": 8.228515625, "peak_allocated_gib": 7.100411891937256, "gpu_time_budget": null, "module": "model.layers.22.mlp.down_proj", "step": 3584}
{"stage": "sequential-round-coordinate", "pid": 4075184, "time": 1789708290.983079, "cuda_visible_devices": "2", "allocated_gib": 5.225467205047607, "reserved_gib": 8.228515625, "peak_allocated_gib": 7.100411891937256, "gpu_time_budget": null, "module": "model.layers.22.mlp.down_proj", "step": 3712}
{"stage": "sequential-round-coordinate", "pid": 4075184, "time": 1789708291.936285, "cuda_visible_devices": "2", "allocated_gib": 5.225467205047607, "reserved_gib": 8.228515625, "peak_allocated_gib": 7.100411891937256, "gpu_time_budget": null, "module": "model.layers.22.mlp.down_proj", "step": 3840}
{"stage": "sequential-round-coordinate", "pid": 4075184, "time": 1789708292.8884819, "cuda_visible_devices": "2", "allocated_gib": 5.225467205047607, "reserved_gib": 8.228515625, "peak_allocated_gib": 7.100411891937256, "gpu_time_budget": null, "module": "model.layers.22.mlp.down_proj", "step": 3968}
{"stage": "sequential-round-coordinate", "pid": 4075184, "time": 1789708293.8402796, "cuda_visible_devices": "2", "allocated_gib": 5.225467205047607, "reserved_gib": 8.228515625, "peak_allocated_gib": 7.100411891937256, "gpu_time_budget": null, "module": "model.layers.22.mlp.down_proj", "step": 4096}
{"stage": "sequential-round-coordinate", "pid": 4075184, "time": 1789708294.7938464, "cuda_visible_devices": "2", "allocated_gib": 5.225467205047607, "reserved_gib": 8.228515625, "peak_allocated_gib": 7.100411891937256, "gpu_time_budget": null, "module": "model.layers.22.mlp.down_proj", "step": 4224}
{"stage": "sequential-round-coordinate", "pid": 4075184, "time": 1789708295.7466576, "cuda_visible_devices": "2", "allocated_gib": 5.225467205047607, "reserved_gib": 8.228515625, "peak_allocated_gib": 7.100411891937256, "gpu_time_budget": null, "module": "model.layers.22.mlp.down_proj", "step": 4352}
{"stage": "sequential-round-coordinate", "pid": 4075184, "time": 1789708296.699223, "cuda_visible_devices": "2", "allocated_gib": 5.225467205047607, "reserved_gib": 8.228515625, "peak_allocated_gib": 7.100411891937256, "gpu_time_budget": null, "module": "model.layers.22.mlp.down_proj", "step": 4480}
{"stage": "sequential-round-coordinate", "pid": 4075184, "time": 1789708297.6538804, "cuda_visible_devices": "2", "allocated_gib": 5.225467205047607, "reserved_gib": 8.228515625, "peak_allocated_gib": 7.100411891937256, "gpu_time_budget": null, "module": "model.layers.22.mlp.down_proj", "step": 4608}
{"stage": "sequential-round-coordinate", "pid": 4075184, "time": 1789708298.6071055, "cuda_visible_devices": "2", "allocated_gib": 5.225467205047607, "reserved_gib": 8.228515625, "peak_allocated_gib": 7.100411891937256, "gpu_time_budget": null, "module": "model.layers.22.mlp.down_proj", "step": 4736}
{"stage": "sequential-round-coordinate", "pid": 4075184, "time": 1789708299.5569198, "cuda_visible_devices": "2", "allocated_gib": 5.225467205047607, "reserved_gib": 8.228515625, "peak_allocated_gib": 7.100411891937256, "gpu_time_budget": null, "module": "model.layers.22.mlp.down_proj", "step": 4864}
{"stage": "sequential-round-coordinate", "pid": 4075184, "time": 1789708300.5102909, "cuda_visible_devices": "2", "allocated_gib": 5.225467205047607, "reserved_gib": 8.228515625, "peak_allocated_gib": 7.100411891937256, "gpu_time_budget": null, "module": "model.layers.22.mlp.down_proj", "step": 4992}
{"stage": "sequential-round-coordinate", "pid": 4075184, "time": 1789708301.4621475, "cuda_visible_devices": "2", "allocated_gib": 5.225467205047607, "reserved_gib": 8.228515625, "peak_allocated_gib": 7.100411891937256, "gpu_time_budget": null, "module": "model.layers.22.mlp.down_proj", "step": 5120}
{"stage": "sequential-round-coordinate", "pid": 4075184, "time": 1789708302.4150877, "cuda_visible_devices": "2", "allocated_gib": 5.225467205047607, "reserved_gib": 8.228515625, "peak_allocated_gib": 7.100411891937256, "gpu_time_budget": null, "module": "model.layers.22.mlp.down_proj", "step": 5248}
{"stage": "sequential-round-coordinate", "pid": 4075184, "time": 1789708303.3682792, "cuda_visible_devices": "2", "allocated_gib": 5.225467205047607, "reserved_gib": 8.228515625, "peak_allocated_gib": 7.100411891937256, "gpu_time_budget": null, "module": "model.layers.22.mlp.down_proj", "step": 5376}
{"stage": "sequential-round-coordinate", "pid": 4075184, "time": 1789708304.3197038, "cuda_visible_devices": "2", "allocated_gib": 5.225467205047607, "reserved_gib": 8.228515625, "peak_allocated_gib": 7.100411891937256, "gpu_time_budget": null, "module": "model.layers.22.mlp.down_proj", "step": 5504}
{"stage": "sequential-round-coordinate", "pid": 4075184, "time": 1789708305.2709997, "cuda_visible_devices": "2", "allocated_gib": 5.225467205047607, "reserved_gib": 8.228515625, "peak_allocated_gib": 7.100411891937256, "gpu_time_budget": null, "module": "model.layers.22.mlp.down_proj", "step": 5632}
{"stage": "sequential-round-coordinate", "pid": 4075184, "time": 1789708306.2222626, "cuda_visible_devices": "2", "allocated_gib": 5.225467205047607, "reserved_gib": 8.228515625, "peak_allocated_gib": 7.100411891937256, "gpu_time_budget": null, "module": "model.layers.22.mlp.down_proj", "step": 5760}
{"stage": "sequential-round-coordinate", "pid": 4075184, "time": 1789708307.1759577, "cuda_visible_devices": "2", "allocated_gib": 5.225467205047607, "reserved_gib": 8.228515625, "peak_allocated_gib": 7.100411891937256, "gpu_time_budget": null, "module": "model.layers.22.mlp.down_proj", "step": 5888}
{"stage": "sequential-round-coordinate", "pid": 4075184, "time": 1789708308.126866, "cuda_visible_devices": "2", "allocated_gib": 5.225467205047607, "reserved_gib": 8.228515625, "peak_allocated_gib": 7.100411891937256, "gpu_time_budget": null, "module": "model.layers.22.mlp.down_proj", "step": 6016}
{"stage": "sequential-round-coordinate", "pid": 4075184, "time": 1789708309.0803053, "cuda_visible_devices": "2", "allocated_gib": 5.225467205047607, "reserved_gib": 8.228515625, "peak_allocated_gib": 7.100411891937256, "gpu_time_budget": null, "module": "model.layers.22.mlp.down_proj", "step": 6144}
{"stage": "sequential-round-coordinate", "pid": 4075184, "time": 1789708310.0342917, "cuda_visible_devices": "2", "allocated_gib": 5.225467205047607, "reserved_gib": 8.228515625, "peak_allocated_gib": 7.100411891937256, "gpu_time_budget": null, "module": "model.layers.22.mlp.down_proj", "step": 6272}
{"stage": "sequential-round-coordinate", "pid": 4075184, "time": 1789708310.9894493, "cuda_visible_devices": "2", "allocated_gib": 5.225467205047607, "reserved_gib": 8.228515625, "peak_allocated_gib": 7.100411891937256, "gpu_time_budget": null, "module": "model.layers.22.mlp.down_proj", "step": 6400}
{"stage": "sequential-round-coordinate", "pid": 4075184, "time": 1789708311.942749, "cuda_visible_devices": "2", "allocated_gib": 5.225467205047607, "reserved_gib": 8.228515625, "peak_allocated_gib": 7.100411891937256, "gpu_time_budget": null, "module": "model.layers.22.mlp.down_proj", "step": 6528}
{"stage": "sequential-round-coordinate", "pid": 4075184, "time": 1789708312.8992734, "cuda_visible_devices": "2", "allocated_gib": 5.225467205047607, "reserved_gib": 8.228515625, "peak_allocated_gib": 7.100411891937256, "gpu_time_budget": null, "module": "model.layers.22.mlp.down_proj", "step": 6656}
{"stage": "sequential-round-coordinate", "pid": 4075184, "time": 1789708313.8537586, "cuda_visible_devices": "2", "allocated_gib": 5.225467205047607, "reserved_gib": 8.228515625, "peak_allocated_gib": 7.100411891937256, "gpu_time_budget": null, "module": "model.layers.22.mlp.down_proj", "step": 6784}
{"stage": "sequential-round-coordinate", "pid": 4075184, "time": 1789708314.8185024, "cuda_visible_devices": "2", "allocated_gib": 5.225467205047607, "reserved_gib": 8.228515625, "peak_allocated_gib": 7.100411891937256, "gpu_time_budget": null, "module": "model.layers.22.mlp.down_proj", "step": 6912}
{"stage": "sequential-round-coordinate", "pid": 4075184, "time": 1789708315.7793202, "cuda_visible_devices": "2", "allocated_gib": 5.225467205047607, "reserved_gib": 8.228515625, "peak_allocated_gib": 7.100411891937256, "gpu_time_budget": null, "module": "model.layers.22.mlp.down_proj", "step": 7040}
{"stage": "sequential-round-coordinate", "pid": 4075184, "time": 1789708316.7349775, "cuda_visible_devices": "2", "allocated_gib": 5.225467205047607, "reserved_gib": 8.228515625, "peak_allocated_gib": 7.100411891937256, "gpu_time_budget": null, "module": "model.layers.22.mlp.down_proj", "step": 7168}
{"stage": "sequential-round-coordinate", "pid": 4075184, "time": 1789708317.6972764, "cuda_visible_devices": "2", "allocated_gib": 5.225467205047607, "reserved_gib": 8.228515625, "peak_allocated_gib": 7.100411891937256, "gpu_time_budget": null, "module": "model.layers.22.mlp.down_proj", "step": 7296}
{"stage": "sequential-round-coordinate", "pid": 4075184, "time": 1789708318.6556222, "cuda_visible_devices": "2", "allocated_gib": 5.225467205047607, "reserved_gib": 8.228515625, "peak_allocated_gib": 7.100411891937256, "gpu_time_budget": null, "module": "model.layers.22.mlp.down_proj", "step": 7424}
{"stage": "sequential-round-coordinate", "pid": 4075184, "time": 1789708319.6102989, "cuda_visible_devices": "2", "allocated_gib": 5.225467205047607, "reserved_gib": 8.228515625, "peak_allocated_gib": 7.100411891937256, "gpu_time_budget": null, "module": "model.layers.22.mlp.down_proj", "step": 7552}
{"stage": "sequential-round-coordinate", "pid": 4075184, "time": 1789708320.3490252, "cuda_visible_devices": "2", "allocated_gib": 5.225467205047607, "reserved_gib": 8.228515625, "peak_allocated_gib": 7.100411891937256, "gpu_time_budget": null, "module": "model.layers.22.mlp.down_proj", "step": 7680}
{"stage": "sequential-round-coordinate", "pid": 4075184, "time": 1789708321.0775468, "cuda_visible_devices": "2", "allocated_gib": 5.225467205047607, "reserved_gib": 8.228515625, "peak_allocated_gib": 7.100411891937256, "gpu_time_budget": null, "module": "model.layers.22.mlp.down_proj", "step": 7808}
{"stage": "sequential-round-coordinate", "pid": 4075184, "time": 1789708321.8056784, "cuda_visible_devices": "2", "allocated_gib": 5.225467205047607, "reserved_gib": 8.228515625, "peak_allocated_gib": 7.100411891937256, "gpu_time_budget": null, "module": "model.layers.22.mlp.down_proj", "step": 7936}
{"stage": "sequential-round-coordinate", "pid": 4075184, "time": 1789708322.5325568, "cuda_visible_devices": "2", "allocated_gib": 5.225467205047607, "reserved_gib": 8.228515625, "peak_allocated_gib": 7.100411891937256, "gpu_time_budget": null, "module": "model.layers.22.mlp.down_proj", "step": 8064}
{"stage": "sequential-round-coordinate", "pid": 4075184, "time": 1789708323.3196108, "cuda_visible_devices": "2", "allocated_gib": 5.225467205047607, "reserved_gib": 8.228515625, "peak_allocated_gib": 7.100411891937256, "gpu_time_budget": null, "module": "model.layers.22.mlp.down_proj", "step": 8192}
{"stage": "sequential-round-train-nll", "pid": 4075184, "time": 1789708323.3635764, "cuda_visible_devices": "2", "allocated_gib": 3.7957167625427246, "reserved_gib": 3.80078125, "peak_allocated_gib": 7.100411891937256, "gpu_time_budget": null, "module": "model.layers.22.mlp.down_proj", "step": 512}
Evaluation segment 1/1: start=0, windows=8, seqlen=2048
{"stage": "sequential-round-train-nll", "pid": 4075184, "time": 1789708327.1363556, "cuda_visible_devices": "2", "allocated_gib": 3.7957167625427246, "reserved_gib": 5.978515625, "peak_allocated_gib": 7.100411891937256, "gpu_time_budget": null, "module": "model.layers.22.mlp.down_proj", "step": 2048}
Evaluation segment 1/1: start=0, windows=8, seqlen=2048
{"stage": "sequential-round-train-nll", "pid": 4075184, "time": 1789708330.9609392, "cuda_visible_devices": "2", "allocated_gib": 3.7957167625427246, "reserved_gib": 5.978515625, "peak_allocated_gib": 7.100411891937256, "gpu_time_budget": null, "module": "model.layers.22.mlp.down_proj", "step": 8192}
Evaluation segment 1/1: start=0, windows=8, seqlen=2048
{"stage": "sequential-module-completed", "pid": 4075184, "time": 1789708334.7535949, "cuda_visible_devices": "2", "allocated_gib": 3.7957167625427246, "reserved_gib": 5.978515625, "peak_allocated_gib": 7.100411891937256, "gpu_time_budget": null, "module": "model.layers.22.mlp.down_proj", "completed": 23, "total": 28, "selected_train_nll": 2.6695613621941585, "elapsed_seconds": 1607.4805996249197}
{"stage": "sequential-round-fit", "pid": 4075184, "time": 1789708341.0353136, "cuda_visible_devices": "2", "allocated_gib": 3.7957167625427246, "reserved_gib": 5.978515625, "peak_allocated_gib": 7.100411891937256, "gpu_time_budget": null, "module": "model.layers.23.mlp.down_proj", "fit_rows": 49152, "heldout_rows": 16384}
{"stage": "sequential-round-coordinate", "pid": 4075184, "time": 1789708342.2924433, "cuda_visible_devices": "2", "allocated_gib": 5.225467205047607, "reserved_gib": 8.228515625, "peak_allocated_gib": 7.100411891937256, "gpu_time_budget": null, "module": "model.layers.23.mlp.down_proj", "step": 128}
{"stage": "sequential-round-coordinate", "pid": 4075184, "time": 1789708343.251457, "cuda_visible_devices": "2", "allocated_gib": 5.225467205047607, "reserved_gib": 8.228515625, "peak_allocated_gib": 7.100411891937256, "gpu_time_budget": null, "module": "model.layers.23.mlp.down_proj", "step": 256}
{"stage": "sequential-round-coordinate", "pid": 4075184, "time": 1789708344.2078593, "cuda_visible_devices": "2", "allocated_gib": 5.225467205047607, "reserved_gib": 8.228515625, "peak_allocated_gib": 7.100411891937256, "gpu_time_budget": null, "module": "model.layers.23.mlp.down_proj", "step": 384}
{"stage": "sequential-round-coordinate", "pid": 4075184, "time": 1789708345.2556856, "cuda_visible_devices": "2", "allocated_gib": 5.225467205047607, "reserved_gib": 8.228515625, "peak_allocated_gib": 7.100411891937256, "gpu_time_budget": null, "module": "model.layers.23.mlp.down_proj", "step": 512}
{"stage": "sequential-round-coordinate", "pid": 4075184, "time": 1789708346.2143722, "cuda_visible_devices": "2", "allocated_gib": 5.225467205047607, "reserved_gib": 8.228515625, "peak_allocated_gib": 7.100411891937256, "gpu_time_budget": null, "module": "model.layers.23.mlp.down_proj", "step": 640}
{"stage": "sequential-round-coordinate", "pid": 4075184, "time": 1789708347.1776564, "cuda_visible_devices": "2", "allocated_gib": 5.225467205047607, "reserved_gib": 8.228515625, "peak_allocated_gib": 7.100411891937256, "gpu_time_budget": null, "module": "model.layers.23.mlp.down_proj", "step": 768}
{"stage": "sequential-round-coordinate", "pid": 4075184, "time": 1789708348.134462, "cuda_visible_devices": "2", "allocated_gib": 5.225467205047607, "reserved_gib": 8.228515625, "peak_allocated_gib": 7.100411891937256, "gpu_time_budget": null, "module": "model.layers.23.mlp.down_proj", "step": 896}
{"stage": "sequential-round-coordinate", "pid": 4075184, "time": 1789708349.0961595, "cuda_visible_devices": "2", "allocated_gib": 5.225467205047607, "reserved_gib": 8.228515625, "peak_allocated_gib": 7.100411891937256, "gpu_time_budget": null, "module": "model.layers.23.mlp.down_proj", "step": 1024}
{"stage": "sequential-round-coordinate", "pid": 4075184, "time": 1789708350.0563352, "cuda_visible_devices": "2", "allocated_gib": 5.225467205047607, "reserved_gib": 8.228515625, "peak_allocated_gib": 7.100411891937256, "gpu_time_budget": null, "module": "model.layers.23.mlp.down_proj", "step": 1152}
{"stage": "sequential-round-coordinate", "pid": 4075184, "time": 1789708351.012318, "cuda_visible_devices": "2", "allocated_gib": 5.225467205047607, "reserved_gib": 8.228515625, "peak_allocated_gib": 7.100411891937256, "gpu_time_budget": null, "module": "model.layers.23.mlp.down_proj", "step": 1280}
{"stage": "sequential-round-coordinate", "pid": 4075184, "time": 1789708351.9689157, "cuda_visible_devices": "2", "allocated_gib": 5.225467205047607, "reserved_gib": 8.228515625, "peak_allocated_gib": 7.100411891937256, "gpu_time_budget": null, "module": "model.layers.23.mlp.down_proj", "step": 1408}
{"stage": "sequential-round-coordinate", "pid": 4075184, "time": 1789708352.9230294, "cuda_visible_devices": "2", "allocated_gib": 5.225467205047607, "reserved_gib": 8.228515625, "peak_allocated_gib": 7.100411891937256, "gpu_time_budget": null, "module": "model.layers.23.mlp.down_proj", "step": 1536}
{"stage": "sequential-round-coordinate", "pid": 4075184, "time": 1789708353.8785007, "cuda_visible_devices": "2", "allocated_gib": 5.225467205047607, "reserved_gib": 8.228515625, "peak_allocated_gib": 7.100411891937256, "gpu_time_budget": null, "module": "model.layers.23.mlp.down_proj", "step": 1664}
{"stage": "sequential-round-coordinate", "pid": 4075184, "time": 1789708354.83703, "cuda_visible_devices": "2", "allocated_gib": 5.225467205047607, "reserved_gib": 8.228515625, "peak_allocated_gib": 7.100411891937256, "gpu_time_budget": null, "module": "model.layers.23.mlp.down_proj", "step": 1792}
{"stage": "sequential-round-coordinate", "pid": 4075184, "time": 1789708355.7958953, "cuda_visible_devices": "2", "allocated_gib": 5.225467205047607, "reserved_gib": 8.228515625, "peak_allocated_gib": 7.100411891937256, "gpu_time_budget": null, "module": "model.layers.23.mlp.down_proj", "step": 1920}
{"stage": "sequential-round-coordinate", "pid": 4075184, "time": 1789708356.8357654, "cuda_visible_devices": "2", "allocated_gib": 5.225467205047607, "reserved_gib": 8.228515625, "peak_allocated_gib": 7.100411891937256, "gpu_time_budget": null, "module": "model.layers.23.mlp.down_proj", "step": 2048}
{"stage": "sequential-round-coordinate", "pid": 4075184, "time": 1789708357.7893558, "cuda_visible_devices": "2", "allocated_gib": 5.225467205047607, "reserved_gib": 8.228515625, "peak_allocated_gib": 7.100411891937256, "gpu_time_budget": null, "module": "model.layers.23.mlp.down_proj", "step": 2176}
{"stage": "sequential-round-coordinate", "pid": 4075184, "time": 1789708358.7434683, "cuda_visible_devices": "2", "allocated_gib": 5.225467205047607, "reserved_gib": 8.228515625, "peak_allocated_gib": 7.100411891937256, "gpu_time_budget": null, "module": "model.layers.23.mlp.down_proj", "step": 2304}
{"stage": "sequential-round-coordinate", "pid": 4075184, "time": 1789708359.6822753, "cuda_visible_devices": "2", "allocated_gib": 5.225467205047607, "reserved_gib": 8.228515625, "peak_allocated_gib": 7.100411891937256, "gpu_time_budget": null, "module": "model.layers.23.mlp.down_proj", "step": 2432}
{"stage": "sequential-round-coordinate", "pid": 4075184, "time": 1789708360.6399646, "cuda_visible_devices": "2", "allocated_gib": 5.225467205047607, "reserved_gib": 8.228515625, "peak_allocated_gib": 7.100411891937256, "gpu_time_budget": null, "module": "model.layers.23.mlp.down_proj", "step": 2560}
{"stage": "sequential-round-coordinate", "pid": 4075184, "time": 1789708361.6015759, "cuda_visible_devices": "2", "allocated_gib": 5.225467205047607, "reserved_gib": 8.228515625, "peak_allocated_gib": 7.100411891937256, "gpu_time_budget": null, "module": "model.layers.23.mlp.down_proj", "step": 2688}
{"stage": "sequential-round-coordinate", "pid": 4075184, "time": 1789708362.558295, "cuda_visible_devices": "2", "allocated_gib": 5.225467205047607, "reserved_gib": 8.228515625, "peak_allocated_gib": 7.100411891937256, "gpu_time_budget": null, "module": "model.layers.23.mlp.down_proj", "step": 2816}
{"stage": "sequential-round-coordinate", "pid": 4075184, "time": 1789708363.5169077, "cuda_visible_devices": "2", "allocated_gib": 5.225467205047607, "reserved_gib": 8.228515625, "peak_allocated_gib": 7.100411891937256, "gpu_time_budget": null, "module": "model.layers.23.mlp.down_proj", "step": 2944}
{"stage": "sequential-round-coordinate", "pid": 4075184, "time": 1789708364.4730878, "cuda_visible_devices": "2", "allocated_gib": 5.225467205047607, "reserved_gib": 8.228515625, "peak_allocated_gib": 7.100411891937256, "gpu_time_budget": null, "module": "model.layers.23.mlp.down_proj", "step": 3072}
{"stage": "sequential-round-coordinate", "pid": 4075184, "time": 1789708365.4310644, "cuda_visible_devices": "2", "allocated_gib": 5.225467205047607, "reserved_gib": 8.228515625, "peak_allocated_gib": 7.100411891937256, "gpu_time_budget": null, "module": "model.layers.23.mlp.down_proj", "step": 3200}
{"stage": "sequential-round-coordinate", "pid": 4075184, "time": 1789708366.384754, "cuda_visible_devices": "2", "allocated_gib": 5.225467205047607, "reserved_gib": 8.228515625, "peak_allocated_gib": 7.100411891937256, "gpu_time_budget": null, "module": "model.layers.23.mlp.down_proj", "step": 3328}
{"stage": "sequential-round-coordinate", "pid": 4075184, "time": 1789708367.338791, "cuda_visible_devices": "2", "allocated_gib": 5.225467205047607, "reserved_gib": 8.228515625, "peak_allocated_gib": 7.100411891937256, "gpu_time_budget": null, "module": "model.layers.23.mlp.down_proj", "step": 3456}
{"stage": "sequential-round-coordinate", "pid": 4075184, "time": 1789708368.2895217, "cuda_visible_devices": "2", "allocated_gib": 5.225467205047607, "reserved_gib": 8.228515625, "peak_allocated_gib": 7.100411891937256, "gpu_time_budget": null, "module": "model.layers.23.mlp.down_proj", "step": 3584}
{"stage": "sequential-round-coordinate", "pid": 4075184, "time": 1789708369.2380419, "cuda_visible_devices": "2", "allocated_gib": 5.225467205047607, "reserved_gib": 8.228515625, "peak_allocated_gib": 7.100411891937256, "gpu_time_budget": null, "module": "model.layers.23.mlp.down_proj", "step": 3712}
{"stage": "sequential-round-coordinate", "pid": 4075184, "time": 1789708370.1895924, "cuda_visible_devices": "2", "allocated_gib": 5.225467205047607, "reserved_gib": 8.228515625, "peak_allocated_gib": 7.100411891937256, "gpu_time_budget": null, "module": "model.layers.23.mlp.down_proj", "step": 3840}
{"stage": "sequential-round-coordinate", "pid": 4075184, "time": 1789708371.142161, "cuda_visible_devices": "2", "allocated_gib": 5.225467205047607, "reserved_gib": 8.228515625, "peak_allocated_gib": 7.100411891937256, "gpu_time_budget": null, "module": "model.layers.23.mlp.down_proj", "step": 3968}
{"stage": "sequential-round-coordinate", "pid": 4075184, "time": 1789708372.0954404, "cuda_visible_devices": "2", "allocated_gib": 5.225467205047607, "reserved_gib": 8.228515625, "peak_allocated_gib": 7.100411891937256, "gpu_time_budget": null, "module": "model.layers.23.mlp.down_proj", "step": 4096}
{"stage": "sequential-round-coordinate", "pid": 4075184, "time": 1789708373.0480988, "cuda_visible_devices": "2", "allocated_gib": 5.225467205047607, "reserved_gib": 8.228515625, "peak_allocated_gib": 7.100411891937256, "gpu_time_budget": null, "module": "model.layers.23.mlp.down_proj", "step": 4224}
{"stage": "sequential-round-coordinate", "pid": 4075184, "time": 1789708374.006326, "cuda_visible_devices": "2", "allocated_gib": 5.225467205047607, "reserved_gib": 8.228515625, "peak_allocated_gib": 7.100411891937256, "gpu_time_budget": null, "module": "model.layers.23.mlp.down_proj", "step": 4352}
{"stage": "sequential-round-coordinate", "pid": 4075184, "time": 1789708374.964502, "cuda_visible_devices": "2", "allocated_gib": 5.225467205047607, "reserved_gib": 8.228515625, "peak_allocated_gib": 7.100411891937256, "gpu_time_budget": null, "module": "model.layers.23.mlp.down_proj", "step": 4480}
{"stage": "sequential-round-coordinate", "pid": 4075184, "time": 1789708375.921147, "cuda_visible_devices": "2", "allocated_gib": 5.225467205047607, "reserved_gib": 8.228515625, "peak_allocated_gib": 7.100411891937256, "gpu_time_budget": null, "module": "model.layers.23.mlp.down_proj", "step": 4608}
{"stage": "sequential-round-coordinate", "pid": 4075184, "time": 1789708376.8778183, "cuda_visible_devices": "2", "allocated_gib": 5.225467205047607, "reserved_gib": 8.228515625, "peak_allocated_gib": 7.100411891937256, "gpu_time_budget": null, "module": "model.layers.23.mlp.down_proj", "step": 4736}
{"stage": "sequential-round-coordinate", "pid": 4075184, "time": 1789708377.8341749, "cuda_visible_devices": "2", "allocated_gib": 5.225467205047607, "reserved_gib": 8.228515625, "peak_allocated_gib": 7.100411891937256, "gpu_time_budget": null, "module": "model.layers.23.mlp.down_proj", "step": 4864}
{"stage": "sequential-round-coordinate", "pid": 4075184, "time": 1789708378.790038, "cuda_visible_devices": "2", "allocated_gib": 5.225467205047607, "reserved_gib": 8.228515625, "peak_allocated_gib": 7.100411891937256, "gpu_time_budget": null, "module": "model.layers.23.mlp.down_proj", "step": 4992}
{"stage": "sequential-round-coordinate", "pid": 4075184, "time": 1789708379.7458591, "cuda_visible_devices": "2", "allocated_gib": 5.225467205047607, "reserved_gib": 8.228515625, "peak_allocated_gib": 7.100411891937256, "gpu_time_budget": null, "module": "model.layers.23.mlp.down_proj", "step": 5120}
{"stage": "sequential-round-coordinate", "pid": 4075184, "time": 1789708380.7046206, "cuda_visible_devices": "2", "allocated_gib": 5.225467205047607, "reserved_gib": 8.228515625, "peak_allocated_gib": 7.100411891937256, "gpu_time_budget": null, "module": "model.layers.23.mlp.down_proj", "step": 5248}
{"stage": "sequential-round-coordinate", "pid": 4075184, "time": 1789708381.6639938, "cuda_visible_devices": "2", "allocated_gib": 5.225467205047607, "reserved_gib": 8.228515625, "peak_allocated_gib": 7.100411891937256, "gpu_time_budget": null, "module": "model.layers.23.mlp.down_proj", "step": 5376}
{"stage": "sequential-round-coordinate", "pid": 4075184, "time": 1789708382.6198165, "cuda_visible_devices": "2", "allocated_gib": 5.225467205047607, "reserved_gib": 8.228515625, "peak_allocated_gib": 7.100411891937256, "gpu_time_budget": null, "module": "model.layers.23.mlp.down_proj", "step": 5504}
{"stage": "sequential-round-coordinate", "pid": 4075184, "time": 1789708383.5741565, "cuda_visible_devices": "2", "allocated_gib": 5.225467205047607, "reserved_gib": 8.228515625, "peak_allocated_gib": 7.100411891937256, "gpu_time_budget": null, "module": "model.layers.23.mlp.down_proj", "step": 5632}
{"stage": "sequential-round-coordinate", "pid": 4075184, "time": 1789708384.5263536, "cuda_visible_devices": "2", "allocated_gib": 5.225467205047607, "reserved_gib": 8.228515625, "peak_allocated_gib": 7.100411891937256, "gpu_time_budget": null, "module": "model.layers.23.mlp.down_proj", "step": 5760}
{"stage": "sequential-round-coordinate", "pid": 4075184, "time": 1789708385.48336, "cuda_visible_devices": "2", "allocated_gib": 5.225467205047607, "reserved_gib": 8.228515625, "peak_allocated_gib": 7.100411891937256, "gpu_time_budget": null, "module": "model.layers.23.mlp.down_proj", "step": 5888}
{"stage": "sequential-round-coordinate", "pid": 4075184, "time": 1789708386.4084299, "cuda_visible_devices": "2", "allocated_gib": 5.225467205047607, "reserved_gib": 8.228515625, "peak_allocated_gib": 7.100411891937256, "gpu_time_budget": null, "module": "model.layers.23.mlp.down_proj", "step": 6016}
{"stage": "sequential-round-coordinate", "pid": 4075184, "time": 1789708387.4065995, "cuda_visible_devices": "2", "allocated_gib": 5.225467205047607, "reserved_gib": 8.228515625, "peak_allocated_gib": 7.100411891937256, "gpu_time_budget": null, "module": "model.layers.23.mlp.down_proj", "step": 6144}
{"stage": "sequential-round-coordinate", "pid": 4075184, "time": 1789708388.3588057, "cuda_visible_devices": "2", "allocated_gib": 5.225467205047607, "reserved_gib": 8.228515625, "peak_allocated_gib": 7.100411891937256, "gpu_time_budget": null, "module": "model.layers.23.mlp.down_proj", "step": 6272}
{"stage": "sequential-round-coordinate", "pid": 4075184, "time": 1789708389.309949, "cuda_visible_devices": "2", "allocated_gib": 5.225467205047607, "reserved_gib": 8.228515625, "peak_allocated_gib": 7.100411891937256, "gpu_time_budget": null, "module": "model.layers.23.mlp.down_proj", "step": 6400}
{"stage": "sequential-round-coordinate", "pid": 4075184, "time": 1789708390.2623339, "cuda_visible_devices": "2", "allocated_gib": 5.225467205047607, "reserved_gib": 8.228515625, "peak_allocated_gib": 7.100411891937256, "gpu_time_budget": null, "module": "model.layers.23.mlp.down_proj", "step": 6528}
{"stage": "sequential-round-coordinate", "pid": 4075184, "time": 1789708391.217088, "cuda_visible_devices": "2", "allocated_gib": 5.225467205047607, "reserved_gib": 8.228515625, "peak_allocated_gib": 7.100411891937256, "gpu_time_budget": null, "module": "model.layers.23.mlp.down_proj", "step": 6656}
{"stage": "sequential-round-coordinate", "pid": 4075184, "time": 1789708392.1737962, "cuda_visible_devices": "2", "allocated_gib": 5.225467205047607, "reserved_gib": 8.228515625, "peak_allocated_gib": 7.100411891937256, "gpu_time_budget": null, "module": "model.layers.23.mlp.down_proj", "step": 6784}
{"stage": "sequential-round-coordinate", "pid": 4075184, "time": 1789708393.134357, "cuda_visible_devices": "2", "allocated_gib": 5.225467205047607, "reserved_gib": 8.228515625, "peak_allocated_gib": 7.100411891937256, "gpu_time_budget": null, "module": "model.layers.23.mlp.down_proj", "step": 6912}
{"stage": "sequential-round-coordinate", "pid": 4075184, "time": 1789708394.0861194, "cuda_visible_devices": "2", "allocated_gib": 5.225467205047607, "reserved_gib": 8.228515625, "peak_allocated_gib": 7.100411891937256, "gpu_time_budget": null, "module": "model.layers.23.mlp.down_proj", "step": 7040}
{"stage": "sequential-round-coordinate", "pid": 4075184, "time": 1789708395.0391018, "cuda_visible_devices": "2", "allocated_gib": 5.225467205047607, "reserved_gib": 8.228515625, "peak_allocated_gib": 7.100411891937256, "gpu_time_budget": null, "module": "model.layers.23.mlp.down_proj", "step": 7168}
{"stage": "sequential-round-coordinate", "pid": 4075184, "time": 1789708395.9939458, "cuda_visible_devices": "2", "allocated_gib": 5.225467205047607, "reserved_gib": 8.228515625, "peak_allocated_gib": 7.100411891937256, "gpu_time_budget": null, "module": "model.layers.23.mlp.down_proj", "step": 7296}
{"stage": "sequential-round-coordinate", "pid": 4075184, "time": 1789708396.9510121, "cuda_visible_devices": "2", "allocated_gib": 5.225467205047607, "reserved_gib": 8.228515625, "peak_allocated_gib": 7.100411891937256, "gpu_time_budget": null, "module": "model.layers.23.mlp.down_proj", "step": 7424}
{"stage": "sequential-round-coordinate", "pid": 4075184, "time": 1789708397.9104035, "cuda_visible_devices": "2", "allocated_gib": 5.225467205047607, "reserved_gib": 8.228515625, "peak_allocated_gib": 7.100411891937256, "gpu_time_budget": null, "module": "model.layers.23.mlp.down_proj", "step": 7552}
{"stage": "sequential-round-coordinate", "pid": 4075184, "time": 1789708398.8678195, "cuda_visible_devices": "2", "allocated_gib": 5.225467205047607, "reserved_gib": 8.228515625, "peak_allocated_gib": 7.100411891937256, "gpu_time_budget": null, "module": "model.layers.23.mlp.down_proj", "step": 7680}
{"stage": "sequential-round-coordinate", "pid": 4075184, "time": 1789708399.8225543, "cuda_visible_devices": "2", "allocated_gib": 5.225467205047607, "reserved_gib": 8.228515625, "peak_allocated_gib": 7.100411891937256, "gpu_time_budget": null, "module": "model.layers.23.mlp.down_proj", "step": 7808}
{"stage": "sequential-round-coordinate", "pid": 4075184, "time": 1789708400.7785575, "cuda_visible_devices": "2", "allocated_gib": 5.225467205047607, "reserved_gib": 8.228515625, "peak_allocated_gib": 7.100411891937256, "gpu_time_budget": null, "module": "model.layers.23.mlp.down_proj", "step": 7936}
{"stage": "sequential-round-coordinate", "pid": 4075184, "time": 1789708401.480361, "cuda_visible_devices": "2", "allocated_gib": 5.225467205047607, "reserved_gib": 8.228515625, "peak_allocated_gib": 7.100411891937256, "gpu_time_budget": null, "module": "model.layers.23.mlp.down_proj", "step": 8064}
{"stage": "sequential-round-coordinate", "pid": 4075184, "time": 1789708402.268403, "cuda_visible_devices": "2", "allocated_gib": 5.225467205047607, "reserved_gib": 8.228515625, "peak_allocated_gib": 7.100411891937256, "gpu_time_budget": null, "module": "model.layers.23.mlp.down_proj", "step": 8192}
{"stage": "sequential-round-train-nll", "pid": 4075184, "time": 1789708402.3179498, "cuda_visible_devices": "2", "allocated_gib": 3.7957167625427246, "reserved_gib": 3.80078125, "peak_allocated_gib": 7.100411891937256, "gpu_time_budget": null, "module": "model.layers.23.mlp.down_proj", "step": 512}
Evaluation segment 1/1: start=0, windows=8, seqlen=2048
{"stage": "sequential-round-train-nll", "pid": 4075184, "time": 1789708406.184872, "cuda_visible_devices": "2", "allocated_gib": 3.7957167625427246, "reserved_gib": 5.978515625, "peak_allocated_gib": 7.100411891937256, "gpu_time_budget": null, "module": "model.layers.23.mlp.down_proj", "step": 2048}
Evaluation segment 1/1: start=0, windows=8, seqlen=2048
{"stage": "sequential-round-train-nll", "pid": 4075184, "time": 1789708409.987345, "cuda_visible_devices": "2", "allocated_gib": 3.7957167625427246, "reserved_gib": 5.978515625, "peak_allocated_gib": 7.100411891937256, "gpu_time_budget": null, "module": "model.layers.23.mlp.down_proj", "step": 8192}
Evaluation segment 1/1: start=0, windows=8, seqlen=2048
{"stage": "sequential-module-completed", "pid": 4075184, "time": 1789708414.2292483, "cuda_visible_devices": "2", "allocated_gib": 3.7957167625427246, "reserved_gib": 5.978515625, "peak_allocated_gib": 7.100411891937256, "gpu_time_budget": null, "module": "model.layers.23.mlp.down_proj", "completed": 24, "total": 28, "selected_train_nll": 2.6695613621941585, "elapsed_seconds": 1686.956244516885}
{"stage": "sequential-round-fit", "pid": 4075184, "time": 1789708420.2550895, "cuda_visible_devices": "2", "allocated_gib": 3.7957167625427246, "reserved_gib": 5.978515625, "peak_allocated_gib": 7.100411891937256, "gpu_time_budget": null, "module": "model.layers.24.mlp.down_proj", "fit_rows": 49152, "heldout_rows": 16384}
{"stage": "sequential-round-coordinate", "pid": 4075184, "time": 1789708421.5249128, "cuda_visible_devices": "2", "allocated_gib": 5.225467205047607, "reserved_gib": 8.228515625, "peak_allocated_gib": 7.100411891937256, "gpu_time_budget": null, "module": "model.layers.24.mlp.down_proj", "step": 128}
{"stage": "sequential-round-coordinate", "pid": 4075184, "time": 1789708422.4801683, "cuda_visible_devices": "2", "allocated_gib": 5.225467205047607, "reserved_gib": 8.228515625, "peak_allocated_gib": 7.100411891937256, "gpu_time_budget": null, "module": "model.layers.24.mlp.down_proj", "step": 256}
{"stage": "sequential-round-coordinate", "pid": 4075184, "time": 1789708423.4312568, "cuda_visible_devices": "2", "allocated_gib": 5.225467205047607, "reserved_gib": 8.228515625, "peak_allocated_gib": 7.100411891937256, "gpu_time_budget": null, "module": "model.layers.24.mlp.down_proj", "step": 384}
{"stage": "sequential-round-coordinate", "pid": 4075184, "time": 1789708424.4729874, "cuda_visible_devices": "2", "allocated_gib": 5.225467205047607, "reserved_gib": 8.228515625, "peak_allocated_gib": 7.100411891937256, "gpu_time_budget": null, "module": "model.layers.24.mlp.down_proj", "step": 512}
{"stage": "sequential-round-coordinate", "pid": 4075184, "time": 1789708425.4251537, "cuda_visible_devices": "2", "allocated_gib": 5.225467205047607, "reserved_gib": 8.228515625, "peak_allocated_gib": 7.100411891937256, "gpu_time_budget": null, "module": "model.layers.24.mlp.down_proj", "step": 640}
{"stage": "sequential-round-coordinate", "pid": 4075184, "time": 1789708426.374378, "cuda_visible_devices": "2", "allocated_gib": 5.225467205047607, "reserved_gib": 8.228515625, "peak_allocated_gib": 7.100411891937256, "gpu_time_budget": null, "module": "model.layers.24.mlp.down_proj", "step": 768}
{"stage": "sequential-round-coordinate", "pid": 4075184, "time": 1789708427.326945, "cuda_visible_devices": "2", "allocated_gib": 5.225467205047607, "reserved_gib": 8.228515625, "peak_allocated_gib": 7.100411891937256, "gpu_time_budget": null, "module": "model.layers.24.mlp.down_proj", "step": 896}
{"stage": "sequential-round-coordinate", "pid": 4075184, "time": 1789708428.2790306, "cuda_visible_devices": "2", "allocated_gib": 5.225467205047607, "reserved_gib": 8.228515625, "peak_allocated_gib": 7.100411891937256, "gpu_time_budget": null, "module": "model.layers.24.mlp.down_proj", "step": 1024}
{"stage": "sequential-round-coordinate", "pid": 4075184, "time": 1789708429.2303507, "cuda_visible_devices": "2", "allocated_gib": 5.225467205047607, "reserved_gib": 8.228515625, "peak_allocated_gib": 7.100411891937256, "gpu_time_budget": null, "module": "model.layers.24.mlp.down_proj", "step": 1152}
{"stage": "sequential-round-coordinate", "pid": 4075184, "time": 1789708430.185427, "cuda_visible_devices": "2", "allocated_gib": 5.225467205047607, "reserved_gib": 8.228515625, "peak_allocated_gib": 7.100411891937256, "gpu_time_budget": null, "module": "model.layers.24.mlp.down_proj", "step": 1280}
{"stage": "sequential-round-coordinate", "pid": 4075184, "time": 1789708431.1478746, "cuda_visible_devices": "2", "allocated_gib": 5.225467205047607, "reserved_gib": 8.228515625, "peak_allocated_gib": 7.100411891937256, "gpu_time_budget": null, "module": "model.layers.24.mlp.down_proj", "step": 1408}
{"stage": "sequential-round-coordinate", "pid": 4075184, "time": 1789708432.1041954, "cuda_visible_devices": "2", "allocated_gib": 5.225467205047607, "reserved_gib": 8.228515625, "peak_allocated_gib": 7.100411891937256, "gpu_time_budget": null, "module": "model.layers.24.mlp.down_proj", "step": 1536}
{"stage": "sequential-round-coordinate", "pid": 4075184, "time": 1789708433.0638018, "cuda_visible_devices": "2", "allocated_gib": 5.225467205047607, "reserved_gib": 8.228515625, "peak_allocated_gib": 7.100411891937256, "gpu_time_budget": null, "module": "model.layers.24.mlp.down_proj", "step": 1664}
{"stage": "sequential-round-coordinate", "pid": 4075184, "time": 1789708434.0151827, "cuda_visible_devices": "2", "allocated_gib": 5.225467205047607, "reserved_gib": 8.228515625, "peak_allocated_gib": 7.100411891937256, "gpu_time_budget": null, "module": "model.layers.24.mlp.down_proj", "step": 1792}
{"stage": "sequential-round-coordinate", "pid": 4075184, "time": 1789708434.9726174, "cuda_visible_devices": "2", "allocated_gib": 5.225467205047607, "reserved_gib": 8.228515625, "peak_allocated_gib": 7.100411891937256, "gpu_time_budget": null, "module": "model.layers.24.mlp.down_proj", "step": 1920}
{"stage": "sequential-round-coordinate", "pid": 4075184, "time": 1789708436.0188549, "cuda_visible_devices": "2", "allocated_gib": 5.225467205047607, "reserved_gib": 8.228515625, "peak_allocated_gib": 7.100411891937256, "gpu_time_budget": null, "module": "model.layers.24.mlp.down_proj", "step": 2048}
{"stage": "sequential-round-coordinate", "pid": 4075184, "time": 1789708436.9815063, "cuda_visible_devices": "2", "allocated_gib": 5.225467205047607, "reserved_gib": 8.228515625, "peak_allocated_gib": 7.100411891937256, "gpu_time_budget": null, "module": "model.layers.24.mlp.down_proj", "step": 2176}
{"stage": "sequential-round-coordinate", "pid": 4075184, "time": 1789708437.9372067, "cuda_visible_devices": "2", "allocated_gib": 5.225467205047607, "reserved_gib": 8.228515625, "peak_allocated_gib": 7.100411891937256, "gpu_time_budget": null, "module": "model.layers.24.mlp.down_proj", "step": 2304}
{"stage": "sequential-round-coordinate", "pid": 4075184, "time": 1789708438.8934774, "cuda_visible_devices": "2", "allocated_gib": 5.225467205047607, "reserved_gib": 8.228515625, "peak_allocated_gib": 7.100411891937256, "gpu_time_budget": null, "module": "model.layers.24.mlp.down_proj", "step": 2432}
{"stage": "sequential-round-coordinate", "pid": 4075184, "time": 1789708439.8487933, "cuda_visible_devices": "2", "allocated_gib": 5.225467205047607, "reserved_gib": 8.228515625, "peak_allocated_gib": 7.100411891937256, "gpu_time_budget": null, "module": "model.layers.24.mlp.down_proj", "step": 2560}
{"stage": "sequential-round-coordinate", "pid": 4075184, "time": 1789708440.803766, "cuda_visible_devices": "2", "allocated_gib": 5.225467205047607, "reserved_gib": 8.228515625, "peak_allocated_gib": 7.100411891937256, "gpu_time_budget": null, "module": "model.layers.24.mlp.down_proj", "step": 2688}
{"stage": "sequential-round-coordinate", "pid": 4075184, "time": 1789708441.7616231, "cuda_visible_devices": "2", "allocated_gib": 5.225467205047607, "reserved_gib": 8.228515625, "peak_allocated_gib": 7.100411891937256, "gpu_time_budget": null, "module": "model.layers.24.mlp.down_proj", "step": 2816}
{"stage": "sequential-round-coordinate", "pid": 4075184, "time": 1789708442.7202754, "cuda_visible_devices": "2", "allocated_gib": 5.225467205047607, "reserved_gib": 8.228515625, "peak_allocated_gib": 7.100411891937256, "gpu_time_budget": null, "module": "model.layers.24.mlp.down_proj", "step": 2944}
{"stage": "sequential-round-coordinate", "pid": 4075184, "time": 1789708443.6792347, "cuda_visible_devices": "2", "allocated_gib": 5.225467205047607, "reserved_gib": 8.228515625, "peak_allocated_gib": 7.100411891937256, "gpu_time_budget": null, "module": "model.layers.24.mlp.down_proj", "step": 3072}
{"stage": "sequential-round-coordinate", "pid": 4075184, "time": 1789708444.640219, "cuda_visible_devices": "2", "allocated_gib": 5.225467205047607, "reserved_gib": 8.228515625, "peak_allocated_gib": 7.100411891937256, "gpu_time_budget": null, "module": "model.layers.24.mlp.down_proj", "step": 3200}
{"stage": "sequential-round-coordinate", "pid": 4075184, "time": 1789708445.6010268, "cuda_visible_devices": "2", "allocated_gib": 5.225467205047607, "reserved_gib": 8.228515625, "peak_allocated_gib": 7.100411891937256, "gpu_time_budget": null, "module": "model.layers.24.mlp.down_proj", "step": 3328}
{"stage": "sequential-round-coordinate", "pid": 4075184, "time": 1789708446.5602076, "cuda_visible_devices": "2", "allocated_gib": 5.225467205047607, "reserved_gib": 8.228515625, "peak_allocated_gib": 7.100411891937256, "gpu_time_budget": null, "module": "model.layers.24.mlp.down_proj", "step": 3456}
{"stage": "sequential-round-coordinate", "pid": 4075184, "time": 1789708447.5202322, "cuda_visible_devices": "2", "allocated_gib": 5.225467205047607, "reserved_gib": 8.228515625, "peak_allocated_gib": 7.100411891937256, "gpu_time_budget": null, "module": "model.layers.24.mlp.down_proj", "step": 3584}
{"stage": "sequential-round-coordinate", "pid": 4075184, "time": 1789708448.483197, "cuda_visible_devices": "2", "allocated_gib": 5.225467205047607, "reserved_gib": 8.228515625, "peak_allocated_gib": 7.100411891937256, "gpu_time_budget": null, "module": "model.layers.24.mlp.down_proj", "step": 3712}
{"stage": "sequential-round-coordinate", "pid": 4075184, "time": 1789708449.4463491, "cuda_visible_devices": "2", "allocated_gib": 5.225467205047607, "reserved_gib": 8.228515625, "peak_allocated_gib": 7.100411891937256, "gpu_time_budget": null, "module": "model.layers.24.mlp.down_proj", "step": 3840}
{"stage": "sequential-round-coordinate", "pid": 4075184, "time": 1789708450.4071925, "cuda_visible_devices": "2", "allocated_gib": 5.225467205047607, "reserved_gib": 8.228515625, "peak_allocated_gib": 7.100411891937256, "gpu_time_budget": null, "module": "model.layers.24.mlp.down_proj", "step": 3968}
{"stage": "sequential-round-coordinate", "pid": 4075184, "time": 1789708451.3676164, "cuda_visible_devices": "2", "allocated_gib": 5.225467205047607, "reserved_gib": 8.228515625, "peak_allocated_gib": 7.100411891937256, "gpu_time_budget": null, "module": "model.layers.24.mlp.down_proj", "step": 4096}
{"stage": "sequential-round-coordinate", "pid": 4075184, "time": 1789708452.3317437, "cuda_visible_devices": "2", "allocated_gib": 5.225467205047607, "reserved_gib": 8.228515625, "peak_allocated_gib": 7.100411891937256, "gpu_time_budget": null, "module": "model.layers.24.mlp.down_proj", "step": 4224}
{"stage": "sequential-round-coordinate", "pid": 4075184, "time": 1789708453.2943537, "cuda_visible_devices": "2", "allocated_gib": 5.225467205047607, "reserved_gib": 8.228515625, "peak_allocated_gib": 7.100411891937256, "gpu_time_budget": null, "module": "model.layers.24.mlp.down_proj", "step": 4352}
{"stage": "sequential-round-coordinate", "pid": 4075184, "time": 1789708454.2570212, "cuda_visible_devices": "2", "allocated_gib": 5.225467205047607, "reserved_gib": 8.228515625, "peak_allocated_gib": 7.100411891937256, "gpu_time_budget": null, "module": "model.layers.24.mlp.down_proj", "step": 4480}
{"stage": "sequential-round-coordinate", "pid": 4075184, "time": 1789708455.2210915, "cuda_visible_devices": "2", "allocated_gib": 5.225467205047607, "reserved_gib": 8.228515625, "peak_allocated_gib": 7.100411891937256, "gpu_time_budget": null, "module": "model.layers.24.mlp.down_proj", "step": 4608}
{"stage": "sequential-round-coordinate", "pid": 4075184, "time": 1789708456.1776483, "cuda_visible_devices": "2", "allocated_gib": 5.225467205047607, "reserved_gib": 8.228515625, "peak_allocated_gib": 7.100411891937256, "gpu_time_budget": null, "module": "model.layers.24.mlp.down_proj", "step": 4736}
{"stage": "sequential-round-coordinate", "pid": 4075184, "time": 1789708457.1336758, "cuda_visible_devices": "2", "allocated_gib": 5.225467205047607, "reserved_gib": 8.228515625, "peak_allocated_gib": 7.100411891937256, "gpu_time_budget": null, "module": "model.layers.24.mlp.down_proj", "step": 4864}
{"stage": "sequential-round-coordinate", "pid": 4075184, "time": 1789708458.08871, "cuda_visible_devices": "2", "allocated_gib": 5.225467205047607, "reserved_gib": 8.228515625, "peak_allocated_gib": 7.100411891937256, "gpu_time_budget": null, "module": "model.layers.24.mlp.down_proj", "step": 4992}
{"stage": "sequential-round-coordinate", "pid": 4075184, "time": 1789708459.0476606, "cuda_visible_devices": "2", "allocated_gib": 5.225467205047607, "reserved_gib": 8.228515625, "peak_allocated_gib": 7.100411891937256, "gpu_time_budget": null, "module": "model.layers.24.mlp.down_proj", "step": 5120}
{"stage": "sequential-round-coordinate", "pid": 4075184, "time": 1789708460.006762, "cuda_visible_devices": "2", "allocated_gib": 5.225467205047607, "reserved_gib": 8.228515625, "peak_allocated_gib": 7.100411891937256, "gpu_time_budget": null, "module": "model.layers.24.mlp.down_proj", "step": 5248}
{"stage": "sequential-round-coordinate", "pid": 4075184, "time": 1789708460.9681773, "cuda_visible_devices": "2", "allocated_gib": 5.225467205047607, "reserved_gib": 8.228515625, "peak_allocated_gib": 7.100411891937256, "gpu_time_budget": null, "module": "model.layers.24.mlp.down_proj", "step": 5376}
{"stage": "sequential-round-coordinate", "pid": 4075184, "time": 1789708461.927689, "cuda_visible_devices": "2", "allocated_gib": 5.225467205047607, "reserved_gib": 8.228515625, "peak_allocated_gib": 7.100411891937256, "gpu_time_budget": null, "module": "model.layers.24.mlp.down_proj", "step": 5504}
{"stage": "sequential-round-coordinate", "pid": 4075184, "time": 1789708462.884971, "cuda_visible_devices": "2", "allocated_gib": 5.225467205047607, "reserved_gib": 8.228515625, "peak_allocated_gib": 7.100411891937256, "gpu_time_budget": null, "module": "model.layers.24.mlp.down_proj", "step": 5632}
{"stage": "sequential-round-coordinate", "pid": 4075184, "time": 1789708463.8448555, "cuda_visible_devices": "2", "allocated_gib": 5.225467205047607, "reserved_gib": 8.228515625, "peak_allocated_gib": 7.100411891937256, "gpu_time_budget": null, "module": "model.layers.24.mlp.down_proj", "step": 5760}
{"stage": "sequential-round-coordinate", "pid": 4075184, "time": 1789708464.8058155, "cuda_visible_devices": "2", "allocated_gib": 5.225467205047607, "reserved_gib": 8.228515625, "peak_allocated_gib": 7.100411891937256, "gpu_time_budget": null, "module": "model.layers.24.mlp.down_proj", "step": 5888}
{"stage": "sequential-round-coordinate", "pid": 4075184, "time": 1789708465.7668574, "cuda_visible_devices": "2", "allocated_gib": 5.225467205047607, "reserved_gib": 8.228515625, "peak_allocated_gib": 7.100411891937256, "gpu_time_budget": null, "module": "model.layers.24.mlp.down_proj", "step": 6016}
{"stage": "sequential-round-coordinate", "pid": 4075184, "time": 1789708466.7288342, "cuda_visible_devices": "2", "allocated_gib": 5.225467205047607, "reserved_gib": 8.228515625, "peak_allocated_gib": 7.100411891937256, "gpu_time_budget": null, "module": "model.layers.24.mlp.down_proj", "step": 6144}
{"stage": "sequential-round-coordinate", "pid": 4075184, "time": 1789708467.684318, "cuda_visible_devices": "2", "allocated_gib": 5.225467205047607, "reserved_gib": 8.228515625, "peak_allocated_gib": 7.100411891937256, "gpu_time_budget": null, "module": "model.layers.24.mlp.down_proj", "step": 6272}
{"stage": "sequential-round-coordinate", "pid": 4075184, "time": 1789708468.6486409, "cuda_visible_devices": "2", "allocated_gib": 5.225467205047607, "reserved_gib": 8.228515625, "peak_allocated_gib": 7.100411891937256, "gpu_time_budget": null, "module": "model.layers.24.mlp.down_proj", "step": 6400}
{"stage": "sequential-round-coordinate", "pid": 4075184, "time": 1789708469.6016512, "cuda_visible_devices": "2", "allocated_gib": 5.225467205047607, "reserved_gib": 8.228515625, "peak_allocated_gib": 7.100411891937256, "gpu_time_budget": null, "module": "model.layers.24.mlp.down_proj", "step": 6528}
{"stage": "sequential-round-coordinate", "pid": 4075184, "time": 1789708470.5595245, "cuda_visible_devices": "2", "allocated_gib": 5.225467205047607, "reserved_gib": 8.228515625, "peak_allocated_gib": 7.100411891937256, "gpu_time_budget": null, "module": "model.layers.24.mlp.down_proj", "step": 6656}
{"stage": "sequential-round-coordinate", "pid": 4075184, "time": 1789708471.5176148, "cuda_visible_devices": "2", "allocated_gib": 5.225467205047607, "reserved_gib": 8.228515625, "peak_allocated_gib": 7.100411891937256, "gpu_time_budget": null, "module": "model.layers.24.mlp.down_proj", "step": 6784}
{"stage": "sequential-round-coordinate", "pid": 4075184, "time": 1789708472.4757588, "cuda_visible_devices": "2", "allocated_gib": 5.225467205047607, "reserved_gib": 8.228515625, "peak_allocated_gib": 7.100411891937256, "gpu_time_budget": null, "module": "model.layers.24.mlp.down_proj", "step": 6912}
{"stage": "sequential-round-coordinate", "pid": 4075184, "time": 1789708473.4307294, "cuda_visible_devices": "2", "allocated_gib": 5.225467205047607, "reserved_gib": 8.228515625, "peak_allocated_gib": 7.100411891937256, "gpu_time_budget": null, "module": "model.layers.24.mlp.down_proj", "step": 7040}
{"stage": "sequential-round-coordinate", "pid": 4075184, "time": 1789708474.3851547, "cuda_visible_devices": "2", "allocated_gib": 5.225467205047607, "reserved_gib": 8.228515625, "peak_allocated_gib": 7.100411891937256, "gpu_time_budget": null, "module": "model.layers.24.mlp.down_proj", "step": 7168}
{"stage": "sequential-round-coordinate", "pid": 4075184, "time": 1789708475.3417246, "cuda_visible_devices": "2", "allocated_gib": 5.225467205047607, "reserved_gib": 8.228515625, "peak_allocated_gib": 7.100411891937256, "gpu_time_budget": null, "module": "model.layers.24.mlp.down_proj", "step": 7296}
{"stage": "sequential-round-coordinate", "pid": 4075184, "time": 1789708476.3010466, "cuda_visible_devices": "2", "allocated_gib": 5.225467205047607, "reserved_gib": 8.228515625, "peak_allocated_gib": 7.100411891937256, "gpu_time_budget": null, "module": "model.layers.24.mlp.down_proj", "step": 7424}
{"stage": "sequential-round-coordinate", "pid": 4075184, "time": 1789708477.2612946, "cuda_visible_devices": "2", "allocated_gib": 5.225467205047607, "reserved_gib": 8.228515625, "peak_allocated_gib": 7.100411891937256, "gpu_time_budget": null, "module": "model.layers.24.mlp.down_proj", "step": 7552}
{"stage": "sequential-round-coordinate", "pid": 4075184, "time": 1789708478.2265432, "cuda_visible_devices": "2", "allocated_gib": 5.225467205047607, "reserved_gib": 8.228515625, "peak_allocated_gib": 7.100411891937256, "gpu_time_budget": null, "module": "model.layers.24.mlp.down_proj", "step": 7680}
{"stage": "sequential-round-coordinate", "pid": 4075184, "time": 1789708479.1761887, "cuda_visible_devices": "2", "allocated_gib": 5.225467205047607, "reserved_gib": 8.228515625, "peak_allocated_gib": 7.100411891937256, "gpu_time_budget": null, "module": "model.layers.24.mlp.down_proj", "step": 7808}
{"stage": "sequential-round-coordinate", "pid": 4075184, "time": 1789708480.1327648, "cuda_visible_devices": "2", "allocated_gib": 5.225467205047607, "reserved_gib": 8.228515625, "peak_allocated_gib": 7.100411891937256, "gpu_time_budget": null, "module": "model.layers.24.mlp.down_proj", "step": 7936}
{"stage": "sequential-round-coordinate", "pid": 4075184, "time": 1789708481.0922582, "cuda_visible_devices": "2", "allocated_gib": 5.225467205047607, "reserved_gib": 8.228515625, "peak_allocated_gib": 7.100411891937256, "gpu_time_budget": null, "module": "model.layers.24.mlp.down_proj", "step": 8064}
{"stage": "sequential-round-coordinate", "pid": 4075184, "time": 1789708481.8834698, "cuda_visible_devices": "2", "allocated_gib": 5.225467205047607, "reserved_gib": 8.228515625, "peak_allocated_gib": 7.100411891937256, "gpu_time_budget": null, "module": "model.layers.24.mlp.down_proj", "step": 8192}
{"stage": "sequential-round-train-nll", "pid": 4075184, "time": 1789708481.9368036, "cuda_visible_devices": "2", "allocated_gib": 3.7957167625427246, "reserved_gib": 3.80078125, "peak_allocated_gib": 7.100411891937256, "gpu_time_budget": null, "module": "model.layers.24.mlp.down_proj", "step": 512}
Evaluation segment 1/1: start=0, windows=8, seqlen=2048
{"stage": "sequential-round-train-nll", "pid": 4075184, "time": 1789708485.8413007, "cuda_visible_devices": "2", "allocated_gib": 3.7957167625427246, "reserved_gib": 5.978515625, "peak_allocated_gib": 7.100411891937256, "gpu_time_budget": null, "module": "model.layers.24.mlp.down_proj", "step": 2048}
Evaluation segment 1/1: start=0, windows=8, seqlen=2048
{"stage": "sequential-round-train-nll", "pid": 4075184, "time": 1789708489.7127318, "cuda_visible_devices": "2", "allocated_gib": 3.7957167625427246, "reserved_gib": 5.978515625, "peak_allocated_gib": 7.100411891937256, "gpu_time_budget": null, "module": "model.layers.24.mlp.down_proj", "step": 8192}
Evaluation segment 1/1: start=0, windows=8, seqlen=2048
{"stage": "sequential-module-completed", "pid": 4075184, "time": 1789708493.7721796, "cuda_visible_devices": "2", "allocated_gib": 3.7957167625427246, "reserved_gib": 5.978515625, "peak_allocated_gib": 7.100411891937256, "gpu_time_budget": null, "module": "model.layers.24.mlp.down_proj", "completed": 25, "total": 28, "selected_train_nll": 2.6687021096380885, "elapsed_seconds": 1766.499185011955}
{"stage": "sequential-round-fit", "pid": 4075184, "time": 1789708500.0605311, "cuda_visible_devices": "2", "allocated_gib": 3.7957167625427246, "reserved_gib": 5.978515625, "peak_allocated_gib": 7.100411891937256, "gpu_time_budget": null, "module": "model.layers.25.mlp.down_proj", "fit_rows": 49152, "heldout_rows": 16384}
{"stage": "sequential-round-coordinate", "pid": 4075184, "time": 1789708501.2027535, "cuda_visible_devices": "2", "allocated_gib": 5.225467205047607, "reserved_gib": 8.228515625, "peak_allocated_gib": 7.100411891937256, "gpu_time_budget": null, "module": "model.layers.25.mlp.down_proj", "step": 128}
{"stage": "sequential-round-coordinate", "pid": 4075184, "time": 1789708502.157791, "cuda_visible_devices": "2", "allocated_gib": 5.225467205047607, "reserved_gib": 8.228515625, "peak_allocated_gib": 7.100411891937256, "gpu_time_budget": null, "module": "model.layers.25.mlp.down_proj", "step": 256}
{"stage": "sequential-round-coordinate", "pid": 4075184, "time": 1789708503.108527, "cuda_visible_devices": "2", "allocated_gib": 5.225467205047607, "reserved_gib": 8.228515625, "peak_allocated_gib": 7.100411891937256, "gpu_time_budget": null, "module": "model.layers.25.mlp.down_proj", "step": 384}
{"stage": "sequential-round-coordinate", "pid": 4075184, "time": 1789708504.1561837, "cuda_visible_devices": "2", "allocated_gib": 5.225467205047607, "reserved_gib": 8.228515625, "peak_allocated_gib": 7.100411891937256, "gpu_time_budget": null, "module": "model.layers.25.mlp.down_proj", "step": 512}
{"stage": "sequential-round-coordinate", "pid": 4075184, "time": 1789708505.1251824, "cuda_visible_devices": "2", "allocated_gib": 5.225467205047607, "reserved_gib": 8.228515625, "peak_allocated_gib": 7.100411891937256, "gpu_time_budget": null, "module": "model.layers.25.mlp.down_proj", "step": 640}
{"stage": "sequential-round-coordinate", "pid": 4075184, "time": 1789708506.0887938, "cuda_visible_devices": "2", "allocated_gib": 5.225467205047607, "reserved_gib": 8.228515625, "peak_allocated_gib": 7.100411891937256, "gpu_time_budget": null, "module": "model.layers.25.mlp.down_proj", "step": 768}
{"stage": "sequential-round-coordinate", "pid": 4075184, "time": 1789708507.0546556, "cuda_visible_devices": "2", "allocated_gib": 5.225467205047607, "reserved_gib": 8.228515625, "peak_allocated_gib": 7.100411891937256, "gpu_time_budget": null, "module": "model.layers.25.mlp.down_proj", "step": 896}
{"stage": "sequential-round-coordinate", "pid": 4075184, "time": 1789708508.0166304, "cuda_visible_devices": "2", "allocated_gib": 5.225467205047607, "reserved_gib": 8.228515625, "peak_allocated_gib": 7.100411891937256, "gpu_time_budget": null, "module": "model.layers.25.mlp.down_proj", "step": 1024}
{"stage": "sequential-round-coordinate", "pid": 4075184, "time": 1789708508.9828053, "cuda_visible_devices": "2", "allocated_gib": 5.225467205047607, "reserved_gib": 8.228515625, "peak_allocated_gib": 7.100411891937256, "gpu_time_budget": null, "module": "model.layers.25.mlp.down_proj", "step": 1152}
{"stage": "sequential-round-coordinate", "pid": 4075184, "time": 1789708509.940518, "cuda_visible_devices": "2", "allocated_gib": 5.225467205047607, "reserved_gib": 8.228515625, "peak_allocated_gib": 7.100411891937256, "gpu_time_budget": null, "module": "model.layers.25.mlp.down_proj", "step": 1280}
{"stage": "sequential-round-coordinate", "pid": 4075184, "time": 1789708510.8961973, "cuda_visible_devices": "2", "allocated_gib": 5.225467205047607, "reserved_gib": 8.228515625, "peak_allocated_gib": 7.100411891937256, "gpu_time_budget": null, "module": "model.layers.25.mlp.down_proj", "step": 1408}
{"stage": "sequential-round-coordinate", "pid": 4075184, "time": 1789708511.85473, "cuda_visible_devices": "2", "allocated_gib": 5.225467205047607, "reserved_gib": 8.228515625, "peak_allocated_gib": 7.100411891937256, "gpu_time_budget": null, "module": "model.layers.25.mlp.down_proj", "step": 1536}
{"stage": "sequential-round-coordinate", "pid": 4075184, "time": 1789708512.8137186, "cuda_visible_devices": "2", "allocated_gib": 5.225467205047607, "reserved_gib": 8.228515625, "peak_allocated_gib": 7.100411891937256, "gpu_time_budget": null, "module": "model.layers.25.mlp.down_proj", "step": 1664}
{"stage": "sequential-round-coordinate", "pid": 4075184, "time": 1789708513.7756877, "cuda_visible_devices": "2", "allocated_gib": 5.225467205047607, "reserved_gib": 8.228515625, "peak_allocated_gib": 7.100411891937256, "gpu_time_budget": null, "module": "model.layers.25.mlp.down_proj", "step": 1792}
{"stage": "sequential-round-coordinate", "pid": 4075184, "time": 1789708514.7424128, "cuda_visible_devices": "2", "allocated_gib": 5.225467205047607, "reserved_gib": 8.228515625, "peak_allocated_gib": 7.100411891937256, "gpu_time_budget": null, "module": "model.layers.25.mlp.down_proj", "step": 1920}
{"stage": "sequential-round-coordinate", "pid": 4075184, "time": 1789708515.789248, "cuda_visible_devices": "2", "allocated_gib": 5.225467205047607, "reserved_gib": 8.228515625, "peak_allocated_gib": 7.100411891937256, "gpu_time_budget": null, "module": "model.layers.25.mlp.down_proj", "step": 2048}
{"stage": "sequential-round-coordinate", "pid": 4075184, "time": 1789708516.7522686, "cuda_visible_devices": "2", "allocated_gib": 5.225467205047607, "reserved_gib": 8.228515625, "peak_allocated_gib": 7.100411891937256, "gpu_time_budget": null, "module": "model.layers.25.mlp.down_proj", "step": 2176}
{"stage": "sequential-round-coordinate", "pid": 4075184, "time": 1789708517.7119448, "cuda_visible_devices": "2", "allocated_gib": 5.225467205047607, "reserved_gib": 8.228515625, "peak_allocated_gib": 7.100411891937256, "gpu_time_budget": null, "module": "model.layers.25.mlp.down_proj", "step": 2304}
{"stage": "sequential-round-coordinate", "pid": 4075184, "time": 1789708518.6708603, "cuda_visible_devices": "2", "allocated_gib": 5.225467205047607, "reserved_gib": 8.228515625, "peak_allocated_gib": 7.100411891937256, "gpu_time_budget": null, "module": "model.layers.25.mlp.down_proj", "step": 2432}
{"stage": "sequential-round-coordinate", "pid": 4075184, "time": 1789708519.632239, "cuda_visible_devices": "2", "allocated_gib": 5.225467205047607, "reserved_gib": 8.228515625, "peak_allocated_gib": 7.100411891937256, "gpu_time_budget": null, "module": "model.layers.25.mlp.down_proj", "step": 2560}
{"stage": "sequential-round-coordinate", "pid": 4075184, "time": 1789708520.5910022, "cuda_visible_devices": "2", "allocated_gib": 5.225467205047607, "reserved_gib": 8.228515625, "peak_allocated_gib": 7.100411891937256, "gpu_time_budget": null, "module": "model.layers.25.mlp.down_proj", "step": 2688}
{"stage": "sequential-round-coordinate", "pid": 4075184, "time": 1789708521.5496676, "cuda_visible_devices": "2", "allocated_gib": 5.225467205047607, "reserved_gib": 8.228515625, "peak_allocated_gib": 7.100411891937256, "gpu_time_budget": null, "module": "model.layers.25.mlp.down_proj", "step": 2816}
{"stage": "sequential-round-coordinate", "pid": 4075184, "time": 1789708522.508768, "cuda_visible_devices": "2", "allocated_gib": 5.225467205047607, "reserved_gib": 8.228515625, "peak_allocated_gib": 7.100411891937256, "gpu_time_budget": null, "module": "model.layers.25.mlp.down_proj", "step": 2944}
{"stage": "sequential-round-coordinate", "pid": 4075184, "time": 1789708523.4691527, "cuda_visible_devices": "2", "allocated_gib": 5.225467205047607, "reserved_gib": 8.228515625, "peak_allocated_gib": 7.100411891937256, "gpu_time_budget": null, "module": "model.layers.25.mlp.down_proj", "step": 3072}
{"stage": "sequential-round-coordinate", "pid": 4075184, "time": 1789708524.427756, "cuda_visible_devices": "2", "allocated_gib": 5.225467205047607, "reserved_gib": 8.228515625, "peak_allocated_gib": 7.100411891937256, "gpu_time_budget": null, "module": "model.layers.25.mlp.down_proj", "step": 3200}
{"stage": "sequential-round-coordinate", "pid": 4075184, "time": 1789708525.3801138, "cuda_visible_devices": "2", "allocated_gib": 5.225467205047607, "reserved_gib": 8.228515625, "peak_allocated_gib": 7.100411891937256, "gpu_time_budget": null, "module": "model.layers.25.mlp.down_proj", "step": 3328}
{"stage": "sequential-round-coordinate", "pid": 4075184, "time": 1789708526.3457048, "cuda_visible_devices": "2", "allocated_gib": 5.225467205047607, "reserved_gib": 8.228515625, "peak_allocated_gib": 7.100411891937256, "gpu_time_budget": null, "module": "model.layers.25.mlp.down_proj", "step": 3456}
{"stage": "sequential-round-coordinate", "pid": 4075184, "time": 1789708527.3057542, "cuda_visible_devices": "2", "allocated_gib": 5.225467205047607, "reserved_gib": 8.228515625, "peak_allocated_gib": 7.100411891937256, "gpu_time_budget": null, "module": "model.layers.25.mlp.down_proj", "step": 3584}
{"stage": "sequential-round-coordinate", "pid": 4075184, "time": 1789708528.269063, "cuda_visible_devices": "2", "allocated_gib": 5.225467205047607, "reserved_gib": 8.228515625, "peak_allocated_gib": 7.100411891937256, "gpu_time_budget": null, "module": "model.layers.25.mlp.down_proj", "step": 3712}
{"stage": "sequential-round-coordinate", "pid": 4075184, "time": 1789708529.227231, "cuda_visible_devices": "2", "allocated_gib": 5.225467205047607, "reserved_gib": 8.228515625, "peak_allocated_gib": 7.100411891937256, "gpu_time_budget": null, "module": "model.layers.25.mlp.down_proj", "step": 3840}
{"stage": "sequential-round-coordinate", "pid": 4075184, "time": 1789708530.1870012, "cuda_visible_devices": "2", "allocated_gib": 5.225467205047607, "reserved_gib": 8.228515625, "peak_allocated_gib": 7.100411891937256, "gpu_time_budget": null, "module": "model.layers.25.mlp.down_proj", "step": 3968}
{"stage": "sequential-round-coordinate", "pid": 4075184, "time": 1789708531.1468623, "cuda_visible_devices": "2", "allocated_gib": 5.225467205047607, "reserved_gib": 8.228515625, "peak_allocated_gib": 7.100411891937256, "gpu_time_budget": null, "module": "model.layers.25.mlp.down_proj", "step": 4096}
{"stage": "sequential-round-coordinate", "pid": 4075184, "time": 1789708532.1037688, "cuda_visible_devices": "2", "allocated_gib": 5.225467205047607, "reserved_gib": 8.228515625, "peak_allocated_gib": 7.100411891937256, "gpu_time_budget": null, "module": "model.layers.25.mlp.down_proj", "step": 4224}
{"stage": "sequential-round-coordinate", "pid": 4075184, "time": 1789708533.0601285, "cuda_visible_devices": "2", "allocated_gib": 5.225467205047607, "reserved_gib": 8.228515625, "peak_allocated_gib": 7.100411891937256, "gpu_time_budget": null, "module": "model.layers.25.mlp.down_proj", "step": 4352}
{"stage": "sequential-round-coordinate", "pid": 4075184, "time": 1789708534.0159488, "cuda_visible_devices": "2", "allocated_gib": 5.225467205047607, "reserved_gib": 8.228515625, "peak_allocated_gib": 7.100411891937256, "gpu_time_budget": null, "module": "model.layers.25.mlp.down_proj", "step": 4480}
{"stage": "sequential-round-coordinate", "pid": 4075184, "time": 1789708534.9739485, "cuda_visible_devices": "2", "allocated_gib": 5.225467205047607, "reserved_gib": 8.228515625, "peak_allocated_gib": 7.100411891937256, "gpu_time_budget": null, "module": "model.layers.25.mlp.down_proj", "step": 4608}
{"stage": "sequential-round-coordinate", "pid": 4075184, "time": 1789708535.9321287, "cuda_visible_devices": "2", "allocated_gib": 5.225467205047607, "reserved_gib": 8.228515625, "peak_allocated_gib": 7.100411891937256, "gpu_time_budget": null, "module": "model.layers.25.mlp.down_proj", "step": 4736}
{"stage": "sequential-round-coordinate", "pid": 4075184, "time": 1789708536.891774, "cuda_visible_devices": "2", "allocated_gib": 5.225467205047607, "reserved_gib": 8.228515625, "peak_allocated_gib": 7.100411891937256, "gpu_time_budget": null, "module": "model.layers.25.mlp.down_proj", "step": 4864}
{"stage": "sequential-round-coordinate", "pid": 4075184, "time": 1789708537.8499873, "cuda_visible_devices": "2", "allocated_gib": 5.225467205047607, "reserved_gib": 8.228515625, "peak_allocated_gib": 7.100411891937256, "gpu_time_budget": null, "module": "model.layers.25.mlp.down_proj", "step": 4992}
{"stage": "sequential-round-coordinate", "pid": 4075184, "time": 1789708538.8129025, "cuda_visible_devices": "2", "allocated_gib": 5.225467205047607, "reserved_gib": 8.228515625, "peak_allocated_gib": 7.100411891937256, "gpu_time_budget": null, "module": "model.layers.25.mlp.down_proj", "step": 5120}
{"stage": "sequential-round-coordinate", "pid": 4075184, "time": 1789708539.7732675, "cuda_visible_devices": "2", "allocated_gib": 5.225467205047607, "reserved_gib": 8.228515625, "peak_allocated_gib": 7.100411891937256, "gpu_time_budget": null, "module": "model.layers.25.mlp.down_proj", "step": 5248}
{"stage": "sequential-round-coordinate", "pid": 4075184, "time": 1789708540.7281775, "cuda_visible_devices": "2", "allocated_gib": 5.225467205047607, "reserved_gib": 8.228515625, "peak_allocated_gib": 7.100411891937256, "gpu_time_budget": null, "module": "model.layers.25.mlp.down_proj", "step": 5376}
{"stage": "sequential-round-coordinate", "pid": 4075184, "time": 1789708541.6821618, "cuda_visible_devices": "2", "allocated_gib": 5.225467205047607, "reserved_gib": 8.228515625, "peak_allocated_gib": 7.100411891937256, "gpu_time_budget": null, "module": "model.layers.25.mlp.down_proj", "step": 5504}
{"stage": "sequential-round-coordinate", "pid": 4075184, "time": 1789708542.6334558, "cuda_visible_devices": "2", "allocated_gib": 5.225467205047607, "reserved_gib": 8.228515625, "peak_allocated_gib": 7.100411891937256, "gpu_time_budget": null, "module": "model.layers.25.mlp.down_proj", "step": 5632}
{"stage": "sequential-round-coordinate", "pid": 4075184, "time": 1789708543.5865502, "cuda_visible_devices": "2", "allocated_gib": 5.225467205047607, "reserved_gib": 8.228515625, "peak_allocated_gib": 7.100411891937256, "gpu_time_budget": null, "module": "model.layers.25.mlp.down_proj", "step": 5760}
{"stage": "sequential-round-coordinate", "pid": 4075184, "time": 1789708544.5401425, "cuda_visible_devices": "2", "allocated_gib": 5.225467205047607, "reserved_gib": 8.228515625, "peak_allocated_gib": 7.100411891937256, "gpu_time_budget": null, "module": "model.layers.25.mlp.down_proj", "step": 5888}
{"stage": "sequential-round-coordinate", "pid": 4075184, "time": 1789708545.487422, "cuda_visible_devices": "2", "allocated_gib": 5.225467205047607, "reserved_gib": 8.228515625, "peak_allocated_gib": 7.100411891937256, "gpu_time_budget": null, "module": "model.layers.25.mlp.down_proj", "step": 6016}
{"stage": "sequential-round-coordinate", "pid": 4075184, "time": 1789708546.4436698, "cuda_visible_devices": "2", "allocated_gib": 5.225467205047607, "reserved_gib": 8.228515625, "peak_allocated_gib": 7.100411891937256, "gpu_time_budget": null, "module": "model.layers.25.mlp.down_proj", "step": 6144}
{"stage": "sequential-round-coordinate", "pid": 4075184, "time": 1789708547.398931, "cuda_visible_devices": "2", "allocated_gib": 5.225467205047607, "reserved_gib": 8.228515625, "peak_allocated_gib": 7.100411891937256, "gpu_time_budget": null, "module": "model.layers.25.mlp.down_proj", "step": 6272}
{"stage": "sequential-round-coordinate", "pid": 4075184, "time": 1789708548.3547213, "cuda_visible_devices": "2", "allocated_gib": 5.225467205047607, "reserved_gib": 8.228515625, "peak_allocated_gib": 7.100411891937256, "gpu_time_budget": null, "module": "model.layers.25.mlp.down_proj", "step": 6400}
{"stage": "sequential-round-coordinate", "pid": 4075184, "time": 1789708549.3058522, "cuda_visible_devices": "2", "allocated_gib": 5.225467205047607, "reserved_gib": 8.228515625, "peak_allocated_gib": 7.100411891937256, "gpu_time_budget": null, "module": "model.layers.25.mlp.down_proj", "step": 6528}
{"stage": "sequential-round-coordinate", "pid": 4075184, "time": 1789708550.2612717, "cuda_visible_devices": "2", "allocated_gib": 5.225467205047607, "reserved_gib": 8.228515625, "peak_allocated_gib": 7.100411891937256, "gpu_time_budget": null, "module": "model.layers.25.mlp.down_proj", "step": 6656}
{"stage": "sequential-round-coordinate", "pid": 4075184, "time": 1789708551.21973, "cuda_visible_devices": "2", "allocated_gib": 5.225467205047607, "reserved_gib": 8.228515625, "peak_allocated_gib": 7.100411891937256, "gpu_time_budget": null, "module": "model.layers.25.mlp.down_proj", "step": 6784}
{"stage": "sequential-round-coordinate", "pid": 4075184, "time": 1789708552.1801965, "cuda_visible_devices": "2", "allocated_gib": 5.225467205047607, "reserved_gib": 8.228515625, "peak_allocated_gib": 7.100411891937256, "gpu_time_budget": null, "module": "model.layers.25.mlp.down_proj", "step": 6912}
{"stage": "sequential-round-coordinate", "pid": 4075184, "time": 1789708553.1392252, "cuda_visible_devices": "2", "allocated_gib": 5.225467205047607, "reserved_gib": 8.228515625, "peak_allocated_gib": 7.100411891937256, "gpu_time_budget": null, "module": "model.layers.25.mlp.down_proj", "step": 7040}
{"stage": "sequential-round-coordinate", "pid": 4075184, "time": 1789708554.1002488, "cuda_visible_devices": "2", "allocated_gib": 5.225467205047607, "reserved_gib": 8.228515625, "peak_allocated_gib": 7.100411891937256, "gpu_time_budget": null, "module": "model.layers.25.mlp.down_proj", "step": 7168}
{"stage": "sequential-round-coordinate", "pid": 4075184, "time": 1789708555.0617273, "cuda_visible_devices": "2", "allocated_gib": 5.225467205047607, "reserved_gib": 8.228515625, "peak_allocated_gib": 7.100411891937256, "gpu_time_budget": null, "module": "model.layers.25.mlp.down_proj", "step": 7296}
{"stage": "sequential-round-coordinate", "pid": 4075184, "time": 1789708556.024265, "cuda_visible_devices": "2", "allocated_gib": 5.225467205047607, "reserved_gib": 8.228515625, "peak_allocated_gib": 7.100411891937256, "gpu_time_budget": null, "module": "model.layers.25.mlp.down_proj", "step": 7424}
{"stage": "sequential-round-coordinate", "pid": 4075184, "time": 1789708556.982507, "cuda_visible_devices": "2", "allocated_gib": 5.225467205047607, "reserved_gib": 8.228515625, "peak_allocated_gib": 7.100411891937256, "gpu_time_budget": null, "module": "model.layers.25.mlp.down_proj", "step": 7552}
{"stage": "sequential-round-coordinate", "pid": 4075184, "time": 1789708557.943952, "cuda_visible_devices": "2", "allocated_gib": 5.225467205047607, "reserved_gib": 8.228515625, "peak_allocated_gib": 7.100411891937256, "gpu_time_budget": null, "module": "model.layers.25.mlp.down_proj", "step": 7680}
{"stage": "sequential-round-coordinate", "pid": 4075184, "time": 1789708558.9025662, "cuda_visible_devices": "2", "allocated_gib": 5.225467205047607, "reserved_gib": 8.228515625, "peak_allocated_gib": 7.100411891937256, "gpu_time_budget": null, "module": "model.layers.25.mlp.down_proj", "step": 7808}
{"stage": "sequential-round-coordinate", "pid": 4075184, "time": 1789708559.8634934, "cuda_visible_devices": "2", "allocated_gib": 5.225467205047607, "reserved_gib": 8.228515625, "peak_allocated_gib": 7.100411891937256, "gpu_time_budget": null, "module": "model.layers.25.mlp.down_proj", "step": 7936}
{"stage": "sequential-round-coordinate", "pid": 4075184, "time": 1789708560.8216362, "cuda_visible_devices": "2", "allocated_gib": 5.225467205047607, "reserved_gib": 8.228515625, "peak_allocated_gib": 7.100411891937256, "gpu_time_budget": null, "module": "model.layers.25.mlp.down_proj", "step": 8064}
{"stage": "sequential-round-coordinate", "pid": 4075184, "time": 1789708561.8759322, "cuda_visible_devices": "2", "allocated_gib": 5.225467205047607, "reserved_gib": 8.228515625, "peak_allocated_gib": 7.100411891937256, "gpu_time_budget": null, "module": "model.layers.25.mlp.down_proj", "step": 8192}
{"stage": "sequential-round-train-nll", "pid": 4075184, "time": 1789708561.954967, "cuda_visible_devices": "2", "allocated_gib": 3.7957167625427246, "reserved_gib": 3.80078125, "peak_allocated_gib": 7.100411891937256, "gpu_time_budget": null, "module": "model.layers.25.mlp.down_proj", "step": 512}
Evaluation segment 1/1: start=0, windows=8, seqlen=2048
{"stage": "sequential-round-train-nll", "pid": 4075184, "time": 1789708565.7138524, "cuda_visible_devices": "2", "allocated_gib": 3.7957167625427246, "reserved_gib": 5.978515625, "peak_allocated_gib": 7.100411891937256, "gpu_time_budget": null, "module": "model.layers.25.mlp.down_proj", "step": 2048}
Evaluation segment 1/1: start=0, windows=8, seqlen=2048
{"stage": "sequential-round-train-nll", "pid": 4075184, "time": 1789708569.470214, "cuda_visible_devices": "2", "allocated_gib": 3.7957167625427246, "reserved_gib": 5.978515625, "peak_allocated_gib": 7.100411891937256, "gpu_time_budget": null, "module": "model.layers.25.mlp.down_proj", "step": 8192}
Evaluation segment 1/1: start=0, windows=8, seqlen=2048
{"stage": "sequential-module-completed", "pid": 4075184, "time": 1789708573.4475837, "cuda_visible_devices": "2", "allocated_gib": 3.7957167625427246, "reserved_gib": 5.978515625, "peak_allocated_gib": 7.100411891937256, "gpu_time_budget": null, "module": "model.layers.25.mlp.down_proj", "completed": 26, "total": 28, "selected_train_nll": 2.6687021096380885, "elapsed_seconds": 1846.1745843599783}
{"stage": "sequential-round-fit", "pid": 4075184, "time": 1789708580.2969587, "cuda_visible_devices": "2", "allocated_gib": 3.7957167625427246, "reserved_gib": 5.978515625, "peak_allocated_gib": 7.100411891937256, "gpu_time_budget": null, "module": "model.layers.26.mlp.down_proj", "fit_rows": 49152, "heldout_rows": 16384}
{"stage": "sequential-round-coordinate", "pid": 4075184, "time": 1789708581.2335625, "cuda_visible_devices": "2", "allocated_gib": 5.225467205047607, "reserved_gib": 8.228515625, "peak_allocated_gib": 7.100411891937256, "gpu_time_budget": null, "module": "model.layers.26.mlp.down_proj", "step": 128}
{"stage": "sequential-round-coordinate", "pid": 4075184, "time": 1789708582.2035203, "cuda_visible_devices": "2", "allocated_gib": 5.225467205047607, "reserved_gib": 8.228515625, "peak_allocated_gib": 7.100411891937256, "gpu_time_budget": null, "module": "model.layers.26.mlp.down_proj", "step": 256}
{"stage": "sequential-round-coordinate", "pid": 4075184, "time": 1789708583.1580584, "cuda_visible_devices": "2", "allocated_gib": 5.225467205047607, "reserved_gib": 8.228515625, "peak_allocated_gib": 7.100411891937256, "gpu_time_budget": null, "module": "model.layers.26.mlp.down_proj", "step": 384}
{"stage": "sequential-round-coordinate", "pid": 4075184, "time": 1789708584.1988177, "cuda_visible_devices": "2", "allocated_gib": 5.225467205047607, "reserved_gib": 8.228515625, "peak_allocated_gib": 7.100411891937256, "gpu_time_budget": null, "module": "model.layers.26.mlp.down_proj", "step": 512}
{"stage": "sequential-round-coordinate", "pid": 4075184, "time": 1789708585.1583238, "cuda_visible_devices": "2", "allocated_gib": 5.225467205047607, "reserved_gib": 8.228515625, "peak_allocated_gib": 7.100411891937256, "gpu_time_budget": null, "module": "model.layers.26.mlp.down_proj", "step": 640}
{"stage": "sequential-round-coordinate", "pid": 4075184, "time": 1789708586.1252086, "cuda_visible_devices": "2", "allocated_gib": 5.225467205047607, "reserved_gib": 8.228515625, "peak_allocated_gib": 7.100411891937256, "gpu_time_budget": null, "module": "model.layers.26.mlp.down_proj", "step": 768}
{"stage": "sequential-round-coordinate", "pid": 4075184, "time": 1789708587.0863378, "cuda_visible_devices": "2", "allocated_gib": 5.225467205047607, "reserved_gib": 8.228515625, "peak_allocated_gib": 7.100411891937256, "gpu_time_budget": null, "module": "model.layers.26.mlp.down_proj", "step": 896}
{"stage": "sequential-round-coordinate", "pid": 4075184, "time": 1789708588.0434093, "cuda_visible_devices": "2", "allocated_gib": 5.225467205047607, "reserved_gib": 8.228515625, "peak_allocated_gib": 7.100411891937256, "gpu_time_budget": null, "module": "model.layers.26.mlp.down_proj", "step": 1024}
{"stage": "sequential-round-coordinate", "pid": 4075184, "time": 1789708588.9982667, "cuda_visible_devices": "2", "allocated_gib": 5.225467205047607, "reserved_gib": 8.228515625, "peak_allocated_gib": 7.100411891937256, "gpu_time_budget": null, "module": "model.layers.26.mlp.down_proj", "step": 1152}
{"stage": "sequential-round-coordinate", "pid": 4075184, "time": 1789708589.956346, "cuda_visible_devices": "2", "allocated_gib": 5.225467205047607, "reserved_gib": 8.228515625, "peak_allocated_gib": 7.100411891937256, "gpu_time_budget": null, "module": "model.layers.26.mlp.down_proj", "step": 1280}
{"stage": "sequential-round-coordinate", "pid": 4075184, "time": 1789708590.9089782, "cuda_visible_devices": "2", "allocated_gib": 5.225467205047607, "reserved_gib": 8.228515625, "peak_allocated_gib": 7.100411891937256, "gpu_time_budget": null, "module": "model.layers.26.mlp.down_proj", "step": 1408}
{"stage": "sequential-round-coordinate", "pid": 4075184, "time": 1789708591.8607, "cuda_visible_devices": "2", "allocated_gib": 5.225467205047607, "reserved_gib": 8.228515625, "peak_allocated_gib": 7.100411891937256, "gpu_time_budget": null, "module": "model.layers.26.mlp.down_proj", "step": 1536}
{"stage": "sequential-round-coordinate", "pid": 4075184, "time": 1789708592.8187482, "cuda_visible_devices": "2", "allocated_gib": 5.225467205047607, "reserved_gib": 8.228515625, "peak_allocated_gib": 7.100411891937256, "gpu_time_budget": null, "module": "model.layers.26.mlp.down_proj", "step": 1664}
{"stage": "sequential-round-coordinate", "pid": 4075184, "time": 1789708593.777573, "cuda_visible_devices": "2", "allocated_gib": 5.225467205047607, "reserved_gib": 8.228515625, "peak_allocated_gib": 7.100411891937256, "gpu_time_budget": null, "module": "model.layers.26.mlp.down_proj", "step": 1792}
{"stage": "sequential-round-coordinate", "pid": 4075184, "time": 1789708594.729702, "cuda_visible_devices": "2", "allocated_gib": 5.225467205047607, "reserved_gib": 8.228515625, "peak_allocated_gib": 7.100411891937256, "gpu_time_budget": null, "module": "model.layers.26.mlp.down_proj", "step": 1920}
{"stage": "sequential-round-coordinate", "pid": 4075184, "time": 1789708595.7720876, "cuda_visible_devices": "2", "allocated_gib": 5.225467205047607, "reserved_gib": 8.228515625, "peak_allocated_gib": 7.100411891937256, "gpu_time_budget": null, "module": "model.layers.26.mlp.down_proj", "step": 2048}
{"stage": "sequential-round-coordinate", "pid": 4075184, "time": 1789708596.7318797, "cuda_visible_devices": "2", "allocated_gib": 5.225467205047607, "reserved_gib": 8.228515625, "peak_allocated_gib": 7.100411891937256, "gpu_time_budget": null, "module": "model.layers.26.mlp.down_proj", "step": 2176}
{"stage": "sequential-round-coordinate", "pid": 4075184, "time": 1789708597.696812, "cuda_visible_devices": "2", "allocated_gib": 5.225467205047607, "reserved_gib": 8.228515625, "peak_allocated_gib": 7.100411891937256, "gpu_time_budget": null, "module": "model.layers.26.mlp.down_proj", "step": 2304}
{"stage": "sequential-round-coordinate", "pid": 4075184, "time": 1789708598.6598253, "cuda_visible_devices": "2", "allocated_gib": 5.225467205047607, "reserved_gib": 8.228515625, "peak_allocated_gib": 7.100411891937256, "gpu_time_budget": null, "module": "model.layers.26.mlp.down_proj", "step": 2432}
{"stage": "sequential-round-coordinate", "pid": 4075184, "time": 1789708599.6179442, "cuda_visible_devices": "2", "allocated_gib": 5.225467205047607, "reserved_gib": 8.228515625, "peak_allocated_gib": 7.100411891937256, "gpu_time_budget": null, "module": "model.layers.26.mlp.down_proj", "step": 2560}
{"stage": "sequential-round-coordinate", "pid": 4075184, "time": 1789708600.5730696, "cuda_visible_devices": "2", "allocated_gib": 5.225467205047607, "reserved_gib": 8.228515625, "peak_allocated_gib": 7.100411891937256, "gpu_time_budget": null, "module": "model.layers.26.mlp.down_proj", "step": 2688}
{"stage": "sequential-round-coordinate", "pid": 4075184, "time": 1789708601.527234, "cuda_visible_devices": "2", "allocated_gib": 5.225467205047607, "reserved_gib": 8.228515625, "peak_allocated_gib": 7.100411891937256, "gpu_time_budget": null, "module": "model.layers.26.mlp.down_proj", "step": 2816}
{"stage": "sequential-round-coordinate", "pid": 4075184, "time": 1789708602.4874017, "cuda_visible_devices": "2", "allocated_gib": 5.225467205047607, "reserved_gib": 8.228515625, "peak_allocated_gib": 7.100411891937256, "gpu_time_budget": null, "module": "model.layers.26.mlp.down_proj", "step": 2944}
{"stage": "sequential-round-coordinate", "pid": 4075184, "time": 1789708603.4457023, "cuda_visible_devices": "2", "allocated_gib": 5.225467205047607, "reserved_gib": 8.228515625, "peak_allocated_gib": 7.100411891937256, "gpu_time_budget": null, "module": "model.layers.26.mlp.down_proj", "step": 3072}
{"stage": "sequential-round-coordinate", "pid": 4075184, "time": 1789708604.4005544, "cuda_visible_devices": "2", "allocated_gib": 5.225467205047607, "reserved_gib": 8.228515625, "peak_allocated_gib": 7.100411891937256, "gpu_time_budget": null, "module": "model.layers.26.mlp.down_proj", "step": 3200}
{"stage": "sequential-round-coordinate", "pid": 4075184, "time": 1789708605.3543766, "cuda_visible_devices": "2", "allocated_gib": 5.225467205047607, "reserved_gib": 8.228515625, "peak_allocated_gib": 7.100411891937256, "gpu_time_budget": null, "module": "model.layers.26.mlp.down_proj", "step": 3328}
{"stage": "sequential-round-coordinate", "pid": 4075184, "time": 1789708606.310119, "cuda_visible_devices": "2", "allocated_gib": 5.225467205047607, "reserved_gib": 8.228515625, "peak_allocated_gib": 7.100411891937256, "gpu_time_budget": null, "module": "model.layers.26.mlp.down_proj", "step": 3456}
{"stage": "sequential-round-coordinate", "pid": 4075184, "time": 1789708607.2658288, "cuda_visible_devices": "2", "allocated_gib": 5.225467205047607, "reserved_gib": 8.228515625, "peak_allocated_gib": 7.100411891937256, "gpu_time_budget": null, "module": "model.layers.26.mlp.down_proj", "step": 3584}
{"stage": "sequential-round-coordinate", "pid": 4075184, "time": 1789708608.218916, "cuda_visible_devices": "2", "allocated_gib": 5.225467205047607, "reserved_gib": 8.228515625, "peak_allocated_gib": 7.100411891937256, "gpu_time_budget": null, "module": "model.layers.26.mlp.down_proj", "step": 3712}
{"stage": "sequential-round-coordinate", "pid": 4075184, "time": 1789708609.1723046, "cuda_visible_devices": "2", "allocated_gib": 5.225467205047607, "reserved_gib": 8.228515625, "peak_allocated_gib": 7.100411891937256, "gpu_time_budget": null, "module": "model.layers.26.mlp.down_proj", "step": 3840}
{"stage": "sequential-round-coordinate", "pid": 4075184, "time": 1789708610.130458, "cuda_visible_devices": "2", "allocated_gib": 5.225467205047607, "reserved_gib": 8.228515625, "peak_allocated_gib": 7.100411891937256, "gpu_time_budget": null, "module": "model.layers.26.mlp.down_proj", "step": 3968}
{"stage": "sequential-round-coordinate", "pid": 4075184, "time": 1789708611.0896413, "cuda_visible_devices": "2", "allocated_gib": 5.225467205047607, "reserved_gib": 8.228515625, "peak_allocated_gib": 7.100411891937256, "gpu_time_budget": null, "module": "model.layers.26.mlp.down_proj", "step": 4096}
{"stage": "sequential-round-coordinate", "pid": 4075184, "time": 1789708612.045621, "cuda_visible_devices": "2", "allocated_gib": 5.225467205047607, "reserved_gib": 8.228515625, "peak_allocated_gib": 7.100411891937256, "gpu_time_budget": null, "module": "model.layers.26.mlp.down_proj", "step": 4224}
{"stage": "sequential-round-coordinate", "pid": 4075184, "time": 1789708613.002813, "cuda_visible_devices": "2", "allocated_gib": 5.225467205047607, "reserved_gib": 8.228515625, "peak_allocated_gib": 7.100411891937256, "gpu_time_budget": null, "module": "model.layers.26.mlp.down_proj", "step": 4352}
{"stage": "sequential-round-coordinate", "pid": 4075184, "time": 1789708613.9594197, "cuda_visible_devices": "2", "allocated_gib": 5.225467205047607, "reserved_gib": 8.228515625, "peak_allocated_gib": 7.100411891937256, "gpu_time_budget": null, "module": "model.layers.26.mlp.down_proj", "step": 4480}
{"stage": "sequential-round-coordinate", "pid": 4075184, "time": 1789708614.9191883, "cuda_visible_devices": "2", "allocated_gib": 5.225467205047607, "reserved_gib": 8.228515625, "peak_allocated_gib": 7.100411891937256, "gpu_time_budget": null, "module": "model.layers.26.mlp.down_proj", "step": 4608}
{"stage": "sequential-round-coordinate", "pid": 4075184, "time": 1789708615.8752663, "cuda_visible_devices": "2", "allocated_gib": 5.225467205047607, "reserved_gib": 8.228515625, "peak_allocated_gib": 7.100411891937256, "gpu_time_budget": null, "module": "model.layers.26.mlp.down_proj", "step": 4736}
{"stage": "sequential-round-coordinate", "pid": 4075184, "time": 1789708616.832768, "cuda_visible_devices": "2", "allocated_gib": 5.225467205047607, "reserved_gib": 8.228515625, "peak_allocated_gib": 7.100411891937256, "gpu_time_budget": null, "module": "model.layers.26.mlp.down_proj", "step": 4864}
{"stage": "sequential-round-coordinate", "pid": 4075184, "time": 1789708617.7899992, "cuda_visible_devices": "2", "allocated_gib": 5.225467205047607, "reserved_gib": 8.228515625, "peak_allocated_gib": 7.100411891937256, "gpu_time_budget": null, "module": "model.layers.26.mlp.down_proj", "step": 4992}
{"stage": "sequential-round-coordinate", "pid": 4075184, "time": 1789708618.746219, "cuda_visible_devices": "2", "allocated_gib": 5.225467205047607, "reserved_gib": 8.228515625, "peak_allocated_gib": 7.100411891937256, "gpu_time_budget": null, "module": "model.layers.26.mlp.down_proj", "step": 5120}
{"stage": "sequential-round-coordinate", "pid": 4075184, "time": 1789708619.7044728, "cuda_visible_devices": "2", "allocated_gib": 5.225467205047607, "reserved_gib": 8.228515625, "peak_allocated_gib": 7.100411891937256, "gpu_time_budget": null, "module": "model.layers.26.mlp.down_proj", "step": 5248}
{"stage": "sequential-round-coordinate", "pid": 4075184, "time": 1789708620.660583, "cuda_visible_devices": "2", "allocated_gib": 5.225467205047607, "reserved_gib": 8.228515625, "peak_allocated_gib": 7.100411891937256, "gpu_time_budget": null, "module": "model.layers.26.mlp.down_proj", "step": 5376}
{"stage": "sequential-round-coordinate", "pid": 4075184, "time": 1789708621.6171634, "cuda_visible_devices": "2", "allocated_gib": 5.225467205047607, "reserved_gib": 8.228515625, "peak_allocated_gib": 7.100411891937256, "gpu_time_budget": null, "module": "model.layers.26.mlp.down_proj", "step": 5504}
{"stage": "sequential-round-coordinate", "pid": 4075184, "time": 1789708622.5749507, "cuda_visible_devices": "2", "allocated_gib": 5.225467205047607, "reserved_gib": 8.228515625, "peak_allocated_gib": 7.100411891937256, "gpu_time_budget": null, "module": "model.layers.26.mlp.down_proj", "step": 5632}
{"stage": "sequential-round-coordinate", "pid": 4075184, "time": 1789708623.530306, "cuda_visible_devices": "2", "allocated_gib": 5.225467205047607, "reserved_gib": 8.228515625, "peak_allocated_gib": 7.100411891937256, "gpu_time_budget": null, "module": "model.layers.26.mlp.down_proj", "step": 5760}
{"stage": "sequential-round-coordinate", "pid": 4075184, "time": 1789708624.493109, "cuda_visible_devices": "2", "allocated_gib": 5.225467205047607, "reserved_gib": 8.228515625, "peak_allocated_gib": 7.100411891937256, "gpu_time_budget": null, "module": "model.layers.26.mlp.down_proj", "step": 5888}
{"stage": "sequential-round-coordinate", "pid": 4075184, "time": 1789708625.449325, "cuda_visible_devices": "2", "allocated_gib": 5.225467205047607, "reserved_gib": 8.228515625, "peak_allocated_gib": 7.100411891937256, "gpu_time_budget": null, "module": "model.layers.26.mlp.down_proj", "step": 6016}
{"stage": "sequential-round-coordinate", "pid": 4075184, "time": 1789708626.407011, "cuda_visible_devices": "2", "allocated_gib": 5.225467205047607, "reserved_gib": 8.228515625, "peak_allocated_gib": 7.100411891937256, "gpu_time_budget": null, "module": "model.layers.26.mlp.down_proj", "step": 6144}
{"stage": "sequential-round-coordinate", "pid": 4075184, "time": 1789708627.3663871, "cuda_visible_devices": "2", "allocated_gib": 5.225467205047607, "reserved_gib": 8.228515625, "peak_allocated_gib": 7.100411891937256, "gpu_time_budget": null, "module": "model.layers.26.mlp.down_proj", "step": 6272}
{"stage": "sequential-round-coordinate", "pid": 4075184, "time": 1789708628.3230612, "cuda_visible_devices": "2", "allocated_gib": 5.225467205047607, "reserved_gib": 8.228515625, "peak_allocated_gib": 7.100411891937256, "gpu_time_budget": null, "module": "model.layers.26.mlp.down_proj", "step": 6400}
{"stage": "sequential-round-coordinate", "pid": 4075184, "time": 1789708629.2830918, "cuda_visible_devices": "2", "allocated_gib": 5.225467205047607, "reserved_gib": 8.228515625, "peak_allocated_gib": 7.100411891937256, "gpu_time_budget": null, "module": "model.layers.26.mlp.down_proj", "step": 6528}
{"stage": "sequential-round-coordinate", "pid": 4075184, "time": 1789708630.242156, "cuda_visible_devices": "2", "allocated_gib": 5.225467205047607, "reserved_gib": 8.228515625, "peak_allocated_gib": 7.100411891937256, "gpu_time_budget": null, "module": "model.layers.26.mlp.down_proj", "step": 6656}
{"stage": "sequential-round-coordinate", "pid": 4075184, "time": 1789708631.1998923, "cuda_visible_devices": "2", "allocated_gib": 5.225467205047607, "reserved_gib": 8.228515625, "peak_allocated_gib": 7.100411891937256, "gpu_time_budget": null, "module": "model.layers.26.mlp.down_proj", "step": 6784}
{"stage": "sequential-round-coordinate", "pid": 4075184, "time": 1789708632.1611533, "cuda_visible_devices": "2", "allocated_gib": 5.225467205047607, "reserved_gib": 8.228515625, "peak_allocated_gib": 7.100411891937256, "gpu_time_budget": null, "module": "model.layers.26.mlp.down_proj", "step": 6912}
{"stage": "sequential-round-coordinate", "pid": 4075184, "time": 1789708633.1174273, "cuda_visible_devices": "2", "allocated_gib": 5.225467205047607, "reserved_gib": 8.228515625, "peak_allocated_gib": 7.100411891937256, "gpu_time_budget": null, "module": "model.layers.26.mlp.down_proj", "step": 7040}
{"stage": "sequential-round-coordinate", "pid": 4075184, "time": 1789708634.07357, "cuda_visible_devices": "2", "allocated_gib": 5.225467205047607, "reserved_gib": 8.228515625, "peak_allocated_gib": 7.100411891937256, "gpu_time_budget": null, "module": "model.layers.26.mlp.down_proj", "step": 7168}
{"stage": "sequential-round-coordinate", "pid": 4075184, "time": 1789708635.0292416, "cuda_visible_devices": "2", "allocated_gib": 5.225467205047607, "reserved_gib": 8.228515625, "peak_allocated_gib": 7.100411891937256, "gpu_time_budget": null, "module": "model.layers.26.mlp.down_proj", "step": 7296}
{"stage": "sequential-round-coordinate", "pid": 4075184, "time": 1789708635.9859083, "cuda_visible_devices": "2", "allocated_gib": 5.225467205047607, "reserved_gib": 8.228515625, "peak_allocated_gib": 7.100411891937256, "gpu_time_budget": null, "module": "model.layers.26.mlp.down_proj", "step": 7424}
{"stage": "sequential-round-coordinate", "pid": 4075184, "time": 1789708636.941116, "cuda_visible_devices": "2", "allocated_gib": 5.225467205047607, "reserved_gib": 8.228515625, "peak_allocated_gib": 7.100411891937256, "gpu_time_budget": null, "module": "model.layers.26.mlp.down_proj", "step": 7552}
{"stage": "sequential-round-coordinate", "pid": 4075184, "time": 1789708637.8971963, "cuda_visible_devices": "2", "allocated_gib": 5.225467205047607, "reserved_gib": 8.228515625, "peak_allocated_gib": 7.100411891937256, "gpu_time_budget": null, "module": "model.layers.26.mlp.down_proj", "step": 7680}
{"stage": "sequential-round-coordinate", "pid": 4075184, "time": 1789708638.852502, "cuda_visible_devices": "2", "allocated_gib": 5.225467205047607, "reserved_gib": 8.228515625, "peak_allocated_gib": 7.100411891937256, "gpu_time_budget": null, "module": "model.layers.26.mlp.down_proj", "step": 7808}
{"stage": "sequential-round-coordinate", "pid": 4075184, "time": 1789708639.8102674, "cuda_visible_devices": "2", "allocated_gib": 5.225467205047607, "reserved_gib": 8.228515625, "peak_allocated_gib": 7.100411891937256, "gpu_time_budget": null, "module": "model.layers.26.mlp.down_proj", "step": 7936}
{"stage": "sequential-round-coordinate", "pid": 4075184, "time": 1789708640.76753, "cuda_visible_devices": "2", "allocated_gib": 5.225467205047607, "reserved_gib": 8.228515625, "peak_allocated_gib": 7.100411891937256, "gpu_time_budget": null, "module": "model.layers.26.mlp.down_proj", "step": 8064}
{"stage": "sequential-round-coordinate", "pid": 4075184, "time": 1789708641.8153856, "cuda_visible_devices": "2", "allocated_gib": 5.225467205047607, "reserved_gib": 8.228515625, "peak_allocated_gib": 7.100411891937256, "gpu_time_budget": null, "module": "model.layers.26.mlp.down_proj", "step": 8192}
{"stage": "sequential-round-train-nll", "pid": 4075184, "time": 1789708641.874408, "cuda_visible_devices": "2", "allocated_gib": 3.7957167625427246, "reserved_gib": 3.80078125, "peak_allocated_gib": 7.100411891937256, "gpu_time_budget": null, "module": "model.layers.26.mlp.down_proj", "step": 512}
Evaluation segment 1/1: start=0, windows=8, seqlen=2048
{"stage": "sequential-round-train-nll", "pid": 4075184, "time": 1789708645.849986, "cuda_visible_devices": "2", "allocated_gib": 3.7957167625427246, "reserved_gib": 5.978515625, "peak_allocated_gib": 7.100411891937256, "gpu_time_budget": null, "module": "model.layers.26.mlp.down_proj", "step": 2048}
Evaluation segment 1/1: start=0, windows=8, seqlen=2048
{"stage": "sequential-round-train-nll", "pid": 4075184, "time": 1789708649.662038, "cuda_visible_devices": "2", "allocated_gib": 3.7957167625427246, "reserved_gib": 5.978515625, "peak_allocated_gib": 7.100411891937256, "gpu_time_budget": null, "module": "model.layers.26.mlp.down_proj", "step": 8192}
Evaluation segment 1/1: start=0, windows=8, seqlen=2048
{"stage": "sequential-module-completed", "pid": 4075184, "time": 1789708653.8732944, "cuda_visible_devices": "2", "allocated_gib": 3.7957167625427246, "reserved_gib": 5.978515625, "peak_allocated_gib": 7.100411891937256, "gpu_time_budget": null, "module": "model.layers.26.mlp.down_proj", "completed": 27, "total": 28, "selected_train_nll": 2.6684236642399277, "elapsed_seconds": 1926.6002999319462}
{"stage": "sequential-round-fit", "pid": 4075184, "time": 1789708661.0832818, "cuda_visible_devices": "2", "allocated_gib": 3.7957167625427246, "reserved_gib": 5.978515625, "peak_allocated_gib": 7.100411891937256, "gpu_time_budget": null, "module": "model.layers.27.mlp.down_proj", "fit_rows": 49152, "heldout_rows": 16384}
{"stage": "sequential-round-coordinate", "pid": 4075184, "time": 1789708661.9766924, "cuda_visible_devices": "2", "allocated_gib": 5.225467205047607, "reserved_gib": 8.228515625, "peak_allocated_gib": 7.100411891937256, "gpu_time_budget": null, "module": "model.layers.27.mlp.down_proj", "step": 128}
{"stage": "sequential-round-coordinate", "pid": 4075184, "time": 1789708662.915685, "cuda_visible_devices": "2", "allocated_gib": 5.225467205047607, "reserved_gib": 8.228515625, "peak_allocated_gib": 7.100411891937256, "gpu_time_budget": null, "module": "model.layers.27.mlp.down_proj", "step": 256}
{"stage": "sequential-round-coordinate", "pid": 4075184, "time": 1789708663.8740528, "cuda_visible_devices": "2", "allocated_gib": 5.225467205047607, "reserved_gib": 8.228515625, "peak_allocated_gib": 7.100411891937256, "gpu_time_budget": null, "module": "model.layers.27.mlp.down_proj", "step": 384}
{"stage": "sequential-round-coordinate", "pid": 4075184, "time": 1789708664.9193776, "cuda_visible_devices": "2", "allocated_gib": 5.225467205047607, "reserved_gib": 8.228515625, "peak_allocated_gib": 7.100411891937256, "gpu_time_budget": null, "module": "model.layers.27.mlp.down_proj", "step": 512}
{"stage": "sequential-round-coordinate", "pid": 4075184, "time": 1789708665.8716815, "cuda_visible_devices": "2", "allocated_gib": 5.225467205047607, "reserved_gib": 8.228515625, "peak_allocated_gib": 7.100411891937256, "gpu_time_budget": null, "module": "model.layers.27.mlp.down_proj", "step": 640}
{"stage": "sequential-round-coordinate", "pid": 4075184, "time": 1789708666.8294349, "cuda_visible_devices": "2", "allocated_gib": 5.225467205047607, "reserved_gib": 8.228515625, "peak_allocated_gib": 7.100411891937256, "gpu_time_budget": null, "module": "model.layers.27.mlp.down_proj", "step": 768}
{"stage": "sequential-round-coordinate", "pid": 4075184, "time": 1789708667.785671, "cuda_visible_devices": "2", "allocated_gib": 5.225467205047607, "reserved_gib": 8.228515625, "peak_allocated_gib": 7.100411891937256, "gpu_time_budget": null, "module": "model.layers.27.mlp.down_proj", "step": 896}
{"stage": "sequential-round-coordinate", "pid": 4075184, "time": 1789708668.744363, "cuda_visible_devices": "2", "allocated_gib": 5.225467205047607, "reserved_gib": 8.228515625, "peak_allocated_gib": 7.100411891937256, "gpu_time_budget": null, "module": "model.layers.27.mlp.down_proj", "step": 1024}
{"stage": "sequential-round-coordinate", "pid": 4075184, "time": 1789708669.703701, "cuda_visible_devices": "2", "allocated_gib": 5.225467205047607, "reserved_gib": 8.228515625, "peak_allocated_gib": 7.100411891937256, "gpu_time_budget": null, "module": "model.layers.27.mlp.down_proj", "step": 1152}
{"stage": "sequential-round-coordinate", "pid": 4075184, "time": 1789708670.6605523, "cuda_visible_devices": "2", "allocated_gib": 5.225467205047607, "reserved_gib": 8.228515625, "peak_allocated_gib": 7.100411891937256, "gpu_time_budget": null, "module": "model.layers.27.mlp.down_proj", "step": 1280}
{"stage": "sequential-round-coordinate", "pid": 4075184, "time": 1789708671.618509, "cuda_visible_devices": "2", "allocated_gib": 5.225467205047607, "reserved_gib": 8.228515625, "peak_allocated_gib": 7.100411891937256, "gpu_time_budget": null, "module": "model.layers.27.mlp.down_proj", "step": 1408}
{"stage": "sequential-round-coordinate", "pid": 4075184, "time": 1789708672.5768843, "cuda_visible_devices": "2", "allocated_gib": 5.225467205047607, "reserved_gib": 8.228515625, "peak_allocated_gib": 7.100411891937256, "gpu_time_budget": null, "module": "model.layers.27.mlp.down_proj", "step": 1536}
{"stage": "sequential-round-coordinate", "pid": 4075184, "time": 1789708673.534357, "cuda_visible_devices": "2", "allocated_gib": 5.225467205047607, "reserved_gib": 8.228515625, "peak_allocated_gib": 7.100411891937256, "gpu_time_budget": null, "module": "model.layers.27.mlp.down_proj", "step": 1664}
{"stage": "sequential-round-coordinate", "pid": 4075184, "time": 1789708674.4906251, "cuda_visible_devices": "2", "allocated_gib": 5.225467205047607, "reserved_gib": 8.228515625, "peak_allocated_gib": 7.100411891937256, "gpu_time_budget": null, "module": "model.layers.27.mlp.down_proj", "step": 1792}
{"stage": "sequential-round-coordinate", "pid": 4075184, "time": 1789708675.452766, "cuda_visible_devices": "2", "allocated_gib": 5.225467205047607, "reserved_gib": 8.228515625, "peak_allocated_gib": 7.100411891937256, "gpu_time_budget": null, "module": "model.layers.27.mlp.down_proj", "step": 1920}
{"stage": "sequential-round-coordinate", "pid": 4075184, "time": 1789708676.4984598, "cuda_visible_devices": "2", "allocated_gib": 5.225467205047607, "reserved_gib": 8.228515625, "peak_allocated_gib": 7.100411891937256, "gpu_time_budget": null, "module": "model.layers.27.mlp.down_proj", "step": 2048}
{"stage": "sequential-round-coordinate", "pid": 4075184, "time": 1789708677.4580376, "cuda_visible_devices": "2", "allocated_gib": 5.225467205047607, "reserved_gib": 8.228515625, "peak_allocated_gib": 7.100411891937256, "gpu_time_budget": null, "module": "model.layers.27.mlp.down_proj", "step": 2176}
{"stage": "sequential-round-coordinate", "pid": 4075184, "time": 1789708678.4199798, "cuda_visible_devices": "2", "allocated_gib": 5.225467205047607, "reserved_gib": 8.228515625, "peak_allocated_gib": 7.100411891937256, "gpu_time_budget": null, "module": "model.layers.27.mlp.down_proj", "step": 2304}
{"stage": "sequential-round-coordinate", "pid": 4075184, "time": 1789708679.3780756, "cuda_visible_devices": "2", "allocated_gib": 5.225467205047607, "reserved_gib": 8.228515625, "peak_allocated_gib": 7.100411891937256, "gpu_time_budget": null, "module": "model.layers.27.mlp.down_proj", "step": 2432}
{"stage": "sequential-round-coordinate", "pid": 4075184, "time": 1789708680.334601, "cuda_visible_devices": "2", "allocated_gib": 5.225467205047607, "reserved_gib": 8.228515625, "peak_allocated_gib": 7.100411891937256, "gpu_time_budget": null, "module": "model.layers.27.mlp.down_proj", "step": 2560}
{"stage": "sequential-round-coordinate", "pid": 4075184, "time": 1789708681.2963097, "cuda_visible_devices": "2", "allocated_gib": 5.225467205047607, "reserved_gib": 8.228515625, "peak_allocated_gib": 7.100411891937256, "gpu_time_budget": null, "module": "model.layers.27.mlp.down_proj", "step": 2688}
{"stage": "sequential-round-coordinate", "pid": 4075184, "time": 1789708682.2559564, "cuda_visible_devices": "2", "allocated_gib": 5.225467205047607, "reserved_gib": 8.228515625, "peak_allocated_gib": 7.100411891937256, "gpu_time_budget": null, "module": "model.layers.27.mlp.down_proj", "step": 2816}
{"stage": "sequential-round-coordinate", "pid": 4075184, "time": 1789708683.217001, "cuda_visible_devices": "2", "allocated_gib": 5.225467205047607, "reserved_gib": 8.228515625, "peak_allocated_gib": 7.100411891937256, "gpu_time_budget": null, "module": "model.layers.27.mlp.down_proj", "step": 2944}
{"stage": "sequential-round-coordinate", "pid": 4075184, "time": 1789708684.174184, "cuda_visible_devices": "2", "allocated_gib": 5.225467205047607, "reserved_gib": 8.228515625, "peak_allocated_gib": 7.100411891937256, "gpu_time_budget": null, "module": "model.layers.27.mlp.down_proj", "step": 3072}
{"stage": "sequential-round-coordinate", "pid": 4075184, "time": 1789708685.129181, "cuda_visible_devices": "2", "allocated_gib": 5.225467205047607, "reserved_gib": 8.228515625, "peak_allocated_gib": 7.100411891937256, "gpu_time_budget": null, "module": "model.layers.27.mlp.down_proj", "step": 3200}
{"stage": "sequential-round-coordinate", "pid": 4075184, "time": 1789708686.087828, "cuda_visible_devices": "2", "allocated_gib": 5.225467205047607, "reserved_gib": 8.228515625, "peak_allocated_gib": 7.100411891937256, "gpu_time_budget": null, "module": "model.layers.27.mlp.down_proj", "step": 3328}
{"stage": "sequential-round-coordinate", "pid": 4075184, "time": 1789708687.0435982, "cuda_visible_devices": "2", "allocated_gib": 5.225467205047607, "reserved_gib": 8.228515625, "peak_allocated_gib": 7.100411891937256, "gpu_time_budget": null, "module": "model.layers.27.mlp.down_proj", "step": 3456}
{"stage": "sequential-round-coordinate", "pid": 4075184, "time": 1789708688.0030112, "cuda_visible_devices": "2", "allocated_gib": 5.225467205047607, "reserved_gib": 8.228515625, "peak_allocated_gib": 7.100411891937256, "gpu_time_budget": null, "module": "model.layers.27.mlp.down_proj", "step": 3584}
{"stage": "sequential-round-coordinate", "pid": 4075184, "time": 1789708688.9559002, "cuda_visible_devices": "2", "allocated_gib": 5.225467205047607, "reserved_gib": 8.228515625, "peak_allocated_gib": 7.100411891937256, "gpu_time_budget": null, "module": "model.layers.27.mlp.down_proj", "step": 3712}
{"stage": "sequential-round-coordinate", "pid": 4075184, "time": 1789708689.9131105, "cuda_visible_devices": "2", "allocated_gib": 5.225467205047607, "reserved_gib": 8.228515625, "peak_allocated_gib": 7.100411891937256, "gpu_time_budget": null, "module": "model.layers.27.mlp.down_proj", "step": 3840}
{"stage": "sequential-round-coordinate", "pid": 4075184, "time": 1789708690.8646288, "cuda_visible_devices": "2", "allocated_gib": 5.225467205047607, "reserved_gib": 8.228515625, "peak_allocated_gib": 7.100411891937256, "gpu_time_budget": null, "module": "model.layers.27.mlp.down_proj", "step": 3968}
{"stage": "sequential-round-coordinate", "pid": 4075184, "time": 1789708691.8228955, "cuda_visible_devices": "2", "allocated_gib": 5.225467205047607, "reserved_gib": 8.228515625, "peak_allocated_gib": 7.100411891937256, "gpu_time_budget": null, "module": "model.layers.27.mlp.down_proj", "step": 4096}
{"stage": "sequential-round-coordinate", "pid": 4075184, "time": 1789708692.7827914, "cuda_visible_devices": "2", "allocated_gib": 5.225467205047607, "reserved_gib": 8.228515625, "peak_allocated_gib": 7.100411891937256, "gpu_time_budget": null, "module": "model.layers.27.mlp.down_proj", "step": 4224}
{"stage": "sequential-round-coordinate", "pid": 4075184, "time": 1789708693.7404685, "cuda_visible_devices": "2", "allocated_gib": 5.225467205047607, "reserved_gib": 8.228515625, "peak_allocated_gib": 7.100411891937256, "gpu_time_budget": null, "module": "model.layers.27.mlp.down_proj", "step": 4352}
{"stage": "sequential-round-coordinate", "pid": 4075184, "time": 1789708694.6988542, "cuda_visible_devices": "2", "allocated_gib": 5.225467205047607, "reserved_gib": 8.228515625, "peak_allocated_gib": 7.100411891937256, "gpu_time_budget": null, "module": "model.layers.27.mlp.down_proj", "step": 4480}
{"stage": "sequential-round-coordinate", "pid": 4075184, "time": 1789708695.654361, "cuda_visible_devices": "2", "allocated_gib": 5.225467205047607, "reserved_gib": 8.228515625, "peak_allocated_gib": 7.100411891937256, "gpu_time_budget": null, "module": "model.layers.27.mlp.down_proj", "step": 4608}
{"stage": "sequential-round-coordinate", "pid": 4075184, "time": 1789708696.610096, "cuda_visible_devices": "2", "allocated_gib": 5.225467205047607, "reserved_gib": 8.228515625, "peak_allocated_gib": 7.100411891937256, "gpu_time_budget": null, "module": "model.layers.27.mlp.down_proj", "step": 4736}
{"stage": "sequential-round-coordinate", "pid": 4075184, "time": 1789708697.5672, "cuda_visible_devices": "2", "allocated_gib": 5.225467205047607, "reserved_gib": 8.228515625, "peak_allocated_gib": 7.100411891937256, "gpu_time_budget": null, "module": "model.layers.27.mlp.down_proj", "step": 4864}
{"stage": "sequential-round-coordinate", "pid": 4075184, "time": 1789708698.5289156, "cuda_visible_devices": "2", "allocated_gib": 5.225467205047607, "reserved_gib": 8.228515625, "peak_allocated_gib": 7.100411891937256, "gpu_time_budget": null, "module": "model.layers.27.mlp.down_proj", "step": 4992}
{"stage": "sequential-round-coordinate", "pid": 4075184, "time": 1789708699.49003, "cuda_visible_devices": "2", "allocated_gib": 5.225467205047607, "reserved_gib": 8.228515625, "peak_allocated_gib": 7.100411891937256, "gpu_time_budget": null, "module": "model.layers.27.mlp.down_proj", "step": 5120}
{"stage": "sequential-round-coordinate", "pid": 4075184, "time": 1789708700.4495723, "cuda_visible_devices": "2", "allocated_gib": 5.225467205047607, "reserved_gib": 8.228515625, "peak_allocated_gib": 7.100411891937256, "gpu_time_budget": null, "module": "model.layers.27.mlp.down_proj", "step": 5248}
{"stage": "sequential-round-coordinate", "pid": 4075184, "time": 1789708701.4066322, "cuda_visible_devices": "2", "allocated_gib": 5.225467205047607, "reserved_gib": 8.228515625, "peak_allocated_gib": 7.100411891937256, "gpu_time_budget": null, "module": "model.layers.27.mlp.down_proj", "step": 5376}
{"stage": "sequential-round-coordinate", "pid": 4075184, "time": 1789708702.3635504, "cuda_visible_devices": "2", "allocated_gib": 5.225467205047607, "reserved_gib": 8.228515625, "peak_allocated_gib": 7.100411891937256, "gpu_time_budget": null, "module": "model.layers.27.mlp.down_proj", "step": 5504}
{"stage": "sequential-round-coordinate", "pid": 4075184, "time": 1789708703.3193882, "cuda_visible_devices": "2", "allocated_gib": 5.225467205047607, "reserved_gib": 8.228515625, "peak_allocated_gib": 7.100411891937256, "gpu_time_budget": null, "module": "model.layers.27.mlp.down_proj", "step": 5632}
{"stage": "sequential-round-coordinate", "pid": 4075184, "time": 1789708704.2767804, "cuda_visible_devices": "2", "allocated_gib": 5.225467205047607, "reserved_gib": 8.228515625, "peak_allocated_gib": 7.100411891937256, "gpu_time_budget": null, "module": "model.layers.27.mlp.down_proj", "step": 5760}
{"stage": "sequential-round-coordinate", "pid": 4075184, "time": 1789708705.2336428, "cuda_visible_devices": "2", "allocated_gib": 5.225467205047607, "reserved_gib": 8.228515625, "peak_allocated_gib": 7.100411891937256, "gpu_time_budget": null, "module": "model.layers.27.mlp.down_proj", "step": 5888}
{"stage": "sequential-round-coordinate", "pid": 4075184, "time": 1789708706.1886203, "cuda_visible_devices": "2", "allocated_gib": 5.225467205047607, "reserved_gib": 8.228515625, "peak_allocated_gib": 7.100411891937256, "gpu_time_budget": null, "module": "model.layers.27.mlp.down_proj", "step": 6016}
{"stage": "sequential-round-coordinate", "pid": 4075184, "time": 1789708707.090876, "cuda_visible_devices": "2", "allocated_gib": 5.225467205047607, "reserved_gib": 8.228515625, "peak_allocated_gib": 7.100411891937256, "gpu_time_budget": null, "module": "model.layers.27.mlp.down_proj", "step": 6144}
{"stage": "sequential-round-coordinate", "pid": 4075184, "time": 1789708707.9783351, "cuda_visible_devices": "2", "allocated_gib": 5.225467205047607, "reserved_gib": 8.228515625, "peak_allocated_gib": 7.100411891937256, "gpu_time_budget": null, "module": "model.layers.27.mlp.down_proj", "step": 6272}
{"stage": "sequential-round-coordinate", "pid": 4075184, "time": 1789708708.865373, "cuda_visible_devices": "2", "allocated_gib": 5.225467205047607, "reserved_gib": 8.228515625, "peak_allocated_gib": 7.100411891937256, "gpu_time_budget": null, "module": "model.layers.27.mlp.down_proj", "step": 6400}
{"stage": "sequential-round-coordinate", "pid": 4075184, "time": 1789708709.7505004, "cuda_visible_devices": "2", "allocated_gib": 5.225467205047607, "reserved_gib": 8.228515625, "peak_allocated_gib": 7.100411891937256, "gpu_time_budget": null, "module": "model.layers.27.mlp.down_proj", "step": 6528}
{"stage": "sequential-round-coordinate", "pid": 4075184, "time": 1789708710.639544, "cuda_visible_devices": "2", "allocated_gib": 5.225467205047607, "reserved_gib": 8.228515625, "peak_allocated_gib": 7.100411891937256, "gpu_time_budget": null, "module": "model.layers.27.mlp.down_proj", "step": 6656}
{"stage": "sequential-round-coordinate", "pid": 4075184, "time": 1789708711.5268672, "cuda_visible_devices": "2", "allocated_gib": 5.225467205047607, "reserved_gib": 8.228515625, "peak_allocated_gib": 7.100411891937256, "gpu_time_budget": null, "module": "model.layers.27.mlp.down_proj", "step": 6784}
{"stage": "sequential-round-coordinate", "pid": 4075184, "time": 1789708712.4149442, "cuda_visible_devices": "2", "allocated_gib": 5.225467205047607, "reserved_gib": 8.228515625, "peak_allocated_gib": 7.100411891937256, "gpu_time_budget": null, "module": "model.layers.27.mlp.down_proj", "step": 6912}
{"stage": "sequential-round-coordinate", "pid": 4075184, "time": 1789708713.3121774, "cuda_visible_devices": "2", "allocated_gib": 5.225467205047607, "reserved_gib": 8.228515625, "peak_allocated_gib": 7.100411891937256, "gpu_time_budget": null, "module": "model.layers.27.mlp.down_proj", "step": 7040}
{"stage": "sequential-round-coordinate", "pid": 4075184, "time": 1789708714.198707, "cuda_visible_devices": "2", "allocated_gib": 5.225467205047607, "reserved_gib": 8.228515625, "peak_allocated_gib": 7.100411891937256, "gpu_time_budget": null, "module": "model.layers.27.mlp.down_proj", "step": 7168}
{"stage": "sequential-round-coordinate", "pid": 4075184, "time": 1789708715.102891, "cuda_visible_devices": "2", "allocated_gib": 5.225467205047607, "reserved_gib": 8.228515625, "peak_allocated_gib": 7.100411891937256, "gpu_time_budget": null, "module": "model.layers.27.mlp.down_proj", "step": 7296}
{"stage": "sequential-round-coordinate", "pid": 4075184, "time": 1789708716.0607374, "cuda_visible_devices": "2", "allocated_gib": 5.225467205047607, "reserved_gib": 8.228515625, "peak_allocated_gib": 7.100411891937256, "gpu_time_budget": null, "module": "model.layers.27.mlp.down_proj", "step": 7424}
{"stage": "sequential-round-coordinate", "pid": 4075184, "time": 1789708717.0204957, "cuda_visible_devices": "2", "allocated_gib": 5.225467205047607, "reserved_gib": 8.228515625, "peak_allocated_gib": 7.100411891937256, "gpu_time_budget": null, "module": "model.layers.27.mlp.down_proj", "step": 7552}
{"stage": "sequential-round-coordinate", "pid": 4075184, "time": 1789708717.9714108, "cuda_visible_devices": "2", "allocated_gib": 5.225467205047607, "reserved_gib": 8.228515625, "peak_allocated_gib": 7.100411891937256, "gpu_time_budget": null, "module": "model.layers.27.mlp.down_proj", "step": 7680}
{"stage": "sequential-round-coordinate", "pid": 4075184, "time": 1789708718.9232407, "cuda_visible_devices": "2", "allocated_gib": 5.225467205047607, "reserved_gib": 8.228515625, "peak_allocated_gib": 7.100411891937256, "gpu_time_budget": null, "module": "model.layers.27.mlp.down_proj", "step": 7808}
{"stage": "sequential-round-coordinate", "pid": 4075184, "time": 1789708719.8777454, "cuda_visible_devices": "2", "allocated_gib": 5.225467205047607, "reserved_gib": 8.228515625, "peak_allocated_gib": 7.100411891937256, "gpu_time_budget": null, "module": "model.layers.27.mlp.down_proj", "step": 7936}
{"stage": "sequential-round-coordinate", "pid": 4075184, "time": 1789708720.8323507, "cuda_visible_devices": "2", "allocated_gib": 5.225467205047607, "reserved_gib": 8.228515625, "peak_allocated_gib": 7.100411891937256, "gpu_time_budget": null, "module": "model.layers.27.mlp.down_proj", "step": 8064}
{"stage": "sequential-round-coordinate", "pid": 4075184, "time": 1789708721.8788238, "cuda_visible_devices": "2", "allocated_gib": 5.225467205047607, "reserved_gib": 8.228515625, "peak_allocated_gib": 7.100411891937256, "gpu_time_budget": null, "module": "model.layers.27.mlp.down_proj", "step": 8192}
{"stage": "sequential-round-train-nll", "pid": 4075184, "time": 1789708721.9358935, "cuda_visible_devices": "2", "allocated_gib": 3.7957167625427246, "reserved_gib": 3.80078125, "peak_allocated_gib": 7.100411891937256, "gpu_time_budget": null, "module": "model.layers.27.mlp.down_proj", "step": 512}
Evaluation segment 1/1: start=0, windows=8, seqlen=2048
{"stage": "sequential-round-train-nll", "pid": 4075184, "time": 1789708725.859506, "cuda_visible_devices": "2", "allocated_gib": 3.7957167625427246, "reserved_gib": 5.978515625, "peak_allocated_gib": 7.100411891937256, "gpu_time_budget": null, "module": "model.layers.27.mlp.down_proj", "step": 2048}
Evaluation segment 1/1: start=0, windows=8, seqlen=2048
{"stage": "sequential-round-train-nll", "pid": 4075184, "time": 1789708729.6225471, "cuda_visible_devices": "2", "allocated_gib": 3.7957167625427246, "reserved_gib": 5.978515625, "peak_allocated_gib": 7.100411891937256, "gpu_time_budget": null, "module": "model.layers.27.mlp.down_proj", "step": 8192}
Evaluation segment 1/1: start=0, windows=8, seqlen=2048
{"stage": "sequential-module-completed", "pid": 4075184, "time": 1789708733.7366004, "cuda_visible_devices": "2", "allocated_gib": 3.7957167625427246, "reserved_gib": 5.978515625, "peak_allocated_gib": 7.100411891937256, "gpu_time_budget": null, "module": "model.layers.27.mlp.down_proj", "completed": 28, "total": 28, "selected_train_nll": 2.6684236642399277, "elapsed_seconds": 2006.4636066729436}
Loading checkpoint shards:   0%|          | 0/2 [00:00<?, ?it/s]Loading checkpoint shards:  50%|█████     | 1/2 [00:00<00:00,  2.34it/s]Loading checkpoint shards: 100%|██████████| 2/2 [00:00<00:00,  4.63it/s]
{"stage": "sequential-full-validation", "pid": 4075184, "time": 1789708770.9555767, "cuda_visible_devices": "2", "allocated_gib": 3.7957167625427246, "reserved_gib": 3.83984375, "peak_allocated_gib": 7.100411891937256, "gpu_time_budget": null}
Evaluation segment 1/2: start=0, windows=128, seqlen=2048
Evaluation segment 2/2: start=262144, windows=1, seqlen=193
{"stage": "completed", "pid": 4075184, "time": 1789708843.813669, "cuda_visible_devices": "2", "allocated_gib": 3.7957167625427246, "reserved_gib": 5.98046875, "peak_allocated_gib": 7.100411891937256, "gpu_time_budget": null, "elapsed_seconds": 2116.540678275982, "result": {"parent": "/home/dongpeiyan/projects/rotation-quant/runs/phase5/qwen3-1p7b/joint100-s43/checkpoint-0100/static_w4a8.pt", "parent_metadata": {"route": "B", "step": 100, "initial": "/home/dongpeiyan/projects/rotation-quant/runs/phase5/qwen3-1p7b/init-s43/initial.pt"}, "mode": "round", "initial_train_nll": 2.69476843058009, "selected_train_nll": 2.6684236642399277, "completed_targets": ["model.layers.0.mlp.down_proj", "model.layers.1.mlp.down_proj", "model.layers.2.mlp.down_proj", "model.layers.3.mlp.down_proj", "model.layers.4.mlp.down_proj", "model.layers.5.mlp.down_proj", "model.layers.6.mlp.down_proj", "model.layers.7.mlp.down_proj", "model.layers.8.mlp.down_proj", "model.layers.9.mlp.down_proj", "model.layers.10.mlp.down_proj", "model.layers.11.mlp.down_proj", "model.layers.12.mlp.down_proj", "model.layers.13.mlp.down_proj", "model.layers.14.mlp.down_proj", "model.layers.15.mlp.down_proj", "model.layers.16.mlp.down_proj", "model.layers.17.mlp.down_proj", "model.layers.18.mlp.down_proj", "model.layers.19.mlp.down_proj", "model.layers.20.mlp.down_proj", "model.layers.21.mlp.down_proj", "model.layers.22.mlp.down_proj", "model.layers.23.mlp.down_proj", "model.layers.24.mlp.down_proj", "model.layers.25.mlp.down_proj", "model.layers.26.mlp.down_proj", "model.layers.27.mlp.down_proj"], "new_module_results": [{"module": "model.layers.0.mlp.down_proj", "selected_step": 0, "previous_train_nll": 2.69476843058009, "selected_train_nll": 2.69476843058009, "trials": [{"step": 0, "fit_mse": 0.0009972680127248168, "heldout_mse": 0.0009915948612615466, "changed_codes": 0, "train_nll": 2.69476843058009}, {"step": 512, "fit_mse": 0.0006757149240002036, "heldout_mse": 0.0007241604616865516, "changed_codes": 412225, "train_nll": 2.698205503809432}, {"step": 2048, "fit_mse": 0.0005423746770247817, "heldout_mse": 0.0006656544283032417, "changed_codes": 1211132, "train_nll": 2.696774970027354}, {"step": 8192, "fit_mse": 0.0004411814734339714, "heldout_mse": 0.0006151226698420942, "changed_codes": 1703224, "train_nll": 2.696215410426025}]}, {"module": "model.layers.1.mlp.down_proj", "selected_step": 0, "previous_train_nll": 2.69476843058009, "selected_train_nll": 2.69476843058009, "trials": [{"step": 0, "fit_mse": 0.0016335634281858802, "heldout_mse": 0.0016783935716375709, "changed_codes": 0, "train_nll": 2.69476843058009}, {"step": 512, "fit_mse": 0.001030537998303771, "heldout_mse": 0.0011670885141938925, "changed_codes": 517600, "train_nll": 2.698691370718613}, {"step": 2048, "fit_mse": 0.0008546978933736682, "heldout_mse": 0.0011085534933954477, "changed_codes": 1732712, "train_nll": 2.6984314879262787}, {"step": 8192, "fit_mse": 0.0007418912719003856, "heldout_mse": 0.0010997464414685965, "changed_codes": 2311370, "train_nll": 2.695755243596332}]}, {"module": "model.layers.2.mlp.down_proj", "selected_step": 512, "previous_train_nll": 2.69476843058009, "selected_train_nll": 2.675088859020122, "trials": [{"step": 0, "fit_mse": 2.243196725845337, "heldout_mse": 2.1704225540161133, "changed_codes": 0, "train_nll": 2.69476843058009}, {"step": 512, "fit_mse": 1.0701053142547607, "heldout_mse": 1.0351033210754395, "changed_codes": 137732, "train_nll": 2.675088859020122}, {"step": 2048, "fit_mse": 0.9299220442771912, "heldout_mse": 0.8990606069564819, "changed_codes": 585205, "train_nll": 2.680956363200788}, {"step": 8192, "fit_mse": 0.8781051635742188, "heldout_mse": 0.8597301244735718, "changed_codes": 3851216, "train_nll": 2.704272755910328}]}, {"module": "model.layers.3.mlp.down_proj", "selected_step": 8192, "previous_train_nll": 2.675088859020122, "selected_train_nll": 2.672474635837616, "trials": [{"step": 0, "fit_mse": 0.00405215285718441, "heldout_mse": 0.00402531074360013, "changed_codes": 0, "train_nll": 2.675088859020122}, {"step": 512, "fit_mse": 0.002799937967211008, "heldout_mse": 0.0030696503818035126, "changed_codes": 463212, "train_nll": 2.6750054053195624}, {"step": 2048, "fit_mse": 0.0024064905010163784, "heldout_mse": 0.0030452520586550236, "changed_codes": 1275674, "train_nll": 2.67523721856008}, {"step": 8192, "fit_mse": 0.0020987805910408497, "heldout_mse": 0.0030025390442460775, "changed_codes": 1697405, "train_nll": 2.672474635837616}]}, {"module": "model.layers.4.mlp.down_proj", "selected_step": 8192, "previous_train_nll": 2.672474635837616, "selected_train_nll": 2.671831168377377, "trials": [{"step": 0, "fit_mse": 0.005502661224454641, "heldout_mse": 0.005558013916015625, "changed_codes": 0, "train_nll": 2.672474635837616}, {"step": 512, "fit_mse": 0.003937465604394674, "heldout_mse": 0.0042247409000992775, "changed_codes": 482178, "train_nll": 2.676406832106734}, {"step": 2048, "fit_mse": 0.003364546224474907, "heldout_mse": 0.0039944821037352085, "changed_codes": 1307532, "train_nll": 2.67572406165502}, {"step": 8192, "fit_mse": 0.0029271102976053953, "heldout_mse": 0.003826336469501257, "changed_codes": 1705823, "train_nll": 2.671831168377377}]}, {"module": "model.layers.5.mlp.down_proj", "selected_step": 0, "previous_train_nll": 2.671831168377377, "selected_train_nll": 2.671831168377377, "trials": [{"step": 0, "fit_mse": 0.006580421235412359, "heldout_mse": 0.006595493294298649, "changed_codes": 0, "train_nll": 2.671831168377377}, {"step": 512, "fit_mse": 0.0050284466706216335, "heldout_mse": 0.005269475281238556, "changed_codes": 410637, "train_nll": 2.6726851029578134}, {"step": 2048, "fit_mse": 0.004362850449979305, "heldout_mse": 0.004904989153146744, "changed_codes": 898355, "train_nll": 2.673708481197666}, {"step": 8192, "fit_mse": 0.0037792096845805645, "heldout_mse": 0.004625840112566948, "changed_codes": 1303765, "train_nll": 2.6736681452299766}]}, {"module": "model.layers.6.mlp.down_proj", "selected_step": 0, "previous_train_nll": 2.671831168377377, "selected_train_nll": 2.671831168377377, "trials": [{"step": 0, "fit_mse": 0.008210434578359127, "heldout_mse": 0.008305917493999004, "changed_codes": 0, "train_nll": 2.671831168377377}, {"step": 512, "fit_mse": 0.006204432807862759, "heldout_mse": 0.006599630229175091, "changed_codes": 457051, "train_nll": 2.6757264256681212}, {"step": 2048, "fit_mse": 0.005376113578677177, "heldout_mse": 0.006085753440856934, "changed_codes": 1004044, "train_nll": 2.6725342562165646}, {"step": 8192, "fit_mse": 0.004691228270530701, "heldout_mse": 0.005731955170631409, "changed_codes": 1398696, "train_nll": 2.6761379414451327}]}, {"module": "model.layers.7.mlp.down_proj", "selected_step": 0, "previous_train_nll": 2.671831168377377, "selected_train_nll": 2.671831168377377, "trials": [{"step": 0, "fit_mse": 0.009671216830611229, "heldout_mse": 0.00994630716741085, "changed_codes": 0, "train_nll": 2.671831168377377}, {"step": 512, "fit_mse": 0.007261539809405804, "heldout_mse": 0.00787025224417448, "changed_codes": 462646, "train_nll": 2.6732845103177594}, {"step": 2048, "fit_mse": 0.006291387137025595, "heldout_mse": 0.007276826538145542, "changed_codes": 1076354, "train_nll": 2.674869498876612}, {"step": 8192, "fit_mse": 0.005521525628864765, "heldout_mse": 0.006875283550471067, "changed_codes": 1451494, "train_nll": 2.6741533849015773}]}, {"module": "model.layers.8.mlp.down_proj", "selected_step": 8192, "previous_train_nll": 2.671831168377377, "selected_train_nll": 2.6717920751310467, "trials": [{"step": 0, "fit_mse": 0.011937412433326244, "heldout_mse": 0.012213560752570629, "changed_codes": 0, "train_nll": 2.671831168377377}, {"step": 512, "fit_mse": 0.00880509801208973, "heldout_mse": 0.009527139365673065, "changed_codes": 469815, "train_nll": 2.6749067632643917}, {"step": 2048, "fit_mse": 0.007620795629918575, "heldout_mse": 0.008840683847665787, "changed_codes": 1054604, "train_nll": 2.673840005946369}, {"step": 8192, "fit_mse": 0.006661047227680683, "heldout_mse": 0.008390607312321663, "changed_codes": 1455242, "train_nll": 2.6717920751310467}]}, {"module": "model.layers.9.mlp.down_proj", "selected_step": 0, "previous_train_nll": 2.6717920751310467, "selected_train_nll": 2.6717920751310467, "trials": [{"step": 0, "fit_mse": 0.019710201770067215, "heldout_mse": 0.020108193159103394, "changed_codes": 0, "train_nll": 2.6717920751310467}, {"step": 512, "fit_mse": 0.01321129035204649, "heldout_mse": 0.014683080837130547, "changed_codes": 508763, "train_nll": 2.673321307214396}, {"step": 2048, "fit_mse": 0.01116865687072277, "heldout_mse": 0.013372320681810379, "changed_codes": 1231581, "train_nll": 2.672382134866257}, {"step": 8192, "fit_mse": 0.009661790914833546, "heldout_mse": 0.012561230920255184, "changed_codes": 1679049, "train_nll": 2.673832439959035}]}, {"module": "model.layers.10.mlp.down_proj", "selected_step": 8192, "previous_train_nll": 2.6717920751310467, "selected_train_nll": 2.6712174324715403, "trials": [{"step": 0, "fit_mse": 0.027155574411153793, "heldout_mse": 0.027822572737932205, "changed_codes": 0, "train_nll": 2.6717920751310467}, {"step": 512, "fit_mse": 0.01874222420156002, "heldout_mse": 0.020388292148709297, "changed_codes": 542975, "train_nll": 2.6725492760387777}, {"step": 2048, "fit_mse": 0.015687864273786545, "heldout_mse": 0.01838882640004158, "changed_codes": 1378463, "train_nll": 2.6741833757228095}, {"step": 8192, "fit_mse": 0.013469047844409943, "heldout_mse": 0.017227087169885635, "changed_codes": 1863440, "train_nll": 2.6712174324715403}]}, {"module": "model.layers.11.mlp.down_proj", "selected_step": 0, "previous_train_nll": 2.6712174324715403, "selected_train_nll": 2.6712174324715403, "trials": [{"step": 0, "fit_mse": 0.031311240047216415, "heldout_mse": 0.03174075856804848, "changed_codes": 0, "train_nll": 2.6712174324715403}, {"step": 512, "fit_mse": 0.021667426452040672, "heldout_mse": 0.023083094507455826, "changed_codes": 540669, "train_nll": 2.6725452575996758}, {"step": 2048, "fit_mse": 0.018171949312090874, "heldout_mse": 0.020831985399127007, "changed_codes": 1335032, "train_nll": 2.6717705830832026}, {"step": 8192, "fit_mse": 0.01557045429944992, "heldout_mse": 0.019504763185977936, "changed_codes": 1842055, "train_nll": 2.6740565005107904}]}, {"module": "model.layers.12.mlp.down_proj", "selected_step": 2048, "previous_train_nll": 2.6712174324715403, "selected_train_nll": 2.6704917002720743, "trials": [{"step": 0, "fit_mse": 0.03839224576950073, "heldout_mse": 0.038506828248500824, "changed_codes": 0, "train_nll": 2.6712174324715403}, {"step": 512, "fit_mse": 0.026456356048583984, "heldout_mse": 0.02779451012611389, "changed_codes": 556869, "train_nll": 2.6726427495983276}, {"step": 2048, "fit_mse": 0.021894073113799095, "heldout_mse": 0.024557001888751984, "changed_codes": 1419076, "train_nll": 2.6704917002720743}, {"step": 8192, "fit_mse": 0.018599016591906548, "heldout_mse": 0.022815696895122528, "changed_codes": 1955224, "train_nll": 2.6720662230289953}]}, {"module": "model.layers.13.mlp.down_proj", "selected_step": 8192, "previous_train_nll": 2.6704917002720743, "selected_train_nll": 2.6695613621941585, "trials": [{"step": 0, "fit_mse": 0.045955948531627655, "heldout_mse": 0.0460614450275898, "changed_codes": 0, "train_nll": 2.6704917002720743}, {"step": 512, "fit_mse": 0.032657403498888016, "heldout_mse": 0.03391748294234276, "changed_codes": 540084, "train_nll": 2.6732949768358125}, {"step": 2048, "fit_mse": 0.027384135872125626, "heldout_mse": 0.030429286882281303, "changed_codes": 1397318, "train_nll": 2.672132524025261}, {"step": 8192, "fit_mse": 0.023412665352225304, "heldout_mse": 0.028442639857530594, "changed_codes": 1937492, "train_nll": 2.6695613621941585}]}, {"module": "model.layers.14.mlp.down_proj", "selected_step": 0, "previous_train_nll": 2.6695613621941585, "selected_train_nll": 2.6695613621941585, "trials": [{"step": 0, "fit_mse": 0.06367471814155579, "heldout_mse": 0.06361671537160873, "changed_codes": 0, "train_nll": 2.6695613621941585}, {"step": 512, "fit_mse": 0.045365266501903534, "heldout_mse": 0.046710118651390076, "changed_codes": 519268, "train_nll": 2.6731529783186914}, {"step": 2048, "fit_mse": 0.0382639542222023, "heldout_mse": 0.0420641265809536, "changed_codes": 1398292, "train_nll": 2.6731350707225454}, {"step": 8192, "fit_mse": 0.03270282968878746, "heldout_mse": 0.03937894105911255, "changed_codes": 1985967, "train_nll": 2.672694719489395}]}, {"module": "model.layers.15.mlp.down_proj", "selected_step": 0, "previous_train_nll": 2.6695613621941585, "selected_train_nll": 2.6695613621941585, "trials": [{"step": 0, "fit_mse": 0.09895269572734833, "heldout_mse": 0.09907210618257523, "changed_codes": 0, "train_nll": 2.6695613621941585}, {"step": 512, "fit_mse": 0.06682055443525314, "heldout_mse": 0.06908513605594635, "changed_codes": 522300, "train_nll": 2.6725559953598887}, {"step": 2048, "fit_mse": 0.05580049753189087, "heldout_mse": 0.0615529902279377, "changed_codes": 1520229, "train_nll": 2.6720506686795606}, {"step": 8192, "fit_mse": 0.047506146132946014, "heldout_mse": 0.05725327879190445, "changed_codes": 2119209, "train_nll": 2.6719227315677596}]}, {"module": "model.layers.16.mlp.down_proj", "selected_step": 0, "previous_train_nll": 2.6695613621941585, "selected_train_nll": 2.6695613621941585, "trials": [{"step": 0, "fit_mse": 0.27065354585647583, "heldout_mse": 0.27089422941207886, "changed_codes": 0, "train_nll": 2.6695613621941585}, {"step": 512, "fit_mse": 0.17591798305511475, "heldout_mse": 0.18335241079330444, "changed_codes": 384602, "train_nll": 2.6703343822489436}, {"step": 2048, "fit_mse": 0.14599096775054932, "heldout_mse": 0.1625627875328064, "changed_codes": 1656923, "train_nll": 2.6714473555419826}, {"step": 8192, "fit_mse": 0.12319633364677429, "heldout_mse": 0.15086428821086884, "changed_codes": 2475829, "train_nll": 2.672966710472299}]}, {"module": "model.layers.17.mlp.down_proj", "selected_step": 0, "previous_train_nll": 2.6695613621941585, "selected_train_nll": 2.6695613621941585, "trials": [{"step": 0, "fit_mse": 0.3708478808403015, "heldout_mse": 0.3670462369918823, "changed_codes": 0, "train_nll": 2.6695613621941585}, {"step": 512, "fit_mse": 0.24468907713890076, "heldout_mse": 0.25095194578170776, "changed_codes": 381969, "train_nll": 2.6721356214792364}, {"step": 2048, "fit_mse": 0.20507070422172546, "heldout_mse": 0.22593486309051514, "changed_codes": 1691120, "train_nll": 2.6726815461350335}, {"step": 8192, "fit_mse": 0.17354290187358856, "heldout_mse": 0.21112722158432007, "changed_codes": 2494507, "train_nll": 2.6709983429811177}]}, {"module": "model.layers.18.mlp.down_proj", "selected_step": 0, "previous_train_nll": 2.6695613621941585, "selected_train_nll": 2.6695613621941585, "trials": [{"step": 0, "fit_mse": 0.5975388884544373, "heldout_mse": 0.5960122346878052, "changed_codes": 0, "train_nll": 2.6695613621941585}, {"step": 512, "fit_mse": 0.4134827256202698, "heldout_mse": 0.43087971210479736, "changed_codes": 358773, "train_nll": 2.6712031842079482}, {"step": 2048, "fit_mse": 0.35079213976860046, "heldout_mse": 0.3925510346889496, "changed_codes": 1670046, "train_nll": 2.6708078458698523}, {"step": 8192, "fit_mse": 0.29752296209335327, "heldout_mse": 0.3712225556373596, "changed_codes": 2691590, "train_nll": 2.6721914399097386}]}, {"module": "model.layers.19.mlp.down_proj", "selected_step": 0, "previous_train_nll": 2.6695613621941585, "selected_train_nll": 2.6695613621941585, "trials": [{"step": 0, "fit_mse": 1.3714540004730225, "heldout_mse": 1.364516258239746, "changed_codes": 0, "train_nll": 2.6695613621941585}, {"step": 512, "fit_mse": 0.891899585723877, "heldout_mse": 0.925824761390686, "changed_codes": 372012, "train_nll": 2.6717347839535}, {"step": 2048, "fit_mse": 0.755842387676239, "heldout_mse": 0.8541237115859985, "changed_codes": 1536899, "train_nll": 2.6709247086359142}, {"step": 8192, "fit_mse": 0.6395541429519653, "heldout_mse": 0.8146717548370361, "changed_codes": 2831261, "train_nll": 2.6725115943034528}]}, {"module": "model.layers.20.mlp.down_proj", "selected_step": 0, "previous_train_nll": 2.6695613621941585, "selected_train_nll": 2.6695613621941585, "trials": [{"step": 0, "fit_mse": 2.1086153984069824, "heldout_mse": 2.1397628784179688, "changed_codes": 0, "train_nll": 2.6695613621941585}, {"step": 512, "fit_mse": 1.4002134799957275, "heldout_mse": 1.5677801370620728, "changed_codes": 357838, "train_nll": 2.6714501253771847}, {"step": 2048, "fit_mse": 1.1916611194610596, "heldout_mse": 1.4909496307373047, "changed_codes": 1449993, "train_nll": 2.6727030844793305}, {"step": 8192, "fit_mse": 1.0096139907836914, "heldout_mse": 1.4479866027832031, "changed_codes": 3083816, "train_nll": 2.673047305697049}]}, {"module": "model.layers.21.mlp.down_proj", "selected_step": 0, "previous_train_nll": 2.6695613621941585, "selected_train_nll": 2.6695613621941585, "trials": [{"step": 0, "fit_mse": 3.021307945251465, "heldout_mse": 3.150839328765869, "changed_codes": 0, "train_nll": 2.6695613621941585}, {"step": 512, "fit_mse": 2.0274555683135986, "heldout_mse": 2.3541033267974854, "changed_codes": 356348, "train_nll": 2.6715617037871153}, {"step": 2048, "fit_mse": 1.736140489578247, "heldout_mse": 2.404841184616089, "changed_codes": 1383511, "train_nll": 2.6722064648818358}, {"step": 8192, "fit_mse": 1.4741568565368652, "heldout_mse": 2.5818772315979004, "changed_codes": 3347576, "train_nll": 2.671152324166953}]}, {"module": "model.layers.22.mlp.down_proj", "selected_step": 0, "previous_train_nll": 2.6695613621941585, "selected_train_nll": 2.6695613621941585, "trials": [{"step": 0, "fit_mse": 4.085623741149902, "heldout_mse": 4.211947917938232, "changed_codes": 0, "train_nll": 2.6695613621941585}, {"step": 512, "fit_mse": 2.5542666912078857, "heldout_mse": 3.207016944885254, "changed_codes": 356070, "train_nll": 2.67050364830079}, {"step": 2048, "fit_mse": 2.190094232559204, "heldout_mse": 3.22998309135437, "changed_codes": 1391851, "train_nll": 2.6696438840216086}, {"step": 8192, "fit_mse": 1.8611748218536377, "heldout_mse": 3.3746237754821777, "changed_codes": 3391273, "train_nll": 2.671444717596562}]}, {"module": "model.layers.23.mlp.down_proj", "selected_step": 0, "previous_train_nll": 2.6695613621941585, "selected_train_nll": 2.6695613621941585, "trials": [{"step": 0, "fit_mse": 4.357451438903809, "heldout_mse": 4.427711486816406, "changed_codes": 0, "train_nll": 2.6695613621941585}, {"step": 512, "fit_mse": 2.9672670364379883, "heldout_mse": 3.520901918411255, "changed_codes": 338967, "train_nll": 2.6708137850185225}, {"step": 2048, "fit_mse": 2.5478830337524414, "heldout_mse": 3.582923173904419, "changed_codes": 1307009, "train_nll": 2.6710536971310783}, {"step": 8192, "fit_mse": 2.1700305938720703, "heldout_mse": 3.8980321884155273, "changed_codes": 3074923, "train_nll": 2.672462711335264}]}, {"module": "model.layers.24.mlp.down_proj", "selected_step": 512, "previous_train_nll": 2.6695613621941585, "selected_train_nll": 2.6687021096380885, "trials": [{"step": 0, "fit_mse": 6.407024383544922, "heldout_mse": 6.738568305969238, "changed_codes": 0, "train_nll": 2.6695613621941585}, {"step": 512, "fit_mse": 3.667940855026245, "heldout_mse": 4.537491321563721, "changed_codes": 353513, "train_nll": 2.6687021096380885}, {"step": 2048, "fit_mse": 3.1218032836914062, "heldout_mse": 4.759356498718262, "changed_codes": 1340468, "train_nll": 2.67062160266856}, {"step": 8192, "fit_mse": 2.644166946411133, "heldout_mse": 5.413945198059082, "changed_codes": 2864538, "train_nll": 2.671599882901832}]}, {"module": "model.layers.25.mlp.down_proj", "selected_step": 0, "previous_train_nll": 2.6687021096380885, "selected_train_nll": 2.6687021096380885, "trials": [{"step": 0, "fit_mse": 8.128412246704102, "heldout_mse": 8.55416488647461, "changed_codes": 0, "train_nll": 2.6687021096380885}, {"step": 512, "fit_mse": 4.715785980224609, "heldout_mse": 5.896927833557129, "changed_codes": 366150, "train_nll": 2.6687364965648173}, {"step": 2048, "fit_mse": 3.9736433029174805, "heldout_mse": 6.2016754150390625, "changed_codes": 1415365, "train_nll": 2.6694493621121063}, {"step": 8192, "fit_mse": 3.359168767929077, "heldout_mse": 6.6830153465271, "changed_codes": 2669960, "train_nll": 2.670181529664531}]}, {"module": "model.layers.26.mlp.down_proj", "selected_step": 8192, "previous_train_nll": 2.6687021096380885, "selected_train_nll": 2.6684236642399277, "trials": [{"step": 0, "fit_mse": 12.772926330566406, "heldout_mse": 13.3634033203125, "changed_codes": 0, "train_nll": 2.6687021096380885}, {"step": 512, "fit_mse": 5.663083553314209, "heldout_mse": 7.248838424682617, "changed_codes": 384458, "train_nll": 2.6701324666249535}, {"step": 2048, "fit_mse": 4.707673072814941, "heldout_mse": 7.5740461349487305, "changed_codes": 1495510, "train_nll": 2.6703178766156364}, {"step": 8192, "fit_mse": 3.951416015625, "heldout_mse": 7.995964050292969, "changed_codes": 2611063, "train_nll": 2.6684236642399277}]}, {"module": "model.layers.27.mlp.down_proj", "selected_step": 0, "previous_train_nll": 2.6684236642399277, "selected_train_nll": 2.6684236642399277, "trials": [{"step": 0, "fit_mse": 89.65315246582031, "heldout_mse": 87.26519012451172, "changed_codes": 0, "train_nll": 2.6684236642399277}, {"step": 512, "fit_mse": 8.570741653442383, "heldout_mse": 10.663681030273438, "changed_codes": 469574, "train_nll": 2.686085004593992}, {"step": 2048, "fit_mse": 7.044885158538818, "heldout_mse": 10.750974655151367, "changed_codes": 1689584, "train_nll": 2.685688940592595}, {"step": 8192, "fit_mse": 5.898514747619629, "heldout_mse": 12.081765174865723, "changed_codes": 3570113, "train_nll": 2.686546069084133}]}], "validation_status": "completed", "validation": {"token_count": 262337, "predicted_tokens": 262208, "segments": [{"start_token": 0, "seqlen": 2048, "windows": 128, "predicted_tokens": 262016, "ppl": 15.908977508544922, "nll": 2.7668835730654195}, {"start_token": 262144, "seqlen": 193, "windows": 1, "predicted_tokens": 192, "ppl": 18.325098037719727, "nll": 2.908271597702182}], "unscored_tail_tokens": 0, "nll": 2.766987103471548, "ppl": 15.910624656710956, "evaluation_precision": "existing evaluator: BF16 logits CE, per-token loss to FP32; log(float32 PPL), weighted by predicted tokens", "acceptance_source": "/home/dongpeiyan/projects/rotation-quant/scripts/phase2/validation_acceptance.py", "evaluator_source": "/home/dongpeiyan/projects/rotation-quant/worktrees/SpinQuant-multimodel/experiments/phase3/architecture.py", "parent": "/home/dongpeiyan/projects/rotation-quant/runs/phase5/qwen3-1p7b/joint100-s43/checkpoint-0100/static_w4a8.pt", "parent_metadata": {"route": "B", "step": 100, "initial": "/home/dongpeiyan/projects/rotation-quant/runs/phase5/qwen3-1p7b/init-s43/initial.pt"}, "method": "sequential frozen-package postprocessing; no gradient training in this stage", "format": "196 W4 / 168 static INT8 / 28 static SP2; BF16 KV16 prefill"}}}
