Token indices sequence length is longer than the specified maximum sequence length for this model (262337 > 2048). Running this sequence through the model will result in indexing errors
Loading checkpoint shards:   0%|          | 0/2 [00:00<?, ?it/s]Loading checkpoint shards:  50%|█████     | 1/2 [00:02<00:02,  2.98s/it]Loading checkpoint shards: 100%|██████████| 2/2 [00:02<00:00,  1.49s/it]
`loss_type=None` was set in the config but it is unrecognised.Using the default loss: `ForCausalLMLoss`.
Loading checkpoint shards:   0%|          | 0/2 [00:00<?, ?it/s]Loading checkpoint shards:  50%|█████     | 1/2 [00:00<00:00,  1.08it/s]Loading checkpoint shards: 100%|██████████| 2/2 [00:00<00:00,  2.15it/s]
Evaluation segment 1/1: start=0, windows=8, seqlen=2048
{"stage": "sequential-round-fit", "pid": 113536, "time": 1789709659.4859004, "cuda_visible_devices": "2", "allocated_gib": 3.795783519744873, "reserved_gib": 5.794921875, "peak_allocated_gib": 5.543848991394043, "gpu_time_budget": null, "module": "model.layers.0.mlp.down_proj", "fit_rows": 49152, "heldout_rows": 16384}
{"stage": "sequential-round-coordinate", "pid": 113536, "time": 1789709660.6893902, "cuda_visible_devices": "2", "allocated_gib": 5.225533962249756, "reserved_gib": 8.044921875, "peak_allocated_gib": 7.100478649139404, "gpu_time_budget": null, "module": "model.layers.0.mlp.down_proj", "step": 128}
{"stage": "sequential-round-coordinate", "pid": 113536, "time": 1789709661.5747645, "cuda_visible_devices": "2", "allocated_gib": 5.225533962249756, "reserved_gib": 8.044921875, "peak_allocated_gib": 7.100478649139404, "gpu_time_budget": null, "module": "model.layers.0.mlp.down_proj", "step": 256}
{"stage": "sequential-round-coordinate", "pid": 113536, "time": 1789709662.463895, "cuda_visible_devices": "2", "allocated_gib": 5.225533962249756, "reserved_gib": 8.044921875, "peak_allocated_gib": 7.100478649139404, "gpu_time_budget": null, "module": "model.layers.0.mlp.down_proj", "step": 384}
{"stage": "sequential-round-coordinate", "pid": 113536, "time": 1789709663.440574, "cuda_visible_devices": "2", "allocated_gib": 5.225533962249756, "reserved_gib": 8.044921875, "peak_allocated_gib": 7.100478649139404, "gpu_time_budget": null, "module": "model.layers.0.mlp.down_proj", "step": 512}
{"stage": "sequential-round-coordinate", "pid": 113536, "time": 1789709664.3251543, "cuda_visible_devices": "2", "allocated_gib": 5.225533962249756, "reserved_gib": 8.044921875, "peak_allocated_gib": 7.100478649139404, "gpu_time_budget": null, "module": "model.layers.0.mlp.down_proj", "step": 640}
{"stage": "sequential-round-coordinate", "pid": 113536, "time": 1789709665.2097003, "cuda_visible_devices": "2", "allocated_gib": 5.225533962249756, "reserved_gib": 8.044921875, "peak_allocated_gib": 7.100478649139404, "gpu_time_budget": null, "module": "model.layers.0.mlp.down_proj", "step": 768}
{"stage": "sequential-round-coordinate", "pid": 113536, "time": 1789709666.095705, "cuda_visible_devices": "2", "allocated_gib": 5.225533962249756, "reserved_gib": 8.044921875, "peak_allocated_gib": 7.100478649139404, "gpu_time_budget": null, "module": "model.layers.0.mlp.down_proj", "step": 896}
{"stage": "sequential-round-coordinate", "pid": 113536, "time": 1789709666.9815972, "cuda_visible_devices": "2", "allocated_gib": 5.225533962249756, "reserved_gib": 8.044921875, "peak_allocated_gib": 7.100478649139404, "gpu_time_budget": null, "module": "model.layers.0.mlp.down_proj", "step": 1024}
{"stage": "sequential-round-coordinate", "pid": 113536, "time": 1789709667.8660874, "cuda_visible_devices": "2", "allocated_gib": 5.225533962249756, "reserved_gib": 8.044921875, "peak_allocated_gib": 7.100478649139404, "gpu_time_budget": null, "module": "model.layers.0.mlp.down_proj", "step": 1152}
{"stage": "sequential-round-coordinate", "pid": 113536, "time": 1789709668.748725, "cuda_visible_devices": "2", "allocated_gib": 5.225533962249756, "reserved_gib": 8.044921875, "peak_allocated_gib": 7.100478649139404, "gpu_time_budget": null, "module": "model.layers.0.mlp.down_proj", "step": 1280}
{"stage": "sequential-round-coordinate", "pid": 113536, "time": 1789709669.6348214, "cuda_visible_devices": "2", "allocated_gib": 5.225533962249756, "reserved_gib": 8.044921875, "peak_allocated_gib": 7.100478649139404, "gpu_time_budget": null, "module": "model.layers.0.mlp.down_proj", "step": 1408}
{"stage": "sequential-round-coordinate", "pid": 113536, "time": 1789709670.5178, "cuda_visible_devices": "2", "allocated_gib": 5.225533962249756, "reserved_gib": 8.044921875, "peak_allocated_gib": 7.100478649139404, "gpu_time_budget": null, "module": "model.layers.0.mlp.down_proj", "step": 1536}
{"stage": "sequential-round-coordinate", "pid": 113536, "time": 1789709671.4009013, "cuda_visible_devices": "2", "allocated_gib": 5.225533962249756, "reserved_gib": 8.044921875, "peak_allocated_gib": 7.100478649139404, "gpu_time_budget": null, "module": "model.layers.0.mlp.down_proj", "step": 1664}
{"stage": "sequential-round-coordinate", "pid": 113536, "time": 1789709672.2859943, "cuda_visible_devices": "2", "allocated_gib": 5.225533962249756, "reserved_gib": 8.044921875, "peak_allocated_gib": 7.100478649139404, "gpu_time_budget": null, "module": "model.layers.0.mlp.down_proj", "step": 1792}
{"stage": "sequential-round-coordinate", "pid": 113536, "time": 1789709673.168173, "cuda_visible_devices": "2", "allocated_gib": 5.225533962249756, "reserved_gib": 8.044921875, "peak_allocated_gib": 7.100478649139404, "gpu_time_budget": null, "module": "model.layers.0.mlp.down_proj", "step": 1920}
{"stage": "sequential-round-coordinate", "pid": 113536, "time": 1789709674.132474, "cuda_visible_devices": "2", "allocated_gib": 5.225533962249756, "reserved_gib": 8.044921875, "peak_allocated_gib": 7.100478649139404, "gpu_time_budget": null, "module": "model.layers.0.mlp.down_proj", "step": 2048}
{"stage": "sequential-round-coordinate", "pid": 113536, "time": 1789709675.0218394, "cuda_visible_devices": "2", "allocated_gib": 5.225533962249756, "reserved_gib": 8.044921875, "peak_allocated_gib": 7.100478649139404, "gpu_time_budget": null, "module": "model.layers.0.mlp.down_proj", "step": 2176}
{"stage": "sequential-round-coordinate", "pid": 113536, "time": 1789709675.9053903, "cuda_visible_devices": "2", "allocated_gib": 5.225533962249756, "reserved_gib": 8.044921875, "peak_allocated_gib": 7.100478649139404, "gpu_time_budget": null, "module": "model.layers.0.mlp.down_proj", "step": 2304}
{"stage": "sequential-round-coordinate", "pid": 113536, "time": 1789709676.7916496, "cuda_visible_devices": "2", "allocated_gib": 5.225533962249756, "reserved_gib": 8.044921875, "peak_allocated_gib": 7.100478649139404, "gpu_time_budget": null, "module": "model.layers.0.mlp.down_proj", "step": 2432}
{"stage": "sequential-round-coordinate", "pid": 113536, "time": 1789709677.6766832, "cuda_visible_devices": "2", "allocated_gib": 5.225533962249756, "reserved_gib": 8.044921875, "peak_allocated_gib": 7.100478649139404, "gpu_time_budget": null, "module": "model.layers.0.mlp.down_proj", "step": 2560}
{"stage": "sequential-round-coordinate", "pid": 113536, "time": 1789709678.5613196, "cuda_visible_devices": "2", "allocated_gib": 5.225533962249756, "reserved_gib": 8.044921875, "peak_allocated_gib": 7.100478649139404, "gpu_time_budget": null, "module": "model.layers.0.mlp.down_proj", "step": 2688}
{"stage": "sequential-round-coordinate", "pid": 113536, "time": 1789709679.445314, "cuda_visible_devices": "2", "allocated_gib": 5.225533962249756, "reserved_gib": 8.044921875, "peak_allocated_gib": 7.100478649139404, "gpu_time_budget": null, "module": "model.layers.0.mlp.down_proj", "step": 2816}
{"stage": "sequential-round-coordinate", "pid": 113536, "time": 1789709680.3291736, "cuda_visible_devices": "2", "allocated_gib": 5.225533962249756, "reserved_gib": 8.044921875, "peak_allocated_gib": 7.100478649139404, "gpu_time_budget": null, "module": "model.layers.0.mlp.down_proj", "step": 2944}
{"stage": "sequential-round-coordinate", "pid": 113536, "time": 1789709681.2159815, "cuda_visible_devices": "2", "allocated_gib": 5.225533962249756, "reserved_gib": 8.044921875, "peak_allocated_gib": 7.100478649139404, "gpu_time_budget": null, "module": "model.layers.0.mlp.down_proj", "step": 3072}
{"stage": "sequential-round-coordinate", "pid": 113536, "time": 1789709682.0991147, "cuda_visible_devices": "2", "allocated_gib": 5.225533962249756, "reserved_gib": 8.044921875, "peak_allocated_gib": 7.100478649139404, "gpu_time_budget": null, "module": "model.layers.0.mlp.down_proj", "step": 3200}
{"stage": "sequential-round-coordinate", "pid": 113536, "time": 1789709682.9857311, "cuda_visible_devices": "2", "allocated_gib": 5.225533962249756, "reserved_gib": 8.044921875, "peak_allocated_gib": 7.100478649139404, "gpu_time_budget": null, "module": "model.layers.0.mlp.down_proj", "step": 3328}
{"stage": "sequential-round-coordinate", "pid": 113536, "time": 1789709683.8666303, "cuda_visible_devices": "2", "allocated_gib": 5.225533962249756, "reserved_gib": 8.044921875, "peak_allocated_gib": 7.100478649139404, "gpu_time_budget": null, "module": "model.layers.0.mlp.down_proj", "step": 3456}
{"stage": "sequential-round-coordinate", "pid": 113536, "time": 1789709684.7514417, "cuda_visible_devices": "2", "allocated_gib": 5.225533962249756, "reserved_gib": 8.044921875, "peak_allocated_gib": 7.100478649139404, "gpu_time_budget": null, "module": "model.layers.0.mlp.down_proj", "step": 3584}
{"stage": "sequential-round-coordinate", "pid": 113536, "time": 1789709685.6366234, "cuda_visible_devices": "2", "allocated_gib": 5.225533962249756, "reserved_gib": 8.044921875, "peak_allocated_gib": 7.100478649139404, "gpu_time_budget": null, "module": "model.layers.0.mlp.down_proj", "step": 3712}
{"stage": "sequential-round-coordinate", "pid": 113536, "time": 1789709686.5240364, "cuda_visible_devices": "2", "allocated_gib": 5.225533962249756, "reserved_gib": 8.044921875, "peak_allocated_gib": 7.100478649139404, "gpu_time_budget": null, "module": "model.layers.0.mlp.down_proj", "step": 3840}
{"stage": "sequential-round-coordinate", "pid": 113536, "time": 1789709687.4131477, "cuda_visible_devices": "2", "allocated_gib": 5.225533962249756, "reserved_gib": 8.044921875, "peak_allocated_gib": 7.100478649139404, "gpu_time_budget": null, "module": "model.layers.0.mlp.down_proj", "step": 3968}
{"stage": "sequential-round-coordinate", "pid": 113536, "time": 1789709688.299685, "cuda_visible_devices": "2", "allocated_gib": 5.225533962249756, "reserved_gib": 8.044921875, "peak_allocated_gib": 7.100478649139404, "gpu_time_budget": null, "module": "model.layers.0.mlp.down_proj", "step": 4096}
{"stage": "sequential-round-coordinate", "pid": 113536, "time": 1789709689.183465, "cuda_visible_devices": "2", "allocated_gib": 5.225533962249756, "reserved_gib": 8.044921875, "peak_allocated_gib": 7.100478649139404, "gpu_time_budget": null, "module": "model.layers.0.mlp.down_proj", "step": 4224}
{"stage": "sequential-round-coordinate", "pid": 113536, "time": 1789709690.066928, "cuda_visible_devices": "2", "allocated_gib": 5.225533962249756, "reserved_gib": 8.044921875, "peak_allocated_gib": 7.100478649139404, "gpu_time_budget": null, "module": "model.layers.0.mlp.down_proj", "step": 4352}
{"stage": "sequential-round-coordinate", "pid": 113536, "time": 1789709690.9511557, "cuda_visible_devices": "2", "allocated_gib": 5.225533962249756, "reserved_gib": 8.044921875, "peak_allocated_gib": 7.100478649139404, "gpu_time_budget": null, "module": "model.layers.0.mlp.down_proj", "step": 4480}
{"stage": "sequential-round-coordinate", "pid": 113536, "time": 1789709691.8354473, "cuda_visible_devices": "2", "allocated_gib": 5.225533962249756, "reserved_gib": 8.044921875, "peak_allocated_gib": 7.100478649139404, "gpu_time_budget": null, "module": "model.layers.0.mlp.down_proj", "step": 4608}
{"stage": "sequential-round-coordinate", "pid": 113536, "time": 1789709692.7237642, "cuda_visible_devices": "2", "allocated_gib": 5.225533962249756, "reserved_gib": 8.044921875, "peak_allocated_gib": 7.100478649139404, "gpu_time_budget": null, "module": "model.layers.0.mlp.down_proj", "step": 4736}
{"stage": "sequential-round-coordinate", "pid": 113536, "time": 1789709693.60863, "cuda_visible_devices": "2", "allocated_gib": 5.225533962249756, "reserved_gib": 8.044921875, "peak_allocated_gib": 7.100478649139404, "gpu_time_budget": null, "module": "model.layers.0.mlp.down_proj", "step": 4864}
{"stage": "sequential-round-coordinate", "pid": 113536, "time": 1789709694.4980984, "cuda_visible_devices": "2", "allocated_gib": 5.225533962249756, "reserved_gib": 8.044921875, "peak_allocated_gib": 7.100478649139404, "gpu_time_budget": null, "module": "model.layers.0.mlp.down_proj", "step": 4992}
{"stage": "sequential-round-coordinate", "pid": 113536, "time": 1789709695.382241, "cuda_visible_devices": "2", "allocated_gib": 5.225533962249756, "reserved_gib": 8.044921875, "peak_allocated_gib": 7.100478649139404, "gpu_time_budget": null, "module": "model.layers.0.mlp.down_proj", "step": 5120}
{"stage": "sequential-round-coordinate", "pid": 113536, "time": 1789709696.2687662, "cuda_visible_devices": "2", "allocated_gib": 5.225533962249756, "reserved_gib": 8.044921875, "peak_allocated_gib": 7.100478649139404, "gpu_time_budget": null, "module": "model.layers.0.mlp.down_proj", "step": 5248}
{"stage": "sequential-round-coordinate", "pid": 113536, "time": 1789709697.1515942, "cuda_visible_devices": "2", "allocated_gib": 5.225533962249756, "reserved_gib": 8.044921875, "peak_allocated_gib": 7.100478649139404, "gpu_time_budget": null, "module": "model.layers.0.mlp.down_proj", "step": 5376}
{"stage": "sequential-round-coordinate", "pid": 113536, "time": 1789709698.035197, "cuda_visible_devices": "2", "allocated_gib": 5.225533962249756, "reserved_gib": 8.044921875, "peak_allocated_gib": 7.100478649139404, "gpu_time_budget": null, "module": "model.layers.0.mlp.down_proj", "step": 5504}
{"stage": "sequential-round-coordinate", "pid": 113536, "time": 1789709698.9271355, "cuda_visible_devices": "2", "allocated_gib": 5.225533962249756, "reserved_gib": 8.044921875, "peak_allocated_gib": 7.100478649139404, "gpu_time_budget": null, "module": "model.layers.0.mlp.down_proj", "step": 5632}
{"stage": "sequential-round-coordinate", "pid": 113536, "time": 1789709699.8115153, "cuda_visible_devices": "2", "allocated_gib": 5.225533962249756, "reserved_gib": 8.044921875, "peak_allocated_gib": 7.100478649139404, "gpu_time_budget": null, "module": "model.layers.0.mlp.down_proj", "step": 5760}
{"stage": "sequential-round-coordinate", "pid": 113536, "time": 1789709700.6959045, "cuda_visible_devices": "2", "allocated_gib": 5.225533962249756, "reserved_gib": 8.044921875, "peak_allocated_gib": 7.100478649139404, "gpu_time_budget": null, "module": "model.layers.0.mlp.down_proj", "step": 5888}
{"stage": "sequential-round-coordinate", "pid": 113536, "time": 1789709701.545414, "cuda_visible_devices": "2", "allocated_gib": 5.225533962249756, "reserved_gib": 8.044921875, "peak_allocated_gib": 7.100478649139404, "gpu_time_budget": null, "module": "model.layers.0.mlp.down_proj", "step": 6016}
{"stage": "sequential-round-coordinate", "pid": 113536, "time": 1789709702.2259135, "cuda_visible_devices": "2", "allocated_gib": 5.225533962249756, "reserved_gib": 8.044921875, "peak_allocated_gib": 7.100478649139404, "gpu_time_budget": null, "module": "model.layers.0.mlp.down_proj", "step": 6144}
{"stage": "sequential-round-coordinate", "pid": 113536, "time": 1789709702.9160652, "cuda_visible_devices": "2", "allocated_gib": 5.225533962249756, "reserved_gib": 8.044921875, "peak_allocated_gib": 7.100478649139404, "gpu_time_budget": null, "module": "model.layers.0.mlp.down_proj", "step": 6272}
{"stage": "sequential-round-coordinate", "pid": 113536, "time": 1789709703.6071029, "cuda_visible_devices": "2", "allocated_gib": 5.225533962249756, "reserved_gib": 8.044921875, "peak_allocated_gib": 7.100478649139404, "gpu_time_budget": null, "module": "model.layers.0.mlp.down_proj", "step": 6400}
{"stage": "sequential-round-coordinate", "pid": 113536, "time": 1789709704.2977502, "cuda_visible_devices": "2", "allocated_gib": 5.225533962249756, "reserved_gib": 8.044921875, "peak_allocated_gib": 7.100478649139404, "gpu_time_budget": null, "module": "model.layers.0.mlp.down_proj", "step": 6528}
{"stage": "sequential-round-coordinate", "pid": 113536, "time": 1789709704.9871023, "cuda_visible_devices": "2", "allocated_gib": 5.225533962249756, "reserved_gib": 8.044921875, "peak_allocated_gib": 7.100478649139404, "gpu_time_budget": null, "module": "model.layers.0.mlp.down_proj", "step": 6656}
{"stage": "sequential-round-coordinate", "pid": 113536, "time": 1789709705.6768353, "cuda_visible_devices": "2", "allocated_gib": 5.225533962249756, "reserved_gib": 8.044921875, "peak_allocated_gib": 7.100478649139404, "gpu_time_budget": null, "module": "model.layers.0.mlp.down_proj", "step": 6784}
{"stage": "sequential-round-coordinate", "pid": 113536, "time": 1789709706.3906145, "cuda_visible_devices": "2", "allocated_gib": 5.225533962249756, "reserved_gib": 8.044921875, "peak_allocated_gib": 7.100478649139404, "gpu_time_budget": null, "module": "model.layers.0.mlp.down_proj", "step": 6912}
{"stage": "sequential-round-coordinate", "pid": 113536, "time": 1789709707.052348, "cuda_visible_devices": "2", "allocated_gib": 5.225533962249756, "reserved_gib": 8.044921875, "peak_allocated_gib": 7.100478649139404, "gpu_time_budget": null, "module": "model.layers.0.mlp.down_proj", "step": 7040}
{"stage": "sequential-round-coordinate", "pid": 113536, "time": 1789709707.7822385, "cuda_visible_devices": "2", "allocated_gib": 5.225533962249756, "reserved_gib": 8.044921875, "peak_allocated_gib": 7.100478649139404, "gpu_time_budget": null, "module": "model.layers.0.mlp.down_proj", "step": 7168}
{"stage": "sequential-round-coordinate", "pid": 113536, "time": 1789709708.5031738, "cuda_visible_devices": "2", "allocated_gib": 5.225533962249756, "reserved_gib": 8.044921875, "peak_allocated_gib": 7.100478649139404, "gpu_time_budget": null, "module": "model.layers.0.mlp.down_proj", "step": 7296}
{"stage": "sequential-round-coordinate", "pid": 113536, "time": 1789709709.1924539, "cuda_visible_devices": "2", "allocated_gib": 5.225533962249756, "reserved_gib": 8.044921875, "peak_allocated_gib": 7.100478649139404, "gpu_time_budget": null, "module": "model.layers.0.mlp.down_proj", "step": 7424}
{"stage": "sequential-round-coordinate", "pid": 113536, "time": 1789709709.8817987, "cuda_visible_devices": "2", "allocated_gib": 5.225533962249756, "reserved_gib": 8.044921875, "peak_allocated_gib": 7.100478649139404, "gpu_time_budget": null, "module": "model.layers.0.mlp.down_proj", "step": 7552}
{"stage": "sequential-round-coordinate", "pid": 113536, "time": 1789709710.5709167, "cuda_visible_devices": "2", "allocated_gib": 5.225533962249756, "reserved_gib": 8.044921875, "peak_allocated_gib": 7.100478649139404, "gpu_time_budget": null, "module": "model.layers.0.mlp.down_proj", "step": 7680}
{"stage": "sequential-round-coordinate", "pid": 113536, "time": 1789709711.2607455, "cuda_visible_devices": "2", "allocated_gib": 5.225533962249756, "reserved_gib": 8.044921875, "peak_allocated_gib": 7.100478649139404, "gpu_time_budget": null, "module": "model.layers.0.mlp.down_proj", "step": 7808}
{"stage": "sequential-round-coordinate", "pid": 113536, "time": 1789709711.9254854, "cuda_visible_devices": "2", "allocated_gib": 5.225533962249756, "reserved_gib": 8.044921875, "peak_allocated_gib": 7.100478649139404, "gpu_time_budget": null, "module": "model.layers.0.mlp.down_proj", "step": 7936}
{"stage": "sequential-round-coordinate", "pid": 113536, "time": 1789709712.6150093, "cuda_visible_devices": "2", "allocated_gib": 5.225533962249756, "reserved_gib": 8.044921875, "peak_allocated_gib": 7.100478649139404, "gpu_time_budget": null, "module": "model.layers.0.mlp.down_proj", "step": 8064}
{"stage": "sequential-round-coordinate", "pid": 113536, "time": 1789709713.395811, "cuda_visible_devices": "2", "allocated_gib": 5.225533962249756, "reserved_gib": 8.044921875, "peak_allocated_gib": 7.100478649139404, "gpu_time_budget": null, "module": "model.layers.0.mlp.down_proj", "step": 8192}
{"stage": "sequential-round-train-nll", "pid": 113536, "time": 1789709713.4609199, "cuda_visible_devices": "2", "allocated_gib": 3.795783519744873, "reserved_gib": 3.80078125, "peak_allocated_gib": 7.100478649139404, "gpu_time_budget": null, "module": "model.layers.0.mlp.down_proj", "step": 512}
Evaluation segment 1/1: start=0, windows=8, seqlen=2048
{"stage": "sequential-round-train-nll", "pid": 113536, "time": 1789709717.0722282, "cuda_visible_devices": "2", "allocated_gib": 3.795783519744873, "reserved_gib": 5.791015625, "peak_allocated_gib": 7.100478649139404, "gpu_time_budget": null, "module": "model.layers.0.mlp.down_proj", "step": 2048}
Evaluation segment 1/1: start=0, windows=8, seqlen=2048
{"stage": "sequential-round-train-nll", "pid": 113536, "time": 1789709722.3462374, "cuda_visible_devices": "2", "allocated_gib": 3.795783519744873, "reserved_gib": 5.791015625, "peak_allocated_gib": 7.100478649139404, "gpu_time_budget": null, "module": "model.layers.0.mlp.down_proj", "step": 8192}
Evaluation segment 1/1: start=0, windows=8, seqlen=2048
{"stage": "sequential-module-completed", "pid": 113536, "time": 1789709727.620144, "cuda_visible_devices": "2", "allocated_gib": 3.795783519744873, "reserved_gib": 5.791015625, "peak_allocated_gib": 7.100478649139404, "gpu_time_budget": null, "module": "model.layers.0.mlp.down_proj", "completed": 1, "total": 28, "selected_train_nll": 2.847781625433573, "elapsed_seconds": 69.05444773705676}
{"stage": "sequential-round-fit", "pid": 113536, "time": 1789709729.0465994, "cuda_visible_devices": "2", "allocated_gib": 3.795783519744873, "reserved_gib": 5.791015625, "peak_allocated_gib": 7.100478649139404, "gpu_time_budget": null, "module": "model.layers.1.mlp.down_proj", "fit_rows": 49152, "heldout_rows": 16384}
{"stage": "sequential-round-coordinate", "pid": 113536, "time": 1789709730.2517986, "cuda_visible_devices": "2", "allocated_gib": 5.225533962249756, "reserved_gib": 8.041015625, "peak_allocated_gib": 7.100478649139404, "gpu_time_budget": null, "module": "model.layers.1.mlp.down_proj", "step": 128}
{"stage": "sequential-round-coordinate", "pid": 113536, "time": 1789709731.1405473, "cuda_visible_devices": "2", "allocated_gib": 5.225533962249756, "reserved_gib": 8.041015625, "peak_allocated_gib": 7.100478649139404, "gpu_time_budget": null, "module": "model.layers.1.mlp.down_proj", "step": 256}
{"stage": "sequential-round-coordinate", "pid": 113536, "time": 1789709732.029418, "cuda_visible_devices": "2", "allocated_gib": 5.225533962249756, "reserved_gib": 8.041015625, "peak_allocated_gib": 7.100478649139404, "gpu_time_budget": null, "module": "model.layers.1.mlp.down_proj", "step": 384}
{"stage": "sequential-round-coordinate", "pid": 113536, "time": 1789709732.9932714, "cuda_visible_devices": "2", "allocated_gib": 5.225533962249756, "reserved_gib": 8.041015625, "peak_allocated_gib": 7.100478649139404, "gpu_time_budget": null, "module": "model.layers.1.mlp.down_proj", "step": 512}
{"stage": "sequential-round-coordinate", "pid": 113536, "time": 1789709733.8811283, "cuda_visible_devices": "2", "allocated_gib": 5.225533962249756, "reserved_gib": 8.041015625, "peak_allocated_gib": 7.100478649139404, "gpu_time_budget": null, "module": "model.layers.1.mlp.down_proj", "step": 640}
{"stage": "sequential-round-coordinate", "pid": 113536, "time": 1789709734.770477, "cuda_visible_devices": "2", "allocated_gib": 5.225533962249756, "reserved_gib": 8.041015625, "peak_allocated_gib": 7.100478649139404, "gpu_time_budget": null, "module": "model.layers.1.mlp.down_proj", "step": 768}
{"stage": "sequential-round-coordinate", "pid": 113536, "time": 1789709735.654302, "cuda_visible_devices": "2", "allocated_gib": 5.225533962249756, "reserved_gib": 8.041015625, "peak_allocated_gib": 7.100478649139404, "gpu_time_budget": null, "module": "model.layers.1.mlp.down_proj", "step": 896}
{"stage": "sequential-round-coordinate", "pid": 113536, "time": 1789709736.5875068, "cuda_visible_devices": "2", "allocated_gib": 5.225533962249756, "reserved_gib": 8.041015625, "peak_allocated_gib": 7.100478649139404, "gpu_time_budget": null, "module": "model.layers.1.mlp.down_proj", "step": 1024}
{"stage": "sequential-round-coordinate", "pid": 113536, "time": 1789709737.4786649, "cuda_visible_devices": "2", "allocated_gib": 5.225533962249756, "reserved_gib": 8.041015625, "peak_allocated_gib": 7.100478649139404, "gpu_time_budget": null, "module": "model.layers.1.mlp.down_proj", "step": 1152}
{"stage": "sequential-round-coordinate", "pid": 113536, "time": 1789709738.3678067, "cuda_visible_devices": "2", "allocated_gib": 5.225533962249756, "reserved_gib": 8.041015625, "peak_allocated_gib": 7.100478649139404, "gpu_time_budget": null, "module": "model.layers.1.mlp.down_proj", "step": 1280}
{"stage": "sequential-round-coordinate", "pid": 113536, "time": 1789709739.259145, "cuda_visible_devices": "2", "allocated_gib": 5.225533962249756, "reserved_gib": 8.041015625, "peak_allocated_gib": 7.100478649139404, "gpu_time_budget": null, "module": "model.layers.1.mlp.down_proj", "step": 1408}
{"stage": "sequential-round-coordinate", "pid": 113536, "time": 1789709740.1488996, "cuda_visible_devices": "2", "allocated_gib": 5.225533962249756, "reserved_gib": 8.041015625, "peak_allocated_gib": 7.100478649139404, "gpu_time_budget": null, "module": "model.layers.1.mlp.down_proj", "step": 1536}
{"stage": "sequential-round-coordinate", "pid": 113536, "time": 1789709741.0379944, "cuda_visible_devices": "2", "allocated_gib": 5.225533962249756, "reserved_gib": 8.041015625, "peak_allocated_gib": 7.100478649139404, "gpu_time_budget": null, "module": "model.layers.1.mlp.down_proj", "step": 1664}
{"stage": "sequential-round-coordinate", "pid": 113536, "time": 1789709741.9268456, "cuda_visible_devices": "2", "allocated_gib": 5.225533962249756, "reserved_gib": 8.041015625, "peak_allocated_gib": 7.100478649139404, "gpu_time_budget": null, "module": "model.layers.1.mlp.down_proj", "step": 1792}
{"stage": "sequential-round-coordinate", "pid": 113536, "time": 1789709742.8160038, "cuda_visible_devices": "2", "allocated_gib": 5.225533962249756, "reserved_gib": 8.041015625, "peak_allocated_gib": 7.100478649139404, "gpu_time_budget": null, "module": "model.layers.1.mlp.down_proj", "step": 1920}
{"stage": "sequential-round-coordinate", "pid": 113536, "time": 1789709743.781011, "cuda_visible_devices": "2", "allocated_gib": 5.225533962249756, "reserved_gib": 8.041015625, "peak_allocated_gib": 7.100478649139404, "gpu_time_budget": null, "module": "model.layers.1.mlp.down_proj", "step": 2048}
{"stage": "sequential-round-coordinate", "pid": 113536, "time": 1789709744.6682084, "cuda_visible_devices": "2", "allocated_gib": 5.225533962249756, "reserved_gib": 8.041015625, "peak_allocated_gib": 7.100478649139404, "gpu_time_budget": null, "module": "model.layers.1.mlp.down_proj", "step": 2176}
{"stage": "sequential-round-coordinate", "pid": 113536, "time": 1789709745.556905, "cuda_visible_devices": "2", "allocated_gib": 5.225533962249756, "reserved_gib": 8.041015625, "peak_allocated_gib": 7.100478649139404, "gpu_time_budget": null, "module": "model.layers.1.mlp.down_proj", "step": 2304}
{"stage": "sequential-round-coordinate", "pid": 113536, "time": 1789709746.4444795, "cuda_visible_devices": "2", "allocated_gib": 5.225533962249756, "reserved_gib": 8.041015625, "peak_allocated_gib": 7.100478649139404, "gpu_time_budget": null, "module": "model.layers.1.mlp.down_proj", "step": 2432}
{"stage": "sequential-round-coordinate", "pid": 113536, "time": 1789709747.3345544, "cuda_visible_devices": "2", "allocated_gib": 5.225533962249756, "reserved_gib": 8.041015625, "peak_allocated_gib": 7.100478649139404, "gpu_time_budget": null, "module": "model.layers.1.mlp.down_proj", "step": 2560}
{"stage": "sequential-round-coordinate", "pid": 113536, "time": 1789709748.223029, "cuda_visible_devices": "2", "allocated_gib": 5.225533962249756, "reserved_gib": 8.041015625, "peak_allocated_gib": 7.100478649139404, "gpu_time_budget": null, "module": "model.layers.1.mlp.down_proj", "step": 2688}
{"stage": "sequential-round-coordinate", "pid": 113536, "time": 1789709749.1117606, "cuda_visible_devices": "2", "allocated_gib": 5.225533962249756, "reserved_gib": 8.041015625, "peak_allocated_gib": 7.100478649139404, "gpu_time_budget": null, "module": "model.layers.1.mlp.down_proj", "step": 2816}
{"stage": "sequential-round-coordinate", "pid": 113536, "time": 1789709749.9994082, "cuda_visible_devices": "2", "allocated_gib": 5.225533962249756, "reserved_gib": 8.041015625, "peak_allocated_gib": 7.100478649139404, "gpu_time_budget": null, "module": "model.layers.1.mlp.down_proj", "step": 2944}
{"stage": "sequential-round-coordinate", "pid": 113536, "time": 1789709750.8893654, "cuda_visible_devices": "2", "allocated_gib": 5.225533962249756, "reserved_gib": 8.041015625, "peak_allocated_gib": 7.100478649139404, "gpu_time_budget": null, "module": "model.layers.1.mlp.down_proj", "step": 3072}
{"stage": "sequential-round-coordinate", "pid": 113536, "time": 1789709751.7757075, "cuda_visible_devices": "2", "allocated_gib": 5.225533962249756, "reserved_gib": 8.041015625, "peak_allocated_gib": 7.100478649139404, "gpu_time_budget": null, "module": "model.layers.1.mlp.down_proj", "step": 3200}
{"stage": "sequential-round-coordinate", "pid": 113536, "time": 1789709752.6643283, "cuda_visible_devices": "2", "allocated_gib": 5.225533962249756, "reserved_gib": 8.041015625, "peak_allocated_gib": 7.100478649139404, "gpu_time_budget": null, "module": "model.layers.1.mlp.down_proj", "step": 3328}
{"stage": "sequential-round-coordinate", "pid": 113536, "time": 1789709753.5555124, "cuda_visible_devices": "2", "allocated_gib": 5.225533962249756, "reserved_gib": 8.041015625, "peak_allocated_gib": 7.100478649139404, "gpu_time_budget": null, "module": "model.layers.1.mlp.down_proj", "step": 3456}
{"stage": "sequential-round-coordinate", "pid": 113536, "time": 1789709754.4439278, "cuda_visible_devices": "2", "allocated_gib": 5.225533962249756, "reserved_gib": 8.041015625, "peak_allocated_gib": 7.100478649139404, "gpu_time_budget": null, "module": "model.layers.1.mlp.down_proj", "step": 3584}
{"stage": "sequential-round-coordinate", "pid": 113536, "time": 1789709755.332099, "cuda_visible_devices": "2", "allocated_gib": 5.225533962249756, "reserved_gib": 8.041015625, "peak_allocated_gib": 7.100478649139404, "gpu_time_budget": null, "module": "model.layers.1.mlp.down_proj", "step": 3712}
{"stage": "sequential-round-coordinate", "pid": 113536, "time": 1789709756.2180014, "cuda_visible_devices": "2", "allocated_gib": 5.225533962249756, "reserved_gib": 8.041015625, "peak_allocated_gib": 7.100478649139404, "gpu_time_budget": null, "module": "model.layers.1.mlp.down_proj", "step": 3840}
{"stage": "sequential-round-coordinate", "pid": 113536, "time": 1789709757.108555, "cuda_visible_devices": "2", "allocated_gib": 5.225533962249756, "reserved_gib": 8.041015625, "peak_allocated_gib": 7.100478649139404, "gpu_time_budget": null, "module": "model.layers.1.mlp.down_proj", "step": 3968}
{"stage": "sequential-round-coordinate", "pid": 113536, "time": 1789709757.9974308, "cuda_visible_devices": "2", "allocated_gib": 5.225533962249756, "reserved_gib": 8.041015625, "peak_allocated_gib": 7.100478649139404, "gpu_time_budget": null, "module": "model.layers.1.mlp.down_proj", "step": 4096}
{"stage": "sequential-round-coordinate", "pid": 113536, "time": 1789709758.8853319, "cuda_visible_devices": "2", "allocated_gib": 5.225533962249756, "reserved_gib": 8.041015625, "peak_allocated_gib": 7.100478649139404, "gpu_time_budget": null, "module": "model.layers.1.mlp.down_proj", "step": 4224}
{"stage": "sequential-round-coordinate", "pid": 113536, "time": 1789709759.7730489, "cuda_visible_devices": "2", "allocated_gib": 5.225533962249756, "reserved_gib": 8.041015625, "peak_allocated_gib": 7.100478649139404, "gpu_time_budget": null, "module": "model.layers.1.mlp.down_proj", "step": 4352}
{"stage": "sequential-round-coordinate", "pid": 113536, "time": 1789709760.6628525, "cuda_visible_devices": "2", "allocated_gib": 5.225533962249756, "reserved_gib": 8.041015625, "peak_allocated_gib": 7.100478649139404, "gpu_time_budget": null, "module": "model.layers.1.mlp.down_proj", "step": 4480}
{"stage": "sequential-round-coordinate", "pid": 113536, "time": 1789709761.5485573, "cuda_visible_devices": "2", "allocated_gib": 5.225533962249756, "reserved_gib": 8.041015625, "peak_allocated_gib": 7.100478649139404, "gpu_time_budget": null, "module": "model.layers.1.mlp.down_proj", "step": 4608}
{"stage": "sequential-round-coordinate", "pid": 113536, "time": 1789709762.4376962, "cuda_visible_devices": "2", "allocated_gib": 5.225533962249756, "reserved_gib": 8.041015625, "peak_allocated_gib": 7.100478649139404, "gpu_time_budget": null, "module": "model.layers.1.mlp.down_proj", "step": 4736}
{"stage": "sequential-round-coordinate", "pid": 113536, "time": 1789709763.326617, "cuda_visible_devices": "2", "allocated_gib": 5.225533962249756, "reserved_gib": 8.041015625, "peak_allocated_gib": 7.100478649139404, "gpu_time_budget": null, "module": "model.layers.1.mlp.down_proj", "step": 4864}
{"stage": "sequential-round-coordinate", "pid": 113536, "time": 1789709764.2159421, "cuda_visible_devices": "2", "allocated_gib": 5.225533962249756, "reserved_gib": 8.041015625, "peak_allocated_gib": 7.100478649139404, "gpu_time_budget": null, "module": "model.layers.1.mlp.down_proj", "step": 4992}
{"stage": "sequential-round-coordinate", "pid": 113536, "time": 1789709765.1015446, "cuda_visible_devices": "2", "allocated_gib": 5.225533962249756, "reserved_gib": 8.041015625, "peak_allocated_gib": 7.100478649139404, "gpu_time_budget": null, "module": "model.layers.1.mlp.down_proj", "step": 5120}
{"stage": "sequential-round-coordinate", "pid": 113536, "time": 1789709765.9912643, "cuda_visible_devices": "2", "allocated_gib": 5.225533962249756, "reserved_gib": 8.041015625, "peak_allocated_gib": 7.100478649139404, "gpu_time_budget": null, "module": "model.layers.1.mlp.down_proj", "step": 5248}
{"stage": "sequential-round-coordinate", "pid": 113536, "time": 1789709766.8791246, "cuda_visible_devices": "2", "allocated_gib": 5.225533962249756, "reserved_gib": 8.041015625, "peak_allocated_gib": 7.100478649139404, "gpu_time_budget": null, "module": "model.layers.1.mlp.down_proj", "step": 5376}
{"stage": "sequential-round-coordinate", "pid": 113536, "time": 1789709767.7688823, "cuda_visible_devices": "2", "allocated_gib": 5.225533962249756, "reserved_gib": 8.041015625, "peak_allocated_gib": 7.100478649139404, "gpu_time_budget": null, "module": "model.layers.1.mlp.down_proj", "step": 5504}
{"stage": "sequential-round-coordinate", "pid": 113536, "time": 1789709768.6665342, "cuda_visible_devices": "2", "allocated_gib": 5.225533962249756, "reserved_gib": 8.041015625, "peak_allocated_gib": 7.100478649139404, "gpu_time_budget": null, "module": "model.layers.1.mlp.down_proj", "step": 5632}
{"stage": "sequential-round-coordinate", "pid": 113536, "time": 1789709769.2769709, "cuda_visible_devices": "2", "allocated_gib": 5.225533962249756, "reserved_gib": 8.041015625, "peak_allocated_gib": 7.100478649139404, "gpu_time_budget": null, "module": "model.layers.1.mlp.down_proj", "step": 5760}
{"stage": "sequential-round-coordinate", "pid": 113536, "time": 1789709770.008636, "cuda_visible_devices": "2", "allocated_gib": 5.225533962249756, "reserved_gib": 8.041015625, "peak_allocated_gib": 7.100478649139404, "gpu_time_budget": null, "module": "model.layers.1.mlp.down_proj", "step": 5888}
{"stage": "sequential-round-coordinate", "pid": 113536, "time": 1789709770.7068446, "cuda_visible_devices": "2", "allocated_gib": 5.225533962249756, "reserved_gib": 8.041015625, "peak_allocated_gib": 7.100478649139404, "gpu_time_budget": null, "module": "model.layers.1.mlp.down_proj", "step": 6016}
{"stage": "sequential-round-coordinate", "pid": 113536, "time": 1789709771.3980284, "cuda_visible_devices": "2", "allocated_gib": 5.225533962249756, "reserved_gib": 8.041015625, "peak_allocated_gib": 7.100478649139404, "gpu_time_budget": null, "module": "model.layers.1.mlp.down_proj", "step": 6144}
{"stage": "sequential-round-coordinate", "pid": 113536, "time": 1789709772.0879905, "cuda_visible_devices": "2", "allocated_gib": 5.225533962249756, "reserved_gib": 8.041015625, "peak_allocated_gib": 7.100478649139404, "gpu_time_budget": null, "module": "model.layers.1.mlp.down_proj", "step": 6272}
{"stage": "sequential-round-coordinate", "pid": 113536, "time": 1789709772.7793517, "cuda_visible_devices": "2", "allocated_gib": 5.225533962249756, "reserved_gib": 8.041015625, "peak_allocated_gib": 7.100478649139404, "gpu_time_budget": null, "module": "model.layers.1.mlp.down_proj", "step": 6400}
{"stage": "sequential-round-coordinate", "pid": 113536, "time": 1789709773.4700418, "cuda_visible_devices": "2", "allocated_gib": 5.225533962249756, "reserved_gib": 8.041015625, "peak_allocated_gib": 7.100478649139404, "gpu_time_budget": null, "module": "model.layers.1.mlp.down_proj", "step": 6528}
{"stage": "sequential-round-coordinate", "pid": 113536, "time": 1789709774.148153, "cuda_visible_devices": "2", "allocated_gib": 5.225533962249756, "reserved_gib": 8.041015625, "peak_allocated_gib": 7.100478649139404, "gpu_time_budget": null, "module": "model.layers.1.mlp.down_proj", "step": 6656}
{"stage": "sequential-round-coordinate", "pid": 113536, "time": 1789709774.8669553, "cuda_visible_devices": "2", "allocated_gib": 5.225533962249756, "reserved_gib": 8.041015625, "peak_allocated_gib": 7.100478649139404, "gpu_time_budget": null, "module": "model.layers.1.mlp.down_proj", "step": 6784}
{"stage": "sequential-round-coordinate", "pid": 113536, "time": 1789709775.6046274, "cuda_visible_devices": "2", "allocated_gib": 5.225533962249756, "reserved_gib": 8.041015625, "peak_allocated_gib": 7.100478649139404, "gpu_time_budget": null, "module": "model.layers.1.mlp.down_proj", "step": 6912}
{"stage": "sequential-round-coordinate", "pid": 113536, "time": 1789709776.3158193, "cuda_visible_devices": "2", "allocated_gib": 5.225533962249756, "reserved_gib": 8.041015625, "peak_allocated_gib": 7.100478649139404, "gpu_time_budget": null, "module": "model.layers.1.mlp.down_proj", "step": 7040}
{"stage": "sequential-round-coordinate", "pid": 113536, "time": 1789709777.0090604, "cuda_visible_devices": "2", "allocated_gib": 5.225533962249756, "reserved_gib": 8.041015625, "peak_allocated_gib": 7.100478649139404, "gpu_time_budget": null, "module": "model.layers.1.mlp.down_proj", "step": 7168}
{"stage": "sequential-round-coordinate", "pid": 113536, "time": 1789709777.702227, "cuda_visible_devices": "2", "allocated_gib": 5.225533962249756, "reserved_gib": 8.041015625, "peak_allocated_gib": 7.100478649139404, "gpu_time_budget": null, "module": "model.layers.1.mlp.down_proj", "step": 7296}
{"stage": "sequential-round-coordinate", "pid": 113536, "time": 1789709778.3944757, "cuda_visible_devices": "2", "allocated_gib": 5.225533962249756, "reserved_gib": 8.041015625, "peak_allocated_gib": 7.100478649139404, "gpu_time_budget": null, "module": "model.layers.1.mlp.down_proj", "step": 7424}
{"stage": "sequential-round-coordinate", "pid": 113536, "time": 1789709779.06861, "cuda_visible_devices": "2", "allocated_gib": 5.225533962249756, "reserved_gib": 8.041015625, "peak_allocated_gib": 7.100478649139404, "gpu_time_budget": null, "module": "model.layers.1.mlp.down_proj", "step": 7552}
{"stage": "sequential-round-coordinate", "pid": 113536, "time": 1789709779.7593963, "cuda_visible_devices": "2", "allocated_gib": 5.225533962249756, "reserved_gib": 8.041015625, "peak_allocated_gib": 7.100478649139404, "gpu_time_budget": null, "module": "model.layers.1.mlp.down_proj", "step": 7680}
{"stage": "sequential-round-coordinate", "pid": 113536, "time": 1789709780.4509501, "cuda_visible_devices": "2", "allocated_gib": 5.225533962249756, "reserved_gib": 8.041015625, "peak_allocated_gib": 7.100478649139404, "gpu_time_budget": null, "module": "model.layers.1.mlp.down_proj", "step": 7808}
{"stage": "sequential-round-coordinate", "pid": 113536, "time": 1789709781.1832747, "cuda_visible_devices": "2", "allocated_gib": 5.225533962249756, "reserved_gib": 8.041015625, "peak_allocated_gib": 7.100478649139404, "gpu_time_budget": null, "module": "model.layers.1.mlp.down_proj", "step": 7936}
{"stage": "sequential-round-coordinate", "pid": 113536, "time": 1789709781.9153447, "cuda_visible_devices": "2", "allocated_gib": 5.225533962249756, "reserved_gib": 8.041015625, "peak_allocated_gib": 7.100478649139404, "gpu_time_budget": null, "module": "model.layers.1.mlp.down_proj", "step": 8064}
{"stage": "sequential-round-coordinate", "pid": 113536, "time": 1789709782.6753302, "cuda_visible_devices": "2", "allocated_gib": 5.225533962249756, "reserved_gib": 8.041015625, "peak_allocated_gib": 7.100478649139404, "gpu_time_budget": null, "module": "model.layers.1.mlp.down_proj", "step": 8192}
{"stage": "sequential-round-train-nll", "pid": 113536, "time": 1789709782.7251108, "cuda_visible_devices": "2", "allocated_gib": 3.795783519744873, "reserved_gib": 3.80078125, "peak_allocated_gib": 7.100478649139404, "gpu_time_budget": null, "module": "model.layers.1.mlp.down_proj", "step": 512}
Evaluation segment 1/1: start=0, windows=8, seqlen=2048
{"stage": "sequential-round-train-nll", "pid": 113536, "time": 1789709786.1901758, "cuda_visible_devices": "2", "allocated_gib": 3.795783519744873, "reserved_gib": 5.791015625, "peak_allocated_gib": 7.100478649139404, "gpu_time_budget": null, "module": "model.layers.1.mlp.down_proj", "step": 2048}
Evaluation segment 1/1: start=0, windows=8, seqlen=2048
{"stage": "sequential-round-train-nll", "pid": 113536, "time": 1789709791.536615, "cuda_visible_devices": "2", "allocated_gib": 3.795783519744873, "reserved_gib": 5.791015625, "peak_allocated_gib": 7.100478649139404, "gpu_time_budget": null, "module": "model.layers.1.mlp.down_proj", "step": 8192}
Evaluation segment 1/1: start=0, windows=8, seqlen=2048
{"stage": "sequential-module-completed", "pid": 113536, "time": 1789709796.8603656, "cuda_visible_devices": "2", "allocated_gib": 3.795783519744873, "reserved_gib": 5.791015625, "peak_allocated_gib": 7.100478649139404, "gpu_time_budget": null, "module": "model.layers.1.mlp.down_proj", "completed": 2, "total": 28, "selected_train_nll": 2.847781625433573, "elapsed_seconds": 138.29467541002668}
{"stage": "sequential-round-fit", "pid": 113536, "time": 1789709798.552414, "cuda_visible_devices": "2", "allocated_gib": 3.795783519744873, "reserved_gib": 5.791015625, "peak_allocated_gib": 7.100478649139404, "gpu_time_budget": null, "module": "model.layers.2.mlp.down_proj", "fit_rows": 49152, "heldout_rows": 16384}
{"stage": "sequential-round-train-nll", "pid": 113536, "time": 1789709799.106503, "cuda_visible_devices": "2", "allocated_gib": 3.795783519744873, "reserved_gib": 3.80078125, "peak_allocated_gib": 7.100478649139404, "gpu_time_budget": null, "module": "model.layers.2.mlp.down_proj", "step": 13}
Evaluation segment 1/1: start=0, windows=8, seqlen=2048
{"stage": "sequential-module-completed", "pid": 113536, "time": 1789709804.4908261, "cuda_visible_devices": "2", "allocated_gib": 3.795783519744873, "reserved_gib": 5.791015625, "peak_allocated_gib": 7.100478649139404, "gpu_time_budget": null, "module": "model.layers.2.mlp.down_proj", "completed": 3, "total": 28, "selected_train_nll": 2.8306442139668744, "elapsed_seconds": 145.92512932803947}
{"stage": "sequential-round-fit", "pid": 113536, "time": 1789709806.6950467, "cuda_visible_devices": "2", "allocated_gib": 3.795783519744873, "reserved_gib": 5.791015625, "peak_allocated_gib": 7.100478649139404, "gpu_time_budget": null, "module": "model.layers.3.mlp.down_proj", "fit_rows": 49152, "heldout_rows": 16384}
{"stage": "sequential-round-coordinate", "pid": 113536, "time": 1789709807.9104757, "cuda_visible_devices": "2", "allocated_gib": 5.225533962249756, "reserved_gib": 8.041015625, "peak_allocated_gib": 7.100478649139404, "gpu_time_budget": null, "module": "model.layers.3.mlp.down_proj", "step": 128}
{"stage": "sequential-round-coordinate", "pid": 113536, "time": 1789709808.7985053, "cuda_visible_devices": "2", "allocated_gib": 5.225533962249756, "reserved_gib": 8.041015625, "peak_allocated_gib": 7.100478649139404, "gpu_time_budget": null, "module": "model.layers.3.mlp.down_proj", "step": 256}
{"stage": "sequential-round-coordinate", "pid": 113536, "time": 1789709809.6876955, "cuda_visible_devices": "2", "allocated_gib": 5.225533962249756, "reserved_gib": 8.041015625, "peak_allocated_gib": 7.100478649139404, "gpu_time_budget": null, "module": "model.layers.3.mlp.down_proj", "step": 384}
{"stage": "sequential-round-coordinate", "pid": 113536, "time": 1789709810.6552148, "cuda_visible_devices": "2", "allocated_gib": 5.225533962249756, "reserved_gib": 8.041015625, "peak_allocated_gib": 7.100478649139404, "gpu_time_budget": null, "module": "model.layers.3.mlp.down_proj", "step": 512}
{"stage": "sequential-round-coordinate", "pid": 113536, "time": 1789709811.5423558, "cuda_visible_devices": "2", "allocated_gib": 5.225533962249756, "reserved_gib": 8.041015625, "peak_allocated_gib": 7.100478649139404, "gpu_time_budget": null, "module": "model.layers.3.mlp.down_proj", "step": 640}
{"stage": "sequential-round-coordinate", "pid": 113536, "time": 1789709812.4298694, "cuda_visible_devices": "2", "allocated_gib": 5.225533962249756, "reserved_gib": 8.041015625, "peak_allocated_gib": 7.100478649139404, "gpu_time_budget": null, "module": "model.layers.3.mlp.down_proj", "step": 768}
{"stage": "sequential-round-coordinate", "pid": 113536, "time": 1789709813.3185906, "cuda_visible_devices": "2", "allocated_gib": 5.225533962249756, "reserved_gib": 8.041015625, "peak_allocated_gib": 7.100478649139404, "gpu_time_budget": null, "module": "model.layers.3.mlp.down_proj", "step": 896}
{"stage": "sequential-round-coordinate", "pid": 113536, "time": 1789709814.2018788, "cuda_visible_devices": "2", "allocated_gib": 5.225533962249756, "reserved_gib": 8.041015625, "peak_allocated_gib": 7.100478649139404, "gpu_time_budget": null, "module": "model.layers.3.mlp.down_proj", "step": 1024}
{"stage": "sequential-round-coordinate", "pid": 113536, "time": 1789709815.090233, "cuda_visible_devices": "2", "allocated_gib": 5.225533962249756, "reserved_gib": 8.041015625, "peak_allocated_gib": 7.100478649139404, "gpu_time_budget": null, "module": "model.layers.3.mlp.down_proj", "step": 1152}
{"stage": "sequential-round-coordinate", "pid": 113536, "time": 1789709815.9781177, "cuda_visible_devices": "2", "allocated_gib": 5.225533962249756, "reserved_gib": 8.041015625, "peak_allocated_gib": 7.100478649139404, "gpu_time_budget": null, "module": "model.layers.3.mlp.down_proj", "step": 1280}
{"stage": "sequential-round-coordinate", "pid": 113536, "time": 1789709816.8669553, "cuda_visible_devices": "2", "allocated_gib": 5.225533962249756, "reserved_gib": 8.041015625, "peak_allocated_gib": 7.100478649139404, "gpu_time_budget": null, "module": "model.layers.3.mlp.down_proj", "step": 1408}
{"stage": "sequential-round-coordinate", "pid": 113536, "time": 1789709817.7556832, "cuda_visible_devices": "2", "allocated_gib": 5.225533962249756, "reserved_gib": 8.041015625, "peak_allocated_gib": 7.100478649139404, "gpu_time_budget": null, "module": "model.layers.3.mlp.down_proj", "step": 1536}
{"stage": "sequential-round-coordinate", "pid": 113536, "time": 1789709818.6452708, "cuda_visible_devices": "2", "allocated_gib": 5.225533962249756, "reserved_gib": 8.041015625, "peak_allocated_gib": 7.100478649139404, "gpu_time_budget": null, "module": "model.layers.3.mlp.down_proj", "step": 1664}
{"stage": "sequential-round-coordinate", "pid": 113536, "time": 1789709819.5346742, "cuda_visible_devices": "2", "allocated_gib": 5.225533962249756, "reserved_gib": 8.041015625, "peak_allocated_gib": 7.100478649139404, "gpu_time_budget": null, "module": "model.layers.3.mlp.down_proj", "step": 1792}
{"stage": "sequential-round-coordinate", "pid": 113536, "time": 1789709820.423548, "cuda_visible_devices": "2", "allocated_gib": 5.225533962249756, "reserved_gib": 8.041015625, "peak_allocated_gib": 7.100478649139404, "gpu_time_budget": null, "module": "model.layers.3.mlp.down_proj", "step": 1920}
{"stage": "sequential-round-coordinate", "pid": 113536, "time": 1789709821.3906095, "cuda_visible_devices": "2", "allocated_gib": 5.225533962249756, "reserved_gib": 8.041015625, "peak_allocated_gib": 7.100478649139404, "gpu_time_budget": null, "module": "model.layers.3.mlp.down_proj", "step": 2048}
{"stage": "sequential-round-coordinate", "pid": 113536, "time": 1789709822.2797678, "cuda_visible_devices": "2", "allocated_gib": 5.225533962249756, "reserved_gib": 8.041015625, "peak_allocated_gib": 7.100478649139404, "gpu_time_budget": null, "module": "model.layers.3.mlp.down_proj", "step": 2176}
{"stage": "sequential-round-coordinate", "pid": 113536, "time": 1789709823.1711798, "cuda_visible_devices": "2", "allocated_gib": 5.225533962249756, "reserved_gib": 8.041015625, "peak_allocated_gib": 7.100478649139404, "gpu_time_budget": null, "module": "model.layers.3.mlp.down_proj", "step": 2304}
{"stage": "sequential-round-coordinate", "pid": 113536, "time": 1789709824.0632162, "cuda_visible_devices": "2", "allocated_gib": 5.225533962249756, "reserved_gib": 8.041015625, "peak_allocated_gib": 7.100478649139404, "gpu_time_budget": null, "module": "model.layers.3.mlp.down_proj", "step": 2432}
{"stage": "sequential-round-coordinate", "pid": 113536, "time": 1789709824.9528816, "cuda_visible_devices": "2", "allocated_gib": 5.225533962249756, "reserved_gib": 8.041015625, "peak_allocated_gib": 7.100478649139404, "gpu_time_budget": null, "module": "model.layers.3.mlp.down_proj", "step": 2560}
{"stage": "sequential-round-coordinate", "pid": 113536, "time": 1789709825.8435285, "cuda_visible_devices": "2", "allocated_gib": 5.225533962249756, "reserved_gib": 8.041015625, "peak_allocated_gib": 7.100478649139404, "gpu_time_budget": null, "module": "model.layers.3.mlp.down_proj", "step": 2688}
{"stage": "sequential-round-coordinate", "pid": 113536, "time": 1789709826.7340581, "cuda_visible_devices": "2", "allocated_gib": 5.225533962249756, "reserved_gib": 8.041015625, "peak_allocated_gib": 7.100478649139404, "gpu_time_budget": null, "module": "model.layers.3.mlp.down_proj", "step": 2816}
{"stage": "sequential-round-coordinate", "pid": 113536, "time": 1789709827.62323, "cuda_visible_devices": "2", "allocated_gib": 5.225533962249756, "reserved_gib": 8.041015625, "peak_allocated_gib": 7.100478649139404, "gpu_time_budget": null, "module": "model.layers.3.mlp.down_proj", "step": 2944}
{"stage": "sequential-round-coordinate", "pid": 113536, "time": 1789709828.515276, "cuda_visible_devices": "2", "allocated_gib": 5.225533962249756, "reserved_gib": 8.041015625, "peak_allocated_gib": 7.100478649139404, "gpu_time_budget": null, "module": "model.layers.3.mlp.down_proj", "step": 3072}
{"stage": "sequential-round-coordinate", "pid": 113536, "time": 1789709829.4062111, "cuda_visible_devices": "2", "allocated_gib": 5.225533962249756, "reserved_gib": 8.041015625, "peak_allocated_gib": 7.100478649139404, "gpu_time_budget": null, "module": "model.layers.3.mlp.down_proj", "step": 3200}
{"stage": "sequential-round-coordinate", "pid": 113536, "time": 1789709830.2960768, "cuda_visible_devices": "2", "allocated_gib": 5.225533962249756, "reserved_gib": 8.041015625, "peak_allocated_gib": 7.100478649139404, "gpu_time_budget": null, "module": "model.layers.3.mlp.down_proj", "step": 3328}
{"stage": "sequential-round-coordinate", "pid": 113536, "time": 1789709831.1861703, "cuda_visible_devices": "2", "allocated_gib": 5.225533962249756, "reserved_gib": 8.041015625, "peak_allocated_gib": 7.100478649139404, "gpu_time_budget": null, "module": "model.layers.3.mlp.down_proj", "step": 3456}
{"stage": "sequential-round-coordinate", "pid": 113536, "time": 1789709832.0772223, "cuda_visible_devices": "2", "allocated_gib": 5.225533962249756, "reserved_gib": 8.041015625, "peak_allocated_gib": 7.100478649139404, "gpu_time_budget": null, "module": "model.layers.3.mlp.down_proj", "step": 3584}
{"stage": "sequential-round-coordinate", "pid": 113536, "time": 1789709832.96736, "cuda_visible_devices": "2", "allocated_gib": 5.225533962249756, "reserved_gib": 8.041015625, "peak_allocated_gib": 7.100478649139404, "gpu_time_budget": null, "module": "model.layers.3.mlp.down_proj", "step": 3712}
{"stage": "sequential-round-coordinate", "pid": 113536, "time": 1789709833.5699918, "cuda_visible_devices": "2", "allocated_gib": 5.225533962249756, "reserved_gib": 8.041015625, "peak_allocated_gib": 7.100478649139404, "gpu_time_budget": null, "module": "model.layers.3.mlp.down_proj", "step": 3840}
{"stage": "sequential-round-coordinate", "pid": 113536, "time": 1789709834.301977, "cuda_visible_devices": "2", "allocated_gib": 5.225533962249756, "reserved_gib": 8.041015625, "peak_allocated_gib": 7.100478649139404, "gpu_time_budget": null, "module": "model.layers.3.mlp.down_proj", "step": 3968}
{"stage": "sequential-round-coordinate", "pid": 113536, "time": 1789709835.0338976, "cuda_visible_devices": "2", "allocated_gib": 5.225533962249756, "reserved_gib": 8.041015625, "peak_allocated_gib": 7.100478649139404, "gpu_time_budget": null, "module": "model.layers.3.mlp.down_proj", "step": 4096}
{"stage": "sequential-round-coordinate", "pid": 113536, "time": 1789709835.7243907, "cuda_visible_devices": "2", "allocated_gib": 5.225533962249756, "reserved_gib": 8.041015625, "peak_allocated_gib": 7.100478649139404, "gpu_time_budget": null, "module": "model.layers.3.mlp.down_proj", "step": 4224}
{"stage": "sequential-round-coordinate", "pid": 113536, "time": 1789709836.4139326, "cuda_visible_devices": "2", "allocated_gib": 5.225533962249756, "reserved_gib": 8.041015625, "peak_allocated_gib": 7.100478649139404, "gpu_time_budget": null, "module": "model.layers.3.mlp.down_proj", "step": 4352}
{"stage": "sequential-round-coordinate", "pid": 113536, "time": 1789709837.104258, "cuda_visible_devices": "2", "allocated_gib": 5.225533962249756, "reserved_gib": 8.041015625, "peak_allocated_gib": 7.100478649139404, "gpu_time_budget": null, "module": "model.layers.3.mlp.down_proj", "step": 4480}
{"stage": "sequential-round-coordinate", "pid": 113536, "time": 1789709837.7957265, "cuda_visible_devices": "2", "allocated_gib": 5.225533962249756, "reserved_gib": 8.041015625, "peak_allocated_gib": 7.100478649139404, "gpu_time_budget": null, "module": "model.layers.3.mlp.down_proj", "step": 4608}
{"stage": "sequential-round-coordinate", "pid": 113536, "time": 1789709838.4526365, "cuda_visible_devices": "2", "allocated_gib": 5.225533962249756, "reserved_gib": 8.041015625, "peak_allocated_gib": 7.100478649139404, "gpu_time_budget": null, "module": "model.layers.3.mlp.down_proj", "step": 4736}
{"stage": "sequential-round-coordinate", "pid": 113536, "time": 1789709839.1528494, "cuda_visible_devices": "2", "allocated_gib": 5.225533962249756, "reserved_gib": 8.041015625, "peak_allocated_gib": 7.100478649139404, "gpu_time_budget": null, "module": "model.layers.3.mlp.down_proj", "step": 4864}
{"stage": "sequential-round-coordinate", "pid": 113536, "time": 1789709839.845727, "cuda_visible_devices": "2", "allocated_gib": 5.225533962249756, "reserved_gib": 8.041015625, "peak_allocated_gib": 7.100478649139404, "gpu_time_budget": null, "module": "model.layers.3.mlp.down_proj", "step": 4992}
{"stage": "sequential-round-coordinate", "pid": 113536, "time": 1789709841.1109066, "cuda_visible_devices": "2", "allocated_gib": 5.225533962249756, "reserved_gib": 8.041015625, "peak_allocated_gib": 7.100478649139404, "gpu_time_budget": null, "module": "model.layers.3.mlp.down_proj", "step": 5120}
{"stage": "sequential-round-coordinate", "pid": 113536, "time": 1789709841.8001702, "cuda_visible_devices": "2", "allocated_gib": 5.225533962249756, "reserved_gib": 8.041015625, "peak_allocated_gib": 7.100478649139404, "gpu_time_budget": null, "module": "model.layers.3.mlp.down_proj", "step": 5248}
{"stage": "sequential-round-coordinate", "pid": 113536, "time": 1789709842.468968, "cuda_visible_devices": "2", "allocated_gib": 5.225533962249756, "reserved_gib": 8.041015625, "peak_allocated_gib": 7.100478649139404, "gpu_time_budget": null, "module": "model.layers.3.mlp.down_proj", "step": 5376}
{"stage": "sequential-round-coordinate", "pid": 113536, "time": 1789709843.1585734, "cuda_visible_devices": "2", "allocated_gib": 5.225533962249756, "reserved_gib": 8.041015625, "peak_allocated_gib": 7.100478649139404, "gpu_time_budget": null, "module": "model.layers.3.mlp.down_proj", "step": 5504}
{"stage": "sequential-round-coordinate", "pid": 113536, "time": 1789709843.8491023, "cuda_visible_devices": "2", "allocated_gib": 5.225533962249756, "reserved_gib": 8.041015625, "peak_allocated_gib": 7.100478649139404, "gpu_time_budget": null, "module": "model.layers.3.mlp.down_proj", "step": 5632}
{"stage": "sequential-round-coordinate", "pid": 113536, "time": 1789709844.5425673, "cuda_visible_devices": "2", "allocated_gib": 5.225533962249756, "reserved_gib": 8.041015625, "peak_allocated_gib": 7.100478649139404, "gpu_time_budget": null, "module": "model.layers.3.mlp.down_proj", "step": 5760}
{"stage": "sequential-round-coordinate", "pid": 113536, "time": 1789709845.2736855, "cuda_visible_devices": "2", "allocated_gib": 5.225533962249756, "reserved_gib": 8.041015625, "peak_allocated_gib": 7.100478649139404, "gpu_time_budget": null, "module": "model.layers.3.mlp.down_proj", "step": 5888}
{"stage": "sequential-round-coordinate", "pid": 113536, "time": 1789709846.0049326, "cuda_visible_devices": "2", "allocated_gib": 5.225533962249756, "reserved_gib": 8.041015625, "peak_allocated_gib": 7.100478649139404, "gpu_time_budget": null, "module": "model.layers.3.mlp.down_proj", "step": 6016}
{"stage": "sequential-round-coordinate", "pid": 113536, "time": 1789709846.7044153, "cuda_visible_devices": "2", "allocated_gib": 5.225533962249756, "reserved_gib": 8.041015625, "peak_allocated_gib": 7.100478649139404, "gpu_time_budget": null, "module": "model.layers.3.mlp.down_proj", "step": 6144}
{"stage": "sequential-round-coordinate", "pid": 113536, "time": 1789709847.3756664, "cuda_visible_devices": "2", "allocated_gib": 5.225533962249756, "reserved_gib": 8.041015625, "peak_allocated_gib": 7.100478649139404, "gpu_time_budget": null, "module": "model.layers.3.mlp.down_proj", "step": 6272}
{"stage": "sequential-round-coordinate", "pid": 113536, "time": 1789709847.952143, "cuda_visible_devices": "2", "allocated_gib": 5.225533962249756, "reserved_gib": 8.041015625, "peak_allocated_gib": 7.100478649139404, "gpu_time_budget": null, "module": "model.layers.3.mlp.down_proj", "step": 6400}
{"stage": "sequential-round-coordinate", "pid": 113536, "time": 1789709848.533779, "cuda_visible_devices": "2", "allocated_gib": 5.225533962249756, "reserved_gib": 8.041015625, "peak_allocated_gib": 7.100478649139404, "gpu_time_budget": null, "module": "model.layers.3.mlp.down_proj", "step": 6528}
{"stage": "sequential-round-coordinate", "pid": 113536, "time": 1789709849.1024883, "cuda_visible_devices": "2", "allocated_gib": 5.225533962249756, "reserved_gib": 8.041015625, "peak_allocated_gib": 7.100478649139404, "gpu_time_budget": null, "module": "model.layers.3.mlp.down_proj", "step": 6656}
{"stage": "sequential-round-coordinate", "pid": 113536, "time": 1789709849.7459373, "cuda_visible_devices": "2", "allocated_gib": 5.225533962249756, "reserved_gib": 8.041015625, "peak_allocated_gib": 7.100478649139404, "gpu_time_budget": null, "module": "model.layers.3.mlp.down_proj", "step": 6784}
{"stage": "sequential-round-coordinate", "pid": 113536, "time": 1789709850.6335576, "cuda_visible_devices": "2", "allocated_gib": 5.225533962249756, "reserved_gib": 8.041015625, "peak_allocated_gib": 7.100478649139404, "gpu_time_budget": null, "module": "model.layers.3.mlp.down_proj", "step": 6912}
{"stage": "sequential-round-coordinate", "pid": 113536, "time": 1789709851.5225277, "cuda_visible_devices": "2", "allocated_gib": 5.225533962249756, "reserved_gib": 8.041015625, "peak_allocated_gib": 7.100478649139404, "gpu_time_budget": null, "module": "model.layers.3.mlp.down_proj", "step": 7040}
{"stage": "sequential-round-coordinate", "pid": 113536, "time": 1789709852.4113996, "cuda_visible_devices": "2", "allocated_gib": 5.225533962249756, "reserved_gib": 8.041015625, "peak_allocated_gib": 7.100478649139404, "gpu_time_budget": null, "module": "model.layers.3.mlp.down_proj", "step": 7168}
{"stage": "sequential-round-coordinate", "pid": 113536, "time": 1789709853.3028312, "cuda_visible_devices": "2", "allocated_gib": 5.225533962249756, "reserved_gib": 8.041015625, "peak_allocated_gib": 7.100478649139404, "gpu_time_budget": null, "module": "model.layers.3.mlp.down_proj", "step": 7296}
{"stage": "sequential-round-coordinate", "pid": 113536, "time": 1789709854.1928122, "cuda_visible_devices": "2", "allocated_gib": 5.225533962249756, "reserved_gib": 8.041015625, "peak_allocated_gib": 7.100478649139404, "gpu_time_budget": null, "module": "model.layers.3.mlp.down_proj", "step": 7424}
{"stage": "sequential-round-coordinate", "pid": 113536, "time": 1789709855.080631, "cuda_visible_devices": "2", "allocated_gib": 5.225533962249756, "reserved_gib": 8.041015625, "peak_allocated_gib": 7.100478649139404, "gpu_time_budget": null, "module": "model.layers.3.mlp.down_proj", "step": 7552}
{"stage": "sequential-round-coordinate", "pid": 113536, "time": 1789709855.9661932, "cuda_visible_devices": "2", "allocated_gib": 5.225533962249756, "reserved_gib": 8.041015625, "peak_allocated_gib": 7.100478649139404, "gpu_time_budget": null, "module": "model.layers.3.mlp.down_proj", "step": 7680}
{"stage": "sequential-round-coordinate", "pid": 113536, "time": 1789709856.8551524, "cuda_visible_devices": "2", "allocated_gib": 5.225533962249756, "reserved_gib": 8.041015625, "peak_allocated_gib": 7.100478649139404, "gpu_time_budget": null, "module": "model.layers.3.mlp.down_proj", "step": 7808}
{"stage": "sequential-round-coordinate", "pid": 113536, "time": 1789709857.7375317, "cuda_visible_devices": "2", "allocated_gib": 5.225533962249756, "reserved_gib": 8.041015625, "peak_allocated_gib": 7.100478649139404, "gpu_time_budget": null, "module": "model.layers.3.mlp.down_proj", "step": 7936}
{"stage": "sequential-round-coordinate", "pid": 113536, "time": 1789709858.6516511, "cuda_visible_devices": "2", "allocated_gib": 5.225533962249756, "reserved_gib": 8.041015625, "peak_allocated_gib": 7.100478649139404, "gpu_time_budget": null, "module": "model.layers.3.mlp.down_proj", "step": 8064}
{"stage": "sequential-round-coordinate", "pid": 113536, "time": 1789709859.6206808, "cuda_visible_devices": "2", "allocated_gib": 5.225533962249756, "reserved_gib": 8.041015625, "peak_allocated_gib": 7.100478649139404, "gpu_time_budget": null, "module": "model.layers.3.mlp.down_proj", "step": 8192}
{"stage": "sequential-round-train-nll", "pid": 113536, "time": 1789709859.6676562, "cuda_visible_devices": "2", "allocated_gib": 3.795783519744873, "reserved_gib": 3.80078125, "peak_allocated_gib": 7.100478649139404, "gpu_time_budget": null, "module": "model.layers.3.mlp.down_proj", "step": 512}
Evaluation segment 1/1: start=0, windows=8, seqlen=2048
{"stage": "sequential-round-train-nll", "pid": 113536, "time": 1789709865.002367, "cuda_visible_devices": "2", "allocated_gib": 3.795783519744873, "reserved_gib": 5.791015625, "peak_allocated_gib": 7.100478649139404, "gpu_time_budget": null, "module": "model.layers.3.mlp.down_proj", "step": 2048}
Evaluation segment 1/1: start=0, windows=8, seqlen=2048
{"stage": "sequential-round-train-nll", "pid": 113536, "time": 1789709870.3155391, "cuda_visible_devices": "2", "allocated_gib": 3.795783519744873, "reserved_gib": 5.791015625, "peak_allocated_gib": 7.100478649139404, "gpu_time_budget": null, "module": "model.layers.3.mlp.down_proj", "step": 8192}
Evaluation segment 1/1: start=0, windows=8, seqlen=2048
{"stage": "sequential-module-completed", "pid": 113536, "time": 1789709875.8219178, "cuda_visible_devices": "2", "allocated_gib": 3.795783519744873, "reserved_gib": 5.791015625, "peak_allocated_gib": 7.100478649139404, "gpu_time_budget": null, "module": "model.layers.3.mlp.down_proj", "completed": 4, "total": 28, "selected_train_nll": 2.8299067114719167, "elapsed_seconds": 217.2562237769598}
{"stage": "sequential-round-fit", "pid": 113536, "time": 1789709878.5182316, "cuda_visible_devices": "2", "allocated_gib": 3.795783519744873, "reserved_gib": 5.791015625, "peak_allocated_gib": 7.100478649139404, "gpu_time_budget": null, "module": "model.layers.4.mlp.down_proj", "fit_rows": 49152, "heldout_rows": 16384}
{"stage": "sequential-round-coordinate", "pid": 113536, "time": 1789709879.7001119, "cuda_visible_devices": "2", "allocated_gib": 5.225533962249756, "reserved_gib": 8.041015625, "peak_allocated_gib": 7.100478649139404, "gpu_time_budget": null, "module": "model.layers.4.mlp.down_proj", "step": 128}
{"stage": "sequential-round-coordinate", "pid": 113536, "time": 1789709880.5921733, "cuda_visible_devices": "2", "allocated_gib": 5.225533962249756, "reserved_gib": 8.041015625, "peak_allocated_gib": 7.100478649139404, "gpu_time_budget": null, "module": "model.layers.4.mlp.down_proj", "step": 256}
{"stage": "sequential-round-coordinate", "pid": 113536, "time": 1789709881.4780924, "cuda_visible_devices": "2", "allocated_gib": 5.225533962249756, "reserved_gib": 8.041015625, "peak_allocated_gib": 7.100478649139404, "gpu_time_budget": null, "module": "model.layers.4.mlp.down_proj", "step": 384}
{"stage": "sequential-round-coordinate", "pid": 113536, "time": 1789709882.4471796, "cuda_visible_devices": "2", "allocated_gib": 5.225533962249756, "reserved_gib": 8.041015625, "peak_allocated_gib": 7.100478649139404, "gpu_time_budget": null, "module": "model.layers.4.mlp.down_proj", "step": 512}
{"stage": "sequential-round-coordinate", "pid": 113536, "time": 1789709883.3365595, "cuda_visible_devices": "2", "allocated_gib": 5.225533962249756, "reserved_gib": 8.041015625, "peak_allocated_gib": 7.100478649139404, "gpu_time_budget": null, "module": "model.layers.4.mlp.down_proj", "step": 640}
{"stage": "sequential-round-coordinate", "pid": 113536, "time": 1789709884.2256274, "cuda_visible_devices": "2", "allocated_gib": 5.225533962249756, "reserved_gib": 8.041015625, "peak_allocated_gib": 7.100478649139404, "gpu_time_budget": null, "module": "model.layers.4.mlp.down_proj", "step": 768}
{"stage": "sequential-round-coordinate", "pid": 113536, "time": 1789709885.1144207, "cuda_visible_devices": "2", "allocated_gib": 5.225533962249756, "reserved_gib": 8.041015625, "peak_allocated_gib": 7.100478649139404, "gpu_time_budget": null, "module": "model.layers.4.mlp.down_proj", "step": 896}
{"stage": "sequential-round-coordinate", "pid": 113536, "time": 1789709885.999874, "cuda_visible_devices": "2", "allocated_gib": 5.225533962249756, "reserved_gib": 8.041015625, "peak_allocated_gib": 7.100478649139404, "gpu_time_budget": null, "module": "model.layers.4.mlp.down_proj", "step": 1024}
{"stage": "sequential-round-coordinate", "pid": 113536, "time": 1789709886.8903735, "cuda_visible_devices": "2", "allocated_gib": 5.225533962249756, "reserved_gib": 8.041015625, "peak_allocated_gib": 7.100478649139404, "gpu_time_budget": null, "module": "model.layers.4.mlp.down_proj", "step": 1152}
{"stage": "sequential-round-coordinate", "pid": 113536, "time": 1789709887.7751234, "cuda_visible_devices": "2", "allocated_gib": 5.225533962249756, "reserved_gib": 8.041015625, "peak_allocated_gib": 7.100478649139404, "gpu_time_budget": null, "module": "model.layers.4.mlp.down_proj", "step": 1280}
{"stage": "sequential-round-coordinate", "pid": 113536, "time": 1789709888.6640093, "cuda_visible_devices": "2", "allocated_gib": 5.225533962249756, "reserved_gib": 8.041015625, "peak_allocated_gib": 7.100478649139404, "gpu_time_budget": null, "module": "model.layers.4.mlp.down_proj", "step": 1408}
{"stage": "sequential-round-coordinate", "pid": 113536, "time": 1789709889.553646, "cuda_visible_devices": "2", "allocated_gib": 5.225533962249756, "reserved_gib": 8.041015625, "peak_allocated_gib": 7.100478649139404, "gpu_time_budget": null, "module": "model.layers.4.mlp.down_proj", "step": 1536}
{"stage": "sequential-round-coordinate", "pid": 113536, "time": 1789709890.4402237, "cuda_visible_devices": "2", "allocated_gib": 5.225533962249756, "reserved_gib": 8.041015625, "peak_allocated_gib": 7.100478649139404, "gpu_time_budget": null, "module": "model.layers.4.mlp.down_proj", "step": 1664}
{"stage": "sequential-round-coordinate", "pid": 113536, "time": 1789709891.3282955, "cuda_visible_devices": "2", "allocated_gib": 5.225533962249756, "reserved_gib": 8.041015625, "peak_allocated_gib": 7.100478649139404, "gpu_time_budget": null, "module": "model.layers.4.mlp.down_proj", "step": 1792}
{"stage": "sequential-round-coordinate", "pid": 113536, "time": 1789709892.2089992, "cuda_visible_devices": "2", "allocated_gib": 5.225533962249756, "reserved_gib": 8.041015625, "peak_allocated_gib": 7.100478649139404, "gpu_time_budget": null, "module": "model.layers.4.mlp.down_proj", "step": 1920}
{"stage": "sequential-round-coordinate", "pid": 113536, "time": 1789709893.1739576, "cuda_visible_devices": "2", "allocated_gib": 5.225533962249756, "reserved_gib": 8.041015625, "peak_allocated_gib": 7.100478649139404, "gpu_time_budget": null, "module": "model.layers.4.mlp.down_proj", "step": 2048}
{"stage": "sequential-round-coordinate", "pid": 113536, "time": 1789709894.0671897, "cuda_visible_devices": "2", "allocated_gib": 5.225533962249756, "reserved_gib": 8.041015625, "peak_allocated_gib": 7.100478649139404, "gpu_time_budget": null, "module": "model.layers.4.mlp.down_proj", "step": 2176}
{"stage": "sequential-round-coordinate", "pid": 113536, "time": 1789709894.9566472, "cuda_visible_devices": "2", "allocated_gib": 5.225533962249756, "reserved_gib": 8.041015625, "peak_allocated_gib": 7.100478649139404, "gpu_time_budget": null, "module": "model.layers.4.mlp.down_proj", "step": 2304}
{"stage": "sequential-round-coordinate", "pid": 113536, "time": 1789709895.8458135, "cuda_visible_devices": "2", "allocated_gib": 5.225533962249756, "reserved_gib": 8.041015625, "peak_allocated_gib": 7.100478649139404, "gpu_time_budget": null, "module": "model.layers.4.mlp.down_proj", "step": 2432}
{"stage": "sequential-round-coordinate", "pid": 113536, "time": 1789709896.7261066, "cuda_visible_devices": "2", "allocated_gib": 5.225533962249756, "reserved_gib": 8.041015625, "peak_allocated_gib": 7.100478649139404, "gpu_time_budget": null, "module": "model.layers.4.mlp.down_proj", "step": 2560}
{"stage": "sequential-round-coordinate", "pid": 113536, "time": 1789709897.6149917, "cuda_visible_devices": "2", "allocated_gib": 5.225533962249756, "reserved_gib": 8.041015625, "peak_allocated_gib": 7.100478649139404, "gpu_time_budget": null, "module": "model.layers.4.mlp.down_proj", "step": 2688}
{"stage": "sequential-round-coordinate", "pid": 113536, "time": 1789709898.5037477, "cuda_visible_devices": "2", "allocated_gib": 5.225533962249756, "reserved_gib": 8.041015625, "peak_allocated_gib": 7.100478649139404, "gpu_time_budget": null, "module": "model.layers.4.mlp.down_proj", "step": 2816}
{"stage": "sequential-round-coordinate", "pid": 113536, "time": 1789709899.29926, "cuda_visible_devices": "2", "allocated_gib": 5.225533962249756, "reserved_gib": 8.041015625, "peak_allocated_gib": 7.100478649139404, "gpu_time_budget": null, "module": "model.layers.4.mlp.down_proj", "step": 2944}
{"stage": "sequential-round-coordinate", "pid": 113536, "time": 1789709899.9903142, "cuda_visible_devices": "2", "allocated_gib": 5.225533962249756, "reserved_gib": 8.041015625, "peak_allocated_gib": 7.100478649139404, "gpu_time_budget": null, "module": "model.layers.4.mlp.down_proj", "step": 3072}
{"stage": "sequential-round-coordinate", "pid": 113536, "time": 1789709900.680465, "cuda_visible_devices": "2", "allocated_gib": 5.225533962249756, "reserved_gib": 8.041015625, "peak_allocated_gib": 7.100478649139404, "gpu_time_budget": null, "module": "model.layers.4.mlp.down_proj", "step": 3200}
{"stage": "sequential-round-coordinate", "pid": 113536, "time": 1789709901.3713207, "cuda_visible_devices": "2", "allocated_gib": 5.225533962249756, "reserved_gib": 8.041015625, "peak_allocated_gib": 7.100478649139404, "gpu_time_budget": null, "module": "model.layers.4.mlp.down_proj", "step": 3328}
{"stage": "sequential-round-coordinate", "pid": 113536, "time": 1789709902.0617604, "cuda_visible_devices": "2", "allocated_gib": 5.225533962249756, "reserved_gib": 8.041015625, "peak_allocated_gib": 7.100478649139404, "gpu_time_budget": null, "module": "model.layers.4.mlp.down_proj", "step": 3456}
{"stage": "sequential-round-coordinate", "pid": 113536, "time": 1789709902.7521749, "cuda_visible_devices": "2", "allocated_gib": 5.225533962249756, "reserved_gib": 8.041015625, "peak_allocated_gib": 7.100478649139404, "gpu_time_budget": null, "module": "model.layers.4.mlp.down_proj", "step": 3584}
{"stage": "sequential-round-coordinate", "pid": 113536, "time": 1789709903.4829822, "cuda_visible_devices": "2", "allocated_gib": 5.225533962249756, "reserved_gib": 8.041015625, "peak_allocated_gib": 7.100478649139404, "gpu_time_budget": null, "module": "model.layers.4.mlp.down_proj", "step": 3712}
{"stage": "sequential-round-coordinate", "pid": 113536, "time": 1789709904.2317686, "cuda_visible_devices": "2", "allocated_gib": 5.225533962249756, "reserved_gib": 8.041015625, "peak_allocated_gib": 7.100478649139404, "gpu_time_budget": null, "module": "model.layers.4.mlp.down_proj", "step": 3840}
{"stage": "sequential-round-coordinate", "pid": 113536, "time": 1789709904.8959296, "cuda_visible_devices": "2", "allocated_gib": 5.225533962249756, "reserved_gib": 8.041015625, "peak_allocated_gib": 7.100478649139404, "gpu_time_budget": null, "module": "model.layers.4.mlp.down_proj", "step": 3968}
{"stage": "sequential-round-coordinate", "pid": 113536, "time": 1789709905.591786, "cuda_visible_devices": "2", "allocated_gib": 5.225533962249756, "reserved_gib": 8.041015625, "peak_allocated_gib": 7.100478649139404, "gpu_time_budget": null, "module": "model.layers.4.mlp.down_proj", "step": 4096}
{"stage": "sequential-round-coordinate", "pid": 113536, "time": 1789709906.2820828, "cuda_visible_devices": "2", "allocated_gib": 5.225533962249756, "reserved_gib": 8.041015625, "peak_allocated_gib": 7.100478649139404, "gpu_time_budget": null, "module": "model.layers.4.mlp.down_proj", "step": 4224}
{"stage": "sequential-round-coordinate", "pid": 113536, "time": 1789709906.973142, "cuda_visible_devices": "2", "allocated_gib": 5.225533962249756, "reserved_gib": 8.041015625, "peak_allocated_gib": 7.100478649139404, "gpu_time_budget": null, "module": "model.layers.4.mlp.down_proj", "step": 4352}
{"stage": "sequential-round-coordinate", "pid": 113536, "time": 1789709907.66442, "cuda_visible_devices": "2", "allocated_gib": 5.225533962249756, "reserved_gib": 8.041015625, "peak_allocated_gib": 7.100478649139404, "gpu_time_budget": null, "module": "model.layers.4.mlp.down_proj", "step": 4480}
{"stage": "sequential-round-coordinate", "pid": 113536, "time": 1789709908.3547697, "cuda_visible_devices": "2", "allocated_gib": 5.225533962249756, "reserved_gib": 8.041015625, "peak_allocated_gib": 7.100478649139404, "gpu_time_budget": null, "module": "model.layers.4.mlp.down_proj", "step": 4608}
{"stage": "sequential-round-coordinate", "pid": 113536, "time": 1789709909.048653, "cuda_visible_devices": "2", "allocated_gib": 5.225533962249756, "reserved_gib": 8.041015625, "peak_allocated_gib": 7.100478649139404, "gpu_time_budget": null, "module": "model.layers.4.mlp.down_proj", "step": 4736}
{"stage": "sequential-round-coordinate", "pid": 113536, "time": 1789709909.7165248, "cuda_visible_devices": "2", "allocated_gib": 5.225533962249756, "reserved_gib": 8.041015625, "peak_allocated_gib": 7.100478649139404, "gpu_time_budget": null, "module": "model.layers.4.mlp.down_proj", "step": 4864}
{"stage": "sequential-round-coordinate", "pid": 113536, "time": 1789709910.4485905, "cuda_visible_devices": "2", "allocated_gib": 5.225533962249756, "reserved_gib": 8.041015625, "peak_allocated_gib": 7.100478649139404, "gpu_time_budget": null, "module": "model.layers.4.mlp.down_proj", "step": 4992}
{"stage": "sequential-round-coordinate", "pid": 113536, "time": 1789709911.1803737, "cuda_visible_devices": "2", "allocated_gib": 5.225533962249756, "reserved_gib": 8.041015625, "peak_allocated_gib": 7.100478649139404, "gpu_time_budget": null, "module": "model.layers.4.mlp.down_proj", "step": 5120}
{"stage": "sequential-round-coordinate", "pid": 113536, "time": 1789709911.879961, "cuda_visible_devices": "2", "allocated_gib": 5.225533962249756, "reserved_gib": 8.041015625, "peak_allocated_gib": 7.100478649139404, "gpu_time_budget": null, "module": "model.layers.4.mlp.down_proj", "step": 5248}
{"stage": "sequential-round-coordinate", "pid": 113536, "time": 1789709912.5735133, "cuda_visible_devices": "2", "allocated_gib": 5.225533962249756, "reserved_gib": 8.041015625, "peak_allocated_gib": 7.100478649139404, "gpu_time_budget": null, "module": "model.layers.4.mlp.down_proj", "step": 5376}
{"stage": "sequential-round-coordinate", "pid": 113536, "time": 1789709913.2648613, "cuda_visible_devices": "2", "allocated_gib": 5.225533962249756, "reserved_gib": 8.041015625, "peak_allocated_gib": 7.100478649139404, "gpu_time_budget": null, "module": "model.layers.4.mlp.down_proj", "step": 5504}
{"stage": "sequential-round-coordinate", "pid": 113536, "time": 1789709913.9554248, "cuda_visible_devices": "2", "allocated_gib": 5.225533962249756, "reserved_gib": 8.041015625, "peak_allocated_gib": 7.100478649139404, "gpu_time_budget": null, "module": "model.layers.4.mlp.down_proj", "step": 5632}
{"stage": "sequential-round-coordinate", "pid": 113536, "time": 1789709914.6262417, "cuda_visible_devices": "2", "allocated_gib": 5.225533962249756, "reserved_gib": 8.041015625, "peak_allocated_gib": 7.100478649139404, "gpu_time_budget": null, "module": "model.layers.4.mlp.down_proj", "step": 5760}
{"stage": "sequential-round-coordinate", "pid": 113536, "time": 1789709915.208811, "cuda_visible_devices": "2", "allocated_gib": 5.225533962249756, "reserved_gib": 8.041015625, "peak_allocated_gib": 7.100478649139404, "gpu_time_budget": null, "module": "model.layers.4.mlp.down_proj", "step": 5888}
{"stage": "sequential-round-coordinate", "pid": 113536, "time": 1789709915.7880182, "cuda_visible_devices": "2", "allocated_gib": 5.225533962249756, "reserved_gib": 8.041015625, "peak_allocated_gib": 7.100478649139404, "gpu_time_budget": null, "module": "model.layers.4.mlp.down_proj", "step": 6016}
{"stage": "sequential-round-coordinate", "pid": 113536, "time": 1789709916.3688328, "cuda_visible_devices": "2", "allocated_gib": 5.225533962249756, "reserved_gib": 8.041015625, "peak_allocated_gib": 7.100478649139404, "gpu_time_budget": null, "module": "model.layers.4.mlp.down_proj", "step": 6144}
{"stage": "sequential-round-coordinate", "pid": 113536, "time": 1789709916.9371674, "cuda_visible_devices": "2", "allocated_gib": 5.225533962249756, "reserved_gib": 8.041015625, "peak_allocated_gib": 7.100478649139404, "gpu_time_budget": null, "module": "model.layers.4.mlp.down_proj", "step": 6272}
{"stage": "sequential-round-coordinate", "pid": 113536, "time": 1789709917.835664, "cuda_visible_devices": "2", "allocated_gib": 5.225533962249756, "reserved_gib": 8.041015625, "peak_allocated_gib": 7.100478649139404, "gpu_time_budget": null, "module": "model.layers.4.mlp.down_proj", "step": 6400}
{"stage": "sequential-round-coordinate", "pid": 113536, "time": 1789709918.7235603, "cuda_visible_devices": "2", "allocated_gib": 5.225533962249756, "reserved_gib": 8.041015625, "peak_allocated_gib": 7.100478649139404, "gpu_time_budget": null, "module": "model.layers.4.mlp.down_proj", "step": 6528}
{"stage": "sequential-round-coordinate", "pid": 113536, "time": 1789709919.6123517, "cuda_visible_devices": "2", "allocated_gib": 5.225533962249756, "reserved_gib": 8.041015625, "peak_allocated_gib": 7.100478649139404, "gpu_time_budget": null, "module": "model.layers.4.mlp.down_proj", "step": 6656}
{"stage": "sequential-round-coordinate", "pid": 113536, "time": 1789709920.5008016, "cuda_visible_devices": "2", "allocated_gib": 5.225533962249756, "reserved_gib": 8.041015625, "peak_allocated_gib": 7.100478649139404, "gpu_time_budget": null, "module": "model.layers.4.mlp.down_proj", "step": 6784}
{"stage": "sequential-round-coordinate", "pid": 113536, "time": 1789709921.3939886, "cuda_visible_devices": "2", "allocated_gib": 5.225533962249756, "reserved_gib": 8.041015625, "peak_allocated_gib": 7.100478649139404, "gpu_time_budget": null, "module": "model.layers.4.mlp.down_proj", "step": 6912}
{"stage": "sequential-round-coordinate", "pid": 113536, "time": 1789709922.2831683, "cuda_visible_devices": "2", "allocated_gib": 5.225533962249756, "reserved_gib": 8.041015625, "peak_allocated_gib": 7.100478649139404, "gpu_time_budget": null, "module": "model.layers.4.mlp.down_proj", "step": 7040}
{"stage": "sequential-round-coordinate", "pid": 113536, "time": 1789709923.1709356, "cuda_visible_devices": "2", "allocated_gib": 5.225533962249756, "reserved_gib": 8.041015625, "peak_allocated_gib": 7.100478649139404, "gpu_time_budget": null, "module": "model.layers.4.mlp.down_proj", "step": 7168}
{"stage": "sequential-round-coordinate", "pid": 113536, "time": 1789709924.0568829, "cuda_visible_devices": "2", "allocated_gib": 5.225533962249756, "reserved_gib": 8.041015625, "peak_allocated_gib": 7.100478649139404, "gpu_time_budget": null, "module": "model.layers.4.mlp.down_proj", "step": 7296}
{"stage": "sequential-round-coordinate", "pid": 113536, "time": 1789709924.946066, "cuda_visible_devices": "2", "allocated_gib": 5.225533962249756, "reserved_gib": 8.041015625, "peak_allocated_gib": 7.100478649139404, "gpu_time_budget": null, "module": "model.layers.4.mlp.down_proj", "step": 7424}
{"stage": "sequential-round-coordinate", "pid": 113536, "time": 1789709925.834944, "cuda_visible_devices": "2", "allocated_gib": 5.225533962249756, "reserved_gib": 8.041015625, "peak_allocated_gib": 7.100478649139404, "gpu_time_budget": null, "module": "model.layers.4.mlp.down_proj", "step": 7552}
{"stage": "sequential-round-coordinate", "pid": 113536, "time": 1789709926.72206, "cuda_visible_devices": "2", "allocated_gib": 5.225533962249756, "reserved_gib": 8.041015625, "peak_allocated_gib": 7.100478649139404, "gpu_time_budget": null, "module": "model.layers.4.mlp.down_proj", "step": 7680}
{"stage": "sequential-round-coordinate", "pid": 113536, "time": 1789709927.5911949, "cuda_visible_devices": "2", "allocated_gib": 5.225533962249756, "reserved_gib": 8.041015625, "peak_allocated_gib": 7.100478649139404, "gpu_time_budget": null, "module": "model.layers.4.mlp.down_proj", "step": 7808}
{"stage": "sequential-round-coordinate", "pid": 113536, "time": 1789709928.4814346, "cuda_visible_devices": "2", "allocated_gib": 5.225533962249756, "reserved_gib": 8.041015625, "peak_allocated_gib": 7.100478649139404, "gpu_time_budget": null, "module": "model.layers.4.mlp.down_proj", "step": 7936}
{"stage": "sequential-round-coordinate", "pid": 113536, "time": 1789709929.3702888, "cuda_visible_devices": "2", "allocated_gib": 5.225533962249756, "reserved_gib": 8.041015625, "peak_allocated_gib": 7.100478649139404, "gpu_time_budget": null, "module": "model.layers.4.mlp.down_proj", "step": 8064}
{"stage": "sequential-round-coordinate", "pid": 113536, "time": 1789709930.336922, "cuda_visible_devices": "2", "allocated_gib": 5.225533962249756, "reserved_gib": 8.041015625, "peak_allocated_gib": 7.100478649139404, "gpu_time_budget": null, "module": "model.layers.4.mlp.down_proj", "step": 8192}
{"stage": "sequential-round-train-nll", "pid": 113536, "time": 1789709930.3868046, "cuda_visible_devices": "2", "allocated_gib": 3.795783519744873, "reserved_gib": 3.80078125, "peak_allocated_gib": 7.100478649139404, "gpu_time_budget": null, "module": "model.layers.4.mlp.down_proj", "step": 512}
Evaluation segment 1/1: start=0, windows=8, seqlen=2048
{"stage": "sequential-round-train-nll", "pid": 113536, "time": 1789709935.669778, "cuda_visible_devices": "2", "allocated_gib": 3.795783519744873, "reserved_gib": 5.791015625, "peak_allocated_gib": 7.100478649139404, "gpu_time_budget": null, "module": "model.layers.4.mlp.down_proj", "step": 2048}
Evaluation segment 1/1: start=0, windows=8, seqlen=2048
{"stage": "sequential-round-train-nll", "pid": 113536, "time": 1789709940.7509785, "cuda_visible_devices": "2", "allocated_gib": 3.795783519744873, "reserved_gib": 5.791015625, "peak_allocated_gib": 7.100478649139404, "gpu_time_budget": null, "module": "model.layers.4.mlp.down_proj", "step": 8192}
Evaluation segment 1/1: start=0, windows=8, seqlen=2048
{"stage": "sequential-module-completed", "pid": 113536, "time": 1789709946.093961, "cuda_visible_devices": "2", "allocated_gib": 3.795783519744873, "reserved_gib": 5.791015625, "peak_allocated_gib": 7.100478649139404, "gpu_time_budget": null, "module": "model.layers.4.mlp.down_proj", "completed": 5, "total": 28, "selected_train_nll": 2.8299067114719167, "elapsed_seconds": 287.5282656700583}
{"stage": "sequential-round-fit", "pid": 113536, "time": 1789709949.2414227, "cuda_visible_devices": "2", "allocated_gib": 3.795783519744873, "reserved_gib": 5.791015625, "peak_allocated_gib": 7.100478649139404, "gpu_time_budget": null, "module": "model.layers.5.mlp.down_proj", "fit_rows": 49152, "heldout_rows": 16384}
{"stage": "sequential-round-coordinate", "pid": 113536, "time": 1789709950.4331803, "cuda_visible_devices": "2", "allocated_gib": 5.225533962249756, "reserved_gib": 8.041015625, "peak_allocated_gib": 7.100478649139404, "gpu_time_budget": null, "module": "model.layers.5.mlp.down_proj", "step": 128}
{"stage": "sequential-round-coordinate", "pid": 113536, "time": 1789709951.320361, "cuda_visible_devices": "2", "allocated_gib": 5.225533962249756, "reserved_gib": 8.041015625, "peak_allocated_gib": 7.100478649139404, "gpu_time_budget": null, "module": "model.layers.5.mlp.down_proj", "step": 256}
{"stage": "sequential-round-coordinate", "pid": 113536, "time": 1789709952.2112257, "cuda_visible_devices": "2", "allocated_gib": 5.225533962249756, "reserved_gib": 8.041015625, "peak_allocated_gib": 7.100478649139404, "gpu_time_budget": null, "module": "model.layers.5.mlp.down_proj", "step": 384}
{"stage": "sequential-round-coordinate", "pid": 113536, "time": 1789709953.1769128, "cuda_visible_devices": "2", "allocated_gib": 5.225533962249756, "reserved_gib": 8.041015625, "peak_allocated_gib": 7.100478649139404, "gpu_time_budget": null, "module": "model.layers.5.mlp.down_proj", "step": 512}
{"stage": "sequential-round-coordinate", "pid": 113536, "time": 1789709954.0664802, "cuda_visible_devices": "2", "allocated_gib": 5.225533962249756, "reserved_gib": 8.041015625, "peak_allocated_gib": 7.100478649139404, "gpu_time_budget": null, "module": "model.layers.5.mlp.down_proj", "step": 640}
{"stage": "sequential-round-coordinate", "pid": 113536, "time": 1789709954.955322, "cuda_visible_devices": "2", "allocated_gib": 5.225533962249756, "reserved_gib": 8.041015625, "peak_allocated_gib": 7.100478649139404, "gpu_time_budget": null, "module": "model.layers.5.mlp.down_proj", "step": 768}
{"stage": "sequential-round-coordinate", "pid": 113536, "time": 1789709955.8455346, "cuda_visible_devices": "2", "allocated_gib": 5.225533962249756, "reserved_gib": 8.041015625, "peak_allocated_gib": 7.100478649139404, "gpu_time_budget": null, "module": "model.layers.5.mlp.down_proj", "step": 896}
{"stage": "sequential-round-coordinate", "pid": 113536, "time": 1789709956.737733, "cuda_visible_devices": "2", "allocated_gib": 5.225533962249756, "reserved_gib": 8.041015625, "peak_allocated_gib": 7.100478649139404, "gpu_time_budget": null, "module": "model.layers.5.mlp.down_proj", "step": 1024}
{"stage": "sequential-round-coordinate", "pid": 113536, "time": 1789709957.6256838, "cuda_visible_devices": "2", "allocated_gib": 5.225533962249756, "reserved_gib": 8.041015625, "peak_allocated_gib": 7.100478649139404, "gpu_time_budget": null, "module": "model.layers.5.mlp.down_proj", "step": 1152}
{"stage": "sequential-round-coordinate", "pid": 113536, "time": 1789709958.5136898, "cuda_visible_devices": "2", "allocated_gib": 5.225533962249756, "reserved_gib": 8.041015625, "peak_allocated_gib": 7.100478649139404, "gpu_time_budget": null, "module": "model.layers.5.mlp.down_proj", "step": 1280}
{"stage": "sequential-round-coordinate", "pid": 113536, "time": 1789709959.4025621, "cuda_visible_devices": "2", "allocated_gib": 5.225533962249756, "reserved_gib": 8.041015625, "peak_allocated_gib": 7.100478649139404, "gpu_time_budget": null, "module": "model.layers.5.mlp.down_proj", "step": 1408}
{"stage": "sequential-round-coordinate", "pid": 113536, "time": 1789709960.2875836, "cuda_visible_devices": "2", "allocated_gib": 5.225533962249756, "reserved_gib": 8.041015625, "peak_allocated_gib": 7.100478649139404, "gpu_time_budget": null, "module": "model.layers.5.mlp.down_proj", "step": 1536}
{"stage": "sequential-round-coordinate", "pid": 113536, "time": 1789709961.176682, "cuda_visible_devices": "2", "allocated_gib": 5.225533962249756, "reserved_gib": 8.041015625, "peak_allocated_gib": 7.100478649139404, "gpu_time_budget": null, "module": "model.layers.5.mlp.down_proj", "step": 1664}
{"stage": "sequential-round-coordinate", "pid": 113536, "time": 1789709962.0664232, "cuda_visible_devices": "2", "allocated_gib": 5.225533962249756, "reserved_gib": 8.041015625, "peak_allocated_gib": 7.100478649139404, "gpu_time_budget": null, "module": "model.layers.5.mlp.down_proj", "step": 1792}
{"stage": "sequential-round-coordinate", "pid": 113536, "time": 1789709962.955401, "cuda_visible_devices": "2", "allocated_gib": 5.225533962249756, "reserved_gib": 8.041015625, "peak_allocated_gib": 7.100478649139404, "gpu_time_budget": null, "module": "model.layers.5.mlp.down_proj", "step": 1920}
{"stage": "sequential-round-coordinate", "pid": 113536, "time": 1789709963.9256356, "cuda_visible_devices": "2", "allocated_gib": 5.225533962249756, "reserved_gib": 8.041015625, "peak_allocated_gib": 7.100478649139404, "gpu_time_budget": null, "module": "model.layers.5.mlp.down_proj", "step": 2048}
{"stage": "sequential-round-coordinate", "pid": 113536, "time": 1789709964.815123, "cuda_visible_devices": "2", "allocated_gib": 5.225533962249756, "reserved_gib": 8.041015625, "peak_allocated_gib": 7.100478649139404, "gpu_time_budget": null, "module": "model.layers.5.mlp.down_proj", "step": 2176}
{"stage": "sequential-round-coordinate", "pid": 113536, "time": 1789709965.7042727, "cuda_visible_devices": "2", "allocated_gib": 5.225533962249756, "reserved_gib": 8.041015625, "peak_allocated_gib": 7.100478649139404, "gpu_time_budget": null, "module": "model.layers.5.mlp.down_proj", "step": 2304}
{"stage": "sequential-round-coordinate", "pid": 113536, "time": 1789709966.5935614, "cuda_visible_devices": "2", "allocated_gib": 5.225533962249756, "reserved_gib": 8.041015625, "peak_allocated_gib": 7.100478649139404, "gpu_time_budget": null, "module": "model.layers.5.mlp.down_proj", "step": 2432}
{"stage": "sequential-round-coordinate", "pid": 113536, "time": 1789709967.2104394, "cuda_visible_devices": "2", "allocated_gib": 5.225533962249756, "reserved_gib": 8.041015625, "peak_allocated_gib": 7.100478649139404, "gpu_time_budget": null, "module": "model.layers.5.mlp.down_proj", "step": 2560}
{"stage": "sequential-round-coordinate", "pid": 113536, "time": 1789709967.941818, "cuda_visible_devices": "2", "allocated_gib": 5.225533962249756, "reserved_gib": 8.041015625, "peak_allocated_gib": 7.100478649139404, "gpu_time_budget": null, "module": "model.layers.5.mlp.down_proj", "step": 2688}
{"stage": "sequential-round-coordinate", "pid": 113536, "time": 1789709968.6726236, "cuda_visible_devices": "2", "allocated_gib": 5.225533962249756, "reserved_gib": 8.041015625, "peak_allocated_gib": 7.100478649139404, "gpu_time_budget": null, "module": "model.layers.5.mlp.down_proj", "step": 2816}
{"stage": "sequential-round-coordinate", "pid": 113536, "time": 1789709969.3625717, "cuda_visible_devices": "2", "allocated_gib": 5.225533962249756, "reserved_gib": 8.041015625, "peak_allocated_gib": 7.100478649139404, "gpu_time_budget": null, "module": "model.layers.5.mlp.down_proj", "step": 2944}
{"stage": "sequential-round-coordinate", "pid": 113536, "time": 1789709970.0544903, "cuda_visible_devices": "2", "allocated_gib": 5.225533962249756, "reserved_gib": 8.041015625, "peak_allocated_gib": 7.100478649139404, "gpu_time_budget": null, "module": "model.layers.5.mlp.down_proj", "step": 3072}
{"stage": "sequential-round-coordinate", "pid": 113536, "time": 1789709970.7452888, "cuda_visible_devices": "2", "allocated_gib": 5.225533962249756, "reserved_gib": 8.041015625, "peak_allocated_gib": 7.100478649139404, "gpu_time_budget": null, "module": "model.layers.5.mlp.down_proj", "step": 3200}
{"stage": "sequential-round-coordinate", "pid": 113536, "time": 1789709971.4357722, "cuda_visible_devices": "2", "allocated_gib": 5.225533962249756, "reserved_gib": 8.041015625, "peak_allocated_gib": 7.100478649139404, "gpu_time_budget": null, "module": "model.layers.5.mlp.down_proj", "step": 3328}
{"stage": "sequential-round-coordinate", "pid": 113536, "time": 1789709972.1021724, "cuda_visible_devices": "2", "allocated_gib": 5.225533962249756, "reserved_gib": 8.041015625, "peak_allocated_gib": 7.100478649139404, "gpu_time_budget": null, "module": "model.layers.5.mlp.down_proj", "step": 3456}
{"stage": "sequential-round-coordinate", "pid": 113536, "time": 1789709972.792227, "cuda_visible_devices": "2", "allocated_gib": 5.225533962249756, "reserved_gib": 8.041015625, "peak_allocated_gib": 7.100478649139404, "gpu_time_budget": null, "module": "model.layers.5.mlp.down_proj", "step": 3584}
{"stage": "sequential-round-coordinate", "pid": 113536, "time": 1789709973.4832988, "cuda_visible_devices": "2", "allocated_gib": 5.225533962249756, "reserved_gib": 8.041015625, "peak_allocated_gib": 7.100478649139404, "gpu_time_budget": null, "module": "model.layers.5.mlp.down_proj", "step": 3712}
{"stage": "sequential-round-coordinate", "pid": 113536, "time": 1789709974.2150168, "cuda_visible_devices": "2", "allocated_gib": 5.225533962249756, "reserved_gib": 8.041015625, "peak_allocated_gib": 7.100478649139404, "gpu_time_budget": null, "module": "model.layers.5.mlp.down_proj", "step": 3840}
{"stage": "sequential-round-coordinate", "pid": 113536, "time": 1789709974.948971, "cuda_visible_devices": "2", "allocated_gib": 5.225533962249756, "reserved_gib": 8.041015625, "peak_allocated_gib": 7.100478649139404, "gpu_time_budget": null, "module": "model.layers.5.mlp.down_proj", "step": 3968}
{"stage": "sequential-round-coordinate", "pid": 113536, "time": 1789709975.6468022, "cuda_visible_devices": "2", "allocated_gib": 5.225533962249756, "reserved_gib": 8.041015625, "peak_allocated_gib": 7.100478649139404, "gpu_time_budget": null, "module": "model.layers.5.mlp.down_proj", "step": 4096}
{"stage": "sequential-round-coordinate", "pid": 113536, "time": 1789709976.3385522, "cuda_visible_devices": "2", "allocated_gib": 5.225533962249756, "reserved_gib": 8.041015625, "peak_allocated_gib": 7.100478649139404, "gpu_time_budget": null, "module": "model.layers.5.mlp.down_proj", "step": 4224}
{"stage": "sequential-round-coordinate", "pid": 113536, "time": 1789709977.012822, "cuda_visible_devices": "2", "allocated_gib": 5.225533962249756, "reserved_gib": 8.041015625, "peak_allocated_gib": 7.100478649139404, "gpu_time_budget": null, "module": "model.layers.5.mlp.down_proj", "step": 4352}
{"stage": "sequential-round-coordinate", "pid": 113536, "time": 1789709977.7035577, "cuda_visible_devices": "2", "allocated_gib": 5.225533962249756, "reserved_gib": 8.041015625, "peak_allocated_gib": 7.100478649139404, "gpu_time_budget": null, "module": "model.layers.5.mlp.down_proj", "step": 4480}
{"stage": "sequential-round-coordinate", "pid": 113536, "time": 1789709978.3947093, "cuda_visible_devices": "2", "allocated_gib": 5.225533962249756, "reserved_gib": 8.041015625, "peak_allocated_gib": 7.100478649139404, "gpu_time_budget": null, "module": "model.layers.5.mlp.down_proj", "step": 4608}
{"stage": "sequential-round-coordinate", "pid": 113536, "time": 1789709979.0853856, "cuda_visible_devices": "2", "allocated_gib": 5.225533962249756, "reserved_gib": 8.041015625, "peak_allocated_gib": 7.100478649139404, "gpu_time_budget": null, "module": "model.layers.5.mlp.down_proj", "step": 4736}
{"stage": "sequential-round-coordinate", "pid": 113536, "time": 1789709979.7999046, "cuda_visible_devices": "2", "allocated_gib": 5.225533962249756, "reserved_gib": 8.041015625, "peak_allocated_gib": 7.100478649139404, "gpu_time_budget": null, "module": "model.layers.5.mlp.down_proj", "step": 4864}
{"stage": "sequential-round-coordinate", "pid": 113536, "time": 1789709980.5336986, "cuda_visible_devices": "2", "allocated_gib": 5.225533962249756, "reserved_gib": 8.041015625, "peak_allocated_gib": 7.100478649139404, "gpu_time_budget": null, "module": "model.layers.5.mlp.down_proj", "step": 4992}
{"stage": "sequential-round-coordinate", "pid": 113536, "time": 1789709981.2515926, "cuda_visible_devices": "2", "allocated_gib": 5.225533962249756, "reserved_gib": 8.041015625, "peak_allocated_gib": 7.100478649139404, "gpu_time_budget": null, "module": "model.layers.5.mlp.down_proj", "step": 5120}
{"stage": "sequential-round-coordinate", "pid": 113536, "time": 1789709981.923823, "cuda_visible_devices": "2", "allocated_gib": 5.225533962249756, "reserved_gib": 8.041015625, "peak_allocated_gib": 7.100478649139404, "gpu_time_budget": null, "module": "model.layers.5.mlp.down_proj", "step": 5248}
{"stage": "sequential-round-coordinate", "pid": 113536, "time": 1789709982.5102887, "cuda_visible_devices": "2", "allocated_gib": 5.225533962249756, "reserved_gib": 8.041015625, "peak_allocated_gib": 7.100478649139404, "gpu_time_budget": null, "module": "model.layers.5.mlp.down_proj", "step": 5376}
{"stage": "sequential-round-coordinate", "pid": 113536, "time": 1789709983.097933, "cuda_visible_devices": "2", "allocated_gib": 5.225533962249756, "reserved_gib": 8.041015625, "peak_allocated_gib": 7.100478649139404, "gpu_time_budget": null, "module": "model.layers.5.mlp.down_proj", "step": 5504}
{"stage": "sequential-round-coordinate", "pid": 113536, "time": 1789709983.6853096, "cuda_visible_devices": "2", "allocated_gib": 5.225533962249756, "reserved_gib": 8.041015625, "peak_allocated_gib": 7.100478649139404, "gpu_time_budget": null, "module": "model.layers.5.mlp.down_proj", "step": 5632}
{"stage": "sequential-round-coordinate", "pid": 113536, "time": 1789709984.2615385, "cuda_visible_devices": "2", "allocated_gib": 5.225533962249756, "reserved_gib": 8.041015625, "peak_allocated_gib": 7.100478649139404, "gpu_time_budget": null, "module": "model.layers.5.mlp.down_proj", "step": 5760}
{"stage": "sequential-round-coordinate", "pid": 113536, "time": 1789709984.8050196, "cuda_visible_devices": "2", "allocated_gib": 5.225533962249756, "reserved_gib": 8.041015625, "peak_allocated_gib": 7.100478649139404, "gpu_time_budget": null, "module": "model.layers.5.mlp.down_proj", "step": 5888}
{"stage": "sequential-round-coordinate", "pid": 113536, "time": 1789709985.7168307, "cuda_visible_devices": "2", "allocated_gib": 5.225533962249756, "reserved_gib": 8.041015625, "peak_allocated_gib": 7.100478649139404, "gpu_time_budget": null, "module": "model.layers.5.mlp.down_proj", "step": 6016}
{"stage": "sequential-round-coordinate", "pid": 113536, "time": 1789709986.6028328, "cuda_visible_devices": "2", "allocated_gib": 5.225533962249756, "reserved_gib": 8.041015625, "peak_allocated_gib": 7.100478649139404, "gpu_time_budget": null, "module": "model.layers.5.mlp.down_proj", "step": 6144}
{"stage": "sequential-round-coordinate", "pid": 113536, "time": 1789709987.4904776, "cuda_visible_devices": "2", "allocated_gib": 5.225533962249756, "reserved_gib": 8.041015625, "peak_allocated_gib": 7.100478649139404, "gpu_time_budget": null, "module": "model.layers.5.mlp.down_proj", "step": 6272}
{"stage": "sequential-round-coordinate", "pid": 113536, "time": 1789709988.376811, "cuda_visible_devices": "2", "allocated_gib": 5.225533962249756, "reserved_gib": 8.041015625, "peak_allocated_gib": 7.100478649139404, "gpu_time_budget": null, "module": "model.layers.5.mlp.down_proj", "step": 6400}
{"stage": "sequential-round-coordinate", "pid": 113536, "time": 1789709989.2710643, "cuda_visible_devices": "2", "allocated_gib": 5.225533962249756, "reserved_gib": 8.041015625, "peak_allocated_gib": 7.100478649139404, "gpu_time_budget": null, "module": "model.layers.5.mlp.down_proj", "step": 6528}
{"stage": "sequential-round-coordinate", "pid": 113536, "time": 1789709990.16, "cuda_visible_devices": "2", "allocated_gib": 5.225533962249756, "reserved_gib": 8.041015625, "peak_allocated_gib": 7.100478649139404, "gpu_time_budget": null, "module": "model.layers.5.mlp.down_proj", "step": 6656}
{"stage": "sequential-round-coordinate", "pid": 113536, "time": 1789709991.049359, "cuda_visible_devices": "2", "allocated_gib": 5.225533962249756, "reserved_gib": 8.041015625, "peak_allocated_gib": 7.100478649139404, "gpu_time_budget": null, "module": "model.layers.5.mlp.down_proj", "step": 6784}
{"stage": "sequential-round-coordinate", "pid": 113536, "time": 1789709991.9409194, "cuda_visible_devices": "2", "allocated_gib": 5.225533962249756, "reserved_gib": 8.041015625, "peak_allocated_gib": 7.100478649139404, "gpu_time_budget": null, "module": "model.layers.5.mlp.down_proj", "step": 6912}
{"stage": "sequential-round-coordinate", "pid": 113536, "time": 1789709992.830459, "cuda_visible_devices": "2", "allocated_gib": 5.225533962249756, "reserved_gib": 8.041015625, "peak_allocated_gib": 7.100478649139404, "gpu_time_budget": null, "module": "model.layers.5.mlp.down_proj", "step": 7040}
{"stage": "sequential-round-coordinate", "pid": 113536, "time": 1789709993.7203155, "cuda_visible_devices": "2", "allocated_gib": 5.225533962249756, "reserved_gib": 8.041015625, "peak_allocated_gib": 7.100478649139404, "gpu_time_budget": null, "module": "model.layers.5.mlp.down_proj", "step": 7168}
{"stage": "sequential-round-coordinate", "pid": 113536, "time": 1789709994.610812, "cuda_visible_devices": "2", "allocated_gib": 5.225533962249756, "reserved_gib": 8.041015625, "peak_allocated_gib": 7.100478649139404, "gpu_time_budget": null, "module": "model.layers.5.mlp.down_proj", "step": 7296}
{"stage": "sequential-round-coordinate", "pid": 113536, "time": 1789709995.4997497, "cuda_visible_devices": "2", "allocated_gib": 5.225533962249756, "reserved_gib": 8.041015625, "peak_allocated_gib": 7.100478649139404, "gpu_time_budget": null, "module": "model.layers.5.mlp.down_proj", "step": 7424}
{"stage": "sequential-round-coordinate", "pid": 113536, "time": 1789709996.3885467, "cuda_visible_devices": "2", "allocated_gib": 5.225533962249756, "reserved_gib": 8.041015625, "peak_allocated_gib": 7.100478649139404, "gpu_time_budget": null, "module": "model.layers.5.mlp.down_proj", "step": 7552}
{"stage": "sequential-round-coordinate", "pid": 113536, "time": 1789709997.276771, "cuda_visible_devices": "2", "allocated_gib": 5.225533962249756, "reserved_gib": 8.041015625, "peak_allocated_gib": 7.100478649139404, "gpu_time_budget": null, "module": "model.layers.5.mlp.down_proj", "step": 7680}
{"stage": "sequential-round-coordinate", "pid": 113536, "time": 1789709998.1651313, "cuda_visible_devices": "2", "allocated_gib": 5.225533962249756, "reserved_gib": 8.041015625, "peak_allocated_gib": 7.100478649139404, "gpu_time_budget": null, "module": "model.layers.5.mlp.down_proj", "step": 7808}
{"stage": "sequential-round-coordinate", "pid": 113536, "time": 1789709999.0536983, "cuda_visible_devices": "2", "allocated_gib": 5.225533962249756, "reserved_gib": 8.041015625, "peak_allocated_gib": 7.100478649139404, "gpu_time_budget": null, "module": "model.layers.5.mlp.down_proj", "step": 7936}
{"stage": "sequential-round-coordinate", "pid": 113536, "time": 1789709999.945725, "cuda_visible_devices": "2", "allocated_gib": 5.225533962249756, "reserved_gib": 8.041015625, "peak_allocated_gib": 7.100478649139404, "gpu_time_budget": null, "module": "model.layers.5.mlp.down_proj", "step": 8064}
{"stage": "sequential-round-coordinate", "pid": 113536, "time": 1789710000.914613, "cuda_visible_devices": "2", "allocated_gib": 5.225533962249756, "reserved_gib": 8.041015625, "peak_allocated_gib": 7.100478649139404, "gpu_time_budget": null, "module": "model.layers.5.mlp.down_proj", "step": 8192}
{"stage": "sequential-round-train-nll", "pid": 113536, "time": 1789710000.9615738, "cuda_visible_devices": "2", "allocated_gib": 3.795783519744873, "reserved_gib": 3.80078125, "peak_allocated_gib": 7.100478649139404, "gpu_time_budget": null, "module": "model.layers.5.mlp.down_proj", "step": 512}
Evaluation segment 1/1: start=0, windows=8, seqlen=2048
{"stage": "sequential-round-train-nll", "pid": 113536, "time": 1789710006.2473035, "cuda_visible_devices": "2", "allocated_gib": 3.795783519744873, "reserved_gib": 5.791015625, "peak_allocated_gib": 7.100478649139404, "gpu_time_budget": null, "module": "model.layers.5.mlp.down_proj", "step": 2048}
Evaluation segment 1/1: start=0, windows=8, seqlen=2048
{"stage": "sequential-round-train-nll", "pid": 113536, "time": 1789710011.5132253, "cuda_visible_devices": "2", "allocated_gib": 3.795783519744873, "reserved_gib": 5.791015625, "peak_allocated_gib": 7.100478649139404, "gpu_time_budget": null, "module": "model.layers.5.mlp.down_proj", "step": 8192}
Evaluation segment 1/1: start=0, windows=8, seqlen=2048
{"stage": "sequential-module-completed", "pid": 113536, "time": 1789710016.81197, "cuda_visible_devices": "2", "allocated_gib": 3.795783519744873, "reserved_gib": 5.791015625, "peak_allocated_gib": 7.100478649139404, "gpu_time_budget": null, "module": "model.layers.5.mlp.down_proj", "completed": 6, "total": 28, "selected_train_nll": 2.8299067114719167, "elapsed_seconds": 358.24627002095804}
{"stage": "sequential-round-fit", "pid": 113536, "time": 1789710020.4642422, "cuda_visible_devices": "2", "allocated_gib": 3.795783519744873, "reserved_gib": 5.791015625, "peak_allocated_gib": 7.100478649139404, "gpu_time_budget": null, "module": "model.layers.6.mlp.down_proj", "fit_rows": 49152, "heldout_rows": 16384}
{"stage": "sequential-round-coordinate", "pid": 113536, "time": 1789710021.6899993, "cuda_visible_devices": "2", "allocated_gib": 5.225533962249756, "reserved_gib": 8.041015625, "peak_allocated_gib": 7.100478649139404, "gpu_time_budget": null, "module": "model.layers.6.mlp.down_proj", "step": 128}
{"stage": "sequential-round-coordinate", "pid": 113536, "time": 1789710022.5792232, "cuda_visible_devices": "2", "allocated_gib": 5.225533962249756, "reserved_gib": 8.041015625, "peak_allocated_gib": 7.100478649139404, "gpu_time_budget": null, "module": "model.layers.6.mlp.down_proj", "step": 256}
{"stage": "sequential-round-coordinate", "pid": 113536, "time": 1789710023.468177, "cuda_visible_devices": "2", "allocated_gib": 5.225533962249756, "reserved_gib": 8.041015625, "peak_allocated_gib": 7.100478649139404, "gpu_time_budget": null, "module": "model.layers.6.mlp.down_proj", "step": 384}
{"stage": "sequential-round-coordinate", "pid": 113536, "time": 1789710024.4408336, "cuda_visible_devices": "2", "allocated_gib": 5.225533962249756, "reserved_gib": 8.041015625, "peak_allocated_gib": 7.100478649139404, "gpu_time_budget": null, "module": "model.layers.6.mlp.down_proj", "step": 512}
{"stage": "sequential-round-coordinate", "pid": 113536, "time": 1789710025.3288503, "cuda_visible_devices": "2", "allocated_gib": 5.225533962249756, "reserved_gib": 8.041015625, "peak_allocated_gib": 7.100478649139404, "gpu_time_budget": null, "module": "model.layers.6.mlp.down_proj", "step": 640}
{"stage": "sequential-round-coordinate", "pid": 113536, "time": 1789710026.2182193, "cuda_visible_devices": "2", "allocated_gib": 5.225533962249756, "reserved_gib": 8.041015625, "peak_allocated_gib": 7.100478649139404, "gpu_time_budget": null, "module": "model.layers.6.mlp.down_proj", "step": 768}
{"stage": "sequential-round-coordinate", "pid": 113536, "time": 1789710027.1074152, "cuda_visible_devices": "2", "allocated_gib": 5.225533962249756, "reserved_gib": 8.041015625, "peak_allocated_gib": 7.100478649139404, "gpu_time_budget": null, "module": "model.layers.6.mlp.down_proj", "step": 896}
{"stage": "sequential-round-coordinate", "pid": 113536, "time": 1789710027.9985502, "cuda_visible_devices": "2", "allocated_gib": 5.225533962249756, "reserved_gib": 8.041015625, "peak_allocated_gib": 7.100478649139404, "gpu_time_budget": null, "module": "model.layers.6.mlp.down_proj", "step": 1024}
{"stage": "sequential-round-coordinate", "pid": 113536, "time": 1789710028.8870485, "cuda_visible_devices": "2", "allocated_gib": 5.225533962249756, "reserved_gib": 8.041015625, "peak_allocated_gib": 7.100478649139404, "gpu_time_budget": null, "module": "model.layers.6.mlp.down_proj", "step": 1152}
{"stage": "sequential-round-coordinate", "pid": 113536, "time": 1789710029.7766802, "cuda_visible_devices": "2", "allocated_gib": 5.225533962249756, "reserved_gib": 8.041015625, "peak_allocated_gib": 7.100478649139404, "gpu_time_budget": null, "module": "model.layers.6.mlp.down_proj", "step": 1280}
{"stage": "sequential-round-coordinate", "pid": 113536, "time": 1789710030.666565, "cuda_visible_devices": "2", "allocated_gib": 5.225533962249756, "reserved_gib": 8.041015625, "peak_allocated_gib": 7.100478649139404, "gpu_time_budget": null, "module": "model.layers.6.mlp.down_proj", "step": 1408}
{"stage": "sequential-round-coordinate", "pid": 113536, "time": 1789710031.5521889, "cuda_visible_devices": "2", "allocated_gib": 5.225533962249756, "reserved_gib": 8.041015625, "peak_allocated_gib": 7.100478649139404, "gpu_time_budget": null, "module": "model.layers.6.mlp.down_proj", "step": 1536}
{"stage": "sequential-round-coordinate", "pid": 113536, "time": 1789710032.439984, "cuda_visible_devices": "2", "allocated_gib": 5.225533962249756, "reserved_gib": 8.041015625, "peak_allocated_gib": 7.100478649139404, "gpu_time_budget": null, "module": "model.layers.6.mlp.down_proj", "step": 1664}
{"stage": "sequential-round-coordinate", "pid": 113536, "time": 1789710033.3319228, "cuda_visible_devices": "2", "allocated_gib": 5.225533962249756, "reserved_gib": 8.041015625, "peak_allocated_gib": 7.100478649139404, "gpu_time_budget": null, "module": "model.layers.6.mlp.down_proj", "step": 1792}
{"stage": "sequential-round-coordinate", "pid": 113536, "time": 1789710034.2019453, "cuda_visible_devices": "2", "allocated_gib": 5.225533962249756, "reserved_gib": 8.041015625, "peak_allocated_gib": 7.100478649139404, "gpu_time_budget": null, "module": "model.layers.6.mlp.down_proj", "step": 1920}
{"stage": "sequential-round-coordinate", "pid": 113536, "time": 1789710034.9394526, "cuda_visible_devices": "2", "allocated_gib": 5.225533962249756, "reserved_gib": 8.041015625, "peak_allocated_gib": 7.100478649139404, "gpu_time_budget": null, "module": "model.layers.6.mlp.down_proj", "step": 2048}
{"stage": "sequential-round-coordinate", "pid": 113536, "time": 1789710035.6317325, "cuda_visible_devices": "2", "allocated_gib": 5.225533962249756, "reserved_gib": 8.041015625, "peak_allocated_gib": 7.100478649139404, "gpu_time_budget": null, "module": "model.layers.6.mlp.down_proj", "step": 2176}
{"stage": "sequential-round-coordinate", "pid": 113536, "time": 1789710036.3257596, "cuda_visible_devices": "2", "allocated_gib": 5.225533962249756, "reserved_gib": 8.041015625, "peak_allocated_gib": 7.100478649139404, "gpu_time_budget": null, "module": "model.layers.6.mlp.down_proj", "step": 2304}
{"stage": "sequential-round-coordinate", "pid": 113536, "time": 1789710037.019694, "cuda_visible_devices": "2", "allocated_gib": 5.225533962249756, "reserved_gib": 8.041015625, "peak_allocated_gib": 7.100478649139404, "gpu_time_budget": null, "module": "model.layers.6.mlp.down_proj", "step": 2432}
{"stage": "sequential-round-coordinate", "pid": 113536, "time": 1789710037.7134278, "cuda_visible_devices": "2", "allocated_gib": 5.225533962249756, "reserved_gib": 8.041015625, "peak_allocated_gib": 7.100478649139404, "gpu_time_budget": null, "module": "model.layers.6.mlp.down_proj", "step": 2560}
{"stage": "sequential-round-coordinate", "pid": 113536, "time": 1789710038.444268, "cuda_visible_devices": "2", "allocated_gib": 5.225533962249756, "reserved_gib": 8.041015625, "peak_allocated_gib": 7.100478649139404, "gpu_time_budget": null, "module": "model.layers.6.mlp.down_proj", "step": 2688}
{"stage": "sequential-round-coordinate", "pid": 113536, "time": 1789710039.1761286, "cuda_visible_devices": "2", "allocated_gib": 5.225533962249756, "reserved_gib": 8.041015625, "peak_allocated_gib": 7.100478649139404, "gpu_time_budget": null, "module": "model.layers.6.mlp.down_proj", "step": 2816}
{"stage": "sequential-round-coordinate", "pid": 113536, "time": 1789710039.8275125, "cuda_visible_devices": "2", "allocated_gib": 5.225533962249756, "reserved_gib": 8.041015625, "peak_allocated_gib": 7.100478649139404, "gpu_time_budget": null, "module": "model.layers.6.mlp.down_proj", "step": 2944}
{"stage": "sequential-round-coordinate", "pid": 113536, "time": 1789710040.5429955, "cuda_visible_devices": "2", "allocated_gib": 5.225533962249756, "reserved_gib": 8.041015625, "peak_allocated_gib": 7.100478649139404, "gpu_time_budget": null, "module": "model.layers.6.mlp.down_proj", "step": 3072}
{"stage": "sequential-round-coordinate", "pid": 113536, "time": 1789710041.235353, "cuda_visible_devices": "2", "allocated_gib": 5.225533962249756, "reserved_gib": 8.041015625, "peak_allocated_gib": 7.100478649139404, "gpu_time_budget": null, "module": "model.layers.6.mlp.down_proj", "step": 3200}
{"stage": "sequential-round-coordinate", "pid": 113536, "time": 1789710041.926298, "cuda_visible_devices": "2", "allocated_gib": 5.225533962249756, "reserved_gib": 8.041015625, "peak_allocated_gib": 7.100478649139404, "gpu_time_budget": null, "module": "model.layers.6.mlp.down_proj", "step": 3328}
{"stage": "sequential-round-coordinate", "pid": 113536, "time": 1789710042.6176972, "cuda_visible_devices": "2", "allocated_gib": 5.225533962249756, "reserved_gib": 8.041015625, "peak_allocated_gib": 7.100478649139404, "gpu_time_budget": null, "module": "model.layers.6.mlp.down_proj", "step": 3456}
{"stage": "sequential-round-coordinate", "pid": 113536, "time": 1789710043.315044, "cuda_visible_devices": "2", "allocated_gib": 5.225533962249756, "reserved_gib": 8.041015625, "peak_allocated_gib": 7.100478649139404, "gpu_time_budget": null, "module": "model.layers.6.mlp.down_proj", "step": 3584}
{"stage": "sequential-round-coordinate", "pid": 113536, "time": 1789710044.0268126, "cuda_visible_devices": "2", "allocated_gib": 5.225533962249756, "reserved_gib": 8.041015625, "peak_allocated_gib": 7.100478649139404, "gpu_time_budget": null, "module": "model.layers.6.mlp.down_proj", "step": 3712}
{"stage": "sequential-round-coordinate", "pid": 113536, "time": 1789710044.6942208, "cuda_visible_devices": "2", "allocated_gib": 5.225533962249756, "reserved_gib": 8.041015625, "peak_allocated_gib": 7.100478649139404, "gpu_time_budget": null, "module": "model.layers.6.mlp.down_proj", "step": 3840}
{"stage": "sequential-round-coordinate", "pid": 113536, "time": 1789710045.4294827, "cuda_visible_devices": "2", "allocated_gib": 5.225533962249756, "reserved_gib": 8.041015625, "peak_allocated_gib": 7.100478649139404, "gpu_time_budget": null, "module": "model.layers.6.mlp.down_proj", "step": 3968}
{"stage": "sequential-round-coordinate", "pid": 113536, "time": 1789710046.1550932, "cuda_visible_devices": "2", "allocated_gib": 5.225533962249756, "reserved_gib": 8.041015625, "peak_allocated_gib": 7.100478649139404, "gpu_time_budget": null, "module": "model.layers.6.mlp.down_proj", "step": 4096}
{"stage": "sequential-round-coordinate", "pid": 113536, "time": 1789710046.8472087, "cuda_visible_devices": "2", "allocated_gib": 5.225533962249756, "reserved_gib": 8.041015625, "peak_allocated_gib": 7.100478649139404, "gpu_time_budget": null, "module": "model.layers.6.mlp.down_proj", "step": 4224}
{"stage": "sequential-round-coordinate", "pid": 113536, "time": 1789710047.5404706, "cuda_visible_devices": "2", "allocated_gib": 5.225533962249756, "reserved_gib": 8.041015625, "peak_allocated_gib": 7.100478649139404, "gpu_time_budget": null, "module": "model.layers.6.mlp.down_proj", "step": 4352}
{"stage": "sequential-round-coordinate", "pid": 113536, "time": 1789710048.2305121, "cuda_visible_devices": "2", "allocated_gib": 5.225533962249756, "reserved_gib": 8.041015625, "peak_allocated_gib": 7.100478649139404, "gpu_time_budget": null, "module": "model.layers.6.mlp.down_proj", "step": 4480}
{"stage": "sequential-round-coordinate", "pid": 113536, "time": 1789710048.9228935, "cuda_visible_devices": "2", "allocated_gib": 5.225533962249756, "reserved_gib": 8.041015625, "peak_allocated_gib": 7.100478649139404, "gpu_time_budget": null, "module": "model.layers.6.mlp.down_proj", "step": 4608}
{"stage": "sequential-round-coordinate", "pid": 113536, "time": 1789710049.5940046, "cuda_visible_devices": "2", "allocated_gib": 5.225533962249756, "reserved_gib": 8.041015625, "peak_allocated_gib": 7.100478649139404, "gpu_time_budget": null, "module": "model.layers.6.mlp.down_proj", "step": 4736}
{"stage": "sequential-round-coordinate", "pid": 113536, "time": 1789710050.1803455, "cuda_visible_devices": "2", "allocated_gib": 5.225533962249756, "reserved_gib": 8.041015625, "peak_allocated_gib": 7.100478649139404, "gpu_time_budget": null, "module": "model.layers.6.mlp.down_proj", "step": 4864}
{"stage": "sequential-round-coordinate", "pid": 113536, "time": 1789710050.7688837, "cuda_visible_devices": "2", "allocated_gib": 5.225533962249756, "reserved_gib": 8.041015625, "peak_allocated_gib": 7.100478649139404, "gpu_time_budget": null, "module": "model.layers.6.mlp.down_proj", "step": 4992}
{"stage": "sequential-round-coordinate", "pid": 113536, "time": 1789710051.3540437, "cuda_visible_devices": "2", "allocated_gib": 5.225533962249756, "reserved_gib": 8.041015625, "peak_allocated_gib": 7.100478649139404, "gpu_time_budget": null, "module": "model.layers.6.mlp.down_proj", "step": 5120}
{"stage": "sequential-round-coordinate", "pid": 113536, "time": 1789710051.939196, "cuda_visible_devices": "2", "allocated_gib": 5.225533962249756, "reserved_gib": 8.041015625, "peak_allocated_gib": 7.100478649139404, "gpu_time_budget": null, "module": "model.layers.6.mlp.down_proj", "step": 5248}
{"stage": "sequential-round-coordinate", "pid": 113536, "time": 1789710052.5168314, "cuda_visible_devices": "2", "allocated_gib": 5.225533962249756, "reserved_gib": 8.041015625, "peak_allocated_gib": 7.100478649139404, "gpu_time_budget": null, "module": "model.layers.6.mlp.down_proj", "step": 5376}
{"stage": "sequential-round-coordinate", "pid": 113536, "time": 1789710053.2955258, "cuda_visible_devices": "2", "allocated_gib": 5.225533962249756, "reserved_gib": 8.041015625, "peak_allocated_gib": 7.100478649139404, "gpu_time_budget": null, "module": "model.layers.6.mlp.down_proj", "step": 5504}
{"stage": "sequential-round-coordinate", "pid": 113536, "time": 1789710054.1862388, "cuda_visible_devices": "2", "allocated_gib": 5.225533962249756, "reserved_gib": 8.041015625, "peak_allocated_gib": 7.100478649139404, "gpu_time_budget": null, "module": "model.layers.6.mlp.down_proj", "step": 5632}
{"stage": "sequential-round-coordinate", "pid": 113536, "time": 1789710055.0738902, "cuda_visible_devices": "2", "allocated_gib": 5.225533962249756, "reserved_gib": 8.041015625, "peak_allocated_gib": 7.100478649139404, "gpu_time_budget": null, "module": "model.layers.6.mlp.down_proj", "step": 5760}
{"stage": "sequential-round-coordinate", "pid": 113536, "time": 1789710055.9724278, "cuda_visible_devices": "2", "allocated_gib": 5.225533962249756, "reserved_gib": 8.041015625, "peak_allocated_gib": 7.100478649139404, "gpu_time_budget": null, "module": "model.layers.6.mlp.down_proj", "step": 5888}
{"stage": "sequential-round-coordinate", "pid": 113536, "time": 1789710056.8497882, "cuda_visible_devices": "2", "allocated_gib": 5.225533962249756, "reserved_gib": 8.041015625, "peak_allocated_gib": 7.100478649139404, "gpu_time_budget": null, "module": "model.layers.6.mlp.down_proj", "step": 6016}
{"stage": "sequential-round-coordinate", "pid": 113536, "time": 1789710057.7394917, "cuda_visible_devices": "2", "allocated_gib": 5.225533962249756, "reserved_gib": 8.041015625, "peak_allocated_gib": 7.100478649139404, "gpu_time_budget": null, "module": "model.layers.6.mlp.down_proj", "step": 6144}
{"stage": "sequential-round-coordinate", "pid": 113536, "time": 1789710058.6298614, "cuda_visible_devices": "2", "allocated_gib": 5.225533962249756, "reserved_gib": 8.041015625, "peak_allocated_gib": 7.100478649139404, "gpu_time_budget": null, "module": "model.layers.6.mlp.down_proj", "step": 6272}
{"stage": "sequential-round-coordinate", "pid": 113536, "time": 1789710059.518517, "cuda_visible_devices": "2", "allocated_gib": 5.225533962249756, "reserved_gib": 8.041015625, "peak_allocated_gib": 7.100478649139404, "gpu_time_budget": null, "module": "model.layers.6.mlp.down_proj", "step": 6400}
{"stage": "sequential-round-coordinate", "pid": 113536, "time": 1789710060.406971, "cuda_visible_devices": "2", "allocated_gib": 5.225533962249756, "reserved_gib": 8.041015625, "peak_allocated_gib": 7.100478649139404, "gpu_time_budget": null, "module": "model.layers.6.mlp.down_proj", "step": 6528}
{"stage": "sequential-round-coordinate", "pid": 113536, "time": 1789710061.2956553, "cuda_visible_devices": "2", "allocated_gib": 5.225533962249756, "reserved_gib": 8.041015625, "peak_allocated_gib": 7.100478649139404, "gpu_time_budget": null, "module": "model.layers.6.mlp.down_proj", "step": 6656}
{"stage": "sequential-round-coordinate", "pid": 113536, "time": 1789710062.1848018, "cuda_visible_devices": "2", "allocated_gib": 5.225533962249756, "reserved_gib": 8.041015625, "peak_allocated_gib": 7.100478649139404, "gpu_time_budget": null, "module": "model.layers.6.mlp.down_proj", "step": 6784}
{"stage": "sequential-round-coordinate", "pid": 113536, "time": 1789710063.0732126, "cuda_visible_devices": "2", "allocated_gib": 5.225533962249756, "reserved_gib": 8.041015625, "peak_allocated_gib": 7.100478649139404, "gpu_time_budget": null, "module": "model.layers.6.mlp.down_proj", "step": 6912}
{"stage": "sequential-round-coordinate", "pid": 113536, "time": 1789710063.9617343, "cuda_visible_devices": "2", "allocated_gib": 5.225533962249756, "reserved_gib": 8.041015625, "peak_allocated_gib": 7.100478649139404, "gpu_time_budget": null, "module": "model.layers.6.mlp.down_proj", "step": 7040}
{"stage": "sequential-round-coordinate", "pid": 113536, "time": 1789710064.849314, "cuda_visible_devices": "2", "allocated_gib": 5.225533962249756, "reserved_gib": 8.041015625, "peak_allocated_gib": 7.100478649139404, "gpu_time_budget": null, "module": "model.layers.6.mlp.down_proj", "step": 7168}
{"stage": "sequential-round-coordinate", "pid": 113536, "time": 1789710065.7385893, "cuda_visible_devices": "2", "allocated_gib": 5.225533962249756, "reserved_gib": 8.041015625, "peak_allocated_gib": 7.100478649139404, "gpu_time_budget": null, "module": "model.layers.6.mlp.down_proj", "step": 7296}
{"stage": "sequential-round-coordinate", "pid": 113536, "time": 1789710066.6276283, "cuda_visible_devices": "2", "allocated_gib": 5.225533962249756, "reserved_gib": 8.041015625, "peak_allocated_gib": 7.100478649139404, "gpu_time_budget": null, "module": "model.layers.6.mlp.down_proj", "step": 7424}
{"stage": "sequential-round-coordinate", "pid": 113536, "time": 1789710067.5160835, "cuda_visible_devices": "2", "allocated_gib": 5.225533962249756, "reserved_gib": 8.041015625, "peak_allocated_gib": 7.100478649139404, "gpu_time_budget": null, "module": "model.layers.6.mlp.down_proj", "step": 7552}
{"stage": "sequential-round-coordinate", "pid": 113536, "time": 1789710068.406533, "cuda_visible_devices": "2", "allocated_gib": 5.225533962249756, "reserved_gib": 8.041015625, "peak_allocated_gib": 7.100478649139404, "gpu_time_budget": null, "module": "model.layers.6.mlp.down_proj", "step": 7680}
{"stage": "sequential-round-coordinate", "pid": 113536, "time": 1789710069.2954204, "cuda_visible_devices": "2", "allocated_gib": 5.225533962249756, "reserved_gib": 8.041015625, "peak_allocated_gib": 7.100478649139404, "gpu_time_budget": null, "module": "model.layers.6.mlp.down_proj", "step": 7808}
{"stage": "sequential-round-coordinate", "pid": 113536, "time": 1789710070.1847801, "cuda_visible_devices": "2", "allocated_gib": 5.225533962249756, "reserved_gib": 8.041015625, "peak_allocated_gib": 7.100478649139404, "gpu_time_budget": null, "module": "model.layers.6.mlp.down_proj", "step": 7936}
{"stage": "sequential-round-coordinate", "pid": 113536, "time": 1789710071.0699306, "cuda_visible_devices": "2", "allocated_gib": 5.225533962249756, "reserved_gib": 8.041015625, "peak_allocated_gib": 7.100478649139404, "gpu_time_budget": null, "module": "model.layers.6.mlp.down_proj", "step": 8064}
{"stage": "sequential-round-coordinate", "pid": 113536, "time": 1789710072.041113, "cuda_visible_devices": "2", "allocated_gib": 5.225533962249756, "reserved_gib": 8.041015625, "peak_allocated_gib": 7.100478649139404, "gpu_time_budget": null, "module": "model.layers.6.mlp.down_proj", "step": 8192}
{"stage": "sequential-round-train-nll", "pid": 113536, "time": 1789710072.0839505, "cuda_visible_devices": "2", "allocated_gib": 3.795783519744873, "reserved_gib": 3.80078125, "peak_allocated_gib": 7.100478649139404, "gpu_time_budget": null, "module": "model.layers.6.mlp.down_proj", "step": 512}
Evaluation segment 1/1: start=0, windows=8, seqlen=2048
{"stage": "sequential-round-train-nll", "pid": 113536, "time": 1789710077.354016, "cuda_visible_devices": "2", "allocated_gib": 3.795783519744873, "reserved_gib": 5.791015625, "peak_allocated_gib": 7.100478649139404, "gpu_time_budget": null, "module": "model.layers.6.mlp.down_proj", "step": 2048}
Evaluation segment 1/1: start=0, windows=8, seqlen=2048
{"stage": "sequential-round-train-nll", "pid": 113536, "time": 1789710082.630093, "cuda_visible_devices": "2", "allocated_gib": 3.795783519744873, "reserved_gib": 5.791015625, "peak_allocated_gib": 7.100478649139404, "gpu_time_budget": null, "module": "model.layers.6.mlp.down_proj", "step": 8192}
Evaluation segment 1/1: start=0, windows=8, seqlen=2048
{"stage": "sequential-module-completed", "pid": 113536, "time": 1789710087.9173372, "cuda_visible_devices": "2", "allocated_gib": 3.795783519744873, "reserved_gib": 5.791015625, "peak_allocated_gib": 7.100478649139404, "gpu_time_budget": null, "module": "model.layers.6.mlp.down_proj", "completed": 7, "total": 28, "selected_train_nll": 2.8299067114719167, "elapsed_seconds": 429.35163612803444}
{"stage": "sequential-round-fit", "pid": 113536, "time": 1789710091.9998832, "cuda_visible_devices": "2", "allocated_gib": 3.795783519744873, "reserved_gib": 5.791015625, "peak_allocated_gib": 7.100478649139404, "gpu_time_budget": null, "module": "model.layers.7.mlp.down_proj", "fit_rows": 49152, "heldout_rows": 16384}
{"stage": "sequential-round-coordinate", "pid": 113536, "time": 1789710093.1947873, "cuda_visible_devices": "2", "allocated_gib": 5.225533962249756, "reserved_gib": 8.041015625, "peak_allocated_gib": 7.100478649139404, "gpu_time_budget": null, "module": "model.layers.7.mlp.down_proj", "step": 128}
{"stage": "sequential-round-coordinate", "pid": 113536, "time": 1789710094.085598, "cuda_visible_devices": "2", "allocated_gib": 5.225533962249756, "reserved_gib": 8.041015625, "peak_allocated_gib": 7.100478649139404, "gpu_time_budget": null, "module": "model.layers.7.mlp.down_proj", "step": 256}
{"stage": "sequential-round-coordinate", "pid": 113536, "time": 1789710094.9709527, "cuda_visible_devices": "2", "allocated_gib": 5.225533962249756, "reserved_gib": 8.041015625, "peak_allocated_gib": 7.100478649139404, "gpu_time_budget": null, "module": "model.layers.7.mlp.down_proj", "step": 384}
{"stage": "sequential-round-coordinate", "pid": 113536, "time": 1789710095.9398854, "cuda_visible_devices": "2", "allocated_gib": 5.225533962249756, "reserved_gib": 8.041015625, "peak_allocated_gib": 7.100478649139404, "gpu_time_budget": null, "module": "model.layers.7.mlp.down_proj", "step": 512}
{"stage": "sequential-round-coordinate", "pid": 113536, "time": 1789710096.8296635, "cuda_visible_devices": "2", "allocated_gib": 5.225533962249756, "reserved_gib": 8.041015625, "peak_allocated_gib": 7.100478649139404, "gpu_time_budget": null, "module": "model.layers.7.mlp.down_proj", "step": 640}
{"stage": "sequential-round-coordinate", "pid": 113536, "time": 1789710097.7211971, "cuda_visible_devices": "2", "allocated_gib": 5.225533962249756, "reserved_gib": 8.041015625, "peak_allocated_gib": 7.100478649139404, "gpu_time_budget": null, "module": "model.layers.7.mlp.down_proj", "step": 768}
{"stage": "sequential-round-coordinate", "pid": 113536, "time": 1789710098.6092298, "cuda_visible_devices": "2", "allocated_gib": 5.225533962249756, "reserved_gib": 8.041015625, "peak_allocated_gib": 7.100478649139404, "gpu_time_budget": null, "module": "model.layers.7.mlp.down_proj", "step": 896}
{"stage": "sequential-round-coordinate", "pid": 113536, "time": 1789710099.4981227, "cuda_visible_devices": "2", "allocated_gib": 5.225533962249756, "reserved_gib": 8.041015625, "peak_allocated_gib": 7.100478649139404, "gpu_time_budget": null, "module": "model.layers.7.mlp.down_proj", "step": 1024}
{"stage": "sequential-round-coordinate", "pid": 113536, "time": 1789710100.387232, "cuda_visible_devices": "2", "allocated_gib": 5.225533962249756, "reserved_gib": 8.041015625, "peak_allocated_gib": 7.100478649139404, "gpu_time_budget": null, "module": "model.layers.7.mlp.down_proj", "step": 1152}
{"stage": "sequential-round-coordinate", "pid": 113536, "time": 1789710101.2776833, "cuda_visible_devices": "2", "allocated_gib": 5.225533962249756, "reserved_gib": 8.041015625, "peak_allocated_gib": 7.100478649139404, "gpu_time_budget": null, "module": "model.layers.7.mlp.down_proj", "step": 1280}
{"stage": "sequential-round-coordinate", "pid": 113536, "time": 1789710102.0395174, "cuda_visible_devices": "2", "allocated_gib": 5.225533962249756, "reserved_gib": 8.041015625, "peak_allocated_gib": 7.100478649139404, "gpu_time_budget": null, "module": "model.layers.7.mlp.down_proj", "step": 1408}
{"stage": "sequential-round-coordinate", "pid": 113536, "time": 1789710102.731093, "cuda_visible_devices": "2", "allocated_gib": 5.225533962249756, "reserved_gib": 8.041015625, "peak_allocated_gib": 7.100478649139404, "gpu_time_budget": null, "module": "model.layers.7.mlp.down_proj", "step": 1536}
{"stage": "sequential-round-coordinate", "pid": 113536, "time": 1789710103.4232123, "cuda_visible_devices": "2", "allocated_gib": 5.225533962249756, "reserved_gib": 8.041015625, "peak_allocated_gib": 7.100478649139404, "gpu_time_budget": null, "module": "model.layers.7.mlp.down_proj", "step": 1664}
{"stage": "sequential-round-coordinate", "pid": 113536, "time": 1789710104.1141357, "cuda_visible_devices": "2", "allocated_gib": 5.225533962249756, "reserved_gib": 8.041015625, "peak_allocated_gib": 7.100478649139404, "gpu_time_budget": null, "module": "model.layers.7.mlp.down_proj", "step": 1792}
{"stage": "sequential-round-coordinate", "pid": 113536, "time": 1789710104.8081598, "cuda_visible_devices": "2", "allocated_gib": 5.225533962249756, "reserved_gib": 8.041015625, "peak_allocated_gib": 7.100478649139404, "gpu_time_budget": null, "module": "model.layers.7.mlp.down_proj", "step": 1920}
{"stage": "sequential-round-coordinate", "pid": 113536, "time": 1789710105.6277964, "cuda_visible_devices": "2", "allocated_gib": 5.225533962249756, "reserved_gib": 8.041015625, "peak_allocated_gib": 7.100478649139404, "gpu_time_budget": null, "module": "model.layers.7.mlp.down_proj", "step": 2048}
{"stage": "sequential-round-coordinate", "pid": 113536, "time": 1789710106.3379805, "cuda_visible_devices": "2", "allocated_gib": 5.225533962249756, "reserved_gib": 8.041015625, "peak_allocated_gib": 7.100478649139404, "gpu_time_budget": null, "module": "model.layers.7.mlp.down_proj", "step": 2176}
{"stage": "sequential-round-coordinate", "pid": 113536, "time": 1789710107.006991, "cuda_visible_devices": "2", "allocated_gib": 5.225533962249756, "reserved_gib": 8.041015625, "peak_allocated_gib": 7.100478649139404, "gpu_time_budget": null, "module": "model.layers.7.mlp.down_proj", "step": 2304}
{"stage": "sequential-round-coordinate", "pid": 113536, "time": 1789710107.697391, "cuda_visible_devices": "2", "allocated_gib": 5.225533962249756, "reserved_gib": 8.041015625, "peak_allocated_gib": 7.100478649139404, "gpu_time_budget": null, "module": "model.layers.7.mlp.down_proj", "step": 2432}
{"stage": "sequential-round-coordinate", "pid": 113536, "time": 1789710108.387444, "cuda_visible_devices": "2", "allocated_gib": 5.225533962249756, "reserved_gib": 8.041015625, "peak_allocated_gib": 7.100478649139404, "gpu_time_budget": null, "module": "model.layers.7.mlp.down_proj", "step": 2560}
{"stage": "sequential-round-coordinate", "pid": 113536, "time": 1789710109.077905, "cuda_visible_devices": "2", "allocated_gib": 5.225533962249756, "reserved_gib": 8.041015625, "peak_allocated_gib": 7.100478649139404, "gpu_time_budget": null, "module": "model.layers.7.mlp.down_proj", "step": 2688}
{"stage": "sequential-round-coordinate", "pid": 113536, "time": 1789710109.7687712, "cuda_visible_devices": "2", "allocated_gib": 5.225533962249756, "reserved_gib": 8.041015625, "peak_allocated_gib": 7.100478649139404, "gpu_time_budget": null, "module": "model.layers.7.mlp.down_proj", "step": 2816}
{"stage": "sequential-round-coordinate", "pid": 113536, "time": 1789710110.4592319, "cuda_visible_devices": "2", "allocated_gib": 5.225533962249756, "reserved_gib": 8.041015625, "peak_allocated_gib": 7.100478649139404, "gpu_time_budget": null, "module": "model.layers.7.mlp.down_proj", "step": 2944}
{"stage": "sequential-round-coordinate", "pid": 113536, "time": 1789710111.190951, "cuda_visible_devices": "2", "allocated_gib": 5.225533962249756, "reserved_gib": 8.041015625, "peak_allocated_gib": 7.100478649139404, "gpu_time_budget": null, "module": "model.layers.7.mlp.down_proj", "step": 3072}
{"stage": "sequential-round-coordinate", "pid": 113536, "time": 1789710111.922664, "cuda_visible_devices": "2", "allocated_gib": 5.225533962249756, "reserved_gib": 8.041015625, "peak_allocated_gib": 7.100478649139404, "gpu_time_budget": null, "module": "model.layers.7.mlp.down_proj", "step": 3200}
{"stage": "sequential-round-coordinate", "pid": 113536, "time": 1789710112.5817802, "cuda_visible_devices": "2", "allocated_gib": 5.225533962249756, "reserved_gib": 8.041015625, "peak_allocated_gib": 7.100478649139404, "gpu_time_budget": null, "module": "model.layers.7.mlp.down_proj", "step": 3328}
{"stage": "sequential-round-coordinate", "pid": 113536, "time": 1789710113.2937415, "cuda_visible_devices": "2", "allocated_gib": 5.225533962249756, "reserved_gib": 8.041015625, "peak_allocated_gib": 7.100478649139404, "gpu_time_budget": null, "module": "model.layers.7.mlp.down_proj", "step": 3456}
{"stage": "sequential-round-coordinate", "pid": 113536, "time": 1789710113.9860992, "cuda_visible_devices": "2", "allocated_gib": 5.225533962249756, "reserved_gib": 8.041015625, "peak_allocated_gib": 7.100478649139404, "gpu_time_budget": null, "module": "model.layers.7.mlp.down_proj", "step": 3584}
{"stage": "sequential-round-coordinate", "pid": 113536, "time": 1789710114.6772192, "cuda_visible_devices": "2", "allocated_gib": 5.225533962249756, "reserved_gib": 8.041015625, "peak_allocated_gib": 7.100478649139404, "gpu_time_budget": null, "module": "model.layers.7.mlp.down_proj", "step": 3712}
{"stage": "sequential-round-coordinate", "pid": 113536, "time": 1789710115.368288, "cuda_visible_devices": "2", "allocated_gib": 5.225533962249756, "reserved_gib": 8.041015625, "peak_allocated_gib": 7.100478649139404, "gpu_time_budget": null, "module": "model.layers.7.mlp.down_proj", "step": 3840}
{"stage": "sequential-round-coordinate", "pid": 113536, "time": 1789710116.0593164, "cuda_visible_devices": "2", "allocated_gib": 5.225533962249756, "reserved_gib": 8.041015625, "peak_allocated_gib": 7.100478649139404, "gpu_time_budget": null, "module": "model.layers.7.mlp.down_proj", "step": 3968}
{"stage": "sequential-round-coordinate", "pid": 113536, "time": 1789710116.750452, "cuda_visible_devices": "2", "allocated_gib": 5.225533962249756, "reserved_gib": 8.041015625, "peak_allocated_gib": 7.100478649139404, "gpu_time_budget": null, "module": "model.layers.7.mlp.down_proj", "step": 4096}
{"stage": "sequential-round-coordinate", "pid": 113536, "time": 1789710117.4062216, "cuda_visible_devices": "2", "allocated_gib": 5.225533962249756, "reserved_gib": 8.041015625, "peak_allocated_gib": 7.100478649139404, "gpu_time_budget": null, "module": "model.layers.7.mlp.down_proj", "step": 4224}
{"stage": "sequential-round-coordinate", "pid": 113536, "time": 1789710117.993625, "cuda_visible_devices": "2", "allocated_gib": 5.225533962249756, "reserved_gib": 8.041015625, "peak_allocated_gib": 7.100478649139404, "gpu_time_budget": null, "module": "model.layers.7.mlp.down_proj", "step": 4352}
{"stage": "sequential-round-coordinate", "pid": 113536, "time": 1789710118.5809808, "cuda_visible_devices": "2", "allocated_gib": 5.225533962249756, "reserved_gib": 8.041015625, "peak_allocated_gib": 7.100478649139404, "gpu_time_budget": null, "module": "model.layers.7.mlp.down_proj", "step": 4480}
{"stage": "sequential-round-coordinate", "pid": 113536, "time": 1789710119.168231, "cuda_visible_devices": "2", "allocated_gib": 5.225533962249756, "reserved_gib": 8.041015625, "peak_allocated_gib": 7.100478649139404, "gpu_time_budget": null, "module": "model.layers.7.mlp.down_proj", "step": 4608}
{"stage": "sequential-round-coordinate", "pid": 113536, "time": 1789710119.7565184, "cuda_visible_devices": "2", "allocated_gib": 5.225533962249756, "reserved_gib": 8.041015625, "peak_allocated_gib": 7.100478649139404, "gpu_time_budget": null, "module": "model.layers.7.mlp.down_proj", "step": 4736}
{"stage": "sequential-round-coordinate", "pid": 113536, "time": 1789710120.3344533, "cuda_visible_devices": "2", "allocated_gib": 5.225533962249756, "reserved_gib": 8.041015625, "peak_allocated_gib": 7.100478649139404, "gpu_time_budget": null, "module": "model.layers.7.mlp.down_proj", "step": 4864}
{"stage": "sequential-round-coordinate", "pid": 113536, "time": 1789710120.8780334, "cuda_visible_devices": "2", "allocated_gib": 5.225533962249756, "reserved_gib": 8.041015625, "peak_allocated_gib": 7.100478649139404, "gpu_time_budget": null, "module": "model.layers.7.mlp.down_proj", "step": 4992}
{"stage": "sequential-round-coordinate", "pid": 113536, "time": 1789710121.7606544, "cuda_visible_devices": "2", "allocated_gib": 5.225533962249756, "reserved_gib": 8.041015625, "peak_allocated_gib": 7.100478649139404, "gpu_time_budget": null, "module": "model.layers.7.mlp.down_proj", "step": 5120}
{"stage": "sequential-round-coordinate", "pid": 113536, "time": 1789710122.6506543, "cuda_visible_devices": "2", "allocated_gib": 5.225533962249756, "reserved_gib": 8.041015625, "peak_allocated_gib": 7.100478649139404, "gpu_time_budget": null, "module": "model.layers.7.mlp.down_proj", "step": 5248}
{"stage": "sequential-round-coordinate", "pid": 113536, "time": 1789710123.5428808, "cuda_visible_devices": "2", "allocated_gib": 5.225533962249756, "reserved_gib": 8.041015625, "peak_allocated_gib": 7.100478649139404, "gpu_time_budget": null, "module": "model.layers.7.mlp.down_proj", "step": 5376}
{"stage": "sequential-round-coordinate", "pid": 113536, "time": 1789710124.4315143, "cuda_visible_devices": "2", "allocated_gib": 5.225533962249756, "reserved_gib": 8.041015625, "peak_allocated_gib": 7.100478649139404, "gpu_time_budget": null, "module": "model.layers.7.mlp.down_proj", "step": 5504}
{"stage": "sequential-round-coordinate", "pid": 113536, "time": 1789710125.3264053, "cuda_visible_devices": "2", "allocated_gib": 5.225533962249756, "reserved_gib": 8.041015625, "peak_allocated_gib": 7.100478649139404, "gpu_time_budget": null, "module": "model.layers.7.mlp.down_proj", "step": 5632}
{"stage": "sequential-round-coordinate", "pid": 113536, "time": 1789710126.2158215, "cuda_visible_devices": "2", "allocated_gib": 5.225533962249756, "reserved_gib": 8.041015625, "peak_allocated_gib": 7.100478649139404, "gpu_time_budget": null, "module": "model.layers.7.mlp.down_proj", "step": 5760}
{"stage": "sequential-round-coordinate", "pid": 113536, "time": 1789710127.1000113, "cuda_visible_devices": "2", "allocated_gib": 5.225533962249756, "reserved_gib": 8.041015625, "peak_allocated_gib": 7.100478649139404, "gpu_time_budget": null, "module": "model.layers.7.mlp.down_proj", "step": 5888}
{"stage": "sequential-round-coordinate", "pid": 113536, "time": 1789710127.988224, "cuda_visible_devices": "2", "allocated_gib": 5.225533962249756, "reserved_gib": 8.041015625, "peak_allocated_gib": 7.100478649139404, "gpu_time_budget": null, "module": "model.layers.7.mlp.down_proj", "step": 6016}
{"stage": "sequential-round-coordinate", "pid": 113536, "time": 1789710128.877179, "cuda_visible_devices": "2", "allocated_gib": 5.225533962249756, "reserved_gib": 8.041015625, "peak_allocated_gib": 7.100478649139404, "gpu_time_budget": null, "module": "model.layers.7.mlp.down_proj", "step": 6144}
{"stage": "sequential-round-coordinate", "pid": 113536, "time": 1789710129.7661667, "cuda_visible_devices": "2", "allocated_gib": 5.225533962249756, "reserved_gib": 8.041015625, "peak_allocated_gib": 7.100478649139404, "gpu_time_budget": null, "module": "model.layers.7.mlp.down_proj", "step": 6272}
{"stage": "sequential-round-coordinate", "pid": 113536, "time": 1789710130.6545887, "cuda_visible_devices": "2", "allocated_gib": 5.225533962249756, "reserved_gib": 8.041015625, "peak_allocated_gib": 7.100478649139404, "gpu_time_budget": null, "module": "model.layers.7.mlp.down_proj", "step": 6400}
{"stage": "sequential-round-coordinate", "pid": 113536, "time": 1789710131.5418766, "cuda_visible_devices": "2", "allocated_gib": 5.225533962249756, "reserved_gib": 8.041015625, "peak_allocated_gib": 7.100478649139404, "gpu_time_budget": null, "module": "model.layers.7.mlp.down_proj", "step": 6528}
{"stage": "sequential-round-coordinate", "pid": 113536, "time": 1789710132.4303818, "cuda_visible_devices": "2", "allocated_gib": 5.225533962249756, "reserved_gib": 8.041015625, "peak_allocated_gib": 7.100478649139404, "gpu_time_budget": null, "module": "model.layers.7.mlp.down_proj", "step": 6656}
{"stage": "sequential-round-coordinate", "pid": 113536, "time": 1789710133.3195238, "cuda_visible_devices": "2", "allocated_gib": 5.225533962249756, "reserved_gib": 8.041015625, "peak_allocated_gib": 7.100478649139404, "gpu_time_budget": null, "module": "model.layers.7.mlp.down_proj", "step": 6784}
{"stage": "sequential-round-coordinate", "pid": 113536, "time": 1789710134.2058635, "cuda_visible_devices": "2", "allocated_gib": 5.225533962249756, "reserved_gib": 8.041015625, "peak_allocated_gib": 7.100478649139404, "gpu_time_budget": null, "module": "model.layers.7.mlp.down_proj", "step": 6912}
{"stage": "sequential-round-coordinate", "pid": 113536, "time": 1789710135.0938954, "cuda_visible_devices": "2", "allocated_gib": 5.225533962249756, "reserved_gib": 8.041015625, "peak_allocated_gib": 7.100478649139404, "gpu_time_budget": null, "module": "model.layers.7.mlp.down_proj", "step": 7040}
{"stage": "sequential-round-coordinate", "pid": 113536, "time": 1789710135.9875858, "cuda_visible_devices": "2", "allocated_gib": 5.225533962249756, "reserved_gib": 8.041015625, "peak_allocated_gib": 7.100478649139404, "gpu_time_budget": null, "module": "model.layers.7.mlp.down_proj", "step": 7168}
{"stage": "sequential-round-coordinate", "pid": 113536, "time": 1789710136.8769374, "cuda_visible_devices": "2", "allocated_gib": 5.225533962249756, "reserved_gib": 8.041015625, "peak_allocated_gib": 7.100478649139404, "gpu_time_budget": null, "module": "model.layers.7.mlp.down_proj", "step": 7296}
{"stage": "sequential-round-coordinate", "pid": 113536, "time": 1789710137.7679217, "cuda_visible_devices": "2", "allocated_gib": 5.225533962249756, "reserved_gib": 8.041015625, "peak_allocated_gib": 7.100478649139404, "gpu_time_budget": null, "module": "model.layers.7.mlp.down_proj", "step": 7424}
{"stage": "sequential-round-coordinate", "pid": 113536, "time": 1789710138.6567175, "cuda_visible_devices": "2", "allocated_gib": 5.225533962249756, "reserved_gib": 8.041015625, "peak_allocated_gib": 7.100478649139404, "gpu_time_budget": null, "module": "model.layers.7.mlp.down_proj", "step": 7552}
{"stage": "sequential-round-coordinate", "pid": 113536, "time": 1789710139.5456784, "cuda_visible_devices": "2", "allocated_gib": 5.225533962249756, "reserved_gib": 8.041015625, "peak_allocated_gib": 7.100478649139404, "gpu_time_budget": null, "module": "model.layers.7.mlp.down_proj", "step": 7680}
{"stage": "sequential-round-coordinate", "pid": 113536, "time": 1789710140.4350917, "cuda_visible_devices": "2", "allocated_gib": 5.225533962249756, "reserved_gib": 8.041015625, "peak_allocated_gib": 7.100478649139404, "gpu_time_budget": null, "module": "model.layers.7.mlp.down_proj", "step": 7808}
{"stage": "sequential-round-coordinate", "pid": 113536, "time": 1789710141.3327568, "cuda_visible_devices": "2", "allocated_gib": 5.225533962249756, "reserved_gib": 8.041015625, "peak_allocated_gib": 7.100478649139404, "gpu_time_budget": null, "module": "model.layers.7.mlp.down_proj", "step": 7936}
{"stage": "sequential-round-coordinate", "pid": 113536, "time": 1789710142.2253673, "cuda_visible_devices": "2", "allocated_gib": 5.225533962249756, "reserved_gib": 8.041015625, "peak_allocated_gib": 7.100478649139404, "gpu_time_budget": null, "module": "model.layers.7.mlp.down_proj", "step": 8064}
{"stage": "sequential-round-coordinate", "pid": 113536, "time": 1789710143.196325, "cuda_visible_devices": "2", "allocated_gib": 5.225533962249756, "reserved_gib": 8.041015625, "peak_allocated_gib": 7.100478649139404, "gpu_time_budget": null, "module": "model.layers.7.mlp.down_proj", "step": 8192}
{"stage": "sequential-round-train-nll", "pid": 113536, "time": 1789710143.2363627, "cuda_visible_devices": "2", "allocated_gib": 3.795783519744873, "reserved_gib": 3.80078125, "peak_allocated_gib": 7.100478649139404, "gpu_time_budget": null, "module": "model.layers.7.mlp.down_proj", "step": 512}
Evaluation segment 1/1: start=0, windows=8, seqlen=2048
{"stage": "sequential-round-train-nll", "pid": 113536, "time": 1789710148.514428, "cuda_visible_devices": "2", "allocated_gib": 3.795783519744873, "reserved_gib": 5.791015625, "peak_allocated_gib": 7.100478649139404, "gpu_time_budget": null, "module": "model.layers.7.mlp.down_proj", "step": 2048}
Evaluation segment 1/1: start=0, windows=8, seqlen=2048
{"stage": "sequential-round-train-nll", "pid": 113536, "time": 1789710153.7850158, "cuda_visible_devices": "2", "allocated_gib": 3.795783519744873, "reserved_gib": 5.791015625, "peak_allocated_gib": 7.100478649139404, "gpu_time_budget": null, "module": "model.layers.7.mlp.down_proj", "step": 8192}
Evaluation segment 1/1: start=0, windows=8, seqlen=2048
{"stage": "sequential-module-completed", "pid": 113536, "time": 1789710159.1556673, "cuda_visible_devices": "2", "allocated_gib": 3.795783519744873, "reserved_gib": 5.791015625, "peak_allocated_gib": 7.100478649139404, "gpu_time_budget": null, "module": "model.layers.7.mlp.down_proj", "completed": 8, "total": 28, "selected_train_nll": 2.8299067114719167, "elapsed_seconds": 500.5899659510469}
{"stage": "sequential-round-fit", "pid": 113536, "time": 1789710163.7424445, "cuda_visible_devices": "2", "allocated_gib": 3.795783519744873, "reserved_gib": 5.791015625, "peak_allocated_gib": 7.100478649139404, "gpu_time_budget": null, "module": "model.layers.8.mlp.down_proj", "fit_rows": 49152, "heldout_rows": 16384}
{"stage": "sequential-round-coordinate", "pid": 113536, "time": 1789710164.933638, "cuda_visible_devices": "2", "allocated_gib": 5.225533962249756, "reserved_gib": 8.041015625, "peak_allocated_gib": 7.100478649139404, "gpu_time_budget": null, "module": "model.layers.8.mlp.down_proj", "step": 128}
{"stage": "sequential-round-coordinate", "pid": 113536, "time": 1789710165.818481, "cuda_visible_devices": "2", "allocated_gib": 5.225533962249756, "reserved_gib": 8.041015625, "peak_allocated_gib": 7.100478649139404, "gpu_time_budget": null, "module": "model.layers.8.mlp.down_proj", "step": 256}
{"stage": "sequential-round-coordinate", "pid": 113536, "time": 1789710166.7039793, "cuda_visible_devices": "2", "allocated_gib": 5.225533962249756, "reserved_gib": 8.041015625, "peak_allocated_gib": 7.100478649139404, "gpu_time_budget": null, "module": "model.layers.8.mlp.down_proj", "step": 384}
{"stage": "sequential-round-coordinate", "pid": 113536, "time": 1789710167.670786, "cuda_visible_devices": "2", "allocated_gib": 5.225533962249756, "reserved_gib": 8.041015625, "peak_allocated_gib": 7.100478649139404, "gpu_time_budget": null, "module": "model.layers.8.mlp.down_proj", "step": 512}
{"stage": "sequential-round-coordinate", "pid": 113536, "time": 1789710168.5601854, "cuda_visible_devices": "2", "allocated_gib": 5.225533962249756, "reserved_gib": 8.041015625, "peak_allocated_gib": 7.100478649139404, "gpu_time_budget": null, "module": "model.layers.8.mlp.down_proj", "step": 640}
{"stage": "sequential-round-coordinate", "pid": 113536, "time": 1789710169.4462507, "cuda_visible_devices": "2", "allocated_gib": 5.225533962249756, "reserved_gib": 8.041015625, "peak_allocated_gib": 7.100478649139404, "gpu_time_budget": null, "module": "model.layers.8.mlp.down_proj", "step": 768}
{"stage": "sequential-round-coordinate", "pid": 113536, "time": 1789710170.0996835, "cuda_visible_devices": "2", "allocated_gib": 5.225533962249756, "reserved_gib": 8.041015625, "peak_allocated_gib": 7.100478649139404, "gpu_time_budget": null, "module": "model.layers.8.mlp.down_proj", "step": 896}
{"stage": "sequential-round-coordinate", "pid": 113536, "time": 1789710170.7904944, "cuda_visible_devices": "2", "allocated_gib": 5.225533962249756, "reserved_gib": 8.041015625, "peak_allocated_gib": 7.100478649139404, "gpu_time_budget": null, "module": "model.layers.8.mlp.down_proj", "step": 1024}
{"stage": "sequential-round-coordinate", "pid": 113536, "time": 1789710171.502369, "cuda_visible_devices": "2", "allocated_gib": 5.225533962249756, "reserved_gib": 8.041015625, "peak_allocated_gib": 7.100478649139404, "gpu_time_budget": null, "module": "model.layers.8.mlp.down_proj", "step": 1152}
{"stage": "sequential-round-coordinate", "pid": 113536, "time": 1789710172.23121, "cuda_visible_devices": "2", "allocated_gib": 5.225533962249756, "reserved_gib": 8.041015625, "peak_allocated_gib": 7.100478649139404, "gpu_time_budget": null, "module": "model.layers.8.mlp.down_proj", "step": 1280}
{"stage": "sequential-round-coordinate", "pid": 113536, "time": 1789710172.9537654, "cuda_visible_devices": "2", "allocated_gib": 5.225533962249756, "reserved_gib": 8.041015625, "peak_allocated_gib": 7.100478649139404, "gpu_time_budget": null, "module": "model.layers.8.mlp.down_proj", "step": 1408}
{"stage": "sequential-round-coordinate", "pid": 113536, "time": 1789710173.6439617, "cuda_visible_devices": "2", "allocated_gib": 5.225533962249756, "reserved_gib": 8.041015625, "peak_allocated_gib": 7.100478649139404, "gpu_time_budget": null, "module": "model.layers.8.mlp.down_proj", "step": 1536}
{"stage": "sequential-round-coordinate", "pid": 113536, "time": 1789710174.335198, "cuda_visible_devices": "2", "allocated_gib": 5.225533962249756, "reserved_gib": 8.041015625, "peak_allocated_gib": 7.100478649139404, "gpu_time_budget": null, "module": "model.layers.8.mlp.down_proj", "step": 1664}
{"stage": "sequential-round-coordinate", "pid": 113536, "time": 1789710174.9970608, "cuda_visible_devices": "2", "allocated_gib": 5.225533962249756, "reserved_gib": 8.041015625, "peak_allocated_gib": 7.100478649139404, "gpu_time_budget": null, "module": "model.layers.8.mlp.down_proj", "step": 1792}
{"stage": "sequential-round-coordinate", "pid": 113536, "time": 1789710175.6880589, "cuda_visible_devices": "2", "allocated_gib": 5.225533962249756, "reserved_gib": 8.041015625, "peak_allocated_gib": 7.100478649139404, "gpu_time_budget": null, "module": "model.layers.8.mlp.down_proj", "step": 1920}
{"stage": "sequential-round-coordinate", "pid": 113536, "time": 1789710176.4341223, "cuda_visible_devices": "2", "allocated_gib": 5.225533962249756, "reserved_gib": 8.041015625, "peak_allocated_gib": 7.100478649139404, "gpu_time_budget": null, "module": "model.layers.8.mlp.down_proj", "step": 2048}
{"stage": "sequential-round-coordinate", "pid": 113536, "time": 1789710177.1264377, "cuda_visible_devices": "2", "allocated_gib": 5.225533962249756, "reserved_gib": 8.041015625, "peak_allocated_gib": 7.100478649139404, "gpu_time_budget": null, "module": "model.layers.8.mlp.down_proj", "step": 2176}
{"stage": "sequential-round-coordinate", "pid": 113536, "time": 1789710177.8562672, "cuda_visible_devices": "2", "allocated_gib": 5.225533962249756, "reserved_gib": 8.041015625, "peak_allocated_gib": 7.100478649139404, "gpu_time_budget": null, "module": "model.layers.8.mlp.down_proj", "step": 2304}
{"stage": "sequential-round-coordinate", "pid": 113536, "time": 1789710178.5877564, "cuda_visible_devices": "2", "allocated_gib": 5.225533962249756, "reserved_gib": 8.041015625, "peak_allocated_gib": 7.100478649139404, "gpu_time_budget": null, "module": "model.layers.8.mlp.down_proj", "step": 2432}
{"stage": "sequential-round-coordinate", "pid": 113536, "time": 1789710179.287622, "cuda_visible_devices": "2", "allocated_gib": 5.225533962249756, "reserved_gib": 8.041015625, "peak_allocated_gib": 7.100478649139404, "gpu_time_budget": null, "module": "model.layers.8.mlp.down_proj", "step": 2560}
{"stage": "sequential-round-coordinate", "pid": 113536, "time": 1789710179.9599361, "cuda_visible_devices": "2", "allocated_gib": 5.225533962249756, "reserved_gib": 8.041015625, "peak_allocated_gib": 7.100478649139404, "gpu_time_budget": null, "module": "model.layers.8.mlp.down_proj", "step": 2688}
{"stage": "sequential-round-coordinate", "pid": 113536, "time": 1789710180.650478, "cuda_visible_devices": "2", "allocated_gib": 5.225533962249756, "reserved_gib": 8.041015625, "peak_allocated_gib": 7.100478649139404, "gpu_time_budget": null, "module": "model.layers.8.mlp.down_proj", "step": 2816}
{"stage": "sequential-round-coordinate", "pid": 113536, "time": 1789710181.343574, "cuda_visible_devices": "2", "allocated_gib": 5.225533962249756, "reserved_gib": 8.041015625, "peak_allocated_gib": 7.100478649139404, "gpu_time_budget": null, "module": "model.layers.8.mlp.down_proj", "step": 2944}
{"stage": "sequential-round-coordinate", "pid": 113536, "time": 1789710182.0345094, "cuda_visible_devices": "2", "allocated_gib": 5.225533962249756, "reserved_gib": 8.041015625, "peak_allocated_gib": 7.100478649139404, "gpu_time_budget": null, "module": "model.layers.8.mlp.down_proj", "step": 3072}
{"stage": "sequential-round-coordinate", "pid": 113536, "time": 1789710182.7255814, "cuda_visible_devices": "2", "allocated_gib": 5.225533962249756, "reserved_gib": 8.041015625, "peak_allocated_gib": 7.100478649139404, "gpu_time_budget": null, "module": "model.layers.8.mlp.down_proj", "step": 3200}
{"stage": "sequential-round-coordinate", "pid": 113536, "time": 1789710183.4231215, "cuda_visible_devices": "2", "allocated_gib": 5.225533962249756, "reserved_gib": 8.041015625, "peak_allocated_gib": 7.100478649139404, "gpu_time_budget": null, "module": "model.layers.8.mlp.down_proj", "step": 3328}
{"stage": "sequential-round-coordinate", "pid": 113536, "time": 1789710184.1541443, "cuda_visible_devices": "2", "allocated_gib": 5.225533962249756, "reserved_gib": 8.041015625, "peak_allocated_gib": 7.100478649139404, "gpu_time_budget": null, "module": "model.layers.8.mlp.down_proj", "step": 3456}
{"stage": "sequential-round-coordinate", "pid": 113536, "time": 1789710184.8861217, "cuda_visible_devices": "2", "allocated_gib": 5.225533962249756, "reserved_gib": 8.041015625, "peak_allocated_gib": 7.100478649139404, "gpu_time_budget": null, "module": "model.layers.8.mlp.down_proj", "step": 3584}
{"stage": "sequential-round-coordinate", "pid": 113536, "time": 1789710185.4476101, "cuda_visible_devices": "2", "allocated_gib": 5.225533962249756, "reserved_gib": 8.041015625, "peak_allocated_gib": 7.100478649139404, "gpu_time_budget": null, "module": "model.layers.8.mlp.down_proj", "step": 3712}
{"stage": "sequential-round-coordinate", "pid": 113536, "time": 1789710186.0384593, "cuda_visible_devices": "2", "allocated_gib": 5.225533962249756, "reserved_gib": 8.041015625, "peak_allocated_gib": 7.100478649139404, "gpu_time_budget": null, "module": "model.layers.8.mlp.down_proj", "step": 3840}
{"stage": "sequential-round-coordinate", "pid": 113536, "time": 1789710186.629347, "cuda_visible_devices": "2", "allocated_gib": 5.225533962249756, "reserved_gib": 8.041015625, "peak_allocated_gib": 7.100478649139404, "gpu_time_budget": null, "module": "model.layers.8.mlp.down_proj", "step": 3968}
{"stage": "sequential-round-coordinate", "pid": 113536, "time": 1789710187.217151, "cuda_visible_devices": "2", "allocated_gib": 5.225533962249756, "reserved_gib": 8.041015625, "peak_allocated_gib": 7.100478649139404, "gpu_time_budget": null, "module": "model.layers.8.mlp.down_proj", "step": 4096}
{"stage": "sequential-round-coordinate", "pid": 113536, "time": 1789710187.8051534, "cuda_visible_devices": "2", "allocated_gib": 5.225533962249756, "reserved_gib": 8.041015625, "peak_allocated_gib": 7.100478649139404, "gpu_time_budget": null, "module": "model.layers.8.mlp.down_proj", "step": 4224}
{"stage": "sequential-round-coordinate", "pid": 113536, "time": 1789710188.3940117, "cuda_visible_devices": "2", "allocated_gib": 5.225533962249756, "reserved_gib": 8.041015625, "peak_allocated_gib": 7.100478649139404, "gpu_time_budget": null, "module": "model.layers.8.mlp.down_proj", "step": 4352}
{"stage": "sequential-round-coordinate", "pid": 113536, "time": 1789710188.9727302, "cuda_visible_devices": "2", "allocated_gib": 5.225533962249756, "reserved_gib": 8.041015625, "peak_allocated_gib": 7.100478649139404, "gpu_time_budget": null, "module": "model.layers.8.mlp.down_proj", "step": 4480}
{"stage": "sequential-round-coordinate", "pid": 113536, "time": 1789710189.6644938, "cuda_visible_devices": "2", "allocated_gib": 5.225533962249756, "reserved_gib": 8.041015625, "peak_allocated_gib": 7.100478649139404, "gpu_time_budget": null, "module": "model.layers.8.mlp.down_proj", "step": 4608}
{"stage": "sequential-round-coordinate", "pid": 113536, "time": 1789710190.5563922, "cuda_visible_devices": "2", "allocated_gib": 5.225533962249756, "reserved_gib": 8.041015625, "peak_allocated_gib": 7.100478649139404, "gpu_time_budget": null, "module": "model.layers.8.mlp.down_proj", "step": 4736}
{"stage": "sequential-round-coordinate", "pid": 113536, "time": 1789710191.4421551, "cuda_visible_devices": "2", "allocated_gib": 5.225533962249756, "reserved_gib": 8.041015625, "peak_allocated_gib": 7.100478649139404, "gpu_time_budget": null, "module": "model.layers.8.mlp.down_proj", "step": 4864}
{"stage": "sequential-round-coordinate", "pid": 113536, "time": 1789710192.3314433, "cuda_visible_devices": "2", "allocated_gib": 5.225533962249756, "reserved_gib": 8.041015625, "peak_allocated_gib": 7.100478649139404, "gpu_time_budget": null, "module": "model.layers.8.mlp.down_proj", "step": 4992}
{"stage": "sequential-round-coordinate", "pid": 113536, "time": 1789710193.223378, "cuda_visible_devices": "2", "allocated_gib": 5.225533962249756, "reserved_gib": 8.041015625, "peak_allocated_gib": 7.100478649139404, "gpu_time_budget": null, "module": "model.layers.8.mlp.down_proj", "step": 5120}
{"stage": "sequential-round-coordinate", "pid": 113536, "time": 1789710194.1107826, "cuda_visible_devices": "2", "allocated_gib": 5.225533962249756, "reserved_gib": 8.041015625, "peak_allocated_gib": 7.100478649139404, "gpu_time_budget": null, "module": "model.layers.8.mlp.down_proj", "step": 5248}
{"stage": "sequential-round-coordinate", "pid": 113536, "time": 1789710194.9962258, "cuda_visible_devices": "2", "allocated_gib": 5.225533962249756, "reserved_gib": 8.041015625, "peak_allocated_gib": 7.100478649139404, "gpu_time_budget": null, "module": "model.layers.8.mlp.down_proj", "step": 5376}
{"stage": "sequential-round-coordinate", "pid": 113536, "time": 1789710195.8873572, "cuda_visible_devices": "2", "allocated_gib": 5.225533962249756, "reserved_gib": 8.041015625, "peak_allocated_gib": 7.100478649139404, "gpu_time_budget": null, "module": "model.layers.8.mlp.down_proj", "step": 5504}
{"stage": "sequential-round-coordinate", "pid": 113536, "time": 1789710196.7770407, "cuda_visible_devices": "2", "allocated_gib": 5.225533962249756, "reserved_gib": 8.041015625, "peak_allocated_gib": 7.100478649139404, "gpu_time_budget": null, "module": "model.layers.8.mlp.down_proj", "step": 5632}
{"stage": "sequential-round-coordinate", "pid": 113536, "time": 1789710197.6661031, "cuda_visible_devices": "2", "allocated_gib": 5.225533962249756, "reserved_gib": 8.041015625, "peak_allocated_gib": 7.100478649139404, "gpu_time_budget": null, "module": "model.layers.8.mlp.down_proj", "step": 5760}
{"stage": "sequential-round-coordinate", "pid": 113536, "time": 1789710198.5543911, "cuda_visible_devices": "2", "allocated_gib": 5.225533962249756, "reserved_gib": 8.041015625, "peak_allocated_gib": 7.100478649139404, "gpu_time_budget": null, "module": "model.layers.8.mlp.down_proj", "step": 5888}
{"stage": "sequential-round-coordinate", "pid": 113536, "time": 1789710199.4428272, "cuda_visible_devices": "2", "allocated_gib": 5.225533962249756, "reserved_gib": 8.041015625, "peak_allocated_gib": 7.100478649139404, "gpu_time_budget": null, "module": "model.layers.8.mlp.down_proj", "step": 6016}
{"stage": "sequential-round-coordinate", "pid": 113536, "time": 1789710200.3290417, "cuda_visible_devices": "2", "allocated_gib": 5.225533962249756, "reserved_gib": 8.041015625, "peak_allocated_gib": 7.100478649139404, "gpu_time_budget": null, "module": "model.layers.8.mlp.down_proj", "step": 6144}
{"stage": "sequential-round-coordinate", "pid": 113536, "time": 1789710201.216499, "cuda_visible_devices": "2", "allocated_gib": 5.225533962249756, "reserved_gib": 8.041015625, "peak_allocated_gib": 7.100478649139404, "gpu_time_budget": null, "module": "model.layers.8.mlp.down_proj", "step": 6272}
{"stage": "sequential-round-coordinate", "pid": 113536, "time": 1789710202.1024086, "cuda_visible_devices": "2", "allocated_gib": 5.225533962249756, "reserved_gib": 8.041015625, "peak_allocated_gib": 7.100478649139404, "gpu_time_budget": null, "module": "model.layers.8.mlp.down_proj", "step": 6400}
{"stage": "sequential-round-coordinate", "pid": 113536, "time": 1789710202.9913862, "cuda_visible_devices": "2", "allocated_gib": 5.225533962249756, "reserved_gib": 8.041015625, "peak_allocated_gib": 7.100478649139404, "gpu_time_budget": null, "module": "model.layers.8.mlp.down_proj", "step": 6528}
{"stage": "sequential-round-coordinate", "pid": 113536, "time": 1789710203.8825095, "cuda_visible_devices": "2", "allocated_gib": 5.225533962249756, "reserved_gib": 8.041015625, "peak_allocated_gib": 7.100478649139404, "gpu_time_budget": null, "module": "model.layers.8.mlp.down_proj", "step": 6656}
{"stage": "sequential-round-coordinate", "pid": 113536, "time": 1789710204.7727385, "cuda_visible_devices": "2", "allocated_gib": 5.225533962249756, "reserved_gib": 8.041015625, "peak_allocated_gib": 7.100478649139404, "gpu_time_budget": null, "module": "model.layers.8.mlp.down_proj", "step": 6784}
{"stage": "sequential-round-coordinate", "pid": 113536, "time": 1789710205.6614275, "cuda_visible_devices": "2", "allocated_gib": 5.225533962249756, "reserved_gib": 8.041015625, "peak_allocated_gib": 7.100478649139404, "gpu_time_budget": null, "module": "model.layers.8.mlp.down_proj", "step": 6912}
{"stage": "sequential-round-coordinate", "pid": 113536, "time": 1789710206.5504987, "cuda_visible_devices": "2", "allocated_gib": 5.225533962249756, "reserved_gib": 8.041015625, "peak_allocated_gib": 7.100478649139404, "gpu_time_budget": null, "module": "model.layers.8.mlp.down_proj", "step": 7040}
{"stage": "sequential-round-coordinate", "pid": 113536, "time": 1789710207.4365976, "cuda_visible_devices": "2", "allocated_gib": 5.225533962249756, "reserved_gib": 8.041015625, "peak_allocated_gib": 7.100478649139404, "gpu_time_budget": null, "module": "model.layers.8.mlp.down_proj", "step": 7168}
{"stage": "sequential-round-coordinate", "pid": 113536, "time": 1789710208.32544, "cuda_visible_devices": "2", "allocated_gib": 5.225533962249756, "reserved_gib": 8.041015625, "peak_allocated_gib": 7.100478649139404, "gpu_time_budget": null, "module": "model.layers.8.mlp.down_proj", "step": 7296}
{"stage": "sequential-round-coordinate", "pid": 113536, "time": 1789710209.2128642, "cuda_visible_devices": "2", "allocated_gib": 5.225533962249756, "reserved_gib": 8.041015625, "peak_allocated_gib": 7.100478649139404, "gpu_time_budget": null, "module": "model.layers.8.mlp.down_proj", "step": 7424}
{"stage": "sequential-round-coordinate", "pid": 113536, "time": 1789710210.09934, "cuda_visible_devices": "2", "allocated_gib": 5.225533962249756, "reserved_gib": 8.041015625, "peak_allocated_gib": 7.100478649139404, "gpu_time_budget": null, "module": "model.layers.8.mlp.down_proj", "step": 7552}
{"stage": "sequential-round-coordinate", "pid": 113536, "time": 1789710210.9909034, "cuda_visible_devices": "2", "allocated_gib": 5.225533962249756, "reserved_gib": 8.041015625, "peak_allocated_gib": 7.100478649139404, "gpu_time_budget": null, "module": "model.layers.8.mlp.down_proj", "step": 7680}
{"stage": "sequential-round-coordinate", "pid": 113536, "time": 1789710211.8819942, "cuda_visible_devices": "2", "allocated_gib": 5.225533962249756, "reserved_gib": 8.041015625, "peak_allocated_gib": 7.100478649139404, "gpu_time_budget": null, "module": "model.layers.8.mlp.down_proj", "step": 7808}
{"stage": "sequential-round-coordinate", "pid": 113536, "time": 1789710212.7708545, "cuda_visible_devices": "2", "allocated_gib": 5.225533962249756, "reserved_gib": 8.041015625, "peak_allocated_gib": 7.100478649139404, "gpu_time_budget": null, "module": "model.layers.8.mlp.down_proj", "step": 7936}
{"stage": "sequential-round-coordinate", "pid": 113536, "time": 1789710213.6565168, "cuda_visible_devices": "2", "allocated_gib": 5.225533962249756, "reserved_gib": 8.041015625, "peak_allocated_gib": 7.100478649139404, "gpu_time_budget": null, "module": "model.layers.8.mlp.down_proj", "step": 8064}
{"stage": "sequential-round-coordinate", "pid": 113536, "time": 1789710214.64073, "cuda_visible_devices": "2", "allocated_gib": 5.225533962249756, "reserved_gib": 8.041015625, "peak_allocated_gib": 7.100478649139404, "gpu_time_budget": null, "module": "model.layers.8.mlp.down_proj", "step": 8192}
{"stage": "sequential-round-train-nll", "pid": 113536, "time": 1789710214.6890657, "cuda_visible_devices": "2", "allocated_gib": 3.795783519744873, "reserved_gib": 3.80078125, "peak_allocated_gib": 7.100478649139404, "gpu_time_budget": null, "module": "model.layers.8.mlp.down_proj", "step": 512}
Evaluation segment 1/1: start=0, windows=8, seqlen=2048
{"stage": "sequential-round-train-nll", "pid": 113536, "time": 1789710219.9896123, "cuda_visible_devices": "2", "allocated_gib": 3.795783519744873, "reserved_gib": 5.791015625, "peak_allocated_gib": 7.100478649139404, "gpu_time_budget": null, "module": "model.layers.8.mlp.down_proj", "step": 2048}
Evaluation segment 1/1: start=0, windows=8, seqlen=2048
{"stage": "sequential-round-train-nll", "pid": 113536, "time": 1789710225.2977188, "cuda_visible_devices": "2", "allocated_gib": 3.795783519744873, "reserved_gib": 5.791015625, "peak_allocated_gib": 7.100478649139404, "gpu_time_budget": null, "module": "model.layers.8.mlp.down_proj", "step": 8192}
Evaluation segment 1/1: start=0, windows=8, seqlen=2048
{"stage": "sequential-module-completed", "pid": 113536, "time": 1789710230.626936, "cuda_visible_devices": "2", "allocated_gib": 3.795783519744873, "reserved_gib": 5.791015625, "peak_allocated_gib": 7.100478649139404, "gpu_time_budget": null, "module": "model.layers.8.mlp.down_proj", "completed": 9, "total": 28, "selected_train_nll": 2.8292837880741644, "elapsed_seconds": 572.0612432389753}
{"stage": "sequential-round-fit", "pid": 113536, "time": 1789710235.6975906, "cuda_visible_devices": "2", "allocated_gib": 3.795783519744873, "reserved_gib": 5.791015625, "peak_allocated_gib": 7.100478649139404, "gpu_time_budget": null, "module": "model.layers.9.mlp.down_proj", "fit_rows": 49152, "heldout_rows": 16384}
{"stage": "sequential-round-coordinate", "pid": 113536, "time": 1789710236.886065, "cuda_visible_devices": "2", "allocated_gib": 5.225533962249756, "reserved_gib": 8.041015625, "peak_allocated_gib": 7.100478649139404, "gpu_time_budget": null, "module": "model.layers.9.mlp.down_proj", "step": 128}
{"stage": "sequential-round-coordinate", "pid": 113536, "time": 1789710237.7581778, "cuda_visible_devices": "2", "allocated_gib": 5.225533962249756, "reserved_gib": 8.041015625, "peak_allocated_gib": 7.100478649139404, "gpu_time_budget": null, "module": "model.layers.9.mlp.down_proj", "step": 256}
{"stage": "sequential-round-coordinate", "pid": 113536, "time": 1789710238.4025054, "cuda_visible_devices": "2", "allocated_gib": 5.225533962249756, "reserved_gib": 8.041015625, "peak_allocated_gib": 7.100478649139404, "gpu_time_budget": null, "module": "model.layers.9.mlp.down_proj", "step": 384}
{"stage": "sequential-round-coordinate", "pid": 113536, "time": 1789710239.181868, "cuda_visible_devices": "2", "allocated_gib": 5.225533962249756, "reserved_gib": 8.041015625, "peak_allocated_gib": 7.100478649139404, "gpu_time_budget": null, "module": "model.layers.9.mlp.down_proj", "step": 512}
{"stage": "sequential-round-coordinate", "pid": 113536, "time": 1789710239.8711195, "cuda_visible_devices": "2", "allocated_gib": 5.225533962249756, "reserved_gib": 8.041015625, "peak_allocated_gib": 7.100478649139404, "gpu_time_budget": null, "module": "model.layers.9.mlp.down_proj", "step": 640}
{"stage": "sequential-round-coordinate", "pid": 113536, "time": 1789710240.5606825, "cuda_visible_devices": "2", "allocated_gib": 5.225533962249756, "reserved_gib": 8.041015625, "peak_allocated_gib": 7.100478649139404, "gpu_time_budget": null, "module": "model.layers.9.mlp.down_proj", "step": 768}
{"stage": "sequential-round-coordinate", "pid": 113536, "time": 1789710241.2516172, "cuda_visible_devices": "2", "allocated_gib": 5.225533962249756, "reserved_gib": 8.041015625, "peak_allocated_gib": 7.100478649139404, "gpu_time_budget": null, "module": "model.layers.9.mlp.down_proj", "step": 896}
{"stage": "sequential-round-coordinate", "pid": 113536, "time": 1789710241.942249, "cuda_visible_devices": "2", "allocated_gib": 5.225533962249756, "reserved_gib": 8.041015625, "peak_allocated_gib": 7.100478649139404, "gpu_time_budget": null, "module": "model.layers.9.mlp.down_proj", "step": 1024}
{"stage": "sequential-round-coordinate", "pid": 113536, "time": 1789710242.6584747, "cuda_visible_devices": "2", "allocated_gib": 5.225533962249756, "reserved_gib": 8.041015625, "peak_allocated_gib": 7.100478649139404, "gpu_time_budget": null, "module": "model.layers.9.mlp.down_proj", "step": 1152}
{"stage": "sequential-round-coordinate", "pid": 113536, "time": 1789710243.3191423, "cuda_visible_devices": "2", "allocated_gib": 5.225533962249756, "reserved_gib": 8.041015625, "peak_allocated_gib": 7.100478649139404, "gpu_time_budget": null, "module": "model.layers.9.mlp.down_proj", "step": 1280}
{"stage": "sequential-round-coordinate", "pid": 113536, "time": 1789710244.050897, "cuda_visible_devices": "2", "allocated_gib": 5.225533962249756, "reserved_gib": 8.041015625, "peak_allocated_gib": 7.100478649139404, "gpu_time_budget": null, "module": "model.layers.9.mlp.down_proj", "step": 1408}
{"stage": "sequential-round-coordinate", "pid": 113536, "time": 1789710244.7754135, "cuda_visible_devices": "2", "allocated_gib": 5.225533962249756, "reserved_gib": 8.041015625, "peak_allocated_gib": 7.100478649139404, "gpu_time_budget": null, "module": "model.layers.9.mlp.down_proj", "step": 1536}
{"stage": "sequential-round-coordinate", "pid": 113536, "time": 1789710245.4676597, "cuda_visible_devices": "2", "allocated_gib": 5.225533962249756, "reserved_gib": 8.041015625, "peak_allocated_gib": 7.100478649139404, "gpu_time_budget": null, "module": "model.layers.9.mlp.down_proj", "step": 1664}
{"stage": "sequential-round-coordinate", "pid": 113536, "time": 1789710246.1613514, "cuda_visible_devices": "2", "allocated_gib": 5.225533962249756, "reserved_gib": 8.041015625, "peak_allocated_gib": 7.100478649139404, "gpu_time_budget": null, "module": "model.layers.9.mlp.down_proj", "step": 1792}
{"stage": "sequential-round-coordinate", "pid": 113536, "time": 1789710246.853139, "cuda_visible_devices": "2", "allocated_gib": 5.225533962249756, "reserved_gib": 8.041015625, "peak_allocated_gib": 7.100478649139404, "gpu_time_budget": null, "module": "model.layers.9.mlp.down_proj", "step": 1920}
{"stage": "sequential-round-coordinate", "pid": 113536, "time": 1789710247.6045353, "cuda_visible_devices": "2", "allocated_gib": 5.225533962249756, "reserved_gib": 8.041015625, "peak_allocated_gib": 7.100478649139404, "gpu_time_budget": null, "module": "model.layers.9.mlp.down_proj", "step": 2048}
{"stage": "sequential-round-coordinate", "pid": 113536, "time": 1789710248.281038, "cuda_visible_devices": "2", "allocated_gib": 5.225533962249756, "reserved_gib": 8.041015625, "peak_allocated_gib": 7.100478649139404, "gpu_time_budget": null, "module": "model.layers.9.mlp.down_proj", "step": 2176}
{"stage": "sequential-round-coordinate", "pid": 113536, "time": 1789710249.016328, "cuda_visible_devices": "2", "allocated_gib": 5.225533962249756, "reserved_gib": 8.041015625, "peak_allocated_gib": 7.100478649139404, "gpu_time_budget": null, "module": "model.layers.9.mlp.down_proj", "step": 2304}
{"stage": "sequential-round-coordinate", "pid": 113536, "time": 1789710249.753202, "cuda_visible_devices": "2", "allocated_gib": 5.225533962249756, "reserved_gib": 8.041015625, "peak_allocated_gib": 7.100478649139404, "gpu_time_budget": null, "module": "model.layers.9.mlp.down_proj", "step": 2432}
{"stage": "sequential-round-coordinate", "pid": 113536, "time": 1789710250.453554, "cuda_visible_devices": "2", "allocated_gib": 5.225533962249756, "reserved_gib": 8.041015625, "peak_allocated_gib": 7.100478649139404, "gpu_time_budget": null, "module": "model.layers.9.mlp.down_proj", "step": 2560}
{"stage": "sequential-round-coordinate", "pid": 113536, "time": 1789710251.1489923, "cuda_visible_devices": "2", "allocated_gib": 5.225533962249756, "reserved_gib": 8.041015625, "peak_allocated_gib": 7.100478649139404, "gpu_time_budget": null, "module": "model.layers.9.mlp.down_proj", "step": 2688}
{"stage": "sequential-round-coordinate", "pid": 113536, "time": 1789710251.8418827, "cuda_visible_devices": "2", "allocated_gib": 5.225533962249756, "reserved_gib": 8.041015625, "peak_allocated_gib": 7.100478649139404, "gpu_time_budget": null, "module": "model.layers.9.mlp.down_proj", "step": 2816}
{"stage": "sequential-round-coordinate", "pid": 113536, "time": 1789710252.5339627, "cuda_visible_devices": "2", "allocated_gib": 5.225533962249756, "reserved_gib": 8.041015625, "peak_allocated_gib": 7.100478649139404, "gpu_time_budget": null, "module": "model.layers.9.mlp.down_proj", "step": 2944}
{"stage": "sequential-round-coordinate", "pid": 113536, "time": 1789710253.1740005, "cuda_visible_devices": "2", "allocated_gib": 5.225533962249756, "reserved_gib": 8.041015625, "peak_allocated_gib": 7.100478649139404, "gpu_time_budget": null, "module": "model.layers.9.mlp.down_proj", "step": 3072}
{"stage": "sequential-round-coordinate", "pid": 113536, "time": 1789710253.7709036, "cuda_visible_devices": "2", "allocated_gib": 5.225533962249756, "reserved_gib": 8.041015625, "peak_allocated_gib": 7.100478649139404, "gpu_time_budget": null, "module": "model.layers.9.mlp.down_proj", "step": 3200}
{"stage": "sequential-round-coordinate", "pid": 113536, "time": 1789710254.3596864, "cuda_visible_devices": "2", "allocated_gib": 5.225533962249756, "reserved_gib": 8.041015625, "peak_allocated_gib": 7.100478649139404, "gpu_time_budget": null, "module": "model.layers.9.mlp.down_proj", "step": 3328}
{"stage": "sequential-round-coordinate", "pid": 113536, "time": 1789710254.9487622, "cuda_visible_devices": "2", "allocated_gib": 5.225533962249756, "reserved_gib": 8.041015625, "peak_allocated_gib": 7.100478649139404, "gpu_time_budget": null, "module": "model.layers.9.mlp.down_proj", "step": 3456}
{"stage": "sequential-round-coordinate", "pid": 113536, "time": 1789710255.5376923, "cuda_visible_devices": "2", "allocated_gib": 5.225533962249756, "reserved_gib": 8.041015625, "peak_allocated_gib": 7.100478649139404, "gpu_time_budget": null, "module": "model.layers.9.mlp.down_proj", "step": 3584}
{"stage": "sequential-round-coordinate", "pid": 113536, "time": 1789710256.123816, "cuda_visible_devices": "2", "allocated_gib": 5.225533962249756, "reserved_gib": 8.041015625, "peak_allocated_gib": 7.100478649139404, "gpu_time_budget": null, "module": "model.layers.9.mlp.down_proj", "step": 3712}
{"stage": "sequential-round-coordinate", "pid": 113536, "time": 1789710256.7112699, "cuda_visible_devices": "2", "allocated_gib": 5.225533962249756, "reserved_gib": 8.041015625, "peak_allocated_gib": 7.100478649139404, "gpu_time_budget": null, "module": "model.layers.9.mlp.down_proj", "step": 3840}
{"stage": "sequential-round-coordinate", "pid": 113536, "time": 1789710257.290265, "cuda_visible_devices": "2", "allocated_gib": 5.225533962249756, "reserved_gib": 8.041015625, "peak_allocated_gib": 7.100478649139404, "gpu_time_budget": null, "module": "model.layers.9.mlp.down_proj", "step": 3968}
{"stage": "sequential-round-coordinate", "pid": 113536, "time": 1789710257.7957728, "cuda_visible_devices": "2", "allocated_gib": 5.225533962249756, "reserved_gib": 8.041015625, "peak_allocated_gib": 7.100478649139404, "gpu_time_budget": null, "module": "model.layers.9.mlp.down_proj", "step": 4096}
{"stage": "sequential-round-coordinate", "pid": 113536, "time": 1789710258.6702468, "cuda_visible_devices": "2", "allocated_gib": 5.225533962249756, "reserved_gib": 8.041015625, "peak_allocated_gib": 7.100478649139404, "gpu_time_budget": null, "module": "model.layers.9.mlp.down_proj", "step": 4224}
{"stage": "sequential-round-coordinate", "pid": 113536, "time": 1789710259.5586398, "cuda_visible_devices": "2", "allocated_gib": 5.225533962249756, "reserved_gib": 8.041015625, "peak_allocated_gib": 7.100478649139404, "gpu_time_budget": null, "module": "model.layers.9.mlp.down_proj", "step": 4352}
{"stage": "sequential-round-coordinate", "pid": 113536, "time": 1789710260.4529574, "cuda_visible_devices": "2", "allocated_gib": 5.225533962249756, "reserved_gib": 8.041015625, "peak_allocated_gib": 7.100478649139404, "gpu_time_budget": null, "module": "model.layers.9.mlp.down_proj", "step": 4480}
{"stage": "sequential-round-coordinate", "pid": 113536, "time": 1789710261.3414702, "cuda_visible_devices": "2", "allocated_gib": 5.225533962249756, "reserved_gib": 8.041015625, "peak_allocated_gib": 7.100478649139404, "gpu_time_budget": null, "module": "model.layers.9.mlp.down_proj", "step": 4608}
{"stage": "sequential-round-coordinate", "pid": 113536, "time": 1789710262.2307367, "cuda_visible_devices": "2", "allocated_gib": 5.225533962249756, "reserved_gib": 8.041015625, "peak_allocated_gib": 7.100478649139404, "gpu_time_budget": null, "module": "model.layers.9.mlp.down_proj", "step": 4736}
{"stage": "sequential-round-coordinate", "pid": 113536, "time": 1789710263.1191914, "cuda_visible_devices": "2", "allocated_gib": 5.225533962249756, "reserved_gib": 8.041015625, "peak_allocated_gib": 7.100478649139404, "gpu_time_budget": null, "module": "model.layers.9.mlp.down_proj", "step": 4864}
{"stage": "sequential-round-coordinate", "pid": 113536, "time": 1789710264.009636, "cuda_visible_devices": "2", "allocated_gib": 5.225533962249756, "reserved_gib": 8.041015625, "peak_allocated_gib": 7.100478649139404, "gpu_time_budget": null, "module": "model.layers.9.mlp.down_proj", "step": 4992}
{"stage": "sequential-round-coordinate", "pid": 113536, "time": 1789710264.8975952, "cuda_visible_devices": "2", "allocated_gib": 5.225533962249756, "reserved_gib": 8.041015625, "peak_allocated_gib": 7.100478649139404, "gpu_time_budget": null, "module": "model.layers.9.mlp.down_proj", "step": 5120}
{"stage": "sequential-round-coordinate", "pid": 113536, "time": 1789710265.7903512, "cuda_visible_devices": "2", "allocated_gib": 5.225533962249756, "reserved_gib": 8.041015625, "peak_allocated_gib": 7.100478649139404, "gpu_time_budget": null, "module": "model.layers.9.mlp.down_proj", "step": 5248}
{"stage": "sequential-round-coordinate", "pid": 113536, "time": 1789710266.6816964, "cuda_visible_devices": "2", "allocated_gib": 5.225533962249756, "reserved_gib": 8.041015625, "peak_allocated_gib": 7.100478649139404, "gpu_time_budget": null, "module": "model.layers.9.mlp.down_proj", "step": 5376}
{"stage": "sequential-round-coordinate", "pid": 113536, "time": 1789710267.5744667, "cuda_visible_devices": "2", "allocated_gib": 5.225533962249756, "reserved_gib": 8.041015625, "peak_allocated_gib": 7.100478649139404, "gpu_time_budget": null, "module": "model.layers.9.mlp.down_proj", "step": 5504}
{"stage": "sequential-round-coordinate", "pid": 113536, "time": 1789710268.4633331, "cuda_visible_devices": "2", "allocated_gib": 5.225533962249756, "reserved_gib": 8.041015625, "peak_allocated_gib": 7.100478649139404, "gpu_time_budget": null, "module": "model.layers.9.mlp.down_proj", "step": 5632}
{"stage": "sequential-round-coordinate", "pid": 113536, "time": 1789710269.3524754, "cuda_visible_devices": "2", "allocated_gib": 5.225533962249756, "reserved_gib": 8.041015625, "peak_allocated_gib": 7.100478649139404, "gpu_time_budget": null, "module": "model.layers.9.mlp.down_proj", "step": 5760}
{"stage": "sequential-round-coordinate", "pid": 113536, "time": 1789710270.2350833, "cuda_visible_devices": "2", "allocated_gib": 5.225533962249756, "reserved_gib": 8.041015625, "peak_allocated_gib": 7.100478649139404, "gpu_time_budget": null, "module": "model.layers.9.mlp.down_proj", "step": 5888}
{"stage": "sequential-round-coordinate", "pid": 113536, "time": 1789710271.123249, "cuda_visible_devices": "2", "allocated_gib": 5.225533962249756, "reserved_gib": 8.041015625, "peak_allocated_gib": 7.100478649139404, "gpu_time_budget": null, "module": "model.layers.9.mlp.down_proj", "step": 6016}
{"stage": "sequential-round-coordinate", "pid": 113536, "time": 1789710272.0116677, "cuda_visible_devices": "2", "allocated_gib": 5.225533962249756, "reserved_gib": 8.041015625, "peak_allocated_gib": 7.100478649139404, "gpu_time_budget": null, "module": "model.layers.9.mlp.down_proj", "step": 6144}
{"stage": "sequential-round-coordinate", "pid": 113536, "time": 1789710272.9039881, "cuda_visible_devices": "2", "allocated_gib": 5.225533962249756, "reserved_gib": 8.041015625, "peak_allocated_gib": 7.100478649139404, "gpu_time_budget": null, "module": "model.layers.9.mlp.down_proj", "step": 6272}
{"stage": "sequential-round-coordinate", "pid": 113536, "time": 1789710273.794375, "cuda_visible_devices": "2", "allocated_gib": 5.225533962249756, "reserved_gib": 8.041015625, "peak_allocated_gib": 7.100478649139404, "gpu_time_budget": null, "module": "model.layers.9.mlp.down_proj", "step": 6400}
{"stage": "sequential-round-coordinate", "pid": 113536, "time": 1789710274.6836765, "cuda_visible_devices": "2", "allocated_gib": 5.225533962249756, "reserved_gib": 8.041015625, "peak_allocated_gib": 7.100478649139404, "gpu_time_budget": null, "module": "model.layers.9.mlp.down_proj", "step": 6528}
{"stage": "sequential-round-coordinate", "pid": 113536, "time": 1789710275.5719945, "cuda_visible_devices": "2", "allocated_gib": 5.225533962249756, "reserved_gib": 8.041015625, "peak_allocated_gib": 7.100478649139404, "gpu_time_budget": null, "module": "model.layers.9.mlp.down_proj", "step": 6656}
{"stage": "sequential-round-coordinate", "pid": 113536, "time": 1789710276.4594104, "cuda_visible_devices": "2", "allocated_gib": 5.225533962249756, "reserved_gib": 8.041015625, "peak_allocated_gib": 7.100478649139404, "gpu_time_budget": null, "module": "model.layers.9.mlp.down_proj", "step": 6784}
{"stage": "sequential-round-coordinate", "pid": 113536, "time": 1789710277.346729, "cuda_visible_devices": "2", "allocated_gib": 5.225533962249756, "reserved_gib": 8.041015625, "peak_allocated_gib": 7.100478649139404, "gpu_time_budget": null, "module": "model.layers.9.mlp.down_proj", "step": 6912}
{"stage": "sequential-round-coordinate", "pid": 113536, "time": 1789710278.2350676, "cuda_visible_devices": "2", "allocated_gib": 5.225533962249756, "reserved_gib": 8.041015625, "peak_allocated_gib": 7.100478649139404, "gpu_time_budget": null, "module": "model.layers.9.mlp.down_proj", "step": 7040}
{"stage": "sequential-round-coordinate", "pid": 113536, "time": 1789710279.12337, "cuda_visible_devices": "2", "allocated_gib": 5.225533962249756, "reserved_gib": 8.041015625, "peak_allocated_gib": 7.100478649139404, "gpu_time_budget": null, "module": "model.layers.9.mlp.down_proj", "step": 7168}
{"stage": "sequential-round-coordinate", "pid": 113536, "time": 1789710280.0100005, "cuda_visible_devices": "2", "allocated_gib": 5.225533962249756, "reserved_gib": 8.041015625, "peak_allocated_gib": 7.100478649139404, "gpu_time_budget": null, "module": "model.layers.9.mlp.down_proj", "step": 7296}
{"stage": "sequential-round-coordinate", "pid": 113536, "time": 1789710280.9022613, "cuda_visible_devices": "2", "allocated_gib": 5.225533962249756, "reserved_gib": 8.041015625, "peak_allocated_gib": 7.100478649139404, "gpu_time_budget": null, "module": "model.layers.9.mlp.down_proj", "step": 7424}
{"stage": "sequential-round-coordinate", "pid": 113536, "time": 1789710281.7884648, "cuda_visible_devices": "2", "allocated_gib": 5.225533962249756, "reserved_gib": 8.041015625, "peak_allocated_gib": 7.100478649139404, "gpu_time_budget": null, "module": "model.layers.9.mlp.down_proj", "step": 7552}
{"stage": "sequential-round-coordinate", "pid": 113536, "time": 1789710282.6760821, "cuda_visible_devices": "2", "allocated_gib": 5.225533962249756, "reserved_gib": 8.041015625, "peak_allocated_gib": 7.100478649139404, "gpu_time_budget": null, "module": "model.layers.9.mlp.down_proj", "step": 7680}
{"stage": "sequential-round-coordinate", "pid": 113536, "time": 1789710283.5664988, "cuda_visible_devices": "2", "allocated_gib": 5.225533962249756, "reserved_gib": 8.041015625, "peak_allocated_gib": 7.100478649139404, "gpu_time_budget": null, "module": "model.layers.9.mlp.down_proj", "step": 7808}
{"stage": "sequential-round-coordinate", "pid": 113536, "time": 1789710284.4554691, "cuda_visible_devices": "2", "allocated_gib": 5.225533962249756, "reserved_gib": 8.041015625, "peak_allocated_gib": 7.100478649139404, "gpu_time_budget": null, "module": "model.layers.9.mlp.down_proj", "step": 7936}
{"stage": "sequential-round-coordinate", "pid": 113536, "time": 1789710285.344058, "cuda_visible_devices": "2", "allocated_gib": 5.225533962249756, "reserved_gib": 8.041015625, "peak_allocated_gib": 7.100478649139404, "gpu_time_budget": null, "module": "model.layers.9.mlp.down_proj", "step": 8064}
{"stage": "sequential-round-coordinate", "pid": 113536, "time": 1789710286.3161027, "cuda_visible_devices": "2", "allocated_gib": 5.225533962249756, "reserved_gib": 8.041015625, "peak_allocated_gib": 7.100478649139404, "gpu_time_budget": null, "module": "model.layers.9.mlp.down_proj", "step": 8192}
{"stage": "sequential-round-train-nll", "pid": 113536, "time": 1789710286.4709084, "cuda_visible_devices": "2", "allocated_gib": 3.795783519744873, "reserved_gib": 3.80078125, "peak_allocated_gib": 7.100478649139404, "gpu_time_budget": null, "module": "model.layers.9.mlp.down_proj", "step": 512}
Evaluation segment 1/1: start=0, windows=8, seqlen=2048
{"stage": "sequential-round-train-nll", "pid": 113536, "time": 1789710291.8299425, "cuda_visible_devices": "2", "allocated_gib": 3.795783519744873, "reserved_gib": 5.791015625, "peak_allocated_gib": 7.100478649139404, "gpu_time_budget": null, "module": "model.layers.9.mlp.down_proj", "step": 2048}
Evaluation segment 1/1: start=0, windows=8, seqlen=2048
{"stage": "sequential-round-train-nll", "pid": 113536, "time": 1789710297.1634805, "cuda_visible_devices": "2", "allocated_gib": 3.795783519744873, "reserved_gib": 5.791015625, "peak_allocated_gib": 7.100478649139404, "gpu_time_budget": null, "module": "model.layers.9.mlp.down_proj", "step": 8192}
Evaluation segment 1/1: start=0, windows=8, seqlen=2048
{"stage": "sequential-module-completed", "pid": 113536, "time": 1789710302.638742, "cuda_visible_devices": "2", "allocated_gib": 3.795783519744873, "reserved_gib": 5.791015625, "peak_allocated_gib": 7.100478649139404, "gpu_time_budget": null, "module": "model.layers.9.mlp.down_proj", "completed": 10, "total": 28, "selected_train_nll": 2.827574273984262, "elapsed_seconds": 644.0730367760407}
{"stage": "sequential-round-fit", "pid": 113536, "time": 1789710307.6084645, "cuda_visible_devices": "2", "allocated_gib": 3.795783519744873, "reserved_gib": 5.791015625, "peak_allocated_gib": 7.100478649139404, "gpu_time_budget": null, "module": "model.layers.10.mlp.down_proj", "fit_rows": 49152, "heldout_rows": 16384}
{"stage": "sequential-round-coordinate", "pid": 113536, "time": 1789710308.5703514, "cuda_visible_devices": "2", "allocated_gib": 5.225533962249756, "reserved_gib": 8.041015625, "peak_allocated_gib": 7.100478649139404, "gpu_time_budget": null, "module": "model.layers.10.mlp.down_proj", "step": 128}
{"stage": "sequential-round-coordinate", "pid": 113536, "time": 1789710309.2730043, "cuda_visible_devices": "2", "allocated_gib": 5.225533962249756, "reserved_gib": 8.041015625, "peak_allocated_gib": 7.100478649139404, "gpu_time_budget": null, "module": "model.layers.10.mlp.down_proj", "step": 256}
{"stage": "sequential-round-coordinate", "pid": 113536, "time": 1789710310.004764, "cuda_visible_devices": "2", "allocated_gib": 5.225533962249756, "reserved_gib": 8.041015625, "peak_allocated_gib": 7.100478649139404, "gpu_time_budget": null, "module": "model.layers.10.mlp.down_proj", "step": 384}
{"stage": "sequential-round-coordinate", "pid": 113536, "time": 1789710310.781259, "cuda_visible_devices": "2", "allocated_gib": 5.225533962249756, "reserved_gib": 8.041015625, "peak_allocated_gib": 7.100478649139404, "gpu_time_budget": null, "module": "model.layers.10.mlp.down_proj", "step": 512}
{"stage": "sequential-round-coordinate", "pid": 113536, "time": 1789710311.465075, "cuda_visible_devices": "2", "allocated_gib": 5.225533962249756, "reserved_gib": 8.041015625, "peak_allocated_gib": 7.100478649139404, "gpu_time_budget": null, "module": "model.layers.10.mlp.down_proj", "step": 640}
{"stage": "sequential-round-coordinate", "pid": 113536, "time": 1789710312.1580024, "cuda_visible_devices": "2", "allocated_gib": 5.225533962249756, "reserved_gib": 8.041015625, "peak_allocated_gib": 7.100478649139404, "gpu_time_budget": null, "module": "model.layers.10.mlp.down_proj", "step": 768}
{"stage": "sequential-round-coordinate", "pid": 113536, "time": 1789710312.8561454, "cuda_visible_devices": "2", "allocated_gib": 5.225533962249756, "reserved_gib": 8.041015625, "peak_allocated_gib": 7.100478649139404, "gpu_time_budget": null, "module": "model.layers.10.mlp.down_proj", "step": 896}
{"stage": "sequential-round-coordinate", "pid": 113536, "time": 1789710313.5491674, "cuda_visible_devices": "2", "allocated_gib": 5.225533962249756, "reserved_gib": 8.041015625, "peak_allocated_gib": 7.100478649139404, "gpu_time_budget": null, "module": "model.layers.10.mlp.down_proj", "step": 1024}
{"stage": "sequential-round-coordinate", "pid": 113536, "time": 1789710314.2407758, "cuda_visible_devices": "2", "allocated_gib": 5.225533962249756, "reserved_gib": 8.041015625, "peak_allocated_gib": 7.100478649139404, "gpu_time_budget": null, "module": "model.layers.10.mlp.down_proj", "step": 1152}
{"stage": "sequential-round-coordinate", "pid": 113536, "time": 1789710314.9529035, "cuda_visible_devices": "2", "allocated_gib": 5.225533962249756, "reserved_gib": 8.041015625, "peak_allocated_gib": 7.100478649139404, "gpu_time_budget": null, "module": "model.layers.10.mlp.down_proj", "step": 1280}
{"stage": "sequential-round-coordinate", "pid": 113536, "time": 1789710315.6867678, "cuda_visible_devices": "2", "allocated_gib": 5.225533962249756, "reserved_gib": 8.041015625, "peak_allocated_gib": 7.100478649139404, "gpu_time_budget": null, "module": "model.layers.10.mlp.down_proj", "step": 1408}
{"stage": "sequential-round-coordinate", "pid": 113536, "time": 1789710316.3410747, "cuda_visible_devices": "2", "allocated_gib": 5.225533962249756, "reserved_gib": 8.041015625, "peak_allocated_gib": 7.100478649139404, "gpu_time_budget": null, "module": "model.layers.10.mlp.down_proj", "step": 1536}
{"stage": "sequential-round-coordinate", "pid": 113536, "time": 1789710317.0709963, "cuda_visible_devices": "2", "allocated_gib": 5.225533962249756, "reserved_gib": 8.041015625, "peak_allocated_gib": 7.100478649139404, "gpu_time_budget": null, "module": "model.layers.10.mlp.down_proj", "step": 1664}
{"stage": "sequential-round-coordinate", "pid": 113536, "time": 1789710317.7622325, "cuda_visible_devices": "2", "allocated_gib": 5.225533962249756, "reserved_gib": 8.041015625, "peak_allocated_gib": 7.100478649139404, "gpu_time_budget": null, "module": "model.layers.10.mlp.down_proj", "step": 1792}
{"stage": "sequential-round-coordinate", "pid": 113536, "time": 1789710318.4544413, "cuda_visible_devices": "2", "allocated_gib": 5.225533962249756, "reserved_gib": 8.041015625, "peak_allocated_gib": 7.100478649139404, "gpu_time_budget": null, "module": "model.layers.10.mlp.down_proj", "step": 1920}
{"stage": "sequential-round-coordinate", "pid": 113536, "time": 1789710319.2008853, "cuda_visible_devices": "2", "allocated_gib": 5.225533962249756, "reserved_gib": 8.041015625, "peak_allocated_gib": 7.100478649139404, "gpu_time_budget": null, "module": "model.layers.10.mlp.down_proj", "step": 2048}
{"stage": "sequential-round-coordinate", "pid": 113536, "time": 1789710319.8936787, "cuda_visible_devices": "2", "allocated_gib": 5.225533962249756, "reserved_gib": 8.041015625, "peak_allocated_gib": 7.100478649139404, "gpu_time_budget": null, "module": "model.layers.10.mlp.down_proj", "step": 2176}
{"stage": "sequential-round-coordinate", "pid": 113536, "time": 1789710320.600453, "cuda_visible_devices": "2", "allocated_gib": 5.225533962249756, "reserved_gib": 8.041015625, "peak_allocated_gib": 7.100478649139404, "gpu_time_budget": null, "module": "model.layers.10.mlp.down_proj", "step": 2304}
{"stage": "sequential-round-coordinate", "pid": 113536, "time": 1789710321.2376976, "cuda_visible_devices": "2", "allocated_gib": 5.225533962249756, "reserved_gib": 8.041015625, "peak_allocated_gib": 7.100478649139404, "gpu_time_budget": null, "module": "model.layers.10.mlp.down_proj", "step": 2432}
{"stage": "sequential-round-coordinate", "pid": 113536, "time": 1789710321.8296273, "cuda_visible_devices": "2", "allocated_gib": 5.225533962249756, "reserved_gib": 8.041015625, "peak_allocated_gib": 7.100478649139404, "gpu_time_budget": null, "module": "model.layers.10.mlp.down_proj", "step": 2560}
{"stage": "sequential-round-coordinate", "pid": 113536, "time": 1789710322.4211373, "cuda_visible_devices": "2", "allocated_gib": 5.225533962249756, "reserved_gib": 8.041015625, "peak_allocated_gib": 7.100478649139404, "gpu_time_budget": null, "module": "model.layers.10.mlp.down_proj", "step": 2688}
{"stage": "sequential-round-coordinate", "pid": 113536, "time": 1789710323.011678, "cuda_visible_devices": "2", "allocated_gib": 5.225533962249756, "reserved_gib": 8.041015625, "peak_allocated_gib": 7.100478649139404, "gpu_time_budget": null, "module": "model.layers.10.mlp.down_proj", "step": 2816}
{"stage": "sequential-round-coordinate", "pid": 113536, "time": 1789710323.6000597, "cuda_visible_devices": "2", "allocated_gib": 5.225533962249756, "reserved_gib": 8.041015625, "peak_allocated_gib": 7.100478649139404, "gpu_time_budget": null, "module": "model.layers.10.mlp.down_proj", "step": 2944}
{"stage": "sequential-round-coordinate", "pid": 113536, "time": 1789710324.1914237, "cuda_visible_devices": "2", "allocated_gib": 5.225533962249756, "reserved_gib": 8.041015625, "peak_allocated_gib": 7.100478649139404, "gpu_time_budget": null, "module": "model.layers.10.mlp.down_proj", "step": 3072}
{"stage": "sequential-round-coordinate", "pid": 113536, "time": 1789710324.7808943, "cuda_visible_devices": "2", "allocated_gib": 5.225533962249756, "reserved_gib": 8.041015625, "peak_allocated_gib": 7.100478649139404, "gpu_time_budget": null, "module": "model.layers.10.mlp.down_proj", "step": 3200}
{"stage": "sequential-round-coordinate", "pid": 113536, "time": 1789710325.368611, "cuda_visible_devices": "2", "allocated_gib": 5.225533962249756, "reserved_gib": 8.041015625, "peak_allocated_gib": 7.100478649139404, "gpu_time_budget": null, "module": "model.layers.10.mlp.down_proj", "step": 3328}
{"stage": "sequential-round-coordinate", "pid": 113536, "time": 1789710325.9341874, "cuda_visible_devices": "2", "allocated_gib": 5.225533962249756, "reserved_gib": 8.041015625, "peak_allocated_gib": 7.100478649139404, "gpu_time_budget": null, "module": "model.layers.10.mlp.down_proj", "step": 3456}
{"stage": "sequential-round-coordinate", "pid": 113536, "time": 1789710326.7522228, "cuda_visible_devices": "2", "allocated_gib": 5.225533962249756, "reserved_gib": 8.041015625, "peak_allocated_gib": 7.100478649139404, "gpu_time_budget": null, "module": "model.layers.10.mlp.down_proj", "step": 3584}
{"stage": "sequential-round-coordinate", "pid": 113536, "time": 1789710327.644032, "cuda_visible_devices": "2", "allocated_gib": 5.225533962249756, "reserved_gib": 8.041015625, "peak_allocated_gib": 7.100478649139404, "gpu_time_budget": null, "module": "model.layers.10.mlp.down_proj", "step": 3712}
{"stage": "sequential-round-coordinate", "pid": 113536, "time": 1789710328.535092, "cuda_visible_devices": "2", "allocated_gib": 5.225533962249756, "reserved_gib": 8.041015625, "peak_allocated_gib": 7.100478649139404, "gpu_time_budget": null, "module": "model.layers.10.mlp.down_proj", "step": 3840}
{"stage": "sequential-round-coordinate", "pid": 113536, "time": 1789710329.4232085, "cuda_visible_devices": "2", "allocated_gib": 5.225533962249756, "reserved_gib": 8.041015625, "peak_allocated_gib": 7.100478649139404, "gpu_time_budget": null, "module": "model.layers.10.mlp.down_proj", "step": 3968}
{"stage": "sequential-round-coordinate", "pid": 113536, "time": 1789710330.314329, "cuda_visible_devices": "2", "allocated_gib": 5.225533962249756, "reserved_gib": 8.041015625, "peak_allocated_gib": 7.100478649139404, "gpu_time_budget": null, "module": "model.layers.10.mlp.down_proj", "step": 4096}
{"stage": "sequential-round-coordinate", "pid": 113536, "time": 1789710331.2049756, "cuda_visible_devices": "2", "allocated_gib": 5.225533962249756, "reserved_gib": 8.041015625, "peak_allocated_gib": 7.100478649139404, "gpu_time_budget": null, "module": "model.layers.10.mlp.down_proj", "step": 4224}
{"stage": "sequential-round-coordinate", "pid": 113536, "time": 1789710332.0945392, "cuda_visible_devices": "2", "allocated_gib": 5.225533962249756, "reserved_gib": 8.041015625, "peak_allocated_gib": 7.100478649139404, "gpu_time_budget": null, "module": "model.layers.10.mlp.down_proj", "step": 4352}
{"stage": "sequential-round-coordinate", "pid": 113536, "time": 1789710332.9836862, "cuda_visible_devices": "2", "allocated_gib": 5.225533962249756, "reserved_gib": 8.041015625, "peak_allocated_gib": 7.100478649139404, "gpu_time_budget": null, "module": "model.layers.10.mlp.down_proj", "step": 4480}
{"stage": "sequential-round-coordinate", "pid": 113536, "time": 1789710333.8724594, "cuda_visible_devices": "2", "allocated_gib": 5.225533962249756, "reserved_gib": 8.041015625, "peak_allocated_gib": 7.100478649139404, "gpu_time_budget": null, "module": "model.layers.10.mlp.down_proj", "step": 4608}
{"stage": "sequential-round-coordinate", "pid": 113536, "time": 1789710334.7677824, "cuda_visible_devices": "2", "allocated_gib": 5.225533962249756, "reserved_gib": 8.041015625, "peak_allocated_gib": 7.100478649139404, "gpu_time_budget": null, "module": "model.layers.10.mlp.down_proj", "step": 4736}
{"stage": "sequential-round-coordinate", "pid": 113536, "time": 1789710335.6546302, "cuda_visible_devices": "2", "allocated_gib": 5.225533962249756, "reserved_gib": 8.041015625, "peak_allocated_gib": 7.100478649139404, "gpu_time_budget": null, "module": "model.layers.10.mlp.down_proj", "step": 4864}
{"stage": "sequential-round-coordinate", "pid": 113536, "time": 1789710336.5457704, "cuda_visible_devices": "2", "allocated_gib": 5.225533962249756, "reserved_gib": 8.041015625, "peak_allocated_gib": 7.100478649139404, "gpu_time_budget": null, "module": "model.layers.10.mlp.down_proj", "step": 4992}
{"stage": "sequential-round-coordinate", "pid": 113536, "time": 1789710337.4329834, "cuda_visible_devices": "2", "allocated_gib": 5.225533962249756, "reserved_gib": 8.041015625, "peak_allocated_gib": 7.100478649139404, "gpu_time_budget": null, "module": "model.layers.10.mlp.down_proj", "step": 5120}
{"stage": "sequential-round-coordinate", "pid": 113536, "time": 1789710338.3205867, "cuda_visible_devices": "2", "allocated_gib": 5.225533962249756, "reserved_gib": 8.041015625, "peak_allocated_gib": 7.100478649139404, "gpu_time_budget": null, "module": "model.layers.10.mlp.down_proj", "step": 5248}
{"stage": "sequential-round-coordinate", "pid": 113536, "time": 1789710339.2054, "cuda_visible_devices": "2", "allocated_gib": 5.225533962249756, "reserved_gib": 8.041015625, "peak_allocated_gib": 7.100478649139404, "gpu_time_budget": null, "module": "model.layers.10.mlp.down_proj", "step": 5376}
{"stage": "sequential-round-coordinate", "pid": 113536, "time": 1789710340.0929909, "cuda_visible_devices": "2", "allocated_gib": 5.225533962249756, "reserved_gib": 8.041015625, "peak_allocated_gib": 7.100478649139404, "gpu_time_budget": null, "module": "model.layers.10.mlp.down_proj", "step": 5504}
{"stage": "sequential-round-coordinate", "pid": 113536, "time": 1789710340.9826868, "cuda_visible_devices": "2", "allocated_gib": 5.225533962249756, "reserved_gib": 8.041015625, "peak_allocated_gib": 7.100478649139404, "gpu_time_budget": null, "module": "model.layers.10.mlp.down_proj", "step": 5632}
{"stage": "sequential-round-coordinate", "pid": 113536, "time": 1789710341.8703136, "cuda_visible_devices": "2", "allocated_gib": 5.225533962249756, "reserved_gib": 8.041015625, "peak_allocated_gib": 7.100478649139404, "gpu_time_budget": null, "module": "model.layers.10.mlp.down_proj", "step": 5760}
{"stage": "sequential-round-coordinate", "pid": 113536, "time": 1789710342.7584307, "cuda_visible_devices": "2", "allocated_gib": 5.225533962249756, "reserved_gib": 8.041015625, "peak_allocated_gib": 7.100478649139404, "gpu_time_budget": null, "module": "model.layers.10.mlp.down_proj", "step": 5888}
{"stage": "sequential-round-coordinate", "pid": 113536, "time": 1789710343.6468601, "cuda_visible_devices": "2", "allocated_gib": 5.225533962249756, "reserved_gib": 8.041015625, "peak_allocated_gib": 7.100478649139404, "gpu_time_budget": null, "module": "model.layers.10.mlp.down_proj", "step": 6016}
{"stage": "sequential-round-coordinate", "pid": 113536, "time": 1789710344.5357509, "cuda_visible_devices": "2", "allocated_gib": 5.225533962249756, "reserved_gib": 8.041015625, "peak_allocated_gib": 7.100478649139404, "gpu_time_budget": null, "module": "model.layers.10.mlp.down_proj", "step": 6144}
{"stage": "sequential-round-coordinate", "pid": 113536, "time": 1789710345.4241529, "cuda_visible_devices": "2", "allocated_gib": 5.225533962249756, "reserved_gib": 8.041015625, "peak_allocated_gib": 7.100478649139404, "gpu_time_budget": null, "module": "model.layers.10.mlp.down_proj", "step": 6272}
{"stage": "sequential-round-coordinate", "pid": 113536, "time": 1789710346.310871, "cuda_visible_devices": "2", "allocated_gib": 5.225533962249756, "reserved_gib": 8.041015625, "peak_allocated_gib": 7.100478649139404, "gpu_time_budget": null, "module": "model.layers.10.mlp.down_proj", "step": 6400}
{"stage": "sequential-round-coordinate", "pid": 113536, "time": 1789710347.1981804, "cuda_visible_devices": "2", "allocated_gib": 5.225533962249756, "reserved_gib": 8.041015625, "peak_allocated_gib": 7.100478649139404, "gpu_time_budget": null, "module": "model.layers.10.mlp.down_proj", "step": 6528}
{"stage": "sequential-round-coordinate", "pid": 113536, "time": 1789710348.0852942, "cuda_visible_devices": "2", "allocated_gib": 5.225533962249756, "reserved_gib": 8.041015625, "peak_allocated_gib": 7.100478649139404, "gpu_time_budget": null, "module": "model.layers.10.mlp.down_proj", "step": 6656}
{"stage": "sequential-round-coordinate", "pid": 113536, "time": 1789710348.976035, "cuda_visible_devices": "2", "allocated_gib": 5.225533962249756, "reserved_gib": 8.041015625, "peak_allocated_gib": 7.100478649139404, "gpu_time_budget": null, "module": "model.layers.10.mlp.down_proj", "step": 6784}
{"stage": "sequential-round-coordinate", "pid": 113536, "time": 1789710349.8619905, "cuda_visible_devices": "2", "allocated_gib": 5.225533962249756, "reserved_gib": 8.041015625, "peak_allocated_gib": 7.100478649139404, "gpu_time_budget": null, "module": "model.layers.10.mlp.down_proj", "step": 6912}
{"stage": "sequential-round-coordinate", "pid": 113536, "time": 1789710350.7524924, "cuda_visible_devices": "2", "allocated_gib": 5.225533962249756, "reserved_gib": 8.041015625, "peak_allocated_gib": 7.100478649139404, "gpu_time_budget": null, "module": "model.layers.10.mlp.down_proj", "step": 7040}
{"stage": "sequential-round-coordinate", "pid": 113536, "time": 1789710351.640636, "cuda_visible_devices": "2", "allocated_gib": 5.225533962249756, "reserved_gib": 8.041015625, "peak_allocated_gib": 7.100478649139404, "gpu_time_budget": null, "module": "model.layers.10.mlp.down_proj", "step": 7168}
{"stage": "sequential-round-coordinate", "pid": 113536, "time": 1789710352.5286105, "cuda_visible_devices": "2", "allocated_gib": 5.225533962249756, "reserved_gib": 8.041015625, "peak_allocated_gib": 7.100478649139404, "gpu_time_budget": null, "module": "model.layers.10.mlp.down_proj", "step": 7296}
{"stage": "sequential-round-coordinate", "pid": 113536, "time": 1789710353.418371, "cuda_visible_devices": "2", "allocated_gib": 5.225533962249756, "reserved_gib": 8.041015625, "peak_allocated_gib": 7.100478649139404, "gpu_time_budget": null, "module": "model.layers.10.mlp.down_proj", "step": 7424}
{"stage": "sequential-round-coordinate", "pid": 113536, "time": 1789710354.3079998, "cuda_visible_devices": "2", "allocated_gib": 5.225533962249756, "reserved_gib": 8.041015625, "peak_allocated_gib": 7.100478649139404, "gpu_time_budget": null, "module": "model.layers.10.mlp.down_proj", "step": 7552}
{"stage": "sequential-round-coordinate", "pid": 113536, "time": 1789710355.1997225, "cuda_visible_devices": "2", "allocated_gib": 5.225533962249756, "reserved_gib": 8.041015625, "peak_allocated_gib": 7.100478649139404, "gpu_time_budget": null, "module": "model.layers.10.mlp.down_proj", "step": 7680}
{"stage": "sequential-round-coordinate", "pid": 113536, "time": 1789710356.0899198, "cuda_visible_devices": "2", "allocated_gib": 5.225533962249756, "reserved_gib": 8.041015625, "peak_allocated_gib": 7.100478649139404, "gpu_time_budget": null, "module": "model.layers.10.mlp.down_proj", "step": 7808}
{"stage": "sequential-round-coordinate", "pid": 113536, "time": 1789710356.9795327, "cuda_visible_devices": "2", "allocated_gib": 5.225533962249756, "reserved_gib": 8.041015625, "peak_allocated_gib": 7.100478649139404, "gpu_time_budget": null, "module": "model.layers.10.mlp.down_proj", "step": 7936}
{"stage": "sequential-round-coordinate", "pid": 113536, "time": 1789710357.8682802, "cuda_visible_devices": "2", "allocated_gib": 5.225533962249756, "reserved_gib": 8.041015625, "peak_allocated_gib": 7.100478649139404, "gpu_time_budget": null, "module": "model.layers.10.mlp.down_proj", "step": 8064}
{"stage": "sequential-round-coordinate", "pid": 113536, "time": 1789710358.837402, "cuda_visible_devices": "2", "allocated_gib": 5.225533962249756, "reserved_gib": 8.041015625, "peak_allocated_gib": 7.100478649139404, "gpu_time_budget": null, "module": "model.layers.10.mlp.down_proj", "step": 8192}
{"stage": "sequential-round-train-nll", "pid": 113536, "time": 1789710358.9146793, "cuda_visible_devices": "2", "allocated_gib": 3.795783519744873, "reserved_gib": 3.80078125, "peak_allocated_gib": 7.100478649139404, "gpu_time_budget": null, "module": "model.layers.10.mlp.down_proj", "step": 512}
Evaluation segment 1/1: start=0, windows=8, seqlen=2048
{"stage": "sequential-round-train-nll", "pid": 113536, "time": 1789710364.200691, "cuda_visible_devices": "2", "allocated_gib": 3.795783519744873, "reserved_gib": 5.791015625, "peak_allocated_gib": 7.100478649139404, "gpu_time_budget": null, "module": "model.layers.10.mlp.down_proj", "step": 2048}
Evaluation segment 1/1: start=0, windows=8, seqlen=2048
{"stage": "sequential-round-train-nll", "pid": 113536, "time": 1789710369.4382832, "cuda_visible_devices": "2", "allocated_gib": 3.795783519744873, "reserved_gib": 5.791015625, "peak_allocated_gib": 7.100478649139404, "gpu_time_budget": null, "module": "model.layers.10.mlp.down_proj", "step": 8192}
Evaluation segment 1/1: start=0, windows=8, seqlen=2048
{"stage": "sequential-module-completed", "pid": 113536, "time": 1789710374.772415, "cuda_visible_devices": "2", "allocated_gib": 3.795783519744873, "reserved_gib": 5.791015625, "peak_allocated_gib": 7.100478649139404, "gpu_time_budget": null, "module": "model.layers.10.mlp.down_proj", "completed": 11, "total": 28, "selected_train_nll": 2.8268931042263983, "elapsed_seconds": 716.206720198039}
{"stage": "sequential-round-fit", "pid": 113536, "time": 1789710379.2516656, "cuda_visible_devices": "2", "allocated_gib": 3.795783519744873, "reserved_gib": 5.791015625, "peak_allocated_gib": 7.100478649139404, "gpu_time_budget": null, "module": "model.layers.11.mlp.down_proj", "fit_rows": 49152, "heldout_rows": 16384}
{"stage": "sequential-round-coordinate", "pid": 113536, "time": 1789710380.195337, "cuda_visible_devices": "2", "allocated_gib": 5.225533962249756, "reserved_gib": 8.041015625, "peak_allocated_gib": 7.100478649139404, "gpu_time_budget": null, "module": "model.layers.11.mlp.down_proj", "step": 128}
{"stage": "sequential-round-coordinate", "pid": 113536, "time": 1789710380.8887224, "cuda_visible_devices": "2", "allocated_gib": 5.225533962249756, "reserved_gib": 8.041015625, "peak_allocated_gib": 7.100478649139404, "gpu_time_budget": null, "module": "model.layers.11.mlp.down_proj", "step": 256}
{"stage": "sequential-round-coordinate", "pid": 113536, "time": 1789710381.580082, "cuda_visible_devices": "2", "allocated_gib": 5.225533962249756, "reserved_gib": 8.041015625, "peak_allocated_gib": 7.100478649139404, "gpu_time_budget": null, "module": "model.layers.11.mlp.down_proj", "step": 384}
{"stage": "sequential-round-coordinate", "pid": 113536, "time": 1789710382.3625572, "cuda_visible_devices": "2", "allocated_gib": 5.225533962249756, "reserved_gib": 8.041015625, "peak_allocated_gib": 7.100478649139404, "gpu_time_budget": null, "module": "model.layers.11.mlp.down_proj", "step": 512}
{"stage": "sequential-round-coordinate", "pid": 113536, "time": 1789710383.0934076, "cuda_visible_devices": "2", "allocated_gib": 5.225533962249756, "reserved_gib": 8.041015625, "peak_allocated_gib": 7.100478649139404, "gpu_time_budget": null, "module": "model.layers.11.mlp.down_proj", "step": 640}
{"stage": "sequential-round-coordinate", "pid": 113536, "time": 1789710383.7967002, "cuda_visible_devices": "2", "allocated_gib": 5.225533962249756, "reserved_gib": 8.041015625, "peak_allocated_gib": 7.100478649139404, "gpu_time_budget": null, "module": "model.layers.11.mlp.down_proj", "step": 768}
{"stage": "sequential-round-coordinate", "pid": 113536, "time": 1789710384.4679813, "cuda_visible_devices": "2", "allocated_gib": 5.225533962249756, "reserved_gib": 8.041015625, "peak_allocated_gib": 7.100478649139404, "gpu_time_budget": null, "module": "model.layers.11.mlp.down_proj", "step": 896}
{"stage": "sequential-round-coordinate", "pid": 113536, "time": 1789710385.1584568, "cuda_visible_devices": "2", "allocated_gib": 5.225533962249756, "reserved_gib": 8.041015625, "peak_allocated_gib": 7.100478649139404, "gpu_time_budget": null, "module": "model.layers.11.mlp.down_proj", "step": 1024}
{"stage": "sequential-round-coordinate", "pid": 113536, "time": 1789710385.8503525, "cuda_visible_devices": "2", "allocated_gib": 5.225533962249756, "reserved_gib": 8.041015625, "peak_allocated_gib": 7.100478649139404, "gpu_time_budget": null, "module": "model.layers.11.mlp.down_proj", "step": 1152}
{"stage": "sequential-round-coordinate", "pid": 113536, "time": 1789710386.5407352, "cuda_visible_devices": "2", "allocated_gib": 5.225533962249756, "reserved_gib": 8.041015625, "peak_allocated_gib": 7.100478649139404, "gpu_time_budget": null, "module": "model.layers.11.mlp.down_proj", "step": 1280}
{"stage": "sequential-round-coordinate", "pid": 113536, "time": 1789710387.2317848, "cuda_visible_devices": "2", "allocated_gib": 5.225533962249756, "reserved_gib": 8.041015625, "peak_allocated_gib": 7.100478649139404, "gpu_time_budget": null, "module": "model.layers.11.mlp.down_proj", "step": 1408}
{"stage": "sequential-round-coordinate", "pid": 113536, "time": 1789710387.9228246, "cuda_visible_devices": "2", "allocated_gib": 5.225533962249756, "reserved_gib": 8.041015625, "peak_allocated_gib": 7.100478649139404, "gpu_time_budget": null, "module": "model.layers.11.mlp.down_proj", "step": 1536}
{"stage": "sequential-round-coordinate", "pid": 113536, "time": 1789710388.6561296, "cuda_visible_devices": "2", "allocated_gib": 5.225533962249756, "reserved_gib": 8.041015625, "peak_allocated_gib": 7.100478649139404, "gpu_time_budget": null, "module": "model.layers.11.mlp.down_proj", "step": 1664}
{"stage": "sequential-round-coordinate", "pid": 113536, "time": 1789710389.388825, "cuda_visible_devices": "2", "allocated_gib": 5.225533962249756, "reserved_gib": 8.041015625, "peak_allocated_gib": 7.100478649139404, "gpu_time_budget": null, "module": "model.layers.11.mlp.down_proj", "step": 1792}
{"stage": "sequential-round-coordinate", "pid": 113536, "time": 1789710389.937561, "cuda_visible_devices": "2", "allocated_gib": 5.225533962249756, "reserved_gib": 8.041015625, "peak_allocated_gib": 7.100478649139404, "gpu_time_budget": null, "module": "model.layers.11.mlp.down_proj", "step": 1920}
{"stage": "sequential-round-coordinate", "pid": 113536, "time": 1789710390.5838876, "cuda_visible_devices": "2", "allocated_gib": 5.225533962249756, "reserved_gib": 8.041015625, "peak_allocated_gib": 7.100478649139404, "gpu_time_budget": null, "module": "model.layers.11.mlp.down_proj", "step": 2048}
{"stage": "sequential-round-coordinate", "pid": 113536, "time": 1789710391.1756022, "cuda_visible_devices": "2", "allocated_gib": 5.225533962249756, "reserved_gib": 8.041015625, "peak_allocated_gib": 7.100478649139404, "gpu_time_budget": null, "module": "model.layers.11.mlp.down_proj", "step": 2176}
{"stage": "sequential-round-coordinate", "pid": 113536, "time": 1789710391.76422, "cuda_visible_devices": "2", "allocated_gib": 5.225533962249756, "reserved_gib": 8.041015625, "peak_allocated_gib": 7.100478649139404, "gpu_time_budget": null, "module": "model.layers.11.mlp.down_proj", "step": 2304}
{"stage": "sequential-round-coordinate", "pid": 113536, "time": 1789710392.3524666, "cuda_visible_devices": "2", "allocated_gib": 5.225533962249756, "reserved_gib": 8.041015625, "peak_allocated_gib": 7.100478649139404, "gpu_time_budget": null, "module": "model.layers.11.mlp.down_proj", "step": 2432}
{"stage": "sequential-round-coordinate", "pid": 113536, "time": 1789710392.9426634, "cuda_visible_devices": "2", "allocated_gib": 5.225533962249756, "reserved_gib": 8.041015625, "peak_allocated_gib": 7.100478649139404, "gpu_time_budget": null, "module": "model.layers.11.mlp.down_proj", "step": 2560}
{"stage": "sequential-round-coordinate", "pid": 113536, "time": 1789710393.5295737, "cuda_visible_devices": "2", "allocated_gib": 5.225533962249756, "reserved_gib": 8.041015625, "peak_allocated_gib": 7.100478649139404, "gpu_time_budget": null, "module": "model.layers.11.mlp.down_proj", "step": 2688}
{"stage": "sequential-round-coordinate", "pid": 113536, "time": 1789710394.118167, "cuda_visible_devices": "2", "allocated_gib": 5.225533962249756, "reserved_gib": 8.041015625, "peak_allocated_gib": 7.100478649139404, "gpu_time_budget": null, "module": "model.layers.11.mlp.down_proj", "step": 2816}
{"stage": "sequential-round-coordinate", "pid": 113536, "time": 1789710394.7020025, "cuda_visible_devices": "2", "allocated_gib": 5.225533962249756, "reserved_gib": 8.041015625, "peak_allocated_gib": 7.100478649139404, "gpu_time_budget": null, "module": "model.layers.11.mlp.down_proj", "step": 2944}
{"stage": "sequential-round-coordinate", "pid": 113536, "time": 1789710395.225829, "cuda_visible_devices": "2", "allocated_gib": 5.225533962249756, "reserved_gib": 8.041015625, "peak_allocated_gib": 7.100478649139404, "gpu_time_budget": null, "module": "model.layers.11.mlp.down_proj", "step": 3072}
{"stage": "sequential-round-coordinate", "pid": 113536, "time": 1789710396.1327157, "cuda_visible_devices": "2", "allocated_gib": 5.225533962249756, "reserved_gib": 8.041015625, "peak_allocated_gib": 7.100478649139404, "gpu_time_budget": null, "module": "model.layers.11.mlp.down_proj", "step": 3200}
{"stage": "sequential-round-coordinate", "pid": 113536, "time": 1789710397.0233698, "cuda_visible_devices": "2", "allocated_gib": 5.225533962249756, "reserved_gib": 8.041015625, "peak_allocated_gib": 7.100478649139404, "gpu_time_budget": null, "module": "model.layers.11.mlp.down_proj", "step": 3328}
{"stage": "sequential-round-coordinate", "pid": 113536, "time": 1789710397.9153419, "cuda_visible_devices": "2", "allocated_gib": 5.225533962249756, "reserved_gib": 8.041015625, "peak_allocated_gib": 7.100478649139404, "gpu_time_budget": null, "module": "model.layers.11.mlp.down_proj", "step": 3456}
{"stage": "sequential-round-coordinate", "pid": 113536, "time": 1789710398.805385, "cuda_visible_devices": "2", "allocated_gib": 5.225533962249756, "reserved_gib": 8.041015625, "peak_allocated_gib": 7.100478649139404, "gpu_time_budget": null, "module": "model.layers.11.mlp.down_proj", "step": 3584}
{"stage": "sequential-round-coordinate", "pid": 113536, "time": 1789710399.7042055, "cuda_visible_devices": "2", "allocated_gib": 5.225533962249756, "reserved_gib": 8.041015625, "peak_allocated_gib": 7.100478649139404, "gpu_time_budget": null, "module": "model.layers.11.mlp.down_proj", "step": 3712}
{"stage": "sequential-round-coordinate", "pid": 113536, "time": 1789710400.5982776, "cuda_visible_devices": "2", "allocated_gib": 5.225533962249756, "reserved_gib": 8.041015625, "peak_allocated_gib": 7.100478649139404, "gpu_time_budget": null, "module": "model.layers.11.mlp.down_proj", "step": 3840}
{"stage": "sequential-round-coordinate", "pid": 113536, "time": 1789710401.490552, "cuda_visible_devices": "2", "allocated_gib": 5.225533962249756, "reserved_gib": 8.041015625, "peak_allocated_gib": 7.100478649139404, "gpu_time_budget": null, "module": "model.layers.11.mlp.down_proj", "step": 3968}
{"stage": "sequential-round-coordinate", "pid": 113536, "time": 1789710402.379156, "cuda_visible_devices": "2", "allocated_gib": 5.225533962249756, "reserved_gib": 8.041015625, "peak_allocated_gib": 7.100478649139404, "gpu_time_budget": null, "module": "model.layers.11.mlp.down_proj", "step": 4096}
{"stage": "sequential-round-coordinate", "pid": 113536, "time": 1789710403.2683144, "cuda_visible_devices": "2", "allocated_gib": 5.225533962249756, "reserved_gib": 8.041015625, "peak_allocated_gib": 7.100478649139404, "gpu_time_budget": null, "module": "model.layers.11.mlp.down_proj", "step": 4224}
{"stage": "sequential-round-coordinate", "pid": 113536, "time": 1789710404.15699, "cuda_visible_devices": "2", "allocated_gib": 5.225533962249756, "reserved_gib": 8.041015625, "peak_allocated_gib": 7.100478649139404, "gpu_time_budget": null, "module": "model.layers.11.mlp.down_proj", "step": 4352}
{"stage": "sequential-round-coordinate", "pid": 113536, "time": 1789710405.0448709, "cuda_visible_devices": "2", "allocated_gib": 5.225533962249756, "reserved_gib": 8.041015625, "peak_allocated_gib": 7.100478649139404, "gpu_time_budget": null, "module": "model.layers.11.mlp.down_proj", "step": 4480}
{"stage": "sequential-round-coordinate", "pid": 113536, "time": 1789710405.9372866, "cuda_visible_devices": "2", "allocated_gib": 5.225533962249756, "reserved_gib": 8.041015625, "peak_allocated_gib": 7.100478649139404, "gpu_time_budget": null, "module": "model.layers.11.mlp.down_proj", "step": 4608}
{"stage": "sequential-round-coordinate", "pid": 113536, "time": 1789710406.8236141, "cuda_visible_devices": "2", "allocated_gib": 5.225533962249756, "reserved_gib": 8.041015625, "peak_allocated_gib": 7.100478649139404, "gpu_time_budget": null, "module": "model.layers.11.mlp.down_proj", "step": 4736}
{"stage": "sequential-round-coordinate", "pid": 113536, "time": 1789710407.7111764, "cuda_visible_devices": "2", "allocated_gib": 5.225533962249756, "reserved_gib": 8.041015625, "peak_allocated_gib": 7.100478649139404, "gpu_time_budget": null, "module": "model.layers.11.mlp.down_proj", "step": 4864}
{"stage": "sequential-round-coordinate", "pid": 113536, "time": 1789710408.6003745, "cuda_visible_devices": "2", "allocated_gib": 5.225533962249756, "reserved_gib": 8.041015625, "peak_allocated_gib": 7.100478649139404, "gpu_time_budget": null, "module": "model.layers.11.mlp.down_proj", "step": 4992}
{"stage": "sequential-round-coordinate", "pid": 113536, "time": 1789710409.489453, "cuda_visible_devices": "2", "allocated_gib": 5.225533962249756, "reserved_gib": 8.041015625, "peak_allocated_gib": 7.100478649139404, "gpu_time_budget": null, "module": "model.layers.11.mlp.down_proj", "step": 5120}
{"stage": "sequential-round-coordinate", "pid": 113536, "time": 1789710410.3818135, "cuda_visible_devices": "2", "allocated_gib": 5.225533962249756, "reserved_gib": 8.041015625, "peak_allocated_gib": 7.100478649139404, "gpu_time_budget": null, "module": "model.layers.11.mlp.down_proj", "step": 5248}
{"stage": "sequential-round-coordinate", "pid": 113536, "time": 1789710411.2737598, "cuda_visible_devices": "2", "allocated_gib": 5.225533962249756, "reserved_gib": 8.041015625, "peak_allocated_gib": 7.100478649139404, "gpu_time_budget": null, "module": "model.layers.11.mlp.down_proj", "step": 5376}
{"stage": "sequential-round-coordinate", "pid": 113536, "time": 1789710412.1644309, "cuda_visible_devices": "2", "allocated_gib": 5.225533962249756, "reserved_gib": 8.041015625, "peak_allocated_gib": 7.100478649139404, "gpu_time_budget": null, "module": "model.layers.11.mlp.down_proj", "step": 5504}
{"stage": "sequential-round-coordinate", "pid": 113536, "time": 1789710413.052151, "cuda_visible_devices": "2", "allocated_gib": 5.225533962249756, "reserved_gib": 8.041015625, "peak_allocated_gib": 7.100478649139404, "gpu_time_budget": null, "module": "model.layers.11.mlp.down_proj", "step": 5632}
{"stage": "sequential-round-coordinate", "pid": 113536, "time": 1789710413.9421356, "cuda_visible_devices": "2", "allocated_gib": 5.225533962249756, "reserved_gib": 8.041015625, "peak_allocated_gib": 7.100478649139404, "gpu_time_budget": null, "module": "model.layers.11.mlp.down_proj", "step": 5760}
{"stage": "sequential-round-coordinate", "pid": 113536, "time": 1789710414.8329277, "cuda_visible_devices": "2", "allocated_gib": 5.225533962249756, "reserved_gib": 8.041015625, "peak_allocated_gib": 7.100478649139404, "gpu_time_budget": null, "module": "model.layers.11.mlp.down_proj", "step": 5888}
{"stage": "sequential-round-coordinate", "pid": 113536, "time": 1789710415.7227407, "cuda_visible_devices": "2", "allocated_gib": 5.225533962249756, "reserved_gib": 8.041015625, "peak_allocated_gib": 7.100478649139404, "gpu_time_budget": null, "module": "model.layers.11.mlp.down_proj", "step": 6016}
{"stage": "sequential-round-coordinate", "pid": 113536, "time": 1789710416.6105864, "cuda_visible_devices": "2", "allocated_gib": 5.225533962249756, "reserved_gib": 8.041015625, "peak_allocated_gib": 7.100478649139404, "gpu_time_budget": null, "module": "model.layers.11.mlp.down_proj", "step": 6144}
{"stage": "sequential-round-coordinate", "pid": 113536, "time": 1789710417.4991736, "cuda_visible_devices": "2", "allocated_gib": 5.225533962249756, "reserved_gib": 8.041015625, "peak_allocated_gib": 7.100478649139404, "gpu_time_budget": null, "module": "model.layers.11.mlp.down_proj", "step": 6272}
{"stage": "sequential-round-coordinate", "pid": 113536, "time": 1789710418.3884106, "cuda_visible_devices": "2", "allocated_gib": 5.225533962249756, "reserved_gib": 8.041015625, "peak_allocated_gib": 7.100478649139404, "gpu_time_budget": null, "module": "model.layers.11.mlp.down_proj", "step": 6400}
{"stage": "sequential-round-coordinate", "pid": 113536, "time": 1789710419.2757533, "cuda_visible_devices": "2", "allocated_gib": 5.225533962249756, "reserved_gib": 8.041015625, "peak_allocated_gib": 7.100478649139404, "gpu_time_budget": null, "module": "model.layers.11.mlp.down_proj", "step": 6528}
{"stage": "sequential-round-coordinate", "pid": 113536, "time": 1789710420.165209, "cuda_visible_devices": "2", "allocated_gib": 5.225533962249756, "reserved_gib": 8.041015625, "peak_allocated_gib": 7.100478649139404, "gpu_time_budget": null, "module": "model.layers.11.mlp.down_proj", "step": 6656}
{"stage": "sequential-round-coordinate", "pid": 113536, "time": 1789710421.0537412, "cuda_visible_devices": "2", "allocated_gib": 5.225533962249756, "reserved_gib": 8.041015625, "peak_allocated_gib": 7.100478649139404, "gpu_time_budget": null, "module": "model.layers.11.mlp.down_proj", "step": 6784}
{"stage": "sequential-round-coordinate", "pid": 113536, "time": 1789710421.9419909, "cuda_visible_devices": "2", "allocated_gib": 5.225533962249756, "reserved_gib": 8.041015625, "peak_allocated_gib": 7.100478649139404, "gpu_time_budget": null, "module": "model.layers.11.mlp.down_proj", "step": 6912}
{"stage": "sequential-round-coordinate", "pid": 113536, "time": 1789710422.8325057, "cuda_visible_devices": "2", "allocated_gib": 5.225533962249756, "reserved_gib": 8.041015625, "peak_allocated_gib": 7.100478649139404, "gpu_time_budget": null, "module": "model.layers.11.mlp.down_proj", "step": 7040}
{"stage": "sequential-round-coordinate", "pid": 113536, "time": 1789710423.7211459, "cuda_visible_devices": "2", "allocated_gib": 5.225533962249756, "reserved_gib": 8.041015625, "peak_allocated_gib": 7.100478649139404, "gpu_time_budget": null, "module": "model.layers.11.mlp.down_proj", "step": 7168}
{"stage": "sequential-round-coordinate", "pid": 113536, "time": 1789710424.6077442, "cuda_visible_devices": "2", "allocated_gib": 5.225533962249756, "reserved_gib": 8.041015625, "peak_allocated_gib": 7.100478649139404, "gpu_time_budget": null, "module": "model.layers.11.mlp.down_proj", "step": 7296}
{"stage": "sequential-round-coordinate", "pid": 113536, "time": 1789710425.4956157, "cuda_visible_devices": "2", "allocated_gib": 5.225533962249756, "reserved_gib": 8.041015625, "peak_allocated_gib": 7.100478649139404, "gpu_time_budget": null, "module": "model.layers.11.mlp.down_proj", "step": 7424}
{"stage": "sequential-round-coordinate", "pid": 113536, "time": 1789710426.380793, "cuda_visible_devices": "2", "allocated_gib": 5.225533962249756, "reserved_gib": 8.041015625, "peak_allocated_gib": 7.100478649139404, "gpu_time_budget": null, "module": "model.layers.11.mlp.down_proj", "step": 7552}
{"stage": "sequential-round-coordinate", "pid": 113536, "time": 1789710427.2676005, "cuda_visible_devices": "2", "allocated_gib": 5.225533962249756, "reserved_gib": 8.041015625, "peak_allocated_gib": 7.100478649139404, "gpu_time_budget": null, "module": "model.layers.11.mlp.down_proj", "step": 7680}
{"stage": "sequential-round-coordinate", "pid": 113536, "time": 1789710428.156866, "cuda_visible_devices": "2", "allocated_gib": 5.225533962249756, "reserved_gib": 8.041015625, "peak_allocated_gib": 7.100478649139404, "gpu_time_budget": null, "module": "model.layers.11.mlp.down_proj", "step": 7808}
{"stage": "sequential-round-coordinate", "pid": 113536, "time": 1789710429.0451212, "cuda_visible_devices": "2", "allocated_gib": 5.225533962249756, "reserved_gib": 8.041015625, "peak_allocated_gib": 7.100478649139404, "gpu_time_budget": null, "module": "model.layers.11.mlp.down_proj", "step": 7936}
{"stage": "sequential-round-coordinate", "pid": 113536, "time": 1789710429.9302125, "cuda_visible_devices": "2", "allocated_gib": 5.225533962249756, "reserved_gib": 8.041015625, "peak_allocated_gib": 7.100478649139404, "gpu_time_budget": null, "module": "model.layers.11.mlp.down_proj", "step": 8064}
{"stage": "sequential-round-coordinate", "pid": 113536, "time": 1789710430.8956726, "cuda_visible_devices": "2", "allocated_gib": 5.225533962249756, "reserved_gib": 8.041015625, "peak_allocated_gib": 7.100478649139404, "gpu_time_budget": null, "module": "model.layers.11.mlp.down_proj", "step": 8192}
{"stage": "sequential-round-train-nll", "pid": 113536, "time": 1789710430.9363701, "cuda_visible_devices": "2", "allocated_gib": 3.795783519744873, "reserved_gib": 3.80078125, "peak_allocated_gib": 7.100478649139404, "gpu_time_budget": null, "module": "model.layers.11.mlp.down_proj", "step": 512}
Evaluation segment 1/1: start=0, windows=8, seqlen=2048
{"stage": "sequential-round-train-nll", "pid": 113536, "time": 1789710436.1546772, "cuda_visible_devices": "2", "allocated_gib": 3.795783519744873, "reserved_gib": 5.791015625, "peak_allocated_gib": 7.100478649139404, "gpu_time_budget": null, "module": "model.layers.11.mlp.down_proj", "step": 2048}
Evaluation segment 1/1: start=0, windows=8, seqlen=2048
{"stage": "sequential-round-train-nll", "pid": 113536, "time": 1789710441.3988214, "cuda_visible_devices": "2", "allocated_gib": 3.795783519744873, "reserved_gib": 5.791015625, "peak_allocated_gib": 7.100478649139404, "gpu_time_budget": null, "module": "model.layers.11.mlp.down_proj", "step": 8192}
Evaluation segment 1/1: start=0, windows=8, seqlen=2048
{"stage": "sequential-module-completed", "pid": 113536, "time": 1789710446.9856877, "cuda_visible_devices": "2", "allocated_gib": 3.795783519744873, "reserved_gib": 5.791015625, "peak_allocated_gib": 7.100478649139404, "gpu_time_budget": null, "module": "model.layers.11.mlp.down_proj", "completed": 12, "total": 28, "selected_train_nll": 2.8268931042263983, "elapsed_seconds": 788.4199854569742}
{"stage": "sequential-round-fit", "pid": 113536, "time": 1789710451.2476618, "cuda_visible_devices": "2", "allocated_gib": 3.795783519744873, "reserved_gib": 5.791015625, "peak_allocated_gib": 7.100478649139404, "gpu_time_budget": null, "module": "model.layers.12.mlp.down_proj", "fit_rows": 49152, "heldout_rows": 16384}
{"stage": "sequential-round-coordinate", "pid": 113536, "time": 1789710452.2602024, "cuda_visible_devices": "2", "allocated_gib": 5.225533962249756, "reserved_gib": 8.041015625, "peak_allocated_gib": 7.100478649139404, "gpu_time_budget": null, "module": "model.layers.12.mlp.down_proj", "step": 128}
{"stage": "sequential-round-coordinate", "pid": 113536, "time": 1789710452.959337, "cuda_visible_devices": "2", "allocated_gib": 5.225533962249756, "reserved_gib": 8.041015625, "peak_allocated_gib": 7.100478649139404, "gpu_time_budget": null, "module": "model.layers.12.mlp.down_proj", "step": 256}
{"stage": "sequential-round-coordinate", "pid": 113536, "time": 1789710453.6363924, "cuda_visible_devices": "2", "allocated_gib": 5.225533962249756, "reserved_gib": 8.041015625, "peak_allocated_gib": 7.100478649139404, "gpu_time_budget": null, "module": "model.layers.12.mlp.down_proj", "step": 384}
{"stage": "sequential-round-coordinate", "pid": 113536, "time": 1789710454.38399, "cuda_visible_devices": "2", "allocated_gib": 5.225533962249756, "reserved_gib": 8.041015625, "peak_allocated_gib": 7.100478649139404, "gpu_time_budget": null, "module": "model.layers.12.mlp.down_proj", "step": 512}
{"stage": "sequential-round-coordinate", "pid": 113536, "time": 1789710455.0766265, "cuda_visible_devices": "2", "allocated_gib": 5.225533962249756, "reserved_gib": 8.041015625, "peak_allocated_gib": 7.100478649139404, "gpu_time_budget": null, "module": "model.layers.12.mlp.down_proj", "step": 640}
{"stage": "sequential-round-coordinate", "pid": 113536, "time": 1789710455.7719758, "cuda_visible_devices": "2", "allocated_gib": 5.225533962249756, "reserved_gib": 8.041015625, "peak_allocated_gib": 7.100478649139404, "gpu_time_budget": null, "module": "model.layers.12.mlp.down_proj", "step": 768}
{"stage": "sequential-round-coordinate", "pid": 113536, "time": 1789710456.466396, "cuda_visible_devices": "2", "allocated_gib": 5.225533962249756, "reserved_gib": 8.041015625, "peak_allocated_gib": 7.100478649139404, "gpu_time_budget": null, "module": "model.layers.12.mlp.down_proj", "step": 896}
{"stage": "sequential-round-coordinate", "pid": 113536, "time": 1789710457.1981933, "cuda_visible_devices": "2", "allocated_gib": 5.225533962249756, "reserved_gib": 8.041015625, "peak_allocated_gib": 7.100478649139404, "gpu_time_budget": null, "module": "model.layers.12.mlp.down_proj", "step": 1024}
{"stage": "sequential-round-coordinate", "pid": 113536, "time": 1789710457.9277725, "cuda_visible_devices": "2", "allocated_gib": 5.225533962249756, "reserved_gib": 8.041015625, "peak_allocated_gib": 7.100478649139404, "gpu_time_budget": null, "module": "model.layers.12.mlp.down_proj", "step": 1152}
{"stage": "sequential-round-coordinate", "pid": 113536, "time": 1789710458.4524841, "cuda_visible_devices": "2", "allocated_gib": 5.225533962249756, "reserved_gib": 8.041015625, "peak_allocated_gib": 7.100478649139404, "gpu_time_budget": null, "module": "model.layers.12.mlp.down_proj", "step": 1280}
{"stage": "sequential-round-coordinate", "pid": 113536, "time": 1789710459.0427315, "cuda_visible_devices": "2", "allocated_gib": 5.225533962249756, "reserved_gib": 8.041015625, "peak_allocated_gib": 7.100478649139404, "gpu_time_budget": null, "module": "model.layers.12.mlp.down_proj", "step": 1408}
{"stage": "sequential-round-coordinate", "pid": 113536, "time": 1789710459.6321092, "cuda_visible_devices": "2", "allocated_gib": 5.225533962249756, "reserved_gib": 8.041015625, "peak_allocated_gib": 7.100478649139404, "gpu_time_budget": null, "module": "model.layers.12.mlp.down_proj", "step": 1536}
{"stage": "sequential-round-coordinate", "pid": 113536, "time": 1789710460.2229455, "cuda_visible_devices": "2", "allocated_gib": 5.225533962249756, "reserved_gib": 8.041015625, "peak_allocated_gib": 7.100478649139404, "gpu_time_budget": null, "module": "model.layers.12.mlp.down_proj", "step": 1664}
{"stage": "sequential-round-coordinate", "pid": 113536, "time": 1789710460.8123102, "cuda_visible_devices": "2", "allocated_gib": 5.225533962249756, "reserved_gib": 8.041015625, "peak_allocated_gib": 7.100478649139404, "gpu_time_budget": null, "module": "model.layers.12.mlp.down_proj", "step": 1792}
{"stage": "sequential-round-coordinate", "pid": 113536, "time": 1789710461.4045694, "cuda_visible_devices": "2", "allocated_gib": 5.225533962249756, "reserved_gib": 8.041015625, "peak_allocated_gib": 7.100478649139404, "gpu_time_budget": null, "module": "model.layers.12.mlp.down_proj", "step": 1920}
{"stage": "sequential-round-coordinate", "pid": 113536, "time": 1789710462.0493593, "cuda_visible_devices": "2", "allocated_gib": 5.225533962249756, "reserved_gib": 8.041015625, "peak_allocated_gib": 7.100478649139404, "gpu_time_budget": null, "module": "model.layers.12.mlp.down_proj", "step": 2048}
{"stage": "sequential-round-coordinate", "pid": 113536, "time": 1789710462.641026, "cuda_visible_devices": "2", "allocated_gib": 5.225533962249756, "reserved_gib": 8.041015625, "peak_allocated_gib": 7.100478649139404, "gpu_time_budget": null, "module": "model.layers.12.mlp.down_proj", "step": 2176}
{"stage": "sequential-round-coordinate", "pid": 113536, "time": 1789710463.228185, "cuda_visible_devices": "2", "allocated_gib": 5.225533962249756, "reserved_gib": 8.041015625, "peak_allocated_gib": 7.100478649139404, "gpu_time_budget": null, "module": "model.layers.12.mlp.down_proj", "step": 2304}
{"stage": "sequential-round-coordinate", "pid": 113536, "time": 1789710463.812654, "cuda_visible_devices": "2", "allocated_gib": 5.225533962249756, "reserved_gib": 8.041015625, "peak_allocated_gib": 7.100478649139404, "gpu_time_budget": null, "module": "model.layers.12.mlp.down_proj", "step": 2432}
{"stage": "sequential-round-coordinate", "pid": 113536, "time": 1789710464.392431, "cuda_visible_devices": "2", "allocated_gib": 5.225533962249756, "reserved_gib": 8.041015625, "peak_allocated_gib": 7.100478649139404, "gpu_time_budget": null, "module": "model.layers.12.mlp.down_proj", "step": 2560}
{"stage": "sequential-round-coordinate", "pid": 113536, "time": 1789710465.284031, "cuda_visible_devices": "2", "allocated_gib": 5.225533962249756, "reserved_gib": 8.041015625, "peak_allocated_gib": 7.100478649139404, "gpu_time_budget": null, "module": "model.layers.12.mlp.down_proj", "step": 2688}
{"stage": "sequential-round-coordinate", "pid": 113536, "time": 1789710466.173231, "cuda_visible_devices": "2", "allocated_gib": 5.225533962249756, "reserved_gib": 8.041015625, "peak_allocated_gib": 7.100478649139404, "gpu_time_budget": null, "module": "model.layers.12.mlp.down_proj", "step": 2816}
{"stage": "sequential-round-coordinate", "pid": 113536, "time": 1789710467.059295, "cuda_visible_devices": "2", "allocated_gib": 5.225533962249756, "reserved_gib": 8.041015625, "peak_allocated_gib": 7.100478649139404, "gpu_time_budget": null, "module": "model.layers.12.mlp.down_proj", "step": 2944}
{"stage": "sequential-round-coordinate", "pid": 113536, "time": 1789710467.950216, "cuda_visible_devices": "2", "allocated_gib": 5.225533962249756, "reserved_gib": 8.041015625, "peak_allocated_gib": 7.100478649139404, "gpu_time_budget": null, "module": "model.layers.12.mlp.down_proj", "step": 3072}
{"stage": "sequential-round-coordinate", "pid": 113536, "time": 1789710468.8431923, "cuda_visible_devices": "2", "allocated_gib": 5.225533962249756, "reserved_gib": 8.041015625, "peak_allocated_gib": 7.100478649139404, "gpu_time_budget": null, "module": "model.layers.12.mlp.down_proj", "step": 3200}
{"stage": "sequential-round-coordinate", "pid": 113536, "time": 1789710469.7322452, "cuda_visible_devices": "2", "allocated_gib": 5.225533962249756, "reserved_gib": 8.041015625, "peak_allocated_gib": 7.100478649139404, "gpu_time_budget": null, "module": "model.layers.12.mlp.down_proj", "step": 3328}
{"stage": "sequential-round-coordinate", "pid": 113536, "time": 1789710470.6211636, "cuda_visible_devices": "2", "allocated_gib": 5.225533962249756, "reserved_gib": 8.041015625, "peak_allocated_gib": 7.100478649139404, "gpu_time_budget": null, "module": "model.layers.12.mlp.down_proj", "step": 3456}
{"stage": "sequential-round-coordinate", "pid": 113536, "time": 1789710471.5101628, "cuda_visible_devices": "2", "allocated_gib": 5.225533962249756, "reserved_gib": 8.041015625, "peak_allocated_gib": 7.100478649139404, "gpu_time_budget": null, "module": "model.layers.12.mlp.down_proj", "step": 3584}
{"stage": "sequential-round-coordinate", "pid": 113536, "time": 1789710472.3980026, "cuda_visible_devices": "2", "allocated_gib": 5.225533962249756, "reserved_gib": 8.041015625, "peak_allocated_gib": 7.100478649139404, "gpu_time_budget": null, "module": "model.layers.12.mlp.down_proj", "step": 3712}
{"stage": "sequential-round-coordinate", "pid": 113536, "time": 1789710473.2829642, "cuda_visible_devices": "2", "allocated_gib": 5.225533962249756, "reserved_gib": 8.041015625, "peak_allocated_gib": 7.100478649139404, "gpu_time_budget": null, "module": "model.layers.12.mlp.down_proj", "step": 3840}
{"stage": "sequential-round-coordinate", "pid": 113536, "time": 1789710474.1727653, "cuda_visible_devices": "2", "allocated_gib": 5.225533962249756, "reserved_gib": 8.041015625, "peak_allocated_gib": 7.100478649139404, "gpu_time_budget": null, "module": "model.layers.12.mlp.down_proj", "step": 3968}
{"stage": "sequential-round-coordinate", "pid": 113536, "time": 1789710475.0624573, "cuda_visible_devices": "2", "allocated_gib": 5.225533962249756, "reserved_gib": 8.041015625, "peak_allocated_gib": 7.100478649139404, "gpu_time_budget": null, "module": "model.layers.12.mlp.down_proj", "step": 4096}
{"stage": "sequential-round-coordinate", "pid": 113536, "time": 1789710475.951506, "cuda_visible_devices": "2", "allocated_gib": 5.225533962249756, "reserved_gib": 8.041015625, "peak_allocated_gib": 7.100478649139404, "gpu_time_budget": null, "module": "model.layers.12.mlp.down_proj", "step": 4224}
{"stage": "sequential-round-coordinate", "pid": 113536, "time": 1789710476.8426847, "cuda_visible_devices": "2", "allocated_gib": 5.225533962249756, "reserved_gib": 8.041015625, "peak_allocated_gib": 7.100478649139404, "gpu_time_budget": null, "module": "model.layers.12.mlp.down_proj", "step": 4352}
{"stage": "sequential-round-coordinate", "pid": 113536, "time": 1789710477.7289069, "cuda_visible_devices": "2", "allocated_gib": 5.225533962249756, "reserved_gib": 8.041015625, "peak_allocated_gib": 7.100478649139404, "gpu_time_budget": null, "module": "model.layers.12.mlp.down_proj", "step": 4480}
{"stage": "sequential-round-coordinate", "pid": 113536, "time": 1789710478.6163173, "cuda_visible_devices": "2", "allocated_gib": 5.225533962249756, "reserved_gib": 8.041015625, "peak_allocated_gib": 7.100478649139404, "gpu_time_budget": null, "module": "model.layers.12.mlp.down_proj", "step": 4608}
{"stage": "sequential-round-coordinate", "pid": 113536, "time": 1789710479.5101347, "cuda_visible_devices": "2", "allocated_gib": 5.225533962249756, "reserved_gib": 8.041015625, "peak_allocated_gib": 7.100478649139404, "gpu_time_budget": null, "module": "model.layers.12.mlp.down_proj", "step": 4736}
{"stage": "sequential-round-coordinate", "pid": 113536, "time": 1789710480.3988829, "cuda_visible_devices": "2", "allocated_gib": 5.225533962249756, "reserved_gib": 8.041015625, "peak_allocated_gib": 7.100478649139404, "gpu_time_budget": null, "module": "model.layers.12.mlp.down_proj", "step": 4864}
{"stage": "sequential-round-coordinate", "pid": 113536, "time": 1789710481.2842789, "cuda_visible_devices": "2", "allocated_gib": 5.225533962249756, "reserved_gib": 8.041015625, "peak_allocated_gib": 7.100478649139404, "gpu_time_budget": null, "module": "model.layers.12.mlp.down_proj", "step": 4992}
{"stage": "sequential-round-coordinate", "pid": 113536, "time": 1789710482.170298, "cuda_visible_devices": "2", "allocated_gib": 5.225533962249756, "reserved_gib": 8.041015625, "peak_allocated_gib": 7.100478649139404, "gpu_time_budget": null, "module": "model.layers.12.mlp.down_proj", "step": 5120}
{"stage": "sequential-round-coordinate", "pid": 113536, "time": 1789710483.059569, "cuda_visible_devices": "2", "allocated_gib": 5.225533962249756, "reserved_gib": 8.041015625, "peak_allocated_gib": 7.100478649139404, "gpu_time_budget": null, "module": "model.layers.12.mlp.down_proj", "step": 5248}
{"stage": "sequential-round-coordinate", "pid": 113536, "time": 1789710483.9478674, "cuda_visible_devices": "2", "allocated_gib": 5.225533962249756, "reserved_gib": 8.041015625, "peak_allocated_gib": 7.100478649139404, "gpu_time_budget": null, "module": "model.layers.12.mlp.down_proj", "step": 5376}
{"stage": "sequential-round-coordinate", "pid": 113536, "time": 1789710484.8378878, "cuda_visible_devices": "2", "allocated_gib": 5.225533962249756, "reserved_gib": 8.041015625, "peak_allocated_gib": 7.100478649139404, "gpu_time_budget": null, "module": "model.layers.12.mlp.down_proj", "step": 5504}
{"stage": "sequential-round-coordinate", "pid": 113536, "time": 1789710485.7279682, "cuda_visible_devices": "2", "allocated_gib": 5.225533962249756, "reserved_gib": 8.041015625, "peak_allocated_gib": 7.100478649139404, "gpu_time_budget": null, "module": "model.layers.12.mlp.down_proj", "step": 5632}
{"stage": "sequential-round-coordinate", "pid": 113536, "time": 1789710486.6172519, "cuda_visible_devices": "2", "allocated_gib": 5.225533962249756, "reserved_gib": 8.041015625, "peak_allocated_gib": 7.100478649139404, "gpu_time_budget": null, "module": "model.layers.12.mlp.down_proj", "step": 5760}
{"stage": "sequential-round-coordinate", "pid": 113536, "time": 1789710487.5062654, "cuda_visible_devices": "2", "allocated_gib": 5.225533962249756, "reserved_gib": 8.041015625, "peak_allocated_gib": 7.100478649139404, "gpu_time_budget": null, "module": "model.layers.12.mlp.down_proj", "step": 5888}
{"stage": "sequential-round-coordinate", "pid": 113536, "time": 1789710488.3935819, "cuda_visible_devices": "2", "allocated_gib": 5.225533962249756, "reserved_gib": 8.041015625, "peak_allocated_gib": 7.100478649139404, "gpu_time_budget": null, "module": "model.layers.12.mlp.down_proj", "step": 6016}
{"stage": "sequential-round-coordinate", "pid": 113536, "time": 1789710489.282089, "cuda_visible_devices": "2", "allocated_gib": 5.225533962249756, "reserved_gib": 8.041015625, "peak_allocated_gib": 7.100478649139404, "gpu_time_budget": null, "module": "model.layers.12.mlp.down_proj", "step": 6144}
{"stage": "sequential-round-coordinate", "pid": 113536, "time": 1789710490.1713197, "cuda_visible_devices": "2", "allocated_gib": 5.225533962249756, "reserved_gib": 8.041015625, "peak_allocated_gib": 7.100478649139404, "gpu_time_budget": null, "module": "model.layers.12.mlp.down_proj", "step": 6272}
{"stage": "sequential-round-coordinate", "pid": 113536, "time": 1789710491.0631206, "cuda_visible_devices": "2", "allocated_gib": 5.225533962249756, "reserved_gib": 8.041015625, "peak_allocated_gib": 7.100478649139404, "gpu_time_budget": null, "module": "model.layers.12.mlp.down_proj", "step": 6400}
{"stage": "sequential-round-coordinate", "pid": 113536, "time": 1789710491.9508815, "cuda_visible_devices": "2", "allocated_gib": 5.225533962249756, "reserved_gib": 8.041015625, "peak_allocated_gib": 7.100478649139404, "gpu_time_budget": null, "module": "model.layers.12.mlp.down_proj", "step": 6528}
{"stage": "sequential-round-coordinate", "pid": 113536, "time": 1789710492.8390758, "cuda_visible_devices": "2", "allocated_gib": 5.225533962249756, "reserved_gib": 8.041015625, "peak_allocated_gib": 7.100478649139404, "gpu_time_budget": null, "module": "model.layers.12.mlp.down_proj", "step": 6656}
{"stage": "sequential-round-coordinate", "pid": 113536, "time": 1789710493.7288756, "cuda_visible_devices": "2", "allocated_gib": 5.225533962249756, "reserved_gib": 8.041015625, "peak_allocated_gib": 7.100478649139404, "gpu_time_budget": null, "module": "model.layers.12.mlp.down_proj", "step": 6784}
{"stage": "sequential-round-coordinate", "pid": 113536, "time": 1789710494.6182468, "cuda_visible_devices": "2", "allocated_gib": 5.225533962249756, "reserved_gib": 8.041015625, "peak_allocated_gib": 7.100478649139404, "gpu_time_budget": null, "module": "model.layers.12.mlp.down_proj", "step": 6912}
{"stage": "sequential-round-coordinate", "pid": 113536, "time": 1789710495.506793, "cuda_visible_devices": "2", "allocated_gib": 5.225533962249756, "reserved_gib": 8.041015625, "peak_allocated_gib": 7.100478649139404, "gpu_time_budget": null, "module": "model.layers.12.mlp.down_proj", "step": 7040}
{"stage": "sequential-round-coordinate", "pid": 113536, "time": 1789710496.3897123, "cuda_visible_devices": "2", "allocated_gib": 5.225533962249756, "reserved_gib": 8.041015625, "peak_allocated_gib": 7.100478649139404, "gpu_time_budget": null, "module": "model.layers.12.mlp.down_proj", "step": 7168}
{"stage": "sequential-round-coordinate", "pid": 113536, "time": 1789710497.2785337, "cuda_visible_devices": "2", "allocated_gib": 5.225533962249756, "reserved_gib": 8.041015625, "peak_allocated_gib": 7.100478649139404, "gpu_time_budget": null, "module": "model.layers.12.mlp.down_proj", "step": 7296}
{"stage": "sequential-round-coordinate", "pid": 113536, "time": 1789710498.1739683, "cuda_visible_devices": "2", "allocated_gib": 5.225533962249756, "reserved_gib": 8.041015625, "peak_allocated_gib": 7.100478649139404, "gpu_time_budget": null, "module": "model.layers.12.mlp.down_proj", "step": 7424}
{"stage": "sequential-round-coordinate", "pid": 113536, "time": 1789710499.0660188, "cuda_visible_devices": "2", "allocated_gib": 5.225533962249756, "reserved_gib": 8.041015625, "peak_allocated_gib": 7.100478649139404, "gpu_time_budget": null, "module": "model.layers.12.mlp.down_proj", "step": 7552}
{"stage": "sequential-round-coordinate", "pid": 113536, "time": 1789710499.9556625, "cuda_visible_devices": "2", "allocated_gib": 5.225533962249756, "reserved_gib": 8.041015625, "peak_allocated_gib": 7.100478649139404, "gpu_time_budget": null, "module": "model.layers.12.mlp.down_proj", "step": 7680}
{"stage": "sequential-round-coordinate", "pid": 113536, "time": 1789710500.8441634, "cuda_visible_devices": "2", "allocated_gib": 5.225533962249756, "reserved_gib": 8.041015625, "peak_allocated_gib": 7.100478649139404, "gpu_time_budget": null, "module": "model.layers.12.mlp.down_proj", "step": 7808}
{"stage": "sequential-round-coordinate", "pid": 113536, "time": 1789710501.7329135, "cuda_visible_devices": "2", "allocated_gib": 5.225533962249756, "reserved_gib": 8.041015625, "peak_allocated_gib": 7.100478649139404, "gpu_time_budget": null, "module": "model.layers.12.mlp.down_proj", "step": 7936}
{"stage": "sequential-round-coordinate", "pid": 113536, "time": 1789710502.6214614, "cuda_visible_devices": "2", "allocated_gib": 5.225533962249756, "reserved_gib": 8.041015625, "peak_allocated_gib": 7.100478649139404, "gpu_time_budget": null, "module": "model.layers.12.mlp.down_proj", "step": 8064}
{"stage": "sequential-round-coordinate", "pid": 113536, "time": 1789710503.5909343, "cuda_visible_devices": "2", "allocated_gib": 5.225533962249756, "reserved_gib": 8.041015625, "peak_allocated_gib": 7.100478649139404, "gpu_time_budget": null, "module": "model.layers.12.mlp.down_proj", "step": 8192}
{"stage": "sequential-round-train-nll", "pid": 113536, "time": 1789710503.6366684, "cuda_visible_devices": "2", "allocated_gib": 3.795783519744873, "reserved_gib": 3.80078125, "peak_allocated_gib": 7.100478649139404, "gpu_time_budget": null, "module": "model.layers.12.mlp.down_proj", "step": 512}
Evaluation segment 1/1: start=0, windows=8, seqlen=2048
{"stage": "sequential-round-train-nll", "pid": 113536, "time": 1789710509.003101, "cuda_visible_devices": "2", "allocated_gib": 3.795783519744873, "reserved_gib": 5.791015625, "peak_allocated_gib": 7.100478649139404, "gpu_time_budget": null, "module": "model.layers.12.mlp.down_proj", "step": 2048}
Evaluation segment 1/1: start=0, windows=8, seqlen=2048
{"stage": "sequential-round-train-nll", "pid": 113536, "time": 1789710514.351243, "cuda_visible_devices": "2", "allocated_gib": 3.795783519744873, "reserved_gib": 5.791015625, "peak_allocated_gib": 7.100478649139404, "gpu_time_budget": null, "module": "model.layers.12.mlp.down_proj", "step": 8192}
Evaluation segment 1/1: start=0, windows=8, seqlen=2048
{"stage": "sequential-module-completed", "pid": 113536, "time": 1789710519.0742848, "cuda_visible_devices": "2", "allocated_gib": 3.795783519744873, "reserved_gib": 5.791015625, "peak_allocated_gib": 7.100478649139404, "gpu_time_budget": null, "module": "model.layers.12.mlp.down_proj", "completed": 13, "total": 28, "selected_train_nll": 2.8268931042263983, "elapsed_seconds": 860.5085896230303}
{"stage": "sequential-round-fit", "pid": 113536, "time": 1789710523.6548915, "cuda_visible_devices": "2", "allocated_gib": 3.795783519744873, "reserved_gib": 5.791015625, "peak_allocated_gib": 7.100478649139404, "gpu_time_budget": null, "module": "model.layers.13.mlp.down_proj", "fit_rows": 49152, "heldout_rows": 16384}
{"stage": "sequential-round-coordinate", "pid": 113536, "time": 1789710524.5949025, "cuda_visible_devices": "2", "allocated_gib": 5.225533962249756, "reserved_gib": 8.041015625, "peak_allocated_gib": 7.100478649139404, "gpu_time_budget": null, "module": "model.layers.13.mlp.down_proj", "step": 128}
{"stage": "sequential-round-coordinate", "pid": 113536, "time": 1789710525.2856147, "cuda_visible_devices": "2", "allocated_gib": 5.225533962249756, "reserved_gib": 8.041015625, "peak_allocated_gib": 7.100478649139404, "gpu_time_budget": null, "module": "model.layers.13.mlp.down_proj", "step": 256}
{"stage": "sequential-round-coordinate", "pid": 113536, "time": 1789710526.0189855, "cuda_visible_devices": "2", "allocated_gib": 5.225533962249756, "reserved_gib": 8.041015625, "peak_allocated_gib": 7.100478649139404, "gpu_time_budget": null, "module": "model.layers.13.mlp.down_proj", "step": 384}
{"stage": "sequential-round-coordinate", "pid": 113536, "time": 1789710526.6585498, "cuda_visible_devices": "2", "allocated_gib": 5.225533962249756, "reserved_gib": 8.041015625, "peak_allocated_gib": 7.100478649139404, "gpu_time_budget": null, "module": "model.layers.13.mlp.down_proj", "step": 512}
{"stage": "sequential-round-coordinate", "pid": 113536, "time": 1789710527.2492669, "cuda_visible_devices": "2", "allocated_gib": 5.225533962249756, "reserved_gib": 8.041015625, "peak_allocated_gib": 7.100478649139404, "gpu_time_budget": null, "module": "model.layers.13.mlp.down_proj", "step": 640}
{"stage": "sequential-round-coordinate", "pid": 113536, "time": 1789710527.839674, "cuda_visible_devices": "2", "allocated_gib": 5.225533962249756, "reserved_gib": 8.041015625, "peak_allocated_gib": 7.100478649139404, "gpu_time_budget": null, "module": "model.layers.13.mlp.down_proj", "step": 768}
{"stage": "sequential-round-coordinate", "pid": 113536, "time": 1789710528.4297216, "cuda_visible_devices": "2", "allocated_gib": 5.225533962249756, "reserved_gib": 8.041015625, "peak_allocated_gib": 7.100478649139404, "gpu_time_budget": null, "module": "model.layers.13.mlp.down_proj", "step": 896}
{"stage": "sequential-round-coordinate", "pid": 113536, "time": 1789710529.0204132, "cuda_visible_devices": "2", "allocated_gib": 5.225533962249756, "reserved_gib": 8.041015625, "peak_allocated_gib": 7.100478649139404, "gpu_time_budget": null, "module": "model.layers.13.mlp.down_proj", "step": 1024}
{"stage": "sequential-round-coordinate", "pid": 113536, "time": 1789710529.6105633, "cuda_visible_devices": "2", "allocated_gib": 5.225533962249756, "reserved_gib": 8.041015625, "peak_allocated_gib": 7.100478649139404, "gpu_time_budget": null, "module": "model.layers.13.mlp.down_proj", "step": 1152}
{"stage": "sequential-round-coordinate", "pid": 113536, "time": 1789710530.2002103, "cuda_visible_devices": "2", "allocated_gib": 5.225533962249756, "reserved_gib": 8.041015625, "peak_allocated_gib": 7.100478649139404, "gpu_time_budget": null, "module": "model.layers.13.mlp.down_proj", "step": 1280}
{"stage": "sequential-round-coordinate", "pid": 113536, "time": 1789710530.7900927, "cuda_visible_devices": "2", "allocated_gib": 5.225533962249756, "reserved_gib": 8.041015625, "peak_allocated_gib": 7.100478649139404, "gpu_time_budget": null, "module": "model.layers.13.mlp.down_proj", "step": 1408}
{"stage": "sequential-round-coordinate", "pid": 113536, "time": 1789710531.3809385, "cuda_visible_devices": "2", "allocated_gib": 5.225533962249756, "reserved_gib": 8.041015625, "peak_allocated_gib": 7.100478649139404, "gpu_time_budget": null, "module": "model.layers.13.mlp.down_proj", "step": 1536}
{"stage": "sequential-round-coordinate", "pid": 113536, "time": 1789710531.9659777, "cuda_visible_devices": "2", "allocated_gib": 5.225533962249756, "reserved_gib": 8.041015625, "peak_allocated_gib": 7.100478649139404, "gpu_time_budget": null, "module": "model.layers.13.mlp.down_proj", "step": 1664}
{"stage": "sequential-round-coordinate", "pid": 113536, "time": 1789710532.553162, "cuda_visible_devices": "2", "allocated_gib": 5.225533962249756, "reserved_gib": 8.041015625, "peak_allocated_gib": 7.100478649139404, "gpu_time_budget": null, "module": "model.layers.13.mlp.down_proj", "step": 1792}
{"stage": "sequential-round-coordinate", "pid": 113536, "time": 1789710533.2155252, "cuda_visible_devices": "2", "allocated_gib": 5.225533962249756, "reserved_gib": 8.041015625, "peak_allocated_gib": 7.100478649139404, "gpu_time_budget": null, "module": "model.layers.13.mlp.down_proj", "step": 1920}
{"stage": "sequential-round-coordinate", "pid": 113536, "time": 1789710534.1869104, "cuda_visible_devices": "2", "allocated_gib": 5.225533962249756, "reserved_gib": 8.041015625, "peak_allocated_gib": 7.100478649139404, "gpu_time_budget": null, "module": "model.layers.13.mlp.down_proj", "step": 2048}
{"stage": "sequential-round-coordinate", "pid": 113536, "time": 1789710535.076269, "cuda_visible_devices": "2", "allocated_gib": 5.225533962249756, "reserved_gib": 8.041015625, "peak_allocated_gib": 7.100478649139404, "gpu_time_budget": null, "module": "model.layers.13.mlp.down_proj", "step": 2176}
{"stage": "sequential-round-coordinate", "pid": 113536, "time": 1789710535.964156, "cuda_visible_devices": "2", "allocated_gib": 5.225533962249756, "reserved_gib": 8.041015625, "peak_allocated_gib": 7.100478649139404, "gpu_time_budget": null, "module": "model.layers.13.mlp.down_proj", "step": 2304}
{"stage": "sequential-round-coordinate", "pid": 113536, "time": 1789710536.8565414, "cuda_visible_devices": "2", "allocated_gib": 5.225533962249756, "reserved_gib": 8.041015625, "peak_allocated_gib": 7.100478649139404, "gpu_time_budget": null, "module": "model.layers.13.mlp.down_proj", "step": 2432}
{"stage": "sequential-round-coordinate", "pid": 113536, "time": 1789710537.743092, "cuda_visible_devices": "2", "allocated_gib": 5.225533962249756, "reserved_gib": 8.041015625, "peak_allocated_gib": 7.100478649139404, "gpu_time_budget": null, "module": "model.layers.13.mlp.down_proj", "step": 2560}
{"stage": "sequential-round-coordinate", "pid": 113536, "time": 1789710538.631595, "cuda_visible_devices": "2", "allocated_gib": 5.225533962249756, "reserved_gib": 8.041015625, "peak_allocated_gib": 7.100478649139404, "gpu_time_budget": null, "module": "model.layers.13.mlp.down_proj", "step": 2688}
{"stage": "sequential-round-coordinate", "pid": 113536, "time": 1789710539.515465, "cuda_visible_devices": "2", "allocated_gib": 5.225533962249756, "reserved_gib": 8.041015625, "peak_allocated_gib": 7.100478649139404, "gpu_time_budget": null, "module": "model.layers.13.mlp.down_proj", "step": 2816}
{"stage": "sequential-round-coordinate", "pid": 113536, "time": 1789710540.402068, "cuda_visible_devices": "2", "allocated_gib": 5.225533962249756, "reserved_gib": 8.041015625, "peak_allocated_gib": 7.100478649139404, "gpu_time_budget": null, "module": "model.layers.13.mlp.down_proj", "step": 2944}
{"stage": "sequential-round-coordinate", "pid": 113536, "time": 1789710541.289616, "cuda_visible_devices": "2", "allocated_gib": 5.225533962249756, "reserved_gib": 8.041015625, "peak_allocated_gib": 7.100478649139404, "gpu_time_budget": null, "module": "model.layers.13.mlp.down_proj", "step": 3072}
{"stage": "sequential-round-coordinate", "pid": 113536, "time": 1789710542.1776865, "cuda_visible_devices": "2", "allocated_gib": 5.225533962249756, "reserved_gib": 8.041015625, "peak_allocated_gib": 7.100478649139404, "gpu_time_budget": null, "module": "model.layers.13.mlp.down_proj", "step": 3200}
{"stage": "sequential-round-coordinate", "pid": 113536, "time": 1789710543.066522, "cuda_visible_devices": "2", "allocated_gib": 5.225533962249756, "reserved_gib": 8.041015625, "peak_allocated_gib": 7.100478649139404, "gpu_time_budget": null, "module": "model.layers.13.mlp.down_proj", "step": 3328}
{"stage": "sequential-round-coordinate", "pid": 113536, "time": 1789710543.9587584, "cuda_visible_devices": "2", "allocated_gib": 5.225533962249756, "reserved_gib": 8.041015625, "peak_allocated_gib": 7.100478649139404, "gpu_time_budget": null, "module": "model.layers.13.mlp.down_proj", "step": 3456}
{"stage": "sequential-round-coordinate", "pid": 113536, "time": 1789710544.8442996, "cuda_visible_devices": "2", "allocated_gib": 5.225533962249756, "reserved_gib": 8.041015625, "peak_allocated_gib": 7.100478649139404, "gpu_time_budget": null, "module": "model.layers.13.mlp.down_proj", "step": 3584}
{"stage": "sequential-round-coordinate", "pid": 113536, "time": 1789710545.732801, "cuda_visible_devices": "2", "allocated_gib": 5.225533962249756, "reserved_gib": 8.041015625, "peak_allocated_gib": 7.100478649139404, "gpu_time_budget": null, "module": "model.layers.13.mlp.down_proj", "step": 3712}
{"stage": "sequential-round-coordinate", "pid": 113536, "time": 1789710546.6238458, "cuda_visible_devices": "2", "allocated_gib": 5.225533962249756, "reserved_gib": 8.041015625, "peak_allocated_gib": 7.100478649139404, "gpu_time_budget": null, "module": "model.layers.13.mlp.down_proj", "step": 3840}
{"stage": "sequential-round-coordinate", "pid": 113536, "time": 1789710547.512715, "cuda_visible_devices": "2", "allocated_gib": 5.225533962249756, "reserved_gib": 8.041015625, "peak_allocated_gib": 7.100478649139404, "gpu_time_budget": null, "module": "model.layers.13.mlp.down_proj", "step": 3968}
{"stage": "sequential-round-coordinate", "pid": 113536, "time": 1789710548.3993556, "cuda_visible_devices": "2", "allocated_gib": 5.225533962249756, "reserved_gib": 8.041015625, "peak_allocated_gib": 7.100478649139404, "gpu_time_budget": null, "module": "model.layers.13.mlp.down_proj", "step": 4096}
{"stage": "sequential-round-coordinate", "pid": 113536, "time": 1789710549.2871137, "cuda_visible_devices": "2", "allocated_gib": 5.225533962249756, "reserved_gib": 8.041015625, "peak_allocated_gib": 7.100478649139404, "gpu_time_budget": null, "module": "model.layers.13.mlp.down_proj", "step": 4224}
{"stage": "sequential-round-coordinate", "pid": 113536, "time": 1789710550.1750305, "cuda_visible_devices": "2", "allocated_gib": 5.225533962249756, "reserved_gib": 8.041015625, "peak_allocated_gib": 7.100478649139404, "gpu_time_budget": null, "module": "model.layers.13.mlp.down_proj", "step": 4352}
{"stage": "sequential-round-coordinate", "pid": 113536, "time": 1789710551.0672123, "cuda_visible_devices": "2", "allocated_gib": 5.225533962249756, "reserved_gib": 8.041015625, "peak_allocated_gib": 7.100478649139404, "gpu_time_budget": null, "module": "model.layers.13.mlp.down_proj", "step": 4480}
{"stage": "sequential-round-coordinate", "pid": 113536, "time": 1789710551.9537287, "cuda_visible_devices": "2", "allocated_gib": 5.225533962249756, "reserved_gib": 8.041015625, "peak_allocated_gib": 7.100478649139404, "gpu_time_budget": null, "module": "model.layers.13.mlp.down_proj", "step": 4608}
{"stage": "sequential-round-coordinate", "pid": 113536, "time": 1789710552.8419635, "cuda_visible_devices": "2", "allocated_gib": 5.225533962249756, "reserved_gib": 8.041015625, "peak_allocated_gib": 7.100478649139404, "gpu_time_budget": null, "module": "model.layers.13.mlp.down_proj", "step": 4736}
{"stage": "sequential-round-coordinate", "pid": 113536, "time": 1789710553.732618, "cuda_visible_devices": "2", "allocated_gib": 5.225533962249756, "reserved_gib": 8.041015625, "peak_allocated_gib": 7.100478649139404, "gpu_time_budget": null, "module": "model.layers.13.mlp.down_proj", "step": 4864}
{"stage": "sequential-round-coordinate", "pid": 113536, "time": 1789710554.620801, "cuda_visible_devices": "2", "allocated_gib": 5.225533962249756, "reserved_gib": 8.041015625, "peak_allocated_gib": 7.100478649139404, "gpu_time_budget": null, "module": "model.layers.13.mlp.down_proj", "step": 4992}
{"stage": "sequential-round-coordinate", "pid": 113536, "time": 1789710555.5090992, "cuda_visible_devices": "2", "allocated_gib": 5.225533962249756, "reserved_gib": 8.041015625, "peak_allocated_gib": 7.100478649139404, "gpu_time_budget": null, "module": "model.layers.13.mlp.down_proj", "step": 5120}
{"stage": "sequential-round-coordinate", "pid": 113536, "time": 1789710556.3975034, "cuda_visible_devices": "2", "allocated_gib": 5.225533962249756, "reserved_gib": 8.041015625, "peak_allocated_gib": 7.100478649139404, "gpu_time_budget": null, "module": "model.layers.13.mlp.down_proj", "step": 5248}
{"stage": "sequential-round-coordinate", "pid": 113536, "time": 1789710557.2875283, "cuda_visible_devices": "2", "allocated_gib": 5.225533962249756, "reserved_gib": 8.041015625, "peak_allocated_gib": 7.100478649139404, "gpu_time_budget": null, "module": "model.layers.13.mlp.down_proj", "step": 5376}
{"stage": "sequential-round-coordinate", "pid": 113536, "time": 1789710558.1788619, "cuda_visible_devices": "2", "allocated_gib": 5.225533962249756, "reserved_gib": 8.041015625, "peak_allocated_gib": 7.100478649139404, "gpu_time_budget": null, "module": "model.layers.13.mlp.down_proj", "step": 5504}
{"stage": "sequential-round-coordinate", "pid": 113536, "time": 1789710559.0682523, "cuda_visible_devices": "2", "allocated_gib": 5.225533962249756, "reserved_gib": 8.041015625, "peak_allocated_gib": 7.100478649139404, "gpu_time_budget": null, "module": "model.layers.13.mlp.down_proj", "step": 5632}
{"stage": "sequential-round-coordinate", "pid": 113536, "time": 1789710559.9541757, "cuda_visible_devices": "2", "allocated_gib": 5.225533962249756, "reserved_gib": 8.041015625, "peak_allocated_gib": 7.100478649139404, "gpu_time_budget": null, "module": "model.layers.13.mlp.down_proj", "step": 5760}
{"stage": "sequential-round-coordinate", "pid": 113536, "time": 1789710560.8416789, "cuda_visible_devices": "2", "allocated_gib": 5.225533962249756, "reserved_gib": 8.041015625, "peak_allocated_gib": 7.100478649139404, "gpu_time_budget": null, "module": "model.layers.13.mlp.down_proj", "step": 5888}
{"stage": "sequential-round-coordinate", "pid": 113536, "time": 1789710561.7312877, "cuda_visible_devices": "2", "allocated_gib": 5.225533962249756, "reserved_gib": 8.041015625, "peak_allocated_gib": 7.100478649139404, "gpu_time_budget": null, "module": "model.layers.13.mlp.down_proj", "step": 6016}
{"stage": "sequential-round-coordinate", "pid": 113536, "time": 1789710562.6113753, "cuda_visible_devices": "2", "allocated_gib": 5.225533962249756, "reserved_gib": 8.041015625, "peak_allocated_gib": 7.100478649139404, "gpu_time_budget": null, "module": "model.layers.13.mlp.down_proj", "step": 6144}
{"stage": "sequential-round-coordinate", "pid": 113536, "time": 1789710563.5016034, "cuda_visible_devices": "2", "allocated_gib": 5.225533962249756, "reserved_gib": 8.041015625, "peak_allocated_gib": 7.100478649139404, "gpu_time_budget": null, "module": "model.layers.13.mlp.down_proj", "step": 6272}
{"stage": "sequential-round-coordinate", "pid": 113536, "time": 1789710564.390013, "cuda_visible_devices": "2", "allocated_gib": 5.225533962249756, "reserved_gib": 8.041015625, "peak_allocated_gib": 7.100478649139404, "gpu_time_budget": null, "module": "model.layers.13.mlp.down_proj", "step": 6400}
{"stage": "sequential-round-coordinate", "pid": 113536, "time": 1789710565.2787592, "cuda_visible_devices": "2", "allocated_gib": 5.225533962249756, "reserved_gib": 8.041015625, "peak_allocated_gib": 7.100478649139404, "gpu_time_budget": null, "module": "model.layers.13.mlp.down_proj", "step": 6528}
{"stage": "sequential-round-coordinate", "pid": 113536, "time": 1789710566.1679938, "cuda_visible_devices": "2", "allocated_gib": 5.225533962249756, "reserved_gib": 8.041015625, "peak_allocated_gib": 7.100478649139404, "gpu_time_budget": null, "module": "model.layers.13.mlp.down_proj", "step": 6656}
{"stage": "sequential-round-coordinate", "pid": 113536, "time": 1789710567.0565455, "cuda_visible_devices": "2", "allocated_gib": 5.225533962249756, "reserved_gib": 8.041015625, "peak_allocated_gib": 7.100478649139404, "gpu_time_budget": null, "module": "model.layers.13.mlp.down_proj", "step": 6784}
{"stage": "sequential-round-coordinate", "pid": 113536, "time": 1789710567.9453433, "cuda_visible_devices": "2", "allocated_gib": 5.225533962249756, "reserved_gib": 8.041015625, "peak_allocated_gib": 7.100478649139404, "gpu_time_budget": null, "module": "model.layers.13.mlp.down_proj", "step": 6912}
{"stage": "sequential-round-coordinate", "pid": 113536, "time": 1789710568.834876, "cuda_visible_devices": "2", "allocated_gib": 5.225533962249756, "reserved_gib": 8.041015625, "peak_allocated_gib": 7.100478649139404, "gpu_time_budget": null, "module": "model.layers.13.mlp.down_proj", "step": 7040}
{"stage": "sequential-round-coordinate", "pid": 113536, "time": 1789710569.7242556, "cuda_visible_devices": "2", "allocated_gib": 5.225533962249756, "reserved_gib": 8.041015625, "peak_allocated_gib": 7.100478649139404, "gpu_time_budget": null, "module": "model.layers.13.mlp.down_proj", "step": 7168}
{"stage": "sequential-round-coordinate", "pid": 113536, "time": 1789710570.611527, "cuda_visible_devices": "2", "allocated_gib": 5.225533962249756, "reserved_gib": 8.041015625, "peak_allocated_gib": 7.100478649139404, "gpu_time_budget": null, "module": "model.layers.13.mlp.down_proj", "step": 7296}
{"stage": "sequential-round-coordinate", "pid": 113536, "time": 1789710571.4994953, "cuda_visible_devices": "2", "allocated_gib": 5.225533962249756, "reserved_gib": 8.041015625, "peak_allocated_gib": 7.100478649139404, "gpu_time_budget": null, "module": "model.layers.13.mlp.down_proj", "step": 7424}
{"stage": "sequential-round-coordinate", "pid": 113536, "time": 1789710572.389294, "cuda_visible_devices": "2", "allocated_gib": 5.225533962249756, "reserved_gib": 8.041015625, "peak_allocated_gib": 7.100478649139404, "gpu_time_budget": null, "module": "model.layers.13.mlp.down_proj", "step": 7552}
{"stage": "sequential-round-coordinate", "pid": 113536, "time": 1789710573.277734, "cuda_visible_devices": "2", "allocated_gib": 5.225533962249756, "reserved_gib": 8.041015625, "peak_allocated_gib": 7.100478649139404, "gpu_time_budget": null, "module": "model.layers.13.mlp.down_proj", "step": 7680}
{"stage": "sequential-round-coordinate", "pid": 113536, "time": 1789710574.167919, "cuda_visible_devices": "2", "allocated_gib": 5.225533962249756, "reserved_gib": 8.041015625, "peak_allocated_gib": 7.100478649139404, "gpu_time_budget": null, "module": "model.layers.13.mlp.down_proj", "step": 7808}
{"stage": "sequential-round-coordinate", "pid": 113536, "time": 1789710575.0566669, "cuda_visible_devices": "2", "allocated_gib": 5.225533962249756, "reserved_gib": 8.041015625, "peak_allocated_gib": 7.100478649139404, "gpu_time_budget": null, "module": "model.layers.13.mlp.down_proj", "step": 7936}
{"stage": "sequential-round-coordinate", "pid": 113536, "time": 1789710575.9443545, "cuda_visible_devices": "2", "allocated_gib": 5.225533962249756, "reserved_gib": 8.041015625, "peak_allocated_gib": 7.100478649139404, "gpu_time_budget": null, "module": "model.layers.13.mlp.down_proj", "step": 8064}
{"stage": "sequential-round-coordinate", "pid": 113536, "time": 1789710576.9147906, "cuda_visible_devices": "2", "allocated_gib": 5.225533962249756, "reserved_gib": 8.041015625, "peak_allocated_gib": 7.100478649139404, "gpu_time_budget": null, "module": "model.layers.13.mlp.down_proj", "step": 8192}
{"stage": "sequential-round-train-nll", "pid": 113536, "time": 1789710577.002582, "cuda_visible_devices": "2", "allocated_gib": 3.795783519744873, "reserved_gib": 3.80078125, "peak_allocated_gib": 7.100478649139404, "gpu_time_budget": null, "module": "model.layers.13.mlp.down_proj", "step": 512}
Evaluation segment 1/1: start=0, windows=8, seqlen=2048
{"stage": "sequential-round-train-nll", "pid": 113536, "time": 1789710582.3477933, "cuda_visible_devices": "2", "allocated_gib": 3.795783519744873, "reserved_gib": 5.791015625, "peak_allocated_gib": 7.100478649139404, "gpu_time_budget": null, "module": "model.layers.13.mlp.down_proj", "step": 2048}
Evaluation segment 1/1: start=0, windows=8, seqlen=2048
{"stage": "sequential-round-train-nll", "pid": 113536, "time": 1789710587.117719, "cuda_visible_devices": "2", "allocated_gib": 3.795783519744873, "reserved_gib": 5.791015625, "peak_allocated_gib": 7.100478649139404, "gpu_time_budget": null, "module": "model.layers.13.mlp.down_proj", "step": 8192}
Evaluation segment 1/1: start=0, windows=8, seqlen=2048
{"stage": "sequential-module-completed", "pid": 113536, "time": 1789710591.0554674, "cuda_visible_devices": "2", "allocated_gib": 3.795783519744873, "reserved_gib": 5.791015625, "peak_allocated_gib": 7.100478649139404, "gpu_time_budget": null, "module": "model.layers.13.mlp.down_proj", "completed": 14, "total": 28, "selected_train_nll": 2.82687447417745, "elapsed_seconds": 932.489770728047}
{"stage": "sequential-round-fit", "pid": 113536, "time": 1789710595.9024034, "cuda_visible_devices": "2", "allocated_gib": 3.795783519744873, "reserved_gib": 5.791015625, "peak_allocated_gib": 7.100478649139404, "gpu_time_budget": null, "module": "model.layers.14.mlp.down_proj", "fit_rows": 49152, "heldout_rows": 16384}
{"stage": "sequential-round-coordinate", "pid": 113536, "time": 1789710596.7744768, "cuda_visible_devices": "2", "allocated_gib": 5.225533962249756, "reserved_gib": 8.041015625, "peak_allocated_gib": 7.100478649139404, "gpu_time_budget": null, "module": "model.layers.14.mlp.down_proj", "step": 128}
{"stage": "sequential-round-coordinate", "pid": 113536, "time": 1789710597.3618264, "cuda_visible_devices": "2", "allocated_gib": 5.225533962249756, "reserved_gib": 8.041015625, "peak_allocated_gib": 7.100478649139404, "gpu_time_budget": null, "module": "model.layers.14.mlp.down_proj", "step": 256}
{"stage": "sequential-round-coordinate", "pid": 113536, "time": 1789710597.9813201, "cuda_visible_devices": "2", "allocated_gib": 5.225533962249756, "reserved_gib": 8.041015625, "peak_allocated_gib": 7.100478649139404, "gpu_time_budget": null, "module": "model.layers.14.mlp.down_proj", "step": 384}
{"stage": "sequential-round-coordinate", "pid": 113536, "time": 1789710598.616049, "cuda_visible_devices": "2", "allocated_gib": 5.225533962249756, "reserved_gib": 8.041015625, "peak_allocated_gib": 7.100478649139404, "gpu_time_budget": null, "module": "model.layers.14.mlp.down_proj", "step": 512}
{"stage": "sequential-round-coordinate", "pid": 113536, "time": 1789710599.2043514, "cuda_visible_devices": "2", "allocated_gib": 5.225533962249756, "reserved_gib": 8.041015625, "peak_allocated_gib": 7.100478649139404, "gpu_time_budget": null, "module": "model.layers.14.mlp.down_proj", "step": 640}
{"stage": "sequential-round-coordinate", "pid": 113536, "time": 1789710599.7904005, "cuda_visible_devices": "2", "allocated_gib": 5.225533962249756, "reserved_gib": 8.041015625, "peak_allocated_gib": 7.100478649139404, "gpu_time_budget": null, "module": "model.layers.14.mlp.down_proj", "step": 768}
{"stage": "sequential-round-coordinate", "pid": 113536, "time": 1789710600.3736506, "cuda_visible_devices": "2", "allocated_gib": 5.225533962249756, "reserved_gib": 8.041015625, "peak_allocated_gib": 7.100478649139404, "gpu_time_budget": null, "module": "model.layers.14.mlp.down_proj", "step": 896}
{"stage": "sequential-round-coordinate", "pid": 113536, "time": 1789710600.9618356, "cuda_visible_devices": "2", "allocated_gib": 5.225533962249756, "reserved_gib": 8.041015625, "peak_allocated_gib": 7.100478649139404, "gpu_time_budget": null, "module": "model.layers.14.mlp.down_proj", "step": 1024}
{"stage": "sequential-round-coordinate", "pid": 113536, "time": 1789710601.5522175, "cuda_visible_devices": "2", "allocated_gib": 5.225533962249756, "reserved_gib": 8.041015625, "peak_allocated_gib": 7.100478649139404, "gpu_time_budget": null, "module": "model.layers.14.mlp.down_proj", "step": 1152}
{"stage": "sequential-round-coordinate", "pid": 113536, "time": 1789710602.0687609, "cuda_visible_devices": "2", "allocated_gib": 5.225533962249756, "reserved_gib": 8.041015625, "peak_allocated_gib": 7.100478649139404, "gpu_time_budget": null, "module": "model.layers.14.mlp.down_proj", "step": 1280}
{"stage": "sequential-round-coordinate", "pid": 113536, "time": 1789710602.9751208, "cuda_visible_devices": "2", "allocated_gib": 5.225533962249756, "reserved_gib": 8.041015625, "peak_allocated_gib": 7.100478649139404, "gpu_time_budget": null, "module": "model.layers.14.mlp.down_proj", "step": 1408}
{"stage": "sequential-round-coordinate", "pid": 113536, "time": 1789710603.8657973, "cuda_visible_devices": "2", "allocated_gib": 5.225533962249756, "reserved_gib": 8.041015625, "peak_allocated_gib": 7.100478649139404, "gpu_time_budget": null, "module": "model.layers.14.mlp.down_proj", "step": 1536}
{"stage": "sequential-round-coordinate", "pid": 113536, "time": 1789710604.7543905, "cuda_visible_devices": "2", "allocated_gib": 5.225533962249756, "reserved_gib": 8.041015625, "peak_allocated_gib": 7.100478649139404, "gpu_time_budget": null, "module": "model.layers.14.mlp.down_proj", "step": 1664}
{"stage": "sequential-round-coordinate", "pid": 113536, "time": 1789710605.642484, "cuda_visible_devices": "2", "allocated_gib": 5.225533962249756, "reserved_gib": 8.041015625, "peak_allocated_gib": 7.100478649139404, "gpu_time_budget": null, "module": "model.layers.14.mlp.down_proj", "step": 1792}
{"stage": "sequential-round-coordinate", "pid": 113536, "time": 1789710606.5338724, "cuda_visible_devices": "2", "allocated_gib": 5.225533962249756, "reserved_gib": 8.041015625, "peak_allocated_gib": 7.100478649139404, "gpu_time_budget": null, "module": "model.layers.14.mlp.down_proj", "step": 1920}
{"stage": "sequential-round-coordinate", "pid": 113536, "time": 1789710607.5043063, "cuda_visible_devices": "2", "allocated_gib": 5.225533962249756, "reserved_gib": 8.041015625, "peak_allocated_gib": 7.100478649139404, "gpu_time_budget": null, "module": "model.layers.14.mlp.down_proj", "step": 2048}
{"stage": "sequential-round-coordinate", "pid": 113536, "time": 1789710608.395837, "cuda_visible_devices": "2", "allocated_gib": 5.225533962249756, "reserved_gib": 8.041015625, "peak_allocated_gib": 7.100478649139404, "gpu_time_budget": null, "module": "model.layers.14.mlp.down_proj", "step": 2176}
{"stage": "sequential-round-coordinate", "pid": 113536, "time": 1789710609.3196201, "cuda_visible_devices": "2", "allocated_gib": 5.225533962249756, "reserved_gib": 8.041015625, "peak_allocated_gib": 7.100478649139404, "gpu_time_budget": null, "module": "model.layers.14.mlp.down_proj", "step": 2304}
{"stage": "sequential-round-coordinate", "pid": 113536, "time": 1789710610.20962, "cuda_visible_devices": "2", "allocated_gib": 5.225533962249756, "reserved_gib": 8.041015625, "peak_allocated_gib": 7.100478649139404, "gpu_time_budget": null, "module": "model.layers.14.mlp.down_proj", "step": 2432}
{"stage": "sequential-round-coordinate", "pid": 113536, "time": 1789710611.0951393, "cuda_visible_devices": "2", "allocated_gib": 5.225533962249756, "reserved_gib": 8.041015625, "peak_allocated_gib": 7.100478649139404, "gpu_time_budget": null, "module": "model.layers.14.mlp.down_proj", "step": 2560}
{"stage": "sequential-round-coordinate", "pid": 113536, "time": 1789710611.9805682, "cuda_visible_devices": "2", "allocated_gib": 5.225533962249756, "reserved_gib": 8.041015625, "peak_allocated_gib": 7.100478649139404, "gpu_time_budget": null, "module": "model.layers.14.mlp.down_proj", "step": 2688}
{"stage": "sequential-round-coordinate", "pid": 113536, "time": 1789710612.8705046, "cuda_visible_devices": "2", "allocated_gib": 5.225533962249756, "reserved_gib": 8.041015625, "peak_allocated_gib": 7.100478649139404, "gpu_time_budget": null, "module": "model.layers.14.mlp.down_proj", "step": 2816}
{"stage": "sequential-round-coordinate", "pid": 113536, "time": 1789710613.757704, "cuda_visible_devices": "2", "allocated_gib": 5.225533962249756, "reserved_gib": 8.041015625, "peak_allocated_gib": 7.100478649139404, "gpu_time_budget": null, "module": "model.layers.14.mlp.down_proj", "step": 2944}
{"stage": "sequential-round-coordinate", "pid": 113536, "time": 1789710614.646151, "cuda_visible_devices": "2", "allocated_gib": 5.225533962249756, "reserved_gib": 8.041015625, "peak_allocated_gib": 7.100478649139404, "gpu_time_budget": null, "module": "model.layers.14.mlp.down_proj", "step": 3072}
{"stage": "sequential-round-coordinate", "pid": 113536, "time": 1789710615.5345235, "cuda_visible_devices": "2", "allocated_gib": 5.225533962249756, "reserved_gib": 8.041015625, "peak_allocated_gib": 7.100478649139404, "gpu_time_budget": null, "module": "model.layers.14.mlp.down_proj", "step": 3200}
{"stage": "sequential-round-coordinate", "pid": 113536, "time": 1789710616.423102, "cuda_visible_devices": "2", "allocated_gib": 5.225533962249756, "reserved_gib": 8.041015625, "peak_allocated_gib": 7.100478649139404, "gpu_time_budget": null, "module": "model.layers.14.mlp.down_proj", "step": 3328}
{"stage": "sequential-round-coordinate", "pid": 113536, "time": 1789710617.314362, "cuda_visible_devices": "2", "allocated_gib": 5.225533962249756, "reserved_gib": 8.041015625, "peak_allocated_gib": 7.100478649139404, "gpu_time_budget": null, "module": "model.layers.14.mlp.down_proj", "step": 3456}
{"stage": "sequential-round-coordinate", "pid": 113536, "time": 1789710618.1998618, "cuda_visible_devices": "2", "allocated_gib": 5.225533962249756, "reserved_gib": 8.041015625, "peak_allocated_gib": 7.100478649139404, "gpu_time_budget": null, "module": "model.layers.14.mlp.down_proj", "step": 3584}
{"stage": "sequential-round-coordinate", "pid": 113536, "time": 1789710619.0855956, "cuda_visible_devices": "2", "allocated_gib": 5.225533962249756, "reserved_gib": 8.041015625, "peak_allocated_gib": 7.100478649139404, "gpu_time_budget": null, "module": "model.layers.14.mlp.down_proj", "step": 3712}
{"stage": "sequential-round-coordinate", "pid": 113536, "time": 1789710619.97528, "cuda_visible_devices": "2", "allocated_gib": 5.225533962249756, "reserved_gib": 8.041015625, "peak_allocated_gib": 7.100478649139404, "gpu_time_budget": null, "module": "model.layers.14.mlp.down_proj", "step": 3840}
{"stage": "sequential-round-coordinate", "pid": 113536, "time": 1789710620.864938, "cuda_visible_devices": "2", "allocated_gib": 5.225533962249756, "reserved_gib": 8.041015625, "peak_allocated_gib": 7.100478649139404, "gpu_time_budget": null, "module": "model.layers.14.mlp.down_proj", "step": 3968}
{"stage": "sequential-round-coordinate", "pid": 113536, "time": 1789710621.7537713, "cuda_visible_devices": "2", "allocated_gib": 5.225533962249756, "reserved_gib": 8.041015625, "peak_allocated_gib": 7.100478649139404, "gpu_time_budget": null, "module": "model.layers.14.mlp.down_proj", "step": 4096}
{"stage": "sequential-round-coordinate", "pid": 113536, "time": 1789710622.6419938, "cuda_visible_devices": "2", "allocated_gib": 5.225533962249756, "reserved_gib": 8.041015625, "peak_allocated_gib": 7.100478649139404, "gpu_time_budget": null, "module": "model.layers.14.mlp.down_proj", "step": 4224}
{"stage": "sequential-round-coordinate", "pid": 113536, "time": 1789710623.528106, "cuda_visible_devices": "2", "allocated_gib": 5.225533962249756, "reserved_gib": 8.041015625, "peak_allocated_gib": 7.100478649139404, "gpu_time_budget": null, "module": "model.layers.14.mlp.down_proj", "step": 4352}
{"stage": "sequential-round-coordinate", "pid": 113536, "time": 1789710624.414094, "cuda_visible_devices": "2", "allocated_gib": 5.225533962249756, "reserved_gib": 8.041015625, "peak_allocated_gib": 7.100478649139404, "gpu_time_budget": null, "module": "model.layers.14.mlp.down_proj", "step": 4480}
{"stage": "sequential-round-coordinate", "pid": 113536, "time": 1789710625.301925, "cuda_visible_devices": "2", "allocated_gib": 5.225533962249756, "reserved_gib": 8.041015625, "peak_allocated_gib": 7.100478649139404, "gpu_time_budget": null, "module": "model.layers.14.mlp.down_proj", "step": 4608}
{"stage": "sequential-round-coordinate", "pid": 113536, "time": 1789710626.191835, "cuda_visible_devices": "2", "allocated_gib": 5.225533962249756, "reserved_gib": 8.041015625, "peak_allocated_gib": 7.100478649139404, "gpu_time_budget": null, "module": "model.layers.14.mlp.down_proj", "step": 4736}
{"stage": "sequential-round-coordinate", "pid": 113536, "time": 1789710627.078005, "cuda_visible_devices": "2", "allocated_gib": 5.225533962249756, "reserved_gib": 8.041015625, "peak_allocated_gib": 7.100478649139404, "gpu_time_budget": null, "module": "model.layers.14.mlp.down_proj", "step": 4864}
{"stage": "sequential-round-coordinate", "pid": 113536, "time": 1789710627.9659424, "cuda_visible_devices": "2", "allocated_gib": 5.225533962249756, "reserved_gib": 8.041015625, "peak_allocated_gib": 7.100478649139404, "gpu_time_budget": null, "module": "model.layers.14.mlp.down_proj", "step": 4992}
{"stage": "sequential-round-coordinate", "pid": 113536, "time": 1789710628.8486173, "cuda_visible_devices": "2", "allocated_gib": 5.225533962249756, "reserved_gib": 8.041015625, "peak_allocated_gib": 7.100478649139404, "gpu_time_budget": null, "module": "model.layers.14.mlp.down_proj", "step": 5120}
{"stage": "sequential-round-coordinate", "pid": 113536, "time": 1789710629.7361073, "cuda_visible_devices": "2", "allocated_gib": 5.225533962249756, "reserved_gib": 8.041015625, "peak_allocated_gib": 7.100478649139404, "gpu_time_budget": null, "module": "model.layers.14.mlp.down_proj", "step": 5248}
{"stage": "sequential-round-coordinate", "pid": 113536, "time": 1789710630.6246142, "cuda_visible_devices": "2", "allocated_gib": 5.225533962249756, "reserved_gib": 8.041015625, "peak_allocated_gib": 7.100478649139404, "gpu_time_budget": null, "module": "model.layers.14.mlp.down_proj", "step": 5376}
{"stage": "sequential-round-coordinate", "pid": 113536, "time": 1789710631.511262, "cuda_visible_devices": "2", "allocated_gib": 5.225533962249756, "reserved_gib": 8.041015625, "peak_allocated_gib": 7.100478649139404, "gpu_time_budget": null, "module": "model.layers.14.mlp.down_proj", "step": 5504}
{"stage": "sequential-round-coordinate", "pid": 113536, "time": 1789710632.4023077, "cuda_visible_devices": "2", "allocated_gib": 5.225533962249756, "reserved_gib": 8.041015625, "peak_allocated_gib": 7.100478649139404, "gpu_time_budget": null, "module": "model.layers.14.mlp.down_proj", "step": 5632}
{"stage": "sequential-round-coordinate", "pid": 113536, "time": 1789710633.2954993, "cuda_visible_devices": "2", "allocated_gib": 5.225533962249756, "reserved_gib": 8.041015625, "peak_allocated_gib": 7.100478649139404, "gpu_time_budget": null, "module": "model.layers.14.mlp.down_proj", "step": 5760}
{"stage": "sequential-round-coordinate", "pid": 113536, "time": 1789710634.1843014, "cuda_visible_devices": "2", "allocated_gib": 5.225533962249756, "reserved_gib": 8.041015625, "peak_allocated_gib": 7.100478649139404, "gpu_time_budget": null, "module": "model.layers.14.mlp.down_proj", "step": 5888}
{"stage": "sequential-round-coordinate", "pid": 113536, "time": 1789710635.0733128, "cuda_visible_devices": "2", "allocated_gib": 5.225533962249756, "reserved_gib": 8.041015625, "peak_allocated_gib": 7.100478649139404, "gpu_time_budget": null, "module": "model.layers.14.mlp.down_proj", "step": 6016}
{"stage": "sequential-round-coordinate", "pid": 113536, "time": 1789710635.9610386, "cuda_visible_devices": "2", "allocated_gib": 5.225533962249756, "reserved_gib": 8.041015625, "peak_allocated_gib": 7.100478649139404, "gpu_time_budget": null, "module": "model.layers.14.mlp.down_proj", "step": 6144}
{"stage": "sequential-round-coordinate", "pid": 113536, "time": 1789710636.8507526, "cuda_visible_devices": "2", "allocated_gib": 5.225533962249756, "reserved_gib": 8.041015625, "peak_allocated_gib": 7.100478649139404, "gpu_time_budget": null, "module": "model.layers.14.mlp.down_proj", "step": 6272}
{"stage": "sequential-round-coordinate", "pid": 113536, "time": 1789710637.7394044, "cuda_visible_devices": "2", "allocated_gib": 5.225533962249756, "reserved_gib": 8.041015625, "peak_allocated_gib": 7.100478649139404, "gpu_time_budget": null, "module": "model.layers.14.mlp.down_proj", "step": 6400}
{"stage": "sequential-round-coordinate", "pid": 113536, "time": 1789710638.6217806, "cuda_visible_devices": "2", "allocated_gib": 5.225533962249756, "reserved_gib": 8.041015625, "peak_allocated_gib": 7.100478649139404, "gpu_time_budget": null, "module": "model.layers.14.mlp.down_proj", "step": 6528}
{"stage": "sequential-round-coordinate", "pid": 113536, "time": 1789710639.5097167, "cuda_visible_devices": "2", "allocated_gib": 5.225533962249756, "reserved_gib": 8.041015625, "peak_allocated_gib": 7.100478649139404, "gpu_time_budget": null, "module": "model.layers.14.mlp.down_proj", "step": 6656}
{"stage": "sequential-round-coordinate", "pid": 113536, "time": 1789710640.3978965, "cuda_visible_devices": "2", "allocated_gib": 5.225533962249756, "reserved_gib": 8.041015625, "peak_allocated_gib": 7.100478649139404, "gpu_time_budget": null, "module": "model.layers.14.mlp.down_proj", "step": 6784}
{"stage": "sequential-round-coordinate", "pid": 113536, "time": 1789710641.2867365, "cuda_visible_devices": "2", "allocated_gib": 5.225533962249756, "reserved_gib": 8.041015625, "peak_allocated_gib": 7.100478649139404, "gpu_time_budget": null, "module": "model.layers.14.mlp.down_proj", "step": 6912}
{"stage": "sequential-round-coordinate", "pid": 113536, "time": 1789710642.179174, "cuda_visible_devices": "2", "allocated_gib": 5.225533962249756, "reserved_gib": 8.041015625, "peak_allocated_gib": 7.100478649139404, "gpu_time_budget": null, "module": "model.layers.14.mlp.down_proj", "step": 7040}
{"stage": "sequential-round-coordinate", "pid": 113536, "time": 1789710643.0631082, "cuda_visible_devices": "2", "allocated_gib": 5.225533962249756, "reserved_gib": 8.041015625, "peak_allocated_gib": 7.100478649139404, "gpu_time_budget": null, "module": "model.layers.14.mlp.down_proj", "step": 7168}
{"stage": "sequential-round-coordinate", "pid": 113536, "time": 1789710643.9516506, "cuda_visible_devices": "2", "allocated_gib": 5.225533962249756, "reserved_gib": 8.041015625, "peak_allocated_gib": 7.100478649139404, "gpu_time_budget": null, "module": "model.layers.14.mlp.down_proj", "step": 7296}
{"stage": "sequential-round-coordinate", "pid": 113536, "time": 1789710644.8372982, "cuda_visible_devices": "2", "allocated_gib": 5.225533962249756, "reserved_gib": 8.041015625, "peak_allocated_gib": 7.100478649139404, "gpu_time_budget": null, "module": "model.layers.14.mlp.down_proj", "step": 7424}
{"stage": "sequential-round-coordinate", "pid": 113536, "time": 1789710645.726885, "cuda_visible_devices": "2", "allocated_gib": 5.225533962249756, "reserved_gib": 8.041015625, "peak_allocated_gib": 7.100478649139404, "gpu_time_budget": null, "module": "model.layers.14.mlp.down_proj", "step": 7552}
{"stage": "sequential-round-coordinate", "pid": 113536, "time": 1789710646.616281, "cuda_visible_devices": "2", "allocated_gib": 5.225533962249756, "reserved_gib": 8.041015625, "peak_allocated_gib": 7.100478649139404, "gpu_time_budget": null, "module": "model.layers.14.mlp.down_proj", "step": 7680}
{"stage": "sequential-round-coordinate", "pid": 113536, "time": 1789710647.508465, "cuda_visible_devices": "2", "allocated_gib": 5.225533962249756, "reserved_gib": 8.041015625, "peak_allocated_gib": 7.100478649139404, "gpu_time_budget": null, "module": "model.layers.14.mlp.down_proj", "step": 7808}
{"stage": "sequential-round-coordinate", "pid": 113536, "time": 1789710648.399139, "cuda_visible_devices": "2", "allocated_gib": 5.225533962249756, "reserved_gib": 8.041015625, "peak_allocated_gib": 7.100478649139404, "gpu_time_budget": null, "module": "model.layers.14.mlp.down_proj", "step": 7936}
{"stage": "sequential-round-coordinate", "pid": 113536, "time": 1789710649.2877412, "cuda_visible_devices": "2", "allocated_gib": 5.225533962249756, "reserved_gib": 8.041015625, "peak_allocated_gib": 7.100478649139404, "gpu_time_budget": null, "module": "model.layers.14.mlp.down_proj", "step": 8064}
{"stage": "sequential-round-coordinate", "pid": 113536, "time": 1789710650.256326, "cuda_visible_devices": "2", "allocated_gib": 5.225533962249756, "reserved_gib": 8.041015625, "peak_allocated_gib": 7.100478649139404, "gpu_time_budget": null, "module": "model.layers.14.mlp.down_proj", "step": 8192}
{"stage": "sequential-round-train-nll", "pid": 113536, "time": 1789710650.3020213, "cuda_visible_devices": "2", "allocated_gib": 3.795783519744873, "reserved_gib": 3.80078125, "peak_allocated_gib": 7.100478649139404, "gpu_time_budget": null, "module": "model.layers.14.mlp.down_proj", "step": 512}
Evaluation segment 1/1: start=0, windows=8, seqlen=2048
{"stage": "sequential-round-train-nll", "pid": 113536, "time": 1789710655.66772, "cuda_visible_devices": "2", "allocated_gib": 3.795783519744873, "reserved_gib": 5.791015625, "peak_allocated_gib": 7.100478649139404, "gpu_time_budget": null, "module": "model.layers.14.mlp.down_proj", "step": 2048}
Evaluation segment 1/1: start=0, windows=8, seqlen=2048
{"stage": "sequential-round-train-nll", "pid": 113536, "time": 1789710659.6739137, "cuda_visible_devices": "2", "allocated_gib": 3.795783519744873, "reserved_gib": 5.791015625, "peak_allocated_gib": 7.100478649139404, "gpu_time_budget": null, "module": "model.layers.14.mlp.down_proj", "step": 8192}
Evaluation segment 1/1: start=0, windows=8, seqlen=2048
{"stage": "sequential-module-completed", "pid": 113536, "time": 1789710663.671172, "cuda_visible_devices": "2", "allocated_gib": 3.795783519744873, "reserved_gib": 5.791015625, "peak_allocated_gib": 7.100478649139404, "gpu_time_budget": null, "module": "model.layers.14.mlp.down_proj", "completed": 15, "total": 28, "selected_train_nll": 2.8268725546981393, "elapsed_seconds": 1005.1054728069576}
{"stage": "sequential-round-fit", "pid": 113536, "time": 1789710668.0184379, "cuda_visible_devices": "2", "allocated_gib": 3.795783519744873, "reserved_gib": 5.791015625, "peak_allocated_gib": 7.100478649139404, "gpu_time_budget": null, "module": "model.layers.15.mlp.down_proj", "fit_rows": 49152, "heldout_rows": 16384}
{"stage": "sequential-round-coordinate", "pid": 113536, "time": 1789710668.8743083, "cuda_visible_devices": "2", "allocated_gib": 5.225533962249756, "reserved_gib": 8.041015625, "peak_allocated_gib": 7.100478649139404, "gpu_time_budget": null, "module": "model.layers.15.mlp.down_proj", "step": 128}
{"stage": "sequential-round-coordinate", "pid": 113536, "time": 1789710669.4643493, "cuda_visible_devices": "2", "allocated_gib": 5.225533962249756, "reserved_gib": 8.041015625, "peak_allocated_gib": 7.100478649139404, "gpu_time_budget": null, "module": "model.layers.15.mlp.down_proj", "step": 256}
{"stage": "sequential-round-coordinate", "pid": 113536, "time": 1789710670.0577888, "cuda_visible_devices": "2", "allocated_gib": 5.225533962249756, "reserved_gib": 8.041015625, "peak_allocated_gib": 7.100478649139404, "gpu_time_budget": null, "module": "model.layers.15.mlp.down_proj", "step": 384}
{"stage": "sequential-round-coordinate", "pid": 113536, "time": 1789710670.702529, "cuda_visible_devices": "2", "allocated_gib": 5.225533962249756, "reserved_gib": 8.041015625, "peak_allocated_gib": 7.100478649139404, "gpu_time_budget": null, "module": "model.layers.15.mlp.down_proj", "step": 512}
{"stage": "sequential-round-coordinate", "pid": 113536, "time": 1789710671.2726004, "cuda_visible_devices": "2", "allocated_gib": 5.225533962249756, "reserved_gib": 8.041015625, "peak_allocated_gib": 7.100478649139404, "gpu_time_budget": null, "module": "model.layers.15.mlp.down_proj", "step": 640}
{"stage": "sequential-round-coordinate", "pid": 113536, "time": 1789710671.7186515, "cuda_visible_devices": "2", "allocated_gib": 5.225533962249756, "reserved_gib": 8.041015625, "peak_allocated_gib": 7.100478649139404, "gpu_time_budget": null, "module": "model.layers.15.mlp.down_proj", "step": 768}
{"stage": "sequential-round-coordinate", "pid": 113536, "time": 1789710672.565522, "cuda_visible_devices": "2", "allocated_gib": 5.225533962249756, "reserved_gib": 8.041015625, "peak_allocated_gib": 7.100478649139404, "gpu_time_budget": null, "module": "model.layers.15.mlp.down_proj", "step": 896}
{"stage": "sequential-round-coordinate", "pid": 113536, "time": 1789710673.453696, "cuda_visible_devices": "2", "allocated_gib": 5.225533962249756, "reserved_gib": 8.041015625, "peak_allocated_gib": 7.100478649139404, "gpu_time_budget": null, "module": "model.layers.15.mlp.down_proj", "step": 1024}
{"stage": "sequential-round-coordinate", "pid": 113536, "time": 1789710674.343116, "cuda_visible_devices": "2", "allocated_gib": 5.225533962249756, "reserved_gib": 8.041015625, "peak_allocated_gib": 7.100478649139404, "gpu_time_budget": null, "module": "model.layers.15.mlp.down_proj", "step": 1152}
{"stage": "sequential-round-coordinate", "pid": 113536, "time": 1789710675.2316024, "cuda_visible_devices": "2", "allocated_gib": 5.225533962249756, "reserved_gib": 8.041015625, "peak_allocated_gib": 7.100478649139404, "gpu_time_budget": null, "module": "model.layers.15.mlp.down_proj", "step": 1280}
{"stage": "sequential-round-coordinate", "pid": 113536, "time": 1789710676.115356, "cuda_visible_devices": "2", "allocated_gib": 5.225533962249756, "reserved_gib": 8.041015625, "peak_allocated_gib": 7.100478649139404, "gpu_time_budget": null, "module": "model.layers.15.mlp.down_proj", "step": 1408}
{"stage": "sequential-round-coordinate", "pid": 113536, "time": 1789710677.0022793, "cuda_visible_devices": "2", "allocated_gib": 5.225533962249756, "reserved_gib": 8.041015625, "peak_allocated_gib": 7.100478649139404, "gpu_time_budget": null, "module": "model.layers.15.mlp.down_proj", "step": 1536}
{"stage": "sequential-round-coordinate", "pid": 113536, "time": 1789710677.8880942, "cuda_visible_devices": "2", "allocated_gib": 5.225533962249756, "reserved_gib": 8.041015625, "peak_allocated_gib": 7.100478649139404, "gpu_time_budget": null, "module": "model.layers.15.mlp.down_proj", "step": 1664}
{"stage": "sequential-round-coordinate", "pid": 113536, "time": 1789710678.7725458, "cuda_visible_devices": "2", "allocated_gib": 5.225533962249756, "reserved_gib": 8.041015625, "peak_allocated_gib": 7.100478649139404, "gpu_time_budget": null, "module": "model.layers.15.mlp.down_proj", "step": 1792}
{"stage": "sequential-round-coordinate", "pid": 113536, "time": 1789710679.662054, "cuda_visible_devices": "2", "allocated_gib": 5.225533962249756, "reserved_gib": 8.041015625, "peak_allocated_gib": 7.100478649139404, "gpu_time_budget": null, "module": "model.layers.15.mlp.down_proj", "step": 1920}
{"stage": "sequential-round-coordinate", "pid": 113536, "time": 1789710680.6224866, "cuda_visible_devices": "2", "allocated_gib": 5.225533962249756, "reserved_gib": 8.041015625, "peak_allocated_gib": 7.100478649139404, "gpu_time_budget": null, "module": "model.layers.15.mlp.down_proj", "step": 2048}
{"stage": "sequential-round-coordinate", "pid": 113536, "time": 1789710681.5093765, "cuda_visible_devices": "2", "allocated_gib": 5.225533962249756, "reserved_gib": 8.041015625, "peak_allocated_gib": 7.100478649139404, "gpu_time_budget": null, "module": "model.layers.15.mlp.down_proj", "step": 2176}
{"stage": "sequential-round-coordinate", "pid": 113536, "time": 1789710682.3980095, "cuda_visible_devices": "2", "allocated_gib": 5.225533962249756, "reserved_gib": 8.041015625, "peak_allocated_gib": 7.100478649139404, "gpu_time_budget": null, "module": "model.layers.15.mlp.down_proj", "step": 2304}
{"stage": "sequential-round-coordinate", "pid": 113536, "time": 1789710683.2842243, "cuda_visible_devices": "2", "allocated_gib": 5.225533962249756, "reserved_gib": 8.041015625, "peak_allocated_gib": 7.100478649139404, "gpu_time_budget": null, "module": "model.layers.15.mlp.down_proj", "step": 2432}
{"stage": "sequential-round-coordinate", "pid": 113536, "time": 1789710684.1733391, "cuda_visible_devices": "2", "allocated_gib": 5.225533962249756, "reserved_gib": 8.041015625, "peak_allocated_gib": 7.100478649139404, "gpu_time_budget": null, "module": "model.layers.15.mlp.down_proj", "step": 2560}
{"stage": "sequential-round-coordinate", "pid": 113536, "time": 1789710685.0648303, "cuda_visible_devices": "2", "allocated_gib": 5.225533962249756, "reserved_gib": 8.041015625, "peak_allocated_gib": 7.100478649139404, "gpu_time_budget": null, "module": "model.layers.15.mlp.down_proj", "step": 2688}
{"stage": "sequential-round-coordinate", "pid": 113536, "time": 1789710685.9550962, "cuda_visible_devices": "2", "allocated_gib": 5.225533962249756, "reserved_gib": 8.041015625, "peak_allocated_gib": 7.100478649139404, "gpu_time_budget": null, "module": "model.layers.15.mlp.down_proj", "step": 2816}
{"stage": "sequential-round-coordinate", "pid": 113536, "time": 1789710686.8434885, "cuda_visible_devices": "2", "allocated_gib": 5.225533962249756, "reserved_gib": 8.041015625, "peak_allocated_gib": 7.100478649139404, "gpu_time_budget": null, "module": "model.layers.15.mlp.down_proj", "step": 2944}
{"stage": "sequential-round-coordinate", "pid": 113536, "time": 1789710687.736074, "cuda_visible_devices": "2", "allocated_gib": 5.225533962249756, "reserved_gib": 8.041015625, "peak_allocated_gib": 7.100478649139404, "gpu_time_budget": null, "module": "model.layers.15.mlp.down_proj", "step": 3072}
{"stage": "sequential-round-coordinate", "pid": 113536, "time": 1789710688.6258898, "cuda_visible_devices": "2", "allocated_gib": 5.225533962249756, "reserved_gib": 8.041015625, "peak_allocated_gib": 7.100478649139404, "gpu_time_budget": null, "module": "model.layers.15.mlp.down_proj", "step": 3200}
{"stage": "sequential-round-coordinate", "pid": 113536, "time": 1789710689.5130806, "cuda_visible_devices": "2", "allocated_gib": 5.225533962249756, "reserved_gib": 8.041015625, "peak_allocated_gib": 7.100478649139404, "gpu_time_budget": null, "module": "model.layers.15.mlp.down_proj", "step": 3328}
{"stage": "sequential-round-coordinate", "pid": 113536, "time": 1789710690.401849, "cuda_visible_devices": "2", "allocated_gib": 5.225533962249756, "reserved_gib": 8.041015625, "peak_allocated_gib": 7.100478649139404, "gpu_time_budget": null, "module": "model.layers.15.mlp.down_proj", "step": 3456}
{"stage": "sequential-round-coordinate", "pid": 113536, "time": 1789710691.2897272, "cuda_visible_devices": "2", "allocated_gib": 5.225533962249756, "reserved_gib": 8.041015625, "peak_allocated_gib": 7.100478649139404, "gpu_time_budget": null, "module": "model.layers.15.mlp.down_proj", "step": 3584}
{"stage": "sequential-round-coordinate", "pid": 113536, "time": 1789710692.1781282, "cuda_visible_devices": "2", "allocated_gib": 5.225533962249756, "reserved_gib": 8.041015625, "peak_allocated_gib": 7.100478649139404, "gpu_time_budget": null, "module": "model.layers.15.mlp.down_proj", "step": 3712}
{"stage": "sequential-round-coordinate", "pid": 113536, "time": 1789710693.0674458, "cuda_visible_devices": "2", "allocated_gib": 5.225533962249756, "reserved_gib": 8.041015625, "peak_allocated_gib": 7.100478649139404, "gpu_time_budget": null, "module": "model.layers.15.mlp.down_proj", "step": 3840}
{"stage": "sequential-round-coordinate", "pid": 113536, "time": 1789710693.956063, "cuda_visible_devices": "2", "allocated_gib": 5.225533962249756, "reserved_gib": 8.041015625, "peak_allocated_gib": 7.100478649139404, "gpu_time_budget": null, "module": "model.layers.15.mlp.down_proj", "step": 3968}
{"stage": "sequential-round-coordinate", "pid": 113536, "time": 1789710694.8454084, "cuda_visible_devices": "2", "allocated_gib": 5.225533962249756, "reserved_gib": 8.041015625, "peak_allocated_gib": 7.100478649139404, "gpu_time_budget": null, "module": "model.layers.15.mlp.down_proj", "step": 4096}
{"stage": "sequential-round-coordinate", "pid": 113536, "time": 1789710695.735553, "cuda_visible_devices": "2", "allocated_gib": 5.225533962249756, "reserved_gib": 8.041015625, "peak_allocated_gib": 7.100478649139404, "gpu_time_budget": null, "module": "model.layers.15.mlp.down_proj", "step": 4224}
{"stage": "sequential-round-coordinate", "pid": 113536, "time": 1789710696.6251738, "cuda_visible_devices": "2", "allocated_gib": 5.225533962249756, "reserved_gib": 8.041015625, "peak_allocated_gib": 7.100478649139404, "gpu_time_budget": null, "module": "model.layers.15.mlp.down_proj", "step": 4352}
{"stage": "sequential-round-coordinate", "pid": 113536, "time": 1789710697.514591, "cuda_visible_devices": "2", "allocated_gib": 5.225533962249756, "reserved_gib": 8.041015625, "peak_allocated_gib": 7.100478649139404, "gpu_time_budget": null, "module": "model.layers.15.mlp.down_proj", "step": 4480}
{"stage": "sequential-round-coordinate", "pid": 113536, "time": 1789710698.4042666, "cuda_visible_devices": "2", "allocated_gib": 5.225533962249756, "reserved_gib": 8.041015625, "peak_allocated_gib": 7.100478649139404, "gpu_time_budget": null, "module": "model.layers.15.mlp.down_proj", "step": 4608}
{"stage": "sequential-round-coordinate", "pid": 113536, "time": 1789710699.2917647, "cuda_visible_devices": "2", "allocated_gib": 5.225533962249756, "reserved_gib": 8.041015625, "peak_allocated_gib": 7.100478649139404, "gpu_time_budget": null, "module": "model.layers.15.mlp.down_proj", "step": 4736}
{"stage": "sequential-round-coordinate", "pid": 113536, "time": 1789710700.1782525, "cuda_visible_devices": "2", "allocated_gib": 5.225533962249756, "reserved_gib": 8.041015625, "peak_allocated_gib": 7.100478649139404, "gpu_time_budget": null, "module": "model.layers.15.mlp.down_proj", "step": 4864}
{"stage": "sequential-round-coordinate", "pid": 113536, "time": 1789710701.0664294, "cuda_visible_devices": "2", "allocated_gib": 5.225533962249756, "reserved_gib": 8.041015625, "peak_allocated_gib": 7.100478649139404, "gpu_time_budget": null, "module": "model.layers.15.mlp.down_proj", "step": 4992}
{"stage": "sequential-round-coordinate", "pid": 113536, "time": 1789710701.9567845, "cuda_visible_devices": "2", "allocated_gib": 5.225533962249756, "reserved_gib": 8.041015625, "peak_allocated_gib": 7.100478649139404, "gpu_time_budget": null, "module": "model.layers.15.mlp.down_proj", "step": 5120}
{"stage": "sequential-round-coordinate", "pid": 113536, "time": 1789710702.843821, "cuda_visible_devices": "2", "allocated_gib": 5.225533962249756, "reserved_gib": 8.041015625, "peak_allocated_gib": 7.100478649139404, "gpu_time_budget": null, "module": "model.layers.15.mlp.down_proj", "step": 5248}
{"stage": "sequential-round-coordinate", "pid": 113536, "time": 1789710703.73299, "cuda_visible_devices": "2", "allocated_gib": 5.225533962249756, "reserved_gib": 8.041015625, "peak_allocated_gib": 7.100478649139404, "gpu_time_budget": null, "module": "model.layers.15.mlp.down_proj", "step": 5376}
{"stage": "sequential-round-coordinate", "pid": 113536, "time": 1789710704.6219182, "cuda_visible_devices": "2", "allocated_gib": 5.225533962249756, "reserved_gib": 8.041015625, "peak_allocated_gib": 7.100478649139404, "gpu_time_budget": null, "module": "model.layers.15.mlp.down_proj", "step": 5504}
{"stage": "sequential-round-coordinate", "pid": 113536, "time": 1789710705.510591, "cuda_visible_devices": "2", "allocated_gib": 5.225533962249756, "reserved_gib": 8.041015625, "peak_allocated_gib": 7.100478649139404, "gpu_time_budget": null, "module": "model.layers.15.mlp.down_proj", "step": 5632}
{"stage": "sequential-round-coordinate", "pid": 113536, "time": 1789710706.398488, "cuda_visible_devices": "2", "allocated_gib": 5.225533962249756, "reserved_gib": 8.041015625, "peak_allocated_gib": 7.100478649139404, "gpu_time_budget": null, "module": "model.layers.15.mlp.down_proj", "step": 5760}
{"stage": "sequential-round-coordinate", "pid": 113536, "time": 1789710707.2878613, "cuda_visible_devices": "2", "allocated_gib": 5.225533962249756, "reserved_gib": 8.041015625, "peak_allocated_gib": 7.100478649139404, "gpu_time_budget": null, "module": "model.layers.15.mlp.down_proj", "step": 5888}
{"stage": "sequential-round-coordinate", "pid": 113536, "time": 1789710708.1801453, "cuda_visible_devices": "2", "allocated_gib": 5.225533962249756, "reserved_gib": 8.041015625, "peak_allocated_gib": 7.100478649139404, "gpu_time_budget": null, "module": "model.layers.15.mlp.down_proj", "step": 6016}
{"stage": "sequential-round-coordinate", "pid": 113536, "time": 1789710709.0717192, "cuda_visible_devices": "2", "allocated_gib": 5.225533962249756, "reserved_gib": 8.041015625, "peak_allocated_gib": 7.100478649139404, "gpu_time_budget": null, "module": "model.layers.15.mlp.down_proj", "step": 6144}
{"stage": "sequential-round-coordinate", "pid": 113536, "time": 1789710709.9618633, "cuda_visible_devices": "2", "allocated_gib": 5.225533962249756, "reserved_gib": 8.041015625, "peak_allocated_gib": 7.100478649139404, "gpu_time_budget": null, "module": "model.layers.15.mlp.down_proj", "step": 6272}
{"stage": "sequential-round-coordinate", "pid": 113536, "time": 1789710710.850666, "cuda_visible_devices": "2", "allocated_gib": 5.225533962249756, "reserved_gib": 8.041015625, "peak_allocated_gib": 7.100478649139404, "gpu_time_budget": null, "module": "model.layers.15.mlp.down_proj", "step": 6400}
{"stage": "sequential-round-coordinate", "pid": 113536, "time": 1789710711.7353983, "cuda_visible_devices": "2", "allocated_gib": 5.225533962249756, "reserved_gib": 8.041015625, "peak_allocated_gib": 7.100478649139404, "gpu_time_budget": null, "module": "model.layers.15.mlp.down_proj", "step": 6528}
{"stage": "sequential-round-coordinate", "pid": 113536, "time": 1789710712.623635, "cuda_visible_devices": "2", "allocated_gib": 5.225533962249756, "reserved_gib": 8.041015625, "peak_allocated_gib": 7.100478649139404, "gpu_time_budget": null, "module": "model.layers.15.mlp.down_proj", "step": 6656}
{"stage": "sequential-round-coordinate", "pid": 113536, "time": 1789710713.5133612, "cuda_visible_devices": "2", "allocated_gib": 5.225533962249756, "reserved_gib": 8.041015625, "peak_allocated_gib": 7.100478649139404, "gpu_time_budget": null, "module": "model.layers.15.mlp.down_proj", "step": 6784}
{"stage": "sequential-round-coordinate", "pid": 113536, "time": 1789710714.403246, "cuda_visible_devices": "2", "allocated_gib": 5.225533962249756, "reserved_gib": 8.041015625, "peak_allocated_gib": 7.100478649139404, "gpu_time_budget": null, "module": "model.layers.15.mlp.down_proj", "step": 6912}
{"stage": "sequential-round-coordinate", "pid": 113536, "time": 1789710715.2917953, "cuda_visible_devices": "2", "allocated_gib": 5.225533962249756, "reserved_gib": 8.041015625, "peak_allocated_gib": 7.100478649139404, "gpu_time_budget": null, "module": "model.layers.15.mlp.down_proj", "step": 7040}
{"stage": "sequential-round-coordinate", "pid": 113536, "time": 1789710716.1790645, "cuda_visible_devices": "2", "allocated_gib": 5.225533962249756, "reserved_gib": 8.041015625, "peak_allocated_gib": 7.100478649139404, "gpu_time_budget": null, "module": "model.layers.15.mlp.down_proj", "step": 7168}
{"stage": "sequential-round-coordinate", "pid": 113536, "time": 1789710717.067171, "cuda_visible_devices": "2", "allocated_gib": 5.225533962249756, "reserved_gib": 8.041015625, "peak_allocated_gib": 7.100478649139404, "gpu_time_budget": null, "module": "model.layers.15.mlp.down_proj", "step": 7296}
{"stage": "sequential-round-coordinate", "pid": 113536, "time": 1789710717.9575527, "cuda_visible_devices": "2", "allocated_gib": 5.225533962249756, "reserved_gib": 8.041015625, "peak_allocated_gib": 7.100478649139404, "gpu_time_budget": null, "module": "model.layers.15.mlp.down_proj", "step": 7424}
{"stage": "sequential-round-coordinate", "pid": 113536, "time": 1789710718.8466766, "cuda_visible_devices": "2", "allocated_gib": 5.225533962249756, "reserved_gib": 8.041015625, "peak_allocated_gib": 7.100478649139404, "gpu_time_budget": null, "module": "model.layers.15.mlp.down_proj", "step": 7552}
{"stage": "sequential-round-coordinate", "pid": 113536, "time": 1789710719.734507, "cuda_visible_devices": "2", "allocated_gib": 5.225533962249756, "reserved_gib": 8.041015625, "peak_allocated_gib": 7.100478649139404, "gpu_time_budget": null, "module": "model.layers.15.mlp.down_proj", "step": 7680}
{"stage": "sequential-round-coordinate", "pid": 113536, "time": 1789710720.6223974, "cuda_visible_devices": "2", "allocated_gib": 5.225533962249756, "reserved_gib": 8.041015625, "peak_allocated_gib": 7.100478649139404, "gpu_time_budget": null, "module": "model.layers.15.mlp.down_proj", "step": 7808}
{"stage": "sequential-round-coordinate", "pid": 113536, "time": 1789710721.507915, "cuda_visible_devices": "2", "allocated_gib": 5.225533962249756, "reserved_gib": 8.041015625, "peak_allocated_gib": 7.100478649139404, "gpu_time_budget": null, "module": "model.layers.15.mlp.down_proj", "step": 7936}
{"stage": "sequential-round-coordinate", "pid": 113536, "time": 1789710722.3951945, "cuda_visible_devices": "2", "allocated_gib": 5.225533962249756, "reserved_gib": 8.041015625, "peak_allocated_gib": 7.100478649139404, "gpu_time_budget": null, "module": "model.layers.15.mlp.down_proj", "step": 8064}
{"stage": "sequential-round-coordinate", "pid": 113536, "time": 1789710723.36336, "cuda_visible_devices": "2", "allocated_gib": 5.225533962249756, "reserved_gib": 8.041015625, "peak_allocated_gib": 7.100478649139404, "gpu_time_budget": null, "module": "model.layers.15.mlp.down_proj", "step": 8192}
{"stage": "sequential-round-train-nll", "pid": 113536, "time": 1789710723.4113007, "cuda_visible_devices": "2", "allocated_gib": 3.795783519744873, "reserved_gib": 3.80078125, "peak_allocated_gib": 7.100478649139404, "gpu_time_budget": null, "module": "model.layers.15.mlp.down_proj", "step": 512}
Evaluation segment 1/1: start=0, windows=8, seqlen=2048
{"stage": "sequential-round-train-nll", "pid": 113536, "time": 1789710728.261377, "cuda_visible_devices": "2", "allocated_gib": 3.795783519744873, "reserved_gib": 5.791015625, "peak_allocated_gib": 7.100478649139404, "gpu_time_budget": null, "module": "model.layers.15.mlp.down_proj", "step": 2048}
Evaluation segment 1/1: start=0, windows=8, seqlen=2048
{"stage": "sequential-round-train-nll", "pid": 113536, "time": 1789710732.0733202, "cuda_visible_devices": "2", "allocated_gib": 3.795783519744873, "reserved_gib": 5.791015625, "peak_allocated_gib": 7.100478649139404, "gpu_time_budget": null, "module": "model.layers.15.mlp.down_proj", "step": 8192}
Evaluation segment 1/1: start=0, windows=8, seqlen=2048
{"stage": "sequential-module-completed", "pid": 113536, "time": 1789710736.1266599, "cuda_visible_devices": "2", "allocated_gib": 3.795783519744873, "reserved_gib": 5.791015625, "peak_allocated_gib": 7.100478649139404, "gpu_time_budget": null, "module": "model.layers.15.mlp.down_proj", "completed": 16, "total": 28, "selected_train_nll": 2.8268725546981393, "elapsed_seconds": 1077.5609604499768}
{"stage": "sequential-round-fit", "pid": 113536, "time": 1789710740.258142, "cuda_visible_devices": "2", "allocated_gib": 3.795783519744873, "reserved_gib": 5.791015625, "peak_allocated_gib": 7.100478649139404, "gpu_time_budget": null, "module": "model.layers.16.mlp.down_proj", "fit_rows": 49152, "heldout_rows": 16384}
{"stage": "sequential-round-coordinate", "pid": 113536, "time": 1789710741.0978909, "cuda_visible_devices": "2", "allocated_gib": 5.225533962249756, "reserved_gib": 8.041015625, "peak_allocated_gib": 7.100478649139404, "gpu_time_budget": null, "module": "model.layers.16.mlp.down_proj", "step": 128}
{"stage": "sequential-round-coordinate", "pid": 113536, "time": 1789710742.558554, "cuda_visible_devices": "2", "allocated_gib": 5.225533962249756, "reserved_gib": 8.041015625, "peak_allocated_gib": 7.100478649139404, "gpu_time_budget": null, "module": "model.layers.16.mlp.down_proj", "step": 256}
{"stage": "sequential-round-coordinate", "pid": 113536, "time": 1789710743.4470549, "cuda_visible_devices": "2", "allocated_gib": 5.225533962249756, "reserved_gib": 8.041015625, "peak_allocated_gib": 7.100478649139404, "gpu_time_budget": null, "module": "model.layers.16.mlp.down_proj", "step": 384}
{"stage": "sequential-round-coordinate", "pid": 113536, "time": 1789710744.4184089, "cuda_visible_devices": "2", "allocated_gib": 5.225533962249756, "reserved_gib": 8.041015625, "peak_allocated_gib": 7.100478649139404, "gpu_time_budget": null, "module": "model.layers.16.mlp.down_proj", "step": 512}
{"stage": "sequential-round-coordinate", "pid": 113536, "time": 1789710745.3077235, "cuda_visible_devices": "2", "allocated_gib": 5.225533962249756, "reserved_gib": 8.041015625, "peak_allocated_gib": 7.100478649139404, "gpu_time_budget": null, "module": "model.layers.16.mlp.down_proj", "step": 640}
{"stage": "sequential-round-coordinate", "pid": 113536, "time": 1789710746.198192, "cuda_visible_devices": "2", "allocated_gib": 5.225533962249756, "reserved_gib": 8.041015625, "peak_allocated_gib": 7.100478649139404, "gpu_time_budget": null, "module": "model.layers.16.mlp.down_proj", "step": 768}
{"stage": "sequential-round-coordinate", "pid": 113536, "time": 1789710747.0834935, "cuda_visible_devices": "2", "allocated_gib": 5.225533962249756, "reserved_gib": 8.041015625, "peak_allocated_gib": 7.100478649139404, "gpu_time_budget": null, "module": "model.layers.16.mlp.down_proj", "step": 896}
{"stage": "sequential-round-coordinate", "pid": 113536, "time": 1789710747.9730618, "cuda_visible_devices": "2", "allocated_gib": 5.225533962249756, "reserved_gib": 8.041015625, "peak_allocated_gib": 7.100478649139404, "gpu_time_budget": null, "module": "model.layers.16.mlp.down_proj", "step": 1024}
{"stage": "sequential-round-coordinate", "pid": 113536, "time": 1789710748.8602197, "cuda_visible_devices": "2", "allocated_gib": 5.225533962249756, "reserved_gib": 8.041015625, "peak_allocated_gib": 7.100478649139404, "gpu_time_budget": null, "module": "model.layers.16.mlp.down_proj", "step": 1152}
{"stage": "sequential-round-coordinate", "pid": 113536, "time": 1789710749.753794, "cuda_visible_devices": "2", "allocated_gib": 5.225533962249756, "reserved_gib": 8.041015625, "peak_allocated_gib": 7.100478649139404, "gpu_time_budget": null, "module": "model.layers.16.mlp.down_proj", "step": 1280}
{"stage": "sequential-round-coordinate", "pid": 113536, "time": 1789710750.6469336, "cuda_visible_devices": "2", "allocated_gib": 5.225533962249756, "reserved_gib": 8.041015625, "peak_allocated_gib": 7.100478649139404, "gpu_time_budget": null, "module": "model.layers.16.mlp.down_proj", "step": 1408}
{"stage": "sequential-round-coordinate", "pid": 113536, "time": 1789710751.5350146, "cuda_visible_devices": "2", "allocated_gib": 5.225533962249756, "reserved_gib": 8.041015625, "peak_allocated_gib": 7.100478649139404, "gpu_time_budget": null, "module": "model.layers.16.mlp.down_proj", "step": 1536}
{"stage": "sequential-round-coordinate", "pid": 113536, "time": 1789710752.4194784, "cuda_visible_devices": "2", "allocated_gib": 5.225533962249756, "reserved_gib": 8.041015625, "peak_allocated_gib": 7.100478649139404, "gpu_time_budget": null, "module": "model.layers.16.mlp.down_proj", "step": 1664}
{"stage": "sequential-round-coordinate", "pid": 113536, "time": 1789710753.3084397, "cuda_visible_devices": "2", "allocated_gib": 5.225533962249756, "reserved_gib": 8.041015625, "peak_allocated_gib": 7.100478649139404, "gpu_time_budget": null, "module": "model.layers.16.mlp.down_proj", "step": 1792}
{"stage": "sequential-round-coordinate", "pid": 113536, "time": 1789710754.1931179, "cuda_visible_devices": "2", "allocated_gib": 5.225533962249756, "reserved_gib": 8.041015625, "peak_allocated_gib": 7.100478649139404, "gpu_time_budget": null, "module": "model.layers.16.mlp.down_proj", "step": 1920}
{"stage": "sequential-round-coordinate", "pid": 113536, "time": 1789710755.1624205, "cuda_visible_devices": "2", "allocated_gib": 5.225533962249756, "reserved_gib": 8.041015625, "peak_allocated_gib": 7.100478649139404, "gpu_time_budget": null, "module": "model.layers.16.mlp.down_proj", "step": 2048}
{"stage": "sequential-round-coordinate", "pid": 113536, "time": 1789710756.0505447, "cuda_visible_devices": "2", "allocated_gib": 5.225533962249756, "reserved_gib": 8.041015625, "peak_allocated_gib": 7.100478649139404, "gpu_time_budget": null, "module": "model.layers.16.mlp.down_proj", "step": 2176}
{"stage": "sequential-round-coordinate", "pid": 113536, "time": 1789710756.938249, "cuda_visible_devices": "2", "allocated_gib": 5.225533962249756, "reserved_gib": 8.041015625, "peak_allocated_gib": 7.100478649139404, "gpu_time_budget": null, "module": "model.layers.16.mlp.down_proj", "step": 2304}
{"stage": "sequential-round-coordinate", "pid": 113536, "time": 1789710757.8279288, "cuda_visible_devices": "2", "allocated_gib": 5.225533962249756, "reserved_gib": 8.041015625, "peak_allocated_gib": 7.100478649139404, "gpu_time_budget": null, "module": "model.layers.16.mlp.down_proj", "step": 2432}
{"stage": "sequential-round-coordinate", "pid": 113536, "time": 1789710758.7141273, "cuda_visible_devices": "2", "allocated_gib": 5.225533962249756, "reserved_gib": 8.041015625, "peak_allocated_gib": 7.100478649139404, "gpu_time_budget": null, "module": "model.layers.16.mlp.down_proj", "step": 2560}
{"stage": "sequential-round-coordinate", "pid": 113536, "time": 1789710759.6004057, "cuda_visible_devices": "2", "allocated_gib": 5.225533962249756, "reserved_gib": 8.041015625, "peak_allocated_gib": 7.100478649139404, "gpu_time_budget": null, "module": "model.layers.16.mlp.down_proj", "step": 2688}
{"stage": "sequential-round-coordinate", "pid": 113536, "time": 1789710760.4900875, "cuda_visible_devices": "2", "allocated_gib": 5.225533962249756, "reserved_gib": 8.041015625, "peak_allocated_gib": 7.100478649139404, "gpu_time_budget": null, "module": "model.layers.16.mlp.down_proj", "step": 2816}
{"stage": "sequential-round-coordinate", "pid": 113536, "time": 1789710761.378322, "cuda_visible_devices": "2", "allocated_gib": 5.225533962249756, "reserved_gib": 8.041015625, "peak_allocated_gib": 7.100478649139404, "gpu_time_budget": null, "module": "model.layers.16.mlp.down_proj", "step": 2944}
{"stage": "sequential-round-coordinate", "pid": 113536, "time": 1789710762.2684352, "cuda_visible_devices": "2", "allocated_gib": 5.225533962249756, "reserved_gib": 8.041015625, "peak_allocated_gib": 7.100478649139404, "gpu_time_budget": null, "module": "model.layers.16.mlp.down_proj", "step": 3072}
{"stage": "sequential-round-coordinate", "pid": 113536, "time": 1789710763.1560533, "cuda_visible_devices": "2", "allocated_gib": 5.225533962249756, "reserved_gib": 8.041015625, "peak_allocated_gib": 7.100478649139404, "gpu_time_budget": null, "module": "model.layers.16.mlp.down_proj", "step": 3200}
{"stage": "sequential-round-coordinate", "pid": 113536, "time": 1789710764.0385723, "cuda_visible_devices": "2", "allocated_gib": 5.225533962249756, "reserved_gib": 8.041015625, "peak_allocated_gib": 7.100478649139404, "gpu_time_budget": null, "module": "model.layers.16.mlp.down_proj", "step": 3328}
{"stage": "sequential-round-coordinate", "pid": 113536, "time": 1789710764.9277093, "cuda_visible_devices": "2", "allocated_gib": 5.225533962249756, "reserved_gib": 8.041015625, "peak_allocated_gib": 7.100478649139404, "gpu_time_budget": null, "module": "model.layers.16.mlp.down_proj", "step": 3456}
{"stage": "sequential-round-coordinate", "pid": 113536, "time": 1789710765.81774, "cuda_visible_devices": "2", "allocated_gib": 5.225533962249756, "reserved_gib": 8.041015625, "peak_allocated_gib": 7.100478649139404, "gpu_time_budget": null, "module": "model.layers.16.mlp.down_proj", "step": 3584}
{"stage": "sequential-round-coordinate", "pid": 113536, "time": 1789710766.7045822, "cuda_visible_devices": "2", "allocated_gib": 5.225533962249756, "reserved_gib": 8.041015625, "peak_allocated_gib": 7.100478649139404, "gpu_time_budget": null, "module": "model.layers.16.mlp.down_proj", "step": 3712}
{"stage": "sequential-round-coordinate", "pid": 113536, "time": 1789710767.6014802, "cuda_visible_devices": "2", "allocated_gib": 5.225533962249756, "reserved_gib": 8.041015625, "peak_allocated_gib": 7.100478649139404, "gpu_time_budget": null, "module": "model.layers.16.mlp.down_proj", "step": 3840}
{"stage": "sequential-round-coordinate", "pid": 113536, "time": 1789710768.486594, "cuda_visible_devices": "2", "allocated_gib": 5.225533962249756, "reserved_gib": 8.041015625, "peak_allocated_gib": 7.100478649139404, "gpu_time_budget": null, "module": "model.layers.16.mlp.down_proj", "step": 3968}
{"stage": "sequential-round-coordinate", "pid": 113536, "time": 1789710769.375621, "cuda_visible_devices": "2", "allocated_gib": 5.225533962249756, "reserved_gib": 8.041015625, "peak_allocated_gib": 7.100478649139404, "gpu_time_budget": null, "module": "model.layers.16.mlp.down_proj", "step": 4096}
{"stage": "sequential-round-coordinate", "pid": 113536, "time": 1789710770.2710981, "cuda_visible_devices": "2", "allocated_gib": 5.225533962249756, "reserved_gib": 8.041015625, "peak_allocated_gib": 7.100478649139404, "gpu_time_budget": null, "module": "model.layers.16.mlp.down_proj", "step": 4224}
{"stage": "sequential-round-coordinate", "pid": 113536, "time": 1789710771.157217, "cuda_visible_devices": "2", "allocated_gib": 5.225533962249756, "reserved_gib": 8.041015625, "peak_allocated_gib": 7.100478649139404, "gpu_time_budget": null, "module": "model.layers.16.mlp.down_proj", "step": 4352}
{"stage": "sequential-round-coordinate", "pid": 113536, "time": 1789710772.0453236, "cuda_visible_devices": "2", "allocated_gib": 5.225533962249756, "reserved_gib": 8.041015625, "peak_allocated_gib": 7.100478649139404, "gpu_time_budget": null, "module": "model.layers.16.mlp.down_proj", "step": 4480}
{"stage": "sequential-round-coordinate", "pid": 113536, "time": 1789710772.935845, "cuda_visible_devices": "2", "allocated_gib": 5.225533962249756, "reserved_gib": 8.041015625, "peak_allocated_gib": 7.100478649139404, "gpu_time_budget": null, "module": "model.layers.16.mlp.down_proj", "step": 4608}
{"stage": "sequential-round-coordinate", "pid": 113536, "time": 1789710773.8251884, "cuda_visible_devices": "2", "allocated_gib": 5.225533962249756, "reserved_gib": 8.041015625, "peak_allocated_gib": 7.100478649139404, "gpu_time_budget": null, "module": "model.layers.16.mlp.down_proj", "step": 4736}
{"stage": "sequential-round-coordinate", "pid": 113536, "time": 1789710774.7110298, "cuda_visible_devices": "2", "allocated_gib": 5.225533962249756, "reserved_gib": 8.041015625, "peak_allocated_gib": 7.100478649139404, "gpu_time_budget": null, "module": "model.layers.16.mlp.down_proj", "step": 4864}
{"stage": "sequential-round-coordinate", "pid": 113536, "time": 1789710775.596646, "cuda_visible_devices": "2", "allocated_gib": 5.225533962249756, "reserved_gib": 8.041015625, "peak_allocated_gib": 7.100478649139404, "gpu_time_budget": null, "module": "model.layers.16.mlp.down_proj", "step": 4992}
{"stage": "sequential-round-coordinate", "pid": 113536, "time": 1789710776.483053, "cuda_visible_devices": "2", "allocated_gib": 5.225533962249756, "reserved_gib": 8.041015625, "peak_allocated_gib": 7.100478649139404, "gpu_time_budget": null, "module": "model.layers.16.mlp.down_proj", "step": 5120}
{"stage": "sequential-round-coordinate", "pid": 113536, "time": 1789710777.3686771, "cuda_visible_devices": "2", "allocated_gib": 5.225533962249756, "reserved_gib": 8.041015625, "peak_allocated_gib": 7.100478649139404, "gpu_time_budget": null, "module": "model.layers.16.mlp.down_proj", "step": 5248}
{"stage": "sequential-round-coordinate", "pid": 113536, "time": 1789710778.2584958, "cuda_visible_devices": "2", "allocated_gib": 5.225533962249756, "reserved_gib": 8.041015625, "peak_allocated_gib": 7.100478649139404, "gpu_time_budget": null, "module": "model.layers.16.mlp.down_proj", "step": 5376}
{"stage": "sequential-round-coordinate", "pid": 113536, "time": 1789710779.1498637, "cuda_visible_devices": "2", "allocated_gib": 5.225533962249756, "reserved_gib": 8.041015625, "peak_allocated_gib": 7.100478649139404, "gpu_time_budget": null, "module": "model.layers.16.mlp.down_proj", "step": 5504}
{"stage": "sequential-round-coordinate", "pid": 113536, "time": 1789710780.0385454, "cuda_visible_devices": "2", "allocated_gib": 5.225533962249756, "reserved_gib": 8.041015625, "peak_allocated_gib": 7.100478649139404, "gpu_time_budget": null, "module": "model.layers.16.mlp.down_proj", "step": 5632}
{"stage": "sequential-round-coordinate", "pid": 113536, "time": 1789710780.9284182, "cuda_visible_devices": "2", "allocated_gib": 5.225533962249756, "reserved_gib": 8.041015625, "peak_allocated_gib": 7.100478649139404, "gpu_time_budget": null, "module": "model.layers.16.mlp.down_proj", "step": 5760}
{"stage": "sequential-round-coordinate", "pid": 113536, "time": 1789710781.8063788, "cuda_visible_devices": "2", "allocated_gib": 5.225533962249756, "reserved_gib": 8.041015625, "peak_allocated_gib": 7.100478649139404, "gpu_time_budget": null, "module": "model.layers.16.mlp.down_proj", "step": 5888}
{"stage": "sequential-round-coordinate", "pid": 113536, "time": 1789710782.6745746, "cuda_visible_devices": "2", "allocated_gib": 5.225533962249756, "reserved_gib": 8.041015625, "peak_allocated_gib": 7.100478649139404, "gpu_time_budget": null, "module": "model.layers.16.mlp.down_proj", "step": 6016}
{"stage": "sequential-round-coordinate", "pid": 113536, "time": 1789710783.5615785, "cuda_visible_devices": "2", "allocated_gib": 5.225533962249756, "reserved_gib": 8.041015625, "peak_allocated_gib": 7.100478649139404, "gpu_time_budget": null, "module": "model.layers.16.mlp.down_proj", "step": 6144}
{"stage": "sequential-round-coordinate", "pid": 113536, "time": 1789710784.4504774, "cuda_visible_devices": "2", "allocated_gib": 5.225533962249756, "reserved_gib": 8.041015625, "peak_allocated_gib": 7.100478649139404, "gpu_time_budget": null, "module": "model.layers.16.mlp.down_proj", "step": 6272}
{"stage": "sequential-round-coordinate", "pid": 113536, "time": 1789710785.3388274, "cuda_visible_devices": "2", "allocated_gib": 5.225533962249756, "reserved_gib": 8.041015625, "peak_allocated_gib": 7.100478649139404, "gpu_time_budget": null, "module": "model.layers.16.mlp.down_proj", "step": 6400}
{"stage": "sequential-round-coordinate", "pid": 113536, "time": 1789710786.2241325, "cuda_visible_devices": "2", "allocated_gib": 5.225533962249756, "reserved_gib": 8.041015625, "peak_allocated_gib": 7.100478649139404, "gpu_time_budget": null, "module": "model.layers.16.mlp.down_proj", "step": 6528}
{"stage": "sequential-round-coordinate", "pid": 113536, "time": 1789710787.1110375, "cuda_visible_devices": "2", "allocated_gib": 5.225533962249756, "reserved_gib": 8.041015625, "peak_allocated_gib": 7.100478649139404, "gpu_time_budget": null, "module": "model.layers.16.mlp.down_proj", "step": 6656}
{"stage": "sequential-round-coordinate", "pid": 113536, "time": 1789710787.9991558, "cuda_visible_devices": "2", "allocated_gib": 5.225533962249756, "reserved_gib": 8.041015625, "peak_allocated_gib": 7.100478649139404, "gpu_time_budget": null, "module": "model.layers.16.mlp.down_proj", "step": 6784}
{"stage": "sequential-round-coordinate", "pid": 113536, "time": 1789710788.8881888, "cuda_visible_devices": "2", "allocated_gib": 5.225533962249756, "reserved_gib": 8.041015625, "peak_allocated_gib": 7.100478649139404, "gpu_time_budget": null, "module": "model.layers.16.mlp.down_proj", "step": 6912}
{"stage": "sequential-round-coordinate", "pid": 113536, "time": 1789710789.7762578, "cuda_visible_devices": "2", "allocated_gib": 5.225533962249756, "reserved_gib": 8.041015625, "peak_allocated_gib": 7.100478649139404, "gpu_time_budget": null, "module": "model.layers.16.mlp.down_proj", "step": 7040}
{"stage": "sequential-round-coordinate", "pid": 113536, "time": 1789710790.6660323, "cuda_visible_devices": "2", "allocated_gib": 5.225533962249756, "reserved_gib": 8.041015625, "peak_allocated_gib": 7.100478649139404, "gpu_time_budget": null, "module": "model.layers.16.mlp.down_proj", "step": 7168}
{"stage": "sequential-round-coordinate", "pid": 113536, "time": 1789710791.5580542, "cuda_visible_devices": "2", "allocated_gib": 5.225533962249756, "reserved_gib": 8.041015625, "peak_allocated_gib": 7.100478649139404, "gpu_time_budget": null, "module": "model.layers.16.mlp.down_proj", "step": 7296}
{"stage": "sequential-round-coordinate", "pid": 113536, "time": 1789710792.4428551, "cuda_visible_devices": "2", "allocated_gib": 5.225533962249756, "reserved_gib": 8.041015625, "peak_allocated_gib": 7.100478649139404, "gpu_time_budget": null, "module": "model.layers.16.mlp.down_proj", "step": 7424}
{"stage": "sequential-round-coordinate", "pid": 113536, "time": 1789710793.3313658, "cuda_visible_devices": "2", "allocated_gib": 5.225533962249756, "reserved_gib": 8.041015625, "peak_allocated_gib": 7.100478649139404, "gpu_time_budget": null, "module": "model.layers.16.mlp.down_proj", "step": 7552}
{"stage": "sequential-round-coordinate", "pid": 113536, "time": 1789710794.2205, "cuda_visible_devices": "2", "allocated_gib": 5.225533962249756, "reserved_gib": 8.041015625, "peak_allocated_gib": 7.100478649139404, "gpu_time_budget": null, "module": "model.layers.16.mlp.down_proj", "step": 7680}
{"stage": "sequential-round-coordinate", "pid": 113536, "time": 1789710795.1092768, "cuda_visible_devices": "2", "allocated_gib": 5.225533962249756, "reserved_gib": 8.041015625, "peak_allocated_gib": 7.100478649139404, "gpu_time_budget": null, "module": "model.layers.16.mlp.down_proj", "step": 7808}
{"stage": "sequential-round-coordinate", "pid": 113536, "time": 1789710795.9986641, "cuda_visible_devices": "2", "allocated_gib": 5.225533962249756, "reserved_gib": 8.041015625, "peak_allocated_gib": 7.100478649139404, "gpu_time_budget": null, "module": "model.layers.16.mlp.down_proj", "step": 7936}
{"stage": "sequential-round-coordinate", "pid": 113536, "time": 1789710796.88803, "cuda_visible_devices": "2", "allocated_gib": 5.225533962249756, "reserved_gib": 8.041015625, "peak_allocated_gib": 7.100478649139404, "gpu_time_budget": null, "module": "model.layers.16.mlp.down_proj", "step": 8064}
{"stage": "sequential-round-coordinate", "pid": 113536, "time": 1789710797.8587723, "cuda_visible_devices": "2", "allocated_gib": 5.225533962249756, "reserved_gib": 8.041015625, "peak_allocated_gib": 7.100478649139404, "gpu_time_budget": null, "module": "model.layers.16.mlp.down_proj", "step": 8192}
{"stage": "sequential-round-train-nll", "pid": 113536, "time": 1789710797.9021947, "cuda_visible_devices": "2", "allocated_gib": 3.795783519744873, "reserved_gib": 3.80078125, "peak_allocated_gib": 7.100478649139404, "gpu_time_budget": null, "module": "model.layers.16.mlp.down_proj", "step": 512}
Evaluation segment 1/1: start=0, windows=8, seqlen=2048
{"stage": "sequential-round-train-nll", "pid": 113536, "time": 1789710801.8589427, "cuda_visible_devices": "2", "allocated_gib": 3.795783519744873, "reserved_gib": 5.791015625, "peak_allocated_gib": 7.100478649139404, "gpu_time_budget": null, "module": "model.layers.16.mlp.down_proj", "step": 2048}
Evaluation segment 1/1: start=0, windows=8, seqlen=2048
{"stage": "sequential-round-train-nll", "pid": 113536, "time": 1789710806.1243348, "cuda_visible_devices": "2", "allocated_gib": 3.795783519744873, "reserved_gib": 5.791015625, "peak_allocated_gib": 7.100478649139404, "gpu_time_budget": null, "module": "model.layers.16.mlp.down_proj", "step": 8192}
Evaluation segment 1/1: start=0, windows=8, seqlen=2048
{"stage": "sequential-module-completed", "pid": 113536, "time": 1789710810.1666589, "cuda_visible_devices": "2", "allocated_gib": 3.795783519744873, "reserved_gib": 5.791015625, "peak_allocated_gib": 7.100478649139404, "gpu_time_budget": null, "module": "model.layers.16.mlp.down_proj", "completed": 17, "total": 28, "selected_train_nll": 2.8268725546981393, "elapsed_seconds": 1151.6009650779888}
{"stage": "sequential-round-fit", "pid": 113536, "time": 1789710814.2489088, "cuda_visible_devices": "2", "allocated_gib": 3.795783519744873, "reserved_gib": 5.791015625, "peak_allocated_gib": 7.100478649139404, "gpu_time_budget": null, "module": "model.layers.17.mlp.down_proj", "fit_rows": 49152, "heldout_rows": 16384}
{"stage": "sequential-round-coordinate", "pid": 113536, "time": 1789710815.4778473, "cuda_visible_devices": "2", "allocated_gib": 5.225533962249756, "reserved_gib": 8.041015625, "peak_allocated_gib": 7.100478649139404, "gpu_time_budget": null, "module": "model.layers.17.mlp.down_proj", "step": 128}
{"stage": "sequential-round-coordinate", "pid": 113536, "time": 1789710816.364958, "cuda_visible_devices": "2", "allocated_gib": 5.225533962249756, "reserved_gib": 8.041015625, "peak_allocated_gib": 7.100478649139404, "gpu_time_budget": null, "module": "model.layers.17.mlp.down_proj", "step": 256}
{"stage": "sequential-round-coordinate", "pid": 113536, "time": 1789710817.2565124, "cuda_visible_devices": "2", "allocated_gib": 5.225533962249756, "reserved_gib": 8.041015625, "peak_allocated_gib": 7.100478649139404, "gpu_time_budget": null, "module": "model.layers.17.mlp.down_proj", "step": 384}
{"stage": "sequential-round-coordinate", "pid": 113536, "time": 1789710818.2253418, "cuda_visible_devices": "2", "allocated_gib": 5.225533962249756, "reserved_gib": 8.041015625, "peak_allocated_gib": 7.100478649139404, "gpu_time_budget": null, "module": "model.layers.17.mlp.down_proj", "step": 512}
{"stage": "sequential-round-coordinate", "pid": 113536, "time": 1789710819.1137762, "cuda_visible_devices": "2", "allocated_gib": 5.225533962249756, "reserved_gib": 8.041015625, "peak_allocated_gib": 7.100478649139404, "gpu_time_budget": null, "module": "model.layers.17.mlp.down_proj", "step": 640}
{"stage": "sequential-round-coordinate", "pid": 113536, "time": 1789710819.9991133, "cuda_visible_devices": "2", "allocated_gib": 5.225533962249756, "reserved_gib": 8.041015625, "peak_allocated_gib": 7.100478649139404, "gpu_time_budget": null, "module": "model.layers.17.mlp.down_proj", "step": 768}
{"stage": "sequential-round-coordinate", "pid": 113536, "time": 1789710820.8841944, "cuda_visible_devices": "2", "allocated_gib": 5.225533962249756, "reserved_gib": 8.041015625, "peak_allocated_gib": 7.100478649139404, "gpu_time_budget": null, "module": "model.layers.17.mlp.down_proj", "step": 896}
{"stage": "sequential-round-coordinate", "pid": 113536, "time": 1789710821.7712562, "cuda_visible_devices": "2", "allocated_gib": 5.225533962249756, "reserved_gib": 8.041015625, "peak_allocated_gib": 7.100478649139404, "gpu_time_budget": null, "module": "model.layers.17.mlp.down_proj", "step": 1024}
{"stage": "sequential-round-coordinate", "pid": 113536, "time": 1789710822.667611, "cuda_visible_devices": "2", "allocated_gib": 5.225533962249756, "reserved_gib": 8.041015625, "peak_allocated_gib": 7.100478649139404, "gpu_time_budget": null, "module": "model.layers.17.mlp.down_proj", "step": 1152}
{"stage": "sequential-round-coordinate", "pid": 113536, "time": 1789710823.557982, "cuda_visible_devices": "2", "allocated_gib": 5.225533962249756, "reserved_gib": 8.041015625, "peak_allocated_gib": 7.100478649139404, "gpu_time_budget": null, "module": "model.layers.17.mlp.down_proj", "step": 1280}
{"stage": "sequential-round-coordinate", "pid": 113536, "time": 1789710824.4459662, "cuda_visible_devices": "2", "allocated_gib": 5.225533962249756, "reserved_gib": 8.041015625, "peak_allocated_gib": 7.100478649139404, "gpu_time_budget": null, "module": "model.layers.17.mlp.down_proj", "step": 1408}
{"stage": "sequential-round-coordinate", "pid": 113536, "time": 1789710825.3353188, "cuda_visible_devices": "2", "allocated_gib": 5.225533962249756, "reserved_gib": 8.041015625, "peak_allocated_gib": 7.100478649139404, "gpu_time_budget": null, "module": "model.layers.17.mlp.down_proj", "step": 1536}
{"stage": "sequential-round-coordinate", "pid": 113536, "time": 1789710826.221993, "cuda_visible_devices": "2", "allocated_gib": 5.225533962249756, "reserved_gib": 8.041015625, "peak_allocated_gib": 7.100478649139404, "gpu_time_budget": null, "module": "model.layers.17.mlp.down_proj", "step": 1664}
{"stage": "sequential-round-coordinate", "pid": 113536, "time": 1789710827.1098056, "cuda_visible_devices": "2", "allocated_gib": 5.225533962249756, "reserved_gib": 8.041015625, "peak_allocated_gib": 7.100478649139404, "gpu_time_budget": null, "module": "model.layers.17.mlp.down_proj", "step": 1792}
{"stage": "sequential-round-coordinate", "pid": 113536, "time": 1789710827.9987435, "cuda_visible_devices": "2", "allocated_gib": 5.225533962249756, "reserved_gib": 8.041015625, "peak_allocated_gib": 7.100478649139404, "gpu_time_budget": null, "module": "model.layers.17.mlp.down_proj", "step": 1920}
{"stage": "sequential-round-coordinate", "pid": 113536, "time": 1789710828.96955, "cuda_visible_devices": "2", "allocated_gib": 5.225533962249756, "reserved_gib": 8.041015625, "peak_allocated_gib": 7.100478649139404, "gpu_time_budget": null, "module": "model.layers.17.mlp.down_proj", "step": 2048}
{"stage": "sequential-round-coordinate", "pid": 113536, "time": 1789710829.8595583, "cuda_visible_devices": "2", "allocated_gib": 5.225533962249756, "reserved_gib": 8.041015625, "peak_allocated_gib": 7.100478649139404, "gpu_time_budget": null, "module": "model.layers.17.mlp.down_proj", "step": 2176}
{"stage": "sequential-round-coordinate", "pid": 113536, "time": 1789710830.749171, "cuda_visible_devices": "2", "allocated_gib": 5.225533962249756, "reserved_gib": 8.041015625, "peak_allocated_gib": 7.100478649139404, "gpu_time_budget": null, "module": "model.layers.17.mlp.down_proj", "step": 2304}
{"stage": "sequential-round-coordinate", "pid": 113536, "time": 1789710831.6367276, "cuda_visible_devices": "2", "allocated_gib": 5.225533962249756, "reserved_gib": 8.041015625, "peak_allocated_gib": 7.100478649139404, "gpu_time_budget": null, "module": "model.layers.17.mlp.down_proj", "step": 2432}
{"stage": "sequential-round-coordinate", "pid": 113536, "time": 1789710832.525308, "cuda_visible_devices": "2", "allocated_gib": 5.225533962249756, "reserved_gib": 8.041015625, "peak_allocated_gib": 7.100478649139404, "gpu_time_budget": null, "module": "model.layers.17.mlp.down_proj", "step": 2560}
{"stage": "sequential-round-coordinate", "pid": 113536, "time": 1789710833.4109812, "cuda_visible_devices": "2", "allocated_gib": 5.225533962249756, "reserved_gib": 8.041015625, "peak_allocated_gib": 7.100478649139404, "gpu_time_budget": null, "module": "model.layers.17.mlp.down_proj", "step": 2688}
{"stage": "sequential-round-coordinate", "pid": 113536, "time": 1789710834.2955837, "cuda_visible_devices": "2", "allocated_gib": 5.225533962249756, "reserved_gib": 8.041015625, "peak_allocated_gib": 7.100478649139404, "gpu_time_budget": null, "module": "model.layers.17.mlp.down_proj", "step": 2816}
{"stage": "sequential-round-coordinate", "pid": 113536, "time": 1789710835.181802, "cuda_visible_devices": "2", "allocated_gib": 5.225533962249756, "reserved_gib": 8.041015625, "peak_allocated_gib": 7.100478649139404, "gpu_time_budget": null, "module": "model.layers.17.mlp.down_proj", "step": 2944}
{"stage": "sequential-round-coordinate", "pid": 113536, "time": 1789710836.0660071, "cuda_visible_devices": "2", "allocated_gib": 5.225533962249756, "reserved_gib": 8.041015625, "peak_allocated_gib": 7.100478649139404, "gpu_time_budget": null, "module": "model.layers.17.mlp.down_proj", "step": 3072}
{"stage": "sequential-round-coordinate", "pid": 113536, "time": 1789710836.9514353, "cuda_visible_devices": "2", "allocated_gib": 5.225533962249756, "reserved_gib": 8.041015625, "peak_allocated_gib": 7.100478649139404, "gpu_time_budget": null, "module": "model.layers.17.mlp.down_proj", "step": 3200}
{"stage": "sequential-round-coordinate", "pid": 113536, "time": 1789710837.8409052, "cuda_visible_devices": "2", "allocated_gib": 5.225533962249756, "reserved_gib": 8.041015625, "peak_allocated_gib": 7.100478649139404, "gpu_time_budget": null, "module": "model.layers.17.mlp.down_proj", "step": 3328}
{"stage": "sequential-round-coordinate", "pid": 113536, "time": 1789710838.7270977, "cuda_visible_devices": "2", "allocated_gib": 5.225533962249756, "reserved_gib": 8.041015625, "peak_allocated_gib": 7.100478649139404, "gpu_time_budget": null, "module": "model.layers.17.mlp.down_proj", "step": 3456}
{"stage": "sequential-round-coordinate", "pid": 113536, "time": 1789710839.6112685, "cuda_visible_devices": "2", "allocated_gib": 5.225533962249756, "reserved_gib": 8.041015625, "peak_allocated_gib": 7.100478649139404, "gpu_time_budget": null, "module": "model.layers.17.mlp.down_proj", "step": 3584}
{"stage": "sequential-round-coordinate", "pid": 113536, "time": 1789710840.502687, "cuda_visible_devices": "2", "allocated_gib": 5.225533962249756, "reserved_gib": 8.041015625, "peak_allocated_gib": 7.100478649139404, "gpu_time_budget": null, "module": "model.layers.17.mlp.down_proj", "step": 3712}
{"stage": "sequential-round-coordinate", "pid": 113536, "time": 1789710841.3885412, "cuda_visible_devices": "2", "allocated_gib": 5.225533962249756, "reserved_gib": 8.041015625, "peak_allocated_gib": 7.100478649139404, "gpu_time_budget": null, "module": "model.layers.17.mlp.down_proj", "step": 3840}
{"stage": "sequential-round-coordinate", "pid": 113536, "time": 1789710842.26949, "cuda_visible_devices": "2", "allocated_gib": 5.225533962249756, "reserved_gib": 8.041015625, "peak_allocated_gib": 7.100478649139404, "gpu_time_budget": null, "module": "model.layers.17.mlp.down_proj", "step": 3968}
{"stage": "sequential-round-coordinate", "pid": 113536, "time": 1789710843.158424, "cuda_visible_devices": "2", "allocated_gib": 5.225533962249756, "reserved_gib": 8.041015625, "peak_allocated_gib": 7.100478649139404, "gpu_time_budget": null, "module": "model.layers.17.mlp.down_proj", "step": 4096}
{"stage": "sequential-round-coordinate", "pid": 113536, "time": 1789710844.044662, "cuda_visible_devices": "2", "allocated_gib": 5.225533962249756, "reserved_gib": 8.041015625, "peak_allocated_gib": 7.100478649139404, "gpu_time_budget": null, "module": "model.layers.17.mlp.down_proj", "step": 4224}
{"stage": "sequential-round-coordinate", "pid": 113536, "time": 1789710844.936119, "cuda_visible_devices": "2", "allocated_gib": 5.225533962249756, "reserved_gib": 8.041015625, "peak_allocated_gib": 7.100478649139404, "gpu_time_budget": null, "module": "model.layers.17.mlp.down_proj", "step": 4352}
{"stage": "sequential-round-coordinate", "pid": 113536, "time": 1789710845.823385, "cuda_visible_devices": "2", "allocated_gib": 5.225533962249756, "reserved_gib": 8.041015625, "peak_allocated_gib": 7.100478649139404, "gpu_time_budget": null, "module": "model.layers.17.mlp.down_proj", "step": 4480}
{"stage": "sequential-round-coordinate", "pid": 113536, "time": 1789710846.71119, "cuda_visible_devices": "2", "allocated_gib": 5.225533962249756, "reserved_gib": 8.041015625, "peak_allocated_gib": 7.100478649139404, "gpu_time_budget": null, "module": "model.layers.17.mlp.down_proj", "step": 4608}
{"stage": "sequential-round-coordinate", "pid": 113536, "time": 1789710847.6071396, "cuda_visible_devices": "2", "allocated_gib": 5.225533962249756, "reserved_gib": 8.041015625, "peak_allocated_gib": 7.100478649139404, "gpu_time_budget": null, "module": "model.layers.17.mlp.down_proj", "step": 4736}
{"stage": "sequential-round-coordinate", "pid": 113536, "time": 1789710848.501544, "cuda_visible_devices": "2", "allocated_gib": 5.225533962249756, "reserved_gib": 8.041015625, "peak_allocated_gib": 7.100478649139404, "gpu_time_budget": null, "module": "model.layers.17.mlp.down_proj", "step": 4864}
{"stage": "sequential-round-coordinate", "pid": 113536, "time": 1789710849.3989534, "cuda_visible_devices": "2", "allocated_gib": 5.225533962249756, "reserved_gib": 8.041015625, "peak_allocated_gib": 7.100478649139404, "gpu_time_budget": null, "module": "model.layers.17.mlp.down_proj", "step": 4992}
{"stage": "sequential-round-coordinate", "pid": 113536, "time": 1789710850.2848141, "cuda_visible_devices": "2", "allocated_gib": 5.225533962249756, "reserved_gib": 8.041015625, "peak_allocated_gib": 7.100478649139404, "gpu_time_budget": null, "module": "model.layers.17.mlp.down_proj", "step": 5120}
{"stage": "sequential-round-coordinate", "pid": 113536, "time": 1789710851.172905, "cuda_visible_devices": "2", "allocated_gib": 5.225533962249756, "reserved_gib": 8.041015625, "peak_allocated_gib": 7.100478649139404, "gpu_time_budget": null, "module": "model.layers.17.mlp.down_proj", "step": 5248}
{"stage": "sequential-round-coordinate", "pid": 113536, "time": 1789710852.0597286, "cuda_visible_devices": "2", "allocated_gib": 5.225533962249756, "reserved_gib": 8.041015625, "peak_allocated_gib": 7.100478649139404, "gpu_time_budget": null, "module": "model.layers.17.mlp.down_proj", "step": 5376}
{"stage": "sequential-round-coordinate", "pid": 113536, "time": 1789710852.9485974, "cuda_visible_devices": "2", "allocated_gib": 5.225533962249756, "reserved_gib": 8.041015625, "peak_allocated_gib": 7.100478649139404, "gpu_time_budget": null, "module": "model.layers.17.mlp.down_proj", "step": 5504}
{"stage": "sequential-round-coordinate", "pid": 113536, "time": 1789710853.8370895, "cuda_visible_devices": "2", "allocated_gib": 5.225533962249756, "reserved_gib": 8.041015625, "peak_allocated_gib": 7.100478649139404, "gpu_time_budget": null, "module": "model.layers.17.mlp.down_proj", "step": 5632}
{"stage": "sequential-round-coordinate", "pid": 113536, "time": 1789710854.7258563, "cuda_visible_devices": "2", "allocated_gib": 5.225533962249756, "reserved_gib": 8.041015625, "peak_allocated_gib": 7.100478649139404, "gpu_time_budget": null, "module": "model.layers.17.mlp.down_proj", "step": 5760}
{"stage": "sequential-round-coordinate", "pid": 113536, "time": 1789710855.6151042, "cuda_visible_devices": "2", "allocated_gib": 5.225533962249756, "reserved_gib": 8.041015625, "peak_allocated_gib": 7.100478649139404, "gpu_time_budget": null, "module": "model.layers.17.mlp.down_proj", "step": 5888}
{"stage": "sequential-round-coordinate", "pid": 113536, "time": 1789710856.5064974, "cuda_visible_devices": "2", "allocated_gib": 5.225533962249756, "reserved_gib": 8.041015625, "peak_allocated_gib": 7.100478649139404, "gpu_time_budget": null, "module": "model.layers.17.mlp.down_proj", "step": 6016}
{"stage": "sequential-round-coordinate", "pid": 113536, "time": 1789710857.3958006, "cuda_visible_devices": "2", "allocated_gib": 5.225533962249756, "reserved_gib": 8.041015625, "peak_allocated_gib": 7.100478649139404, "gpu_time_budget": null, "module": "model.layers.17.mlp.down_proj", "step": 6144}
{"stage": "sequential-round-coordinate", "pid": 113536, "time": 1789710858.284526, "cuda_visible_devices": "2", "allocated_gib": 5.225533962249756, "reserved_gib": 8.041015625, "peak_allocated_gib": 7.100478649139404, "gpu_time_budget": null, "module": "model.layers.17.mlp.down_proj", "step": 6272}
{"stage": "sequential-round-coordinate", "pid": 113536, "time": 1789710859.1759818, "cuda_visible_devices": "2", "allocated_gib": 5.225533962249756, "reserved_gib": 8.041015625, "peak_allocated_gib": 7.100478649139404, "gpu_time_budget": null, "module": "model.layers.17.mlp.down_proj", "step": 6400}
{"stage": "sequential-round-coordinate", "pid": 113536, "time": 1789710860.064397, "cuda_visible_devices": "2", "allocated_gib": 5.225533962249756, "reserved_gib": 8.041015625, "peak_allocated_gib": 7.100478649139404, "gpu_time_budget": null, "module": "model.layers.17.mlp.down_proj", "step": 6528}
{"stage": "sequential-round-coordinate", "pid": 113536, "time": 1789710860.9531033, "cuda_visible_devices": "2", "allocated_gib": 5.225533962249756, "reserved_gib": 8.041015625, "peak_allocated_gib": 7.100478649139404, "gpu_time_budget": null, "module": "model.layers.17.mlp.down_proj", "step": 6656}
{"stage": "sequential-round-coordinate", "pid": 113536, "time": 1789710861.8425639, "cuda_visible_devices": "2", "allocated_gib": 5.225533962249756, "reserved_gib": 8.041015625, "peak_allocated_gib": 7.100478649139404, "gpu_time_budget": null, "module": "model.layers.17.mlp.down_proj", "step": 6784}
{"stage": "sequential-round-coordinate", "pid": 113536, "time": 1789710862.7314353, "cuda_visible_devices": "2", "allocated_gib": 5.225533962249756, "reserved_gib": 8.041015625, "peak_allocated_gib": 7.100478649139404, "gpu_time_budget": null, "module": "model.layers.17.mlp.down_proj", "step": 6912}
{"stage": "sequential-round-coordinate", "pid": 113536, "time": 1789710865.2235422, "cuda_visible_devices": "2", "allocated_gib": 5.225533962249756, "reserved_gib": 8.041015625, "peak_allocated_gib": 7.100478649139404, "gpu_time_budget": null, "module": "model.layers.17.mlp.down_proj", "step": 7040}
{"stage": "sequential-round-coordinate", "pid": 113536, "time": 1789710866.1157823, "cuda_visible_devices": "2", "allocated_gib": 5.225533962249756, "reserved_gib": 8.041015625, "peak_allocated_gib": 7.100478649139404, "gpu_time_budget": null, "module": "model.layers.17.mlp.down_proj", "step": 7168}
{"stage": "sequential-round-coordinate", "pid": 113536, "time": 1789710867.0061212, "cuda_visible_devices": "2", "allocated_gib": 5.225533962249756, "reserved_gib": 8.041015625, "peak_allocated_gib": 7.100478649139404, "gpu_time_budget": null, "module": "model.layers.17.mlp.down_proj", "step": 7296}
{"stage": "sequential-round-coordinate", "pid": 113536, "time": 1789710867.8957856, "cuda_visible_devices": "2", "allocated_gib": 5.225533962249756, "reserved_gib": 8.041015625, "peak_allocated_gib": 7.100478649139404, "gpu_time_budget": null, "module": "model.layers.17.mlp.down_proj", "step": 7424}
{"stage": "sequential-round-coordinate", "pid": 113536, "time": 1789710868.7856107, "cuda_visible_devices": "2", "allocated_gib": 5.225533962249756, "reserved_gib": 8.041015625, "peak_allocated_gib": 7.100478649139404, "gpu_time_budget": null, "module": "model.layers.17.mlp.down_proj", "step": 7552}
{"stage": "sequential-round-coordinate", "pid": 113536, "time": 1789710869.6743412, "cuda_visible_devices": "2", "allocated_gib": 5.225533962249756, "reserved_gib": 8.041015625, "peak_allocated_gib": 7.100478649139404, "gpu_time_budget": null, "module": "model.layers.17.mlp.down_proj", "step": 7680}
{"stage": "sequential-round-coordinate", "pid": 113536, "time": 1789710870.5641956, "cuda_visible_devices": "2", "allocated_gib": 5.225533962249756, "reserved_gib": 8.041015625, "peak_allocated_gib": 7.100478649139404, "gpu_time_budget": null, "module": "model.layers.17.mlp.down_proj", "step": 7808}
{"stage": "sequential-round-coordinate", "pid": 113536, "time": 1789710871.4540534, "cuda_visible_devices": "2", "allocated_gib": 5.225533962249756, "reserved_gib": 8.041015625, "peak_allocated_gib": 7.100478649139404, "gpu_time_budget": null, "module": "model.layers.17.mlp.down_proj", "step": 7936}
{"stage": "sequential-round-coordinate", "pid": 113536, "time": 1789710872.035448, "cuda_visible_devices": "2", "allocated_gib": 5.225533962249756, "reserved_gib": 8.041015625, "peak_allocated_gib": 7.100478649139404, "gpu_time_budget": null, "module": "model.layers.17.mlp.down_proj", "step": 8064}
{"stage": "sequential-round-coordinate", "pid": 113536, "time": 1789710872.8454347, "cuda_visible_devices": "2", "allocated_gib": 5.225533962249756, "reserved_gib": 8.041015625, "peak_allocated_gib": 7.100478649139404, "gpu_time_budget": null, "module": "model.layers.17.mlp.down_proj", "step": 8192}
{"stage": "sequential-round-train-nll", "pid": 113536, "time": 1789710872.8875422, "cuda_visible_devices": "2", "allocated_gib": 3.795783519744873, "reserved_gib": 3.80078125, "peak_allocated_gib": 7.100478649139404, "gpu_time_budget": null, "module": "model.layers.17.mlp.down_proj", "step": 512}
Evaluation segment 1/1: start=0, windows=8, seqlen=2048
{"stage": "sequential-round-train-nll", "pid": 113536, "time": 1789710876.5694509, "cuda_visible_devices": "2", "allocated_gib": 3.795783519744873, "reserved_gib": 5.791015625, "peak_allocated_gib": 7.100478649139404, "gpu_time_budget": null, "module": "model.layers.17.mlp.down_proj", "step": 2048}
Evaluation segment 1/1: start=0, windows=8, seqlen=2048
{"stage": "sequential-round-train-nll", "pid": 113536, "time": 1789710880.3254619, "cuda_visible_devices": "2", "allocated_gib": 3.795783519744873, "reserved_gib": 5.791015625, "peak_allocated_gib": 7.100478649139404, "gpu_time_budget": null, "module": "model.layers.17.mlp.down_proj", "step": 8192}
Evaluation segment 1/1: start=0, windows=8, seqlen=2048
{"stage": "sequential-module-completed", "pid": 113536, "time": 1789710883.9804103, "cuda_visible_devices": "2", "allocated_gib": 3.795783519744873, "reserved_gib": 5.791015625, "peak_allocated_gib": 7.100478649139404, "gpu_time_budget": null, "module": "model.layers.17.mlp.down_proj", "completed": 18, "total": 28, "selected_train_nll": 2.8268725546981393, "elapsed_seconds": 1225.4147114040097}
{"stage": "sequential-round-fit", "pid": 113536, "time": 1789710889.4553187, "cuda_visible_devices": "2", "allocated_gib": 3.795783519744873, "reserved_gib": 5.791015625, "peak_allocated_gib": 7.100478649139404, "gpu_time_budget": null, "module": "model.layers.18.mlp.down_proj", "fit_rows": 49152, "heldout_rows": 16384}
{"stage": "sequential-round-coordinate", "pid": 113536, "time": 1789710890.6858375, "cuda_visible_devices": "2", "allocated_gib": 5.225533962249756, "reserved_gib": 8.041015625, "peak_allocated_gib": 7.100478649139404, "gpu_time_budget": null, "module": "model.layers.18.mlp.down_proj", "step": 128}
{"stage": "sequential-round-coordinate", "pid": 113536, "time": 1789710891.5732875, "cuda_visible_devices": "2", "allocated_gib": 5.225533962249756, "reserved_gib": 8.041015625, "peak_allocated_gib": 7.100478649139404, "gpu_time_budget": null, "module": "model.layers.18.mlp.down_proj", "step": 256}
{"stage": "sequential-round-coordinate", "pid": 113536, "time": 1789710892.4613013, "cuda_visible_devices": "2", "allocated_gib": 5.225533962249756, "reserved_gib": 8.041015625, "peak_allocated_gib": 7.100478649139404, "gpu_time_budget": null, "module": "model.layers.18.mlp.down_proj", "step": 384}
{"stage": "sequential-round-coordinate", "pid": 113536, "time": 1789710893.4262252, "cuda_visible_devices": "2", "allocated_gib": 5.225533962249756, "reserved_gib": 8.041015625, "peak_allocated_gib": 7.100478649139404, "gpu_time_budget": null, "module": "model.layers.18.mlp.down_proj", "step": 512}
{"stage": "sequential-round-coordinate", "pid": 113536, "time": 1789710894.3120778, "cuda_visible_devices": "2", "allocated_gib": 5.225533962249756, "reserved_gib": 8.041015625, "peak_allocated_gib": 7.100478649139404, "gpu_time_budget": null, "module": "model.layers.18.mlp.down_proj", "step": 640}
{"stage": "sequential-round-coordinate", "pid": 113536, "time": 1789710895.1981204, "cuda_visible_devices": "2", "allocated_gib": 5.225533962249756, "reserved_gib": 8.041015625, "peak_allocated_gib": 7.100478649139404, "gpu_time_budget": null, "module": "model.layers.18.mlp.down_proj", "step": 768}
{"stage": "sequential-round-coordinate", "pid": 113536, "time": 1789710896.0855017, "cuda_visible_devices": "2", "allocated_gib": 5.225533962249756, "reserved_gib": 8.041015625, "peak_allocated_gib": 7.100478649139404, "gpu_time_budget": null, "module": "model.layers.18.mlp.down_proj", "step": 896}
{"stage": "sequential-round-coordinate", "pid": 113536, "time": 1789710896.9704306, "cuda_visible_devices": "2", "allocated_gib": 5.225533962249756, "reserved_gib": 8.041015625, "peak_allocated_gib": 7.100478649139404, "gpu_time_budget": null, "module": "model.layers.18.mlp.down_proj", "step": 1024}
{"stage": "sequential-round-coordinate", "pid": 113536, "time": 1789710897.8598154, "cuda_visible_devices": "2", "allocated_gib": 5.225533962249756, "reserved_gib": 8.041015625, "peak_allocated_gib": 7.100478649139404, "gpu_time_budget": null, "module": "model.layers.18.mlp.down_proj", "step": 1152}
{"stage": "sequential-round-coordinate", "pid": 113536, "time": 1789710898.7486236, "cuda_visible_devices": "2", "allocated_gib": 5.225533962249756, "reserved_gib": 8.041015625, "peak_allocated_gib": 7.100478649139404, "gpu_time_budget": null, "module": "model.layers.18.mlp.down_proj", "step": 1280}
{"stage": "sequential-round-coordinate", "pid": 113536, "time": 1789710899.6392756, "cuda_visible_devices": "2", "allocated_gib": 5.225533962249756, "reserved_gib": 8.041015625, "peak_allocated_gib": 7.100478649139404, "gpu_time_budget": null, "module": "model.layers.18.mlp.down_proj", "step": 1408}
{"stage": "sequential-round-coordinate", "pid": 113536, "time": 1789710900.527984, "cuda_visible_devices": "2", "allocated_gib": 5.225533962249756, "reserved_gib": 8.041015625, "peak_allocated_gib": 7.100478649139404, "gpu_time_budget": null, "module": "model.layers.18.mlp.down_proj", "step": 1536}
{"stage": "sequential-round-coordinate", "pid": 113536, "time": 1789710901.418534, "cuda_visible_devices": "2", "allocated_gib": 5.225533962249756, "reserved_gib": 8.041015625, "peak_allocated_gib": 7.100478649139404, "gpu_time_budget": null, "module": "model.layers.18.mlp.down_proj", "step": 1664}
{"stage": "sequential-round-coordinate", "pid": 113536, "time": 1789710902.306328, "cuda_visible_devices": "2", "allocated_gib": 5.225533962249756, "reserved_gib": 8.041015625, "peak_allocated_gib": 7.100478649139404, "gpu_time_budget": null, "module": "model.layers.18.mlp.down_proj", "step": 1792}
{"stage": "sequential-round-coordinate", "pid": 113536, "time": 1789710903.1921573, "cuda_visible_devices": "2", "allocated_gib": 5.225533962249756, "reserved_gib": 8.041015625, "peak_allocated_gib": 7.100478649139404, "gpu_time_budget": null, "module": "model.layers.18.mlp.down_proj", "step": 1920}
{"stage": "sequential-round-coordinate", "pid": 113536, "time": 1789710904.1620145, "cuda_visible_devices": "2", "allocated_gib": 5.225533962249756, "reserved_gib": 8.041015625, "peak_allocated_gib": 7.100478649139404, "gpu_time_budget": null, "module": "model.layers.18.mlp.down_proj", "step": 2048}
{"stage": "sequential-round-coordinate", "pid": 113536, "time": 1789710905.0488682, "cuda_visible_devices": "2", "allocated_gib": 5.225533962249756, "reserved_gib": 8.041015625, "peak_allocated_gib": 7.100478649139404, "gpu_time_budget": null, "module": "model.layers.18.mlp.down_proj", "step": 2176}
{"stage": "sequential-round-coordinate", "pid": 113536, "time": 1789710905.9376194, "cuda_visible_devices": "2", "allocated_gib": 5.225533962249756, "reserved_gib": 8.041015625, "peak_allocated_gib": 7.100478649139404, "gpu_time_budget": null, "module": "model.layers.18.mlp.down_proj", "step": 2304}
{"stage": "sequential-round-coordinate", "pid": 113536, "time": 1789710906.826771, "cuda_visible_devices": "2", "allocated_gib": 5.225533962249756, "reserved_gib": 8.041015625, "peak_allocated_gib": 7.100478649139404, "gpu_time_budget": null, "module": "model.layers.18.mlp.down_proj", "step": 2432}
{"stage": "sequential-round-coordinate", "pid": 113536, "time": 1789710907.715589, "cuda_visible_devices": "2", "allocated_gib": 5.225533962249756, "reserved_gib": 8.041015625, "peak_allocated_gib": 7.100478649139404, "gpu_time_budget": null, "module": "model.layers.18.mlp.down_proj", "step": 2560}
{"stage": "sequential-round-coordinate", "pid": 113536, "time": 1789710908.6047096, "cuda_visible_devices": "2", "allocated_gib": 5.225533962249756, "reserved_gib": 8.041015625, "peak_allocated_gib": 7.100478649139404, "gpu_time_budget": null, "module": "model.layers.18.mlp.down_proj", "step": 2688}
{"stage": "sequential-round-coordinate", "pid": 113536, "time": 1789710909.49466, "cuda_visible_devices": "2", "allocated_gib": 5.225533962249756, "reserved_gib": 8.041015625, "peak_allocated_gib": 7.100478649139404, "gpu_time_budget": null, "module": "model.layers.18.mlp.down_proj", "step": 2816}
{"stage": "sequential-round-coordinate", "pid": 113536, "time": 1789710910.3863273, "cuda_visible_devices": "2", "allocated_gib": 5.225533962249756, "reserved_gib": 8.041015625, "peak_allocated_gib": 7.100478649139404, "gpu_time_budget": null, "module": "model.layers.18.mlp.down_proj", "step": 2944}
{"stage": "sequential-round-coordinate", "pid": 113536, "time": 1789710911.2756577, "cuda_visible_devices": "2", "allocated_gib": 5.225533962249756, "reserved_gib": 8.041015625, "peak_allocated_gib": 7.100478649139404, "gpu_time_budget": null, "module": "model.layers.18.mlp.down_proj", "step": 3072}
{"stage": "sequential-round-coordinate", "pid": 113536, "time": 1789710912.1640987, "cuda_visible_devices": "2", "allocated_gib": 5.225533962249756, "reserved_gib": 8.041015625, "peak_allocated_gib": 7.100478649139404, "gpu_time_budget": null, "module": "model.layers.18.mlp.down_proj", "step": 3200}
{"stage": "sequential-round-coordinate", "pid": 113536, "time": 1789710913.0491793, "cuda_visible_devices": "2", "allocated_gib": 5.225533962249756, "reserved_gib": 8.041015625, "peak_allocated_gib": 7.100478649139404, "gpu_time_budget": null, "module": "model.layers.18.mlp.down_proj", "step": 3328}
{"stage": "sequential-round-coordinate", "pid": 113536, "time": 1789710913.938014, "cuda_visible_devices": "2", "allocated_gib": 5.225533962249756, "reserved_gib": 8.041015625, "peak_allocated_gib": 7.100478649139404, "gpu_time_budget": null, "module": "model.layers.18.mlp.down_proj", "step": 3456}
{"stage": "sequential-round-coordinate", "pid": 113536, "time": 1789710914.8245883, "cuda_visible_devices": "2", "allocated_gib": 5.225533962249756, "reserved_gib": 8.041015625, "peak_allocated_gib": 7.100478649139404, "gpu_time_budget": null, "module": "model.layers.18.mlp.down_proj", "step": 3584}
{"stage": "sequential-round-coordinate", "pid": 113536, "time": 1789710915.7124586, "cuda_visible_devices": "2", "allocated_gib": 5.225533962249756, "reserved_gib": 8.041015625, "peak_allocated_gib": 7.100478649139404, "gpu_time_budget": null, "module": "model.layers.18.mlp.down_proj", "step": 3712}
{"stage": "sequential-round-coordinate", "pid": 113536, "time": 1789710916.6023293, "cuda_visible_devices": "2", "allocated_gib": 5.225533962249756, "reserved_gib": 8.041015625, "peak_allocated_gib": 7.100478649139404, "gpu_time_budget": null, "module": "model.layers.18.mlp.down_proj", "step": 3840}
{"stage": "sequential-round-coordinate", "pid": 113536, "time": 1789710917.4927046, "cuda_visible_devices": "2", "allocated_gib": 5.225533962249756, "reserved_gib": 8.041015625, "peak_allocated_gib": 7.100478649139404, "gpu_time_budget": null, "module": "model.layers.18.mlp.down_proj", "step": 3968}
{"stage": "sequential-round-coordinate", "pid": 113536, "time": 1789710918.3811584, "cuda_visible_devices": "2", "allocated_gib": 5.225533962249756, "reserved_gib": 8.041015625, "peak_allocated_gib": 7.100478649139404, "gpu_time_budget": null, "module": "model.layers.18.mlp.down_proj", "step": 4096}
{"stage": "sequential-round-coordinate", "pid": 113536, "time": 1789710919.2695713, "cuda_visible_devices": "2", "allocated_gib": 5.225533962249756, "reserved_gib": 8.041015625, "peak_allocated_gib": 7.100478649139404, "gpu_time_budget": null, "module": "model.layers.18.mlp.down_proj", "step": 4224}
{"stage": "sequential-round-coordinate", "pid": 113536, "time": 1789710920.157992, "cuda_visible_devices": "2", "allocated_gib": 5.225533962249756, "reserved_gib": 8.041015625, "peak_allocated_gib": 7.100478649139404, "gpu_time_budget": null, "module": "model.layers.18.mlp.down_proj", "step": 4352}
{"stage": "sequential-round-coordinate", "pid": 113536, "time": 1789710921.0469215, "cuda_visible_devices": "2", "allocated_gib": 5.225533962249756, "reserved_gib": 8.041015625, "peak_allocated_gib": 7.100478649139404, "gpu_time_budget": null, "module": "model.layers.18.mlp.down_proj", "step": 4480}
{"stage": "sequential-round-coordinate", "pid": 113536, "time": 1789710921.932227, "cuda_visible_devices": "2", "allocated_gib": 5.225533962249756, "reserved_gib": 8.041015625, "peak_allocated_gib": 7.100478649139404, "gpu_time_budget": null, "module": "model.layers.18.mlp.down_proj", "step": 4608}
{"stage": "sequential-round-coordinate", "pid": 113536, "time": 1789710922.8195426, "cuda_visible_devices": "2", "allocated_gib": 5.225533962249756, "reserved_gib": 8.041015625, "peak_allocated_gib": 7.100478649139404, "gpu_time_budget": null, "module": "model.layers.18.mlp.down_proj", "step": 4736}
{"stage": "sequential-round-coordinate", "pid": 113536, "time": 1789710923.7103925, "cuda_visible_devices": "2", "allocated_gib": 5.225533962249756, "reserved_gib": 8.041015625, "peak_allocated_gib": 7.100478649139404, "gpu_time_budget": null, "module": "model.layers.18.mlp.down_proj", "step": 4864}
{"stage": "sequential-round-coordinate", "pid": 113536, "time": 1789710924.5901544, "cuda_visible_devices": "2", "allocated_gib": 5.225533962249756, "reserved_gib": 8.041015625, "peak_allocated_gib": 7.100478649139404, "gpu_time_budget": null, "module": "model.layers.18.mlp.down_proj", "step": 4992}
{"stage": "sequential-round-coordinate", "pid": 113536, "time": 1789710926.2608032, "cuda_visible_devices": "2", "allocated_gib": 5.225533962249756, "reserved_gib": 8.041015625, "peak_allocated_gib": 7.100478649139404, "gpu_time_budget": null, "module": "model.layers.18.mlp.down_proj", "step": 5120}
{"stage": "sequential-round-coordinate", "pid": 113536, "time": 1789710927.1492887, "cuda_visible_devices": "2", "allocated_gib": 5.225533962249756, "reserved_gib": 8.041015625, "peak_allocated_gib": 7.100478649139404, "gpu_time_budget": null, "module": "model.layers.18.mlp.down_proj", "step": 5248}
{"stage": "sequential-round-coordinate", "pid": 113536, "time": 1789710928.037204, "cuda_visible_devices": "2", "allocated_gib": 5.225533962249756, "reserved_gib": 8.041015625, "peak_allocated_gib": 7.100478649139404, "gpu_time_budget": null, "module": "model.layers.18.mlp.down_proj", "step": 5376}
{"stage": "sequential-round-coordinate", "pid": 113536, "time": 1789710928.9264224, "cuda_visible_devices": "2", "allocated_gib": 5.225533962249756, "reserved_gib": 8.041015625, "peak_allocated_gib": 7.100478649139404, "gpu_time_budget": null, "module": "model.layers.18.mlp.down_proj", "step": 5504}
{"stage": "sequential-round-coordinate", "pid": 113536, "time": 1789710929.8152487, "cuda_visible_devices": "2", "allocated_gib": 5.225533962249756, "reserved_gib": 8.041015625, "peak_allocated_gib": 7.100478649139404, "gpu_time_budget": null, "module": "model.layers.18.mlp.down_proj", "step": 5632}
{"stage": "sequential-round-coordinate", "pid": 113536, "time": 1789710930.703643, "cuda_visible_devices": "2", "allocated_gib": 5.225533962249756, "reserved_gib": 8.041015625, "peak_allocated_gib": 7.100478649139404, "gpu_time_budget": null, "module": "model.layers.18.mlp.down_proj", "step": 5760}
{"stage": "sequential-round-coordinate", "pid": 113536, "time": 1789710931.5933657, "cuda_visible_devices": "2", "allocated_gib": 5.225533962249756, "reserved_gib": 8.041015625, "peak_allocated_gib": 7.100478649139404, "gpu_time_budget": null, "module": "model.layers.18.mlp.down_proj", "step": 5888}
{"stage": "sequential-round-coordinate", "pid": 113536, "time": 1789710932.4817202, "cuda_visible_devices": "2", "allocated_gib": 5.225533962249756, "reserved_gib": 8.041015625, "peak_allocated_gib": 7.100478649139404, "gpu_time_budget": null, "module": "model.layers.18.mlp.down_proj", "step": 6016}
{"stage": "sequential-round-coordinate", "pid": 113536, "time": 1789710933.37203, "cuda_visible_devices": "2", "allocated_gib": 5.225533962249756, "reserved_gib": 8.041015625, "peak_allocated_gib": 7.100478649139404, "gpu_time_budget": null, "module": "model.layers.18.mlp.down_proj", "step": 6144}
{"stage": "sequential-round-coordinate", "pid": 113536, "time": 1789710934.263123, "cuda_visible_devices": "2", "allocated_gib": 5.225533962249756, "reserved_gib": 8.041015625, "peak_allocated_gib": 7.100478649139404, "gpu_time_budget": null, "module": "model.layers.18.mlp.down_proj", "step": 6272}
{"stage": "sequential-round-coordinate", "pid": 113536, "time": 1789710935.1540558, "cuda_visible_devices": "2", "allocated_gib": 5.225533962249756, "reserved_gib": 8.041015625, "peak_allocated_gib": 7.100478649139404, "gpu_time_budget": null, "module": "model.layers.18.mlp.down_proj", "step": 6400}
{"stage": "sequential-round-coordinate", "pid": 113536, "time": 1789710936.0418599, "cuda_visible_devices": "2", "allocated_gib": 5.225533962249756, "reserved_gib": 8.041015625, "peak_allocated_gib": 7.100478649139404, "gpu_time_budget": null, "module": "model.layers.18.mlp.down_proj", "step": 6528}
{"stage": "sequential-round-coordinate", "pid": 113536, "time": 1789710936.928564, "cuda_visible_devices": "2", "allocated_gib": 5.225533962249756, "reserved_gib": 8.041015625, "peak_allocated_gib": 7.100478649139404, "gpu_time_budget": null, "module": "model.layers.18.mlp.down_proj", "step": 6656}
{"stage": "sequential-round-coordinate", "pid": 113536, "time": 1789710937.8164926, "cuda_visible_devices": "2", "allocated_gib": 5.225533962249756, "reserved_gib": 8.041015625, "peak_allocated_gib": 7.100478649139404, "gpu_time_budget": null, "module": "model.layers.18.mlp.down_proj", "step": 6784}
{"stage": "sequential-round-coordinate", "pid": 113536, "time": 1789710938.7015128, "cuda_visible_devices": "2", "allocated_gib": 5.225533962249756, "reserved_gib": 8.041015625, "peak_allocated_gib": 7.100478649139404, "gpu_time_budget": null, "module": "model.layers.18.mlp.down_proj", "step": 6912}
{"stage": "sequential-round-coordinate", "pid": 113536, "time": 1789710939.589623, "cuda_visible_devices": "2", "allocated_gib": 5.225533962249756, "reserved_gib": 8.041015625, "peak_allocated_gib": 7.100478649139404, "gpu_time_budget": null, "module": "model.layers.18.mlp.down_proj", "step": 7040}
{"stage": "sequential-round-coordinate", "pid": 113536, "time": 1789710940.4770634, "cuda_visible_devices": "2", "allocated_gib": 5.225533962249756, "reserved_gib": 8.041015625, "peak_allocated_gib": 7.100478649139404, "gpu_time_budget": null, "module": "model.layers.18.mlp.down_proj", "step": 7168}
{"stage": "sequential-round-coordinate", "pid": 113536, "time": 1789710941.3651333, "cuda_visible_devices": "2", "allocated_gib": 5.225533962249756, "reserved_gib": 8.041015625, "peak_allocated_gib": 7.100478649139404, "gpu_time_budget": null, "module": "model.layers.18.mlp.down_proj", "step": 7296}
{"stage": "sequential-round-coordinate", "pid": 113536, "time": 1789710942.2535906, "cuda_visible_devices": "2", "allocated_gib": 5.225533962249756, "reserved_gib": 8.041015625, "peak_allocated_gib": 7.100478649139404, "gpu_time_budget": null, "module": "model.layers.18.mlp.down_proj", "step": 7424}
{"stage": "sequential-round-coordinate", "pid": 113536, "time": 1789710942.8446717, "cuda_visible_devices": "2", "allocated_gib": 5.225533962249756, "reserved_gib": 8.041015625, "peak_allocated_gib": 7.100478649139404, "gpu_time_budget": null, "module": "model.layers.18.mlp.down_proj", "step": 7552}
{"stage": "sequential-round-coordinate", "pid": 113536, "time": 1789710943.567028, "cuda_visible_devices": "2", "allocated_gib": 5.225533962249756, "reserved_gib": 8.041015625, "peak_allocated_gib": 7.100478649139404, "gpu_time_budget": null, "module": "model.layers.18.mlp.down_proj", "step": 7680}
{"stage": "sequential-round-coordinate", "pid": 113536, "time": 1789710944.299568, "cuda_visible_devices": "2", "allocated_gib": 5.225533962249756, "reserved_gib": 8.041015625, "peak_allocated_gib": 7.100478649139404, "gpu_time_budget": null, "module": "model.layers.18.mlp.down_proj", "step": 7808}
{"stage": "sequential-round-coordinate", "pid": 113536, "time": 1789710945.005933, "cuda_visible_devices": "2", "allocated_gib": 5.225533962249756, "reserved_gib": 8.041015625, "peak_allocated_gib": 7.100478649139404, "gpu_time_budget": null, "module": "model.layers.18.mlp.down_proj", "step": 7936}
{"stage": "sequential-round-coordinate", "pid": 113536, "time": 1789710945.6964655, "cuda_visible_devices": "2", "allocated_gib": 5.225533962249756, "reserved_gib": 8.041015625, "peak_allocated_gib": 7.100478649139404, "gpu_time_budget": null, "module": "model.layers.18.mlp.down_proj", "step": 8064}
{"stage": "sequential-round-coordinate", "pid": 113536, "time": 1789710946.446692, "cuda_visible_devices": "2", "allocated_gib": 5.225533962249756, "reserved_gib": 8.041015625, "peak_allocated_gib": 7.100478649139404, "gpu_time_budget": null, "module": "model.layers.18.mlp.down_proj", "step": 8192}
{"stage": "sequential-round-train-nll", "pid": 113536, "time": 1789710946.4831874, "cuda_visible_devices": "2", "allocated_gib": 3.795783519744873, "reserved_gib": 3.80078125, "peak_allocated_gib": 7.100478649139404, "gpu_time_budget": null, "module": "model.layers.18.mlp.down_proj", "step": 512}
Evaluation segment 1/1: start=0, windows=8, seqlen=2048
{"stage": "sequential-round-train-nll", "pid": 113536, "time": 1789710950.1883974, "cuda_visible_devices": "2", "allocated_gib": 3.795783519744873, "reserved_gib": 5.791015625, "peak_allocated_gib": 7.100478649139404, "gpu_time_budget": null, "module": "model.layers.18.mlp.down_proj", "step": 2048}
Evaluation segment 1/1: start=0, windows=8, seqlen=2048
{"stage": "sequential-round-train-nll", "pid": 113536, "time": 1789710953.9383585, "cuda_visible_devices": "2", "allocated_gib": 3.795783519744873, "reserved_gib": 5.791015625, "peak_allocated_gib": 7.100478649139404, "gpu_time_budget": null, "module": "model.layers.18.mlp.down_proj", "step": 8192}
Evaluation segment 1/1: start=0, windows=8, seqlen=2048
{"stage": "sequential-module-completed", "pid": 113536, "time": 1789710956.9661133, "cuda_visible_devices": "2", "allocated_gib": 3.795783519744873, "reserved_gib": 5.791015625, "peak_allocated_gib": 7.100478649139404, "gpu_time_budget": null, "module": "model.layers.18.mlp.down_proj", "completed": 19, "total": 28, "selected_train_nll": 2.8268725546981393, "elapsed_seconds": 1298.4004154639551}
{"stage": "sequential-round-fit", "pid": 113536, "time": 1789710963.7516983, "cuda_visible_devices": "2", "allocated_gib": 3.795783519744873, "reserved_gib": 5.791015625, "peak_allocated_gib": 7.100478649139404, "gpu_time_budget": null, "module": "model.layers.19.mlp.down_proj", "fit_rows": 49152, "heldout_rows": 16384}
{"stage": "sequential-round-coordinate", "pid": 113536, "time": 1789710964.9681726, "cuda_visible_devices": "2", "allocated_gib": 5.225533962249756, "reserved_gib": 8.041015625, "peak_allocated_gib": 7.100478649139404, "gpu_time_budget": null, "module": "model.layers.19.mlp.down_proj", "step": 128}
{"stage": "sequential-round-coordinate", "pid": 113536, "time": 1789710965.8540494, "cuda_visible_devices": "2", "allocated_gib": 5.225533962249756, "reserved_gib": 8.041015625, "peak_allocated_gib": 7.100478649139404, "gpu_time_budget": null, "module": "model.layers.19.mlp.down_proj", "step": 256}
{"stage": "sequential-round-coordinate", "pid": 113536, "time": 1789710966.7429302, "cuda_visible_devices": "2", "allocated_gib": 5.225533962249756, "reserved_gib": 8.041015625, "peak_allocated_gib": 7.100478649139404, "gpu_time_budget": null, "module": "model.layers.19.mlp.down_proj", "step": 384}
{"stage": "sequential-round-coordinate", "pid": 113536, "time": 1789710967.7077518, "cuda_visible_devices": "2", "allocated_gib": 5.225533962249756, "reserved_gib": 8.041015625, "peak_allocated_gib": 7.100478649139404, "gpu_time_budget": null, "module": "model.layers.19.mlp.down_proj", "step": 512}
{"stage": "sequential-round-coordinate", "pid": 113536, "time": 1789710968.5956976, "cuda_visible_devices": "2", "allocated_gib": 5.225533962249756, "reserved_gib": 8.041015625, "peak_allocated_gib": 7.100478649139404, "gpu_time_budget": null, "module": "model.layers.19.mlp.down_proj", "step": 640}
{"stage": "sequential-round-coordinate", "pid": 113536, "time": 1789710969.4820514, "cuda_visible_devices": "2", "allocated_gib": 5.225533962249756, "reserved_gib": 8.041015625, "peak_allocated_gib": 7.100478649139404, "gpu_time_budget": null, "module": "model.layers.19.mlp.down_proj", "step": 768}
{"stage": "sequential-round-coordinate", "pid": 113536, "time": 1789710970.370401, "cuda_visible_devices": "2", "allocated_gib": 5.225533962249756, "reserved_gib": 8.041015625, "peak_allocated_gib": 7.100478649139404, "gpu_time_budget": null, "module": "model.layers.19.mlp.down_proj", "step": 896}
{"stage": "sequential-round-coordinate", "pid": 113536, "time": 1789710971.2595336, "cuda_visible_devices": "2", "allocated_gib": 5.225533962249756, "reserved_gib": 8.041015625, "peak_allocated_gib": 7.100478649139404, "gpu_time_budget": null, "module": "model.layers.19.mlp.down_proj", "step": 1024}
{"stage": "sequential-round-coordinate", "pid": 113536, "time": 1789710972.1491349, "cuda_visible_devices": "2", "allocated_gib": 5.225533962249756, "reserved_gib": 8.041015625, "peak_allocated_gib": 7.100478649139404, "gpu_time_budget": null, "module": "model.layers.19.mlp.down_proj", "step": 1152}
{"stage": "sequential-round-coordinate", "pid": 113536, "time": 1789710973.0378084, "cuda_visible_devices": "2", "allocated_gib": 5.225533962249756, "reserved_gib": 8.041015625, "peak_allocated_gib": 7.100478649139404, "gpu_time_budget": null, "module": "model.layers.19.mlp.down_proj", "step": 1280}
{"stage": "sequential-round-coordinate", "pid": 113536, "time": 1789710973.9249716, "cuda_visible_devices": "2", "allocated_gib": 5.225533962249756, "reserved_gib": 8.041015625, "peak_allocated_gib": 7.100478649139404, "gpu_time_budget": null, "module": "model.layers.19.mlp.down_proj", "step": 1408}
{"stage": "sequential-round-coordinate", "pid": 113536, "time": 1789710974.81237, "cuda_visible_devices": "2", "allocated_gib": 5.225533962249756, "reserved_gib": 8.041015625, "peak_allocated_gib": 7.100478649139404, "gpu_time_budget": null, "module": "model.layers.19.mlp.down_proj", "step": 1536}
{"stage": "sequential-round-coordinate", "pid": 113536, "time": 1789710975.7005515, "cuda_visible_devices": "2", "allocated_gib": 5.225533962249756, "reserved_gib": 8.041015625, "peak_allocated_gib": 7.100478649139404, "gpu_time_budget": null, "module": "model.layers.19.mlp.down_proj", "step": 1664}
{"stage": "sequential-round-coordinate", "pid": 113536, "time": 1789710976.589016, "cuda_visible_devices": "2", "allocated_gib": 5.225533962249756, "reserved_gib": 8.041015625, "peak_allocated_gib": 7.100478649139404, "gpu_time_budget": null, "module": "model.layers.19.mlp.down_proj", "step": 1792}
{"stage": "sequential-round-coordinate", "pid": 113536, "time": 1789710977.4746363, "cuda_visible_devices": "2", "allocated_gib": 5.225533962249756, "reserved_gib": 8.041015625, "peak_allocated_gib": 7.100478649139404, "gpu_time_budget": null, "module": "model.layers.19.mlp.down_proj", "step": 1920}
{"stage": "sequential-round-coordinate", "pid": 113536, "time": 1789710978.4366467, "cuda_visible_devices": "2", "allocated_gib": 5.225533962249756, "reserved_gib": 8.041015625, "peak_allocated_gib": 7.100478649139404, "gpu_time_budget": null, "module": "model.layers.19.mlp.down_proj", "step": 2048}
{"stage": "sequential-round-coordinate", "pid": 113536, "time": 1789710979.3140764, "cuda_visible_devices": "2", "allocated_gib": 5.225533962249756, "reserved_gib": 8.041015625, "peak_allocated_gib": 7.100478649139404, "gpu_time_budget": null, "module": "model.layers.19.mlp.down_proj", "step": 2176}
{"stage": "sequential-round-coordinate", "pid": 113536, "time": 1789710980.1951733, "cuda_visible_devices": "2", "allocated_gib": 5.225533962249756, "reserved_gib": 8.041015625, "peak_allocated_gib": 7.100478649139404, "gpu_time_budget": null, "module": "model.layers.19.mlp.down_proj", "step": 2304}
{"stage": "sequential-round-coordinate", "pid": 113536, "time": 1789710981.08109, "cuda_visible_devices": "2", "allocated_gib": 5.225533962249756, "reserved_gib": 8.041015625, "peak_allocated_gib": 7.100478649139404, "gpu_time_budget": null, "module": "model.layers.19.mlp.down_proj", "step": 2432}
{"stage": "sequential-round-coordinate", "pid": 113536, "time": 1789710981.970241, "cuda_visible_devices": "2", "allocated_gib": 5.225533962249756, "reserved_gib": 8.041015625, "peak_allocated_gib": 7.100478649139404, "gpu_time_budget": null, "module": "model.layers.19.mlp.down_proj", "step": 2560}
{"stage": "sequential-round-coordinate", "pid": 113536, "time": 1789710982.8576267, "cuda_visible_devices": "2", "allocated_gib": 5.225533962249756, "reserved_gib": 8.041015625, "peak_allocated_gib": 7.100478649139404, "gpu_time_budget": null, "module": "model.layers.19.mlp.down_proj", "step": 2688}
{"stage": "sequential-round-coordinate", "pid": 113536, "time": 1789710983.7428143, "cuda_visible_devices": "2", "allocated_gib": 5.225533962249756, "reserved_gib": 8.041015625, "peak_allocated_gib": 7.100478649139404, "gpu_time_budget": null, "module": "model.layers.19.mlp.down_proj", "step": 2816}
{"stage": "sequential-round-coordinate", "pid": 113536, "time": 1789710984.6359677, "cuda_visible_devices": "2", "allocated_gib": 5.225533962249756, "reserved_gib": 8.041015625, "peak_allocated_gib": 7.100478649139404, "gpu_time_budget": null, "module": "model.layers.19.mlp.down_proj", "step": 2944}
{"stage": "sequential-round-coordinate", "pid": 113536, "time": 1789710985.5241575, "cuda_visible_devices": "2", "allocated_gib": 5.225533962249756, "reserved_gib": 8.041015625, "peak_allocated_gib": 7.100478649139404, "gpu_time_budget": null, "module": "model.layers.19.mlp.down_proj", "step": 3072}
{"stage": "sequential-round-coordinate", "pid": 113536, "time": 1789710986.4148314, "cuda_visible_devices": "2", "allocated_gib": 5.225533962249756, "reserved_gib": 8.041015625, "peak_allocated_gib": 7.100478649139404, "gpu_time_budget": null, "module": "model.layers.19.mlp.down_proj", "step": 3200}
{"stage": "sequential-round-coordinate", "pid": 113536, "time": 1789710987.2955694, "cuda_visible_devices": "2", "allocated_gib": 5.225533962249756, "reserved_gib": 8.041015625, "peak_allocated_gib": 7.100478649139404, "gpu_time_budget": null, "module": "model.layers.19.mlp.down_proj", "step": 3328}
{"stage": "sequential-round-coordinate", "pid": 113536, "time": 1789710988.1822467, "cuda_visible_devices": "2", "allocated_gib": 5.225533962249756, "reserved_gib": 8.041015625, "peak_allocated_gib": 7.100478649139404, "gpu_time_budget": null, "module": "model.layers.19.mlp.down_proj", "step": 3456}
{"stage": "sequential-round-coordinate", "pid": 113536, "time": 1789710989.0708897, "cuda_visible_devices": "2", "allocated_gib": 5.225533962249756, "reserved_gib": 8.041015625, "peak_allocated_gib": 7.100478649139404, "gpu_time_budget": null, "module": "model.layers.19.mlp.down_proj", "step": 3584}
{"stage": "sequential-round-coordinate", "pid": 113536, "time": 1789710989.958219, "cuda_visible_devices": "2", "allocated_gib": 5.225533962249756, "reserved_gib": 8.041015625, "peak_allocated_gib": 7.100478649139404, "gpu_time_budget": null, "module": "model.layers.19.mlp.down_proj", "step": 3712}
{"stage": "sequential-round-coordinate", "pid": 113536, "time": 1789710990.847599, "cuda_visible_devices": "2", "allocated_gib": 5.225533962249756, "reserved_gib": 8.041015625, "peak_allocated_gib": 7.100478649139404, "gpu_time_budget": null, "module": "model.layers.19.mlp.down_proj", "step": 3840}
{"stage": "sequential-round-coordinate", "pid": 113536, "time": 1789710991.7360797, "cuda_visible_devices": "2", "allocated_gib": 5.225533962249756, "reserved_gib": 8.041015625, "peak_allocated_gib": 7.100478649139404, "gpu_time_budget": null, "module": "model.layers.19.mlp.down_proj", "step": 3968}
{"stage": "sequential-round-coordinate", "pid": 113536, "time": 1789710992.6257114, "cuda_visible_devices": "2", "allocated_gib": 5.225533962249756, "reserved_gib": 8.041015625, "peak_allocated_gib": 7.100478649139404, "gpu_time_budget": null, "module": "model.layers.19.mlp.down_proj", "step": 4096}
{"stage": "sequential-round-coordinate", "pid": 113536, "time": 1789710993.5147407, "cuda_visible_devices": "2", "allocated_gib": 5.225533962249756, "reserved_gib": 8.041015625, "peak_allocated_gib": 7.100478649139404, "gpu_time_budget": null, "module": "model.layers.19.mlp.down_proj", "step": 4224}
{"stage": "sequential-round-coordinate", "pid": 113536, "time": 1789710994.3964384, "cuda_visible_devices": "2", "allocated_gib": 5.225533962249756, "reserved_gib": 8.041015625, "peak_allocated_gib": 7.100478649139404, "gpu_time_budget": null, "module": "model.layers.19.mlp.down_proj", "step": 4352}
{"stage": "sequential-round-coordinate", "pid": 113536, "time": 1789710995.2855608, "cuda_visible_devices": "2", "allocated_gib": 5.225533962249756, "reserved_gib": 8.041015625, "peak_allocated_gib": 7.100478649139404, "gpu_time_budget": null, "module": "model.layers.19.mlp.down_proj", "step": 4480}
{"stage": "sequential-round-coordinate", "pid": 113536, "time": 1789710996.1723053, "cuda_visible_devices": "2", "allocated_gib": 5.225533962249756, "reserved_gib": 8.041015625, "peak_allocated_gib": 7.100478649139404, "gpu_time_budget": null, "module": "model.layers.19.mlp.down_proj", "step": 4608}
{"stage": "sequential-round-coordinate", "pid": 113536, "time": 1789710997.0605726, "cuda_visible_devices": "2", "allocated_gib": 5.225533962249756, "reserved_gib": 8.041015625, "peak_allocated_gib": 7.100478649139404, "gpu_time_budget": null, "module": "model.layers.19.mlp.down_proj", "step": 4736}
{"stage": "sequential-round-coordinate", "pid": 113536, "time": 1789710997.9486597, "cuda_visible_devices": "2", "allocated_gib": 5.225533962249756, "reserved_gib": 8.041015625, "peak_allocated_gib": 7.100478649139404, "gpu_time_budget": null, "module": "model.layers.19.mlp.down_proj", "step": 4864}
{"stage": "sequential-round-coordinate", "pid": 113536, "time": 1789710998.8340836, "cuda_visible_devices": "2", "allocated_gib": 5.225533962249756, "reserved_gib": 8.041015625, "peak_allocated_gib": 7.100478649139404, "gpu_time_budget": null, "module": "model.layers.19.mlp.down_proj", "step": 4992}
{"stage": "sequential-round-coordinate", "pid": 113536, "time": 1789710999.7232978, "cuda_visible_devices": "2", "allocated_gib": 5.225533962249756, "reserved_gib": 8.041015625, "peak_allocated_gib": 7.100478649139404, "gpu_time_budget": null, "module": "model.layers.19.mlp.down_proj", "step": 5120}
{"stage": "sequential-round-coordinate", "pid": 113536, "time": 1789711000.6121268, "cuda_visible_devices": "2", "allocated_gib": 5.225533962249756, "reserved_gib": 8.041015625, "peak_allocated_gib": 7.100478649139404, "gpu_time_budget": null, "module": "model.layers.19.mlp.down_proj", "step": 5248}
{"stage": "sequential-round-coordinate", "pid": 113536, "time": 1789711001.5011072, "cuda_visible_devices": "2", "allocated_gib": 5.225533962249756, "reserved_gib": 8.041015625, "peak_allocated_gib": 7.100478649139404, "gpu_time_budget": null, "module": "model.layers.19.mlp.down_proj", "step": 5376}
{"stage": "sequential-round-coordinate", "pid": 113536, "time": 1789711002.3900862, "cuda_visible_devices": "2", "allocated_gib": 5.225533962249756, "reserved_gib": 8.041015625, "peak_allocated_gib": 7.100478649139404, "gpu_time_budget": null, "module": "model.layers.19.mlp.down_proj", "step": 5504}
{"stage": "sequential-round-coordinate", "pid": 113536, "time": 1789711003.279317, "cuda_visible_devices": "2", "allocated_gib": 5.225533962249756, "reserved_gib": 8.041015625, "peak_allocated_gib": 7.100478649139404, "gpu_time_budget": null, "module": "model.layers.19.mlp.down_proj", "step": 5632}
{"stage": "sequential-round-coordinate", "pid": 113536, "time": 1789711004.1643932, "cuda_visible_devices": "2", "allocated_gib": 5.225533962249756, "reserved_gib": 8.041015625, "peak_allocated_gib": 7.100478649139404, "gpu_time_budget": null, "module": "model.layers.19.mlp.down_proj", "step": 5760}
{"stage": "sequential-round-coordinate", "pid": 113536, "time": 1789711005.0527935, "cuda_visible_devices": "2", "allocated_gib": 5.225533962249756, "reserved_gib": 8.041015625, "peak_allocated_gib": 7.100478649139404, "gpu_time_budget": null, "module": "model.layers.19.mlp.down_proj", "step": 5888}
{"stage": "sequential-round-coordinate", "pid": 113536, "time": 1789711005.9405954, "cuda_visible_devices": "2", "allocated_gib": 5.225533962249756, "reserved_gib": 8.041015625, "peak_allocated_gib": 7.100478649139404, "gpu_time_budget": null, "module": "model.layers.19.mlp.down_proj", "step": 6016}
{"stage": "sequential-round-coordinate", "pid": 113536, "time": 1789711006.829164, "cuda_visible_devices": "2", "allocated_gib": 5.225533962249756, "reserved_gib": 8.041015625, "peak_allocated_gib": 7.100478649139404, "gpu_time_budget": null, "module": "model.layers.19.mlp.down_proj", "step": 6144}
{"stage": "sequential-round-coordinate", "pid": 113536, "time": 1789711007.7184207, "cuda_visible_devices": "2", "allocated_gib": 5.225533962249756, "reserved_gib": 8.041015625, "peak_allocated_gib": 7.100478649139404, "gpu_time_budget": null, "module": "model.layers.19.mlp.down_proj", "step": 6272}
{"stage": "sequential-round-coordinate", "pid": 113536, "time": 1789711008.6075904, "cuda_visible_devices": "2", "allocated_gib": 5.225533962249756, "reserved_gib": 8.041015625, "peak_allocated_gib": 7.100478649139404, "gpu_time_budget": null, "module": "model.layers.19.mlp.down_proj", "step": 6400}
{"stage": "sequential-round-coordinate", "pid": 113536, "time": 1789711009.4971068, "cuda_visible_devices": "2", "allocated_gib": 5.225533962249756, "reserved_gib": 8.041015625, "peak_allocated_gib": 7.100478649139404, "gpu_time_budget": null, "module": "model.layers.19.mlp.down_proj", "step": 6528}
{"stage": "sequential-round-coordinate", "pid": 113536, "time": 1789711010.3859072, "cuda_visible_devices": "2", "allocated_gib": 5.225533962249756, "reserved_gib": 8.041015625, "peak_allocated_gib": 7.100478649139404, "gpu_time_budget": null, "module": "model.layers.19.mlp.down_proj", "step": 6656}
{"stage": "sequential-round-coordinate", "pid": 113536, "time": 1789711011.2723527, "cuda_visible_devices": "2", "allocated_gib": 5.225533962249756, "reserved_gib": 8.041015625, "peak_allocated_gib": 7.100478649139404, "gpu_time_budget": null, "module": "model.layers.19.mlp.down_proj", "step": 6784}
{"stage": "sequential-round-coordinate", "pid": 113536, "time": 1789711012.1600087, "cuda_visible_devices": "2", "allocated_gib": 5.225533962249756, "reserved_gib": 8.041015625, "peak_allocated_gib": 7.100478649139404, "gpu_time_budget": null, "module": "model.layers.19.mlp.down_proj", "step": 6912}
{"stage": "sequential-round-coordinate", "pid": 113536, "time": 1789711013.0486703, "cuda_visible_devices": "2", "allocated_gib": 5.225533962249756, "reserved_gib": 8.041015625, "peak_allocated_gib": 7.100478649139404, "gpu_time_budget": null, "module": "model.layers.19.mlp.down_proj", "step": 7040}
{"stage": "sequential-round-coordinate", "pid": 113536, "time": 1789711013.751762, "cuda_visible_devices": "2", "allocated_gib": 5.225533962249756, "reserved_gib": 8.041015625, "peak_allocated_gib": 7.100478649139404, "gpu_time_budget": null, "module": "model.layers.19.mlp.down_proj", "step": 7168}
{"stage": "sequential-round-coordinate", "pid": 113536, "time": 1789711014.4447162, "cuda_visible_devices": "2", "allocated_gib": 5.225533962249756, "reserved_gib": 8.041015625, "peak_allocated_gib": 7.100478649139404, "gpu_time_budget": null, "module": "model.layers.19.mlp.down_proj", "step": 7296}
{"stage": "sequential-round-coordinate", "pid": 113536, "time": 1789711015.1366296, "cuda_visible_devices": "2", "allocated_gib": 5.225533962249756, "reserved_gib": 8.041015625, "peak_allocated_gib": 7.100478649139404, "gpu_time_budget": null, "module": "model.layers.19.mlp.down_proj", "step": 7424}
{"stage": "sequential-round-coordinate", "pid": 113536, "time": 1789711015.8375027, "cuda_visible_devices": "2", "allocated_gib": 5.225533962249756, "reserved_gib": 8.041015625, "peak_allocated_gib": 7.100478649139404, "gpu_time_budget": null, "module": "model.layers.19.mlp.down_proj", "step": 7552}
{"stage": "sequential-round-coordinate", "pid": 113536, "time": 1789711016.5689487, "cuda_visible_devices": "2", "allocated_gib": 5.225533962249756, "reserved_gib": 8.041015625, "peak_allocated_gib": 7.100478649139404, "gpu_time_budget": null, "module": "model.layers.19.mlp.down_proj", "step": 7680}
{"stage": "sequential-round-coordinate", "pid": 113536, "time": 1789711017.3000207, "cuda_visible_devices": "2", "allocated_gib": 5.225533962249756, "reserved_gib": 8.041015625, "peak_allocated_gib": 7.100478649139404, "gpu_time_budget": null, "module": "model.layers.19.mlp.down_proj", "step": 7808}
{"stage": "sequential-round-coordinate", "pid": 113536, "time": 1789711017.9930375, "cuda_visible_devices": "2", "allocated_gib": 5.225533962249756, "reserved_gib": 8.041015625, "peak_allocated_gib": 7.100478649139404, "gpu_time_budget": null, "module": "model.layers.19.mlp.down_proj", "step": 7936}
{"stage": "sequential-round-coordinate", "pid": 113536, "time": 1789711018.6613488, "cuda_visible_devices": "2", "allocated_gib": 5.225533962249756, "reserved_gib": 8.041015625, "peak_allocated_gib": 7.100478649139404, "gpu_time_budget": null, "module": "model.layers.19.mlp.down_proj", "step": 8064}
{"stage": "sequential-round-coordinate", "pid": 113536, "time": 1789711019.4080775, "cuda_visible_devices": "2", "allocated_gib": 5.225533962249756, "reserved_gib": 8.041015625, "peak_allocated_gib": 7.100478649139404, "gpu_time_budget": null, "module": "model.layers.19.mlp.down_proj", "step": 8192}
{"stage": "sequential-round-train-nll", "pid": 113536, "time": 1789711019.456502, "cuda_visible_devices": "2", "allocated_gib": 3.795783519744873, "reserved_gib": 3.80078125, "peak_allocated_gib": 7.100478649139404, "gpu_time_budget": null, "module": "model.layers.19.mlp.down_proj", "step": 512}
Evaluation segment 1/1: start=0, windows=8, seqlen=2048
{"stage": "sequential-round-train-nll", "pid": 113536, "time": 1789711023.2475095, "cuda_visible_devices": "2", "allocated_gib": 3.795783519744873, "reserved_gib": 5.791015625, "peak_allocated_gib": 7.100478649139404, "gpu_time_budget": null, "module": "model.layers.19.mlp.down_proj", "step": 2048}
Evaluation segment 1/1: start=0, windows=8, seqlen=2048
{"stage": "sequential-round-train-nll", "pid": 113536, "time": 1789711026.6117263, "cuda_visible_devices": "2", "allocated_gib": 3.795783519744873, "reserved_gib": 5.791015625, "peak_allocated_gib": 7.100478649139404, "gpu_time_budget": null, "module": "model.layers.19.mlp.down_proj", "step": 8192}
Evaluation segment 1/1: start=0, windows=8, seqlen=2048
{"stage": "sequential-module-completed", "pid": 113536, "time": 1789711029.8303714, "cuda_visible_devices": "2", "allocated_gib": 3.795783519744873, "reserved_gib": 5.791015625, "peak_allocated_gib": 7.100478649139404, "gpu_time_budget": null, "module": "model.layers.19.mlp.down_proj", "completed": 20, "total": 28, "selected_train_nll": 2.826277790346091, "elapsed_seconds": 1371.2646735450253}
{"stage": "sequential-round-fit", "pid": 113536, "time": 1789711037.8351529, "cuda_visible_devices": "2", "allocated_gib": 3.795783519744873, "reserved_gib": 5.791015625, "peak_allocated_gib": 7.100478649139404, "gpu_time_budget": null, "module": "model.layers.20.mlp.down_proj", "fit_rows": 49152, "heldout_rows": 16384}
{"stage": "sequential-round-coordinate", "pid": 113536, "time": 1789711039.1268895, "cuda_visible_devices": "2", "allocated_gib": 5.225533962249756, "reserved_gib": 8.041015625, "peak_allocated_gib": 7.100478649139404, "gpu_time_budget": null, "module": "model.layers.20.mlp.down_proj", "step": 128}
{"stage": "sequential-round-coordinate", "pid": 113536, "time": 1789711040.0316653, "cuda_visible_devices": "2", "allocated_gib": 5.225533962249756, "reserved_gib": 8.041015625, "peak_allocated_gib": 7.100478649139404, "gpu_time_budget": null, "module": "model.layers.20.mlp.down_proj", "step": 256}
{"stage": "sequential-round-coordinate", "pid": 113536, "time": 1789711040.9186661, "cuda_visible_devices": "2", "allocated_gib": 5.225533962249756, "reserved_gib": 8.041015625, "peak_allocated_gib": 7.100478649139404, "gpu_time_budget": null, "module": "model.layers.20.mlp.down_proj", "step": 384}
{"stage": "sequential-round-coordinate", "pid": 113536, "time": 1789711041.8716826, "cuda_visible_devices": "2", "allocated_gib": 5.225533962249756, "reserved_gib": 8.041015625, "peak_allocated_gib": 7.100478649139404, "gpu_time_budget": null, "module": "model.layers.20.mlp.down_proj", "step": 512}
{"stage": "sequential-round-coordinate", "pid": 113536, "time": 1789711042.7607973, "cuda_visible_devices": "2", "allocated_gib": 5.225533962249756, "reserved_gib": 8.041015625, "peak_allocated_gib": 7.100478649139404, "gpu_time_budget": null, "module": "model.layers.20.mlp.down_proj", "step": 640}
{"stage": "sequential-round-coordinate", "pid": 113536, "time": 1789711043.6486108, "cuda_visible_devices": "2", "allocated_gib": 5.225533962249756, "reserved_gib": 8.041015625, "peak_allocated_gib": 7.100478649139404, "gpu_time_budget": null, "module": "model.layers.20.mlp.down_proj", "step": 768}
{"stage": "sequential-round-coordinate", "pid": 113536, "time": 1789711044.53777, "cuda_visible_devices": "2", "allocated_gib": 5.225533962249756, "reserved_gib": 8.041015625, "peak_allocated_gib": 7.100478649139404, "gpu_time_budget": null, "module": "model.layers.20.mlp.down_proj", "step": 896}
{"stage": "sequential-round-coordinate", "pid": 113536, "time": 1789711045.4188483, "cuda_visible_devices": "2", "allocated_gib": 5.225533962249756, "reserved_gib": 8.041015625, "peak_allocated_gib": 7.100478649139404, "gpu_time_budget": null, "module": "model.layers.20.mlp.down_proj", "step": 1024}
{"stage": "sequential-round-coordinate", "pid": 113536, "time": 1789711046.30811, "cuda_visible_devices": "2", "allocated_gib": 5.225533962249756, "reserved_gib": 8.041015625, "peak_allocated_gib": 7.100478649139404, "gpu_time_budget": null, "module": "model.layers.20.mlp.down_proj", "step": 1152}
{"stage": "sequential-round-coordinate", "pid": 113536, "time": 1789711047.2012813, "cuda_visible_devices": "2", "allocated_gib": 5.225533962249756, "reserved_gib": 8.041015625, "peak_allocated_gib": 7.100478649139404, "gpu_time_budget": null, "module": "model.layers.20.mlp.down_proj", "step": 1280}
{"stage": "sequential-round-coordinate", "pid": 113536, "time": 1789711048.0912187, "cuda_visible_devices": "2", "allocated_gib": 5.225533962249756, "reserved_gib": 8.041015625, "peak_allocated_gib": 7.100478649139404, "gpu_time_budget": null, "module": "model.layers.20.mlp.down_proj", "step": 1408}
{"stage": "sequential-round-coordinate", "pid": 113536, "time": 1789711048.979519, "cuda_visible_devices": "2", "allocated_gib": 5.225533962249756, "reserved_gib": 8.041015625, "peak_allocated_gib": 7.100478649139404, "gpu_time_budget": null, "module": "model.layers.20.mlp.down_proj", "step": 1536}
{"stage": "sequential-round-coordinate", "pid": 113536, "time": 1789711049.8553355, "cuda_visible_devices": "2", "allocated_gib": 5.225533962249756, "reserved_gib": 8.041015625, "peak_allocated_gib": 7.100478649139404, "gpu_time_budget": null, "module": "model.layers.20.mlp.down_proj", "step": 1664}
{"stage": "sequential-round-coordinate", "pid": 113536, "time": 1789711050.7442613, "cuda_visible_devices": "2", "allocated_gib": 5.225533962249756, "reserved_gib": 8.041015625, "peak_allocated_gib": 7.100478649139404, "gpu_time_budget": null, "module": "model.layers.20.mlp.down_proj", "step": 1792}
{"stage": "sequential-round-coordinate", "pid": 113536, "time": 1789711051.6335666, "cuda_visible_devices": "2", "allocated_gib": 5.225533962249756, "reserved_gib": 8.041015625, "peak_allocated_gib": 7.100478649139404, "gpu_time_budget": null, "module": "model.layers.20.mlp.down_proj", "step": 1920}
{"stage": "sequential-round-coordinate", "pid": 113536, "time": 1789711052.610449, "cuda_visible_devices": "2", "allocated_gib": 5.225533962249756, "reserved_gib": 8.041015625, "peak_allocated_gib": 7.100478649139404, "gpu_time_budget": null, "module": "model.layers.20.mlp.down_proj", "step": 2048}
{"stage": "sequential-round-coordinate", "pid": 113536, "time": 1789711053.5037074, "cuda_visible_devices": "2", "allocated_gib": 5.225533962249756, "reserved_gib": 8.041015625, "peak_allocated_gib": 7.100478649139404, "gpu_time_budget": null, "module": "model.layers.20.mlp.down_proj", "step": 2176}
{"stage": "sequential-round-coordinate", "pid": 113536, "time": 1789711054.3921416, "cuda_visible_devices": "2", "allocated_gib": 5.225533962249756, "reserved_gib": 8.041015625, "peak_allocated_gib": 7.100478649139404, "gpu_time_budget": null, "module": "model.layers.20.mlp.down_proj", "step": 2304}
{"stage": "sequential-round-coordinate", "pid": 113536, "time": 1789711055.280045, "cuda_visible_devices": "2", "allocated_gib": 5.225533962249756, "reserved_gib": 8.041015625, "peak_allocated_gib": 7.100478649139404, "gpu_time_budget": null, "module": "model.layers.20.mlp.down_proj", "step": 2432}
{"stage": "sequential-round-coordinate", "pid": 113536, "time": 1789711056.1658444, "cuda_visible_devices": "2", "allocated_gib": 5.225533962249756, "reserved_gib": 8.041015625, "peak_allocated_gib": 7.100478649139404, "gpu_time_budget": null, "module": "model.layers.20.mlp.down_proj", "step": 2560}
{"stage": "sequential-round-coordinate", "pid": 113536, "time": 1789711057.056612, "cuda_visible_devices": "2", "allocated_gib": 5.225533962249756, "reserved_gib": 8.041015625, "peak_allocated_gib": 7.100478649139404, "gpu_time_budget": null, "module": "model.layers.20.mlp.down_proj", "step": 2688}
{"stage": "sequential-round-coordinate", "pid": 113536, "time": 1789711057.9434876, "cuda_visible_devices": "2", "allocated_gib": 5.225533962249756, "reserved_gib": 8.041015625, "peak_allocated_gib": 7.100478649139404, "gpu_time_budget": null, "module": "model.layers.20.mlp.down_proj", "step": 2816}
{"stage": "sequential-round-coordinate", "pid": 113536, "time": 1789711058.8337731, "cuda_visible_devices": "2", "allocated_gib": 5.225533962249756, "reserved_gib": 8.041015625, "peak_allocated_gib": 7.100478649139404, "gpu_time_budget": null, "module": "model.layers.20.mlp.down_proj", "step": 2944}
{"stage": "sequential-round-coordinate", "pid": 113536, "time": 1789711059.7181988, "cuda_visible_devices": "2", "allocated_gib": 5.225533962249756, "reserved_gib": 8.041015625, "peak_allocated_gib": 7.100478649139404, "gpu_time_budget": null, "module": "model.layers.20.mlp.down_proj", "step": 3072}
{"stage": "sequential-round-coordinate", "pid": 113536, "time": 1789711060.603898, "cuda_visible_devices": "2", "allocated_gib": 5.225533962249756, "reserved_gib": 8.041015625, "peak_allocated_gib": 7.100478649139404, "gpu_time_budget": null, "module": "model.layers.20.mlp.down_proj", "step": 3200}
{"stage": "sequential-round-coordinate", "pid": 113536, "time": 1789711061.4954987, "cuda_visible_devices": "2", "allocated_gib": 5.225533962249756, "reserved_gib": 8.041015625, "peak_allocated_gib": 7.100478649139404, "gpu_time_budget": null, "module": "model.layers.20.mlp.down_proj", "step": 3328}
{"stage": "sequential-round-coordinate", "pid": 113536, "time": 1789711062.3844388, "cuda_visible_devices": "2", "allocated_gib": 5.225533962249756, "reserved_gib": 8.041015625, "peak_allocated_gib": 7.100478649139404, "gpu_time_budget": null, "module": "model.layers.20.mlp.down_proj", "step": 3456}
{"stage": "sequential-round-coordinate", "pid": 113536, "time": 1789711063.2799664, "cuda_visible_devices": "2", "allocated_gib": 5.225533962249756, "reserved_gib": 8.041015625, "peak_allocated_gib": 7.100478649139404, "gpu_time_budget": null, "module": "model.layers.20.mlp.down_proj", "step": 3584}
{"stage": "sequential-round-coordinate", "pid": 113536, "time": 1789711064.167825, "cuda_visible_devices": "2", "allocated_gib": 5.225533962249756, "reserved_gib": 8.041015625, "peak_allocated_gib": 7.100478649139404, "gpu_time_budget": null, "module": "model.layers.20.mlp.down_proj", "step": 3712}
{"stage": "sequential-round-coordinate", "pid": 113536, "time": 1789711065.04928, "cuda_visible_devices": "2", "allocated_gib": 5.225533962249756, "reserved_gib": 8.041015625, "peak_allocated_gib": 7.100478649139404, "gpu_time_budget": null, "module": "model.layers.20.mlp.down_proj", "step": 3840}
{"stage": "sequential-round-coordinate", "pid": 113536, "time": 1789711065.937704, "cuda_visible_devices": "2", "allocated_gib": 5.225533962249756, "reserved_gib": 8.041015625, "peak_allocated_gib": 7.100478649139404, "gpu_time_budget": null, "module": "model.layers.20.mlp.down_proj", "step": 3968}
{"stage": "sequential-round-coordinate", "pid": 113536, "time": 1789711066.8091908, "cuda_visible_devices": "2", "allocated_gib": 5.225533962249756, "reserved_gib": 8.041015625, "peak_allocated_gib": 7.100478649139404, "gpu_time_budget": null, "module": "model.layers.20.mlp.down_proj", "step": 4096}
{"stage": "sequential-round-coordinate", "pid": 113536, "time": 1789711067.6836355, "cuda_visible_devices": "2", "allocated_gib": 5.225533962249756, "reserved_gib": 8.041015625, "peak_allocated_gib": 7.100478649139404, "gpu_time_budget": null, "module": "model.layers.20.mlp.down_proj", "step": 4224}
{"stage": "sequential-round-coordinate", "pid": 113536, "time": 1789711068.5797002, "cuda_visible_devices": "2", "allocated_gib": 5.225533962249756, "reserved_gib": 8.041015625, "peak_allocated_gib": 7.100478649139404, "gpu_time_budget": null, "module": "model.layers.20.mlp.down_proj", "step": 4352}
{"stage": "sequential-round-coordinate", "pid": 113536, "time": 1789711069.4496102, "cuda_visible_devices": "2", "allocated_gib": 5.225533962249756, "reserved_gib": 8.041015625, "peak_allocated_gib": 7.100478649139404, "gpu_time_budget": null, "module": "model.layers.20.mlp.down_proj", "step": 4480}
{"stage": "sequential-round-coordinate", "pid": 113536, "time": 1789711070.3384666, "cuda_visible_devices": "2", "allocated_gib": 5.225533962249756, "reserved_gib": 8.041015625, "peak_allocated_gib": 7.100478649139404, "gpu_time_budget": null, "module": "model.layers.20.mlp.down_proj", "step": 4608}
{"stage": "sequential-round-coordinate", "pid": 113536, "time": 1789711071.2491934, "cuda_visible_devices": "2", "allocated_gib": 5.225533962249756, "reserved_gib": 8.041015625, "peak_allocated_gib": 7.100478649139404, "gpu_time_budget": null, "module": "model.layers.20.mlp.down_proj", "step": 4736}
{"stage": "sequential-round-coordinate", "pid": 113536, "time": 1789711072.1371055, "cuda_visible_devices": "2", "allocated_gib": 5.225533962249756, "reserved_gib": 8.041015625, "peak_allocated_gib": 7.100478649139404, "gpu_time_budget": null, "module": "model.layers.20.mlp.down_proj", "step": 4864}
{"stage": "sequential-round-coordinate", "pid": 113536, "time": 1789711073.022361, "cuda_visible_devices": "2", "allocated_gib": 5.225533962249756, "reserved_gib": 8.041015625, "peak_allocated_gib": 7.100478649139404, "gpu_time_budget": null, "module": "model.layers.20.mlp.down_proj", "step": 4992}
{"stage": "sequential-round-coordinate", "pid": 113536, "time": 1789711073.9053998, "cuda_visible_devices": "2", "allocated_gib": 5.225533962249756, "reserved_gib": 8.041015625, "peak_allocated_gib": 7.100478649139404, "gpu_time_budget": null, "module": "model.layers.20.mlp.down_proj", "step": 5120}
{"stage": "sequential-round-coordinate", "pid": 113536, "time": 1789711074.7829595, "cuda_visible_devices": "2", "allocated_gib": 5.225533962249756, "reserved_gib": 8.041015625, "peak_allocated_gib": 7.100478649139404, "gpu_time_budget": null, "module": "model.layers.20.mlp.down_proj", "step": 5248}
{"stage": "sequential-round-coordinate", "pid": 113536, "time": 1789711075.6753454, "cuda_visible_devices": "2", "allocated_gib": 5.225533962249756, "reserved_gib": 8.041015625, "peak_allocated_gib": 7.100478649139404, "gpu_time_budget": null, "module": "model.layers.20.mlp.down_proj", "step": 5376}
{"stage": "sequential-round-coordinate", "pid": 113536, "time": 1789711076.5632913, "cuda_visible_devices": "2", "allocated_gib": 5.225533962249756, "reserved_gib": 8.041015625, "peak_allocated_gib": 7.100478649139404, "gpu_time_budget": null, "module": "model.layers.20.mlp.down_proj", "step": 5504}
{"stage": "sequential-round-coordinate", "pid": 113536, "time": 1789711077.4518192, "cuda_visible_devices": "2", "allocated_gib": 5.225533962249756, "reserved_gib": 8.041015625, "peak_allocated_gib": 7.100478649139404, "gpu_time_budget": null, "module": "model.layers.20.mlp.down_proj", "step": 5632}
{"stage": "sequential-round-coordinate", "pid": 113536, "time": 1789711078.3380253, "cuda_visible_devices": "2", "allocated_gib": 5.225533962249756, "reserved_gib": 8.041015625, "peak_allocated_gib": 7.100478649139404, "gpu_time_budget": null, "module": "model.layers.20.mlp.down_proj", "step": 5760}
{"stage": "sequential-round-coordinate", "pid": 113536, "time": 1789711079.2255716, "cuda_visible_devices": "2", "allocated_gib": 5.225533962249756, "reserved_gib": 8.041015625, "peak_allocated_gib": 7.100478649139404, "gpu_time_budget": null, "module": "model.layers.20.mlp.down_proj", "step": 5888}
{"stage": "sequential-round-coordinate", "pid": 113536, "time": 1789711080.1147234, "cuda_visible_devices": "2", "allocated_gib": 5.225533962249756, "reserved_gib": 8.041015625, "peak_allocated_gib": 7.100478649139404, "gpu_time_budget": null, "module": "model.layers.20.mlp.down_proj", "step": 6016}
{"stage": "sequential-round-coordinate", "pid": 113536, "time": 1789711081.0029604, "cuda_visible_devices": "2", "allocated_gib": 5.225533962249756, "reserved_gib": 8.041015625, "peak_allocated_gib": 7.100478649139404, "gpu_time_budget": null, "module": "model.layers.20.mlp.down_proj", "step": 6144}
{"stage": "sequential-round-coordinate", "pid": 113536, "time": 1789711081.889913, "cuda_visible_devices": "2", "allocated_gib": 5.225533962249756, "reserved_gib": 8.041015625, "peak_allocated_gib": 7.100478649139404, "gpu_time_budget": null, "module": "model.layers.20.mlp.down_proj", "step": 6272}
{"stage": "sequential-round-coordinate", "pid": 113536, "time": 1789711082.7778103, "cuda_visible_devices": "2", "allocated_gib": 5.225533962249756, "reserved_gib": 8.041015625, "peak_allocated_gib": 7.100478649139404, "gpu_time_budget": null, "module": "model.layers.20.mlp.down_proj", "step": 6400}
{"stage": "sequential-round-coordinate", "pid": 113536, "time": 1789711083.6674278, "cuda_visible_devices": "2", "allocated_gib": 5.225533962249756, "reserved_gib": 8.041015625, "peak_allocated_gib": 7.100478649139404, "gpu_time_budget": null, "module": "model.layers.20.mlp.down_proj", "step": 6528}
{"stage": "sequential-round-coordinate", "pid": 113536, "time": 1789711084.4849231, "cuda_visible_devices": "2", "allocated_gib": 5.225533962249756, "reserved_gib": 8.041015625, "peak_allocated_gib": 7.100478649139404, "gpu_time_budget": null, "module": "model.layers.20.mlp.down_proj", "step": 6656}
{"stage": "sequential-round-coordinate", "pid": 113536, "time": 1789711085.1801612, "cuda_visible_devices": "2", "allocated_gib": 5.225533962249756, "reserved_gib": 8.041015625, "peak_allocated_gib": 7.100478649139404, "gpu_time_budget": null, "module": "model.layers.20.mlp.down_proj", "step": 6784}
{"stage": "sequential-round-coordinate", "pid": 113536, "time": 1789711085.8759842, "cuda_visible_devices": "2", "allocated_gib": 5.225533962249756, "reserved_gib": 8.041015625, "peak_allocated_gib": 7.100478649139404, "gpu_time_budget": null, "module": "model.layers.20.mlp.down_proj", "step": 6912}
{"stage": "sequential-round-coordinate", "pid": 113536, "time": 1789711086.5708206, "cuda_visible_devices": "2", "allocated_gib": 5.225533962249756, "reserved_gib": 8.041015625, "peak_allocated_gib": 7.100478649139404, "gpu_time_budget": null, "module": "model.layers.20.mlp.down_proj", "step": 7040}
{"stage": "sequential-round-coordinate", "pid": 113536, "time": 1789711087.2657824, "cuda_visible_devices": "2", "allocated_gib": 5.225533962249756, "reserved_gib": 8.041015625, "peak_allocated_gib": 7.100478649139404, "gpu_time_budget": null, "module": "model.layers.20.mlp.down_proj", "step": 7168}
{"stage": "sequential-round-coordinate", "pid": 113536, "time": 1789711087.9579024, "cuda_visible_devices": "2", "allocated_gib": 5.225533962249756, "reserved_gib": 8.041015625, "peak_allocated_gib": 7.100478649139404, "gpu_time_budget": null, "module": "model.layers.20.mlp.down_proj", "step": 7296}
{"stage": "sequential-round-coordinate", "pid": 113536, "time": 1789711088.6955597, "cuda_visible_devices": "2", "allocated_gib": 5.225533962249756, "reserved_gib": 8.041015625, "peak_allocated_gib": 7.100478649139404, "gpu_time_budget": null, "module": "model.layers.20.mlp.down_proj", "step": 7424}
{"stage": "sequential-round-coordinate", "pid": 113536, "time": 1789711089.4416485, "cuda_visible_devices": "2", "allocated_gib": 5.225533962249756, "reserved_gib": 8.041015625, "peak_allocated_gib": 7.100478649139404, "gpu_time_budget": null, "module": "model.layers.20.mlp.down_proj", "step": 7552}
{"stage": "sequential-round-coordinate", "pid": 113536, "time": 1789711090.1527224, "cuda_visible_devices": "2", "allocated_gib": 5.225533962249756, "reserved_gib": 8.041015625, "peak_allocated_gib": 7.100478649139404, "gpu_time_budget": null, "module": "model.layers.20.mlp.down_proj", "step": 7680}
{"stage": "sequential-round-coordinate", "pid": 113536, "time": 1789711090.844511, "cuda_visible_devices": "2", "allocated_gib": 5.225533962249756, "reserved_gib": 8.041015625, "peak_allocated_gib": 7.100478649139404, "gpu_time_budget": null, "module": "model.layers.20.mlp.down_proj", "step": 7808}
{"stage": "sequential-round-coordinate", "pid": 113536, "time": 1789711091.535918, "cuda_visible_devices": "2", "allocated_gib": 5.225533962249756, "reserved_gib": 8.041015625, "peak_allocated_gib": 7.100478649139404, "gpu_time_budget": null, "module": "model.layers.20.mlp.down_proj", "step": 7936}
{"stage": "sequential-round-coordinate", "pid": 113536, "time": 1789711092.2361546, "cuda_visible_devices": "2", "allocated_gib": 5.225533962249756, "reserved_gib": 8.041015625, "peak_allocated_gib": 7.100478649139404, "gpu_time_budget": null, "module": "model.layers.20.mlp.down_proj", "step": 8064}
{"stage": "sequential-round-coordinate", "pid": 113536, "time": 1789711092.9900272, "cuda_visible_devices": "2", "allocated_gib": 5.225533962249756, "reserved_gib": 8.041015625, "peak_allocated_gib": 7.100478649139404, "gpu_time_budget": null, "module": "model.layers.20.mlp.down_proj", "step": 8192}
{"stage": "sequential-round-train-nll", "pid": 113536, "time": 1789711093.0378313, "cuda_visible_devices": "2", "allocated_gib": 3.795783519744873, "reserved_gib": 3.80078125, "peak_allocated_gib": 7.100478649139404, "gpu_time_budget": null, "module": "model.layers.20.mlp.down_proj", "step": 512}
Evaluation segment 1/1: start=0, windows=8, seqlen=2048
{"stage": "sequential-round-train-nll", "pid": 113536, "time": 1789711096.9647834, "cuda_visible_devices": "2", "allocated_gib": 3.795783519744873, "reserved_gib": 5.791015625, "peak_allocated_gib": 7.100478649139404, "gpu_time_budget": null, "module": "model.layers.20.mlp.down_proj", "step": 2048}
Evaluation segment 1/1: start=0, windows=8, seqlen=2048
{"stage": "sequential-round-train-nll", "pid": 113536, "time": 1789711099.8290436, "cuda_visible_devices": "2", "allocated_gib": 3.795783519744873, "reserved_gib": 5.791015625, "peak_allocated_gib": 7.100478649139404, "gpu_time_budget": null, "module": "model.layers.20.mlp.down_proj", "step": 8192}
Evaluation segment 1/1: start=0, windows=8, seqlen=2048
{"stage": "sequential-module-completed", "pid": 113536, "time": 1789711103.4557688, "cuda_visible_devices": "2", "allocated_gib": 3.795783519744873, "reserved_gib": 5.791015625, "peak_allocated_gib": 7.100478649139404, "gpu_time_budget": null, "module": "model.layers.20.mlp.down_proj", "completed": 21, "total": 28, "selected_train_nll": 2.826277790346091, "elapsed_seconds": 1444.890062741004}
{"stage": "sequential-round-fit", "pid": 113536, "time": 1789711113.7732239, "cuda_visible_devices": "2", "allocated_gib": 3.795783519744873, "reserved_gib": 5.791015625, "peak_allocated_gib": 7.100478649139404, "gpu_time_budget": null, "module": "model.layers.21.mlp.down_proj", "fit_rows": 49152, "heldout_rows": 16384}
{"stage": "sequential-round-coordinate", "pid": 113536, "time": 1789711115.0384803, "cuda_visible_devices": "2", "allocated_gib": 5.225533962249756, "reserved_gib": 8.041015625, "peak_allocated_gib": 7.100478649139404, "gpu_time_budget": null, "module": "model.layers.21.mlp.down_proj", "step": 128}
{"stage": "sequential-round-coordinate", "pid": 113536, "time": 1789711115.9266956, "cuda_visible_devices": "2", "allocated_gib": 5.225533962249756, "reserved_gib": 8.041015625, "peak_allocated_gib": 7.100478649139404, "gpu_time_budget": null, "module": "model.layers.21.mlp.down_proj", "step": 256}
{"stage": "sequential-round-coordinate", "pid": 113536, "time": 1789711116.816142, "cuda_visible_devices": "2", "allocated_gib": 5.225533962249756, "reserved_gib": 8.041015625, "peak_allocated_gib": 7.100478649139404, "gpu_time_budget": null, "module": "model.layers.21.mlp.down_proj", "step": 384}
{"stage": "sequential-round-coordinate", "pid": 113536, "time": 1789711117.7900846, "cuda_visible_devices": "2", "allocated_gib": 5.225533962249756, "reserved_gib": 8.041015625, "peak_allocated_gib": 7.100478649139404, "gpu_time_budget": null, "module": "model.layers.21.mlp.down_proj", "step": 512}
{"stage": "sequential-round-coordinate", "pid": 113536, "time": 1789711118.679229, "cuda_visible_devices": "2", "allocated_gib": 5.225533962249756, "reserved_gib": 8.041015625, "peak_allocated_gib": 7.100478649139404, "gpu_time_budget": null, "module": "model.layers.21.mlp.down_proj", "step": 640}
{"stage": "sequential-round-coordinate", "pid": 113536, "time": 1789711119.5681722, "cuda_visible_devices": "2", "allocated_gib": 5.225533962249756, "reserved_gib": 8.041015625, "peak_allocated_gib": 7.100478649139404, "gpu_time_budget": null, "module": "model.layers.21.mlp.down_proj", "step": 768}
{"stage": "sequential-round-coordinate", "pid": 113536, "time": 1789711120.457017, "cuda_visible_devices": "2", "allocated_gib": 5.225533962249756, "reserved_gib": 8.041015625, "peak_allocated_gib": 7.100478649139404, "gpu_time_budget": null, "module": "model.layers.21.mlp.down_proj", "step": 896}
{"stage": "sequential-round-coordinate", "pid": 113536, "time": 1789711121.3416493, "cuda_visible_devices": "2", "allocated_gib": 5.225533962249756, "reserved_gib": 8.041015625, "peak_allocated_gib": 7.100478649139404, "gpu_time_budget": null, "module": "model.layers.21.mlp.down_proj", "step": 1024}
{"stage": "sequential-round-coordinate", "pid": 113536, "time": 1789711122.2304554, "cuda_visible_devices": "2", "allocated_gib": 5.225533962249756, "reserved_gib": 8.041015625, "peak_allocated_gib": 7.100478649139404, "gpu_time_budget": null, "module": "model.layers.21.mlp.down_proj", "step": 1152}
{"stage": "sequential-round-coordinate", "pid": 113536, "time": 1789711123.1156688, "cuda_visible_devices": "2", "allocated_gib": 5.225533962249756, "reserved_gib": 8.041015625, "peak_allocated_gib": 7.100478649139404, "gpu_time_budget": null, "module": "model.layers.21.mlp.down_proj", "step": 1280}
{"stage": "sequential-round-coordinate", "pid": 113536, "time": 1789711124.0042136, "cuda_visible_devices": "2", "allocated_gib": 5.225533962249756, "reserved_gib": 8.041015625, "peak_allocated_gib": 7.100478649139404, "gpu_time_budget": null, "module": "model.layers.21.mlp.down_proj", "step": 1408}
{"stage": "sequential-round-coordinate", "pid": 113536, "time": 1789711124.8939807, "cuda_visible_devices": "2", "allocated_gib": 5.225533962249756, "reserved_gib": 8.041015625, "peak_allocated_gib": 7.100478649139404, "gpu_time_budget": null, "module": "model.layers.21.mlp.down_proj", "step": 1536}
{"stage": "sequential-round-coordinate", "pid": 113536, "time": 1789711125.7825184, "cuda_visible_devices": "2", "allocated_gib": 5.225533962249756, "reserved_gib": 8.041015625, "peak_allocated_gib": 7.100478649139404, "gpu_time_budget": null, "module": "model.layers.21.mlp.down_proj", "step": 1664}
{"stage": "sequential-round-coordinate", "pid": 113536, "time": 1789711126.6728292, "cuda_visible_devices": "2", "allocated_gib": 5.225533962249756, "reserved_gib": 8.041015625, "peak_allocated_gib": 7.100478649139404, "gpu_time_budget": null, "module": "model.layers.21.mlp.down_proj", "step": 1792}
{"stage": "sequential-round-coordinate", "pid": 113536, "time": 1789711127.5625849, "cuda_visible_devices": "2", "allocated_gib": 5.225533962249756, "reserved_gib": 8.041015625, "peak_allocated_gib": 7.100478649139404, "gpu_time_budget": null, "module": "model.layers.21.mlp.down_proj", "step": 1920}
{"stage": "sequential-round-coordinate", "pid": 113536, "time": 1789711128.5340672, "cuda_visible_devices": "2", "allocated_gib": 5.225533962249756, "reserved_gib": 8.041015625, "peak_allocated_gib": 7.100478649139404, "gpu_time_budget": null, "module": "model.layers.21.mlp.down_proj", "step": 2048}
{"stage": "sequential-round-coordinate", "pid": 113536, "time": 1789711129.4250605, "cuda_visible_devices": "2", "allocated_gib": 5.225533962249756, "reserved_gib": 8.041015625, "peak_allocated_gib": 7.100478649139404, "gpu_time_budget": null, "module": "model.layers.21.mlp.down_proj", "step": 2176}
{"stage": "sequential-round-coordinate", "pid": 113536, "time": 1789711130.3137324, "cuda_visible_devices": "2", "allocated_gib": 5.225533962249756, "reserved_gib": 8.041015625, "peak_allocated_gib": 7.100478649139404, "gpu_time_budget": null, "module": "model.layers.21.mlp.down_proj", "step": 2304}
{"stage": "sequential-round-coordinate", "pid": 113536, "time": 1789711131.2027504, "cuda_visible_devices": "2", "allocated_gib": 5.225533962249756, "reserved_gib": 8.041015625, "peak_allocated_gib": 7.100478649139404, "gpu_time_budget": null, "module": "model.layers.21.mlp.down_proj", "step": 2432}
{"stage": "sequential-round-coordinate", "pid": 113536, "time": 1789711132.094012, "cuda_visible_devices": "2", "allocated_gib": 5.225533962249756, "reserved_gib": 8.041015625, "peak_allocated_gib": 7.100478649139404, "gpu_time_budget": null, "module": "model.layers.21.mlp.down_proj", "step": 2560}
{"stage": "sequential-round-coordinate", "pid": 113536, "time": 1789711132.9835596, "cuda_visible_devices": "2", "allocated_gib": 5.225533962249756, "reserved_gib": 8.041015625, "peak_allocated_gib": 7.100478649139404, "gpu_time_budget": null, "module": "model.layers.21.mlp.down_proj", "step": 2688}
{"stage": "sequential-round-coordinate", "pid": 113536, "time": 1789711133.872282, "cuda_visible_devices": "2", "allocated_gib": 5.225533962249756, "reserved_gib": 8.041015625, "peak_allocated_gib": 7.100478649139404, "gpu_time_budget": null, "module": "model.layers.21.mlp.down_proj", "step": 2816}
{"stage": "sequential-round-coordinate", "pid": 113536, "time": 1789711134.7540588, "cuda_visible_devices": "2", "allocated_gib": 5.225533962249756, "reserved_gib": 8.041015625, "peak_allocated_gib": 7.100478649139404, "gpu_time_budget": null, "module": "model.layers.21.mlp.down_proj", "step": 2944}
{"stage": "sequential-round-coordinate", "pid": 113536, "time": 1789711135.6362903, "cuda_visible_devices": "2", "allocated_gib": 5.225533962249756, "reserved_gib": 8.041015625, "peak_allocated_gib": 7.100478649139404, "gpu_time_budget": null, "module": "model.layers.21.mlp.down_proj", "step": 3072}
{"stage": "sequential-round-coordinate", "pid": 113536, "time": 1789711136.5256305, "cuda_visible_devices": "2", "allocated_gib": 5.225533962249756, "reserved_gib": 8.041015625, "peak_allocated_gib": 7.100478649139404, "gpu_time_budget": null, "module": "model.layers.21.mlp.down_proj", "step": 3200}
{"stage": "sequential-round-coordinate", "pid": 113536, "time": 1789711137.414446, "cuda_visible_devices": "2", "allocated_gib": 5.225533962249756, "reserved_gib": 8.041015625, "peak_allocated_gib": 7.100478649139404, "gpu_time_budget": null, "module": "model.layers.21.mlp.down_proj", "step": 3328}
{"stage": "sequential-round-coordinate", "pid": 113536, "time": 1789711138.3053343, "cuda_visible_devices": "2", "allocated_gib": 5.225533962249756, "reserved_gib": 8.041015625, "peak_allocated_gib": 7.100478649139404, "gpu_time_budget": null, "module": "model.layers.21.mlp.down_proj", "step": 3456}
{"stage": "sequential-round-coordinate", "pid": 113536, "time": 1789711139.1956484, "cuda_visible_devices": "2", "allocated_gib": 5.225533962249756, "reserved_gib": 8.041015625, "peak_allocated_gib": 7.100478649139404, "gpu_time_budget": null, "module": "model.layers.21.mlp.down_proj", "step": 3584}
{"stage": "sequential-round-coordinate", "pid": 113536, "time": 1789711140.084326, "cuda_visible_devices": "2", "allocated_gib": 5.225533962249756, "reserved_gib": 8.041015625, "peak_allocated_gib": 7.100478649139404, "gpu_time_budget": null, "module": "model.layers.21.mlp.down_proj", "step": 3712}
{"stage": "sequential-round-coordinate", "pid": 113536, "time": 1789711140.975723, "cuda_visible_devices": "2", "allocated_gib": 5.225533962249756, "reserved_gib": 8.041015625, "peak_allocated_gib": 7.100478649139404, "gpu_time_budget": null, "module": "model.layers.21.mlp.down_proj", "step": 3840}
{"stage": "sequential-round-coordinate", "pid": 113536, "time": 1789711141.8656948, "cuda_visible_devices": "2", "allocated_gib": 5.225533962249756, "reserved_gib": 8.041015625, "peak_allocated_gib": 7.100478649139404, "gpu_time_budget": null, "module": "model.layers.21.mlp.down_proj", "step": 3968}
{"stage": "sequential-round-coordinate", "pid": 113536, "time": 1789711142.7577968, "cuda_visible_devices": "2", "allocated_gib": 5.225533962249756, "reserved_gib": 8.041015625, "peak_allocated_gib": 7.100478649139404, "gpu_time_budget": null, "module": "model.layers.21.mlp.down_proj", "step": 4096}
{"stage": "sequential-round-coordinate", "pid": 113536, "time": 1789711143.6473277, "cuda_visible_devices": "2", "allocated_gib": 5.225533962249756, "reserved_gib": 8.041015625, "peak_allocated_gib": 7.100478649139404, "gpu_time_budget": null, "module": "model.layers.21.mlp.down_proj", "step": 4224}
{"stage": "sequential-round-coordinate", "pid": 113536, "time": 1789711144.5347757, "cuda_visible_devices": "2", "allocated_gib": 5.225533962249756, "reserved_gib": 8.041015625, "peak_allocated_gib": 7.100478649139404, "gpu_time_budget": null, "module": "model.layers.21.mlp.down_proj", "step": 4352}
{"stage": "sequential-round-coordinate", "pid": 113536, "time": 1789711145.4214664, "cuda_visible_devices": "2", "allocated_gib": 5.225533962249756, "reserved_gib": 8.041015625, "peak_allocated_gib": 7.100478649139404, "gpu_time_budget": null, "module": "model.layers.21.mlp.down_proj", "step": 4480}
{"stage": "sequential-round-coordinate", "pid": 113536, "time": 1789711146.3060858, "cuda_visible_devices": "2", "allocated_gib": 5.225533962249756, "reserved_gib": 8.041015625, "peak_allocated_gib": 7.100478649139404, "gpu_time_budget": null, "module": "model.layers.21.mlp.down_proj", "step": 4608}
{"stage": "sequential-round-coordinate", "pid": 113536, "time": 1789711147.1973982, "cuda_visible_devices": "2", "allocated_gib": 5.225533962249756, "reserved_gib": 8.041015625, "peak_allocated_gib": 7.100478649139404, "gpu_time_budget": null, "module": "model.layers.21.mlp.down_proj", "step": 4736}
{"stage": "sequential-round-coordinate", "pid": 113536, "time": 1789711148.0868132, "cuda_visible_devices": "2", "allocated_gib": 5.225533962249756, "reserved_gib": 8.041015625, "peak_allocated_gib": 7.100478649139404, "gpu_time_budget": null, "module": "model.layers.21.mlp.down_proj", "step": 4864}
{"stage": "sequential-round-coordinate", "pid": 113536, "time": 1789711148.9736423, "cuda_visible_devices": "2", "allocated_gib": 5.225533962249756, "reserved_gib": 8.041015625, "peak_allocated_gib": 7.100478649139404, "gpu_time_budget": null, "module": "model.layers.21.mlp.down_proj", "step": 4992}
{"stage": "sequential-round-coordinate", "pid": 113536, "time": 1789711149.8623927, "cuda_visible_devices": "2", "allocated_gib": 5.225533962249756, "reserved_gib": 8.041015625, "peak_allocated_gib": 7.100478649139404, "gpu_time_budget": null, "module": "model.layers.21.mlp.down_proj", "step": 5120}
{"stage": "sequential-round-coordinate", "pid": 113536, "time": 1789711150.7516756, "cuda_visible_devices": "2", "allocated_gib": 5.225533962249756, "reserved_gib": 8.041015625, "peak_allocated_gib": 7.100478649139404, "gpu_time_budget": null, "module": "model.layers.21.mlp.down_proj", "step": 5248}
{"stage": "sequential-round-coordinate", "pid": 113536, "time": 1789711151.639999, "cuda_visible_devices": "2", "allocated_gib": 5.225533962249756, "reserved_gib": 8.041015625, "peak_allocated_gib": 7.100478649139404, "gpu_time_budget": null, "module": "model.layers.21.mlp.down_proj", "step": 5376}
{"stage": "sequential-round-coordinate", "pid": 113536, "time": 1789711152.5282683, "cuda_visible_devices": "2", "allocated_gib": 5.225533962249756, "reserved_gib": 8.041015625, "peak_allocated_gib": 7.100478649139404, "gpu_time_budget": null, "module": "model.layers.21.mlp.down_proj", "step": 5504}
{"stage": "sequential-round-coordinate", "pid": 113536, "time": 1789711153.4201207, "cuda_visible_devices": "2", "allocated_gib": 5.225533962249756, "reserved_gib": 8.041015625, "peak_allocated_gib": 7.100478649139404, "gpu_time_budget": null, "module": "model.layers.21.mlp.down_proj", "step": 5632}
{"stage": "sequential-round-coordinate", "pid": 113536, "time": 1789711154.3092322, "cuda_visible_devices": "2", "allocated_gib": 5.225533962249756, "reserved_gib": 8.041015625, "peak_allocated_gib": 7.100478649139404, "gpu_time_budget": null, "module": "model.layers.21.mlp.down_proj", "step": 5760}
{"stage": "sequential-round-coordinate", "pid": 113536, "time": 1789711155.0234365, "cuda_visible_devices": "2", "allocated_gib": 5.225533962249756, "reserved_gib": 8.041015625, "peak_allocated_gib": 7.100478649139404, "gpu_time_budget": null, "module": "model.layers.21.mlp.down_proj", "step": 5888}
{"stage": "sequential-round-coordinate", "pid": 113536, "time": 1789711155.7205918, "cuda_visible_devices": "2", "allocated_gib": 5.225533962249756, "reserved_gib": 8.041015625, "peak_allocated_gib": 7.100478649139404, "gpu_time_budget": null, "module": "model.layers.21.mlp.down_proj", "step": 6016}
{"stage": "sequential-round-coordinate", "pid": 113536, "time": 1789711156.4142108, "cuda_visible_devices": "2", "allocated_gib": 5.225533962249756, "reserved_gib": 8.041015625, "peak_allocated_gib": 7.100478649139404, "gpu_time_budget": null, "module": "model.layers.21.mlp.down_proj", "step": 6144}
{"stage": "sequential-round-coordinate", "pid": 113536, "time": 1789711157.1062293, "cuda_visible_devices": "2", "allocated_gib": 5.225533962249756, "reserved_gib": 8.041015625, "peak_allocated_gib": 7.100478649139404, "gpu_time_budget": null, "module": "model.layers.21.mlp.down_proj", "step": 6272}
{"stage": "sequential-round-coordinate", "pid": 113536, "time": 1789711157.840668, "cuda_visible_devices": "2", "allocated_gib": 5.225533962249756, "reserved_gib": 8.041015625, "peak_allocated_gib": 7.100478649139404, "gpu_time_budget": null, "module": "model.layers.21.mlp.down_proj", "step": 6400}
{"stage": "sequential-round-coordinate", "pid": 113536, "time": 1789711158.5743945, "cuda_visible_devices": "2", "allocated_gib": 5.225533962249756, "reserved_gib": 8.041015625, "peak_allocated_gib": 7.100478649139404, "gpu_time_budget": null, "module": "model.layers.21.mlp.down_proj", "step": 6528}
{"stage": "sequential-round-coordinate", "pid": 113536, "time": 1789711159.2706988, "cuda_visible_devices": "2", "allocated_gib": 5.225533962249756, "reserved_gib": 8.041015625, "peak_allocated_gib": 7.100478649139404, "gpu_time_budget": null, "module": "model.layers.21.mlp.down_proj", "step": 6656}
{"stage": "sequential-round-coordinate", "pid": 113536, "time": 1789711159.942135, "cuda_visible_devices": "2", "allocated_gib": 5.225533962249756, "reserved_gib": 8.041015625, "peak_allocated_gib": 7.100478649139404, "gpu_time_budget": null, "module": "model.layers.21.mlp.down_proj", "step": 6784}
{"stage": "sequential-round-coordinate", "pid": 113536, "time": 1789711160.6329381, "cuda_visible_devices": "2", "allocated_gib": 5.225533962249756, "reserved_gib": 8.041015625, "peak_allocated_gib": 7.100478649139404, "gpu_time_budget": null, "module": "model.layers.21.mlp.down_proj", "step": 6912}
{"stage": "sequential-round-coordinate", "pid": 113536, "time": 1789711161.3307714, "cuda_visible_devices": "2", "allocated_gib": 5.225533962249756, "reserved_gib": 8.041015625, "peak_allocated_gib": 7.100478649139404, "gpu_time_budget": null, "module": "model.layers.21.mlp.down_proj", "step": 7040}
{"stage": "sequential-round-coordinate", "pid": 113536, "time": 1789711162.0216482, "cuda_visible_devices": "2", "allocated_gib": 5.225533962249756, "reserved_gib": 8.041015625, "peak_allocated_gib": 7.100478649139404, "gpu_time_budget": null, "module": "model.layers.21.mlp.down_proj", "step": 7168}
{"stage": "sequential-round-coordinate", "pid": 113536, "time": 1789711162.714162, "cuda_visible_devices": "2", "allocated_gib": 5.225533962249756, "reserved_gib": 8.041015625, "peak_allocated_gib": 7.100478649139404, "gpu_time_budget": null, "module": "model.layers.21.mlp.down_proj", "step": 7296}
{"stage": "sequential-round-coordinate", "pid": 113536, "time": 1789711163.436522, "cuda_visible_devices": "2", "allocated_gib": 5.225533962249756, "reserved_gib": 8.041015625, "peak_allocated_gib": 7.100478649139404, "gpu_time_budget": null, "module": "model.layers.21.mlp.down_proj", "step": 7424}
{"stage": "sequential-round-coordinate", "pid": 113536, "time": 1789711164.1698263, "cuda_visible_devices": "2", "allocated_gib": 5.225533962249756, "reserved_gib": 8.041015625, "peak_allocated_gib": 7.100478649139404, "gpu_time_budget": null, "module": "model.layers.21.mlp.down_proj", "step": 7552}
{"stage": "sequential-round-coordinate", "pid": 113536, "time": 1789711164.8744814, "cuda_visible_devices": "2", "allocated_gib": 5.225533962249756, "reserved_gib": 8.041015625, "peak_allocated_gib": 7.100478649139404, "gpu_time_budget": null, "module": "model.layers.21.mlp.down_proj", "step": 7680}
{"stage": "sequential-round-coordinate", "pid": 113536, "time": 1789711165.554213, "cuda_visible_devices": "2", "allocated_gib": 5.225533962249756, "reserved_gib": 8.041015625, "peak_allocated_gib": 7.100478649139404, "gpu_time_budget": null, "module": "model.layers.21.mlp.down_proj", "step": 7808}
{"stage": "sequential-round-coordinate", "pid": 113536, "time": 1789711166.246921, "cuda_visible_devices": "2", "allocated_gib": 5.225533962249756, "reserved_gib": 8.041015625, "peak_allocated_gib": 7.100478649139404, "gpu_time_budget": null, "module": "model.layers.21.mlp.down_proj", "step": 7936}
{"stage": "sequential-round-coordinate", "pid": 113536, "time": 1789711166.9403183, "cuda_visible_devices": "2", "allocated_gib": 5.225533962249756, "reserved_gib": 8.041015625, "peak_allocated_gib": 7.100478649139404, "gpu_time_budget": null, "module": "model.layers.21.mlp.down_proj", "step": 8064}
{"stage": "sequential-round-coordinate", "pid": 113536, "time": 1789711167.6927068, "cuda_visible_devices": "2", "allocated_gib": 5.225533962249756, "reserved_gib": 8.041015625, "peak_allocated_gib": 7.100478649139404, "gpu_time_budget": null, "module": "model.layers.21.mlp.down_proj", "step": 8192}
{"stage": "sequential-round-train-nll", "pid": 113536, "time": 1789711167.7342288, "cuda_visible_devices": "2", "allocated_gib": 3.795783519744873, "reserved_gib": 3.80078125, "peak_allocated_gib": 7.100478649139404, "gpu_time_budget": null, "module": "model.layers.21.mlp.down_proj", "step": 512}
Evaluation segment 1/1: start=0, windows=8, seqlen=2048
{"stage": "sequential-round-train-nll", "pid": 113536, "time": 1789711170.9032834, "cuda_visible_devices": "2", "allocated_gib": 3.795783519744873, "reserved_gib": 5.791015625, "peak_allocated_gib": 7.100478649139404, "gpu_time_budget": null, "module": "model.layers.21.mlp.down_proj", "step": 2048}
Evaluation segment 1/1: start=0, windows=8, seqlen=2048
{"stage": "sequential-module-completed", "pid": 113536, "time": 1789711174.3791416, "cuda_visible_devices": "2", "allocated_gib": 3.795783519744873, "reserved_gib": 5.791015625, "peak_allocated_gib": 7.100478649139404, "gpu_time_budget": null, "module": "model.layers.21.mlp.down_proj", "completed": 22, "total": 28, "selected_train_nll": 2.826277790346091, "elapsed_seconds": 1515.813441421953}
{"stage": "sequential-round-fit", "pid": 113536, "time": 1789711184.072964, "cuda_visible_devices": "2", "allocated_gib": 3.795783519744873, "reserved_gib": 5.791015625, "peak_allocated_gib": 7.100478649139404, "gpu_time_budget": null, "module": "model.layers.22.mlp.down_proj", "fit_rows": 49152, "heldout_rows": 16384}
{"stage": "sequential-round-coordinate", "pid": 113536, "time": 1789711185.26749, "cuda_visible_devices": "2", "allocated_gib": 5.225533962249756, "reserved_gib": 8.041015625, "peak_allocated_gib": 7.100478649139404, "gpu_time_budget": null, "module": "model.layers.22.mlp.down_proj", "step": 128}
{"stage": "sequential-round-coordinate", "pid": 113536, "time": 1789711186.1577067, "cuda_visible_devices": "2", "allocated_gib": 5.225533962249756, "reserved_gib": 8.041015625, "peak_allocated_gib": 7.100478649139404, "gpu_time_budget": null, "module": "model.layers.22.mlp.down_proj", "step": 256}
{"stage": "sequential-round-coordinate", "pid": 113536, "time": 1789711187.0387123, "cuda_visible_devices": "2", "allocated_gib": 5.225533962249756, "reserved_gib": 8.041015625, "peak_allocated_gib": 7.100478649139404, "gpu_time_budget": null, "module": "model.layers.22.mlp.down_proj", "step": 384}
{"stage": "sequential-round-coordinate", "pid": 113536, "time": 1789711188.004961, "cuda_visible_devices": "2", "allocated_gib": 5.225533962249756, "reserved_gib": 8.041015625, "peak_allocated_gib": 7.100478649139404, "gpu_time_budget": null, "module": "model.layers.22.mlp.down_proj", "step": 512}
{"stage": "sequential-round-coordinate", "pid": 113536, "time": 1789711188.897784, "cuda_visible_devices": "2", "allocated_gib": 5.225533962249756, "reserved_gib": 8.041015625, "peak_allocated_gib": 7.100478649139404, "gpu_time_budget": null, "module": "model.layers.22.mlp.down_proj", "step": 640}
{"stage": "sequential-round-coordinate", "pid": 113536, "time": 1789711189.7859697, "cuda_visible_devices": "2", "allocated_gib": 5.225533962249756, "reserved_gib": 8.041015625, "peak_allocated_gib": 7.100478649139404, "gpu_time_budget": null, "module": "model.layers.22.mlp.down_proj", "step": 768}
{"stage": "sequential-round-coordinate", "pid": 113536, "time": 1789711190.674204, "cuda_visible_devices": "2", "allocated_gib": 5.225533962249756, "reserved_gib": 8.041015625, "peak_allocated_gib": 7.100478649139404, "gpu_time_budget": null, "module": "model.layers.22.mlp.down_proj", "step": 896}
{"stage": "sequential-round-coordinate", "pid": 113536, "time": 1789711191.5636055, "cuda_visible_devices": "2", "allocated_gib": 5.225533962249756, "reserved_gib": 8.041015625, "peak_allocated_gib": 7.100478649139404, "gpu_time_budget": null, "module": "model.layers.22.mlp.down_proj", "step": 1024}
{"stage": "sequential-round-coordinate", "pid": 113536, "time": 1789711192.456029, "cuda_visible_devices": "2", "allocated_gib": 5.225533962249756, "reserved_gib": 8.041015625, "peak_allocated_gib": 7.100478649139404, "gpu_time_budget": null, "module": "model.layers.22.mlp.down_proj", "step": 1152}
{"stage": "sequential-round-coordinate", "pid": 113536, "time": 1789711193.3459365, "cuda_visible_devices": "2", "allocated_gib": 5.225533962249756, "reserved_gib": 8.041015625, "peak_allocated_gib": 7.100478649139404, "gpu_time_budget": null, "module": "model.layers.22.mlp.down_proj", "step": 1280}
{"stage": "sequential-round-coordinate", "pid": 113536, "time": 1789711194.2349901, "cuda_visible_devices": "2", "allocated_gib": 5.225533962249756, "reserved_gib": 8.041015625, "peak_allocated_gib": 7.100478649139404, "gpu_time_budget": null, "module": "model.layers.22.mlp.down_proj", "step": 1408}
{"stage": "sequential-round-coordinate", "pid": 113536, "time": 1789711195.1226943, "cuda_visible_devices": "2", "allocated_gib": 5.225533962249756, "reserved_gib": 8.041015625, "peak_allocated_gib": 7.100478649139404, "gpu_time_budget": null, "module": "model.layers.22.mlp.down_proj", "step": 1536}
{"stage": "sequential-round-coordinate", "pid": 113536, "time": 1789711196.0162477, "cuda_visible_devices": "2", "allocated_gib": 5.225533962249756, "reserved_gib": 8.041015625, "peak_allocated_gib": 7.100478649139404, "gpu_time_budget": null, "module": "model.layers.22.mlp.down_proj", "step": 1664}
{"stage": "sequential-round-coordinate", "pid": 113536, "time": 1789711196.9037044, "cuda_visible_devices": "2", "allocated_gib": 5.225533962249756, "reserved_gib": 8.041015625, "peak_allocated_gib": 7.100478649139404, "gpu_time_budget": null, "module": "model.layers.22.mlp.down_proj", "step": 1792}
{"stage": "sequential-round-coordinate", "pid": 113536, "time": 1789711197.7897763, "cuda_visible_devices": "2", "allocated_gib": 5.225533962249756, "reserved_gib": 8.041015625, "peak_allocated_gib": 7.100478649139404, "gpu_time_budget": null, "module": "model.layers.22.mlp.down_proj", "step": 1920}
{"stage": "sequential-round-coordinate", "pid": 113536, "time": 1789711198.7701447, "cuda_visible_devices": "2", "allocated_gib": 5.225533962249756, "reserved_gib": 8.041015625, "peak_allocated_gib": 7.100478649139404, "gpu_time_budget": null, "module": "model.layers.22.mlp.down_proj", "step": 2048}
{"stage": "sequential-round-coordinate", "pid": 113536, "time": 1789711199.6630378, "cuda_visible_devices": "2", "allocated_gib": 5.225533962249756, "reserved_gib": 8.041015625, "peak_allocated_gib": 7.100478649139404, "gpu_time_budget": null, "module": "model.layers.22.mlp.down_proj", "step": 2176}
{"stage": "sequential-round-coordinate", "pid": 113536, "time": 1789711200.551813, "cuda_visible_devices": "2", "allocated_gib": 5.225533962249756, "reserved_gib": 8.041015625, "peak_allocated_gib": 7.100478649139404, "gpu_time_budget": null, "module": "model.layers.22.mlp.down_proj", "step": 2304}
{"stage": "sequential-round-coordinate", "pid": 113536, "time": 1789711201.4409494, "cuda_visible_devices": "2", "allocated_gib": 5.225533962249756, "reserved_gib": 8.041015625, "peak_allocated_gib": 7.100478649139404, "gpu_time_budget": null, "module": "model.layers.22.mlp.down_proj", "step": 2432}
{"stage": "sequential-round-coordinate", "pid": 113536, "time": 1789711202.3283198, "cuda_visible_devices": "2", "allocated_gib": 5.225533962249756, "reserved_gib": 8.041015625, "peak_allocated_gib": 7.100478649139404, "gpu_time_budget": null, "module": "model.layers.22.mlp.down_proj", "step": 2560}
{"stage": "sequential-round-coordinate", "pid": 113536, "time": 1789711203.2175093, "cuda_visible_devices": "2", "allocated_gib": 5.225533962249756, "reserved_gib": 8.041015625, "peak_allocated_gib": 7.100478649139404, "gpu_time_budget": null, "module": "model.layers.22.mlp.down_proj", "step": 2688}
{"stage": "sequential-round-coordinate", "pid": 113536, "time": 1789711204.107271, "cuda_visible_devices": "2", "allocated_gib": 5.225533962249756, "reserved_gib": 8.041015625, "peak_allocated_gib": 7.100478649139404, "gpu_time_budget": null, "module": "model.layers.22.mlp.down_proj", "step": 2816}
{"stage": "sequential-round-coordinate", "pid": 113536, "time": 1789711204.9994836, "cuda_visible_devices": "2", "allocated_gib": 5.225533962249756, "reserved_gib": 8.041015625, "peak_allocated_gib": 7.100478649139404, "gpu_time_budget": null, "module": "model.layers.22.mlp.down_proj", "step": 2944}
{"stage": "sequential-round-coordinate", "pid": 113536, "time": 1789711205.8879695, "cuda_visible_devices": "2", "allocated_gib": 5.225533962249756, "reserved_gib": 8.041015625, "peak_allocated_gib": 7.100478649139404, "gpu_time_budget": null, "module": "model.layers.22.mlp.down_proj", "step": 3072}
{"stage": "sequential-round-coordinate", "pid": 113536, "time": 1789711206.7766454, "cuda_visible_devices": "2", "allocated_gib": 5.225533962249756, "reserved_gib": 8.041015625, "peak_allocated_gib": 7.100478649139404, "gpu_time_budget": null, "module": "model.layers.22.mlp.down_proj", "step": 3200}
{"stage": "sequential-round-coordinate", "pid": 113536, "time": 1789711207.6657567, "cuda_visible_devices": "2", "allocated_gib": 5.225533962249756, "reserved_gib": 8.041015625, "peak_allocated_gib": 7.100478649139404, "gpu_time_budget": null, "module": "model.layers.22.mlp.down_proj", "step": 3328}
{"stage": "sequential-round-coordinate", "pid": 113536, "time": 1789711208.5573535, "cuda_visible_devices": "2", "allocated_gib": 5.225533962249756, "reserved_gib": 8.041015625, "peak_allocated_gib": 7.100478649139404, "gpu_time_budget": null, "module": "model.layers.22.mlp.down_proj", "step": 3456}
{"stage": "sequential-round-coordinate", "pid": 113536, "time": 1789711209.4460433, "cuda_visible_devices": "2", "allocated_gib": 5.225533962249756, "reserved_gib": 8.041015625, "peak_allocated_gib": 7.100478649139404, "gpu_time_budget": null, "module": "model.layers.22.mlp.down_proj", "step": 3584}
{"stage": "sequential-round-coordinate", "pid": 113536, "time": 1789711210.3356946, "cuda_visible_devices": "2", "allocated_gib": 5.225533962249756, "reserved_gib": 8.041015625, "peak_allocated_gib": 7.100478649139404, "gpu_time_budget": null, "module": "model.layers.22.mlp.down_proj", "step": 3712}
{"stage": "sequential-round-coordinate", "pid": 113536, "time": 1789711211.2248764, "cuda_visible_devices": "2", "allocated_gib": 5.225533962249756, "reserved_gib": 8.041015625, "peak_allocated_gib": 7.100478649139404, "gpu_time_budget": null, "module": "model.layers.22.mlp.down_proj", "step": 3840}
{"stage": "sequential-round-coordinate", "pid": 113536, "time": 1789711212.1153884, "cuda_visible_devices": "2", "allocated_gib": 5.225533962249756, "reserved_gib": 8.041015625, "peak_allocated_gib": 7.100478649139404, "gpu_time_budget": null, "module": "model.layers.22.mlp.down_proj", "step": 3968}
{"stage": "sequential-round-coordinate", "pid": 113536, "time": 1789711213.0043557, "cuda_visible_devices": "2", "allocated_gib": 5.225533962249756, "reserved_gib": 8.041015625, "peak_allocated_gib": 7.100478649139404, "gpu_time_budget": null, "module": "model.layers.22.mlp.down_proj", "step": 4096}
{"stage": "sequential-round-coordinate", "pid": 113536, "time": 1789711213.892656, "cuda_visible_devices": "2", "allocated_gib": 5.225533962249756, "reserved_gib": 8.041015625, "peak_allocated_gib": 7.100478649139404, "gpu_time_budget": null, "module": "model.layers.22.mlp.down_proj", "step": 4224}
{"stage": "sequential-round-coordinate", "pid": 113536, "time": 1789711214.7812703, "cuda_visible_devices": "2", "allocated_gib": 5.225533962249756, "reserved_gib": 8.041015625, "peak_allocated_gib": 7.100478649139404, "gpu_time_budget": null, "module": "model.layers.22.mlp.down_proj", "step": 4352}
{"stage": "sequential-round-coordinate", "pid": 113536, "time": 1789711215.6709585, "cuda_visible_devices": "2", "allocated_gib": 5.225533962249756, "reserved_gib": 8.041015625, "peak_allocated_gib": 7.100478649139404, "gpu_time_budget": null, "module": "model.layers.22.mlp.down_proj", "step": 4480}
{"stage": "sequential-round-coordinate", "pid": 113536, "time": 1789711216.5595639, "cuda_visible_devices": "2", "allocated_gib": 5.225533962249756, "reserved_gib": 8.041015625, "peak_allocated_gib": 7.100478649139404, "gpu_time_budget": null, "module": "model.layers.22.mlp.down_proj", "step": 4608}
{"stage": "sequential-round-coordinate", "pid": 113536, "time": 1789711217.4485624, "cuda_visible_devices": "2", "allocated_gib": 5.225533962249756, "reserved_gib": 8.041015625, "peak_allocated_gib": 7.100478649139404, "gpu_time_budget": null, "module": "model.layers.22.mlp.down_proj", "step": 4736}
{"stage": "sequential-round-coordinate", "pid": 113536, "time": 1789711218.33723, "cuda_visible_devices": "2", "allocated_gib": 5.225533962249756, "reserved_gib": 8.041015625, "peak_allocated_gib": 7.100478649139404, "gpu_time_budget": null, "module": "model.layers.22.mlp.down_proj", "step": 4864}
{"stage": "sequential-round-coordinate", "pid": 113536, "time": 1789711219.229196, "cuda_visible_devices": "2", "allocated_gib": 5.225533962249756, "reserved_gib": 8.041015625, "peak_allocated_gib": 7.100478649139404, "gpu_time_budget": null, "module": "model.layers.22.mlp.down_proj", "step": 4992}
{"stage": "sequential-round-coordinate", "pid": 113536, "time": 1789711220.1163988, "cuda_visible_devices": "2", "allocated_gib": 5.225533962249756, "reserved_gib": 8.041015625, "peak_allocated_gib": 7.100478649139404, "gpu_time_budget": null, "module": "model.layers.22.mlp.down_proj", "step": 5120}
{"stage": "sequential-round-coordinate", "pid": 113536, "time": 1789711221.0053298, "cuda_visible_devices": "2", "allocated_gib": 5.225533962249756, "reserved_gib": 8.041015625, "peak_allocated_gib": 7.100478649139404, "gpu_time_budget": null, "module": "model.layers.22.mlp.down_proj", "step": 5248}
{"stage": "sequential-round-coordinate", "pid": 113536, "time": 1789711221.894992, "cuda_visible_devices": "2", "allocated_gib": 5.225533962249756, "reserved_gib": 8.041015625, "peak_allocated_gib": 7.100478649139404, "gpu_time_budget": null, "module": "model.layers.22.mlp.down_proj", "step": 5376}
{"stage": "sequential-round-coordinate", "pid": 113536, "time": 1789711222.7841616, "cuda_visible_devices": "2", "allocated_gib": 5.225533962249756, "reserved_gib": 8.041015625, "peak_allocated_gib": 7.100478649139404, "gpu_time_budget": null, "module": "model.layers.22.mlp.down_proj", "step": 5504}
{"stage": "sequential-round-coordinate", "pid": 113536, "time": 1789711223.6729188, "cuda_visible_devices": "2", "allocated_gib": 5.225533962249756, "reserved_gib": 8.041015625, "peak_allocated_gib": 7.100478649139404, "gpu_time_budget": null, "module": "model.layers.22.mlp.down_proj", "step": 5632}
{"stage": "sequential-round-coordinate", "pid": 113536, "time": 1789711224.561738, "cuda_visible_devices": "2", "allocated_gib": 5.225533962249756, "reserved_gib": 8.041015625, "peak_allocated_gib": 7.100478649139404, "gpu_time_budget": null, "module": "model.layers.22.mlp.down_proj", "step": 5760}
{"stage": "sequential-round-coordinate", "pid": 113536, "time": 1789711225.4502096, "cuda_visible_devices": "2", "allocated_gib": 5.225533962249756, "reserved_gib": 8.041015625, "peak_allocated_gib": 7.100478649139404, "gpu_time_budget": null, "module": "model.layers.22.mlp.down_proj", "step": 5888}
{"stage": "sequential-round-coordinate", "pid": 113536, "time": 1789711226.3395789, "cuda_visible_devices": "2", "allocated_gib": 5.225533962249756, "reserved_gib": 8.041015625, "peak_allocated_gib": 7.100478649139404, "gpu_time_budget": null, "module": "model.layers.22.mlp.down_proj", "step": 6016}
{"stage": "sequential-round-coordinate", "pid": 113536, "time": 1789711227.1109846, "cuda_visible_devices": "2", "allocated_gib": 5.225533962249756, "reserved_gib": 8.041015625, "peak_allocated_gib": 7.100478649139404, "gpu_time_budget": null, "module": "model.layers.22.mlp.down_proj", "step": 6144}
{"stage": "sequential-round-coordinate", "pid": 113536, "time": 1789711227.8034155, "cuda_visible_devices": "2", "allocated_gib": 5.225533962249756, "reserved_gib": 8.041015625, "peak_allocated_gib": 7.100478649139404, "gpu_time_budget": null, "module": "model.layers.22.mlp.down_proj", "step": 6272}
{"stage": "sequential-round-coordinate", "pid": 113536, "time": 1789711228.497211, "cuda_visible_devices": "2", "allocated_gib": 5.225533962249756, "reserved_gib": 8.041015625, "peak_allocated_gib": 7.100478649139404, "gpu_time_budget": null, "module": "model.layers.22.mlp.down_proj", "step": 6400}
{"stage": "sequential-round-coordinate", "pid": 113536, "time": 1789711229.1890366, "cuda_visible_devices": "2", "allocated_gib": 5.225533962249756, "reserved_gib": 8.041015625, "peak_allocated_gib": 7.100478649139404, "gpu_time_budget": null, "module": "model.layers.22.mlp.down_proj", "step": 6528}
{"stage": "sequential-round-coordinate", "pid": 113536, "time": 1789711229.882476, "cuda_visible_devices": "2", "allocated_gib": 5.225533962249756, "reserved_gib": 8.041015625, "peak_allocated_gib": 7.100478649139404, "gpu_time_budget": null, "module": "model.layers.22.mlp.down_proj", "step": 6656}
{"stage": "sequential-round-coordinate", "pid": 113536, "time": 1789711230.5965683, "cuda_visible_devices": "2", "allocated_gib": 5.225533962249756, "reserved_gib": 8.041015625, "peak_allocated_gib": 7.100478649139404, "gpu_time_budget": null, "module": "model.layers.22.mlp.down_proj", "step": 6784}
{"stage": "sequential-round-coordinate", "pid": 113536, "time": 1789711231.3425462, "cuda_visible_devices": "2", "allocated_gib": 5.225533962249756, "reserved_gib": 8.041015625, "peak_allocated_gib": 7.100478649139404, "gpu_time_budget": null, "module": "model.layers.22.mlp.down_proj", "step": 6912}
{"stage": "sequential-round-coordinate", "pid": 113536, "time": 1789711232.0481422, "cuda_visible_devices": "2", "allocated_gib": 5.225533962249756, "reserved_gib": 8.041015625, "peak_allocated_gib": 7.100478649139404, "gpu_time_budget": null, "module": "model.layers.22.mlp.down_proj", "step": 7040}
{"stage": "sequential-round-coordinate", "pid": 113536, "time": 1789711232.7278, "cuda_visible_devices": "2", "allocated_gib": 5.225533962249756, "reserved_gib": 8.041015625, "peak_allocated_gib": 7.100478649139404, "gpu_time_budget": null, "module": "model.layers.22.mlp.down_proj", "step": 7168}
{"stage": "sequential-round-coordinate", "pid": 113536, "time": 1789711233.4201396, "cuda_visible_devices": "2", "allocated_gib": 5.225533962249756, "reserved_gib": 8.041015625, "peak_allocated_gib": 7.100478649139404, "gpu_time_budget": null, "module": "model.layers.22.mlp.down_proj", "step": 7296}
{"stage": "sequential-round-coordinate", "pid": 113536, "time": 1789711234.1148276, "cuda_visible_devices": "2", "allocated_gib": 5.225533962249756, "reserved_gib": 8.041015625, "peak_allocated_gib": 7.100478649139404, "gpu_time_budget": null, "module": "model.layers.22.mlp.down_proj", "step": 7424}
{"stage": "sequential-round-coordinate", "pid": 113536, "time": 1789711234.809295, "cuda_visible_devices": "2", "allocated_gib": 5.225533962249756, "reserved_gib": 8.041015625, "peak_allocated_gib": 7.100478649139404, "gpu_time_budget": null, "module": "model.layers.22.mlp.down_proj", "step": 7552}
{"stage": "sequential-round-coordinate", "pid": 113536, "time": 1789711235.500741, "cuda_visible_devices": "2", "allocated_gib": 5.225533962249756, "reserved_gib": 8.041015625, "peak_allocated_gib": 7.100478649139404, "gpu_time_budget": null, "module": "model.layers.22.mlp.down_proj", "step": 7680}
{"stage": "sequential-round-coordinate", "pid": 113536, "time": 1789711236.2039282, "cuda_visible_devices": "2", "allocated_gib": 5.225533962249756, "reserved_gib": 8.041015625, "peak_allocated_gib": 7.100478649139404, "gpu_time_budget": null, "module": "model.layers.22.mlp.down_proj", "step": 7808}
{"stage": "sequential-round-coordinate", "pid": 113536, "time": 1789711236.9375713, "cuda_visible_devices": "2", "allocated_gib": 5.225533962249756, "reserved_gib": 8.041015625, "peak_allocated_gib": 7.100478649139404, "gpu_time_budget": null, "module": "model.layers.22.mlp.down_proj", "step": 7936}
{"stage": "sequential-round-coordinate", "pid": 113536, "time": 1789711237.5879648, "cuda_visible_devices": "2", "allocated_gib": 5.225533962249756, "reserved_gib": 8.041015625, "peak_allocated_gib": 7.100478649139404, "gpu_time_budget": null, "module": "model.layers.22.mlp.down_proj", "step": 8064}
{"stage": "sequential-round-coordinate", "pid": 113536, "time": 1789711238.388183, "cuda_visible_devices": "2", "allocated_gib": 5.225533962249756, "reserved_gib": 8.041015625, "peak_allocated_gib": 7.100478649139404, "gpu_time_budget": null, "module": "model.layers.22.mlp.down_proj", "step": 8192}
{"stage": "sequential-round-train-nll", "pid": 113536, "time": 1789711238.4305956, "cuda_visible_devices": "2", "allocated_gib": 3.795783519744873, "reserved_gib": 3.80078125, "peak_allocated_gib": 7.100478649139404, "gpu_time_budget": null, "module": "model.layers.22.mlp.down_proj", "step": 512}
Evaluation segment 1/1: start=0, windows=8, seqlen=2048
{"stage": "sequential-round-train-nll", "pid": 113536, "time": 1789711241.9080167, "cuda_visible_devices": "2", "allocated_gib": 3.795783519744873, "reserved_gib": 5.791015625, "peak_allocated_gib": 7.100478649139404, "gpu_time_budget": null, "module": "model.layers.22.mlp.down_proj", "step": 2048}
Evaluation segment 1/1: start=0, windows=8, seqlen=2048
{"stage": "sequential-round-train-nll", "pid": 113536, "time": 1789711244.8546422, "cuda_visible_devices": "2", "allocated_gib": 3.795783519744873, "reserved_gib": 5.791015625, "peak_allocated_gib": 7.100478649139404, "gpu_time_budget": null, "module": "model.layers.22.mlp.down_proj", "step": 8192}
Evaluation segment 1/1: start=0, windows=8, seqlen=2048
{"stage": "sequential-module-completed", "pid": 113536, "time": 1789711247.9041226, "cuda_visible_devices": "2", "allocated_gib": 3.795783519744873, "reserved_gib": 5.791015625, "peak_allocated_gib": 7.100478649139404, "gpu_time_budget": null, "module": "model.layers.22.mlp.down_proj", "completed": 23, "total": 28, "selected_train_nll": 2.826277790346091, "elapsed_seconds": 1589.3384181429865}
{"stage": "sequential-round-fit", "pid": 113536, "time": 1789711259.5646322, "cuda_visible_devices": "2", "allocated_gib": 3.795783519744873, "reserved_gib": 5.791015625, "peak_allocated_gib": 7.100478649139404, "gpu_time_budget": null, "module": "model.layers.23.mlp.down_proj", "fit_rows": 49152, "heldout_rows": 16384}
{"stage": "sequential-round-coordinate", "pid": 113536, "time": 1789711260.775539, "cuda_visible_devices": "2", "allocated_gib": 5.225533962249756, "reserved_gib": 8.041015625, "peak_allocated_gib": 7.100478649139404, "gpu_time_budget": null, "module": "model.layers.23.mlp.down_proj", "step": 128}
{"stage": "sequential-round-coordinate", "pid": 113536, "time": 1789711261.6684473, "cuda_visible_devices": "2", "allocated_gib": 5.225533962249756, "reserved_gib": 8.041015625, "peak_allocated_gib": 7.100478649139404, "gpu_time_budget": null, "module": "model.layers.23.mlp.down_proj", "step": 256}
{"stage": "sequential-round-coordinate", "pid": 113536, "time": 1789711262.5563715, "cuda_visible_devices": "2", "allocated_gib": 5.225533962249756, "reserved_gib": 8.041015625, "peak_allocated_gib": 7.100478649139404, "gpu_time_budget": null, "module": "model.layers.23.mlp.down_proj", "step": 384}
{"stage": "sequential-round-coordinate", "pid": 113536, "time": 1789711263.5235918, "cuda_visible_devices": "2", "allocated_gib": 5.225533962249756, "reserved_gib": 8.041015625, "peak_allocated_gib": 7.100478649139404, "gpu_time_budget": null, "module": "model.layers.23.mlp.down_proj", "step": 512}
{"stage": "sequential-round-coordinate", "pid": 113536, "time": 1789711264.4124057, "cuda_visible_devices": "2", "allocated_gib": 5.225533962249756, "reserved_gib": 8.041015625, "peak_allocated_gib": 7.100478649139404, "gpu_time_budget": null, "module": "model.layers.23.mlp.down_proj", "step": 640}
{"stage": "sequential-round-coordinate", "pid": 113536, "time": 1789711265.2979808, "cuda_visible_devices": "2", "allocated_gib": 5.225533962249756, "reserved_gib": 8.041015625, "peak_allocated_gib": 7.100478649139404, "gpu_time_budget": null, "module": "model.layers.23.mlp.down_proj", "step": 768}
{"stage": "sequential-round-coordinate", "pid": 113536, "time": 1789711266.18513, "cuda_visible_devices": "2", "allocated_gib": 5.225533962249756, "reserved_gib": 8.041015625, "peak_allocated_gib": 7.100478649139404, "gpu_time_budget": null, "module": "model.layers.23.mlp.down_proj", "step": 896}
{"stage": "sequential-round-coordinate", "pid": 113536, "time": 1789711267.0703752, "cuda_visible_devices": "2", "allocated_gib": 5.225533962249756, "reserved_gib": 8.041015625, "peak_allocated_gib": 7.100478649139404, "gpu_time_budget": null, "module": "model.layers.23.mlp.down_proj", "step": 1024}
{"stage": "sequential-round-coordinate", "pid": 113536, "time": 1789711267.955268, "cuda_visible_devices": "2", "allocated_gib": 5.225533962249756, "reserved_gib": 8.041015625, "peak_allocated_gib": 7.100478649139404, "gpu_time_budget": null, "module": "model.layers.23.mlp.down_proj", "step": 1152}
{"stage": "sequential-round-coordinate", "pid": 113536, "time": 1789711268.8444562, "cuda_visible_devices": "2", "allocated_gib": 5.225533962249756, "reserved_gib": 8.041015625, "peak_allocated_gib": 7.100478649139404, "gpu_time_budget": null, "module": "model.layers.23.mlp.down_proj", "step": 1280}
{"stage": "sequential-round-coordinate", "pid": 113536, "time": 1789711269.732542, "cuda_visible_devices": "2", "allocated_gib": 5.225533962249756, "reserved_gib": 8.041015625, "peak_allocated_gib": 7.100478649139404, "gpu_time_budget": null, "module": "model.layers.23.mlp.down_proj", "step": 1408}
{"stage": "sequential-round-coordinate", "pid": 113536, "time": 1789711270.6217444, "cuda_visible_devices": "2", "allocated_gib": 5.225533962249756, "reserved_gib": 8.041015625, "peak_allocated_gib": 7.100478649139404, "gpu_time_budget": null, "module": "model.layers.23.mlp.down_proj", "step": 1536}
{"stage": "sequential-round-coordinate", "pid": 113536, "time": 1789711271.5081468, "cuda_visible_devices": "2", "allocated_gib": 5.225533962249756, "reserved_gib": 8.041015625, "peak_allocated_gib": 7.100478649139404, "gpu_time_budget": null, "module": "model.layers.23.mlp.down_proj", "step": 1664}
{"stage": "sequential-round-coordinate", "pid": 113536, "time": 1789711272.3976052, "cuda_visible_devices": "2", "allocated_gib": 5.225533962249756, "reserved_gib": 8.041015625, "peak_allocated_gib": 7.100478649139404, "gpu_time_budget": null, "module": "model.layers.23.mlp.down_proj", "step": 1792}
{"stage": "sequential-round-coordinate", "pid": 113536, "time": 1789711273.2853897, "cuda_visible_devices": "2", "allocated_gib": 5.225533962249756, "reserved_gib": 8.041015625, "peak_allocated_gib": 7.100478649139404, "gpu_time_budget": null, "module": "model.layers.23.mlp.down_proj", "step": 1920}
{"stage": "sequential-round-coordinate", "pid": 113536, "time": 1789711274.2542048, "cuda_visible_devices": "2", "allocated_gib": 5.225533962249756, "reserved_gib": 8.041015625, "peak_allocated_gib": 7.100478649139404, "gpu_time_budget": null, "module": "model.layers.23.mlp.down_proj", "step": 2048}
{"stage": "sequential-round-coordinate", "pid": 113536, "time": 1789711275.1447275, "cuda_visible_devices": "2", "allocated_gib": 5.225533962249756, "reserved_gib": 8.041015625, "peak_allocated_gib": 7.100478649139404, "gpu_time_budget": null, "module": "model.layers.23.mlp.down_proj", "step": 2176}
{"stage": "sequential-round-coordinate", "pid": 113536, "time": 1789711276.0333614, "cuda_visible_devices": "2", "allocated_gib": 5.225533962249756, "reserved_gib": 8.041015625, "peak_allocated_gib": 7.100478649139404, "gpu_time_budget": null, "module": "model.layers.23.mlp.down_proj", "step": 2304}
{"stage": "sequential-round-coordinate", "pid": 113536, "time": 1789711276.9217844, "cuda_visible_devices": "2", "allocated_gib": 5.225533962249756, "reserved_gib": 8.041015625, "peak_allocated_gib": 7.100478649139404, "gpu_time_budget": null, "module": "model.layers.23.mlp.down_proj", "step": 2432}
{"stage": "sequential-round-coordinate", "pid": 113536, "time": 1789711277.8111916, "cuda_visible_devices": "2", "allocated_gib": 5.225533962249756, "reserved_gib": 8.041015625, "peak_allocated_gib": 7.100478649139404, "gpu_time_budget": null, "module": "model.layers.23.mlp.down_proj", "step": 2560}
{"stage": "sequential-round-coordinate", "pid": 113536, "time": 1789711278.699994, "cuda_visible_devices": "2", "allocated_gib": 5.225533962249756, "reserved_gib": 8.041015625, "peak_allocated_gib": 7.100478649139404, "gpu_time_budget": null, "module": "model.layers.23.mlp.down_proj", "step": 2688}
{"stage": "sequential-round-coordinate", "pid": 113536, "time": 1789711279.5887353, "cuda_visible_devices": "2", "allocated_gib": 5.225533962249756, "reserved_gib": 8.041015625, "peak_allocated_gib": 7.100478649139404, "gpu_time_budget": null, "module": "model.layers.23.mlp.down_proj", "step": 2816}
{"stage": "sequential-round-coordinate", "pid": 113536, "time": 1789711280.4784636, "cuda_visible_devices": "2", "allocated_gib": 5.225533962249756, "reserved_gib": 8.041015625, "peak_allocated_gib": 7.100478649139404, "gpu_time_budget": null, "module": "model.layers.23.mlp.down_proj", "step": 2944}
{"stage": "sequential-round-coordinate", "pid": 113536, "time": 1789711281.368417, "cuda_visible_devices": "2", "allocated_gib": 5.225533962249756, "reserved_gib": 8.041015625, "peak_allocated_gib": 7.100478649139404, "gpu_time_budget": null, "module": "model.layers.23.mlp.down_proj", "step": 3072}
{"stage": "sequential-round-coordinate", "pid": 113536, "time": 1789711282.2569056, "cuda_visible_devices": "2", "allocated_gib": 5.225533962249756, "reserved_gib": 8.041015625, "peak_allocated_gib": 7.100478649139404, "gpu_time_budget": null, "module": "model.layers.23.mlp.down_proj", "step": 3200}
{"stage": "sequential-round-coordinate", "pid": 113536, "time": 1789711283.147133, "cuda_visible_devices": "2", "allocated_gib": 5.225533962249756, "reserved_gib": 8.041015625, "peak_allocated_gib": 7.100478649139404, "gpu_time_budget": null, "module": "model.layers.23.mlp.down_proj", "step": 3328}
{"stage": "sequential-round-coordinate", "pid": 113536, "time": 1789711284.0328662, "cuda_visible_devices": "2", "allocated_gib": 5.225533962249756, "reserved_gib": 8.041015625, "peak_allocated_gib": 7.100478649139404, "gpu_time_budget": null, "module": "model.layers.23.mlp.down_proj", "step": 3456}
{"stage": "sequential-round-coordinate", "pid": 113536, "time": 1789711284.9195228, "cuda_visible_devices": "2", "allocated_gib": 5.225533962249756, "reserved_gib": 8.041015625, "peak_allocated_gib": 7.100478649139404, "gpu_time_budget": null, "module": "model.layers.23.mlp.down_proj", "step": 3584}
{"stage": "sequential-round-coordinate", "pid": 113536, "time": 1789711285.807634, "cuda_visible_devices": "2", "allocated_gib": 5.225533962249756, "reserved_gib": 8.041015625, "peak_allocated_gib": 7.100478649139404, "gpu_time_budget": null, "module": "model.layers.23.mlp.down_proj", "step": 3712}
{"stage": "sequential-round-coordinate", "pid": 113536, "time": 1789711286.698502, "cuda_visible_devices": "2", "allocated_gib": 5.225533962249756, "reserved_gib": 8.041015625, "peak_allocated_gib": 7.100478649139404, "gpu_time_budget": null, "module": "model.layers.23.mlp.down_proj", "step": 3840}
{"stage": "sequential-round-coordinate", "pid": 113536, "time": 1789711287.5904508, "cuda_visible_devices": "2", "allocated_gib": 5.225533962249756, "reserved_gib": 8.041015625, "peak_allocated_gib": 7.100478649139404, "gpu_time_budget": null, "module": "model.layers.23.mlp.down_proj", "step": 3968}
{"stage": "sequential-round-coordinate", "pid": 113536, "time": 1789711288.4768124, "cuda_visible_devices": "2", "allocated_gib": 5.225533962249756, "reserved_gib": 8.041015625, "peak_allocated_gib": 7.100478649139404, "gpu_time_budget": null, "module": "model.layers.23.mlp.down_proj", "step": 4096}
{"stage": "sequential-round-coordinate", "pid": 113536, "time": 1789711289.366679, "cuda_visible_devices": "2", "allocated_gib": 5.225533962249756, "reserved_gib": 8.041015625, "peak_allocated_gib": 7.100478649139404, "gpu_time_budget": null, "module": "model.layers.23.mlp.down_proj", "step": 4224}
{"stage": "sequential-round-coordinate", "pid": 113536, "time": 1789711290.2540975, "cuda_visible_devices": "2", "allocated_gib": 5.225533962249756, "reserved_gib": 8.041015625, "peak_allocated_gib": 7.100478649139404, "gpu_time_budget": null, "module": "model.layers.23.mlp.down_proj", "step": 4352}
{"stage": "sequential-round-coordinate", "pid": 113536, "time": 1789711291.146837, "cuda_visible_devices": "2", "allocated_gib": 5.225533962249756, "reserved_gib": 8.041015625, "peak_allocated_gib": 7.100478649139404, "gpu_time_budget": null, "module": "model.layers.23.mlp.down_proj", "step": 4480}
{"stage": "sequential-round-coordinate", "pid": 113536, "time": 1789711292.0320876, "cuda_visible_devices": "2", "allocated_gib": 5.225533962249756, "reserved_gib": 8.041015625, "peak_allocated_gib": 7.100478649139404, "gpu_time_budget": null, "module": "model.layers.23.mlp.down_proj", "step": 4608}
{"stage": "sequential-round-coordinate", "pid": 113536, "time": 1789711292.9180105, "cuda_visible_devices": "2", "allocated_gib": 5.225533962249756, "reserved_gib": 8.041015625, "peak_allocated_gib": 7.100478649139404, "gpu_time_budget": null, "module": "model.layers.23.mlp.down_proj", "step": 4736}
{"stage": "sequential-round-coordinate", "pid": 113536, "time": 1789711293.8071709, "cuda_visible_devices": "2", "allocated_gib": 5.225533962249756, "reserved_gib": 8.041015625, "peak_allocated_gib": 7.100478649139404, "gpu_time_budget": null, "module": "model.layers.23.mlp.down_proj", "step": 4864}
{"stage": "sequential-round-coordinate", "pid": 113536, "time": 1789711294.6962147, "cuda_visible_devices": "2", "allocated_gib": 5.225533962249756, "reserved_gib": 8.041015625, "peak_allocated_gib": 7.100478649139404, "gpu_time_budget": null, "module": "model.layers.23.mlp.down_proj", "step": 4992}
{"stage": "sequential-round-coordinate", "pid": 113536, "time": 1789711295.5834532, "cuda_visible_devices": "2", "allocated_gib": 5.225533962249756, "reserved_gib": 8.041015625, "peak_allocated_gib": 7.100478649139404, "gpu_time_budget": null, "module": "model.layers.23.mlp.down_proj", "step": 5120}
{"stage": "sequential-round-coordinate", "pid": 113536, "time": 1789711296.4733686, "cuda_visible_devices": "2", "allocated_gib": 5.225533962249756, "reserved_gib": 8.041015625, "peak_allocated_gib": 7.100478649139404, "gpu_time_budget": null, "module": "model.layers.23.mlp.down_proj", "step": 5248}
{"stage": "sequential-round-coordinate", "pid": 113536, "time": 1789711297.3621843, "cuda_visible_devices": "2", "allocated_gib": 5.225533962249756, "reserved_gib": 8.041015625, "peak_allocated_gib": 7.100478649139404, "gpu_time_budget": null, "module": "model.layers.23.mlp.down_proj", "step": 5376}
{"stage": "sequential-round-coordinate", "pid": 113536, "time": 1789711298.0810997, "cuda_visible_devices": "2", "allocated_gib": 5.225533962249756, "reserved_gib": 8.041015625, "peak_allocated_gib": 7.100478649139404, "gpu_time_budget": null, "module": "model.layers.23.mlp.down_proj", "step": 5504}
{"stage": "sequential-round-coordinate", "pid": 113536, "time": 1789711298.77571, "cuda_visible_devices": "2", "allocated_gib": 5.225533962249756, "reserved_gib": 8.041015625, "peak_allocated_gib": 7.100478649139404, "gpu_time_budget": null, "module": "model.layers.23.mlp.down_proj", "step": 5632}
{"stage": "sequential-round-coordinate", "pid": 113536, "time": 1789711299.466764, "cuda_visible_devices": "2", "allocated_gib": 5.225533962249756, "reserved_gib": 8.041015625, "peak_allocated_gib": 7.100478649139404, "gpu_time_budget": null, "module": "model.layers.23.mlp.down_proj", "step": 5760}
{"stage": "sequential-round-coordinate", "pid": 113536, "time": 1789711300.1576657, "cuda_visible_devices": "2", "allocated_gib": 5.225533962249756, "reserved_gib": 8.041015625, "peak_allocated_gib": 7.100478649139404, "gpu_time_budget": null, "module": "model.layers.23.mlp.down_proj", "step": 5888}
{"stage": "sequential-round-coordinate", "pid": 113536, "time": 1789711300.8693988, "cuda_visible_devices": "2", "allocated_gib": 5.225533962249756, "reserved_gib": 8.041015625, "peak_allocated_gib": 7.100478649139404, "gpu_time_budget": null, "module": "model.layers.23.mlp.down_proj", "step": 6016}
{"stage": "sequential-round-coordinate", "pid": 113536, "time": 1789711301.6014543, "cuda_visible_devices": "2", "allocated_gib": 5.225533962249756, "reserved_gib": 8.041015625, "peak_allocated_gib": 7.100478649139404, "gpu_time_budget": null, "module": "model.layers.23.mlp.down_proj", "step": 6144}
{"stage": "sequential-round-coordinate", "pid": 113536, "time": 1789711302.3204288, "cuda_visible_devices": "2", "allocated_gib": 5.225533962249756, "reserved_gib": 8.041015625, "peak_allocated_gib": 7.100478649139404, "gpu_time_budget": null, "module": "model.layers.23.mlp.down_proj", "step": 6272}
{"stage": "sequential-round-coordinate", "pid": 113536, "time": 1789711302.9907167, "cuda_visible_devices": "2", "allocated_gib": 5.225533962249756, "reserved_gib": 8.041015625, "peak_allocated_gib": 7.100478649139404, "gpu_time_budget": null, "module": "model.layers.23.mlp.down_proj", "step": 6400}
{"stage": "sequential-round-coordinate", "pid": 113536, "time": 1789711303.681292, "cuda_visible_devices": "2", "allocated_gib": 5.225533962249756, "reserved_gib": 8.041015625, "peak_allocated_gib": 7.100478649139404, "gpu_time_budget": null, "module": "model.layers.23.mlp.down_proj", "step": 6528}
{"stage": "sequential-round-coordinate", "pid": 113536, "time": 1789711304.372828, "cuda_visible_devices": "2", "allocated_gib": 5.225533962249756, "reserved_gib": 8.041015625, "peak_allocated_gib": 7.100478649139404, "gpu_time_budget": null, "module": "model.layers.23.mlp.down_proj", "step": 6656}
{"stage": "sequential-round-coordinate", "pid": 113536, "time": 1789711305.063259, "cuda_visible_devices": "2", "allocated_gib": 5.225533962249756, "reserved_gib": 8.041015625, "peak_allocated_gib": 7.100478649139404, "gpu_time_budget": null, "module": "model.layers.23.mlp.down_proj", "step": 6784}
{"stage": "sequential-round-coordinate", "pid": 113536, "time": 1789711305.7544417, "cuda_visible_devices": "2", "allocated_gib": 5.225533962249756, "reserved_gib": 8.041015625, "peak_allocated_gib": 7.100478649139404, "gpu_time_budget": null, "module": "model.layers.23.mlp.down_proj", "step": 6912}
{"stage": "sequential-round-coordinate", "pid": 113536, "time": 1789711306.4459856, "cuda_visible_devices": "2", "allocated_gib": 5.225533962249756, "reserved_gib": 8.041015625, "peak_allocated_gib": 7.100478649139404, "gpu_time_budget": null, "module": "model.layers.23.mlp.down_proj", "step": 7040}
{"stage": "sequential-round-coordinate", "pid": 113536, "time": 1789711307.1550863, "cuda_visible_devices": "2", "allocated_gib": 5.225533962249756, "reserved_gib": 8.041015625, "peak_allocated_gib": 7.100478649139404, "gpu_time_budget": null, "module": "model.layers.23.mlp.down_proj", "step": 7168}
{"stage": "sequential-round-coordinate", "pid": 113536, "time": 1789711307.8869946, "cuda_visible_devices": "2", "allocated_gib": 5.225533962249756, "reserved_gib": 8.041015625, "peak_allocated_gib": 7.100478649139404, "gpu_time_budget": null, "module": "model.layers.23.mlp.down_proj", "step": 7296}
{"stage": "sequential-round-coordinate", "pid": 113536, "time": 1789711308.5245454, "cuda_visible_devices": "2", "allocated_gib": 5.225533962249756, "reserved_gib": 8.041015625, "peak_allocated_gib": 7.100478649139404, "gpu_time_budget": null, "module": "model.layers.23.mlp.down_proj", "step": 7424}
{"stage": "sequential-round-coordinate", "pid": 113536, "time": 1789711309.2553701, "cuda_visible_devices": "2", "allocated_gib": 5.225533962249756, "reserved_gib": 8.041015625, "peak_allocated_gib": 7.100478649139404, "gpu_time_budget": null, "module": "model.layers.23.mlp.down_proj", "step": 7552}
{"stage": "sequential-round-coordinate", "pid": 113536, "time": 1789711309.9625578, "cuda_visible_devices": "2", "allocated_gib": 5.225533962249756, "reserved_gib": 8.041015625, "peak_allocated_gib": 7.100478649139404, "gpu_time_budget": null, "module": "model.layers.23.mlp.down_proj", "step": 7680}
{"stage": "sequential-round-coordinate", "pid": 113536, "time": 1789711310.6549897, "cuda_visible_devices": "2", "allocated_gib": 5.225533962249756, "reserved_gib": 8.041015625, "peak_allocated_gib": 7.100478649139404, "gpu_time_budget": null, "module": "model.layers.23.mlp.down_proj", "step": 7808}
{"stage": "sequential-round-coordinate", "pid": 113536, "time": 1789711311.3521442, "cuda_visible_devices": "2", "allocated_gib": 5.225533962249756, "reserved_gib": 8.041015625, "peak_allocated_gib": 7.100478649139404, "gpu_time_budget": null, "module": "model.layers.23.mlp.down_proj", "step": 7936}
{"stage": "sequential-round-coordinate", "pid": 113536, "time": 1789711312.0436893, "cuda_visible_devices": "2", "allocated_gib": 5.225533962249756, "reserved_gib": 8.041015625, "peak_allocated_gib": 7.100478649139404, "gpu_time_budget": null, "module": "model.layers.23.mlp.down_proj", "step": 8064}
{"stage": "sequential-round-coordinate", "pid": 113536, "time": 1789711312.7896178, "cuda_visible_devices": "2", "allocated_gib": 5.225533962249756, "reserved_gib": 8.041015625, "peak_allocated_gib": 7.100478649139404, "gpu_time_budget": null, "module": "model.layers.23.mlp.down_proj", "step": 8192}
{"stage": "sequential-round-train-nll", "pid": 113536, "time": 1789711312.8341234, "cuda_visible_devices": "2", "allocated_gib": 3.795783519744873, "reserved_gib": 3.80078125, "peak_allocated_gib": 7.100478649139404, "gpu_time_budget": null, "module": "model.layers.23.mlp.down_proj", "step": 512}
Evaluation segment 1/1: start=0, windows=8, seqlen=2048
{"stage": "sequential-round-train-nll", "pid": 113536, "time": 1789711315.6872919, "cuda_visible_devices": "2", "allocated_gib": 3.795783519744873, "reserved_gib": 5.791015625, "peak_allocated_gib": 7.100478649139404, "gpu_time_budget": null, "module": "model.layers.23.mlp.down_proj", "step": 2048}
Evaluation segment 1/1: start=0, windows=8, seqlen=2048
{"stage": "sequential-round-train-nll", "pid": 113536, "time": 1789711318.6436281, "cuda_visible_devices": "2", "allocated_gib": 3.795783519744873, "reserved_gib": 5.791015625, "peak_allocated_gib": 7.100478649139404, "gpu_time_budget": null, "module": "model.layers.23.mlp.down_proj", "step": 8192}
Evaluation segment 1/1: start=0, windows=8, seqlen=2048
{"stage": "sequential-module-completed", "pid": 113536, "time": 1789711322.6335716, "cuda_visible_devices": "2", "allocated_gib": 3.795783519744873, "reserved_gib": 5.791015625, "peak_allocated_gib": 7.100478649139404, "gpu_time_budget": null, "module": "model.layers.23.mlp.down_proj", "completed": 24, "total": 28, "selected_train_nll": 2.826277790346091, "elapsed_seconds": 1664.0678708020132}
{"stage": "sequential-round-fit", "pid": 113536, "time": 1789711334.8506634, "cuda_visible_devices": "2", "allocated_gib": 3.795783519744873, "reserved_gib": 5.791015625, "peak_allocated_gib": 7.100478649139404, "gpu_time_budget": null, "module": "model.layers.24.mlp.down_proj", "fit_rows": 49152, "heldout_rows": 16384}
{"stage": "sequential-round-coordinate", "pid": 113536, "time": 1789711336.0981562, "cuda_visible_devices": "2", "allocated_gib": 5.225533962249756, "reserved_gib": 8.041015625, "peak_allocated_gib": 7.100478649139404, "gpu_time_budget": null, "module": "model.layers.24.mlp.down_proj", "step": 128}
{"stage": "sequential-round-coordinate", "pid": 113536, "time": 1789711336.9924352, "cuda_visible_devices": "2", "allocated_gib": 5.225533962249756, "reserved_gib": 8.041015625, "peak_allocated_gib": 7.100478649139404, "gpu_time_budget": null, "module": "model.layers.24.mlp.down_proj", "step": 256}
{"stage": "sequential-round-coordinate", "pid": 113536, "time": 1789711337.8833215, "cuda_visible_devices": "2", "allocated_gib": 5.225533962249756, "reserved_gib": 8.041015625, "peak_allocated_gib": 7.100478649139404, "gpu_time_budget": null, "module": "model.layers.24.mlp.down_proj", "step": 384}
{"stage": "sequential-round-coordinate", "pid": 113536, "time": 1789711338.8491116, "cuda_visible_devices": "2", "allocated_gib": 5.225533962249756, "reserved_gib": 8.041015625, "peak_allocated_gib": 7.100478649139404, "gpu_time_budget": null, "module": "model.layers.24.mlp.down_proj", "step": 512}
{"stage": "sequential-round-coordinate", "pid": 113536, "time": 1789711339.737508, "cuda_visible_devices": "2", "allocated_gib": 5.225533962249756, "reserved_gib": 8.041015625, "peak_allocated_gib": 7.100478649139404, "gpu_time_budget": null, "module": "model.layers.24.mlp.down_proj", "step": 640}
{"stage": "sequential-round-coordinate", "pid": 113536, "time": 1789711340.6268678, "cuda_visible_devices": "2", "allocated_gib": 5.225533962249756, "reserved_gib": 8.041015625, "peak_allocated_gib": 7.100478649139404, "gpu_time_budget": null, "module": "model.layers.24.mlp.down_proj", "step": 768}
{"stage": "sequential-round-coordinate", "pid": 113536, "time": 1789711341.5126529, "cuda_visible_devices": "2", "allocated_gib": 5.225533962249756, "reserved_gib": 8.041015625, "peak_allocated_gib": 7.100478649139404, "gpu_time_budget": null, "module": "model.layers.24.mlp.down_proj", "step": 896}
{"stage": "sequential-round-coordinate", "pid": 113536, "time": 1789711342.4013636, "cuda_visible_devices": "2", "allocated_gib": 5.225533962249756, "reserved_gib": 8.041015625, "peak_allocated_gib": 7.100478649139404, "gpu_time_budget": null, "module": "model.layers.24.mlp.down_proj", "step": 1024}
{"stage": "sequential-round-coordinate", "pid": 113536, "time": 1789711343.290851, "cuda_visible_devices": "2", "allocated_gib": 5.225533962249756, "reserved_gib": 8.041015625, "peak_allocated_gib": 7.100478649139404, "gpu_time_budget": null, "module": "model.layers.24.mlp.down_proj", "step": 1152}
{"stage": "sequential-round-coordinate", "pid": 113536, "time": 1789711344.1800878, "cuda_visible_devices": "2", "allocated_gib": 5.225533962249756, "reserved_gib": 8.041015625, "peak_allocated_gib": 7.100478649139404, "gpu_time_budget": null, "module": "model.layers.24.mlp.down_proj", "step": 1280}
{"stage": "sequential-round-coordinate", "pid": 113536, "time": 1789711345.069925, "cuda_visible_devices": "2", "allocated_gib": 5.225533962249756, "reserved_gib": 8.041015625, "peak_allocated_gib": 7.100478649139404, "gpu_time_budget": null, "module": "model.layers.24.mlp.down_proj", "step": 1408}
{"stage": "sequential-round-coordinate", "pid": 113536, "time": 1789711345.959803, "cuda_visible_devices": "2", "allocated_gib": 5.225533962249756, "reserved_gib": 8.041015625, "peak_allocated_gib": 7.100478649139404, "gpu_time_budget": null, "module": "model.layers.24.mlp.down_proj", "step": 1536}
{"stage": "sequential-round-coordinate", "pid": 113536, "time": 1789711346.8502684, "cuda_visible_devices": "2", "allocated_gib": 5.225533962249756, "reserved_gib": 8.041015625, "peak_allocated_gib": 7.100478649139404, "gpu_time_budget": null, "module": "model.layers.24.mlp.down_proj", "step": 1664}
{"stage": "sequential-round-coordinate", "pid": 113536, "time": 1789711347.7421553, "cuda_visible_devices": "2", "allocated_gib": 5.225533962249756, "reserved_gib": 8.041015625, "peak_allocated_gib": 7.100478649139404, "gpu_time_budget": null, "module": "model.layers.24.mlp.down_proj", "step": 1792}
{"stage": "sequential-round-coordinate", "pid": 113536, "time": 1789711348.634131, "cuda_visible_devices": "2", "allocated_gib": 5.225533962249756, "reserved_gib": 8.041015625, "peak_allocated_gib": 7.100478649139404, "gpu_time_budget": null, "module": "model.layers.24.mlp.down_proj", "step": 1920}
{"stage": "sequential-round-coordinate", "pid": 113536, "time": 1789711349.6022015, "cuda_visible_devices": "2", "allocated_gib": 5.225533962249756, "reserved_gib": 8.041015625, "peak_allocated_gib": 7.100478649139404, "gpu_time_budget": null, "module": "model.layers.24.mlp.down_proj", "step": 2048}
{"stage": "sequential-round-coordinate", "pid": 113536, "time": 1789711350.488094, "cuda_visible_devices": "2", "allocated_gib": 5.225533962249756, "reserved_gib": 8.041015625, "peak_allocated_gib": 7.100478649139404, "gpu_time_budget": null, "module": "model.layers.24.mlp.down_proj", "step": 2176}
{"stage": "sequential-round-coordinate", "pid": 113536, "time": 1789711351.3751872, "cuda_visible_devices": "2", "allocated_gib": 5.225533962249756, "reserved_gib": 8.041015625, "peak_allocated_gib": 7.100478649139404, "gpu_time_budget": null, "module": "model.layers.24.mlp.down_proj", "step": 2304}
{"stage": "sequential-round-coordinate", "pid": 113536, "time": 1789711352.2624776, "cuda_visible_devices": "2", "allocated_gib": 5.225533962249756, "reserved_gib": 8.041015625, "peak_allocated_gib": 7.100478649139404, "gpu_time_budget": null, "module": "model.layers.24.mlp.down_proj", "step": 2432}
{"stage": "sequential-round-coordinate", "pid": 113536, "time": 1789711353.1462512, "cuda_visible_devices": "2", "allocated_gib": 5.225533962249756, "reserved_gib": 8.041015625, "peak_allocated_gib": 7.100478649139404, "gpu_time_budget": null, "module": "model.layers.24.mlp.down_proj", "step": 2560}
{"stage": "sequential-round-coordinate", "pid": 113536, "time": 1789711354.0339787, "cuda_visible_devices": "2", "allocated_gib": 5.225533962249756, "reserved_gib": 8.041015625, "peak_allocated_gib": 7.100478649139404, "gpu_time_budget": null, "module": "model.layers.24.mlp.down_proj", "step": 2688}
{"stage": "sequential-round-coordinate", "pid": 113536, "time": 1789711354.9234445, "cuda_visible_devices": "2", "allocated_gib": 5.225533962249756, "reserved_gib": 8.041015625, "peak_allocated_gib": 7.100478649139404, "gpu_time_budget": null, "module": "model.layers.24.mlp.down_proj", "step": 2816}
{"stage": "sequential-round-coordinate", "pid": 113536, "time": 1789711355.8118303, "cuda_visible_devices": "2", "allocated_gib": 5.225533962249756, "reserved_gib": 8.041015625, "peak_allocated_gib": 7.100478649139404, "gpu_time_budget": null, "module": "model.layers.24.mlp.down_proj", "step": 2944}
{"stage": "sequential-round-coordinate", "pid": 113536, "time": 1789711356.6985288, "cuda_visible_devices": "2", "allocated_gib": 5.225533962249756, "reserved_gib": 8.041015625, "peak_allocated_gib": 7.100478649139404, "gpu_time_budget": null, "module": "model.layers.24.mlp.down_proj", "step": 3072}
{"stage": "sequential-round-coordinate", "pid": 113536, "time": 1789711357.5816102, "cuda_visible_devices": "2", "allocated_gib": 5.225533962249756, "reserved_gib": 8.041015625, "peak_allocated_gib": 7.100478649139404, "gpu_time_budget": null, "module": "model.layers.24.mlp.down_proj", "step": 3200}
{"stage": "sequential-round-coordinate", "pid": 113536, "time": 1789711358.4706283, "cuda_visible_devices": "2", "allocated_gib": 5.225533962249756, "reserved_gib": 8.041015625, "peak_allocated_gib": 7.100478649139404, "gpu_time_budget": null, "module": "model.layers.24.mlp.down_proj", "step": 3328}
{"stage": "sequential-round-coordinate", "pid": 113536, "time": 1789711359.3582983, "cuda_visible_devices": "2", "allocated_gib": 5.225533962249756, "reserved_gib": 8.041015625, "peak_allocated_gib": 7.100478649139404, "gpu_time_budget": null, "module": "model.layers.24.mlp.down_proj", "step": 3456}
{"stage": "sequential-round-coordinate", "pid": 113536, "time": 1789711360.2442765, "cuda_visible_devices": "2", "allocated_gib": 5.225533962249756, "reserved_gib": 8.041015625, "peak_allocated_gib": 7.100478649139404, "gpu_time_budget": null, "module": "model.layers.24.mlp.down_proj", "step": 3584}
{"stage": "sequential-round-coordinate", "pid": 113536, "time": 1789711361.1332583, "cuda_visible_devices": "2", "allocated_gib": 5.225533962249756, "reserved_gib": 8.041015625, "peak_allocated_gib": 7.100478649139404, "gpu_time_budget": null, "module": "model.layers.24.mlp.down_proj", "step": 3712}
{"stage": "sequential-round-coordinate", "pid": 113536, "time": 1789711362.008596, "cuda_visible_devices": "2", "allocated_gib": 5.225533962249756, "reserved_gib": 8.041015625, "peak_allocated_gib": 7.100478649139404, "gpu_time_budget": null, "module": "model.layers.24.mlp.down_proj", "step": 3840}
{"stage": "sequential-round-coordinate", "pid": 113536, "time": 1789711362.9119394, "cuda_visible_devices": "2", "allocated_gib": 5.225533962249756, "reserved_gib": 8.041015625, "peak_allocated_gib": 7.100478649139404, "gpu_time_budget": null, "module": "model.layers.24.mlp.down_proj", "step": 3968}
{"stage": "sequential-round-coordinate", "pid": 113536, "time": 1789711363.8049653, "cuda_visible_devices": "2", "allocated_gib": 5.225533962249756, "reserved_gib": 8.041015625, "peak_allocated_gib": 7.100478649139404, "gpu_time_budget": null, "module": "model.layers.24.mlp.down_proj", "step": 4096}
{"stage": "sequential-round-coordinate", "pid": 113536, "time": 1789711364.6967924, "cuda_visible_devices": "2", "allocated_gib": 5.225533962249756, "reserved_gib": 8.041015625, "peak_allocated_gib": 7.100478649139404, "gpu_time_budget": null, "module": "model.layers.24.mlp.down_proj", "step": 4224}
{"stage": "sequential-round-coordinate", "pid": 113536, "time": 1789711365.58948, "cuda_visible_devices": "2", "allocated_gib": 5.225533962249756, "reserved_gib": 8.041015625, "peak_allocated_gib": 7.100478649139404, "gpu_time_budget": null, "module": "model.layers.24.mlp.down_proj", "step": 4352}
{"stage": "sequential-round-coordinate", "pid": 113536, "time": 1789711366.479797, "cuda_visible_devices": "2", "allocated_gib": 5.225533962249756, "reserved_gib": 8.041015625, "peak_allocated_gib": 7.100478649139404, "gpu_time_budget": null, "module": "model.layers.24.mlp.down_proj", "step": 4480}
{"stage": "sequential-round-coordinate", "pid": 113536, "time": 1789711367.3706563, "cuda_visible_devices": "2", "allocated_gib": 5.225533962249756, "reserved_gib": 8.041015625, "peak_allocated_gib": 7.100478649139404, "gpu_time_budget": null, "module": "model.layers.24.mlp.down_proj", "step": 4608}
{"stage": "sequential-round-coordinate", "pid": 113536, "time": 1789711368.2627861, "cuda_visible_devices": "2", "allocated_gib": 5.225533962249756, "reserved_gib": 8.041015625, "peak_allocated_gib": 7.100478649139404, "gpu_time_budget": null, "module": "model.layers.24.mlp.down_proj", "step": 4736}
{"stage": "sequential-round-coordinate", "pid": 113536, "time": 1789711369.1550252, "cuda_visible_devices": "2", "allocated_gib": 5.225533962249756, "reserved_gib": 8.041015625, "peak_allocated_gib": 7.100478649139404, "gpu_time_budget": null, "module": "model.layers.24.mlp.down_proj", "step": 4864}
{"stage": "sequential-round-coordinate", "pid": 113536, "time": 1789711369.7625272, "cuda_visible_devices": "2", "allocated_gib": 5.225533962249756, "reserved_gib": 8.041015625, "peak_allocated_gib": 7.100478649139404, "gpu_time_budget": null, "module": "model.layers.24.mlp.down_proj", "step": 4992}
{"stage": "sequential-round-coordinate", "pid": 113536, "time": 1789711370.531113, "cuda_visible_devices": "2", "allocated_gib": 5.225533962249756, "reserved_gib": 8.041015625, "peak_allocated_gib": 7.100478649139404, "gpu_time_budget": null, "module": "model.layers.24.mlp.down_proj", "step": 5120}
{"stage": "sequential-round-coordinate", "pid": 113536, "time": 1789711371.2335048, "cuda_visible_devices": "2", "allocated_gib": 5.225533962249756, "reserved_gib": 8.041015625, "peak_allocated_gib": 7.100478649139404, "gpu_time_budget": null, "module": "model.layers.24.mlp.down_proj", "step": 5248}
{"stage": "sequential-round-coordinate", "pid": 113536, "time": 1789711371.926808, "cuda_visible_devices": "2", "allocated_gib": 5.225533962249756, "reserved_gib": 8.041015625, "peak_allocated_gib": 7.100478649139404, "gpu_time_budget": null, "module": "model.layers.24.mlp.down_proj", "step": 5376}
{"stage": "sequential-round-coordinate", "pid": 113536, "time": 1789711372.6176898, "cuda_visible_devices": "2", "allocated_gib": 5.225533962249756, "reserved_gib": 8.041015625, "peak_allocated_gib": 7.100478649139404, "gpu_time_budget": null, "module": "model.layers.24.mlp.down_proj", "step": 5504}
{"stage": "sequential-round-coordinate", "pid": 113536, "time": 1789711373.3088827, "cuda_visible_devices": "2", "allocated_gib": 5.225533962249756, "reserved_gib": 8.041015625, "peak_allocated_gib": 7.100478649139404, "gpu_time_budget": null, "module": "model.layers.24.mlp.down_proj", "step": 5632}
{"stage": "sequential-round-coordinate", "pid": 113536, "time": 1789711374.0032492, "cuda_visible_devices": "2", "allocated_gib": 5.225533962249756, "reserved_gib": 8.041015625, "peak_allocated_gib": 7.100478649139404, "gpu_time_budget": null, "module": "model.layers.24.mlp.down_proj", "step": 5760}
{"stage": "sequential-round-coordinate", "pid": 113536, "time": 1789711374.6272871, "cuda_visible_devices": "2", "allocated_gib": 5.225533962249756, "reserved_gib": 8.041015625, "peak_allocated_gib": 7.100478649139404, "gpu_time_budget": null, "module": "model.layers.24.mlp.down_proj", "step": 5888}
{"stage": "sequential-round-coordinate", "pid": 113536, "time": 1789711375.2210906, "cuda_visible_devices": "2", "allocated_gib": 5.225533962249756, "reserved_gib": 8.041015625, "peak_allocated_gib": 7.100478649139404, "gpu_time_budget": null, "module": "model.layers.24.mlp.down_proj", "step": 6016}
{"stage": "sequential-round-coordinate", "pid": 113536, "time": 1789711375.814325, "cuda_visible_devices": "2", "allocated_gib": 5.225533962249756, "reserved_gib": 8.041015625, "peak_allocated_gib": 7.100478649139404, "gpu_time_budget": null, "module": "model.layers.24.mlp.down_proj", "step": 6144}
{"stage": "sequential-round-coordinate", "pid": 113536, "time": 1789711376.4073868, "cuda_visible_devices": "2", "allocated_gib": 5.225533962249756, "reserved_gib": 8.041015625, "peak_allocated_gib": 7.100478649139404, "gpu_time_budget": null, "module": "model.layers.24.mlp.down_proj", "step": 6272}
{"stage": "sequential-round-coordinate", "pid": 113536, "time": 1789711377.0015936, "cuda_visible_devices": "2", "allocated_gib": 5.225533962249756, "reserved_gib": 8.041015625, "peak_allocated_gib": 7.100478649139404, "gpu_time_budget": null, "module": "model.layers.24.mlp.down_proj", "step": 6400}
{"stage": "sequential-round-coordinate", "pid": 113536, "time": 1789711377.5940325, "cuda_visible_devices": "2", "allocated_gib": 5.225533962249756, "reserved_gib": 8.041015625, "peak_allocated_gib": 7.100478649139404, "gpu_time_budget": null, "module": "model.layers.24.mlp.down_proj", "step": 6528}
{"stage": "sequential-round-coordinate", "pid": 113536, "time": 1789711378.18508, "cuda_visible_devices": "2", "allocated_gib": 5.225533962249756, "reserved_gib": 8.041015625, "peak_allocated_gib": 7.100478649139404, "gpu_time_budget": null, "module": "model.layers.24.mlp.down_proj", "step": 6656}
{"stage": "sequential-round-coordinate", "pid": 113536, "time": 1789711378.7798753, "cuda_visible_devices": "2", "allocated_gib": 5.225533962249756, "reserved_gib": 8.041015625, "peak_allocated_gib": 7.100478649139404, "gpu_time_budget": null, "module": "model.layers.24.mlp.down_proj", "step": 6784}
{"stage": "sequential-round-coordinate", "pid": 113536, "time": 1789711379.3712888, "cuda_visible_devices": "2", "allocated_gib": 5.225533962249756, "reserved_gib": 8.041015625, "peak_allocated_gib": 7.100478649139404, "gpu_time_budget": null, "module": "model.layers.24.mlp.down_proj", "step": 6912}
{"stage": "sequential-round-coordinate", "pid": 113536, "time": 1789711379.9640737, "cuda_visible_devices": "2", "allocated_gib": 5.225533962249756, "reserved_gib": 8.041015625, "peak_allocated_gib": 7.100478649139404, "gpu_time_budget": null, "module": "model.layers.24.mlp.down_proj", "step": 7040}
{"stage": "sequential-round-coordinate", "pid": 113536, "time": 1789711380.5644424, "cuda_visible_devices": "2", "allocated_gib": 5.225533962249756, "reserved_gib": 8.041015625, "peak_allocated_gib": 7.100478649139404, "gpu_time_budget": null, "module": "model.layers.24.mlp.down_proj", "step": 7168}
{"stage": "sequential-round-coordinate", "pid": 113536, "time": 1789711381.1582696, "cuda_visible_devices": "2", "allocated_gib": 5.225533962249756, "reserved_gib": 8.041015625, "peak_allocated_gib": 7.100478649139404, "gpu_time_budget": null, "module": "model.layers.24.mlp.down_proj", "step": 7296}
{"stage": "sequential-round-coordinate", "pid": 113536, "time": 1789711381.7562573, "cuda_visible_devices": "2", "allocated_gib": 5.225533962249756, "reserved_gib": 8.041015625, "peak_allocated_gib": 7.100478649139404, "gpu_time_budget": null, "module": "model.layers.24.mlp.down_proj", "step": 7424}
{"stage": "sequential-round-coordinate", "pid": 113536, "time": 1789711382.3534734, "cuda_visible_devices": "2", "allocated_gib": 5.225533962249756, "reserved_gib": 8.041015625, "peak_allocated_gib": 7.100478649139404, "gpu_time_budget": null, "module": "model.layers.24.mlp.down_proj", "step": 7552}
{"stage": "sequential-round-coordinate", "pid": 113536, "time": 1789711382.9516597, "cuda_visible_devices": "2", "allocated_gib": 5.225533962249756, "reserved_gib": 8.041015625, "peak_allocated_gib": 7.100478649139404, "gpu_time_budget": null, "module": "model.layers.24.mlp.down_proj", "step": 7680}
{"stage": "sequential-round-coordinate", "pid": 113536, "time": 1789711383.5450118, "cuda_visible_devices": "2", "allocated_gib": 5.225533962249756, "reserved_gib": 8.041015625, "peak_allocated_gib": 7.100478649139404, "gpu_time_budget": null, "module": "model.layers.24.mlp.down_proj", "step": 7808}
{"stage": "sequential-round-coordinate", "pid": 113536, "time": 1789711384.1300447, "cuda_visible_devices": "2", "allocated_gib": 5.225533962249756, "reserved_gib": 8.041015625, "peak_allocated_gib": 7.100478649139404, "gpu_time_budget": null, "module": "model.layers.24.mlp.down_proj", "step": 7936}
{"stage": "sequential-round-coordinate", "pid": 113536, "time": 1789711384.7260695, "cuda_visible_devices": "2", "allocated_gib": 5.225533962249756, "reserved_gib": 8.041015625, "peak_allocated_gib": 7.100478649139404, "gpu_time_budget": null, "module": "model.layers.24.mlp.down_proj", "step": 8064}
{"stage": "sequential-round-coordinate", "pid": 113536, "time": 1789711385.383314, "cuda_visible_devices": "2", "allocated_gib": 5.225533962249756, "reserved_gib": 8.041015625, "peak_allocated_gib": 7.100478649139404, "gpu_time_budget": null, "module": "model.layers.24.mlp.down_proj", "step": 8192}
{"stage": "sequential-round-train-nll", "pid": 113536, "time": 1789711385.433377, "cuda_visible_devices": "2", "allocated_gib": 3.795783519744873, "reserved_gib": 3.80078125, "peak_allocated_gib": 7.100478649139404, "gpu_time_budget": null, "module": "model.layers.24.mlp.down_proj", "step": 512}
Evaluation segment 1/1: start=0, windows=8, seqlen=2048
{"stage": "sequential-module-completed", "pid": 113536, "time": 1789711390.1670978, "cuda_visible_devices": "2", "allocated_gib": 3.795783519744873, "reserved_gib": 5.791015625, "peak_allocated_gib": 7.100478649139404, "gpu_time_budget": null, "module": "model.layers.24.mlp.down_proj", "completed": 25, "total": 28, "selected_train_nll": 2.826277790346091, "elapsed_seconds": 1731.6014047999633}
{"stage": "sequential-round-fit", "pid": 113536, "time": 1789711402.832199, "cuda_visible_devices": "2", "allocated_gib": 3.795783519744873, "reserved_gib": 5.791015625, "peak_allocated_gib": 7.100478649139404, "gpu_time_budget": null, "module": "model.layers.25.mlp.down_proj", "fit_rows": 49152, "heldout_rows": 16384}
{"stage": "sequential-round-coordinate", "pid": 113536, "time": 1789711404.089699, "cuda_visible_devices": "2", "allocated_gib": 5.225533962249756, "reserved_gib": 8.041015625, "peak_allocated_gib": 7.100478649139404, "gpu_time_budget": null, "module": "model.layers.25.mlp.down_proj", "step": 128}
{"stage": "sequential-round-coordinate", "pid": 113536, "time": 1789711404.979188, "cuda_visible_devices": "2", "allocated_gib": 5.225533962249756, "reserved_gib": 8.041015625, "peak_allocated_gib": 7.100478649139404, "gpu_time_budget": null, "module": "model.layers.25.mlp.down_proj", "step": 256}
{"stage": "sequential-round-coordinate", "pid": 113536, "time": 1789711405.8695128, "cuda_visible_devices": "2", "allocated_gib": 5.225533962249756, "reserved_gib": 8.041015625, "peak_allocated_gib": 7.100478649139404, "gpu_time_budget": null, "module": "model.layers.25.mlp.down_proj", "step": 384}
{"stage": "sequential-round-coordinate", "pid": 113536, "time": 1789711406.835899, "cuda_visible_devices": "2", "allocated_gib": 5.225533962249756, "reserved_gib": 8.041015625, "peak_allocated_gib": 7.100478649139404, "gpu_time_budget": null, "module": "model.layers.25.mlp.down_proj", "step": 512}
{"stage": "sequential-round-coordinate", "pid": 113536, "time": 1789711407.7232769, "cuda_visible_devices": "2", "allocated_gib": 5.225533962249756, "reserved_gib": 8.041015625, "peak_allocated_gib": 7.100478649139404, "gpu_time_budget": null, "module": "model.layers.25.mlp.down_proj", "step": 640}
{"stage": "sequential-round-coordinate", "pid": 113536, "time": 1789711408.6090035, "cuda_visible_devices": "2", "allocated_gib": 5.225533962249756, "reserved_gib": 8.041015625, "peak_allocated_gib": 7.100478649139404, "gpu_time_budget": null, "module": "model.layers.25.mlp.down_proj", "step": 768}
{"stage": "sequential-round-coordinate", "pid": 113536, "time": 1789711409.4979346, "cuda_visible_devices": "2", "allocated_gib": 5.225533962249756, "reserved_gib": 8.041015625, "peak_allocated_gib": 7.100478649139404, "gpu_time_budget": null, "module": "model.layers.25.mlp.down_proj", "step": 896}
{"stage": "sequential-round-coordinate", "pid": 113536, "time": 1789711410.387359, "cuda_visible_devices": "2", "allocated_gib": 5.225533962249756, "reserved_gib": 8.041015625, "peak_allocated_gib": 7.100478649139404, "gpu_time_budget": null, "module": "model.layers.25.mlp.down_proj", "step": 1024}
{"stage": "sequential-round-coordinate", "pid": 113536, "time": 1789711411.2747293, "cuda_visible_devices": "2", "allocated_gib": 5.225533962249756, "reserved_gib": 8.041015625, "peak_allocated_gib": 7.100478649139404, "gpu_time_budget": null, "module": "model.layers.25.mlp.down_proj", "step": 1152}
{"stage": "sequential-round-coordinate", "pid": 113536, "time": 1789711412.1614962, "cuda_visible_devices": "2", "allocated_gib": 5.225533962249756, "reserved_gib": 8.041015625, "peak_allocated_gib": 7.100478649139404, "gpu_time_budget": null, "module": "model.layers.25.mlp.down_proj", "step": 1280}
{"stage": "sequential-round-coordinate", "pid": 113536, "time": 1789711413.0472856, "cuda_visible_devices": "2", "allocated_gib": 5.225533962249756, "reserved_gib": 8.041015625, "peak_allocated_gib": 7.100478649139404, "gpu_time_budget": null, "module": "model.layers.25.mlp.down_proj", "step": 1408}
{"stage": "sequential-round-coordinate", "pid": 113536, "time": 1789711413.9361613, "cuda_visible_devices": "2", "allocated_gib": 5.225533962249756, "reserved_gib": 8.041015625, "peak_allocated_gib": 7.100478649139404, "gpu_time_budget": null, "module": "model.layers.25.mlp.down_proj", "step": 1536}
{"stage": "sequential-round-coordinate", "pid": 113536, "time": 1789711414.825123, "cuda_visible_devices": "2", "allocated_gib": 5.225533962249756, "reserved_gib": 8.041015625, "peak_allocated_gib": 7.100478649139404, "gpu_time_budget": null, "module": "model.layers.25.mlp.down_proj", "step": 1664}
{"stage": "sequential-round-coordinate", "pid": 113536, "time": 1789711415.7118738, "cuda_visible_devices": "2", "allocated_gib": 5.225533962249756, "reserved_gib": 8.041015625, "peak_allocated_gib": 7.100478649139404, "gpu_time_budget": null, "module": "model.layers.25.mlp.down_proj", "step": 1792}
{"stage": "sequential-round-coordinate", "pid": 113536, "time": 1789711416.6024292, "cuda_visible_devices": "2", "allocated_gib": 5.225533962249756, "reserved_gib": 8.041015625, "peak_allocated_gib": 7.100478649139404, "gpu_time_budget": null, "module": "model.layers.25.mlp.down_proj", "step": 1920}
{"stage": "sequential-round-coordinate", "pid": 113536, "time": 1789711417.5696194, "cuda_visible_devices": "2", "allocated_gib": 5.225533962249756, "reserved_gib": 8.041015625, "peak_allocated_gib": 7.100478649139404, "gpu_time_budget": null, "module": "model.layers.25.mlp.down_proj", "step": 2048}
{"stage": "sequential-round-coordinate", "pid": 113536, "time": 1789711418.45653, "cuda_visible_devices": "2", "allocated_gib": 5.225533962249756, "reserved_gib": 8.041015625, "peak_allocated_gib": 7.100478649139404, "gpu_time_budget": null, "module": "model.layers.25.mlp.down_proj", "step": 2176}
{"stage": "sequential-round-coordinate", "pid": 113536, "time": 1789711419.3439732, "cuda_visible_devices": "2", "allocated_gib": 5.225533962249756, "reserved_gib": 8.041015625, "peak_allocated_gib": 7.100478649139404, "gpu_time_budget": null, "module": "model.layers.25.mlp.down_proj", "step": 2304}
{"stage": "sequential-round-coordinate", "pid": 113536, "time": 1789711420.2328582, "cuda_visible_devices": "2", "allocated_gib": 5.225533962249756, "reserved_gib": 8.041015625, "peak_allocated_gib": 7.100478649139404, "gpu_time_budget": null, "module": "model.layers.25.mlp.down_proj", "step": 2432}
{"stage": "sequential-round-coordinate", "pid": 113536, "time": 1789711421.1205235, "cuda_visible_devices": "2", "allocated_gib": 5.225533962249756, "reserved_gib": 8.041015625, "peak_allocated_gib": 7.100478649139404, "gpu_time_budget": null, "module": "model.layers.25.mlp.down_proj", "step": 2560}
{"stage": "sequential-round-coordinate", "pid": 113536, "time": 1789711422.007948, "cuda_visible_devices": "2", "allocated_gib": 5.225533962249756, "reserved_gib": 8.041015625, "peak_allocated_gib": 7.100478649139404, "gpu_time_budget": null, "module": "model.layers.25.mlp.down_proj", "step": 2688}
{"stage": "sequential-round-coordinate", "pid": 113536, "time": 1789711422.8964672, "cuda_visible_devices": "2", "allocated_gib": 5.225533962249756, "reserved_gib": 8.041015625, "peak_allocated_gib": 7.100478649139404, "gpu_time_budget": null, "module": "model.layers.25.mlp.down_proj", "step": 2816}
{"stage": "sequential-round-coordinate", "pid": 113536, "time": 1789711423.783943, "cuda_visible_devices": "2", "allocated_gib": 5.225533962249756, "reserved_gib": 8.041015625, "peak_allocated_gib": 7.100478649139404, "gpu_time_budget": null, "module": "model.layers.25.mlp.down_proj", "step": 2944}
{"stage": "sequential-round-coordinate", "pid": 113536, "time": 1789711424.6769965, "cuda_visible_devices": "2", "allocated_gib": 5.225533962249756, "reserved_gib": 8.041015625, "peak_allocated_gib": 7.100478649139404, "gpu_time_budget": null, "module": "model.layers.25.mlp.down_proj", "step": 3072}
{"stage": "sequential-round-coordinate", "pid": 113536, "time": 1789711425.5673268, "cuda_visible_devices": "2", "allocated_gib": 5.225533962249756, "reserved_gib": 8.041015625, "peak_allocated_gib": 7.100478649139404, "gpu_time_budget": null, "module": "model.layers.25.mlp.down_proj", "step": 3200}
{"stage": "sequential-round-coordinate", "pid": 113536, "time": 1789711426.4595575, "cuda_visible_devices": "2", "allocated_gib": 5.225533962249756, "reserved_gib": 8.041015625, "peak_allocated_gib": 7.100478649139404, "gpu_time_budget": null, "module": "model.layers.25.mlp.down_proj", "step": 3328}
{"stage": "sequential-round-coordinate", "pid": 113536, "time": 1789711427.3487048, "cuda_visible_devices": "2", "allocated_gib": 5.225533962249756, "reserved_gib": 8.041015625, "peak_allocated_gib": 7.100478649139404, "gpu_time_budget": null, "module": "model.layers.25.mlp.down_proj", "step": 3456}
{"stage": "sequential-round-coordinate", "pid": 113536, "time": 1789711428.2326958, "cuda_visible_devices": "2", "allocated_gib": 5.225533962249756, "reserved_gib": 8.041015625, "peak_allocated_gib": 7.100478649139404, "gpu_time_budget": null, "module": "model.layers.25.mlp.down_proj", "step": 3584}
{"stage": "sequential-round-coordinate", "pid": 113536, "time": 1789711429.1150005, "cuda_visible_devices": "2", "allocated_gib": 5.225533962249756, "reserved_gib": 8.041015625, "peak_allocated_gib": 7.100478649139404, "gpu_time_budget": null, "module": "model.layers.25.mlp.down_proj", "step": 3712}
{"stage": "sequential-round-coordinate", "pid": 113536, "time": 1789711429.9968686, "cuda_visible_devices": "2", "allocated_gib": 5.225533962249756, "reserved_gib": 8.041015625, "peak_allocated_gib": 7.100478649139404, "gpu_time_budget": null, "module": "model.layers.25.mlp.down_proj", "step": 3840}
{"stage": "sequential-round-coordinate", "pid": 113536, "time": 1789711430.8835258, "cuda_visible_devices": "2", "allocated_gib": 5.225533962249756, "reserved_gib": 8.041015625, "peak_allocated_gib": 7.100478649139404, "gpu_time_budget": null, "module": "model.layers.25.mlp.down_proj", "step": 3968}
{"stage": "sequential-round-coordinate", "pid": 113536, "time": 1789711431.7671, "cuda_visible_devices": "2", "allocated_gib": 5.225533962249756, "reserved_gib": 8.041015625, "peak_allocated_gib": 7.100478649139404, "gpu_time_budget": null, "module": "model.layers.25.mlp.down_proj", "step": 4096}
{"stage": "sequential-round-coordinate", "pid": 113536, "time": 1789711432.6520875, "cuda_visible_devices": "2", "allocated_gib": 5.225533962249756, "reserved_gib": 8.041015625, "peak_allocated_gib": 7.100478649139404, "gpu_time_budget": null, "module": "model.layers.25.mlp.down_proj", "step": 4224}
{"stage": "sequential-round-coordinate", "pid": 113536, "time": 1789711433.5418105, "cuda_visible_devices": "2", "allocated_gib": 5.225533962249756, "reserved_gib": 8.041015625, "peak_allocated_gib": 7.100478649139404, "gpu_time_budget": null, "module": "model.layers.25.mlp.down_proj", "step": 4352}
{"stage": "sequential-round-coordinate", "pid": 113536, "time": 1789711434.3158228, "cuda_visible_devices": "2", "allocated_gib": 5.225533962249756, "reserved_gib": 8.041015625, "peak_allocated_gib": 7.100478649139404, "gpu_time_budget": null, "module": "model.layers.25.mlp.down_proj", "step": 4480}
{"stage": "sequential-round-coordinate", "pid": 113536, "time": 1789711435.006072, "cuda_visible_devices": "2", "allocated_gib": 5.225533962249756, "reserved_gib": 8.041015625, "peak_allocated_gib": 7.100478649139404, "gpu_time_budget": null, "module": "model.layers.25.mlp.down_proj", "step": 4608}
{"stage": "sequential-round-coordinate", "pid": 113536, "time": 1789711435.6975663, "cuda_visible_devices": "2", "allocated_gib": 5.225533962249756, "reserved_gib": 8.041015625, "peak_allocated_gib": 7.100478649139404, "gpu_time_budget": null, "module": "model.layers.25.mlp.down_proj", "step": 4736}
{"stage": "sequential-round-coordinate", "pid": 113536, "time": 1789711436.3891509, "cuda_visible_devices": "2", "allocated_gib": 5.225533962249756, "reserved_gib": 8.041015625, "peak_allocated_gib": 7.100478649139404, "gpu_time_budget": null, "module": "model.layers.25.mlp.down_proj", "step": 4864}
{"stage": "sequential-round-coordinate", "pid": 113536, "time": 1789711437.0805793, "cuda_visible_devices": "2", "allocated_gib": 5.225533962249756, "reserved_gib": 8.041015625, "peak_allocated_gib": 7.100478649139404, "gpu_time_budget": null, "module": "model.layers.25.mlp.down_proj", "step": 4992}
{"stage": "sequential-round-coordinate", "pid": 113536, "time": 1789711437.7725644, "cuda_visible_devices": "2", "allocated_gib": 5.225533962249756, "reserved_gib": 8.041015625, "peak_allocated_gib": 7.100478649139404, "gpu_time_budget": null, "module": "model.layers.25.mlp.down_proj", "step": 5120}
{"stage": "sequential-round-coordinate", "pid": 113536, "time": 1789711438.5020826, "cuda_visible_devices": "2", "allocated_gib": 5.225533962249756, "reserved_gib": 8.041015625, "peak_allocated_gib": 7.100478649139404, "gpu_time_budget": null, "module": "model.layers.25.mlp.down_proj", "step": 5248}
{"stage": "sequential-round-coordinate", "pid": 113536, "time": 1789711439.2359421, "cuda_visible_devices": "2", "allocated_gib": 5.225533962249756, "reserved_gib": 8.041015625, "peak_allocated_gib": 7.100478649139404, "gpu_time_budget": null, "module": "model.layers.25.mlp.down_proj", "step": 5376}
{"stage": "sequential-round-coordinate", "pid": 113536, "time": 1789711439.8844242, "cuda_visible_devices": "2", "allocated_gib": 5.225533962249756, "reserved_gib": 8.041015625, "peak_allocated_gib": 7.100478649139404, "gpu_time_budget": null, "module": "model.layers.25.mlp.down_proj", "step": 5504}
{"stage": "sequential-round-coordinate", "pid": 113536, "time": 1789711440.5992804, "cuda_visible_devices": "2", "allocated_gib": 5.225533962249756, "reserved_gib": 8.041015625, "peak_allocated_gib": 7.100478649139404, "gpu_time_budget": null, "module": "model.layers.25.mlp.down_proj", "step": 5632}
{"stage": "sequential-round-coordinate", "pid": 113536, "time": 1789711441.2875772, "cuda_visible_devices": "2", "allocated_gib": 5.225533962249756, "reserved_gib": 8.041015625, "peak_allocated_gib": 7.100478649139404, "gpu_time_budget": null, "module": "model.layers.25.mlp.down_proj", "step": 5760}
{"stage": "sequential-round-coordinate", "pid": 113536, "time": 1789711441.9774244, "cuda_visible_devices": "2", "allocated_gib": 5.225533962249756, "reserved_gib": 8.041015625, "peak_allocated_gib": 7.100478649139404, "gpu_time_budget": null, "module": "model.layers.25.mlp.down_proj", "step": 5888}
{"stage": "sequential-round-coordinate", "pid": 113536, "time": 1789711442.669008, "cuda_visible_devices": "2", "allocated_gib": 5.225533962249756, "reserved_gib": 8.041015625, "peak_allocated_gib": 7.100478649139404, "gpu_time_budget": null, "module": "model.layers.25.mlp.down_proj", "step": 6016}
{"stage": "sequential-round-coordinate", "pid": 113536, "time": 1789711443.360378, "cuda_visible_devices": "2", "allocated_gib": 5.225533962249756, "reserved_gib": 8.041015625, "peak_allocated_gib": 7.100478649139404, "gpu_time_budget": null, "module": "model.layers.25.mlp.down_proj", "step": 6144}
{"stage": "sequential-round-coordinate", "pid": 113536, "time": 1789711444.0498834, "cuda_visible_devices": "2", "allocated_gib": 5.225533962249756, "reserved_gib": 8.041015625, "peak_allocated_gib": 7.100478649139404, "gpu_time_budget": null, "module": "model.layers.25.mlp.down_proj", "step": 6272}
{"stage": "sequential-round-coordinate", "pid": 113536, "time": 1789711444.712706, "cuda_visible_devices": "2", "allocated_gib": 5.225533962249756, "reserved_gib": 8.041015625, "peak_allocated_gib": 7.100478649139404, "gpu_time_budget": null, "module": "model.layers.25.mlp.down_proj", "step": 6400}
{"stage": "sequential-round-coordinate", "pid": 113536, "time": 1789711445.404592, "cuda_visible_devices": "2", "allocated_gib": 5.225533962249756, "reserved_gib": 8.041015625, "peak_allocated_gib": 7.100478649139404, "gpu_time_budget": null, "module": "model.layers.25.mlp.down_proj", "step": 6528}
{"stage": "sequential-round-coordinate", "pid": 113536, "time": 1789711446.1502316, "cuda_visible_devices": "2", "allocated_gib": 5.225533962249756, "reserved_gib": 8.041015625, "peak_allocated_gib": 7.100478649139404, "gpu_time_budget": null, "module": "model.layers.25.mlp.down_proj", "step": 6656}
{"stage": "sequential-round-coordinate", "pid": 113536, "time": 1789711446.877474, "cuda_visible_devices": "2", "allocated_gib": 5.225533962249756, "reserved_gib": 8.041015625, "peak_allocated_gib": 7.100478649139404, "gpu_time_budget": null, "module": "model.layers.25.mlp.down_proj", "step": 6784}
{"stage": "sequential-round-coordinate", "pid": 113536, "time": 1789711447.610709, "cuda_visible_devices": "2", "allocated_gib": 5.225533962249756, "reserved_gib": 8.041015625, "peak_allocated_gib": 7.100478649139404, "gpu_time_budget": null, "module": "model.layers.25.mlp.down_proj", "step": 6912}
{"stage": "sequential-round-coordinate", "pid": 113536, "time": 1789711448.3063464, "cuda_visible_devices": "2", "allocated_gib": 5.225533962249756, "reserved_gib": 8.041015625, "peak_allocated_gib": 7.100478649139404, "gpu_time_budget": null, "module": "model.layers.25.mlp.down_proj", "step": 7040}
{"stage": "sequential-round-coordinate", "pid": 113536, "time": 1789711449.0046263, "cuda_visible_devices": "2", "allocated_gib": 5.225533962249756, "reserved_gib": 8.041015625, "peak_allocated_gib": 7.100478649139404, "gpu_time_budget": null, "module": "model.layers.25.mlp.down_proj", "step": 7168}
{"stage": "sequential-round-coordinate", "pid": 113536, "time": 1789711449.585069, "cuda_visible_devices": "2", "allocated_gib": 5.225533962249756, "reserved_gib": 8.041015625, "peak_allocated_gib": 7.100478649139404, "gpu_time_budget": null, "module": "model.layers.25.mlp.down_proj", "step": 7296}
{"stage": "sequential-round-coordinate", "pid": 113536, "time": 1789711450.1684933, "cuda_visible_devices": "2", "allocated_gib": 5.225533962249756, "reserved_gib": 8.041015625, "peak_allocated_gib": 7.100478649139404, "gpu_time_budget": null, "module": "model.layers.25.mlp.down_proj", "step": 7424}
{"stage": "sequential-round-coordinate", "pid": 113536, "time": 1789711450.7636702, "cuda_visible_devices": "2", "allocated_gib": 5.225533962249756, "reserved_gib": 8.041015625, "peak_allocated_gib": 7.100478649139404, "gpu_time_budget": null, "module": "model.layers.25.mlp.down_proj", "step": 7552}
{"stage": "sequential-round-coordinate", "pid": 113536, "time": 1789711451.3723457, "cuda_visible_devices": "2", "allocated_gib": 5.225533962249756, "reserved_gib": 8.041015625, "peak_allocated_gib": 7.100478649139404, "gpu_time_budget": null, "module": "model.layers.25.mlp.down_proj", "step": 7680}
{"stage": "sequential-round-coordinate", "pid": 113536, "time": 1789711451.9853363, "cuda_visible_devices": "2", "allocated_gib": 5.225533962249756, "reserved_gib": 8.041015625, "peak_allocated_gib": 7.100478649139404, "gpu_time_budget": null, "module": "model.layers.25.mlp.down_proj", "step": 7808}
{"stage": "sequential-round-coordinate", "pid": 113536, "time": 1789711452.575489, "cuda_visible_devices": "2", "allocated_gib": 5.225533962249756, "reserved_gib": 8.041015625, "peak_allocated_gib": 7.100478649139404, "gpu_time_budget": null, "module": "model.layers.25.mlp.down_proj", "step": 7936}
{"stage": "sequential-round-coordinate", "pid": 113536, "time": 1789711453.1838892, "cuda_visible_devices": "2", "allocated_gib": 5.225533962249756, "reserved_gib": 8.041015625, "peak_allocated_gib": 7.100478649139404, "gpu_time_budget": null, "module": "model.layers.25.mlp.down_proj", "step": 8064}
{"stage": "sequential-round-coordinate", "pid": 113536, "time": 1789711453.8307943, "cuda_visible_devices": "2", "allocated_gib": 5.225533962249756, "reserved_gib": 8.041015625, "peak_allocated_gib": 7.100478649139404, "gpu_time_budget": null, "module": "model.layers.25.mlp.down_proj", "step": 8192}
{"stage": "sequential-round-train-nll", "pid": 113536, "time": 1789711453.9818819, "cuda_visible_devices": "2", "allocated_gib": 3.795783519744873, "reserved_gib": 3.80078125, "peak_allocated_gib": 7.100478649139404, "gpu_time_budget": null, "module": "model.layers.25.mlp.down_proj", "step": 512}
Evaluation segment 1/1: start=0, windows=8, seqlen=2048
{"stage": "sequential-module-completed", "pid": 113536, "time": 1789711457.5950801, "cuda_visible_devices": "2", "allocated_gib": 3.795783519744873, "reserved_gib": 5.791015625, "peak_allocated_gib": 7.100478649139404, "gpu_time_budget": null, "module": "model.layers.25.mlp.down_proj", "completed": 26, "total": 28, "selected_train_nll": 2.826277790346091, "elapsed_seconds": 1799.0293846910354}
{"stage": "sequential-round-fit", "pid": 113536, "time": 1789711470.0380666, "cuda_visible_devices": "2", "allocated_gib": 3.795783519744873, "reserved_gib": 5.791015625, "peak_allocated_gib": 7.100478649139404, "gpu_time_budget": null, "module": "model.layers.26.mlp.down_proj", "fit_rows": 49152, "heldout_rows": 16384}
{"stage": "sequential-round-coordinate", "pid": 113536, "time": 1789711471.2599776, "cuda_visible_devices": "2", "allocated_gib": 5.225533962249756, "reserved_gib": 8.041015625, "peak_allocated_gib": 7.100478649139404, "gpu_time_budget": null, "module": "model.layers.26.mlp.down_proj", "step": 128}
{"stage": "sequential-round-coordinate", "pid": 113536, "time": 1789711472.1461682, "cuda_visible_devices": "2", "allocated_gib": 5.225533962249756, "reserved_gib": 8.041015625, "peak_allocated_gib": 7.100478649139404, "gpu_time_budget": null, "module": "model.layers.26.mlp.down_proj", "step": 256}
{"stage": "sequential-round-coordinate", "pid": 113536, "time": 1789711473.023206, "cuda_visible_devices": "2", "allocated_gib": 5.225533962249756, "reserved_gib": 8.041015625, "peak_allocated_gib": 7.100478649139404, "gpu_time_budget": null, "module": "model.layers.26.mlp.down_proj", "step": 384}
{"stage": "sequential-round-coordinate", "pid": 113536, "time": 1789711474.006204, "cuda_visible_devices": "2", "allocated_gib": 5.225533962249756, "reserved_gib": 8.041015625, "peak_allocated_gib": 7.100478649139404, "gpu_time_budget": null, "module": "model.layers.26.mlp.down_proj", "step": 512}
{"stage": "sequential-round-coordinate", "pid": 113536, "time": 1789711474.8950698, "cuda_visible_devices": "2", "allocated_gib": 5.225533962249756, "reserved_gib": 8.041015625, "peak_allocated_gib": 7.100478649139404, "gpu_time_budget": null, "module": "model.layers.26.mlp.down_proj", "step": 640}
{"stage": "sequential-round-coordinate", "pid": 113536, "time": 1789711475.791219, "cuda_visible_devices": "2", "allocated_gib": 5.225533962249756, "reserved_gib": 8.041015625, "peak_allocated_gib": 7.100478649139404, "gpu_time_budget": null, "module": "model.layers.26.mlp.down_proj", "step": 768}
{"stage": "sequential-round-coordinate", "pid": 113536, "time": 1789711476.6772978, "cuda_visible_devices": "2", "allocated_gib": 5.225533962249756, "reserved_gib": 8.041015625, "peak_allocated_gib": 7.100478649139404, "gpu_time_budget": null, "module": "model.layers.26.mlp.down_proj", "step": 896}
{"stage": "sequential-round-coordinate", "pid": 113536, "time": 1789711477.5591328, "cuda_visible_devices": "2", "allocated_gib": 5.225533962249756, "reserved_gib": 8.041015625, "peak_allocated_gib": 7.100478649139404, "gpu_time_budget": null, "module": "model.layers.26.mlp.down_proj", "step": 1024}
{"stage": "sequential-round-coordinate", "pid": 113536, "time": 1789711478.4448328, "cuda_visible_devices": "2", "allocated_gib": 5.225533962249756, "reserved_gib": 8.041015625, "peak_allocated_gib": 7.100478649139404, "gpu_time_budget": null, "module": "model.layers.26.mlp.down_proj", "step": 1152}
{"stage": "sequential-round-coordinate", "pid": 113536, "time": 1789711479.3566494, "cuda_visible_devices": "2", "allocated_gib": 5.225533962249756, "reserved_gib": 8.041015625, "peak_allocated_gib": 7.100478649139404, "gpu_time_budget": null, "module": "model.layers.26.mlp.down_proj", "step": 1280}
{"stage": "sequential-round-coordinate", "pid": 113536, "time": 1789711480.2613163, "cuda_visible_devices": "2", "allocated_gib": 5.225533962249756, "reserved_gib": 8.041015625, "peak_allocated_gib": 7.100478649139404, "gpu_time_budget": null, "module": "model.layers.26.mlp.down_proj", "step": 1408}
{"stage": "sequential-round-coordinate", "pid": 113536, "time": 1789711481.1683936, "cuda_visible_devices": "2", "allocated_gib": 5.225533962249756, "reserved_gib": 8.041015625, "peak_allocated_gib": 7.100478649139404, "gpu_time_budget": null, "module": "model.layers.26.mlp.down_proj", "step": 1536}
{"stage": "sequential-round-coordinate", "pid": 113536, "time": 1789711482.0597234, "cuda_visible_devices": "2", "allocated_gib": 5.225533962249756, "reserved_gib": 8.041015625, "peak_allocated_gib": 7.100478649139404, "gpu_time_budget": null, "module": "model.layers.26.mlp.down_proj", "step": 1664}
{"stage": "sequential-round-coordinate", "pid": 113536, "time": 1789711482.964507, "cuda_visible_devices": "2", "allocated_gib": 5.225533962249756, "reserved_gib": 8.041015625, "peak_allocated_gib": 7.100478649139404, "gpu_time_budget": null, "module": "model.layers.26.mlp.down_proj", "step": 1792}
{"stage": "sequential-round-coordinate", "pid": 113536, "time": 1789711483.8572211, "cuda_visible_devices": "2", "allocated_gib": 5.225533962249756, "reserved_gib": 8.041015625, "peak_allocated_gib": 7.100478649139404, "gpu_time_budget": null, "module": "model.layers.26.mlp.down_proj", "step": 1920}
{"stage": "sequential-round-coordinate", "pid": 113536, "time": 1789711484.825572, "cuda_visible_devices": "2", "allocated_gib": 5.225533962249756, "reserved_gib": 8.041015625, "peak_allocated_gib": 7.100478649139404, "gpu_time_budget": null, "module": "model.layers.26.mlp.down_proj", "step": 2048}
{"stage": "sequential-round-coordinate", "pid": 113536, "time": 1789711485.6908262, "cuda_visible_devices": "2", "allocated_gib": 5.225533962249756, "reserved_gib": 8.041015625, "peak_allocated_gib": 7.100478649139404, "gpu_time_budget": null, "module": "model.layers.26.mlp.down_proj", "step": 2176}
{"stage": "sequential-round-coordinate", "pid": 113536, "time": 1789711486.5835094, "cuda_visible_devices": "2", "allocated_gib": 5.225533962249756, "reserved_gib": 8.041015625, "peak_allocated_gib": 7.100478649139404, "gpu_time_budget": null, "module": "model.layers.26.mlp.down_proj", "step": 2304}
{"stage": "sequential-round-coordinate", "pid": 113536, "time": 1789711487.4784036, "cuda_visible_devices": "2", "allocated_gib": 5.225533962249756, "reserved_gib": 8.041015625, "peak_allocated_gib": 7.100478649139404, "gpu_time_budget": null, "module": "model.layers.26.mlp.down_proj", "step": 2432}
{"stage": "sequential-round-coordinate", "pid": 113536, "time": 1789711488.3672647, "cuda_visible_devices": "2", "allocated_gib": 5.225533962249756, "reserved_gib": 8.041015625, "peak_allocated_gib": 7.100478649139404, "gpu_time_budget": null, "module": "model.layers.26.mlp.down_proj", "step": 2560}
{"stage": "sequential-round-coordinate", "pid": 113536, "time": 1789711489.2561038, "cuda_visible_devices": "2", "allocated_gib": 5.225533962249756, "reserved_gib": 8.041015625, "peak_allocated_gib": 7.100478649139404, "gpu_time_budget": null, "module": "model.layers.26.mlp.down_proj", "step": 2688}
{"stage": "sequential-round-coordinate", "pid": 113536, "time": 1789711490.1453974, "cuda_visible_devices": "2", "allocated_gib": 5.225533962249756, "reserved_gib": 8.041015625, "peak_allocated_gib": 7.100478649139404, "gpu_time_budget": null, "module": "model.layers.26.mlp.down_proj", "step": 2816}
{"stage": "sequential-round-coordinate", "pid": 113536, "time": 1789711491.028323, "cuda_visible_devices": "2", "allocated_gib": 5.225533962249756, "reserved_gib": 8.041015625, "peak_allocated_gib": 7.100478649139404, "gpu_time_budget": null, "module": "model.layers.26.mlp.down_proj", "step": 2944}
{"stage": "sequential-round-coordinate", "pid": 113536, "time": 1789711491.9172003, "cuda_visible_devices": "2", "allocated_gib": 5.225533962249756, "reserved_gib": 8.041015625, "peak_allocated_gib": 7.100478649139404, "gpu_time_budget": null, "module": "model.layers.26.mlp.down_proj", "step": 3072}
{"stage": "sequential-round-coordinate", "pid": 113536, "time": 1789711492.801554, "cuda_visible_devices": "2", "allocated_gib": 5.225533962249756, "reserved_gib": 8.041015625, "peak_allocated_gib": 7.100478649139404, "gpu_time_budget": null, "module": "model.layers.26.mlp.down_proj", "step": 3200}
{"stage": "sequential-round-coordinate", "pid": 113536, "time": 1789711493.6975775, "cuda_visible_devices": "2", "allocated_gib": 5.225533962249756, "reserved_gib": 8.041015625, "peak_allocated_gib": 7.100478649139404, "gpu_time_budget": null, "module": "model.layers.26.mlp.down_proj", "step": 3328}
{"stage": "sequential-round-coordinate", "pid": 113536, "time": 1789711494.5863059, "cuda_visible_devices": "2", "allocated_gib": 5.225533962249756, "reserved_gib": 8.041015625, "peak_allocated_gib": 7.100478649139404, "gpu_time_budget": null, "module": "model.layers.26.mlp.down_proj", "step": 3456}
{"stage": "sequential-round-coordinate", "pid": 113536, "time": 1789711495.4745426, "cuda_visible_devices": "2", "allocated_gib": 5.225533962249756, "reserved_gib": 8.041015625, "peak_allocated_gib": 7.100478649139404, "gpu_time_budget": null, "module": "model.layers.26.mlp.down_proj", "step": 3584}
{"stage": "sequential-round-coordinate", "pid": 113536, "time": 1789711496.363493, "cuda_visible_devices": "2", "allocated_gib": 5.225533962249756, "reserved_gib": 8.041015625, "peak_allocated_gib": 7.100478649139404, "gpu_time_budget": null, "module": "model.layers.26.mlp.down_proj", "step": 3712}
{"stage": "sequential-round-coordinate", "pid": 113536, "time": 1789711497.2477038, "cuda_visible_devices": "2", "allocated_gib": 5.225533962249756, "reserved_gib": 8.041015625, "peak_allocated_gib": 7.100478649139404, "gpu_time_budget": null, "module": "model.layers.26.mlp.down_proj", "step": 3840}
{"stage": "sequential-round-coordinate", "pid": 113536, "time": 1789711498.1394634, "cuda_visible_devices": "2", "allocated_gib": 5.225533962249756, "reserved_gib": 8.041015625, "peak_allocated_gib": 7.100478649139404, "gpu_time_budget": null, "module": "model.layers.26.mlp.down_proj", "step": 3968}
{"stage": "sequential-round-coordinate", "pid": 113536, "time": 1789711499.0291529, "cuda_visible_devices": "2", "allocated_gib": 5.225533962249756, "reserved_gib": 8.041015625, "peak_allocated_gib": 7.100478649139404, "gpu_time_budget": null, "module": "model.layers.26.mlp.down_proj", "step": 4096}
{"stage": "sequential-round-coordinate", "pid": 113536, "time": 1789711499.918489, "cuda_visible_devices": "2", "allocated_gib": 5.225533962249756, "reserved_gib": 8.041015625, "peak_allocated_gib": 7.100478649139404, "gpu_time_budget": null, "module": "model.layers.26.mlp.down_proj", "step": 4224}
{"stage": "sequential-round-coordinate", "pid": 113536, "time": 1789711500.8066578, "cuda_visible_devices": "2", "allocated_gib": 5.225533962249756, "reserved_gib": 8.041015625, "peak_allocated_gib": 7.100478649139404, "gpu_time_budget": null, "module": "model.layers.26.mlp.down_proj", "step": 4352}
{"stage": "sequential-round-coordinate", "pid": 113536, "time": 1789711501.6957815, "cuda_visible_devices": "2", "allocated_gib": 5.225533962249756, "reserved_gib": 8.041015625, "peak_allocated_gib": 7.100478649139404, "gpu_time_budget": null, "module": "model.layers.26.mlp.down_proj", "step": 4480}
{"stage": "sequential-round-coordinate", "pid": 113536, "time": 1789711502.5840724, "cuda_visible_devices": "2", "allocated_gib": 5.225533962249756, "reserved_gib": 8.041015625, "peak_allocated_gib": 7.100478649139404, "gpu_time_budget": null, "module": "model.layers.26.mlp.down_proj", "step": 4608}
{"stage": "sequential-round-coordinate", "pid": 113536, "time": 1789711503.471793, "cuda_visible_devices": "2", "allocated_gib": 5.225533962249756, "reserved_gib": 8.041015625, "peak_allocated_gib": 7.100478649139404, "gpu_time_budget": null, "module": "model.layers.26.mlp.down_proj", "step": 4736}
{"stage": "sequential-round-coordinate", "pid": 113536, "time": 1789711504.3660834, "cuda_visible_devices": "2", "allocated_gib": 5.225533962249756, "reserved_gib": 8.041015625, "peak_allocated_gib": 7.100478649139404, "gpu_time_budget": null, "module": "model.layers.26.mlp.down_proj", "step": 4864}
{"stage": "sequential-round-coordinate", "pid": 113536, "time": 1789711505.2559211, "cuda_visible_devices": "2", "allocated_gib": 5.225533962249756, "reserved_gib": 8.041015625, "peak_allocated_gib": 7.100478649139404, "gpu_time_budget": null, "module": "model.layers.26.mlp.down_proj", "step": 4992}
{"stage": "sequential-round-coordinate", "pid": 113536, "time": 1789711506.1487484, "cuda_visible_devices": "2", "allocated_gib": 5.225533962249756, "reserved_gib": 8.041015625, "peak_allocated_gib": 7.100478649139404, "gpu_time_budget": null, "module": "model.layers.26.mlp.down_proj", "step": 5120}
{"stage": "sequential-round-coordinate", "pid": 113536, "time": 1789711507.0369542, "cuda_visible_devices": "2", "allocated_gib": 5.225533962249756, "reserved_gib": 8.041015625, "peak_allocated_gib": 7.100478649139404, "gpu_time_budget": null, "module": "model.layers.26.mlp.down_proj", "step": 5248}
{"stage": "sequential-round-coordinate", "pid": 113536, "time": 1789711507.9244127, "cuda_visible_devices": "2", "allocated_gib": 5.225533962249756, "reserved_gib": 8.041015625, "peak_allocated_gib": 7.100478649139404, "gpu_time_budget": null, "module": "model.layers.26.mlp.down_proj", "step": 5376}
{"stage": "sequential-round-coordinate", "pid": 113536, "time": 1789711508.527424, "cuda_visible_devices": "2", "allocated_gib": 5.225533962249756, "reserved_gib": 8.041015625, "peak_allocated_gib": 7.100478649139404, "gpu_time_budget": null, "module": "model.layers.26.mlp.down_proj", "step": 5504}
{"stage": "sequential-round-coordinate", "pid": 113536, "time": 1789711509.2619233, "cuda_visible_devices": "2", "allocated_gib": 5.225533962249756, "reserved_gib": 8.041015625, "peak_allocated_gib": 7.100478649139404, "gpu_time_budget": null, "module": "model.layers.26.mlp.down_proj", "step": 5632}
{"stage": "sequential-round-coordinate", "pid": 113536, "time": 1789711509.9956214, "cuda_visible_devices": "2", "allocated_gib": 5.225533962249756, "reserved_gib": 8.041015625, "peak_allocated_gib": 7.100478649139404, "gpu_time_budget": null, "module": "model.layers.26.mlp.down_proj", "step": 5760}
{"stage": "sequential-round-coordinate", "pid": 113536, "time": 1789711510.691937, "cuda_visible_devices": "2", "allocated_gib": 5.225533962249756, "reserved_gib": 8.041015625, "peak_allocated_gib": 7.100478649139404, "gpu_time_budget": null, "module": "model.layers.26.mlp.down_proj", "step": 5888}
{"stage": "sequential-round-coordinate", "pid": 113536, "time": 1789711511.3830094, "cuda_visible_devices": "2", "allocated_gib": 5.225533962249756, "reserved_gib": 8.041015625, "peak_allocated_gib": 7.100478649139404, "gpu_time_budget": null, "module": "model.layers.26.mlp.down_proj", "step": 6016}
{"stage": "sequential-round-coordinate", "pid": 113536, "time": 1789711512.073103, "cuda_visible_devices": "2", "allocated_gib": 5.225533962249756, "reserved_gib": 8.041015625, "peak_allocated_gib": 7.100478649139404, "gpu_time_budget": null, "module": "model.layers.26.mlp.down_proj", "step": 6144}
{"stage": "sequential-round-coordinate", "pid": 113536, "time": 1789711512.7756443, "cuda_visible_devices": "2", "allocated_gib": 5.225533962249756, "reserved_gib": 8.041015625, "peak_allocated_gib": 7.100478649139404, "gpu_time_budget": null, "module": "model.layers.26.mlp.down_proj", "step": 6272}
{"stage": "sequential-round-coordinate", "pid": 113536, "time": 1789711513.425268, "cuda_visible_devices": "2", "allocated_gib": 5.225533962249756, "reserved_gib": 8.041015625, "peak_allocated_gib": 7.100478649139404, "gpu_time_budget": null, "module": "model.layers.26.mlp.down_proj", "step": 6400}
{"stage": "sequential-round-coordinate", "pid": 113536, "time": 1789711514.0230677, "cuda_visible_devices": "2", "allocated_gib": 5.225533962249756, "reserved_gib": 8.041015625, "peak_allocated_gib": 7.100478649139404, "gpu_time_budget": null, "module": "model.layers.26.mlp.down_proj", "step": 6528}
{"stage": "sequential-round-coordinate", "pid": 113536, "time": 1789711514.6213427, "cuda_visible_devices": "2", "allocated_gib": 5.225533962249756, "reserved_gib": 8.041015625, "peak_allocated_gib": 7.100478649139404, "gpu_time_budget": null, "module": "model.layers.26.mlp.down_proj", "step": 6656}
{"stage": "sequential-round-coordinate", "pid": 113536, "time": 1789711515.224961, "cuda_visible_devices": "2", "allocated_gib": 5.225533962249756, "reserved_gib": 8.041015625, "peak_allocated_gib": 7.100478649139404, "gpu_time_budget": null, "module": "model.layers.26.mlp.down_proj", "step": 6784}
{"stage": "sequential-round-coordinate", "pid": 113536, "time": 1789711515.8290334, "cuda_visible_devices": "2", "allocated_gib": 5.225533962249756, "reserved_gib": 8.041015625, "peak_allocated_gib": 7.100478649139404, "gpu_time_budget": null, "module": "model.layers.26.mlp.down_proj", "step": 6912}
{"stage": "sequential-round-coordinate", "pid": 113536, "time": 1789711516.4244008, "cuda_visible_devices": "2", "allocated_gib": 5.225533962249756, "reserved_gib": 8.041015625, "peak_allocated_gib": 7.100478649139404, "gpu_time_budget": null, "module": "model.layers.26.mlp.down_proj", "step": 7040}
{"stage": "sequential-round-coordinate", "pid": 113536, "time": 1789711517.0232093, "cuda_visible_devices": "2", "allocated_gib": 5.225533962249756, "reserved_gib": 8.041015625, "peak_allocated_gib": 7.100478649139404, "gpu_time_budget": null, "module": "model.layers.26.mlp.down_proj", "step": 7168}
{"stage": "sequential-round-coordinate", "pid": 113536, "time": 1789711517.6207356, "cuda_visible_devices": "2", "allocated_gib": 5.225533962249756, "reserved_gib": 8.041015625, "peak_allocated_gib": 7.100478649139404, "gpu_time_budget": null, "module": "model.layers.26.mlp.down_proj", "step": 7296}
{"stage": "sequential-round-coordinate", "pid": 113536, "time": 1789711518.218312, "cuda_visible_devices": "2", "allocated_gib": 5.225533962249756, "reserved_gib": 8.041015625, "peak_allocated_gib": 7.100478649139404, "gpu_time_budget": null, "module": "model.layers.26.mlp.down_proj", "step": 7424}
{"stage": "sequential-round-coordinate", "pid": 113536, "time": 1789711518.8218482, "cuda_visible_devices": "2", "allocated_gib": 5.225533962249756, "reserved_gib": 8.041015625, "peak_allocated_gib": 7.100478649139404, "gpu_time_budget": null, "module": "model.layers.26.mlp.down_proj", "step": 7552}
{"stage": "sequential-round-coordinate", "pid": 113536, "time": 1789711519.4205775, "cuda_visible_devices": "2", "allocated_gib": 5.225533962249756, "reserved_gib": 8.041015625, "peak_allocated_gib": 7.100478649139404, "gpu_time_budget": null, "module": "model.layers.26.mlp.down_proj", "step": 7680}
{"stage": "sequential-round-coordinate", "pid": 113536, "time": 1789711520.0171325, "cuda_visible_devices": "2", "allocated_gib": 5.225533962249756, "reserved_gib": 8.041015625, "peak_allocated_gib": 7.100478649139404, "gpu_time_budget": null, "module": "model.layers.26.mlp.down_proj", "step": 7808}
{"stage": "sequential-round-coordinate", "pid": 113536, "time": 1789711520.6105149, "cuda_visible_devices": "2", "allocated_gib": 5.225533962249756, "reserved_gib": 8.041015625, "peak_allocated_gib": 7.100478649139404, "gpu_time_budget": null, "module": "model.layers.26.mlp.down_proj", "step": 7936}
{"stage": "sequential-round-coordinate", "pid": 113536, "time": 1789711521.2049813, "cuda_visible_devices": "2", "allocated_gib": 5.225533962249756, "reserved_gib": 8.041015625, "peak_allocated_gib": 7.100478649139404, "gpu_time_budget": null, "module": "model.layers.26.mlp.down_proj", "step": 8064}
{"stage": "sequential-round-coordinate", "pid": 113536, "time": 1789711521.8678606, "cuda_visible_devices": "2", "allocated_gib": 5.225533962249756, "reserved_gib": 8.041015625, "peak_allocated_gib": 7.100478649139404, "gpu_time_budget": null, "module": "model.layers.26.mlp.down_proj", "step": 8192}
{"stage": "sequential-round-train-nll", "pid": 113536, "time": 1789711521.9168444, "cuda_visible_devices": "2", "allocated_gib": 3.795783519744873, "reserved_gib": 3.80078125, "peak_allocated_gib": 7.100478649139404, "gpu_time_budget": null, "module": "model.layers.26.mlp.down_proj", "step": 512}
Evaluation segment 1/1: start=0, windows=8, seqlen=2048
{"stage": "sequential-round-train-nll", "pid": 113536, "time": 1789711525.11566, "cuda_visible_devices": "2", "allocated_gib": 3.795783519744873, "reserved_gib": 5.791015625, "peak_allocated_gib": 7.100478649139404, "gpu_time_budget": null, "module": "model.layers.26.mlp.down_proj", "step": 2048}
Evaluation segment 1/1: start=0, windows=8, seqlen=2048
{"stage": "sequential-module-completed", "pid": 113536, "time": 1789711530.6592257, "cuda_visible_devices": "2", "allocated_gib": 3.795783519744873, "reserved_gib": 5.791015625, "peak_allocated_gib": 7.100478649139404, "gpu_time_budget": null, "module": "model.layers.26.mlp.down_proj", "completed": 27, "total": 28, "selected_train_nll": 2.826277790346091, "elapsed_seconds": 1872.0935270279879}
{"stage": "sequential-round-fit", "pid": 113536, "time": 1789711544.20407, "cuda_visible_devices": "2", "allocated_gib": 3.795783519744873, "reserved_gib": 5.791015625, "peak_allocated_gib": 7.100478649139404, "gpu_time_budget": null, "module": "model.layers.27.mlp.down_proj", "fit_rows": 49152, "heldout_rows": 16384}
{"stage": "sequential-round-coordinate", "pid": 113536, "time": 1789711545.395233, "cuda_visible_devices": "2", "allocated_gib": 5.225533962249756, "reserved_gib": 8.041015625, "peak_allocated_gib": 7.100478649139404, "gpu_time_budget": null, "module": "model.layers.27.mlp.down_proj", "step": 128}
{"stage": "sequential-round-coordinate", "pid": 113536, "time": 1789711546.2860951, "cuda_visible_devices": "2", "allocated_gib": 5.225533962249756, "reserved_gib": 8.041015625, "peak_allocated_gib": 7.100478649139404, "gpu_time_budget": null, "module": "model.layers.27.mlp.down_proj", "step": 256}
{"stage": "sequential-round-coordinate", "pid": 113536, "time": 1789711547.1766136, "cuda_visible_devices": "2", "allocated_gib": 5.225533962249756, "reserved_gib": 8.041015625, "peak_allocated_gib": 7.100478649139404, "gpu_time_budget": null, "module": "model.layers.27.mlp.down_proj", "step": 384}
{"stage": "sequential-round-coordinate", "pid": 113536, "time": 1789711548.1423552, "cuda_visible_devices": "2", "allocated_gib": 5.225533962249756, "reserved_gib": 8.041015625, "peak_allocated_gib": 7.100478649139404, "gpu_time_budget": null, "module": "model.layers.27.mlp.down_proj", "step": 512}
{"stage": "sequential-round-coordinate", "pid": 113536, "time": 1789711549.0313609, "cuda_visible_devices": "2", "allocated_gib": 5.225533962249756, "reserved_gib": 8.041015625, "peak_allocated_gib": 7.100478649139404, "gpu_time_budget": null, "module": "model.layers.27.mlp.down_proj", "step": 640}
{"stage": "sequential-round-coordinate", "pid": 113536, "time": 1789711549.9212222, "cuda_visible_devices": "2", "allocated_gib": 5.225533962249756, "reserved_gib": 8.041015625, "peak_allocated_gib": 7.100478649139404, "gpu_time_budget": null, "module": "model.layers.27.mlp.down_proj", "step": 768}
{"stage": "sequential-round-coordinate", "pid": 113536, "time": 1789711550.8100405, "cuda_visible_devices": "2", "allocated_gib": 5.225533962249756, "reserved_gib": 8.041015625, "peak_allocated_gib": 7.100478649139404, "gpu_time_budget": null, "module": "model.layers.27.mlp.down_proj", "step": 896}
{"stage": "sequential-round-coordinate", "pid": 113536, "time": 1789711551.6988897, "cuda_visible_devices": "2", "allocated_gib": 5.225533962249756, "reserved_gib": 8.041015625, "peak_allocated_gib": 7.100478649139404, "gpu_time_budget": null, "module": "model.layers.27.mlp.down_proj", "step": 1024}
{"stage": "sequential-round-coordinate", "pid": 113536, "time": 1789711552.5884016, "cuda_visible_devices": "2", "allocated_gib": 5.225533962249756, "reserved_gib": 8.041015625, "peak_allocated_gib": 7.100478649139404, "gpu_time_budget": null, "module": "model.layers.27.mlp.down_proj", "step": 1152}
{"stage": "sequential-round-coordinate", "pid": 113536, "time": 1789711553.477983, "cuda_visible_devices": "2", "allocated_gib": 5.225533962249756, "reserved_gib": 8.041015625, "peak_allocated_gib": 7.100478649139404, "gpu_time_budget": null, "module": "model.layers.27.mlp.down_proj", "step": 1280}
{"stage": "sequential-round-coordinate", "pid": 113536, "time": 1789711554.364953, "cuda_visible_devices": "2", "allocated_gib": 5.225533962249756, "reserved_gib": 8.041015625, "peak_allocated_gib": 7.100478649139404, "gpu_time_budget": null, "module": "model.layers.27.mlp.down_proj", "step": 1408}
{"stage": "sequential-round-coordinate", "pid": 113536, "time": 1789711555.2523267, "cuda_visible_devices": "2", "allocated_gib": 5.225533962249756, "reserved_gib": 8.041015625, "peak_allocated_gib": 7.100478649139404, "gpu_time_budget": null, "module": "model.layers.27.mlp.down_proj", "step": 1536}
{"stage": "sequential-round-coordinate", "pid": 113536, "time": 1789711556.1405964, "cuda_visible_devices": "2", "allocated_gib": 5.225533962249756, "reserved_gib": 8.041015625, "peak_allocated_gib": 7.100478649139404, "gpu_time_budget": null, "module": "model.layers.27.mlp.down_proj", "step": 1664}
{"stage": "sequential-round-coordinate", "pid": 113536, "time": 1789711557.0287838, "cuda_visible_devices": "2", "allocated_gib": 5.225533962249756, "reserved_gib": 8.041015625, "peak_allocated_gib": 7.100478649139404, "gpu_time_budget": null, "module": "model.layers.27.mlp.down_proj", "step": 1792}
{"stage": "sequential-round-coordinate", "pid": 113536, "time": 1789711557.9195707, "cuda_visible_devices": "2", "allocated_gib": 5.225533962249756, "reserved_gib": 8.041015625, "peak_allocated_gib": 7.100478649139404, "gpu_time_budget": null, "module": "model.layers.27.mlp.down_proj", "step": 1920}
{"stage": "sequential-round-coordinate", "pid": 113536, "time": 1789711558.8852487, "cuda_visible_devices": "2", "allocated_gib": 5.225533962249756, "reserved_gib": 8.041015625, "peak_allocated_gib": 7.100478649139404, "gpu_time_budget": null, "module": "model.layers.27.mlp.down_proj", "step": 2048}
{"stage": "sequential-round-coordinate", "pid": 113536, "time": 1789711559.7733967, "cuda_visible_devices": "2", "allocated_gib": 5.225533962249756, "reserved_gib": 8.041015625, "peak_allocated_gib": 7.100478649139404, "gpu_time_budget": null, "module": "model.layers.27.mlp.down_proj", "step": 2176}
{"stage": "sequential-round-coordinate", "pid": 113536, "time": 1789711560.6654382, "cuda_visible_devices": "2", "allocated_gib": 5.225533962249756, "reserved_gib": 8.041015625, "peak_allocated_gib": 7.100478649139404, "gpu_time_budget": null, "module": "model.layers.27.mlp.down_proj", "step": 2304}
{"stage": "sequential-round-coordinate", "pid": 113536, "time": 1789711561.5521278, "cuda_visible_devices": "2", "allocated_gib": 5.225533962249756, "reserved_gib": 8.041015625, "peak_allocated_gib": 7.100478649139404, "gpu_time_budget": null, "module": "model.layers.27.mlp.down_proj", "step": 2432}
{"stage": "sequential-round-coordinate", "pid": 113536, "time": 1789711562.441636, "cuda_visible_devices": "2", "allocated_gib": 5.225533962249756, "reserved_gib": 8.041015625, "peak_allocated_gib": 7.100478649139404, "gpu_time_budget": null, "module": "model.layers.27.mlp.down_proj", "step": 2560}
{"stage": "sequential-round-coordinate", "pid": 113536, "time": 1789711563.3316593, "cuda_visible_devices": "2", "allocated_gib": 5.225533962249756, "reserved_gib": 8.041015625, "peak_allocated_gib": 7.100478649139404, "gpu_time_budget": null, "module": "model.layers.27.mlp.down_proj", "step": 2688}
{"stage": "sequential-round-coordinate", "pid": 113536, "time": 1789711564.2157695, "cuda_visible_devices": "2", "allocated_gib": 5.225533962249756, "reserved_gib": 8.041015625, "peak_allocated_gib": 7.100478649139404, "gpu_time_budget": null, "module": "model.layers.27.mlp.down_proj", "step": 2816}
{"stage": "sequential-round-coordinate", "pid": 113536, "time": 1789711565.1023445, "cuda_visible_devices": "2", "allocated_gib": 5.225533962249756, "reserved_gib": 8.041015625, "peak_allocated_gib": 7.100478649139404, "gpu_time_budget": null, "module": "model.layers.27.mlp.down_proj", "step": 2944}
{"stage": "sequential-round-coordinate", "pid": 113536, "time": 1789711565.9909036, "cuda_visible_devices": "2", "allocated_gib": 5.225533962249756, "reserved_gib": 8.041015625, "peak_allocated_gib": 7.100478649139404, "gpu_time_budget": null, "module": "model.layers.27.mlp.down_proj", "step": 3072}
{"stage": "sequential-round-coordinate", "pid": 113536, "time": 1789711566.8814979, "cuda_visible_devices": "2", "allocated_gib": 5.225533962249756, "reserved_gib": 8.041015625, "peak_allocated_gib": 7.100478649139404, "gpu_time_budget": null, "module": "model.layers.27.mlp.down_proj", "step": 3200}
{"stage": "sequential-round-coordinate", "pid": 113536, "time": 1789711567.7716568, "cuda_visible_devices": "2", "allocated_gib": 5.225533962249756, "reserved_gib": 8.041015625, "peak_allocated_gib": 7.100478649139404, "gpu_time_budget": null, "module": "model.layers.27.mlp.down_proj", "step": 3328}
{"stage": "sequential-round-coordinate", "pid": 113536, "time": 1789711568.660526, "cuda_visible_devices": "2", "allocated_gib": 5.225533962249756, "reserved_gib": 8.041015625, "peak_allocated_gib": 7.100478649139404, "gpu_time_budget": null, "module": "model.layers.27.mlp.down_proj", "step": 3456}
{"stage": "sequential-round-coordinate", "pid": 113536, "time": 1789711569.5517085, "cuda_visible_devices": "2", "allocated_gib": 5.225533962249756, "reserved_gib": 8.041015625, "peak_allocated_gib": 7.100478649139404, "gpu_time_budget": null, "module": "model.layers.27.mlp.down_proj", "step": 3584}
{"stage": "sequential-round-coordinate", "pid": 113536, "time": 1789711570.4406297, "cuda_visible_devices": "2", "allocated_gib": 5.225533962249756, "reserved_gib": 8.041015625, "peak_allocated_gib": 7.100478649139404, "gpu_time_budget": null, "module": "model.layers.27.mlp.down_proj", "step": 3712}
{"stage": "sequential-round-coordinate", "pid": 113536, "time": 1789711571.1872404, "cuda_visible_devices": "2", "allocated_gib": 5.225533962249756, "reserved_gib": 8.041015625, "peak_allocated_gib": 7.100478649139404, "gpu_time_budget": null, "module": "model.layers.27.mlp.down_proj", "step": 3840}
{"stage": "sequential-round-coordinate", "pid": 113536, "time": 1789711571.8784666, "cuda_visible_devices": "2", "allocated_gib": 5.225533962249756, "reserved_gib": 8.041015625, "peak_allocated_gib": 7.100478649139404, "gpu_time_budget": null, "module": "model.layers.27.mlp.down_proj", "step": 3968}
{"stage": "sequential-round-coordinate", "pid": 113536, "time": 1789711572.5699189, "cuda_visible_devices": "2", "allocated_gib": 5.225533962249756, "reserved_gib": 8.041015625, "peak_allocated_gib": 7.100478649139404, "gpu_time_budget": null, "module": "model.layers.27.mlp.down_proj", "step": 4096}
{"stage": "sequential-round-coordinate", "pid": 113536, "time": 1789711573.2636123, "cuda_visible_devices": "2", "allocated_gib": 5.225533962249756, "reserved_gib": 8.041015625, "peak_allocated_gib": 7.100478649139404, "gpu_time_budget": null, "module": "model.layers.27.mlp.down_proj", "step": 4224}
{"stage": "sequential-round-coordinate", "pid": 113536, "time": 1789711573.9709027, "cuda_visible_devices": "2", "allocated_gib": 5.225533962249756, "reserved_gib": 8.041015625, "peak_allocated_gib": 7.100478649139404, "gpu_time_budget": null, "module": "model.layers.27.mlp.down_proj", "step": 4352}
{"stage": "sequential-round-coordinate", "pid": 113536, "time": 1789711574.7020364, "cuda_visible_devices": "2", "allocated_gib": 5.225533962249756, "reserved_gib": 8.041015625, "peak_allocated_gib": 7.100478649139404, "gpu_time_budget": null, "module": "model.layers.27.mlp.down_proj", "step": 4480}
{"stage": "sequential-round-coordinate", "pid": 113536, "time": 1789711575.4290142, "cuda_visible_devices": "2", "allocated_gib": 5.225533962249756, "reserved_gib": 8.041015625, "peak_allocated_gib": 7.100478649139404, "gpu_time_budget": null, "module": "model.layers.27.mlp.down_proj", "step": 4608}
{"stage": "sequential-round-coordinate", "pid": 113536, "time": 1789711576.1013293, "cuda_visible_devices": "2", "allocated_gib": 5.225533962249756, "reserved_gib": 8.041015625, "peak_allocated_gib": 7.100478649139404, "gpu_time_budget": null, "module": "model.layers.27.mlp.down_proj", "step": 4736}
{"stage": "sequential-round-coordinate", "pid": 113536, "time": 1789711576.7930458, "cuda_visible_devices": "2", "allocated_gib": 5.225533962249756, "reserved_gib": 8.041015625, "peak_allocated_gib": 7.100478649139404, "gpu_time_budget": null, "module": "model.layers.27.mlp.down_proj", "step": 4864}
{"stage": "sequential-round-coordinate", "pid": 113536, "time": 1789711577.4848924, "cuda_visible_devices": "2", "allocated_gib": 5.225533962249756, "reserved_gib": 8.041015625, "peak_allocated_gib": 7.100478649139404, "gpu_time_budget": null, "module": "model.layers.27.mlp.down_proj", "step": 4992}
{"stage": "sequential-round-coordinate", "pid": 113536, "time": 1789711578.1761754, "cuda_visible_devices": "2", "allocated_gib": 5.225533962249756, "reserved_gib": 8.041015625, "peak_allocated_gib": 7.100478649139404, "gpu_time_budget": null, "module": "model.layers.27.mlp.down_proj", "step": 5120}
{"stage": "sequential-round-coordinate", "pid": 113536, "time": 1789711578.8676844, "cuda_visible_devices": "2", "allocated_gib": 5.225533962249756, "reserved_gib": 8.041015625, "peak_allocated_gib": 7.100478649139404, "gpu_time_budget": null, "module": "model.layers.27.mlp.down_proj", "step": 5248}
{"stage": "sequential-round-coordinate", "pid": 113536, "time": 1789711579.5607736, "cuda_visible_devices": "2", "allocated_gib": 5.225533962249756, "reserved_gib": 8.041015625, "peak_allocated_gib": 7.100478649139404, "gpu_time_budget": null, "module": "model.layers.27.mlp.down_proj", "step": 5376}
{"stage": "sequential-round-coordinate", "pid": 113536, "time": 1789711580.2835126, "cuda_visible_devices": "2", "allocated_gib": 5.225533962249756, "reserved_gib": 8.041015625, "peak_allocated_gib": 7.100478649139404, "gpu_time_budget": null, "module": "model.layers.27.mlp.down_proj", "step": 5504}
{"stage": "sequential-round-coordinate", "pid": 113536, "time": 1789711581.0153818, "cuda_visible_devices": "2", "allocated_gib": 5.225533962249756, "reserved_gib": 8.041015625, "peak_allocated_gib": 7.100478649139404, "gpu_time_budget": null, "module": "model.layers.27.mlp.down_proj", "step": 5632}
{"stage": "sequential-round-coordinate", "pid": 113536, "time": 1789711581.6772346, "cuda_visible_devices": "2", "allocated_gib": 5.225533962249756, "reserved_gib": 8.041015625, "peak_allocated_gib": 7.100478649139404, "gpu_time_budget": null, "module": "model.layers.27.mlp.down_proj", "step": 5760}
{"stage": "sequential-round-coordinate", "pid": 113536, "time": 1789711582.3959696, "cuda_visible_devices": "2", "allocated_gib": 5.225533962249756, "reserved_gib": 8.041015625, "peak_allocated_gib": 7.100478649139404, "gpu_time_budget": null, "module": "model.layers.27.mlp.down_proj", "step": 5888}
{"stage": "sequential-round-coordinate", "pid": 113536, "time": 1789711583.0876646, "cuda_visible_devices": "2", "allocated_gib": 5.225533962249756, "reserved_gib": 8.041015625, "peak_allocated_gib": 7.100478649139404, "gpu_time_budget": null, "module": "model.layers.27.mlp.down_proj", "step": 6016}
{"stage": "sequential-round-coordinate", "pid": 113536, "time": 1789711583.7826493, "cuda_visible_devices": "2", "allocated_gib": 5.225533962249756, "reserved_gib": 8.041015625, "peak_allocated_gib": 7.100478649139404, "gpu_time_budget": null, "module": "model.layers.27.mlp.down_proj", "step": 6144}
{"stage": "sequential-round-coordinate", "pid": 113536, "time": 1789711584.4748478, "cuda_visible_devices": "2", "allocated_gib": 5.225533962249756, "reserved_gib": 8.041015625, "peak_allocated_gib": 7.100478649139404, "gpu_time_budget": null, "module": "model.layers.27.mlp.down_proj", "step": 6272}
{"stage": "sequential-round-coordinate", "pid": 113536, "time": 1789711585.1672943, "cuda_visible_devices": "2", "allocated_gib": 5.225533962249756, "reserved_gib": 8.041015625, "peak_allocated_gib": 7.100478649139404, "gpu_time_budget": null, "module": "model.layers.27.mlp.down_proj", "step": 6400}
{"stage": "sequential-round-coordinate", "pid": 113536, "time": 1789711585.8623827, "cuda_visible_devices": "2", "allocated_gib": 5.225533962249756, "reserved_gib": 8.041015625, "peak_allocated_gib": 7.100478649139404, "gpu_time_budget": null, "module": "model.layers.27.mlp.down_proj", "step": 6528}
{"stage": "sequential-round-coordinate", "pid": 113536, "time": 1789711586.4192116, "cuda_visible_devices": "2", "allocated_gib": 5.225533962249756, "reserved_gib": 8.041015625, "peak_allocated_gib": 7.100478649139404, "gpu_time_budget": null, "module": "model.layers.27.mlp.down_proj", "step": 6656}
{"stage": "sequential-round-coordinate", "pid": 113536, "time": 1789711586.8549066, "cuda_visible_devices": "2", "allocated_gib": 5.225533962249756, "reserved_gib": 8.041015625, "peak_allocated_gib": 7.100478649139404, "gpu_time_budget": null, "module": "model.layers.27.mlp.down_proj", "step": 6784}
{"stage": "sequential-round-coordinate", "pid": 113536, "time": 1789711587.2847786, "cuda_visible_devices": "2", "allocated_gib": 5.225533962249756, "reserved_gib": 8.041015625, "peak_allocated_gib": 7.100478649139404, "gpu_time_budget": null, "module": "model.layers.27.mlp.down_proj", "step": 6912}
{"stage": "sequential-round-coordinate", "pid": 113536, "time": 1789711587.715036, "cuda_visible_devices": "2", "allocated_gib": 5.225533962249756, "reserved_gib": 8.041015625, "peak_allocated_gib": 7.100478649139404, "gpu_time_budget": null, "module": "model.layers.27.mlp.down_proj", "step": 7040}
{"stage": "sequential-round-coordinate", "pid": 113536, "time": 1789711588.1434016, "cuda_visible_devices": "2", "allocated_gib": 5.225533962249756, "reserved_gib": 8.041015625, "peak_allocated_gib": 7.100478649139404, "gpu_time_budget": null, "module": "model.layers.27.mlp.down_proj", "step": 7168}
{"stage": "sequential-round-coordinate", "pid": 113536, "time": 1789711588.5711575, "cuda_visible_devices": "2", "allocated_gib": 5.225533962249756, "reserved_gib": 8.041015625, "peak_allocated_gib": 7.100478649139404, "gpu_time_budget": null, "module": "model.layers.27.mlp.down_proj", "step": 7296}
{"stage": "sequential-round-coordinate", "pid": 113536, "time": 1789711588.998944, "cuda_visible_devices": "2", "allocated_gib": 5.225533962249756, "reserved_gib": 8.041015625, "peak_allocated_gib": 7.100478649139404, "gpu_time_budget": null, "module": "model.layers.27.mlp.down_proj", "step": 7424}
{"stage": "sequential-round-coordinate", "pid": 113536, "time": 1789711589.4278145, "cuda_visible_devices": "2", "allocated_gib": 5.225533962249756, "reserved_gib": 8.041015625, "peak_allocated_gib": 7.100478649139404, "gpu_time_budget": null, "module": "model.layers.27.mlp.down_proj", "step": 7552}
{"stage": "sequential-round-coordinate", "pid": 113536, "time": 1789711589.855953, "cuda_visible_devices": "2", "allocated_gib": 5.225533962249756, "reserved_gib": 8.041015625, "peak_allocated_gib": 7.100478649139404, "gpu_time_budget": null, "module": "model.layers.27.mlp.down_proj", "step": 7680}
{"stage": "sequential-round-coordinate", "pid": 113536, "time": 1789711590.284643, "cuda_visible_devices": "2", "allocated_gib": 5.225533962249756, "reserved_gib": 8.041015625, "peak_allocated_gib": 7.100478649139404, "gpu_time_budget": null, "module": "model.layers.27.mlp.down_proj", "step": 7808}
{"stage": "sequential-round-coordinate", "pid": 113536, "time": 1789711590.7114565, "cuda_visible_devices": "2", "allocated_gib": 5.225533962249756, "reserved_gib": 8.041015625, "peak_allocated_gib": 7.100478649139404, "gpu_time_budget": null, "module": "model.layers.27.mlp.down_proj", "step": 7936}
{"stage": "sequential-round-coordinate", "pid": 113536, "time": 1789711591.1400695, "cuda_visible_devices": "2", "allocated_gib": 5.225533962249756, "reserved_gib": 8.041015625, "peak_allocated_gib": 7.100478649139404, "gpu_time_budget": null, "module": "model.layers.27.mlp.down_proj", "step": 8064}
{"stage": "sequential-round-coordinate", "pid": 113536, "time": 1789711591.6090202, "cuda_visible_devices": "2", "allocated_gib": 5.225533962249756, "reserved_gib": 8.041015625, "peak_allocated_gib": 7.100478649139404, "gpu_time_budget": null, "module": "model.layers.27.mlp.down_proj", "step": 8192}
{"stage": "sequential-round-train-nll", "pid": 113536, "time": 1789711591.6479182, "cuda_visible_devices": "2", "allocated_gib": 3.795783519744873, "reserved_gib": 3.80078125, "peak_allocated_gib": 7.100478649139404, "gpu_time_budget": null, "module": "model.layers.27.mlp.down_proj", "step": 512}
Evaluation segment 1/1: start=0, windows=8, seqlen=2048
{"stage": "sequential-round-train-nll", "pid": 113536, "time": 1789711593.3374517, "cuda_visible_devices": "2", "allocated_gib": 3.795783519744873, "reserved_gib": 5.791015625, "peak_allocated_gib": 7.100478649139404, "gpu_time_budget": null, "module": "model.layers.27.mlp.down_proj", "step": 2048}
Evaluation segment 1/1: start=0, windows=8, seqlen=2048
{"stage": "sequential-round-train-nll", "pid": 113536, "time": 1789711595.018898, "cuda_visible_devices": "2", "allocated_gib": 3.795783519744873, "reserved_gib": 5.791015625, "peak_allocated_gib": 7.100478649139404, "gpu_time_budget": null, "module": "model.layers.27.mlp.down_proj", "step": 8192}
Evaluation segment 1/1: start=0, windows=8, seqlen=2048
{"stage": "sequential-module-completed", "pid": 113536, "time": 1789711596.8964984, "cuda_visible_devices": "2", "allocated_gib": 3.795783519744873, "reserved_gib": 5.791015625, "peak_allocated_gib": 7.100478649139404, "gpu_time_budget": null, "module": "model.layers.27.mlp.down_proj", "completed": 28, "total": 28, "selected_train_nll": 2.826277790346091, "elapsed_seconds": 1938.3308065249585}
Loading checkpoint shards:   0%|          | 0/2 [00:00<?, ?it/s]Loading checkpoint shards:  50%|█████     | 1/2 [00:00<00:00,  1.76it/s]Loading checkpoint shards: 100%|██████████| 2/2 [00:00<00:00,  3.50it/s]
{"stage": "sequential-full-validation", "pid": 113536, "time": 1789711624.808235, "cuda_visible_devices": "2", "allocated_gib": 3.795783519744873, "reserved_gib": 3.83984375, "peak_allocated_gib": 7.100478649139404, "gpu_time_budget": null}
Evaluation segment 1/2: start=0, windows=128, seqlen=2048
Evaluation segment 2/2: start=262144, windows=1, seqlen=193
{"stage": "completed", "pid": 113536, "time": 1789711664.3475978, "cuda_visible_devices": "2", "allocated_gib": 3.795783519744873, "reserved_gib": 5.79296875, "peak_allocated_gib": 7.100478649139404, "gpu_time_budget": null, "elapsed_seconds": 2005.7819022790063, "result": {"parent": "/home/dongpeiyan/projects/rotation-quant/runs/phase5/qwen3-1p7b/uniform-range-s43/static_w4a8.pt", "parent_metadata": {"parent": "/home/dongpeiyan/projects/rotation-quant/runs/phase5/qwen3-1p7b/uniform-down-round-s43/static_w4a8.pt", "mode": "sequential-range", "reference_state": "/home/dongpeiyan/projects/rotation-quant/runs/phase5/qwen3-1p7b/joint100-s43/checkpoint-0100/state.pt", "parent_metadata": {"parent": "/home/dongpeiyan/projects/rotation-quant/runs/phase5/qwen3-1p7b/uniform-initial-s43/static_w4a8.pt", "mode": "sequential-round", "reference_state": "/home/dongpeiyan/projects/rotation-quant/runs/phase5/qwen3-1p7b/joint100-s43/checkpoint-0100/state.pt", "parent_metadata": {"parent": "/home/dongpeiyan/projects/rotation-quant/runs/phase5/qwen3-1p7b/joint100-s43/checkpoint-0100/static_w4a8.pt", "method": "matched Joint100 down INT8 initialization; no postprocessing or QAT yet"}, "offline_only": true}, "offline_only": true}, "mode": "round", "initial_train_nll": 2.847781625433573, "selected_train_nll": 2.826277790346091, "completed_targets": ["model.layers.0.mlp.down_proj", "model.layers.1.mlp.down_proj", "model.layers.2.mlp.down_proj", "model.layers.3.mlp.down_proj", "model.layers.4.mlp.down_proj", "model.layers.5.mlp.down_proj", "model.layers.6.mlp.down_proj", "model.layers.7.mlp.down_proj", "model.layers.8.mlp.down_proj", "model.layers.9.mlp.down_proj", "model.layers.10.mlp.down_proj", "model.layers.11.mlp.down_proj", "model.layers.12.mlp.down_proj", "model.layers.13.mlp.down_proj", "model.layers.14.mlp.down_proj", "model.layers.15.mlp.down_proj", "model.layers.16.mlp.down_proj", "model.layers.17.mlp.down_proj", "model.layers.18.mlp.down_proj", "model.layers.19.mlp.down_proj", "model.layers.20.mlp.down_proj", "model.layers.21.mlp.down_proj", "model.layers.22.mlp.down_proj", "model.layers.23.mlp.down_proj", "model.layers.24.mlp.down_proj", "model.layers.25.mlp.down_proj", "model.layers.26.mlp.down_proj", "model.layers.27.mlp.down_proj"], "new_module_results": [{"module": "model.layers.0.mlp.down_proj", "selected_step": 0, "previous_train_nll": 2.847781625433573, "selected_train_nll": 2.847781625433573, "trials": [{"step": 0, "fit_mse": 0.00044693960808217525, "heldout_mse": 0.0006175210000947118, "changed_codes": 0, "train_nll": 2.847781625433573}, {"step": 512, "fit_mse": 0.0004439835320226848, "heldout_mse": 0.0006157383322715759, "changed_codes": 45730, "train_nll": 2.8503770823202284}, {"step": 2048, "fit_mse": 0.0004365441855043173, "heldout_mse": 0.0006113298004493117, "changed_codes": 160990, "train_nll": 2.852474208011521}, {"step": 8192, "fit_mse": 0.0004186733567621559, "heldout_mse": 0.0005998531123623252, "changed_codes": 413472, "train_nll": 2.849018076663788}]}, {"module": "model.layers.1.mlp.down_proj", "selected_step": 0, "previous_train_nll": 2.847781625433573, "selected_train_nll": 2.847781625433573, "trials": [{"step": 0, "fit_mse": 0.0015800980618223548, "heldout_mse": 0.0016219982644543052, "changed_codes": 0, "train_nll": 2.847781625433573}, {"step": 512, "fit_mse": 0.0010354144033044577, "heldout_mse": 0.0011482702102512121, "changed_codes": 481802, "train_nll": 2.854533227644163}, {"step": 2048, "fit_mse": 0.0008696885779500008, "heldout_mse": 0.0010941566433757544, "changed_codes": 1623812, "train_nll": 2.8545251001711183}, {"step": 8192, "fit_mse": 0.0007568397559225559, "heldout_mse": 0.0010725825559347868, "changed_codes": 2074555, "train_nll": 2.849789186438198}]}, {"module": "model.layers.2.mlp.down_proj", "selected_step": 13, "previous_train_nll": 2.847781625433573, "selected_train_nll": 2.8306442139668744, "trials": [{"step": 0, "fit_mse": 1.7554057836532593, "heldout_mse": 1.7306931018829346, "changed_codes": 0, "train_nll": 2.847781625433573}, {"step": 13, "fit_mse": 1.5184721946716309, "heldout_mse": 1.4355275630950928, "changed_codes": 2011, "train_nll": 2.8306442139668744}]}, {"module": "model.layers.3.mlp.down_proj", "selected_step": 8192, "previous_train_nll": 2.8306442139668744, "selected_train_nll": 2.8299067114719167, "trials": [{"step": 0, "fit_mse": 0.003945906180888414, "heldout_mse": 0.0038620182313024998, "changed_codes": 0, "train_nll": 2.8306442139668744}, {"step": 512, "fit_mse": 0.002642800100147724, "heldout_mse": 0.002912428230047226, "changed_codes": 460140, "train_nll": 2.8331700350847333}, {"step": 2048, "fit_mse": 0.0022608027793467045, "heldout_mse": 0.0028195700142532587, "changed_codes": 1259182, "train_nll": 2.831344866211557}, {"step": 8192, "fit_mse": 0.001965524395927787, "heldout_mse": 0.0027385191060602665, "changed_codes": 1669918, "train_nll": 2.8299067114719167}]}, {"module": "model.layers.4.mlp.down_proj", "selected_step": 0, "previous_train_nll": 2.8299067114719167, "selected_train_nll": 2.8299067114719167, "trials": [{"step": 0, "fit_mse": 0.00519274128600955, "heldout_mse": 0.0052453139796853065, "changed_codes": 0, "train_nll": 2.8299067114719167}, {"step": 512, "fit_mse": 0.003589810337871313, "heldout_mse": 0.003825185354799032, "changed_codes": 457623, "train_nll": 2.8316965252868247}, {"step": 2048, "fit_mse": 0.0030844546854496002, "heldout_mse": 0.003565962892025709, "changed_codes": 1224385, "train_nll": 2.8308448681406424}, {"step": 8192, "fit_mse": 0.002694180700927973, "heldout_mse": 0.003373207524418831, "changed_codes": 1590375, "train_nll": 2.8300676715960256}]}, {"module": "model.layers.5.mlp.down_proj", "selected_step": 0, "previous_train_nll": 2.8299067114719167, "selected_train_nll": 2.8299067114719167, "trials": [{"step": 0, "fit_mse": 0.006049006246030331, "heldout_mse": 0.006026421673595905, "changed_codes": 0, "train_nll": 2.8299067114719167}, {"step": 512, "fit_mse": 0.004510430619120598, "heldout_mse": 0.004670994356274605, "changed_codes": 407266, "train_nll": 2.8325438650289736}, {"step": 2048, "fit_mse": 0.003912836313247681, "heldout_mse": 0.004317037761211395, "changed_codes": 884209, "train_nll": 2.8306851578861965}, {"step": 8192, "fit_mse": 0.0033974675461649895, "heldout_mse": 0.0040479060262441635, "changed_codes": 1275228, "train_nll": 2.8338671264810023}]}, {"module": "model.layers.6.mlp.down_proj", "selected_step": 0, "previous_train_nll": 2.8299067114719167, "selected_train_nll": 2.8299067114719167, "trials": [{"step": 0, "fit_mse": 0.007334319408982992, "heldout_mse": 0.007408158853650093, "changed_codes": 0, "train_nll": 2.8299067114719167}, {"step": 512, "fit_mse": 0.005449883174151182, "heldout_mse": 0.005736100487411022, "changed_codes": 440385, "train_nll": 2.8304263056239756}, {"step": 2048, "fit_mse": 0.004731423687189817, "heldout_mse": 0.0052639152854681015, "changed_codes": 949148, "train_nll": 2.8324122734499713}, {"step": 8192, "fit_mse": 0.004140036646276712, "heldout_mse": 0.004932458512485027, "changed_codes": 1321474, "train_nll": 2.832533423667575}]}, {"module": "model.layers.7.mlp.down_proj", "selected_step": 0, "previous_train_nll": 2.8299067114719167, "selected_train_nll": 2.8299067114719167, "trials": [{"step": 0, "fit_mse": 0.005566329695284367, "heldout_mse": 0.006271359510719776, "changed_codes": 0, "train_nll": 2.8299067114719167}, {"step": 512, "fit_mse": 0.005410203244537115, "heldout_mse": 0.006182963494211435, "changed_codes": 163138, "train_nll": 2.8303560968496053}, {"step": 2048, "fit_mse": 0.005238208919763565, "heldout_mse": 0.006104436703026295, "changed_codes": 361580, "train_nll": 2.8305068596194976}, {"step": 8192, "fit_mse": 0.004943119361996651, "heldout_mse": 0.005964852869510651, "changed_codes": 674559, "train_nll": 2.8305723330866233}]}, {"module": "model.layers.8.mlp.down_proj", "selected_step": 512, "previous_train_nll": 2.8299067114719167, "selected_train_nll": 2.8292837880741644, "trials": [{"step": 0, "fit_mse": 0.010726901702582836, "heldout_mse": 0.010906108655035496, "changed_codes": 0, "train_nll": 2.8299067114719167}, {"step": 512, "fit_mse": 0.007762758992612362, "heldout_mse": 0.008255919441580772, "changed_codes": 459121, "train_nll": 2.8292837880741644}, {"step": 2048, "fit_mse": 0.006726845167577267, "heldout_mse": 0.00760306604206562, "changed_codes": 1008670, "train_nll": 2.830796957742525}, {"step": 8192, "fit_mse": 0.0058924853801727295, "heldout_mse": 0.007163061760365963, "changed_codes": 1386401, "train_nll": 2.8301096520397855}]}, {"module": "model.layers.9.mlp.down_proj", "selected_step": 2048, "previous_train_nll": 2.8292837880741644, "selected_train_nll": 2.827574273984262, "trials": [{"step": 0, "fit_mse": 0.017996182665228844, "heldout_mse": 0.01828775554895401, "changed_codes": 0, "train_nll": 2.8292837880741644}, {"step": 512, "fit_mse": 0.011852649971842766, "heldout_mse": 0.012907742522656918, "changed_codes": 479054, "train_nll": 2.831168934075716}, {"step": 2048, "fit_mse": 0.01010606437921524, "heldout_mse": 0.011738586239516735, "changed_codes": 1141092, "train_nll": 2.827574273984262}, {"step": 8192, "fit_mse": 0.008789904415607452, "heldout_mse": 0.010989045724272728, "changed_codes": 1564462, "train_nll": 2.829161229625853}]}, {"module": "model.layers.10.mlp.down_proj", "selected_step": 2048, "previous_train_nll": 2.827574273984262, "selected_train_nll": 2.8268931042263983, "trials": [{"step": 0, "fit_mse": 0.025287315249443054, "heldout_mse": 0.0259048193693161, "changed_codes": 0, "train_nll": 2.827574273984262}, {"step": 512, "fit_mse": 0.017288153991103172, "heldout_mse": 0.018659207969903946, "changed_codes": 529228, "train_nll": 2.8282230699840345}, {"step": 2048, "fit_mse": 0.014541934244334698, "heldout_mse": 0.01677168905735016, "changed_codes": 1323790, "train_nll": 2.8268931042263983}, {"step": 8192, "fit_mse": 0.012534230947494507, "heldout_mse": 0.015654098242521286, "changed_codes": 1806839, "train_nll": 2.8271291676914236}]}, {"module": "model.layers.11.mlp.down_proj", "selected_step": 0, "previous_train_nll": 2.8268931042263983, "selected_train_nll": 2.8268931042263983, "trials": [{"step": 0, "fit_mse": 0.029143942520022392, "heldout_mse": 0.029556291177868843, "changed_codes": 0, "train_nll": 2.8268931042263983}, {"step": 512, "fit_mse": 0.019914913922548294, "heldout_mse": 0.021085727959871292, "changed_codes": 522540, "train_nll": 2.82902761479238}, {"step": 2048, "fit_mse": 0.016782477498054504, "heldout_mse": 0.01897861808538437, "changed_codes": 1267253, "train_nll": 2.827517743828879}, {"step": 8192, "fit_mse": 0.014436215162277222, "heldout_mse": 0.017720384523272514, "changed_codes": 1763348, "train_nll": 2.826961975939537}]}, {"module": "model.layers.12.mlp.down_proj", "selected_step": 0, "previous_train_nll": 2.8268931042263983, "selected_train_nll": 2.8268931042263983, "trials": [{"step": 0, "fit_mse": 0.03638238459825516, "heldout_mse": 0.03647037595510483, "changed_codes": 0, "train_nll": 2.8268931042263983}, {"step": 512, "fit_mse": 0.02472013607621193, "heldout_mse": 0.02585682086646557, "changed_codes": 547236, "train_nll": 2.8276205338096885}, {"step": 2048, "fit_mse": 0.02054791897535324, "heldout_mse": 0.02287345938384533, "changed_codes": 1375566, "train_nll": 2.82816116377688}, {"step": 8192, "fit_mse": 0.017505403608083725, "heldout_mse": 0.021186720579862595, "changed_codes": 1909269, "train_nll": 2.827076902105247}]}, {"module": "model.layers.13.mlp.down_proj", "selected_step": 512, "previous_train_nll": 2.8268931042263983, "selected_train_nll": 2.82687447417745, "trials": [{"step": 0, "fit_mse": 0.04412388056516647, "heldout_mse": 0.04414616525173187, "changed_codes": 0, "train_nll": 2.8268931042263983}, {"step": 512, "fit_mse": 0.030988184735178947, "heldout_mse": 0.03199820965528488, "changed_codes": 542228, "train_nll": 2.82687447417745}, {"step": 2048, "fit_mse": 0.026034414768218994, "heldout_mse": 0.028655793517827988, "changed_codes": 1373540, "train_nll": 2.827494837486874}, {"step": 8192, "fit_mse": 0.022266630083322525, "heldout_mse": 0.026694659143686295, "changed_codes": 1916609, "train_nll": 2.827171836058209}]}, {"module": "model.layers.14.mlp.down_proj", "selected_step": 8192, "previous_train_nll": 2.82687447417745, "selected_train_nll": 2.8268725546981393, "trials": [{"step": 0, "fit_mse": 0.06269985437393188, "heldout_mse": 0.06269563734531403, "changed_codes": 0, "train_nll": 2.82687447417745}, {"step": 512, "fit_mse": 0.04407033324241638, "heldout_mse": 0.04535209760069847, "changed_codes": 518210, "train_nll": 2.8269199760492727}, {"step": 2048, "fit_mse": 0.037191420793533325, "heldout_mse": 0.04073081165552139, "changed_codes": 1388181, "train_nll": 2.8270361488565103}, {"step": 8192, "fit_mse": 0.031804159283638, "heldout_mse": 0.038011953234672546, "changed_codes": 1975828, "train_nll": 2.8268725546981393}]}, {"module": "model.layers.15.mlp.down_proj", "selected_step": 0, "previous_train_nll": 2.8268725546981393, "selected_train_nll": 2.8268725546981393, "trials": [{"step": 0, "fit_mse": 0.09717762470245361, "heldout_mse": 0.09770037233829498, "changed_codes": 0, "train_nll": 2.8268725546981393}, {"step": 512, "fit_mse": 0.06436382234096527, "heldout_mse": 0.06680898368358612, "changed_codes": 507936, "train_nll": 2.8280157988019936}, {"step": 2048, "fit_mse": 0.05382881686091423, "heldout_mse": 0.05942392721772194, "changed_codes": 1504160, "train_nll": 2.8280485049443}, {"step": 8192, "fit_mse": 0.045909613370895386, "heldout_mse": 0.05524545907974243, "changed_codes": 2098766, "train_nll": 2.828428043512951}]}, {"module": "model.layers.16.mlp.down_proj", "selected_step": 0, "previous_train_nll": 2.8268725546981393, "selected_train_nll": 2.8268725546981393, "trials": [{"step": 0, "fit_mse": 0.26893606781959534, "heldout_mse": 0.26991671323776245, "changed_codes": 0, "train_nll": 2.8268725546981393}, {"step": 512, "fit_mse": 0.17190861701965332, "heldout_mse": 0.17924758791923523, "changed_codes": 393062, "train_nll": 2.829227016542729}, {"step": 2048, "fit_mse": 0.14310654997825623, "heldout_mse": 0.15910732746124268, "changed_codes": 1636241, "train_nll": 2.830043360399199}, {"step": 8192, "fit_mse": 0.12133227288722992, "heldout_mse": 0.14801125228405, "changed_codes": 2465263, "train_nll": 2.827193282433355}]}, {"module": "model.layers.17.mlp.down_proj", "selected_step": 0, "previous_train_nll": 2.8268725546981393, "selected_train_nll": 2.8268725546981393, "trials": [{"step": 0, "fit_mse": 0.3560457229614258, "heldout_mse": 0.35377582907676697, "changed_codes": 0, "train_nll": 2.8268725546981393}, {"step": 512, "fit_mse": 0.2332674264907837, "heldout_mse": 0.24070942401885986, "changed_codes": 368404, "train_nll": 2.8290889040824676}, {"step": 2048, "fit_mse": 0.19687741994857788, "heldout_mse": 0.21777547895908356, "changed_codes": 1556753, "train_nll": 2.8275389571160705}, {"step": 8192, "fit_mse": 0.16817378997802734, "heldout_mse": 0.20494677126407623, "changed_codes": 2400367, "train_nll": 2.828779151894697}]}, {"module": "model.layers.18.mlp.down_proj", "selected_step": 0, "previous_train_nll": 2.8268725546981393, "selected_train_nll": 2.8268725546981393, "trials": [{"step": 0, "fit_mse": 0.5793992877006531, "heldout_mse": 0.5777307152748108, "changed_codes": 0, "train_nll": 2.8268725546981393}, {"step": 512, "fit_mse": 0.40056487917900085, "heldout_mse": 0.4156300127506256, "changed_codes": 356926, "train_nll": 2.828542914044463}, {"step": 2048, "fit_mse": 0.3416839838027954, "heldout_mse": 0.3807526230812073, "changed_codes": 1529212, "train_nll": 2.8284969223243173}, {"step": 8192, "fit_mse": 0.29264456033706665, "heldout_mse": 0.3613663911819458, "changed_codes": 2606870, "train_nll": 2.82870815115502}]}, {"module": "model.layers.19.mlp.down_proj", "selected_step": 512, "previous_train_nll": 2.8268725546981393, "selected_train_nll": 2.826277790346091, "trials": [{"step": 0, "fit_mse": 1.3441089391708374, "heldout_mse": 1.3393418788909912, "changed_codes": 0, "train_nll": 2.8268725546981393}, {"step": 512, "fit_mse": 0.8636584281921387, "heldout_mse": 0.8974704742431641, "changed_codes": 360668, "train_nll": 2.826277790346091}, {"step": 2048, "fit_mse": 0.7346392869949341, "heldout_mse": 0.8271017670631409, "changed_codes": 1336022, "train_nll": 2.826981507545656}, {"step": 8192, "fit_mse": 0.6289122104644775, "heldout_mse": 0.792303204536438, "changed_codes": 2733859, "train_nll": 2.8271903476933935}]}, {"module": "model.layers.20.mlp.down_proj", "selected_step": 0, "previous_train_nll": 2.826277790346091, "selected_train_nll": 2.826277790346091, "trials": [{"step": 0, "fit_mse": 2.003398895263672, "heldout_mse": 2.047539710998535, "changed_codes": 0, "train_nll": 2.826277790346091}, {"step": 512, "fit_mse": 1.3239437341690063, "heldout_mse": 1.4673247337341309, "changed_codes": 344663, "train_nll": 2.828198488378742}, {"step": 2048, "fit_mse": 1.131471037864685, "heldout_mse": 1.3891983032226562, "changed_codes": 1240136, "train_nll": 2.829463430711943}, {"step": 8192, "fit_mse": 0.9745312929153442, "heldout_mse": 1.3593413829803467, "changed_codes": 3014066, "train_nll": 2.828965420349321}]}, {"module": "model.layers.21.mlp.down_proj", "selected_step": 0, "previous_train_nll": 2.826277790346091, "selected_train_nll": 2.826277790346091, "trials": [{"step": 0, "fit_mse": 1.9397192001342773, "heldout_mse": 2.191211462020874, "changed_codes": 0, "train_nll": 2.826277790346091}, {"step": 512, "fit_mse": 1.7976245880126953, "heldout_mse": 2.1360745429992676, "changed_codes": 326055, "train_nll": 2.827059968824068}, {"step": 2048, "fit_mse": 1.6106141805648804, "heldout_mse": 2.169769287109375, "changed_codes": 1255596, "train_nll": 2.8287735170995214}, {"step": 8192, "fit_mse": 1.4188945293426514, "heldout_mse": 2.2547450065612793, "changed_codes": 3175958, "train_nll": null}]}, {"module": "model.layers.22.mlp.down_proj", "selected_step": 0, "previous_train_nll": 2.826277790346091, "selected_train_nll": 2.826277790346091, "trials": [{"step": 0, "fit_mse": 3.844542980194092, "heldout_mse": 3.9601945877075195, "changed_codes": 0, "train_nll": 2.826277790346091}, {"step": 512, "fit_mse": 2.339360475540161, "heldout_mse": 2.9030795097351074, "changed_codes": 351844, "train_nll": 2.827975986088661}, {"step": 2048, "fit_mse": 2.0071444511413574, "heldout_mse": 2.85585355758667, "changed_codes": 1303827, "train_nll": 2.827846950424784}, {"step": 8192, "fit_mse": 1.7256050109863281, "heldout_mse": 3.0079331398010254, "changed_codes": 3462495, "train_nll": 2.828584169523078}]}, {"module": "model.layers.23.mlp.down_proj", "selected_step": 0, "previous_train_nll": 2.826277790346091, "selected_train_nll": 2.826277790346091, "trials": [{"step": 0, "fit_mse": 3.972503662109375, "heldout_mse": 4.028759002685547, "changed_codes": 0, "train_nll": 2.826277790346091}, {"step": 512, "fit_mse": 2.6571736335754395, "heldout_mse": 3.1008660793304443, "changed_codes": 331686, "train_nll": 2.827394517325546}, {"step": 2048, "fit_mse": 2.284686326980591, "heldout_mse": 3.1004526615142822, "changed_codes": 1242148, "train_nll": 2.8287160403750433}, {"step": 8192, "fit_mse": 1.960474967956543, "heldout_mse": 3.293943166732788, "changed_codes": 3149815, "train_nll": 2.828350816945553}]}, {"module": "model.layers.24.mlp.down_proj", "selected_step": 0, "previous_train_nll": 2.826277790346091, "selected_train_nll": 2.826277790346091, "trials": [{"step": 0, "fit_mse": 3.313523292541504, "heldout_mse": 4.018543243408203, "changed_codes": 0, "train_nll": 2.826277790346091}, {"step": 512, "fit_mse": 3.0553550720214844, "heldout_mse": 3.9689409732818604, "changed_codes": 325122, "train_nll": 2.827588377816336}, {"step": 2048, "fit_mse": 2.7121570110321045, "heldout_mse": 4.201371192932129, "changed_codes": 1361273, "train_nll": null}, {"step": 8192, "fit_mse": 2.3553895950317383, "heldout_mse": 4.5821099281311035, "changed_codes": 2790975, "train_nll": null}]}, {"module": "model.layers.25.mlp.down_proj", "selected_step": 0, "previous_train_nll": 2.826277790346091, "selected_train_nll": 2.826277790346091, "trials": [{"step": 0, "fit_mse": 4.2047576904296875, "heldout_mse": 5.190140724182129, "changed_codes": 0, "train_nll": 2.826277790346091}, {"step": 512, "fit_mse": 3.861616849899292, "heldout_mse": 5.118218421936035, "changed_codes": 349459, "train_nll": 2.8277926918209326}, {"step": 2048, "fit_mse": 3.4100661277770996, "heldout_mse": 5.369744300842285, "changed_codes": 1426611, "train_nll": null}, {"step": 8192, "fit_mse": 2.9585256576538086, "heldout_mse": 5.643564224243164, "changed_codes": 2544728, "train_nll": null}]}, {"module": "model.layers.26.mlp.down_proj", "selected_step": 0, "previous_train_nll": 2.826277790346091, "selected_train_nll": 2.826277790346091, "trials": [{"step": 0, "fit_mse": 3.8408045768737793, "heldout_mse": 6.935234546661377, "changed_codes": 0, "train_nll": 2.826277790346091}, {"step": 512, "fit_mse": 3.75288724899292, "heldout_mse": 6.904816627502441, "changed_codes": 384336, "train_nll": 2.826785045110843}, {"step": 2048, "fit_mse": 3.6269240379333496, "heldout_mse": 6.922203063964844, "changed_codes": 926082, "train_nll": 2.82663202607605}, {"step": 8192, "fit_mse": 3.4215221405029297, "heldout_mse": 6.938189506530762, "changed_codes": 1451898, "train_nll": null}]}, {"module": "model.layers.27.mlp.down_proj", "selected_step": 0, "previous_train_nll": 2.826277790346091, "selected_train_nll": 2.826277790346091, "trials": [{"step": 0, "fit_mse": 67.99486541748047, "heldout_mse": 67.54041290283203, "changed_codes": 0, "train_nll": 2.826277790346091}, {"step": 512, "fit_mse": 6.671688079833984, "heldout_mse": 8.322744369506836, "changed_codes": 449210, "train_nll": 2.8400328199986884}, {"step": 2048, "fit_mse": 5.453146934509277, "heldout_mse": 8.45671272277832, "changed_codes": 1670003, "train_nll": 2.8400502036228468}, {"step": 8192, "fit_mse": 4.566173553466797, "heldout_mse": 9.285942077636719, "changed_codes": 3613173, "train_nll": 2.8401606271529096}]}], "validation_status": "completed", "validation": {"token_count": 262337, "predicted_tokens": 262208, "segments": [{"start_token": 0, "seqlen": 2048, "windows": 128, "predicted_tokens": 262016, "ppl": 18.219627380371094, "nll": 2.9024994404904727}, {"start_token": 262144, "seqlen": 193, "windows": 1, "predicted_tokens": 192, "ppl": 20.346242904663086, "nll": 3.0128962709940432}], "unscored_tail_tokens": 0, "nll": 2.9025802778083905, "ppl": 18.22110026571323, "evaluation_precision": "existing evaluator: BF16 logits CE, per-token loss to FP32; log(float32 PPL), weighted by predicted tokens", "acceptance_source": "/home/dongpeiyan/projects/rotation-quant/scripts/phase2/validation_acceptance.py", "evaluator_source": "/home/dongpeiyan/projects/rotation-quant/worktrees/SpinQuant-multimodel/experiments/phase3/architecture.py", "parent": "/home/dongpeiyan/projects/rotation-quant/runs/phase5/qwen3-1p7b/uniform-range-s43/static_w4a8.pt", "parent_metadata": {"parent": "/home/dongpeiyan/projects/rotation-quant/runs/phase5/qwen3-1p7b/uniform-down-round-s43/static_w4a8.pt", "mode": "sequential-range", "reference_state": "/home/dongpeiyan/projects/rotation-quant/runs/phase5/qwen3-1p7b/joint100-s43/checkpoint-0100/state.pt", "parent_metadata": {"parent": "/home/dongpeiyan/projects/rotation-quant/runs/phase5/qwen3-1p7b/uniform-initial-s43/static_w4a8.pt", "mode": "sequential-round", "reference_state": "/home/dongpeiyan/projects/rotation-quant/runs/phase5/qwen3-1p7b/joint100-s43/checkpoint-0100/state.pt", "parent_metadata": {"parent": "/home/dongpeiyan/projects/rotation-quant/runs/phase5/qwen3-1p7b/joint100-s43/checkpoint-0100/static_w4a8.pt", "method": "matched Joint100 down INT8 initialization; no postprocessing or QAT yet"}, "offline_only": true}, "offline_only": true}, "method": "sequential frozen-package postprocessing; no gradient training in this stage", "format": "196 W4 / 196 static INT8; BF16 KV16 prefill"}}}
