Token indices sequence length is longer than the specified maximum sequence length for this model (262337 > 2048). Running this sequence through the model will result in indexing errors
Loading checkpoint shards:   0%|          | 0/2 [00:00<?, ?it/s]Loading checkpoint shards:  50%|█████     | 1/2 [00:00<00:00,  1.38it/s]Loading checkpoint shards: 100%|██████████| 2/2 [00:00<00:00,  2.75it/s]
`loss_type=None` was set in the config but it is unrecognised.Using the default loss: `ForCausalLMLoss`.
Loading checkpoint shards:   0%|          | 0/2 [00:00<?, ?it/s]Loading checkpoint shards:  50%|█████     | 1/2 [00:00<00:00,  1.76it/s]Loading checkpoint shards: 100%|██████████| 2/2 [00:00<00:00,  3.49it/s]
Evaluation segment 1/1: start=0, windows=8, seqlen=2048
{"stage": "sequential-round-fit", "pid": 4116221, "time": 1789707373.5870576, "cuda_visible_devices": "5", "allocated_gib": 3.795783519744873, "reserved_gib": 5.794921875, "peak_allocated_gib": 5.543848991394043, "gpu_time_budget": null, "module": "model.layers.0.mlp.down_proj", "fit_rows": 49152, "heldout_rows": 16384}
{"stage": "sequential-round-coordinate", "pid": 4116221, "time": 1789707374.9051914, "cuda_visible_devices": "5", "allocated_gib": 5.225533962249756, "reserved_gib": 8.044921875, "peak_allocated_gib": 7.100478649139404, "gpu_time_budget": null, "module": "model.layers.0.mlp.down_proj", "step": 128}
{"stage": "sequential-round-coordinate", "pid": 4116221, "time": 1789707375.8727987, "cuda_visible_devices": "5", "allocated_gib": 5.225533962249756, "reserved_gib": 8.044921875, "peak_allocated_gib": 7.100478649139404, "gpu_time_budget": null, "module": "model.layers.0.mlp.down_proj", "step": 256}
{"stage": "sequential-round-coordinate", "pid": 4116221, "time": 1789707376.8478584, "cuda_visible_devices": "5", "allocated_gib": 5.225533962249756, "reserved_gib": 8.044921875, "peak_allocated_gib": 7.100478649139404, "gpu_time_budget": null, "module": "model.layers.0.mlp.down_proj", "step": 384}
{"stage": "sequential-round-coordinate", "pid": 4116221, "time": 1789707377.9135683, "cuda_visible_devices": "5", "allocated_gib": 5.225533962249756, "reserved_gib": 8.044921875, "peak_allocated_gib": 7.100478649139404, "gpu_time_budget": null, "module": "model.layers.0.mlp.down_proj", "step": 512}
{"stage": "sequential-round-coordinate", "pid": 4116221, "time": 1789707378.8893738, "cuda_visible_devices": "5", "allocated_gib": 5.225533962249756, "reserved_gib": 8.044921875, "peak_allocated_gib": 7.100478649139404, "gpu_time_budget": null, "module": "model.layers.0.mlp.down_proj", "step": 640}
{"stage": "sequential-round-coordinate", "pid": 4116221, "time": 1789707379.8644743, "cuda_visible_devices": "5", "allocated_gib": 5.225533962249756, "reserved_gib": 8.044921875, "peak_allocated_gib": 7.100478649139404, "gpu_time_budget": null, "module": "model.layers.0.mlp.down_proj", "step": 768}
{"stage": "sequential-round-coordinate", "pid": 4116221, "time": 1789707380.8369615, "cuda_visible_devices": "5", "allocated_gib": 5.225533962249756, "reserved_gib": 8.044921875, "peak_allocated_gib": 7.100478649139404, "gpu_time_budget": null, "module": "model.layers.0.mlp.down_proj", "step": 896}
{"stage": "sequential-round-coordinate", "pid": 4116221, "time": 1789707381.8093035, "cuda_visible_devices": "5", "allocated_gib": 5.225533962249756, "reserved_gib": 8.044921875, "peak_allocated_gib": 7.100478649139404, "gpu_time_budget": null, "module": "model.layers.0.mlp.down_proj", "step": 1024}
{"stage": "sequential-round-coordinate", "pid": 4116221, "time": 1789707382.784365, "cuda_visible_devices": "5", "allocated_gib": 5.225533962249756, "reserved_gib": 8.044921875, "peak_allocated_gib": 7.100478649139404, "gpu_time_budget": null, "module": "model.layers.0.mlp.down_proj", "step": 1152}
{"stage": "sequential-round-coordinate", "pid": 4116221, "time": 1789707383.7617083, "cuda_visible_devices": "5", "allocated_gib": 5.225533962249756, "reserved_gib": 8.044921875, "peak_allocated_gib": 7.100478649139404, "gpu_time_budget": null, "module": "model.layers.0.mlp.down_proj", "step": 1280}
{"stage": "sequential-round-coordinate", "pid": 4116221, "time": 1789707384.735696, "cuda_visible_devices": "5", "allocated_gib": 5.225533962249756, "reserved_gib": 8.044921875, "peak_allocated_gib": 7.100478649139404, "gpu_time_budget": null, "module": "model.layers.0.mlp.down_proj", "step": 1408}
{"stage": "sequential-round-coordinate", "pid": 4116221, "time": 1789707385.7080374, "cuda_visible_devices": "5", "allocated_gib": 5.225533962249756, "reserved_gib": 8.044921875, "peak_allocated_gib": 7.100478649139404, "gpu_time_budget": null, "module": "model.layers.0.mlp.down_proj", "step": 1536}
{"stage": "sequential-round-coordinate", "pid": 4116221, "time": 1789707386.6986017, "cuda_visible_devices": "5", "allocated_gib": 5.225533962249756, "reserved_gib": 8.044921875, "peak_allocated_gib": 7.100478649139404, "gpu_time_budget": null, "module": "model.layers.0.mlp.down_proj", "step": 1664}
{"stage": "sequential-round-coordinate", "pid": 4116221, "time": 1789707387.6873367, "cuda_visible_devices": "5", "allocated_gib": 5.225533962249756, "reserved_gib": 8.044921875, "peak_allocated_gib": 7.100478649139404, "gpu_time_budget": null, "module": "model.layers.0.mlp.down_proj", "step": 1792}
{"stage": "sequential-round-coordinate", "pid": 4116221, "time": 1789707388.6504471, "cuda_visible_devices": "5", "allocated_gib": 5.225533962249756, "reserved_gib": 8.044921875, "peak_allocated_gib": 7.100478649139404, "gpu_time_budget": null, "module": "model.layers.0.mlp.down_proj", "step": 1920}
{"stage": "sequential-round-coordinate", "pid": 4116221, "time": 1789707389.7057867, "cuda_visible_devices": "5", "allocated_gib": 5.225533962249756, "reserved_gib": 8.044921875, "peak_allocated_gib": 7.100478649139404, "gpu_time_budget": null, "module": "model.layers.0.mlp.down_proj", "step": 2048}
{"stage": "sequential-round-coordinate", "pid": 4116221, "time": 1789707390.672773, "cuda_visible_devices": "5", "allocated_gib": 5.225533962249756, "reserved_gib": 8.044921875, "peak_allocated_gib": 7.100478649139404, "gpu_time_budget": null, "module": "model.layers.0.mlp.down_proj", "step": 2176}
{"stage": "sequential-round-coordinate", "pid": 4116221, "time": 1789707391.6411762, "cuda_visible_devices": "5", "allocated_gib": 5.225533962249756, "reserved_gib": 8.044921875, "peak_allocated_gib": 7.100478649139404, "gpu_time_budget": null, "module": "model.layers.0.mlp.down_proj", "step": 2304}
{"stage": "sequential-round-coordinate", "pid": 4116221, "time": 1789707392.6158543, "cuda_visible_devices": "5", "allocated_gib": 5.225533962249756, "reserved_gib": 8.044921875, "peak_allocated_gib": 7.100478649139404, "gpu_time_budget": null, "module": "model.layers.0.mlp.down_proj", "step": 2432}
{"stage": "sequential-round-coordinate", "pid": 4116221, "time": 1789707393.586852, "cuda_visible_devices": "5", "allocated_gib": 5.225533962249756, "reserved_gib": 8.044921875, "peak_allocated_gib": 7.100478649139404, "gpu_time_budget": null, "module": "model.layers.0.mlp.down_proj", "step": 2560}
{"stage": "sequential-round-coordinate", "pid": 4116221, "time": 1789707394.5578237, "cuda_visible_devices": "5", "allocated_gib": 5.225533962249756, "reserved_gib": 8.044921875, "peak_allocated_gib": 7.100478649139404, "gpu_time_budget": null, "module": "model.layers.0.mlp.down_proj", "step": 2688}
{"stage": "sequential-round-coordinate", "pid": 4116221, "time": 1789707395.5278287, "cuda_visible_devices": "5", "allocated_gib": 5.225533962249756, "reserved_gib": 8.044921875, "peak_allocated_gib": 7.100478649139404, "gpu_time_budget": null, "module": "model.layers.0.mlp.down_proj", "step": 2816}
{"stage": "sequential-round-coordinate", "pid": 4116221, "time": 1789707396.4979992, "cuda_visible_devices": "5", "allocated_gib": 5.225533962249756, "reserved_gib": 8.044921875, "peak_allocated_gib": 7.100478649139404, "gpu_time_budget": null, "module": "model.layers.0.mlp.down_proj", "step": 2944}
{"stage": "sequential-round-coordinate", "pid": 4116221, "time": 1789707397.4744842, "cuda_visible_devices": "5", "allocated_gib": 5.225533962249756, "reserved_gib": 8.044921875, "peak_allocated_gib": 7.100478649139404, "gpu_time_budget": null, "module": "model.layers.0.mlp.down_proj", "step": 3072}
{"stage": "sequential-round-coordinate", "pid": 4116221, "time": 1789707398.458406, "cuda_visible_devices": "5", "allocated_gib": 5.225533962249756, "reserved_gib": 8.044921875, "peak_allocated_gib": 7.100478649139404, "gpu_time_budget": null, "module": "model.layers.0.mlp.down_proj", "step": 3200}
{"stage": "sequential-round-coordinate", "pid": 4116221, "time": 1789707399.4299405, "cuda_visible_devices": "5", "allocated_gib": 5.225533962249756, "reserved_gib": 8.044921875, "peak_allocated_gib": 7.100478649139404, "gpu_time_budget": null, "module": "model.layers.0.mlp.down_proj", "step": 3328}
{"stage": "sequential-round-coordinate", "pid": 4116221, "time": 1789707400.4538953, "cuda_visible_devices": "5", "allocated_gib": 5.225533962249756, "reserved_gib": 8.044921875, "peak_allocated_gib": 7.100478649139404, "gpu_time_budget": null, "module": "model.layers.0.mlp.down_proj", "step": 3456}
{"stage": "sequential-round-coordinate", "pid": 4116221, "time": 1789707401.4272008, "cuda_visible_devices": "5", "allocated_gib": 5.225533962249756, "reserved_gib": 8.044921875, "peak_allocated_gib": 7.100478649139404, "gpu_time_budget": null, "module": "model.layers.0.mlp.down_proj", "step": 3584}
{"stage": "sequential-round-coordinate", "pid": 4116221, "time": 1789707402.400156, "cuda_visible_devices": "5", "allocated_gib": 5.225533962249756, "reserved_gib": 8.044921875, "peak_allocated_gib": 7.100478649139404, "gpu_time_budget": null, "module": "model.layers.0.mlp.down_proj", "step": 3712}
{"stage": "sequential-round-coordinate", "pid": 4116221, "time": 1789707403.3757422, "cuda_visible_devices": "5", "allocated_gib": 5.225533962249756, "reserved_gib": 8.044921875, "peak_allocated_gib": 7.100478649139404, "gpu_time_budget": null, "module": "model.layers.0.mlp.down_proj", "step": 3840}
{"stage": "sequential-round-coordinate", "pid": 4116221, "time": 1789707404.3515902, "cuda_visible_devices": "5", "allocated_gib": 5.225533962249756, "reserved_gib": 8.044921875, "peak_allocated_gib": 7.100478649139404, "gpu_time_budget": null, "module": "model.layers.0.mlp.down_proj", "step": 3968}
{"stage": "sequential-round-coordinate", "pid": 4116221, "time": 1789707405.3189566, "cuda_visible_devices": "5", "allocated_gib": 5.225533962249756, "reserved_gib": 8.044921875, "peak_allocated_gib": 7.100478649139404, "gpu_time_budget": null, "module": "model.layers.0.mlp.down_proj", "step": 4096}
{"stage": "sequential-round-coordinate", "pid": 4116221, "time": 1789707406.2920122, "cuda_visible_devices": "5", "allocated_gib": 5.225533962249756, "reserved_gib": 8.044921875, "peak_allocated_gib": 7.100478649139404, "gpu_time_budget": null, "module": "model.layers.0.mlp.down_proj", "step": 4224}
{"stage": "sequential-round-coordinate", "pid": 4116221, "time": 1789707407.2636495, "cuda_visible_devices": "5", "allocated_gib": 5.225533962249756, "reserved_gib": 8.044921875, "peak_allocated_gib": 7.100478649139404, "gpu_time_budget": null, "module": "model.layers.0.mlp.down_proj", "step": 4352}
{"stage": "sequential-round-coordinate", "pid": 4116221, "time": 1789707408.235507, "cuda_visible_devices": "5", "allocated_gib": 5.225533962249756, "reserved_gib": 8.044921875, "peak_allocated_gib": 7.100478649139404, "gpu_time_budget": null, "module": "model.layers.0.mlp.down_proj", "step": 4480}
{"stage": "sequential-round-coordinate", "pid": 4116221, "time": 1789707409.2095828, "cuda_visible_devices": "5", "allocated_gib": 5.225533962249756, "reserved_gib": 8.044921875, "peak_allocated_gib": 7.100478649139404, "gpu_time_budget": null, "module": "model.layers.0.mlp.down_proj", "step": 4608}
{"stage": "sequential-round-coordinate", "pid": 4116221, "time": 1789707410.1771631, "cuda_visible_devices": "5", "allocated_gib": 5.225533962249756, "reserved_gib": 8.044921875, "peak_allocated_gib": 7.100478649139404, "gpu_time_budget": null, "module": "model.layers.0.mlp.down_proj", "step": 4736}
{"stage": "sequential-round-coordinate", "pid": 4116221, "time": 1789707411.1472733, "cuda_visible_devices": "5", "allocated_gib": 5.225533962249756, "reserved_gib": 8.044921875, "peak_allocated_gib": 7.100478649139404, "gpu_time_budget": null, "module": "model.layers.0.mlp.down_proj", "step": 4864}
{"stage": "sequential-round-coordinate", "pid": 4116221, "time": 1789707412.1212027, "cuda_visible_devices": "5", "allocated_gib": 5.225533962249756, "reserved_gib": 8.044921875, "peak_allocated_gib": 7.100478649139404, "gpu_time_budget": null, "module": "model.layers.0.mlp.down_proj", "step": 4992}
{"stage": "sequential-round-coordinate", "pid": 4116221, "time": 1789707413.086002, "cuda_visible_devices": "5", "allocated_gib": 5.225533962249756, "reserved_gib": 8.044921875, "peak_allocated_gib": 7.100478649139404, "gpu_time_budget": null, "module": "model.layers.0.mlp.down_proj", "step": 5120}
{"stage": "sequential-round-coordinate", "pid": 4116221, "time": 1789707414.0581012, "cuda_visible_devices": "5", "allocated_gib": 5.225533962249756, "reserved_gib": 8.044921875, "peak_allocated_gib": 7.100478649139404, "gpu_time_budget": null, "module": "model.layers.0.mlp.down_proj", "step": 5248}
{"stage": "sequential-round-coordinate", "pid": 4116221, "time": 1789707415.0277736, "cuda_visible_devices": "5", "allocated_gib": 5.225533962249756, "reserved_gib": 8.044921875, "peak_allocated_gib": 7.100478649139404, "gpu_time_budget": null, "module": "model.layers.0.mlp.down_proj", "step": 5376}
{"stage": "sequential-round-coordinate", "pid": 4116221, "time": 1789707416.0006554, "cuda_visible_devices": "5", "allocated_gib": 5.225533962249756, "reserved_gib": 8.044921875, "peak_allocated_gib": 7.100478649139404, "gpu_time_budget": null, "module": "model.layers.0.mlp.down_proj", "step": 5504}
{"stage": "sequential-round-coordinate", "pid": 4116221, "time": 1789707416.9787936, "cuda_visible_devices": "5", "allocated_gib": 5.225533962249756, "reserved_gib": 8.044921875, "peak_allocated_gib": 7.100478649139404, "gpu_time_budget": null, "module": "model.layers.0.mlp.down_proj", "step": 5632}
{"stage": "sequential-round-coordinate", "pid": 4116221, "time": 1789707417.9487007, "cuda_visible_devices": "5", "allocated_gib": 5.225533962249756, "reserved_gib": 8.044921875, "peak_allocated_gib": 7.100478649139404, "gpu_time_budget": null, "module": "model.layers.0.mlp.down_proj", "step": 5760}
{"stage": "sequential-round-coordinate", "pid": 4116221, "time": 1789707418.9247098, "cuda_visible_devices": "5", "allocated_gib": 5.225533962249756, "reserved_gib": 8.044921875, "peak_allocated_gib": 7.100478649139404, "gpu_time_budget": null, "module": "model.layers.0.mlp.down_proj", "step": 5888}
{"stage": "sequential-round-coordinate", "pid": 4116221, "time": 1789707419.9005127, "cuda_visible_devices": "5", "allocated_gib": 5.225533962249756, "reserved_gib": 8.044921875, "peak_allocated_gib": 7.100478649139404, "gpu_time_budget": null, "module": "model.layers.0.mlp.down_proj", "step": 6016}
{"stage": "sequential-round-coordinate", "pid": 4116221, "time": 1789707420.8781111, "cuda_visible_devices": "5", "allocated_gib": 5.225533962249756, "reserved_gib": 8.044921875, "peak_allocated_gib": 7.100478649139404, "gpu_time_budget": null, "module": "model.layers.0.mlp.down_proj", "step": 6144}
{"stage": "sequential-round-coordinate", "pid": 4116221, "time": 1789707421.8553684, "cuda_visible_devices": "5", "allocated_gib": 5.225533962249756, "reserved_gib": 8.044921875, "peak_allocated_gib": 7.100478649139404, "gpu_time_budget": null, "module": "model.layers.0.mlp.down_proj", "step": 6272}
{"stage": "sequential-round-coordinate", "pid": 4116221, "time": 1789707422.8298736, "cuda_visible_devices": "5", "allocated_gib": 5.225533962249756, "reserved_gib": 8.044921875, "peak_allocated_gib": 7.100478649139404, "gpu_time_budget": null, "module": "model.layers.0.mlp.down_proj", "step": 6400}
{"stage": "sequential-round-coordinate", "pid": 4116221, "time": 1789707423.8023348, "cuda_visible_devices": "5", "allocated_gib": 5.225533962249756, "reserved_gib": 8.044921875, "peak_allocated_gib": 7.100478649139404, "gpu_time_budget": null, "module": "model.layers.0.mlp.down_proj", "step": 6528}
{"stage": "sequential-round-coordinate", "pid": 4116221, "time": 1789707424.7777858, "cuda_visible_devices": "5", "allocated_gib": 5.225533962249756, "reserved_gib": 8.044921875, "peak_allocated_gib": 7.100478649139404, "gpu_time_budget": null, "module": "model.layers.0.mlp.down_proj", "step": 6656}
{"stage": "sequential-round-coordinate", "pid": 4116221, "time": 1789707425.7473125, "cuda_visible_devices": "5", "allocated_gib": 5.225533962249756, "reserved_gib": 8.044921875, "peak_allocated_gib": 7.100478649139404, "gpu_time_budget": null, "module": "model.layers.0.mlp.down_proj", "step": 6784}
{"stage": "sequential-round-coordinate", "pid": 4116221, "time": 1789707426.7230144, "cuda_visible_devices": "5", "allocated_gib": 5.225533962249756, "reserved_gib": 8.044921875, "peak_allocated_gib": 7.100478649139404, "gpu_time_budget": null, "module": "model.layers.0.mlp.down_proj", "step": 6912}
{"stage": "sequential-round-coordinate", "pid": 4116221, "time": 1789707427.6998231, "cuda_visible_devices": "5", "allocated_gib": 5.225533962249756, "reserved_gib": 8.044921875, "peak_allocated_gib": 7.100478649139404, "gpu_time_budget": null, "module": "model.layers.0.mlp.down_proj", "step": 7040}
{"stage": "sequential-round-coordinate", "pid": 4116221, "time": 1789707428.6748586, "cuda_visible_devices": "5", "allocated_gib": 5.225533962249756, "reserved_gib": 8.044921875, "peak_allocated_gib": 7.100478649139404, "gpu_time_budget": null, "module": "model.layers.0.mlp.down_proj", "step": 7168}
{"stage": "sequential-round-coordinate", "pid": 4116221, "time": 1789707429.3772578, "cuda_visible_devices": "5", "allocated_gib": 5.225533962249756, "reserved_gib": 8.044921875, "peak_allocated_gib": 7.100478649139404, "gpu_time_budget": null, "module": "model.layers.0.mlp.down_proj", "step": 7296}
{"stage": "sequential-round-coordinate", "pid": 4116221, "time": 1789707430.1972127, "cuda_visible_devices": "5", "allocated_gib": 5.225533962249756, "reserved_gib": 8.044921875, "peak_allocated_gib": 7.100478649139404, "gpu_time_budget": null, "module": "model.layers.0.mlp.down_proj", "step": 7424}
{"stage": "sequential-round-coordinate", "pid": 4116221, "time": 1789707431.0124846, "cuda_visible_devices": "5", "allocated_gib": 5.225533962249756, "reserved_gib": 8.044921875, "peak_allocated_gib": 7.100478649139404, "gpu_time_budget": null, "module": "model.layers.0.mlp.down_proj", "step": 7552}
{"stage": "sequential-round-coordinate", "pid": 4116221, "time": 1789707431.7917764, "cuda_visible_devices": "5", "allocated_gib": 5.225533962249756, "reserved_gib": 8.044921875, "peak_allocated_gib": 7.100478649139404, "gpu_time_budget": null, "module": "model.layers.0.mlp.down_proj", "step": 7680}
{"stage": "sequential-round-coordinate", "pid": 4116221, "time": 1789707432.5721002, "cuda_visible_devices": "5", "allocated_gib": 5.225533962249756, "reserved_gib": 8.044921875, "peak_allocated_gib": 7.100478649139404, "gpu_time_budget": null, "module": "model.layers.0.mlp.down_proj", "step": 7808}
{"stage": "sequential-round-coordinate", "pid": 4116221, "time": 1789707433.3508866, "cuda_visible_devices": "5", "allocated_gib": 5.225533962249756, "reserved_gib": 8.044921875, "peak_allocated_gib": 7.100478649139404, "gpu_time_budget": null, "module": "model.layers.0.mlp.down_proj", "step": 7936}
{"stage": "sequential-round-coordinate", "pid": 4116221, "time": 1789707434.131458, "cuda_visible_devices": "5", "allocated_gib": 5.225533962249756, "reserved_gib": 8.044921875, "peak_allocated_gib": 7.100478649139404, "gpu_time_budget": null, "module": "model.layers.0.mlp.down_proj", "step": 8064}
{"stage": "sequential-round-coordinate", "pid": 4116221, "time": 1789707434.951988, "cuda_visible_devices": "5", "allocated_gib": 5.225533962249756, "reserved_gib": 8.044921875, "peak_allocated_gib": 7.100478649139404, "gpu_time_budget": null, "module": "model.layers.0.mlp.down_proj", "step": 8192}
{"stage": "sequential-round-train-nll", "pid": 4116221, "time": 1789707434.9956772, "cuda_visible_devices": "5", "allocated_gib": 3.795783519744873, "reserved_gib": 3.80078125, "peak_allocated_gib": 7.100478649139404, "gpu_time_budget": null, "module": "model.layers.0.mlp.down_proj", "step": 512}
Evaluation segment 1/1: start=0, windows=8, seqlen=2048
{"stage": "sequential-round-train-nll", "pid": 4116221, "time": 1789707439.3944068, "cuda_visible_devices": "5", "allocated_gib": 3.795783519744873, "reserved_gib": 5.791015625, "peak_allocated_gib": 7.100478649139404, "gpu_time_budget": null, "module": "model.layers.0.mlp.down_proj", "step": 2048}
Evaluation segment 1/1: start=0, windows=8, seqlen=2048
{"stage": "sequential-round-train-nll", "pid": 4116221, "time": 1789707443.5432684, "cuda_visible_devices": "5", "allocated_gib": 3.795783519744873, "reserved_gib": 5.791015625, "peak_allocated_gib": 7.100478649139404, "gpu_time_budget": null, "module": "model.layers.0.mlp.down_proj", "step": 8192}
Evaluation segment 1/1: start=0, windows=8, seqlen=2048
{"stage": "sequential-module-completed", "pid": 4116221, "time": 1789707448.3526952, "cuda_visible_devices": "5", "allocated_gib": 3.795783519744873, "reserved_gib": 5.791015625, "peak_allocated_gib": 7.100478649139404, "gpu_time_budget": null, "module": "model.layers.0.mlp.down_proj", "completed": 1, "total": 28, "selected_train_nll": 2.987788166725654, "elapsed_seconds": 75.77906835998874}
{"stage": "sequential-round-fit", "pid": 4116221, "time": 1789707449.7947056, "cuda_visible_devices": "5", "allocated_gib": 3.795783519744873, "reserved_gib": 5.791015625, "peak_allocated_gib": 7.100478649139404, "gpu_time_budget": null, "module": "model.layers.1.mlp.down_proj", "fit_rows": 49152, "heldout_rows": 16384}
{"stage": "sequential-round-coordinate", "pid": 4116221, "time": 1789707451.1405103, "cuda_visible_devices": "5", "allocated_gib": 5.225533962249756, "reserved_gib": 8.041015625, "peak_allocated_gib": 7.100478649139404, "gpu_time_budget": null, "module": "model.layers.1.mlp.down_proj", "step": 128}
{"stage": "sequential-round-coordinate", "pid": 4116221, "time": 1789707452.1125684, "cuda_visible_devices": "5", "allocated_gib": 5.225533962249756, "reserved_gib": 8.041015625, "peak_allocated_gib": 7.100478649139404, "gpu_time_budget": null, "module": "model.layers.1.mlp.down_proj", "step": 256}
{"stage": "sequential-round-coordinate", "pid": 4116221, "time": 1789707453.0849974, "cuda_visible_devices": "5", "allocated_gib": 5.225533962249756, "reserved_gib": 8.041015625, "peak_allocated_gib": 7.100478649139404, "gpu_time_budget": null, "module": "model.layers.1.mlp.down_proj", "step": 384}
{"stage": "sequential-round-coordinate", "pid": 4116221, "time": 1789707454.1641228, "cuda_visible_devices": "5", "allocated_gib": 5.225533962249756, "reserved_gib": 8.041015625, "peak_allocated_gib": 7.100478649139404, "gpu_time_budget": null, "module": "model.layers.1.mlp.down_proj", "step": 512}
{"stage": "sequential-round-coordinate", "pid": 4116221, "time": 1789707455.1326072, "cuda_visible_devices": "5", "allocated_gib": 5.225533962249756, "reserved_gib": 8.041015625, "peak_allocated_gib": 7.100478649139404, "gpu_time_budget": null, "module": "model.layers.1.mlp.down_proj", "step": 640}
{"stage": "sequential-round-coordinate", "pid": 4116221, "time": 1789707456.087304, "cuda_visible_devices": "5", "allocated_gib": 5.225533962249756, "reserved_gib": 8.041015625, "peak_allocated_gib": 7.100478649139404, "gpu_time_budget": null, "module": "model.layers.1.mlp.down_proj", "step": 768}
{"stage": "sequential-round-coordinate", "pid": 4116221, "time": 1789707457.057599, "cuda_visible_devices": "5", "allocated_gib": 5.225533962249756, "reserved_gib": 8.041015625, "peak_allocated_gib": 7.100478649139404, "gpu_time_budget": null, "module": "model.layers.1.mlp.down_proj", "step": 896}
{"stage": "sequential-round-coordinate", "pid": 4116221, "time": 1789707458.0325499, "cuda_visible_devices": "5", "allocated_gib": 5.225533962249756, "reserved_gib": 8.041015625, "peak_allocated_gib": 7.100478649139404, "gpu_time_budget": null, "module": "model.layers.1.mlp.down_proj", "step": 1024}
{"stage": "sequential-round-coordinate", "pid": 4116221, "time": 1789707459.008666, "cuda_visible_devices": "5", "allocated_gib": 5.225533962249756, "reserved_gib": 8.041015625, "peak_allocated_gib": 7.100478649139404, "gpu_time_budget": null, "module": "model.layers.1.mlp.down_proj", "step": 1152}
{"stage": "sequential-round-coordinate", "pid": 4116221, "time": 1789707459.98035, "cuda_visible_devices": "5", "allocated_gib": 5.225533962249756, "reserved_gib": 8.041015625, "peak_allocated_gib": 7.100478649139404, "gpu_time_budget": null, "module": "model.layers.1.mlp.down_proj", "step": 1280}
{"stage": "sequential-round-coordinate", "pid": 4116221, "time": 1789707460.953359, "cuda_visible_devices": "5", "allocated_gib": 5.225533962249756, "reserved_gib": 8.041015625, "peak_allocated_gib": 7.100478649139404, "gpu_time_budget": null, "module": "model.layers.1.mlp.down_proj", "step": 1408}
{"stage": "sequential-round-coordinate", "pid": 4116221, "time": 1789707461.9233024, "cuda_visible_devices": "5", "allocated_gib": 5.225533962249756, "reserved_gib": 8.041015625, "peak_allocated_gib": 7.100478649139404, "gpu_time_budget": null, "module": "model.layers.1.mlp.down_proj", "step": 1536}
{"stage": "sequential-round-coordinate", "pid": 4116221, "time": 1789707462.896834, "cuda_visible_devices": "5", "allocated_gib": 5.225533962249756, "reserved_gib": 8.041015625, "peak_allocated_gib": 7.100478649139404, "gpu_time_budget": null, "module": "model.layers.1.mlp.down_proj", "step": 1664}
{"stage": "sequential-round-coordinate", "pid": 4116221, "time": 1789707463.8741093, "cuda_visible_devices": "5", "allocated_gib": 5.225533962249756, "reserved_gib": 8.041015625, "peak_allocated_gib": 7.100478649139404, "gpu_time_budget": null, "module": "model.layers.1.mlp.down_proj", "step": 1792}
{"stage": "sequential-round-coordinate", "pid": 4116221, "time": 1789707464.8528912, "cuda_visible_devices": "5", "allocated_gib": 5.225533962249756, "reserved_gib": 8.041015625, "peak_allocated_gib": 7.100478649139404, "gpu_time_budget": null, "module": "model.layers.1.mlp.down_proj", "step": 1920}
{"stage": "sequential-round-coordinate", "pid": 4116221, "time": 1789707465.9253693, "cuda_visible_devices": "5", "allocated_gib": 5.225533962249756, "reserved_gib": 8.041015625, "peak_allocated_gib": 7.100478649139404, "gpu_time_budget": null, "module": "model.layers.1.mlp.down_proj", "step": 2048}
{"stage": "sequential-round-coordinate", "pid": 4116221, "time": 1789707466.8998148, "cuda_visible_devices": "5", "allocated_gib": 5.225533962249756, "reserved_gib": 8.041015625, "peak_allocated_gib": 7.100478649139404, "gpu_time_budget": null, "module": "model.layers.1.mlp.down_proj", "step": 2176}
{"stage": "sequential-round-coordinate", "pid": 4116221, "time": 1789707467.8728237, "cuda_visible_devices": "5", "allocated_gib": 5.225533962249756, "reserved_gib": 8.041015625, "peak_allocated_gib": 7.100478649139404, "gpu_time_budget": null, "module": "model.layers.1.mlp.down_proj", "step": 2304}
{"stage": "sequential-round-coordinate", "pid": 4116221, "time": 1789707468.8526053, "cuda_visible_devices": "5", "allocated_gib": 5.225533962249756, "reserved_gib": 8.041015625, "peak_allocated_gib": 7.100478649139404, "gpu_time_budget": null, "module": "model.layers.1.mlp.down_proj", "step": 2432}
{"stage": "sequential-round-coordinate", "pid": 4116221, "time": 1789707469.828547, "cuda_visible_devices": "5", "allocated_gib": 5.225533962249756, "reserved_gib": 8.041015625, "peak_allocated_gib": 7.100478649139404, "gpu_time_budget": null, "module": "model.layers.1.mlp.down_proj", "step": 2560}
{"stage": "sequential-round-coordinate", "pid": 4116221, "time": 1789707470.8104641, "cuda_visible_devices": "5", "allocated_gib": 5.225533962249756, "reserved_gib": 8.041015625, "peak_allocated_gib": 7.100478649139404, "gpu_time_budget": null, "module": "model.layers.1.mlp.down_proj", "step": 2688}
{"stage": "sequential-round-coordinate", "pid": 4116221, "time": 1789707471.7838962, "cuda_visible_devices": "5", "allocated_gib": 5.225533962249756, "reserved_gib": 8.041015625, "peak_allocated_gib": 7.100478649139404, "gpu_time_budget": null, "module": "model.layers.1.mlp.down_proj", "step": 2816}
{"stage": "sequential-round-coordinate", "pid": 4116221, "time": 1789707472.760339, "cuda_visible_devices": "5", "allocated_gib": 5.225533962249756, "reserved_gib": 8.041015625, "peak_allocated_gib": 7.100478649139404, "gpu_time_budget": null, "module": "model.layers.1.mlp.down_proj", "step": 2944}
{"stage": "sequential-round-coordinate", "pid": 4116221, "time": 1789707473.7367063, "cuda_visible_devices": "5", "allocated_gib": 5.225533962249756, "reserved_gib": 8.041015625, "peak_allocated_gib": 7.100478649139404, "gpu_time_budget": null, "module": "model.layers.1.mlp.down_proj", "step": 3072}
{"stage": "sequential-round-coordinate", "pid": 4116221, "time": 1789707474.710772, "cuda_visible_devices": "5", "allocated_gib": 5.225533962249756, "reserved_gib": 8.041015625, "peak_allocated_gib": 7.100478649139404, "gpu_time_budget": null, "module": "model.layers.1.mlp.down_proj", "step": 3200}
{"stage": "sequential-round-coordinate", "pid": 4116221, "time": 1789707475.6853874, "cuda_visible_devices": "5", "allocated_gib": 5.225533962249756, "reserved_gib": 8.041015625, "peak_allocated_gib": 7.100478649139404, "gpu_time_budget": null, "module": "model.layers.1.mlp.down_proj", "step": 3328}
{"stage": "sequential-round-coordinate", "pid": 4116221, "time": 1789707476.6624682, "cuda_visible_devices": "5", "allocated_gib": 5.225533962249756, "reserved_gib": 8.041015625, "peak_allocated_gib": 7.100478649139404, "gpu_time_budget": null, "module": "model.layers.1.mlp.down_proj", "step": 3456}
{"stage": "sequential-round-coordinate", "pid": 4116221, "time": 1789707477.641058, "cuda_visible_devices": "5", "allocated_gib": 5.225533962249756, "reserved_gib": 8.041015625, "peak_allocated_gib": 7.100478649139404, "gpu_time_budget": null, "module": "model.layers.1.mlp.down_proj", "step": 3584}
{"stage": "sequential-round-coordinate", "pid": 4116221, "time": 1789707478.6115997, "cuda_visible_devices": "5", "allocated_gib": 5.225533962249756, "reserved_gib": 8.041015625, "peak_allocated_gib": 7.100478649139404, "gpu_time_budget": null, "module": "model.layers.1.mlp.down_proj", "step": 3712}
{"stage": "sequential-round-coordinate", "pid": 4116221, "time": 1789707479.5929365, "cuda_visible_devices": "5", "allocated_gib": 5.225533962249756, "reserved_gib": 8.041015625, "peak_allocated_gib": 7.100478649139404, "gpu_time_budget": null, "module": "model.layers.1.mlp.down_proj", "step": 3840}
{"stage": "sequential-round-coordinate", "pid": 4116221, "time": 1789707480.5704541, "cuda_visible_devices": "5", "allocated_gib": 5.225533962249756, "reserved_gib": 8.041015625, "peak_allocated_gib": 7.100478649139404, "gpu_time_budget": null, "module": "model.layers.1.mlp.down_proj", "step": 3968}
{"stage": "sequential-round-coordinate", "pid": 4116221, "time": 1789707481.5467856, "cuda_visible_devices": "5", "allocated_gib": 5.225533962249756, "reserved_gib": 8.041015625, "peak_allocated_gib": 7.100478649139404, "gpu_time_budget": null, "module": "model.layers.1.mlp.down_proj", "step": 4096}
{"stage": "sequential-round-coordinate", "pid": 4116221, "time": 1789707482.5255694, "cuda_visible_devices": "5", "allocated_gib": 5.225533962249756, "reserved_gib": 8.041015625, "peak_allocated_gib": 7.100478649139404, "gpu_time_budget": null, "module": "model.layers.1.mlp.down_proj", "step": 4224}
{"stage": "sequential-round-coordinate", "pid": 4116221, "time": 1789707483.499516, "cuda_visible_devices": "5", "allocated_gib": 5.225533962249756, "reserved_gib": 8.041015625, "peak_allocated_gib": 7.100478649139404, "gpu_time_budget": null, "module": "model.layers.1.mlp.down_proj", "step": 4352}
{"stage": "sequential-round-coordinate", "pid": 4116221, "time": 1789707484.4775689, "cuda_visible_devices": "5", "allocated_gib": 5.225533962249756, "reserved_gib": 8.041015625, "peak_allocated_gib": 7.100478649139404, "gpu_time_budget": null, "module": "model.layers.1.mlp.down_proj", "step": 4480}
{"stage": "sequential-round-coordinate", "pid": 4116221, "time": 1789707485.4568071, "cuda_visible_devices": "5", "allocated_gib": 5.225533962249756, "reserved_gib": 8.041015625, "peak_allocated_gib": 7.100478649139404, "gpu_time_budget": null, "module": "model.layers.1.mlp.down_proj", "step": 4608}
{"stage": "sequential-round-coordinate", "pid": 4116221, "time": 1789707486.428922, "cuda_visible_devices": "5", "allocated_gib": 5.225533962249756, "reserved_gib": 8.041015625, "peak_allocated_gib": 7.100478649139404, "gpu_time_budget": null, "module": "model.layers.1.mlp.down_proj", "step": 4736}
{"stage": "sequential-round-coordinate", "pid": 4116221, "time": 1789707487.4011774, "cuda_visible_devices": "5", "allocated_gib": 5.225533962249756, "reserved_gib": 8.041015625, "peak_allocated_gib": 7.100478649139404, "gpu_time_budget": null, "module": "model.layers.1.mlp.down_proj", "step": 4864}
{"stage": "sequential-round-coordinate", "pid": 4116221, "time": 1789707488.3792245, "cuda_visible_devices": "5", "allocated_gib": 5.225533962249756, "reserved_gib": 8.041015625, "peak_allocated_gib": 7.100478649139404, "gpu_time_budget": null, "module": "model.layers.1.mlp.down_proj", "step": 4992}
{"stage": "sequential-round-coordinate", "pid": 4116221, "time": 1789707489.3587878, "cuda_visible_devices": "5", "allocated_gib": 5.225533962249756, "reserved_gib": 8.041015625, "peak_allocated_gib": 7.100478649139404, "gpu_time_budget": null, "module": "model.layers.1.mlp.down_proj", "step": 5120}
{"stage": "sequential-round-coordinate", "pid": 4116221, "time": 1789707490.33613, "cuda_visible_devices": "5", "allocated_gib": 5.225533962249756, "reserved_gib": 8.041015625, "peak_allocated_gib": 7.100478649139404, "gpu_time_budget": null, "module": "model.layers.1.mlp.down_proj", "step": 5248}
{"stage": "sequential-round-coordinate", "pid": 4116221, "time": 1789707491.3142982, "cuda_visible_devices": "5", "allocated_gib": 5.225533962249756, "reserved_gib": 8.041015625, "peak_allocated_gib": 7.100478649139404, "gpu_time_budget": null, "module": "model.layers.1.mlp.down_proj", "step": 5376}
{"stage": "sequential-round-coordinate", "pid": 4116221, "time": 1789707492.2868443, "cuda_visible_devices": "5", "allocated_gib": 5.225533962249756, "reserved_gib": 8.041015625, "peak_allocated_gib": 7.100478649139404, "gpu_time_budget": null, "module": "model.layers.1.mlp.down_proj", "step": 5504}
{"stage": "sequential-round-coordinate", "pid": 4116221, "time": 1789707493.261993, "cuda_visible_devices": "5", "allocated_gib": 5.225533962249756, "reserved_gib": 8.041015625, "peak_allocated_gib": 7.100478649139404, "gpu_time_budget": null, "module": "model.layers.1.mlp.down_proj", "step": 5632}
{"stage": "sequential-round-coordinate", "pid": 4116221, "time": 1789707494.2356443, "cuda_visible_devices": "5", "allocated_gib": 5.225533962249756, "reserved_gib": 8.041015625, "peak_allocated_gib": 7.100478649139404, "gpu_time_budget": null, "module": "model.layers.1.mlp.down_proj", "step": 5760}
{"stage": "sequential-round-coordinate", "pid": 4116221, "time": 1789707495.2085984, "cuda_visible_devices": "5", "allocated_gib": 5.225533962249756, "reserved_gib": 8.041015625, "peak_allocated_gib": 7.100478649139404, "gpu_time_budget": null, "module": "model.layers.1.mlp.down_proj", "step": 5888}
{"stage": "sequential-round-coordinate", "pid": 4116221, "time": 1789707496.1886728, "cuda_visible_devices": "5", "allocated_gib": 5.225533962249756, "reserved_gib": 8.041015625, "peak_allocated_gib": 7.100478649139404, "gpu_time_budget": null, "module": "model.layers.1.mlp.down_proj", "step": 6016}
{"stage": "sequential-round-coordinate", "pid": 4116221, "time": 1789707497.1627147, "cuda_visible_devices": "5", "allocated_gib": 5.225533962249756, "reserved_gib": 8.041015625, "peak_allocated_gib": 7.100478649139404, "gpu_time_budget": null, "module": "model.layers.1.mlp.down_proj", "step": 6144}
{"stage": "sequential-round-coordinate", "pid": 4116221, "time": 1789707498.1423645, "cuda_visible_devices": "5", "allocated_gib": 5.225533962249756, "reserved_gib": 8.041015625, "peak_allocated_gib": 7.100478649139404, "gpu_time_budget": null, "module": "model.layers.1.mlp.down_proj", "step": 6272}
{"stage": "sequential-round-coordinate", "pid": 4116221, "time": 1789707499.1189375, "cuda_visible_devices": "5", "allocated_gib": 5.225533962249756, "reserved_gib": 8.041015625, "peak_allocated_gib": 7.100478649139404, "gpu_time_budget": null, "module": "model.layers.1.mlp.down_proj", "step": 6400}
{"stage": "sequential-round-coordinate", "pid": 4116221, "time": 1789707500.095247, "cuda_visible_devices": "5", "allocated_gib": 5.225533962249756, "reserved_gib": 8.041015625, "peak_allocated_gib": 7.100478649139404, "gpu_time_budget": null, "module": "model.layers.1.mlp.down_proj", "step": 6528}
{"stage": "sequential-round-coordinate", "pid": 4116221, "time": 1789707501.0671148, "cuda_visible_devices": "5", "allocated_gib": 5.225533962249756, "reserved_gib": 8.041015625, "peak_allocated_gib": 7.100478649139404, "gpu_time_budget": null, "module": "model.layers.1.mlp.down_proj", "step": 6656}
{"stage": "sequential-round-coordinate", "pid": 4116221, "time": 1789707502.0413573, "cuda_visible_devices": "5", "allocated_gib": 5.225533962249756, "reserved_gib": 8.041015625, "peak_allocated_gib": 7.100478649139404, "gpu_time_budget": null, "module": "model.layers.1.mlp.down_proj", "step": 6784}
{"stage": "sequential-round-coordinate", "pid": 4116221, "time": 1789707503.0165136, "cuda_visible_devices": "5", "allocated_gib": 5.225533962249756, "reserved_gib": 8.041015625, "peak_allocated_gib": 7.100478649139404, "gpu_time_budget": null, "module": "model.layers.1.mlp.down_proj", "step": 6912}
{"stage": "sequential-round-coordinate", "pid": 4116221, "time": 1789707503.9892437, "cuda_visible_devices": "5", "allocated_gib": 5.225533962249756, "reserved_gib": 8.041015625, "peak_allocated_gib": 7.100478649139404, "gpu_time_budget": null, "module": "model.layers.1.mlp.down_proj", "step": 7040}
{"stage": "sequential-round-coordinate", "pid": 4116221, "time": 1789707504.961276, "cuda_visible_devices": "5", "allocated_gib": 5.225533962249756, "reserved_gib": 8.041015625, "peak_allocated_gib": 7.100478649139404, "gpu_time_budget": null, "module": "model.layers.1.mlp.down_proj", "step": 7168}
{"stage": "sequential-round-coordinate", "pid": 4116221, "time": 1789707505.7976632, "cuda_visible_devices": "5", "allocated_gib": 5.225533962249756, "reserved_gib": 8.041015625, "peak_allocated_gib": 7.100478649139404, "gpu_time_budget": null, "module": "model.layers.1.mlp.down_proj", "step": 7296}
{"stage": "sequential-round-coordinate", "pid": 4116221, "time": 1789707506.5727046, "cuda_visible_devices": "5", "allocated_gib": 5.225533962249756, "reserved_gib": 8.041015625, "peak_allocated_gib": 7.100478649139404, "gpu_time_budget": null, "module": "model.layers.1.mlp.down_proj", "step": 7424}
{"stage": "sequential-round-coordinate", "pid": 4116221, "time": 1789707507.3498995, "cuda_visible_devices": "5", "allocated_gib": 5.225533962249756, "reserved_gib": 8.041015625, "peak_allocated_gib": 7.100478649139404, "gpu_time_budget": null, "module": "model.layers.1.mlp.down_proj", "step": 7552}
{"stage": "sequential-round-coordinate", "pid": 4116221, "time": 1789707508.1297932, "cuda_visible_devices": "5", "allocated_gib": 5.225533962249756, "reserved_gib": 8.041015625, "peak_allocated_gib": 7.100478649139404, "gpu_time_budget": null, "module": "model.layers.1.mlp.down_proj", "step": 7680}
{"stage": "sequential-round-coordinate", "pid": 4116221, "time": 1789707508.9080033, "cuda_visible_devices": "5", "allocated_gib": 5.225533962249756, "reserved_gib": 8.041015625, "peak_allocated_gib": 7.100478649139404, "gpu_time_budget": null, "module": "model.layers.1.mlp.down_proj", "step": 7808}
{"stage": "sequential-round-coordinate", "pid": 4116221, "time": 1789707509.6967394, "cuda_visible_devices": "5", "allocated_gib": 5.225533962249756, "reserved_gib": 8.041015625, "peak_allocated_gib": 7.100478649139404, "gpu_time_budget": null, "module": "model.layers.1.mlp.down_proj", "step": 7936}
{"stage": "sequential-round-coordinate", "pid": 4116221, "time": 1789707510.5143363, "cuda_visible_devices": "5", "allocated_gib": 5.225533962249756, "reserved_gib": 8.041015625, "peak_allocated_gib": 7.100478649139404, "gpu_time_budget": null, "module": "model.layers.1.mlp.down_proj", "step": 8064}
{"stage": "sequential-round-coordinate", "pid": 4116221, "time": 1789707511.3871176, "cuda_visible_devices": "5", "allocated_gib": 5.225533962249756, "reserved_gib": 8.041015625, "peak_allocated_gib": 7.100478649139404, "gpu_time_budget": null, "module": "model.layers.1.mlp.down_proj", "step": 8192}
{"stage": "sequential-round-train-nll", "pid": 4116221, "time": 1789707511.4271393, "cuda_visible_devices": "5", "allocated_gib": 3.795783519744873, "reserved_gib": 3.80078125, "peak_allocated_gib": 7.100478649139404, "gpu_time_budget": null, "module": "model.layers.1.mlp.down_proj", "step": 512}
Evaluation segment 1/1: start=0, windows=8, seqlen=2048
{"stage": "sequential-round-train-nll", "pid": 4116221, "time": 1789707515.9246395, "cuda_visible_devices": "5", "allocated_gib": 3.795783519744873, "reserved_gib": 5.791015625, "peak_allocated_gib": 7.100478649139404, "gpu_time_budget": null, "module": "model.layers.1.mlp.down_proj", "step": 2048}
Evaluation segment 1/1: start=0, windows=8, seqlen=2048
{"stage": "sequential-round-train-nll", "pid": 4116221, "time": 1789707520.0675642, "cuda_visible_devices": "5", "allocated_gib": 3.795783519744873, "reserved_gib": 5.791015625, "peak_allocated_gib": 7.100478649139404, "gpu_time_budget": null, "module": "model.layers.1.mlp.down_proj", "step": 8192}
Evaluation segment 1/1: start=0, windows=8, seqlen=2048
{"stage": "sequential-module-completed", "pid": 4116221, "time": 1789707524.2116988, "cuda_visible_devices": "5", "allocated_gib": 3.795783519744873, "reserved_gib": 5.791015625, "peak_allocated_gib": 7.100478649139404, "gpu_time_budget": null, "module": "model.layers.1.mlp.down_proj", "completed": 2, "total": 28, "selected_train_nll": 2.987788166725654, "elapsed_seconds": 151.63808797299862}
{"stage": "sequential-round-fit", "pid": 4116221, "time": 1789707526.1934934, "cuda_visible_devices": "5", "allocated_gib": 3.795783519744873, "reserved_gib": 5.791015625, "peak_allocated_gib": 7.100478649139404, "gpu_time_budget": null, "module": "model.layers.2.mlp.down_proj", "fit_rows": 49152, "heldout_rows": 16384}
{"stage": "sequential-module-completed", "pid": 4116221, "time": 1789707526.74906, "cuda_visible_devices": "5", "allocated_gib": 3.795783519744873, "reserved_gib": 3.80078125, "peak_allocated_gib": 7.100478649139404, "gpu_time_budget": null, "module": "model.layers.2.mlp.down_proj", "completed": 3, "total": 28, "selected_train_nll": 2.987788166725654, "elapsed_seconds": 154.17544876900502}
{"stage": "sequential-round-fit", "pid": 4116221, "time": 1789707529.3075938, "cuda_visible_devices": "5", "allocated_gib": 3.795783519744873, "reserved_gib": 4.08203125, "peak_allocated_gib": 7.100478649139404, "gpu_time_budget": null, "module": "model.layers.3.mlp.down_proj", "fit_rows": 49152, "heldout_rows": 16384}
{"stage": "sequential-round-coordinate", "pid": 4116221, "time": 1789707530.6184402, "cuda_visible_devices": "5", "allocated_gib": 5.225533962249756, "reserved_gib": 7.26953125, "peak_allocated_gib": 7.100478649139404, "gpu_time_budget": null, "module": "model.layers.3.mlp.down_proj", "step": 128}
{"stage": "sequential-round-coordinate", "pid": 4116221, "time": 1789707531.6041543, "cuda_visible_devices": "5", "allocated_gib": 5.225533962249756, "reserved_gib": 7.26953125, "peak_allocated_gib": 7.100478649139404, "gpu_time_budget": null, "module": "model.layers.3.mlp.down_proj", "step": 256}
{"stage": "sequential-round-coordinate", "pid": 4116221, "time": 1789707532.5903995, "cuda_visible_devices": "5", "allocated_gib": 5.225533962249756, "reserved_gib": 7.26953125, "peak_allocated_gib": 7.100478649139404, "gpu_time_budget": null, "module": "model.layers.3.mlp.down_proj", "step": 384}
{"stage": "sequential-round-coordinate", "pid": 4116221, "time": 1789707533.6604936, "cuda_visible_devices": "5", "allocated_gib": 5.225533962249756, "reserved_gib": 7.26953125, "peak_allocated_gib": 7.100478649139404, "gpu_time_budget": null, "module": "model.layers.3.mlp.down_proj", "step": 512}
{"stage": "sequential-round-coordinate", "pid": 4116221, "time": 1789707534.6394799, "cuda_visible_devices": "5", "allocated_gib": 5.225533962249756, "reserved_gib": 7.26953125, "peak_allocated_gib": 7.100478649139404, "gpu_time_budget": null, "module": "model.layers.3.mlp.down_proj", "step": 640}
{"stage": "sequential-round-coordinate", "pid": 4116221, "time": 1789707535.6157207, "cuda_visible_devices": "5", "allocated_gib": 5.225533962249756, "reserved_gib": 7.26953125, "peak_allocated_gib": 7.100478649139404, "gpu_time_budget": null, "module": "model.layers.3.mlp.down_proj", "step": 768}
{"stage": "sequential-round-coordinate", "pid": 4116221, "time": 1789707536.5954285, "cuda_visible_devices": "5", "allocated_gib": 5.225533962249756, "reserved_gib": 7.26953125, "peak_allocated_gib": 7.100478649139404, "gpu_time_budget": null, "module": "model.layers.3.mlp.down_proj", "step": 896}
{"stage": "sequential-round-coordinate", "pid": 4116221, "time": 1789707537.5752432, "cuda_visible_devices": "5", "allocated_gib": 5.225533962249756, "reserved_gib": 7.26953125, "peak_allocated_gib": 7.100478649139404, "gpu_time_budget": null, "module": "model.layers.3.mlp.down_proj", "step": 1024}
{"stage": "sequential-round-coordinate", "pid": 4116221, "time": 1789707538.5523894, "cuda_visible_devices": "5", "allocated_gib": 5.225533962249756, "reserved_gib": 7.26953125, "peak_allocated_gib": 7.100478649139404, "gpu_time_budget": null, "module": "model.layers.3.mlp.down_proj", "step": 1152}
{"stage": "sequential-round-coordinate", "pid": 4116221, "time": 1789707539.5283635, "cuda_visible_devices": "5", "allocated_gib": 5.225533962249756, "reserved_gib": 7.26953125, "peak_allocated_gib": 7.100478649139404, "gpu_time_budget": null, "module": "model.layers.3.mlp.down_proj", "step": 1280}
{"stage": "sequential-round-coordinate", "pid": 4116221, "time": 1789707540.5067043, "cuda_visible_devices": "5", "allocated_gib": 5.225533962249756, "reserved_gib": 7.26953125, "peak_allocated_gib": 7.100478649139404, "gpu_time_budget": null, "module": "model.layers.3.mlp.down_proj", "step": 1408}
{"stage": "sequential-round-coordinate", "pid": 4116221, "time": 1789707541.4852035, "cuda_visible_devices": "5", "allocated_gib": 5.225533962249756, "reserved_gib": 7.26953125, "peak_allocated_gib": 7.100478649139404, "gpu_time_budget": null, "module": "model.layers.3.mlp.down_proj", "step": 1536}
{"stage": "sequential-round-coordinate", "pid": 4116221, "time": 1789707542.4613621, "cuda_visible_devices": "5", "allocated_gib": 5.225533962249756, "reserved_gib": 7.26953125, "peak_allocated_gib": 7.100478649139404, "gpu_time_budget": null, "module": "model.layers.3.mlp.down_proj", "step": 1664}
{"stage": "sequential-round-coordinate", "pid": 4116221, "time": 1789707543.437574, "cuda_visible_devices": "5", "allocated_gib": 5.225533962249756, "reserved_gib": 7.26953125, "peak_allocated_gib": 7.100478649139404, "gpu_time_budget": null, "module": "model.layers.3.mlp.down_proj", "step": 1792}
{"stage": "sequential-round-coordinate", "pid": 4116221, "time": 1789707544.4139853, "cuda_visible_devices": "5", "allocated_gib": 5.225533962249756, "reserved_gib": 7.26953125, "peak_allocated_gib": 7.100478649139404, "gpu_time_budget": null, "module": "model.layers.3.mlp.down_proj", "step": 1920}
{"stage": "sequential-round-coordinate", "pid": 4116221, "time": 1789707545.4742055, "cuda_visible_devices": "5", "allocated_gib": 5.225533962249756, "reserved_gib": 7.26953125, "peak_allocated_gib": 7.100478649139404, "gpu_time_budget": null, "module": "model.layers.3.mlp.down_proj", "step": 2048}
{"stage": "sequential-round-coordinate", "pid": 4116221, "time": 1789707546.4471455, "cuda_visible_devices": "5", "allocated_gib": 5.225533962249756, "reserved_gib": 7.26953125, "peak_allocated_gib": 7.100478649139404, "gpu_time_budget": null, "module": "model.layers.3.mlp.down_proj", "step": 2176}
{"stage": "sequential-round-coordinate", "pid": 4116221, "time": 1789707547.42067, "cuda_visible_devices": "5", "allocated_gib": 5.225533962249756, "reserved_gib": 7.26953125, "peak_allocated_gib": 7.100478649139404, "gpu_time_budget": null, "module": "model.layers.3.mlp.down_proj", "step": 2304}
{"stage": "sequential-round-coordinate", "pid": 4116221, "time": 1789707548.400482, "cuda_visible_devices": "5", "allocated_gib": 5.225533962249756, "reserved_gib": 7.26953125, "peak_allocated_gib": 7.100478649139404, "gpu_time_budget": null, "module": "model.layers.3.mlp.down_proj", "step": 2432}
{"stage": "sequential-round-coordinate", "pid": 4116221, "time": 1789707549.376637, "cuda_visible_devices": "5", "allocated_gib": 5.225533962249756, "reserved_gib": 7.26953125, "peak_allocated_gib": 7.100478649139404, "gpu_time_budget": null, "module": "model.layers.3.mlp.down_proj", "step": 2560}
{"stage": "sequential-round-coordinate", "pid": 4116221, "time": 1789707550.3534293, "cuda_visible_devices": "5", "allocated_gib": 5.225533962249756, "reserved_gib": 7.26953125, "peak_allocated_gib": 7.100478649139404, "gpu_time_budget": null, "module": "model.layers.3.mlp.down_proj", "step": 2688}
{"stage": "sequential-round-coordinate", "pid": 4116221, "time": 1789707551.3286464, "cuda_visible_devices": "5", "allocated_gib": 5.225533962249756, "reserved_gib": 7.26953125, "peak_allocated_gib": 7.100478649139404, "gpu_time_budget": null, "module": "model.layers.3.mlp.down_proj", "step": 2816}
{"stage": "sequential-round-coordinate", "pid": 4116221, "time": 1789707552.3047853, "cuda_visible_devices": "5", "allocated_gib": 5.225533962249756, "reserved_gib": 7.26953125, "peak_allocated_gib": 7.100478649139404, "gpu_time_budget": null, "module": "model.layers.3.mlp.down_proj", "step": 2944}
{"stage": "sequential-round-coordinate", "pid": 4116221, "time": 1789707553.2812767, "cuda_visible_devices": "5", "allocated_gib": 5.225533962249756, "reserved_gib": 7.26953125, "peak_allocated_gib": 7.100478649139404, "gpu_time_budget": null, "module": "model.layers.3.mlp.down_proj", "step": 3072}
{"stage": "sequential-round-coordinate", "pid": 4116221, "time": 1789707554.2584302, "cuda_visible_devices": "5", "allocated_gib": 5.225533962249756, "reserved_gib": 7.26953125, "peak_allocated_gib": 7.100478649139404, "gpu_time_budget": null, "module": "model.layers.3.mlp.down_proj", "step": 3200}
{"stage": "sequential-round-coordinate", "pid": 4116221, "time": 1789707555.2365587, "cuda_visible_devices": "5", "allocated_gib": 5.225533962249756, "reserved_gib": 7.26953125, "peak_allocated_gib": 7.100478649139404, "gpu_time_budget": null, "module": "model.layers.3.mlp.down_proj", "step": 3328}
{"stage": "sequential-round-coordinate", "pid": 4116221, "time": 1789707556.214424, "cuda_visible_devices": "5", "allocated_gib": 5.225533962249756, "reserved_gib": 7.26953125, "peak_allocated_gib": 7.100478649139404, "gpu_time_budget": null, "module": "model.layers.3.mlp.down_proj", "step": 3456}
{"stage": "sequential-round-coordinate", "pid": 4116221, "time": 1789707557.1925483, "cuda_visible_devices": "5", "allocated_gib": 5.225533962249756, "reserved_gib": 7.26953125, "peak_allocated_gib": 7.100478649139404, "gpu_time_budget": null, "module": "model.layers.3.mlp.down_proj", "step": 3584}
{"stage": "sequential-round-coordinate", "pid": 4116221, "time": 1789707558.1710536, "cuda_visible_devices": "5", "allocated_gib": 5.225533962249756, "reserved_gib": 7.26953125, "peak_allocated_gib": 7.100478649139404, "gpu_time_budget": null, "module": "model.layers.3.mlp.down_proj", "step": 3712}
{"stage": "sequential-round-coordinate", "pid": 4116221, "time": 1789707559.1486294, "cuda_visible_devices": "5", "allocated_gib": 5.225533962249756, "reserved_gib": 7.26953125, "peak_allocated_gib": 7.100478649139404, "gpu_time_budget": null, "module": "model.layers.3.mlp.down_proj", "step": 3840}
{"stage": "sequential-round-coordinate", "pid": 4116221, "time": 1789707560.1261182, "cuda_visible_devices": "5", "allocated_gib": 5.225533962249756, "reserved_gib": 7.26953125, "peak_allocated_gib": 7.100478649139404, "gpu_time_budget": null, "module": "model.layers.3.mlp.down_proj", "step": 3968}
{"stage": "sequential-round-coordinate", "pid": 4116221, "time": 1789707561.1037228, "cuda_visible_devices": "5", "allocated_gib": 5.225533962249756, "reserved_gib": 7.26953125, "peak_allocated_gib": 7.100478649139404, "gpu_time_budget": null, "module": "model.layers.3.mlp.down_proj", "step": 4096}
{"stage": "sequential-round-coordinate", "pid": 4116221, "time": 1789707562.0818949, "cuda_visible_devices": "5", "allocated_gib": 5.225533962249756, "reserved_gib": 7.26953125, "peak_allocated_gib": 7.100478649139404, "gpu_time_budget": null, "module": "model.layers.3.mlp.down_proj", "step": 4224}
{"stage": "sequential-round-coordinate", "pid": 4116221, "time": 1789707563.059255, "cuda_visible_devices": "5", "allocated_gib": 5.225533962249756, "reserved_gib": 7.26953125, "peak_allocated_gib": 7.100478649139404, "gpu_time_budget": null, "module": "model.layers.3.mlp.down_proj", "step": 4352}
{"stage": "sequential-round-coordinate", "pid": 4116221, "time": 1789707564.03822, "cuda_visible_devices": "5", "allocated_gib": 5.225533962249756, "reserved_gib": 7.26953125, "peak_allocated_gib": 7.100478649139404, "gpu_time_budget": null, "module": "model.layers.3.mlp.down_proj", "step": 4480}
{"stage": "sequential-round-coordinate", "pid": 4116221, "time": 1789707565.0196168, "cuda_visible_devices": "5", "allocated_gib": 5.225533962249756, "reserved_gib": 7.26953125, "peak_allocated_gib": 7.100478649139404, "gpu_time_budget": null, "module": "model.layers.3.mlp.down_proj", "step": 4608}
{"stage": "sequential-round-coordinate", "pid": 4116221, "time": 1789707566.0040548, "cuda_visible_devices": "5", "allocated_gib": 5.225533962249756, "reserved_gib": 7.26953125, "peak_allocated_gib": 7.100478649139404, "gpu_time_budget": null, "module": "model.layers.3.mlp.down_proj", "step": 4736}
{"stage": "sequential-round-coordinate", "pid": 4116221, "time": 1789707566.9911711, "cuda_visible_devices": "5", "allocated_gib": 5.225533962249756, "reserved_gib": 7.26953125, "peak_allocated_gib": 7.100478649139404, "gpu_time_budget": null, "module": "model.layers.3.mlp.down_proj", "step": 4864}
{"stage": "sequential-round-coordinate", "pid": 4116221, "time": 1789707567.9781964, "cuda_visible_devices": "5", "allocated_gib": 5.225533962249756, "reserved_gib": 7.26953125, "peak_allocated_gib": 7.100478649139404, "gpu_time_budget": null, "module": "model.layers.3.mlp.down_proj", "step": 4992}
{"stage": "sequential-round-coordinate", "pid": 4116221, "time": 1789707568.9645371, "cuda_visible_devices": "5", "allocated_gib": 5.225533962249756, "reserved_gib": 7.26953125, "peak_allocated_gib": 7.100478649139404, "gpu_time_budget": null, "module": "model.layers.3.mlp.down_proj", "step": 5120}
{"stage": "sequential-round-coordinate", "pid": 4116221, "time": 1789707569.9510489, "cuda_visible_devices": "5", "allocated_gib": 5.225533962249756, "reserved_gib": 7.26953125, "peak_allocated_gib": 7.100478649139404, "gpu_time_budget": null, "module": "model.layers.3.mlp.down_proj", "step": 5248}
{"stage": "sequential-round-coordinate", "pid": 4116221, "time": 1789707570.9369915, "cuda_visible_devices": "5", "allocated_gib": 5.225533962249756, "reserved_gib": 7.26953125, "peak_allocated_gib": 7.100478649139404, "gpu_time_budget": null, "module": "model.layers.3.mlp.down_proj", "step": 5376}
{"stage": "sequential-round-coordinate", "pid": 4116221, "time": 1789707571.9237356, "cuda_visible_devices": "5", "allocated_gib": 5.225533962249756, "reserved_gib": 7.26953125, "peak_allocated_gib": 7.100478649139404, "gpu_time_budget": null, "module": "model.layers.3.mlp.down_proj", "step": 5504}
{"stage": "sequential-round-coordinate", "pid": 4116221, "time": 1789707572.9112763, "cuda_visible_devices": "5", "allocated_gib": 5.225533962249756, "reserved_gib": 7.26953125, "peak_allocated_gib": 7.100478649139404, "gpu_time_budget": null, "module": "model.layers.3.mlp.down_proj", "step": 5632}
{"stage": "sequential-round-coordinate", "pid": 4116221, "time": 1789707573.897493, "cuda_visible_devices": "5", "allocated_gib": 5.225533962249756, "reserved_gib": 7.26953125, "peak_allocated_gib": 7.100478649139404, "gpu_time_budget": null, "module": "model.layers.3.mlp.down_proj", "step": 5760}
{"stage": "sequential-round-coordinate", "pid": 4116221, "time": 1789707574.8835528, "cuda_visible_devices": "5", "allocated_gib": 5.225533962249756, "reserved_gib": 7.26953125, "peak_allocated_gib": 7.100478649139404, "gpu_time_budget": null, "module": "model.layers.3.mlp.down_proj", "step": 5888}
{"stage": "sequential-round-coordinate", "pid": 4116221, "time": 1789707575.8679767, "cuda_visible_devices": "5", "allocated_gib": 5.225533962249756, "reserved_gib": 7.26953125, "peak_allocated_gib": 7.100478649139404, "gpu_time_budget": null, "module": "model.layers.3.mlp.down_proj", "step": 6016}
{"stage": "sequential-round-coordinate", "pid": 4116221, "time": 1789707576.8533967, "cuda_visible_devices": "5", "allocated_gib": 5.225533962249756, "reserved_gib": 7.26953125, "peak_allocated_gib": 7.100478649139404, "gpu_time_budget": null, "module": "model.layers.3.mlp.down_proj", "step": 6144}
{"stage": "sequential-round-coordinate", "pid": 4116221, "time": 1789707577.8353841, "cuda_visible_devices": "5", "allocated_gib": 5.225533962249756, "reserved_gib": 7.26953125, "peak_allocated_gib": 7.100478649139404, "gpu_time_budget": null, "module": "model.layers.3.mlp.down_proj", "step": 6272}
{"stage": "sequential-round-coordinate", "pid": 4116221, "time": 1789707578.821277, "cuda_visible_devices": "5", "allocated_gib": 5.225533962249756, "reserved_gib": 7.26953125, "peak_allocated_gib": 7.100478649139404, "gpu_time_budget": null, "module": "model.layers.3.mlp.down_proj", "step": 6400}
{"stage": "sequential-round-coordinate", "pid": 4116221, "time": 1789707579.8053756, "cuda_visible_devices": "5", "allocated_gib": 5.225533962249756, "reserved_gib": 7.26953125, "peak_allocated_gib": 7.100478649139404, "gpu_time_budget": null, "module": "model.layers.3.mlp.down_proj", "step": 6528}
{"stage": "sequential-round-coordinate", "pid": 4116221, "time": 1789707580.7853596, "cuda_visible_devices": "5", "allocated_gib": 5.225533962249756, "reserved_gib": 7.26953125, "peak_allocated_gib": 7.100478649139404, "gpu_time_budget": null, "module": "model.layers.3.mlp.down_proj", "step": 6656}
{"stage": "sequential-round-coordinate", "pid": 4116221, "time": 1789707581.7708626, "cuda_visible_devices": "5", "allocated_gib": 5.225533962249756, "reserved_gib": 7.26953125, "peak_allocated_gib": 7.100478649139404, "gpu_time_budget": null, "module": "model.layers.3.mlp.down_proj", "step": 6784}
{"stage": "sequential-round-coordinate", "pid": 4116221, "time": 1789707582.4708571, "cuda_visible_devices": "5", "allocated_gib": 5.225533962249756, "reserved_gib": 7.26953125, "peak_allocated_gib": 7.100478649139404, "gpu_time_budget": null, "module": "model.layers.3.mlp.down_proj", "step": 6912}
{"stage": "sequential-round-coordinate", "pid": 4116221, "time": 1789707583.2961898, "cuda_visible_devices": "5", "allocated_gib": 5.225533962249756, "reserved_gib": 7.26953125, "peak_allocated_gib": 7.100478649139404, "gpu_time_budget": null, "module": "model.layers.3.mlp.down_proj", "step": 7040}
{"stage": "sequential-round-coordinate", "pid": 4116221, "time": 1789707584.1185477, "cuda_visible_devices": "5", "allocated_gib": 5.225533962249756, "reserved_gib": 7.26953125, "peak_allocated_gib": 7.100478649139404, "gpu_time_budget": null, "module": "model.layers.3.mlp.down_proj", "step": 7168}
{"stage": "sequential-round-coordinate", "pid": 4116221, "time": 1789707584.9067435, "cuda_visible_devices": "5", "allocated_gib": 5.225533962249756, "reserved_gib": 7.26953125, "peak_allocated_gib": 7.100478649139404, "gpu_time_budget": null, "module": "model.layers.3.mlp.down_proj", "step": 7296}
{"stage": "sequential-round-coordinate", "pid": 4116221, "time": 1789707585.6966317, "cuda_visible_devices": "5", "allocated_gib": 5.225533962249756, "reserved_gib": 7.26953125, "peak_allocated_gib": 7.100478649139404, "gpu_time_budget": null, "module": "model.layers.3.mlp.down_proj", "step": 7424}
{"stage": "sequential-round-coordinate", "pid": 4116221, "time": 1789707586.4873948, "cuda_visible_devices": "5", "allocated_gib": 5.225533962249756, "reserved_gib": 7.26953125, "peak_allocated_gib": 7.100478649139404, "gpu_time_budget": null, "module": "model.layers.3.mlp.down_proj", "step": 7552}
{"stage": "sequential-round-coordinate", "pid": 4116221, "time": 1789707587.2713094, "cuda_visible_devices": "5", "allocated_gib": 5.225533962249756, "reserved_gib": 7.26953125, "peak_allocated_gib": 7.100478649139404, "gpu_time_budget": null, "module": "model.layers.3.mlp.down_proj", "step": 7680}
{"stage": "sequential-round-coordinate", "pid": 4116221, "time": 1789707588.0224862, "cuda_visible_devices": "5", "allocated_gib": 5.225533962249756, "reserved_gib": 7.26953125, "peak_allocated_gib": 7.100478649139404, "gpu_time_budget": null, "module": "model.layers.3.mlp.down_proj", "step": 7808}
{"stage": "sequential-round-coordinate", "pid": 4116221, "time": 1789707588.80291, "cuda_visible_devices": "5", "allocated_gib": 5.225533962249756, "reserved_gib": 7.26953125, "peak_allocated_gib": 7.100478649139404, "gpu_time_budget": null, "module": "model.layers.3.mlp.down_proj", "step": 7936}
{"stage": "sequential-round-coordinate", "pid": 4116221, "time": 1789707589.582335, "cuda_visible_devices": "5", "allocated_gib": 5.225533962249756, "reserved_gib": 7.26953125, "peak_allocated_gib": 7.100478649139404, "gpu_time_budget": null, "module": "model.layers.3.mlp.down_proj", "step": 8064}
{"stage": "sequential-round-coordinate", "pid": 4116221, "time": 1789707590.4971087, "cuda_visible_devices": "5", "allocated_gib": 5.225533962249756, "reserved_gib": 7.26953125, "peak_allocated_gib": 7.100478649139404, "gpu_time_budget": null, "module": "model.layers.3.mlp.down_proj", "step": 8192}
{"stage": "sequential-round-train-nll", "pid": 4116221, "time": 1789707590.5386884, "cuda_visible_devices": "5", "allocated_gib": 3.795783519744873, "reserved_gib": 3.80078125, "peak_allocated_gib": 7.100478649139404, "gpu_time_budget": null, "module": "model.layers.3.mlp.down_proj", "step": 512}
Evaluation segment 1/1: start=0, windows=8, seqlen=2048
{"stage": "sequential-round-train-nll", "pid": 4116221, "time": 1789707594.9213579, "cuda_visible_devices": "5", "allocated_gib": 3.795783519744873, "reserved_gib": 5.791015625, "peak_allocated_gib": 7.100478649139404, "gpu_time_budget": null, "module": "model.layers.3.mlp.down_proj", "step": 2048}
Evaluation segment 1/1: start=0, windows=8, seqlen=2048
{"stage": "sequential-round-train-nll", "pid": 4116221, "time": 1789707598.6368408, "cuda_visible_devices": "5", "allocated_gib": 3.795783519744873, "reserved_gib": 5.791015625, "peak_allocated_gib": 7.100478649139404, "gpu_time_budget": null, "module": "model.layers.3.mlp.down_proj", "step": 8192}
Evaluation segment 1/1: start=0, windows=8, seqlen=2048
{"stage": "sequential-module-completed", "pid": 4116221, "time": 1789707603.8449934, "cuda_visible_devices": "5", "allocated_gib": 3.795783519744873, "reserved_gib": 5.791015625, "peak_allocated_gib": 7.100478649139404, "gpu_time_budget": null, "module": "model.layers.3.mlp.down_proj", "completed": 4, "total": 28, "selected_train_nll": 2.987788166725654, "elapsed_seconds": 231.27138038899284}
{"stage": "sequential-round-fit", "pid": 4116221, "time": 1789707606.9810312, "cuda_visible_devices": "5", "allocated_gib": 3.795783519744873, "reserved_gib": 5.791015625, "peak_allocated_gib": 7.100478649139404, "gpu_time_budget": null, "module": "model.layers.4.mlp.down_proj", "fit_rows": 49152, "heldout_rows": 16384}
{"stage": "sequential-round-coordinate", "pid": 4116221, "time": 1789707608.2958722, "cuda_visible_devices": "5", "allocated_gib": 5.225533962249756, "reserved_gib": 8.041015625, "peak_allocated_gib": 7.100478649139404, "gpu_time_budget": null, "module": "model.layers.4.mlp.down_proj", "step": 128}
{"stage": "sequential-round-coordinate", "pid": 4116221, "time": 1789707609.2703757, "cuda_visible_devices": "5", "allocated_gib": 5.225533962249756, "reserved_gib": 8.041015625, "peak_allocated_gib": 7.100478649139404, "gpu_time_budget": null, "module": "model.layers.4.mlp.down_proj", "step": 256}
{"stage": "sequential-round-coordinate", "pid": 4116221, "time": 1789707610.2470846, "cuda_visible_devices": "5", "allocated_gib": 5.225533962249756, "reserved_gib": 8.041015625, "peak_allocated_gib": 7.100478649139404, "gpu_time_budget": null, "module": "model.layers.4.mlp.down_proj", "step": 384}
{"stage": "sequential-round-coordinate", "pid": 4116221, "time": 1789707611.3095503, "cuda_visible_devices": "5", "allocated_gib": 5.225533962249756, "reserved_gib": 8.041015625, "peak_allocated_gib": 7.100478649139404, "gpu_time_budget": null, "module": "model.layers.4.mlp.down_proj", "step": 512}
{"stage": "sequential-round-coordinate", "pid": 4116221, "time": 1789707612.285395, "cuda_visible_devices": "5", "allocated_gib": 5.225533962249756, "reserved_gib": 8.041015625, "peak_allocated_gib": 7.100478649139404, "gpu_time_budget": null, "module": "model.layers.4.mlp.down_proj", "step": 640}
{"stage": "sequential-round-coordinate", "pid": 4116221, "time": 1789707613.267642, "cuda_visible_devices": "5", "allocated_gib": 5.225533962249756, "reserved_gib": 8.041015625, "peak_allocated_gib": 7.100478649139404, "gpu_time_budget": null, "module": "model.layers.4.mlp.down_proj", "step": 768}
{"stage": "sequential-round-coordinate", "pid": 4116221, "time": 1789707614.2465365, "cuda_visible_devices": "5", "allocated_gib": 5.225533962249756, "reserved_gib": 8.041015625, "peak_allocated_gib": 7.100478649139404, "gpu_time_budget": null, "module": "model.layers.4.mlp.down_proj", "step": 896}
{"stage": "sequential-round-coordinate", "pid": 4116221, "time": 1789707615.2284646, "cuda_visible_devices": "5", "allocated_gib": 5.225533962249756, "reserved_gib": 8.041015625, "peak_allocated_gib": 7.100478649139404, "gpu_time_budget": null, "module": "model.layers.4.mlp.down_proj", "step": 1024}
{"stage": "sequential-round-coordinate", "pid": 4116221, "time": 1789707616.2099621, "cuda_visible_devices": "5", "allocated_gib": 5.225533962249756, "reserved_gib": 8.041015625, "peak_allocated_gib": 7.100478649139404, "gpu_time_budget": null, "module": "model.layers.4.mlp.down_proj", "step": 1152}
{"stage": "sequential-round-coordinate", "pid": 4116221, "time": 1789707617.1878374, "cuda_visible_devices": "5", "allocated_gib": 5.225533962249756, "reserved_gib": 8.041015625, "peak_allocated_gib": 7.100478649139404, "gpu_time_budget": null, "module": "model.layers.4.mlp.down_proj", "step": 1280}
{"stage": "sequential-round-coordinate", "pid": 4116221, "time": 1789707618.1579275, "cuda_visible_devices": "5", "allocated_gib": 5.225533962249756, "reserved_gib": 8.041015625, "peak_allocated_gib": 7.100478649139404, "gpu_time_budget": null, "module": "model.layers.4.mlp.down_proj", "step": 1408}
{"stage": "sequential-round-coordinate", "pid": 4116221, "time": 1789707619.1281161, "cuda_visible_devices": "5", "allocated_gib": 5.225533962249756, "reserved_gib": 8.041015625, "peak_allocated_gib": 7.100478649139404, "gpu_time_budget": null, "module": "model.layers.4.mlp.down_proj", "step": 1536}
{"stage": "sequential-round-coordinate", "pid": 4116221, "time": 1789707620.1053693, "cuda_visible_devices": "5", "allocated_gib": 5.225533962249756, "reserved_gib": 8.041015625, "peak_allocated_gib": 7.100478649139404, "gpu_time_budget": null, "module": "model.layers.4.mlp.down_proj", "step": 1664}
{"stage": "sequential-round-coordinate", "pid": 4116221, "time": 1789707621.0816166, "cuda_visible_devices": "5", "allocated_gib": 5.225533962249756, "reserved_gib": 8.041015625, "peak_allocated_gib": 7.100478649139404, "gpu_time_budget": null, "module": "model.layers.4.mlp.down_proj", "step": 1792}
{"stage": "sequential-round-coordinate", "pid": 4116221, "time": 1789707622.0587056, "cuda_visible_devices": "5", "allocated_gib": 5.225533962249756, "reserved_gib": 8.041015625, "peak_allocated_gib": 7.100478649139404, "gpu_time_budget": null, "module": "model.layers.4.mlp.down_proj", "step": 1920}
{"stage": "sequential-round-coordinate", "pid": 4116221, "time": 1789707623.1206782, "cuda_visible_devices": "5", "allocated_gib": 5.225533962249756, "reserved_gib": 8.041015625, "peak_allocated_gib": 7.100478649139404, "gpu_time_budget": null, "module": "model.layers.4.mlp.down_proj", "step": 2048}
{"stage": "sequential-round-coordinate", "pid": 4116221, "time": 1789707624.099012, "cuda_visible_devices": "5", "allocated_gib": 5.225533962249756, "reserved_gib": 8.041015625, "peak_allocated_gib": 7.100478649139404, "gpu_time_budget": null, "module": "model.layers.4.mlp.down_proj", "step": 2176}
{"stage": "sequential-round-coordinate", "pid": 4116221, "time": 1789707625.0783606, "cuda_visible_devices": "5", "allocated_gib": 5.225533962249756, "reserved_gib": 8.041015625, "peak_allocated_gib": 7.100478649139404, "gpu_time_budget": null, "module": "model.layers.4.mlp.down_proj", "step": 2304}
{"stage": "sequential-round-coordinate", "pid": 4116221, "time": 1789707626.0592492, "cuda_visible_devices": "5", "allocated_gib": 5.225533962249756, "reserved_gib": 8.041015625, "peak_allocated_gib": 7.100478649139404, "gpu_time_budget": null, "module": "model.layers.4.mlp.down_proj", "step": 2432}
{"stage": "sequential-round-coordinate", "pid": 4116221, "time": 1789707627.0400648, "cuda_visible_devices": "5", "allocated_gib": 5.225533962249756, "reserved_gib": 8.041015625, "peak_allocated_gib": 7.100478649139404, "gpu_time_budget": null, "module": "model.layers.4.mlp.down_proj", "step": 2560}
{"stage": "sequential-round-coordinate", "pid": 4116221, "time": 1789707628.0188062, "cuda_visible_devices": "5", "allocated_gib": 5.225533962249756, "reserved_gib": 8.041015625, "peak_allocated_gib": 7.100478649139404, "gpu_time_budget": null, "module": "model.layers.4.mlp.down_proj", "step": 2688}
{"stage": "sequential-round-coordinate", "pid": 4116221, "time": 1789707628.9995255, "cuda_visible_devices": "5", "allocated_gib": 5.225533962249756, "reserved_gib": 8.041015625, "peak_allocated_gib": 7.100478649139404, "gpu_time_budget": null, "module": "model.layers.4.mlp.down_proj", "step": 2816}
{"stage": "sequential-round-coordinate", "pid": 4116221, "time": 1789707629.9792657, "cuda_visible_devices": "5", "allocated_gib": 5.225533962249756, "reserved_gib": 8.041015625, "peak_allocated_gib": 7.100478649139404, "gpu_time_budget": null, "module": "model.layers.4.mlp.down_proj", "step": 2944}
{"stage": "sequential-round-coordinate", "pid": 4116221, "time": 1789707630.9603493, "cuda_visible_devices": "5", "allocated_gib": 5.225533962249756, "reserved_gib": 8.041015625, "peak_allocated_gib": 7.100478649139404, "gpu_time_budget": null, "module": "model.layers.4.mlp.down_proj", "step": 3072}
{"stage": "sequential-round-coordinate", "pid": 4116221, "time": 1789707631.9404073, "cuda_visible_devices": "5", "allocated_gib": 5.225533962249756, "reserved_gib": 8.041015625, "peak_allocated_gib": 7.100478649139404, "gpu_time_budget": null, "module": "model.layers.4.mlp.down_proj", "step": 3200}
{"stage": "sequential-round-coordinate", "pid": 4116221, "time": 1789707632.9197447, "cuda_visible_devices": "5", "allocated_gib": 5.225533962249756, "reserved_gib": 8.041015625, "peak_allocated_gib": 7.100478649139404, "gpu_time_budget": null, "module": "model.layers.4.mlp.down_proj", "step": 3328}
{"stage": "sequential-round-coordinate", "pid": 4116221, "time": 1789707633.8999686, "cuda_visible_devices": "5", "allocated_gib": 5.225533962249756, "reserved_gib": 8.041015625, "peak_allocated_gib": 7.100478649139404, "gpu_time_budget": null, "module": "model.layers.4.mlp.down_proj", "step": 3456}
{"stage": "sequential-round-coordinate", "pid": 4116221, "time": 1789707634.880293, "cuda_visible_devices": "5", "allocated_gib": 5.225533962249756, "reserved_gib": 8.041015625, "peak_allocated_gib": 7.100478649139404, "gpu_time_budget": null, "module": "model.layers.4.mlp.down_proj", "step": 3584}
{"stage": "sequential-round-coordinate", "pid": 4116221, "time": 1789707635.850605, "cuda_visible_devices": "5", "allocated_gib": 5.225533962249756, "reserved_gib": 8.041015625, "peak_allocated_gib": 7.100478649139404, "gpu_time_budget": null, "module": "model.layers.4.mlp.down_proj", "step": 3712}
{"stage": "sequential-round-coordinate", "pid": 4116221, "time": 1789707636.8206408, "cuda_visible_devices": "5", "allocated_gib": 5.225533962249756, "reserved_gib": 8.041015625, "peak_allocated_gib": 7.100478649139404, "gpu_time_budget": null, "module": "model.layers.4.mlp.down_proj", "step": 3840}
{"stage": "sequential-round-coordinate", "pid": 4116221, "time": 1789707637.793948, "cuda_visible_devices": "5", "allocated_gib": 5.225533962249756, "reserved_gib": 8.041015625, "peak_allocated_gib": 7.100478649139404, "gpu_time_budget": null, "module": "model.layers.4.mlp.down_proj", "step": 3968}
{"stage": "sequential-round-coordinate", "pid": 4116221, "time": 1789707638.7662556, "cuda_visible_devices": "5", "allocated_gib": 5.225533962249756, "reserved_gib": 8.041015625, "peak_allocated_gib": 7.100478649139404, "gpu_time_budget": null, "module": "model.layers.4.mlp.down_proj", "step": 4096}
{"stage": "sequential-round-coordinate", "pid": 4116221, "time": 1789707639.7380655, "cuda_visible_devices": "5", "allocated_gib": 5.225533962249756, "reserved_gib": 8.041015625, "peak_allocated_gib": 7.100478649139404, "gpu_time_budget": null, "module": "model.layers.4.mlp.down_proj", "step": 4224}
{"stage": "sequential-round-coordinate", "pid": 4116221, "time": 1789707640.7082293, "cuda_visible_devices": "5", "allocated_gib": 5.225533962249756, "reserved_gib": 8.041015625, "peak_allocated_gib": 7.100478649139404, "gpu_time_budget": null, "module": "model.layers.4.mlp.down_proj", "step": 4352}
{"stage": "sequential-round-coordinate", "pid": 4116221, "time": 1789707641.682071, "cuda_visible_devices": "5", "allocated_gib": 5.225533962249756, "reserved_gib": 8.041015625, "peak_allocated_gib": 7.100478649139404, "gpu_time_budget": null, "module": "model.layers.4.mlp.down_proj", "step": 4480}
{"stage": "sequential-round-coordinate", "pid": 4116221, "time": 1789707642.648664, "cuda_visible_devices": "5", "allocated_gib": 5.225533962249756, "reserved_gib": 8.041015625, "peak_allocated_gib": 7.100478649139404, "gpu_time_budget": null, "module": "model.layers.4.mlp.down_proj", "step": 4608}
{"stage": "sequential-round-coordinate", "pid": 4116221, "time": 1789707643.6222117, "cuda_visible_devices": "5", "allocated_gib": 5.225533962249756, "reserved_gib": 8.041015625, "peak_allocated_gib": 7.100478649139404, "gpu_time_budget": null, "module": "model.layers.4.mlp.down_proj", "step": 4736}
{"stage": "sequential-round-coordinate", "pid": 4116221, "time": 1789707644.5944726, "cuda_visible_devices": "5", "allocated_gib": 5.225533962249756, "reserved_gib": 8.041015625, "peak_allocated_gib": 7.100478649139404, "gpu_time_budget": null, "module": "model.layers.4.mlp.down_proj", "step": 4864}
{"stage": "sequential-round-coordinate", "pid": 4116221, "time": 1789707645.5650606, "cuda_visible_devices": "5", "allocated_gib": 5.225533962249756, "reserved_gib": 8.041015625, "peak_allocated_gib": 7.100478649139404, "gpu_time_budget": null, "module": "model.layers.4.mlp.down_proj", "step": 4992}
{"stage": "sequential-round-coordinate", "pid": 4116221, "time": 1789707646.5369906, "cuda_visible_devices": "5", "allocated_gib": 5.225533962249756, "reserved_gib": 8.041015625, "peak_allocated_gib": 7.100478649139404, "gpu_time_budget": null, "module": "model.layers.4.mlp.down_proj", "step": 5120}
{"stage": "sequential-round-coordinate", "pid": 4116221, "time": 1789707647.5102699, "cuda_visible_devices": "5", "allocated_gib": 5.225533962249756, "reserved_gib": 8.041015625, "peak_allocated_gib": 7.100478649139404, "gpu_time_budget": null, "module": "model.layers.4.mlp.down_proj", "step": 5248}
{"stage": "sequential-round-coordinate", "pid": 4116221, "time": 1789707648.4842646, "cuda_visible_devices": "5", "allocated_gib": 5.225533962249756, "reserved_gib": 8.041015625, "peak_allocated_gib": 7.100478649139404, "gpu_time_budget": null, "module": "model.layers.4.mlp.down_proj", "step": 5376}
{"stage": "sequential-round-coordinate", "pid": 4116221, "time": 1789707649.4610133, "cuda_visible_devices": "5", "allocated_gib": 5.225533962249756, "reserved_gib": 8.041015625, "peak_allocated_gib": 7.100478649139404, "gpu_time_budget": null, "module": "model.layers.4.mlp.down_proj", "step": 5504}
{"stage": "sequential-round-coordinate", "pid": 4116221, "time": 1789707650.4417243, "cuda_visible_devices": "5", "allocated_gib": 5.225533962249756, "reserved_gib": 8.041015625, "peak_allocated_gib": 7.100478649139404, "gpu_time_budget": null, "module": "model.layers.4.mlp.down_proj", "step": 5632}
{"stage": "sequential-round-coordinate", "pid": 4116221, "time": 1789707651.42386, "cuda_visible_devices": "5", "allocated_gib": 5.225533962249756, "reserved_gib": 8.041015625, "peak_allocated_gib": 7.100478649139404, "gpu_time_budget": null, "module": "model.layers.4.mlp.down_proj", "step": 5760}
{"stage": "sequential-round-coordinate", "pid": 4116221, "time": 1789707652.4019713, "cuda_visible_devices": "5", "allocated_gib": 5.225533962249756, "reserved_gib": 8.041015625, "peak_allocated_gib": 7.100478649139404, "gpu_time_budget": null, "module": "model.layers.4.mlp.down_proj", "step": 5888}
{"stage": "sequential-round-coordinate", "pid": 4116221, "time": 1789707653.384559, "cuda_visible_devices": "5", "allocated_gib": 5.225533962249756, "reserved_gib": 8.041015625, "peak_allocated_gib": 7.100478649139404, "gpu_time_budget": null, "module": "model.layers.4.mlp.down_proj", "step": 6016}
{"stage": "sequential-round-coordinate", "pid": 4116221, "time": 1789707654.3629403, "cuda_visible_devices": "5", "allocated_gib": 5.225533962249756, "reserved_gib": 8.041015625, "peak_allocated_gib": 7.100478649139404, "gpu_time_budget": null, "module": "model.layers.4.mlp.down_proj", "step": 6144}
{"stage": "sequential-round-coordinate", "pid": 4116221, "time": 1789707655.3422713, "cuda_visible_devices": "5", "allocated_gib": 5.225533962249756, "reserved_gib": 8.041015625, "peak_allocated_gib": 7.100478649139404, "gpu_time_budget": null, "module": "model.layers.4.mlp.down_proj", "step": 6272}
{"stage": "sequential-round-coordinate", "pid": 4116221, "time": 1789707656.325639, "cuda_visible_devices": "5", "allocated_gib": 5.225533962249756, "reserved_gib": 8.041015625, "peak_allocated_gib": 7.100478649139404, "gpu_time_budget": null, "module": "model.layers.4.mlp.down_proj", "step": 6400}
{"stage": "sequential-round-coordinate", "pid": 4116221, "time": 1789707657.3042247, "cuda_visible_devices": "5", "allocated_gib": 5.225533962249756, "reserved_gib": 8.041015625, "peak_allocated_gib": 7.100478649139404, "gpu_time_budget": null, "module": "model.layers.4.mlp.down_proj", "step": 6528}
{"stage": "sequential-round-coordinate", "pid": 4116221, "time": 1789707658.2850194, "cuda_visible_devices": "5", "allocated_gib": 5.225533962249756, "reserved_gib": 8.041015625, "peak_allocated_gib": 7.100478649139404, "gpu_time_budget": null, "module": "model.layers.4.mlp.down_proj", "step": 6656}
{"stage": "sequential-round-coordinate", "pid": 4116221, "time": 1789707659.266178, "cuda_visible_devices": "5", "allocated_gib": 5.225533962249756, "reserved_gib": 8.041015625, "peak_allocated_gib": 7.100478649139404, "gpu_time_budget": null, "module": "model.layers.4.mlp.down_proj", "step": 6784}
{"stage": "sequential-round-coordinate", "pid": 4116221, "time": 1789707659.9867184, "cuda_visible_devices": "5", "allocated_gib": 5.225533962249756, "reserved_gib": 8.041015625, "peak_allocated_gib": 7.100478649139404, "gpu_time_budget": null, "module": "model.layers.4.mlp.down_proj", "step": 6912}
{"stage": "sequential-round-coordinate", "pid": 4116221, "time": 1789707660.8077965, "cuda_visible_devices": "5", "allocated_gib": 5.225533962249756, "reserved_gib": 8.041015625, "peak_allocated_gib": 7.100478649139404, "gpu_time_budget": null, "module": "model.layers.4.mlp.down_proj", "step": 7040}
{"stage": "sequential-round-coordinate", "pid": 4116221, "time": 1789707661.606743, "cuda_visible_devices": "5", "allocated_gib": 5.225533962249756, "reserved_gib": 8.041015625, "peak_allocated_gib": 7.100478649139404, "gpu_time_budget": null, "module": "model.layers.4.mlp.down_proj", "step": 7168}
{"stage": "sequential-round-coordinate", "pid": 4116221, "time": 1789707662.3826756, "cuda_visible_devices": "5", "allocated_gib": 5.225533962249756, "reserved_gib": 8.041015625, "peak_allocated_gib": 7.100478649139404, "gpu_time_budget": null, "module": "model.layers.4.mlp.down_proj", "step": 7296}
{"stage": "sequential-round-coordinate", "pid": 4116221, "time": 1789707663.1628008, "cuda_visible_devices": "5", "allocated_gib": 5.225533962249756, "reserved_gib": 8.041015625, "peak_allocated_gib": 7.100478649139404, "gpu_time_budget": null, "module": "model.layers.4.mlp.down_proj", "step": 7424}
{"stage": "sequential-round-coordinate", "pid": 4116221, "time": 1789707663.9462206, "cuda_visible_devices": "5", "allocated_gib": 5.225533962249756, "reserved_gib": 8.041015625, "peak_allocated_gib": 7.100478649139404, "gpu_time_budget": null, "module": "model.layers.4.mlp.down_proj", "step": 7552}
{"stage": "sequential-round-coordinate", "pid": 4116221, "time": 1789707664.7283573, "cuda_visible_devices": "5", "allocated_gib": 5.225533962249756, "reserved_gib": 8.041015625, "peak_allocated_gib": 7.100478649139404, "gpu_time_budget": null, "module": "model.layers.4.mlp.down_proj", "step": 7680}
{"stage": "sequential-round-coordinate", "pid": 4116221, "time": 1789707665.4983277, "cuda_visible_devices": "5", "allocated_gib": 5.225533962249756, "reserved_gib": 8.041015625, "peak_allocated_gib": 7.100478649139404, "gpu_time_budget": null, "module": "model.layers.4.mlp.down_proj", "step": 7808}
{"stage": "sequential-round-coordinate", "pid": 4116221, "time": 1789707666.2830274, "cuda_visible_devices": "5", "allocated_gib": 5.225533962249756, "reserved_gib": 8.041015625, "peak_allocated_gib": 7.100478649139404, "gpu_time_budget": null, "module": "model.layers.4.mlp.down_proj", "step": 7936}
{"stage": "sequential-round-coordinate", "pid": 4116221, "time": 1789707667.0979223, "cuda_visible_devices": "5", "allocated_gib": 5.225533962249756, "reserved_gib": 8.041015625, "peak_allocated_gib": 7.100478649139404, "gpu_time_budget": null, "module": "model.layers.4.mlp.down_proj", "step": 8064}
{"stage": "sequential-round-coordinate", "pid": 4116221, "time": 1789707668.0012395, "cuda_visible_devices": "5", "allocated_gib": 5.225533962249756, "reserved_gib": 8.041015625, "peak_allocated_gib": 7.100478649139404, "gpu_time_budget": null, "module": "model.layers.4.mlp.down_proj", "step": 8192}
{"stage": "sequential-round-train-nll", "pid": 4116221, "time": 1789707668.0401616, "cuda_visible_devices": "5", "allocated_gib": 3.795783519744873, "reserved_gib": 3.80078125, "peak_allocated_gib": 7.100478649139404, "gpu_time_budget": null, "module": "model.layers.4.mlp.down_proj", "step": 512}
Evaluation segment 1/1: start=0, windows=8, seqlen=2048
{"stage": "sequential-round-train-nll", "pid": 4116221, "time": 1789707672.5027635, "cuda_visible_devices": "5", "allocated_gib": 3.795783519744873, "reserved_gib": 5.791015625, "peak_allocated_gib": 7.100478649139404, "gpu_time_budget": null, "module": "model.layers.4.mlp.down_proj", "step": 2048}
Evaluation segment 1/1: start=0, windows=8, seqlen=2048
{"stage": "sequential-round-train-nll", "pid": 4116221, "time": 1789707676.1555476, "cuda_visible_devices": "5", "allocated_gib": 3.795783519744873, "reserved_gib": 5.791015625, "peak_allocated_gib": 7.100478649139404, "gpu_time_budget": null, "module": "model.layers.4.mlp.down_proj", "step": 8192}
Evaluation segment 1/1: start=0, windows=8, seqlen=2048
{"stage": "sequential-module-completed", "pid": 4116221, "time": 1789707681.288383, "cuda_visible_devices": "5", "allocated_gib": 3.795783519744873, "reserved_gib": 5.791015625, "peak_allocated_gib": 7.100478649139404, "gpu_time_budget": null, "module": "model.layers.4.mlp.down_proj", "completed": 5, "total": 28, "selected_train_nll": 2.9867210567632916, "elapsed_seconds": 308.7147678390611}
{"stage": "sequential-round-fit", "pid": 4116221, "time": 1789707684.9241774, "cuda_visible_devices": "5", "allocated_gib": 3.795783519744873, "reserved_gib": 5.791015625, "peak_allocated_gib": 7.100478649139404, "gpu_time_budget": null, "module": "model.layers.5.mlp.down_proj", "fit_rows": 49152, "heldout_rows": 16384}
{"stage": "sequential-round-coordinate", "pid": 4116221, "time": 1789707686.199499, "cuda_visible_devices": "5", "allocated_gib": 5.225533962249756, "reserved_gib": 8.041015625, "peak_allocated_gib": 7.100478649139404, "gpu_time_budget": null, "module": "model.layers.5.mlp.down_proj", "step": 128}
{"stage": "sequential-round-coordinate", "pid": 4116221, "time": 1789707687.1783369, "cuda_visible_devices": "5", "allocated_gib": 5.225533962249756, "reserved_gib": 8.041015625, "peak_allocated_gib": 7.100478649139404, "gpu_time_budget": null, "module": "model.layers.5.mlp.down_proj", "step": 256}
{"stage": "sequential-round-coordinate", "pid": 4116221, "time": 1789707688.1561837, "cuda_visible_devices": "5", "allocated_gib": 5.225533962249756, "reserved_gib": 8.041015625, "peak_allocated_gib": 7.100478649139404, "gpu_time_budget": null, "module": "model.layers.5.mlp.down_proj", "step": 384}
{"stage": "sequential-round-coordinate", "pid": 4116221, "time": 1789707689.2163162, "cuda_visible_devices": "5", "allocated_gib": 5.225533962249756, "reserved_gib": 8.041015625, "peak_allocated_gib": 7.100478649139404, "gpu_time_budget": null, "module": "model.layers.5.mlp.down_proj", "step": 512}
{"stage": "sequential-round-coordinate", "pid": 4116221, "time": 1789707690.1913426, "cuda_visible_devices": "5", "allocated_gib": 5.225533962249756, "reserved_gib": 8.041015625, "peak_allocated_gib": 7.100478649139404, "gpu_time_budget": null, "module": "model.layers.5.mlp.down_proj", "step": 640}
{"stage": "sequential-round-coordinate", "pid": 4116221, "time": 1789707691.1630309, "cuda_visible_devices": "5", "allocated_gib": 5.225533962249756, "reserved_gib": 8.041015625, "peak_allocated_gib": 7.100478649139404, "gpu_time_budget": null, "module": "model.layers.5.mlp.down_proj", "step": 768}
{"stage": "sequential-round-coordinate", "pid": 4116221, "time": 1789707692.135148, "cuda_visible_devices": "5", "allocated_gib": 5.225533962249756, "reserved_gib": 8.041015625, "peak_allocated_gib": 7.100478649139404, "gpu_time_budget": null, "module": "model.layers.5.mlp.down_proj", "step": 896}
{"stage": "sequential-round-coordinate", "pid": 4116221, "time": 1789707693.113176, "cuda_visible_devices": "5", "allocated_gib": 5.225533962249756, "reserved_gib": 8.041015625, "peak_allocated_gib": 7.100478649139404, "gpu_time_budget": null, "module": "model.layers.5.mlp.down_proj", "step": 1024}
{"stage": "sequential-round-coordinate", "pid": 4116221, "time": 1789707694.0902197, "cuda_visible_devices": "5", "allocated_gib": 5.225533962249756, "reserved_gib": 8.041015625, "peak_allocated_gib": 7.100478649139404, "gpu_time_budget": null, "module": "model.layers.5.mlp.down_proj", "step": 1152}
{"stage": "sequential-round-coordinate", "pid": 4116221, "time": 1789707695.0687275, "cuda_visible_devices": "5", "allocated_gib": 5.225533962249756, "reserved_gib": 8.041015625, "peak_allocated_gib": 7.100478649139404, "gpu_time_budget": null, "module": "model.layers.5.mlp.down_proj", "step": 1280}
{"stage": "sequential-round-coordinate", "pid": 4116221, "time": 1789707696.045671, "cuda_visible_devices": "5", "allocated_gib": 5.225533962249756, "reserved_gib": 8.041015625, "peak_allocated_gib": 7.100478649139404, "gpu_time_budget": null, "module": "model.layers.5.mlp.down_proj", "step": 1408}
{"stage": "sequential-round-coordinate", "pid": 4116221, "time": 1789707697.0221322, "cuda_visible_devices": "5", "allocated_gib": 5.225533962249756, "reserved_gib": 8.041015625, "peak_allocated_gib": 7.100478649139404, "gpu_time_budget": null, "module": "model.layers.5.mlp.down_proj", "step": 1536}
{"stage": "sequential-round-coordinate", "pid": 4116221, "time": 1789707697.9910269, "cuda_visible_devices": "5", "allocated_gib": 5.225533962249756, "reserved_gib": 8.041015625, "peak_allocated_gib": 7.100478649139404, "gpu_time_budget": null, "module": "model.layers.5.mlp.down_proj", "step": 1664}
{"stage": "sequential-round-coordinate", "pid": 4116221, "time": 1789707698.9664805, "cuda_visible_devices": "5", "allocated_gib": 5.225533962249756, "reserved_gib": 8.041015625, "peak_allocated_gib": 7.100478649139404, "gpu_time_budget": null, "module": "model.layers.5.mlp.down_proj", "step": 1792}
{"stage": "sequential-round-coordinate", "pid": 4116221, "time": 1789707699.9323416, "cuda_visible_devices": "5", "allocated_gib": 5.225533962249756, "reserved_gib": 8.041015625, "peak_allocated_gib": 7.100478649139404, "gpu_time_budget": null, "module": "model.layers.5.mlp.down_proj", "step": 1920}
{"stage": "sequential-round-coordinate", "pid": 4116221, "time": 1789707700.990773, "cuda_visible_devices": "5", "allocated_gib": 5.225533962249756, "reserved_gib": 8.041015625, "peak_allocated_gib": 7.100478649139404, "gpu_time_budget": null, "module": "model.layers.5.mlp.down_proj", "step": 2048}
{"stage": "sequential-round-coordinate", "pid": 4116221, "time": 1789707701.9660146, "cuda_visible_devices": "5", "allocated_gib": 5.225533962249756, "reserved_gib": 8.041015625, "peak_allocated_gib": 7.100478649139404, "gpu_time_budget": null, "module": "model.layers.5.mlp.down_proj", "step": 2176}
{"stage": "sequential-round-coordinate", "pid": 4116221, "time": 1789707702.9403749, "cuda_visible_devices": "5", "allocated_gib": 5.225533962249756, "reserved_gib": 8.041015625, "peak_allocated_gib": 7.100478649139404, "gpu_time_budget": null, "module": "model.layers.5.mlp.down_proj", "step": 2304}
{"stage": "sequential-round-coordinate", "pid": 4116221, "time": 1789707703.9206493, "cuda_visible_devices": "5", "allocated_gib": 5.225533962249756, "reserved_gib": 8.041015625, "peak_allocated_gib": 7.100478649139404, "gpu_time_budget": null, "module": "model.layers.5.mlp.down_proj", "step": 2432}
{"stage": "sequential-round-coordinate", "pid": 4116221, "time": 1789707704.9006674, "cuda_visible_devices": "5", "allocated_gib": 5.225533962249756, "reserved_gib": 8.041015625, "peak_allocated_gib": 7.100478649139404, "gpu_time_budget": null, "module": "model.layers.5.mlp.down_proj", "step": 2560}
{"stage": "sequential-round-coordinate", "pid": 4116221, "time": 1789707705.881047, "cuda_visible_devices": "5", "allocated_gib": 5.225533962249756, "reserved_gib": 8.041015625, "peak_allocated_gib": 7.100478649139404, "gpu_time_budget": null, "module": "model.layers.5.mlp.down_proj", "step": 2688}
{"stage": "sequential-round-coordinate", "pid": 4116221, "time": 1789707706.8524938, "cuda_visible_devices": "5", "allocated_gib": 5.225533962249756, "reserved_gib": 8.041015625, "peak_allocated_gib": 7.100478649139404, "gpu_time_budget": null, "module": "model.layers.5.mlp.down_proj", "step": 2816}
{"stage": "sequential-round-coordinate", "pid": 4116221, "time": 1789707707.8253684, "cuda_visible_devices": "5", "allocated_gib": 5.225533962249756, "reserved_gib": 8.041015625, "peak_allocated_gib": 7.100478649139404, "gpu_time_budget": null, "module": "model.layers.5.mlp.down_proj", "step": 2944}
{"stage": "sequential-round-coordinate", "pid": 4116221, "time": 1789707708.7960303, "cuda_visible_devices": "5", "allocated_gib": 5.225533962249756, "reserved_gib": 8.041015625, "peak_allocated_gib": 7.100478649139404, "gpu_time_budget": null, "module": "model.layers.5.mlp.down_proj", "step": 3072}
{"stage": "sequential-round-coordinate", "pid": 4116221, "time": 1789707709.7675061, "cuda_visible_devices": "5", "allocated_gib": 5.225533962249756, "reserved_gib": 8.041015625, "peak_allocated_gib": 7.100478649139404, "gpu_time_budget": null, "module": "model.layers.5.mlp.down_proj", "step": 3200}
{"stage": "sequential-round-coordinate", "pid": 4116221, "time": 1789707710.742489, "cuda_visible_devices": "5", "allocated_gib": 5.225533962249756, "reserved_gib": 8.041015625, "peak_allocated_gib": 7.100478649139404, "gpu_time_budget": null, "module": "model.layers.5.mlp.down_proj", "step": 3328}
{"stage": "sequential-round-coordinate", "pid": 4116221, "time": 1789707711.7161336, "cuda_visible_devices": "5", "allocated_gib": 5.225533962249756, "reserved_gib": 8.041015625, "peak_allocated_gib": 7.100478649139404, "gpu_time_budget": null, "module": "model.layers.5.mlp.down_proj", "step": 3456}
{"stage": "sequential-round-coordinate", "pid": 4116221, "time": 1789707712.6909049, "cuda_visible_devices": "5", "allocated_gib": 5.225533962249756, "reserved_gib": 8.041015625, "peak_allocated_gib": 7.100478649139404, "gpu_time_budget": null, "module": "model.layers.5.mlp.down_proj", "step": 3584}
{"stage": "sequential-round-coordinate", "pid": 4116221, "time": 1789707713.6672394, "cuda_visible_devices": "5", "allocated_gib": 5.225533962249756, "reserved_gib": 8.041015625, "peak_allocated_gib": 7.100478649139404, "gpu_time_budget": null, "module": "model.layers.5.mlp.down_proj", "step": 3712}
{"stage": "sequential-round-coordinate", "pid": 4116221, "time": 1789707714.6405978, "cuda_visible_devices": "5", "allocated_gib": 5.225533962249756, "reserved_gib": 8.041015625, "peak_allocated_gib": 7.100478649139404, "gpu_time_budget": null, "module": "model.layers.5.mlp.down_proj", "step": 3840}
{"stage": "sequential-round-coordinate", "pid": 4116221, "time": 1789707715.6175554, "cuda_visible_devices": "5", "allocated_gib": 5.225533962249756, "reserved_gib": 8.041015625, "peak_allocated_gib": 7.100478649139404, "gpu_time_budget": null, "module": "model.layers.5.mlp.down_proj", "step": 3968}
{"stage": "sequential-round-coordinate", "pid": 4116221, "time": 1789707716.5954332, "cuda_visible_devices": "5", "allocated_gib": 5.225533962249756, "reserved_gib": 8.041015625, "peak_allocated_gib": 7.100478649139404, "gpu_time_budget": null, "module": "model.layers.5.mlp.down_proj", "step": 4096}
{"stage": "sequential-round-coordinate", "pid": 4116221, "time": 1789707717.5701427, "cuda_visible_devices": "5", "allocated_gib": 5.225533962249756, "reserved_gib": 8.041015625, "peak_allocated_gib": 7.100478649139404, "gpu_time_budget": null, "module": "model.layers.5.mlp.down_proj", "step": 4224}
{"stage": "sequential-round-coordinate", "pid": 4116221, "time": 1789707718.5431473, "cuda_visible_devices": "5", "allocated_gib": 5.225533962249756, "reserved_gib": 8.041015625, "peak_allocated_gib": 7.100478649139404, "gpu_time_budget": null, "module": "model.layers.5.mlp.down_proj", "step": 4352}
{"stage": "sequential-round-coordinate", "pid": 4116221, "time": 1789707719.520649, "cuda_visible_devices": "5", "allocated_gib": 5.225533962249756, "reserved_gib": 8.041015625, "peak_allocated_gib": 7.100478649139404, "gpu_time_budget": null, "module": "model.layers.5.mlp.down_proj", "step": 4480}
{"stage": "sequential-round-coordinate", "pid": 4116221, "time": 1789707720.496039, "cuda_visible_devices": "5", "allocated_gib": 5.225533962249756, "reserved_gib": 8.041015625, "peak_allocated_gib": 7.100478649139404, "gpu_time_budget": null, "module": "model.layers.5.mlp.down_proj", "step": 4608}
{"stage": "sequential-round-coordinate", "pid": 4116221, "time": 1789707721.4717312, "cuda_visible_devices": "5", "allocated_gib": 5.225533962249756, "reserved_gib": 8.041015625, "peak_allocated_gib": 7.100478649139404, "gpu_time_budget": null, "module": "model.layers.5.mlp.down_proj", "step": 4736}
{"stage": "sequential-round-coordinate", "pid": 4116221, "time": 1789707722.4479008, "cuda_visible_devices": "5", "allocated_gib": 5.225533962249756, "reserved_gib": 8.041015625, "peak_allocated_gib": 7.100478649139404, "gpu_time_budget": null, "module": "model.layers.5.mlp.down_proj", "step": 4864}
{"stage": "sequential-round-coordinate", "pid": 4116221, "time": 1789707723.426771, "cuda_visible_devices": "5", "allocated_gib": 5.225533962249756, "reserved_gib": 8.041015625, "peak_allocated_gib": 7.100478649139404, "gpu_time_budget": null, "module": "model.layers.5.mlp.down_proj", "step": 4992}
{"stage": "sequential-round-coordinate", "pid": 4116221, "time": 1789707724.4029162, "cuda_visible_devices": "5", "allocated_gib": 5.225533962249756, "reserved_gib": 8.041015625, "peak_allocated_gib": 7.100478649139404, "gpu_time_budget": null, "module": "model.layers.5.mlp.down_proj", "step": 5120}
{"stage": "sequential-round-coordinate", "pid": 4116221, "time": 1789707725.380067, "cuda_visible_devices": "5", "allocated_gib": 5.225533962249756, "reserved_gib": 8.041015625, "peak_allocated_gib": 7.100478649139404, "gpu_time_budget": null, "module": "model.layers.5.mlp.down_proj", "step": 5248}
{"stage": "sequential-round-coordinate", "pid": 4116221, "time": 1789707726.3552623, "cuda_visible_devices": "5", "allocated_gib": 5.225533962249756, "reserved_gib": 8.041015625, "peak_allocated_gib": 7.100478649139404, "gpu_time_budget": null, "module": "model.layers.5.mlp.down_proj", "step": 5376}
{"stage": "sequential-round-coordinate", "pid": 4116221, "time": 1789707727.330658, "cuda_visible_devices": "5", "allocated_gib": 5.225533962249756, "reserved_gib": 8.041015625, "peak_allocated_gib": 7.100478649139404, "gpu_time_budget": null, "module": "model.layers.5.mlp.down_proj", "step": 5504}
{"stage": "sequential-round-coordinate", "pid": 4116221, "time": 1789707728.3106, "cuda_visible_devices": "5", "allocated_gib": 5.225533962249756, "reserved_gib": 8.041015625, "peak_allocated_gib": 7.100478649139404, "gpu_time_budget": null, "module": "model.layers.5.mlp.down_proj", "step": 5632}
{"stage": "sequential-round-coordinate", "pid": 4116221, "time": 1789707729.2870657, "cuda_visible_devices": "5", "allocated_gib": 5.225533962249756, "reserved_gib": 8.041015625, "peak_allocated_gib": 7.100478649139404, "gpu_time_budget": null, "module": "model.layers.5.mlp.down_proj", "step": 5760}
{"stage": "sequential-round-coordinate", "pid": 4116221, "time": 1789707730.2601724, "cuda_visible_devices": "5", "allocated_gib": 5.225533962249756, "reserved_gib": 8.041015625, "peak_allocated_gib": 7.100478649139404, "gpu_time_budget": null, "module": "model.layers.5.mlp.down_proj", "step": 5888}
{"stage": "sequential-round-coordinate", "pid": 4116221, "time": 1789707731.2361884, "cuda_visible_devices": "5", "allocated_gib": 5.225533962249756, "reserved_gib": 8.041015625, "peak_allocated_gib": 7.100478649139404, "gpu_time_budget": null, "module": "model.layers.5.mlp.down_proj", "step": 6016}
{"stage": "sequential-round-coordinate", "pid": 4116221, "time": 1789707732.2097423, "cuda_visible_devices": "5", "allocated_gib": 5.225533962249756, "reserved_gib": 8.041015625, "peak_allocated_gib": 7.100478649139404, "gpu_time_budget": null, "module": "model.layers.5.mlp.down_proj", "step": 6144}
{"stage": "sequential-round-coordinate", "pid": 4116221, "time": 1789707733.1850593, "cuda_visible_devices": "5", "allocated_gib": 5.225533962249756, "reserved_gib": 8.041015625, "peak_allocated_gib": 7.100478649139404, "gpu_time_budget": null, "module": "model.layers.5.mlp.down_proj", "step": 6272}
{"stage": "sequential-round-coordinate", "pid": 4116221, "time": 1789707734.1587617, "cuda_visible_devices": "5", "allocated_gib": 5.225533962249756, "reserved_gib": 8.041015625, "peak_allocated_gib": 7.100478649139404, "gpu_time_budget": null, "module": "model.layers.5.mlp.down_proj", "step": 6400}
{"stage": "sequential-round-coordinate", "pid": 4116221, "time": 1789707735.1333272, "cuda_visible_devices": "5", "allocated_gib": 5.225533962249756, "reserved_gib": 8.041015625, "peak_allocated_gib": 7.100478649139404, "gpu_time_budget": null, "module": "model.layers.5.mlp.down_proj", "step": 6528}
{"stage": "sequential-round-coordinate", "pid": 4116221, "time": 1789707736.106624, "cuda_visible_devices": "5", "allocated_gib": 5.225533962249756, "reserved_gib": 8.041015625, "peak_allocated_gib": 7.100478649139404, "gpu_time_budget": null, "module": "model.layers.5.mlp.down_proj", "step": 6656}
{"stage": "sequential-round-coordinate", "pid": 4116221, "time": 1789707736.9411047, "cuda_visible_devices": "5", "allocated_gib": 5.225533962249756, "reserved_gib": 8.041015625, "peak_allocated_gib": 7.100478649139404, "gpu_time_budget": null, "module": "model.layers.5.mlp.down_proj", "step": 6784}
{"stage": "sequential-round-coordinate", "pid": 4116221, "time": 1789707737.7153058, "cuda_visible_devices": "5", "allocated_gib": 5.225533962249756, "reserved_gib": 8.041015625, "peak_allocated_gib": 7.100478649139404, "gpu_time_budget": null, "module": "model.layers.5.mlp.down_proj", "step": 6912}
{"stage": "sequential-round-coordinate", "pid": 4116221, "time": 1789707738.4903905, "cuda_visible_devices": "5", "allocated_gib": 5.225533962249756, "reserved_gib": 8.041015625, "peak_allocated_gib": 7.100478649139404, "gpu_time_budget": null, "module": "model.layers.5.mlp.down_proj", "step": 7040}
{"stage": "sequential-round-coordinate", "pid": 4116221, "time": 1789707739.2668254, "cuda_visible_devices": "5", "allocated_gib": 5.225533962249756, "reserved_gib": 8.041015625, "peak_allocated_gib": 7.100478649139404, "gpu_time_budget": null, "module": "model.layers.5.mlp.down_proj", "step": 7168}
{"stage": "sequential-round-coordinate", "pid": 4116221, "time": 1789707740.0449305, "cuda_visible_devices": "5", "allocated_gib": 5.225533962249756, "reserved_gib": 8.041015625, "peak_allocated_gib": 7.100478649139404, "gpu_time_budget": null, "module": "model.layers.5.mlp.down_proj", "step": 7296}
{"stage": "sequential-round-coordinate", "pid": 4116221, "time": 1789707740.8611953, "cuda_visible_devices": "5", "allocated_gib": 5.225533962249756, "reserved_gib": 8.041015625, "peak_allocated_gib": 7.100478649139404, "gpu_time_budget": null, "module": "model.layers.5.mlp.down_proj", "step": 7424}
{"stage": "sequential-round-coordinate", "pid": 4116221, "time": 1789707741.675449, "cuda_visible_devices": "5", "allocated_gib": 5.225533962249756, "reserved_gib": 8.041015625, "peak_allocated_gib": 7.100478649139404, "gpu_time_budget": null, "module": "model.layers.5.mlp.down_proj", "step": 7552}
{"stage": "sequential-round-coordinate", "pid": 4116221, "time": 1789707742.4583108, "cuda_visible_devices": "5", "allocated_gib": 5.225533962249756, "reserved_gib": 8.041015625, "peak_allocated_gib": 7.100478649139404, "gpu_time_budget": null, "module": "model.layers.5.mlp.down_proj", "step": 7680}
{"stage": "sequential-round-coordinate", "pid": 4116221, "time": 1789707743.2255647, "cuda_visible_devices": "5", "allocated_gib": 5.225533962249756, "reserved_gib": 8.041015625, "peak_allocated_gib": 7.100478649139404, "gpu_time_budget": null, "module": "model.layers.5.mlp.down_proj", "step": 7808}
{"stage": "sequential-round-coordinate", "pid": 4116221, "time": 1789707744.0002866, "cuda_visible_devices": "5", "allocated_gib": 5.225533962249756, "reserved_gib": 8.041015625, "peak_allocated_gib": 7.100478649139404, "gpu_time_budget": null, "module": "model.layers.5.mlp.down_proj", "step": 7936}
{"stage": "sequential-round-coordinate", "pid": 4116221, "time": 1789707744.7750103, "cuda_visible_devices": "5", "allocated_gib": 5.225533962249756, "reserved_gib": 8.041015625, "peak_allocated_gib": 7.100478649139404, "gpu_time_budget": null, "module": "model.layers.5.mlp.down_proj", "step": 8064}
{"stage": "sequential-round-coordinate", "pid": 4116221, "time": 1789707745.6075935, "cuda_visible_devices": "5", "allocated_gib": 5.225533962249756, "reserved_gib": 8.041015625, "peak_allocated_gib": 7.100478649139404, "gpu_time_budget": null, "module": "model.layers.5.mlp.down_proj", "step": 8192}
{"stage": "sequential-round-train-nll", "pid": 4116221, "time": 1789707745.642077, "cuda_visible_devices": "5", "allocated_gib": 3.795783519744873, "reserved_gib": 3.80078125, "peak_allocated_gib": 7.100478649139404, "gpu_time_budget": null, "module": "model.layers.5.mlp.down_proj", "step": 512}
Evaluation segment 1/1: start=0, windows=8, seqlen=2048
{"stage": "sequential-round-train-nll", "pid": 4116221, "time": 1789707750.0925412, "cuda_visible_devices": "5", "allocated_gib": 3.795783519744873, "reserved_gib": 5.791015625, "peak_allocated_gib": 7.100478649139404, "gpu_time_budget": null, "module": "model.layers.5.mlp.down_proj", "step": 2048}
Evaluation segment 1/1: start=0, windows=8, seqlen=2048
{"stage": "sequential-round-train-nll", "pid": 4116221, "time": 1789707753.6514645, "cuda_visible_devices": "5", "allocated_gib": 3.795783519744873, "reserved_gib": 5.791015625, "peak_allocated_gib": 7.100478649139404, "gpu_time_budget": null, "module": "model.layers.5.mlp.down_proj", "step": 8192}
Evaluation segment 1/1: start=0, windows=8, seqlen=2048
{"stage": "sequential-module-completed", "pid": 4116221, "time": 1789707758.5972521, "cuda_visible_devices": "5", "allocated_gib": 3.795783519744873, "reserved_gib": 5.791015625, "peak_allocated_gib": 7.100478649139404, "gpu_time_budget": null, "module": "model.layers.5.mlp.down_proj", "completed": 6, "total": 28, "selected_train_nll": 2.985687967986571, "elapsed_seconds": 386.0236378579866}
{"stage": "sequential-round-fit", "pid": 4116221, "time": 1789707762.753594, "cuda_visible_devices": "5", "allocated_gib": 3.795783519744873, "reserved_gib": 5.791015625, "peak_allocated_gib": 7.100478649139404, "gpu_time_budget": null, "module": "model.layers.6.mlp.down_proj", "fit_rows": 49152, "heldout_rows": 16384}
{"stage": "sequential-round-coordinate", "pid": 4116221, "time": 1789707764.056673, "cuda_visible_devices": "5", "allocated_gib": 5.225533962249756, "reserved_gib": 8.041015625, "peak_allocated_gib": 7.100478649139404, "gpu_time_budget": null, "module": "model.layers.6.mlp.down_proj", "step": 128}
{"stage": "sequential-round-coordinate", "pid": 4116221, "time": 1789707765.0393307, "cuda_visible_devices": "5", "allocated_gib": 5.225533962249756, "reserved_gib": 8.041015625, "peak_allocated_gib": 7.100478649139404, "gpu_time_budget": null, "module": "model.layers.6.mlp.down_proj", "step": 256}
{"stage": "sequential-round-coordinate", "pid": 4116221, "time": 1789707766.0030713, "cuda_visible_devices": "5", "allocated_gib": 5.225533962249756, "reserved_gib": 8.041015625, "peak_allocated_gib": 7.100478649139404, "gpu_time_budget": null, "module": "model.layers.6.mlp.down_proj", "step": 384}
{"stage": "sequential-round-coordinate", "pid": 4116221, "time": 1789707767.0704904, "cuda_visible_devices": "5", "allocated_gib": 5.225533962249756, "reserved_gib": 8.041015625, "peak_allocated_gib": 7.100478649139404, "gpu_time_budget": null, "module": "model.layers.6.mlp.down_proj", "step": 512}
{"stage": "sequential-round-coordinate", "pid": 4116221, "time": 1789707768.0551083, "cuda_visible_devices": "5", "allocated_gib": 5.225533962249756, "reserved_gib": 8.041015625, "peak_allocated_gib": 7.100478649139404, "gpu_time_budget": null, "module": "model.layers.6.mlp.down_proj", "step": 640}
{"stage": "sequential-round-coordinate", "pid": 4116221, "time": 1789707769.0400167, "cuda_visible_devices": "5", "allocated_gib": 5.225533962249756, "reserved_gib": 8.041015625, "peak_allocated_gib": 7.100478649139404, "gpu_time_budget": null, "module": "model.layers.6.mlp.down_proj", "step": 768}
{"stage": "sequential-round-coordinate", "pid": 4116221, "time": 1789707770.0184147, "cuda_visible_devices": "5", "allocated_gib": 5.225533962249756, "reserved_gib": 8.041015625, "peak_allocated_gib": 7.100478649139404, "gpu_time_budget": null, "module": "model.layers.6.mlp.down_proj", "step": 896}
{"stage": "sequential-round-coordinate", "pid": 4116221, "time": 1789707770.9941037, "cuda_visible_devices": "5", "allocated_gib": 5.225533962249756, "reserved_gib": 8.041015625, "peak_allocated_gib": 7.100478649139404, "gpu_time_budget": null, "module": "model.layers.6.mlp.down_proj", "step": 1024}
{"stage": "sequential-round-coordinate", "pid": 4116221, "time": 1789707771.9751217, "cuda_visible_devices": "5", "allocated_gib": 5.225533962249756, "reserved_gib": 8.041015625, "peak_allocated_gib": 7.100478649139404, "gpu_time_budget": null, "module": "model.layers.6.mlp.down_proj", "step": 1152}
{"stage": "sequential-round-coordinate", "pid": 4116221, "time": 1789707772.9571047, "cuda_visible_devices": "5", "allocated_gib": 5.225533962249756, "reserved_gib": 8.041015625, "peak_allocated_gib": 7.100478649139404, "gpu_time_budget": null, "module": "model.layers.6.mlp.down_proj", "step": 1280}
{"stage": "sequential-round-coordinate", "pid": 4116221, "time": 1789707773.9352589, "cuda_visible_devices": "5", "allocated_gib": 5.225533962249756, "reserved_gib": 8.041015625, "peak_allocated_gib": 7.100478649139404, "gpu_time_budget": null, "module": "model.layers.6.mlp.down_proj", "step": 1408}
{"stage": "sequential-round-coordinate", "pid": 4116221, "time": 1789707774.9119005, "cuda_visible_devices": "5", "allocated_gib": 5.225533962249756, "reserved_gib": 8.041015625, "peak_allocated_gib": 7.100478649139404, "gpu_time_budget": null, "module": "model.layers.6.mlp.down_proj", "step": 1536}
{"stage": "sequential-round-coordinate", "pid": 4116221, "time": 1789707775.8890405, "cuda_visible_devices": "5", "allocated_gib": 5.225533962249756, "reserved_gib": 8.041015625, "peak_allocated_gib": 7.100478649139404, "gpu_time_budget": null, "module": "model.layers.6.mlp.down_proj", "step": 1664}
{"stage": "sequential-round-coordinate", "pid": 4116221, "time": 1789707776.8664849, "cuda_visible_devices": "5", "allocated_gib": 5.225533962249756, "reserved_gib": 8.041015625, "peak_allocated_gib": 7.100478649139404, "gpu_time_budget": null, "module": "model.layers.6.mlp.down_proj", "step": 1792}
{"stage": "sequential-round-coordinate", "pid": 4116221, "time": 1789707777.883185, "cuda_visible_devices": "5", "allocated_gib": 5.225533962249756, "reserved_gib": 8.041015625, "peak_allocated_gib": 7.100478649139404, "gpu_time_budget": null, "module": "model.layers.6.mlp.down_proj", "step": 1920}
{"stage": "sequential-round-coordinate", "pid": 4116221, "time": 1789707778.947704, "cuda_visible_devices": "5", "allocated_gib": 5.225533962249756, "reserved_gib": 8.041015625, "peak_allocated_gib": 7.100478649139404, "gpu_time_budget": null, "module": "model.layers.6.mlp.down_proj", "step": 2048}
{"stage": "sequential-round-coordinate", "pid": 4116221, "time": 1789707779.9244761, "cuda_visible_devices": "5", "allocated_gib": 5.225533962249756, "reserved_gib": 8.041015625, "peak_allocated_gib": 7.100478649139404, "gpu_time_budget": null, "module": "model.layers.6.mlp.down_proj", "step": 2176}
{"stage": "sequential-round-coordinate", "pid": 4116221, "time": 1789707780.9035084, "cuda_visible_devices": "5", "allocated_gib": 5.225533962249756, "reserved_gib": 8.041015625, "peak_allocated_gib": 7.100478649139404, "gpu_time_budget": null, "module": "model.layers.6.mlp.down_proj", "step": 2304}
{"stage": "sequential-round-coordinate", "pid": 4116221, "time": 1789707781.8838837, "cuda_visible_devices": "5", "allocated_gib": 5.225533962249756, "reserved_gib": 8.041015625, "peak_allocated_gib": 7.100478649139404, "gpu_time_budget": null, "module": "model.layers.6.mlp.down_proj", "step": 2432}
{"stage": "sequential-round-coordinate", "pid": 4116221, "time": 1789707782.8639326, "cuda_visible_devices": "5", "allocated_gib": 5.225533962249756, "reserved_gib": 8.041015625, "peak_allocated_gib": 7.100478649139404, "gpu_time_budget": null, "module": "model.layers.6.mlp.down_proj", "step": 2560}
{"stage": "sequential-round-coordinate", "pid": 4116221, "time": 1789707783.846702, "cuda_visible_devices": "5", "allocated_gib": 5.225533962249756, "reserved_gib": 8.041015625, "peak_allocated_gib": 7.100478649139404, "gpu_time_budget": null, "module": "model.layers.6.mlp.down_proj", "step": 2688}
{"stage": "sequential-round-coordinate", "pid": 4116221, "time": 1789707784.824213, "cuda_visible_devices": "5", "allocated_gib": 5.225533962249756, "reserved_gib": 8.041015625, "peak_allocated_gib": 7.100478649139404, "gpu_time_budget": null, "module": "model.layers.6.mlp.down_proj", "step": 2816}
{"stage": "sequential-round-coordinate", "pid": 4116221, "time": 1789707785.7998, "cuda_visible_devices": "5", "allocated_gib": 5.225533962249756, "reserved_gib": 8.041015625, "peak_allocated_gib": 7.100478649139404, "gpu_time_budget": null, "module": "model.layers.6.mlp.down_proj", "step": 2944}
{"stage": "sequential-round-coordinate", "pid": 4116221, "time": 1789707786.7780092, "cuda_visible_devices": "5", "allocated_gib": 5.225533962249756, "reserved_gib": 8.041015625, "peak_allocated_gib": 7.100478649139404, "gpu_time_budget": null, "module": "model.layers.6.mlp.down_proj", "step": 3072}
{"stage": "sequential-round-coordinate", "pid": 4116221, "time": 1789707787.7549188, "cuda_visible_devices": "5", "allocated_gib": 5.225533962249756, "reserved_gib": 8.041015625, "peak_allocated_gib": 7.100478649139404, "gpu_time_budget": null, "module": "model.layers.6.mlp.down_proj", "step": 3200}
{"stage": "sequential-round-coordinate", "pid": 4116221, "time": 1789707788.7667327, "cuda_visible_devices": "5", "allocated_gib": 5.225533962249756, "reserved_gib": 8.041015625, "peak_allocated_gib": 7.100478649139404, "gpu_time_budget": null, "module": "model.layers.6.mlp.down_proj", "step": 3328}
{"stage": "sequential-round-coordinate", "pid": 4116221, "time": 1789707789.7454846, "cuda_visible_devices": "5", "allocated_gib": 5.225533962249756, "reserved_gib": 8.041015625, "peak_allocated_gib": 7.100478649139404, "gpu_time_budget": null, "module": "model.layers.6.mlp.down_proj", "step": 3456}
{"stage": "sequential-round-coordinate", "pid": 4116221, "time": 1789707790.7409508, "cuda_visible_devices": "5", "allocated_gib": 5.225533962249756, "reserved_gib": 8.041015625, "peak_allocated_gib": 7.100478649139404, "gpu_time_budget": null, "module": "model.layers.6.mlp.down_proj", "step": 3584}
{"stage": "sequential-round-coordinate", "pid": 4116221, "time": 1789707791.7168174, "cuda_visible_devices": "5", "allocated_gib": 5.225533962249756, "reserved_gib": 8.041015625, "peak_allocated_gib": 7.100478649139404, "gpu_time_budget": null, "module": "model.layers.6.mlp.down_proj", "step": 3712}
{"stage": "sequential-round-coordinate", "pid": 4116221, "time": 1789707792.6961298, "cuda_visible_devices": "5", "allocated_gib": 5.225533962249756, "reserved_gib": 8.041015625, "peak_allocated_gib": 7.100478649139404, "gpu_time_budget": null, "module": "model.layers.6.mlp.down_proj", "step": 3840}
{"stage": "sequential-round-coordinate", "pid": 4116221, "time": 1789707793.675942, "cuda_visible_devices": "5", "allocated_gib": 5.225533962249756, "reserved_gib": 8.041015625, "peak_allocated_gib": 7.100478649139404, "gpu_time_budget": null, "module": "model.layers.6.mlp.down_proj", "step": 3968}
{"stage": "sequential-round-coordinate", "pid": 4116221, "time": 1789707794.654717, "cuda_visible_devices": "5", "allocated_gib": 5.225533962249756, "reserved_gib": 8.041015625, "peak_allocated_gib": 7.100478649139404, "gpu_time_budget": null, "module": "model.layers.6.mlp.down_proj", "step": 4096}
{"stage": "sequential-round-coordinate", "pid": 4116221, "time": 1789707795.6312463, "cuda_visible_devices": "5", "allocated_gib": 5.225533962249756, "reserved_gib": 8.041015625, "peak_allocated_gib": 7.100478649139404, "gpu_time_budget": null, "module": "model.layers.6.mlp.down_proj", "step": 4224}
{"stage": "sequential-round-coordinate", "pid": 4116221, "time": 1789707796.6089406, "cuda_visible_devices": "5", "allocated_gib": 5.225533962249756, "reserved_gib": 8.041015625, "peak_allocated_gib": 7.100478649139404, "gpu_time_budget": null, "module": "model.layers.6.mlp.down_proj", "step": 4352}
{"stage": "sequential-round-coordinate", "pid": 4116221, "time": 1789707797.5842872, "cuda_visible_devices": "5", "allocated_gib": 5.225533962249756, "reserved_gib": 8.041015625, "peak_allocated_gib": 7.100478649139404, "gpu_time_budget": null, "module": "model.layers.6.mlp.down_proj", "step": 4480}
{"stage": "sequential-round-coordinate", "pid": 4116221, "time": 1789707798.5636137, "cuda_visible_devices": "5", "allocated_gib": 5.225533962249756, "reserved_gib": 8.041015625, "peak_allocated_gib": 7.100478649139404, "gpu_time_budget": null, "module": "model.layers.6.mlp.down_proj", "step": 4608}
{"stage": "sequential-round-coordinate", "pid": 4116221, "time": 1789707799.5409493, "cuda_visible_devices": "5", "allocated_gib": 5.225533962249756, "reserved_gib": 8.041015625, "peak_allocated_gib": 7.100478649139404, "gpu_time_budget": null, "module": "model.layers.6.mlp.down_proj", "step": 4736}
{"stage": "sequential-round-coordinate", "pid": 4116221, "time": 1789707800.5157952, "cuda_visible_devices": "5", "allocated_gib": 5.225533962249756, "reserved_gib": 8.041015625, "peak_allocated_gib": 7.100478649139404, "gpu_time_budget": null, "module": "model.layers.6.mlp.down_proj", "step": 4864}
{"stage": "sequential-round-coordinate", "pid": 4116221, "time": 1789707801.485071, "cuda_visible_devices": "5", "allocated_gib": 5.225533962249756, "reserved_gib": 8.041015625, "peak_allocated_gib": 7.100478649139404, "gpu_time_budget": null, "module": "model.layers.6.mlp.down_proj", "step": 4992}
{"stage": "sequential-round-coordinate", "pid": 4116221, "time": 1789707802.4573548, "cuda_visible_devices": "5", "allocated_gib": 5.225533962249756, "reserved_gib": 8.041015625, "peak_allocated_gib": 7.100478649139404, "gpu_time_budget": null, "module": "model.layers.6.mlp.down_proj", "step": 5120}
{"stage": "sequential-round-coordinate", "pid": 4116221, "time": 1789707803.437289, "cuda_visible_devices": "5", "allocated_gib": 5.225533962249756, "reserved_gib": 8.041015625, "peak_allocated_gib": 7.100478649139404, "gpu_time_budget": null, "module": "model.layers.6.mlp.down_proj", "step": 5248}
{"stage": "sequential-round-coordinate", "pid": 4116221, "time": 1789707804.4147785, "cuda_visible_devices": "5", "allocated_gib": 5.225533962249756, "reserved_gib": 8.041015625, "peak_allocated_gib": 7.100478649139404, "gpu_time_budget": null, "module": "model.layers.6.mlp.down_proj", "step": 5376}
{"stage": "sequential-round-coordinate", "pid": 4116221, "time": 1789707805.3884623, "cuda_visible_devices": "5", "allocated_gib": 5.225533962249756, "reserved_gib": 8.041015625, "peak_allocated_gib": 7.100478649139404, "gpu_time_budget": null, "module": "model.layers.6.mlp.down_proj", "step": 5504}
{"stage": "sequential-round-coordinate", "pid": 4116221, "time": 1789707806.3685305, "cuda_visible_devices": "5", "allocated_gib": 5.225533962249756, "reserved_gib": 8.041015625, "peak_allocated_gib": 7.100478649139404, "gpu_time_budget": null, "module": "model.layers.6.mlp.down_proj", "step": 5632}
{"stage": "sequential-round-coordinate", "pid": 4116221, "time": 1789707807.3495638, "cuda_visible_devices": "5", "allocated_gib": 5.225533962249756, "reserved_gib": 8.041015625, "peak_allocated_gib": 7.100478649139404, "gpu_time_budget": null, "module": "model.layers.6.mlp.down_proj", "step": 5760}
{"stage": "sequential-round-coordinate", "pid": 4116221, "time": 1789707808.3301063, "cuda_visible_devices": "5", "allocated_gib": 5.225533962249756, "reserved_gib": 8.041015625, "peak_allocated_gib": 7.100478649139404, "gpu_time_budget": null, "module": "model.layers.6.mlp.down_proj", "step": 5888}
{"stage": "sequential-round-coordinate", "pid": 4116221, "time": 1789707809.3111362, "cuda_visible_devices": "5", "allocated_gib": 5.225533962249756, "reserved_gib": 8.041015625, "peak_allocated_gib": 7.100478649139404, "gpu_time_budget": null, "module": "model.layers.6.mlp.down_proj", "step": 6016}
{"stage": "sequential-round-coordinate", "pid": 4116221, "time": 1789707810.2965376, "cuda_visible_devices": "5", "allocated_gib": 5.225533962249756, "reserved_gib": 8.041015625, "peak_allocated_gib": 7.100478649139404, "gpu_time_budget": null, "module": "model.layers.6.mlp.down_proj", "step": 6144}
{"stage": "sequential-round-coordinate", "pid": 4116221, "time": 1789707811.2809858, "cuda_visible_devices": "5", "allocated_gib": 5.225533962249756, "reserved_gib": 8.041015625, "peak_allocated_gib": 7.100478649139404, "gpu_time_budget": null, "module": "model.layers.6.mlp.down_proj", "step": 6272}
{"stage": "sequential-round-coordinate", "pid": 4116221, "time": 1789707812.263505, "cuda_visible_devices": "5", "allocated_gib": 5.225533962249756, "reserved_gib": 8.041015625, "peak_allocated_gib": 7.100478649139404, "gpu_time_budget": null, "module": "model.layers.6.mlp.down_proj", "step": 6400}
{"stage": "sequential-round-coordinate", "pid": 4116221, "time": 1789707813.246183, "cuda_visible_devices": "5", "allocated_gib": 5.225533962249756, "reserved_gib": 8.041015625, "peak_allocated_gib": 7.100478649139404, "gpu_time_budget": null, "module": "model.layers.6.mlp.down_proj", "step": 6528}
{"stage": "sequential-round-coordinate", "pid": 4116221, "time": 1789707814.2233224, "cuda_visible_devices": "5", "allocated_gib": 5.225533962249756, "reserved_gib": 8.041015625, "peak_allocated_gib": 7.100478649139404, "gpu_time_budget": null, "module": "model.layers.6.mlp.down_proj", "step": 6656}
{"stage": "sequential-round-coordinate", "pid": 4116221, "time": 1789707814.9965515, "cuda_visible_devices": "5", "allocated_gib": 5.225533962249756, "reserved_gib": 8.041015625, "peak_allocated_gib": 7.100478649139404, "gpu_time_budget": null, "module": "model.layers.6.mlp.down_proj", "step": 6784}
{"stage": "sequential-round-coordinate", "pid": 4116221, "time": 1789707815.7798176, "cuda_visible_devices": "5", "allocated_gib": 5.225533962249756, "reserved_gib": 8.041015625, "peak_allocated_gib": 7.100478649139404, "gpu_time_budget": null, "module": "model.layers.6.mlp.down_proj", "step": 6912}
{"stage": "sequential-round-coordinate", "pid": 4116221, "time": 1789707816.59247, "cuda_visible_devices": "5", "allocated_gib": 5.225533962249756, "reserved_gib": 8.041015625, "peak_allocated_gib": 7.100478649139404, "gpu_time_budget": null, "module": "model.layers.6.mlp.down_proj", "step": 7040}
{"stage": "sequential-round-coordinate", "pid": 4116221, "time": 1789707817.4141865, "cuda_visible_devices": "5", "allocated_gib": 5.225533962249756, "reserved_gib": 8.041015625, "peak_allocated_gib": 7.100478649139404, "gpu_time_budget": null, "module": "model.layers.6.mlp.down_proj", "step": 7168}
{"stage": "sequential-round-coordinate", "pid": 4116221, "time": 1789707818.2222004, "cuda_visible_devices": "5", "allocated_gib": 5.225533962249756, "reserved_gib": 8.041015625, "peak_allocated_gib": 7.100478649139404, "gpu_time_budget": null, "module": "model.layers.6.mlp.down_proj", "step": 7296}
{"stage": "sequential-round-coordinate", "pid": 4116221, "time": 1789707819.0052261, "cuda_visible_devices": "5", "allocated_gib": 5.225533962249756, "reserved_gib": 8.041015625, "peak_allocated_gib": 7.100478649139404, "gpu_time_budget": null, "module": "model.layers.6.mlp.down_proj", "step": 7424}
{"stage": "sequential-round-coordinate", "pid": 4116221, "time": 1789707819.7890122, "cuda_visible_devices": "5", "allocated_gib": 5.225533962249756, "reserved_gib": 8.041015625, "peak_allocated_gib": 7.100478649139404, "gpu_time_budget": null, "module": "model.layers.6.mlp.down_proj", "step": 7552}
{"stage": "sequential-round-coordinate", "pid": 4116221, "time": 1789707820.5482054, "cuda_visible_devices": "5", "allocated_gib": 5.225533962249756, "reserved_gib": 8.041015625, "peak_allocated_gib": 7.100478649139404, "gpu_time_budget": null, "module": "model.layers.6.mlp.down_proj", "step": 7680}
{"stage": "sequential-round-coordinate", "pid": 4116221, "time": 1789707821.3348525, "cuda_visible_devices": "5", "allocated_gib": 5.225533962249756, "reserved_gib": 8.041015625, "peak_allocated_gib": 7.100478649139404, "gpu_time_budget": null, "module": "model.layers.6.mlp.down_proj", "step": 7808}
{"stage": "sequential-round-coordinate", "pid": 4116221, "time": 1789707822.1225173, "cuda_visible_devices": "5", "allocated_gib": 5.225533962249756, "reserved_gib": 8.041015625, "peak_allocated_gib": 7.100478649139404, "gpu_time_budget": null, "module": "model.layers.6.mlp.down_proj", "step": 7936}
{"stage": "sequential-round-coordinate", "pid": 4116221, "time": 1789707822.903442, "cuda_visible_devices": "5", "allocated_gib": 5.225533962249756, "reserved_gib": 8.041015625, "peak_allocated_gib": 7.100478649139404, "gpu_time_budget": null, "module": "model.layers.6.mlp.down_proj", "step": 8064}
{"stage": "sequential-round-coordinate", "pid": 4116221, "time": 1789707823.7911458, "cuda_visible_devices": "5", "allocated_gib": 5.225533962249756, "reserved_gib": 8.041015625, "peak_allocated_gib": 7.100478649139404, "gpu_time_budget": null, "module": "model.layers.6.mlp.down_proj", "step": 8192}
{"stage": "sequential-round-train-nll", "pid": 4116221, "time": 1789707823.829722, "cuda_visible_devices": "5", "allocated_gib": 3.795783519744873, "reserved_gib": 3.80078125, "peak_allocated_gib": 7.100478649139404, "gpu_time_budget": null, "module": "model.layers.6.mlp.down_proj", "step": 512}
Evaluation segment 1/1: start=0, windows=8, seqlen=2048
{"stage": "sequential-round-train-nll", "pid": 4116221, "time": 1789707828.2694256, "cuda_visible_devices": "5", "allocated_gib": 3.795783519744873, "reserved_gib": 5.791015625, "peak_allocated_gib": 7.100478649139404, "gpu_time_budget": null, "module": "model.layers.6.mlp.down_proj", "step": 2048}
Evaluation segment 1/1: start=0, windows=8, seqlen=2048
{"stage": "sequential-round-train-nll", "pid": 4116221, "time": 1789707831.8883615, "cuda_visible_devices": "5", "allocated_gib": 3.795783519744873, "reserved_gib": 5.791015625, "peak_allocated_gib": 7.100478649139404, "gpu_time_budget": null, "module": "model.layers.6.mlp.down_proj", "step": 8192}
Evaluation segment 1/1: start=0, windows=8, seqlen=2048
{"stage": "sequential-module-completed", "pid": 4116221, "time": 1789707836.6394503, "cuda_visible_devices": "5", "allocated_gib": 3.795783519744873, "reserved_gib": 5.791015625, "peak_allocated_gib": 7.100478649139404, "gpu_time_budget": null, "module": "model.layers.6.mlp.down_proj", "completed": 7, "total": 28, "selected_train_nll": 2.985687967986571, "elapsed_seconds": 464.06583467207383}
{"stage": "sequential-round-fit", "pid": 4116221, "time": 1789707841.2894254, "cuda_visible_devices": "5", "allocated_gib": 3.795783519744873, "reserved_gib": 5.791015625, "peak_allocated_gib": 7.100478649139404, "gpu_time_budget": null, "module": "model.layers.7.mlp.down_proj", "fit_rows": 49152, "heldout_rows": 16384}
{"stage": "sequential-round-coordinate", "pid": 4116221, "time": 1789707842.5514207, "cuda_visible_devices": "5", "allocated_gib": 5.225533962249756, "reserved_gib": 8.041015625, "peak_allocated_gib": 7.100478649139404, "gpu_time_budget": null, "module": "model.layers.7.mlp.down_proj", "step": 128}
{"stage": "sequential-round-coordinate", "pid": 4116221, "time": 1789707843.5198162, "cuda_visible_devices": "5", "allocated_gib": 5.225533962249756, "reserved_gib": 8.041015625, "peak_allocated_gib": 7.100478649139404, "gpu_time_budget": null, "module": "model.layers.7.mlp.down_proj", "step": 256}
{"stage": "sequential-round-coordinate", "pid": 4116221, "time": 1789707844.4857104, "cuda_visible_devices": "5", "allocated_gib": 5.225533962249756, "reserved_gib": 8.041015625, "peak_allocated_gib": 7.100478649139404, "gpu_time_budget": null, "module": "model.layers.7.mlp.down_proj", "step": 384}
{"stage": "sequential-round-coordinate", "pid": 4116221, "time": 1789707845.5354738, "cuda_visible_devices": "5", "allocated_gib": 5.225533962249756, "reserved_gib": 8.041015625, "peak_allocated_gib": 7.100478649139404, "gpu_time_budget": null, "module": "model.layers.7.mlp.down_proj", "step": 512}
{"stage": "sequential-round-coordinate", "pid": 4116221, "time": 1789707846.5080569, "cuda_visible_devices": "5", "allocated_gib": 5.225533962249756, "reserved_gib": 8.041015625, "peak_allocated_gib": 7.100478649139404, "gpu_time_budget": null, "module": "model.layers.7.mlp.down_proj", "step": 640}
{"stage": "sequential-round-coordinate", "pid": 4116221, "time": 1789707847.4760978, "cuda_visible_devices": "5", "allocated_gib": 5.225533962249756, "reserved_gib": 8.041015625, "peak_allocated_gib": 7.100478649139404, "gpu_time_budget": null, "module": "model.layers.7.mlp.down_proj", "step": 768}
{"stage": "sequential-round-coordinate", "pid": 4116221, "time": 1789707848.4430294, "cuda_visible_devices": "5", "allocated_gib": 5.225533962249756, "reserved_gib": 8.041015625, "peak_allocated_gib": 7.100478649139404, "gpu_time_budget": null, "module": "model.layers.7.mlp.down_proj", "step": 896}
{"stage": "sequential-round-coordinate", "pid": 4116221, "time": 1789707849.4131422, "cuda_visible_devices": "5", "allocated_gib": 5.225533962249756, "reserved_gib": 8.041015625, "peak_allocated_gib": 7.100478649139404, "gpu_time_budget": null, "module": "model.layers.7.mlp.down_proj", "step": 1024}
{"stage": "sequential-round-coordinate", "pid": 4116221, "time": 1789707850.381651, "cuda_visible_devices": "5", "allocated_gib": 5.225533962249756, "reserved_gib": 8.041015625, "peak_allocated_gib": 7.100478649139404, "gpu_time_budget": null, "module": "model.layers.7.mlp.down_proj", "step": 1152}
{"stage": "sequential-round-coordinate", "pid": 4116221, "time": 1789707851.3431072, "cuda_visible_devices": "5", "allocated_gib": 5.225533962249756, "reserved_gib": 8.041015625, "peak_allocated_gib": 7.100478649139404, "gpu_time_budget": null, "module": "model.layers.7.mlp.down_proj", "step": 1280}
{"stage": "sequential-round-coordinate", "pid": 4116221, "time": 1789707852.3131075, "cuda_visible_devices": "5", "allocated_gib": 5.225533962249756, "reserved_gib": 8.041015625, "peak_allocated_gib": 7.100478649139404, "gpu_time_budget": null, "module": "model.layers.7.mlp.down_proj", "step": 1408}
{"stage": "sequential-round-coordinate", "pid": 4116221, "time": 1789707853.2874694, "cuda_visible_devices": "5", "allocated_gib": 5.225533962249756, "reserved_gib": 8.041015625, "peak_allocated_gib": 7.100478649139404, "gpu_time_budget": null, "module": "model.layers.7.mlp.down_proj", "step": 1536}
{"stage": "sequential-round-coordinate", "pid": 4116221, "time": 1789707854.2664742, "cuda_visible_devices": "5", "allocated_gib": 5.225533962249756, "reserved_gib": 8.041015625, "peak_allocated_gib": 7.100478649139404, "gpu_time_budget": null, "module": "model.layers.7.mlp.down_proj", "step": 1664}
{"stage": "sequential-round-coordinate", "pid": 4116221, "time": 1789707855.2542696, "cuda_visible_devices": "5", "allocated_gib": 5.225533962249756, "reserved_gib": 8.041015625, "peak_allocated_gib": 7.100478649139404, "gpu_time_budget": null, "module": "model.layers.7.mlp.down_proj", "step": 1792}
{"stage": "sequential-round-coordinate", "pid": 4116221, "time": 1789707856.2383265, "cuda_visible_devices": "5", "allocated_gib": 5.225533962249756, "reserved_gib": 8.041015625, "peak_allocated_gib": 7.100478649139404, "gpu_time_budget": null, "module": "model.layers.7.mlp.down_proj", "step": 1920}
{"stage": "sequential-round-coordinate", "pid": 4116221, "time": 1789707857.308393, "cuda_visible_devices": "5", "allocated_gib": 5.225533962249756, "reserved_gib": 8.041015625, "peak_allocated_gib": 7.100478649139404, "gpu_time_budget": null, "module": "model.layers.7.mlp.down_proj", "step": 2048}
{"stage": "sequential-round-coordinate", "pid": 4116221, "time": 1789707858.2899241, "cuda_visible_devices": "5", "allocated_gib": 5.225533962249756, "reserved_gib": 8.041015625, "peak_allocated_gib": 7.100478649139404, "gpu_time_budget": null, "module": "model.layers.7.mlp.down_proj", "step": 2176}
{"stage": "sequential-round-coordinate", "pid": 4116221, "time": 1789707859.2693963, "cuda_visible_devices": "5", "allocated_gib": 5.225533962249756, "reserved_gib": 8.041015625, "peak_allocated_gib": 7.100478649139404, "gpu_time_budget": null, "module": "model.layers.7.mlp.down_proj", "step": 2304}
{"stage": "sequential-round-coordinate", "pid": 4116221, "time": 1789707860.224336, "cuda_visible_devices": "5", "allocated_gib": 5.225533962249756, "reserved_gib": 8.041015625, "peak_allocated_gib": 7.100478649139404, "gpu_time_budget": null, "module": "model.layers.7.mlp.down_proj", "step": 2432}
{"stage": "sequential-round-coordinate", "pid": 4116221, "time": 1789707861.2021213, "cuda_visible_devices": "5", "allocated_gib": 5.225533962249756, "reserved_gib": 8.041015625, "peak_allocated_gib": 7.100478649139404, "gpu_time_budget": null, "module": "model.layers.7.mlp.down_proj", "step": 2560}
{"stage": "sequential-round-coordinate", "pid": 4116221, "time": 1789707862.191714, "cuda_visible_devices": "5", "allocated_gib": 5.225533962249756, "reserved_gib": 8.041015625, "peak_allocated_gib": 7.100478649139404, "gpu_time_budget": null, "module": "model.layers.7.mlp.down_proj", "step": 2688}
{"stage": "sequential-round-coordinate", "pid": 4116221, "time": 1789707863.1937532, "cuda_visible_devices": "5", "allocated_gib": 5.225533962249756, "reserved_gib": 8.041015625, "peak_allocated_gib": 7.100478649139404, "gpu_time_budget": null, "module": "model.layers.7.mlp.down_proj", "step": 2816}
{"stage": "sequential-round-coordinate", "pid": 4116221, "time": 1789707864.1915376, "cuda_visible_devices": "5", "allocated_gib": 5.225533962249756, "reserved_gib": 8.041015625, "peak_allocated_gib": 7.100478649139404, "gpu_time_budget": null, "module": "model.layers.7.mlp.down_proj", "step": 2944}
{"stage": "sequential-round-coordinate", "pid": 4116221, "time": 1789707865.1772313, "cuda_visible_devices": "5", "allocated_gib": 5.225533962249756, "reserved_gib": 8.041015625, "peak_allocated_gib": 7.100478649139404, "gpu_time_budget": null, "module": "model.layers.7.mlp.down_proj", "step": 3072}
{"stage": "sequential-round-coordinate", "pid": 4116221, "time": 1789707866.1689765, "cuda_visible_devices": "5", "allocated_gib": 5.225533962249756, "reserved_gib": 8.041015625, "peak_allocated_gib": 7.100478649139404, "gpu_time_budget": null, "module": "model.layers.7.mlp.down_proj", "step": 3200}
{"stage": "sequential-round-coordinate", "pid": 4116221, "time": 1789707867.1693952, "cuda_visible_devices": "5", "allocated_gib": 5.225533962249756, "reserved_gib": 8.041015625, "peak_allocated_gib": 7.100478649139404, "gpu_time_budget": null, "module": "model.layers.7.mlp.down_proj", "step": 3328}
{"stage": "sequential-round-coordinate", "pid": 4116221, "time": 1789707868.167295, "cuda_visible_devices": "5", "allocated_gib": 5.225533962249756, "reserved_gib": 8.041015625, "peak_allocated_gib": 7.100478649139404, "gpu_time_budget": null, "module": "model.layers.7.mlp.down_proj", "step": 3456}
{"stage": "sequential-round-coordinate", "pid": 4116221, "time": 1789707869.1515386, "cuda_visible_devices": "5", "allocated_gib": 5.225533962249756, "reserved_gib": 8.041015625, "peak_allocated_gib": 7.100478649139404, "gpu_time_budget": null, "module": "model.layers.7.mlp.down_proj", "step": 3584}
{"stage": "sequential-round-coordinate", "pid": 4116221, "time": 1789707870.1540987, "cuda_visible_devices": "5", "allocated_gib": 5.225533962249756, "reserved_gib": 8.041015625, "peak_allocated_gib": 7.100478649139404, "gpu_time_budget": null, "module": "model.layers.7.mlp.down_proj", "step": 3712}
{"stage": "sequential-round-coordinate", "pid": 4116221, "time": 1789707871.1578667, "cuda_visible_devices": "5", "allocated_gib": 5.225533962249756, "reserved_gib": 8.041015625, "peak_allocated_gib": 7.100478649139404, "gpu_time_budget": null, "module": "model.layers.7.mlp.down_proj", "step": 3840}
{"stage": "sequential-round-coordinate", "pid": 4116221, "time": 1789707872.1502075, "cuda_visible_devices": "5", "allocated_gib": 5.225533962249756, "reserved_gib": 8.041015625, "peak_allocated_gib": 7.100478649139404, "gpu_time_budget": null, "module": "model.layers.7.mlp.down_proj", "step": 3968}
{"stage": "sequential-round-coordinate", "pid": 4116221, "time": 1789707873.1438313, "cuda_visible_devices": "5", "allocated_gib": 5.225533962249756, "reserved_gib": 8.041015625, "peak_allocated_gib": 7.100478649139404, "gpu_time_budget": null, "module": "model.layers.7.mlp.down_proj", "step": 4096}
{"stage": "sequential-round-coordinate", "pid": 4116221, "time": 1789707874.1412094, "cuda_visible_devices": "5", "allocated_gib": 5.225533962249756, "reserved_gib": 8.041015625, "peak_allocated_gib": 7.100478649139404, "gpu_time_budget": null, "module": "model.layers.7.mlp.down_proj", "step": 4224}
{"stage": "sequential-round-coordinate", "pid": 4116221, "time": 1789707875.1347327, "cuda_visible_devices": "5", "allocated_gib": 5.225533962249756, "reserved_gib": 8.041015625, "peak_allocated_gib": 7.100478649139404, "gpu_time_budget": null, "module": "model.layers.7.mlp.down_proj", "step": 4352}
{"stage": "sequential-round-coordinate", "pid": 4116221, "time": 1789707876.1245022, "cuda_visible_devices": "5", "allocated_gib": 5.225533962249756, "reserved_gib": 8.041015625, "peak_allocated_gib": 7.100478649139404, "gpu_time_budget": null, "module": "model.layers.7.mlp.down_proj", "step": 4480}
{"stage": "sequential-round-coordinate", "pid": 4116221, "time": 1789707877.122125, "cuda_visible_devices": "5", "allocated_gib": 5.225533962249756, "reserved_gib": 8.041015625, "peak_allocated_gib": 7.100478649139404, "gpu_time_budget": null, "module": "model.layers.7.mlp.down_proj", "step": 4608}
{"stage": "sequential-round-coordinate", "pid": 4116221, "time": 1789707878.121514, "cuda_visible_devices": "5", "allocated_gib": 5.225533962249756, "reserved_gib": 8.041015625, "peak_allocated_gib": 7.100478649139404, "gpu_time_budget": null, "module": "model.layers.7.mlp.down_proj", "step": 4736}
{"stage": "sequential-round-coordinate", "pid": 4116221, "time": 1789707879.114844, "cuda_visible_devices": "5", "allocated_gib": 5.225533962249756, "reserved_gib": 8.041015625, "peak_allocated_gib": 7.100478649139404, "gpu_time_budget": null, "module": "model.layers.7.mlp.down_proj", "step": 4864}
{"stage": "sequential-round-coordinate", "pid": 4116221, "time": 1789707880.1115887, "cuda_visible_devices": "5", "allocated_gib": 5.225533962249756, "reserved_gib": 8.041015625, "peak_allocated_gib": 7.100478649139404, "gpu_time_budget": null, "module": "model.layers.7.mlp.down_proj", "step": 4992}
{"stage": "sequential-round-coordinate", "pid": 4116221, "time": 1789707881.1063278, "cuda_visible_devices": "5", "allocated_gib": 5.225533962249756, "reserved_gib": 8.041015625, "peak_allocated_gib": 7.100478649139404, "gpu_time_budget": null, "module": "model.layers.7.mlp.down_proj", "step": 5120}
{"stage": "sequential-round-coordinate", "pid": 4116221, "time": 1789707882.0986364, "cuda_visible_devices": "5", "allocated_gib": 5.225533962249756, "reserved_gib": 8.041015625, "peak_allocated_gib": 7.100478649139404, "gpu_time_budget": null, "module": "model.layers.7.mlp.down_proj", "step": 5248}
{"stage": "sequential-round-coordinate", "pid": 4116221, "time": 1789707883.0957901, "cuda_visible_devices": "5", "allocated_gib": 5.225533962249756, "reserved_gib": 8.041015625, "peak_allocated_gib": 7.100478649139404, "gpu_time_budget": null, "module": "model.layers.7.mlp.down_proj", "step": 5376}
{"stage": "sequential-round-coordinate", "pid": 4116221, "time": 1789707884.078941, "cuda_visible_devices": "5", "allocated_gib": 5.225533962249756, "reserved_gib": 8.041015625, "peak_allocated_gib": 7.100478649139404, "gpu_time_budget": null, "module": "model.layers.7.mlp.down_proj", "step": 5504}
{"stage": "sequential-round-coordinate", "pid": 4116221, "time": 1789707885.0706196, "cuda_visible_devices": "5", "allocated_gib": 5.225533962249756, "reserved_gib": 8.041015625, "peak_allocated_gib": 7.100478649139404, "gpu_time_budget": null, "module": "model.layers.7.mlp.down_proj", "step": 5632}
{"stage": "sequential-round-coordinate", "pid": 4116221, "time": 1789707886.0555665, "cuda_visible_devices": "5", "allocated_gib": 5.225533962249756, "reserved_gib": 8.041015625, "peak_allocated_gib": 7.100478649139404, "gpu_time_budget": null, "module": "model.layers.7.mlp.down_proj", "step": 5760}
{"stage": "sequential-round-coordinate", "pid": 4116221, "time": 1789707887.0574472, "cuda_visible_devices": "5", "allocated_gib": 5.225533962249756, "reserved_gib": 8.041015625, "peak_allocated_gib": 7.100478649139404, "gpu_time_budget": null, "module": "model.layers.7.mlp.down_proj", "step": 5888}
{"stage": "sequential-round-coordinate", "pid": 4116221, "time": 1789707888.025735, "cuda_visible_devices": "5", "allocated_gib": 5.225533962249756, "reserved_gib": 8.041015625, "peak_allocated_gib": 7.100478649139404, "gpu_time_budget": null, "module": "model.layers.7.mlp.down_proj", "step": 6016}
{"stage": "sequential-round-coordinate", "pid": 4116221, "time": 1789707889.0252862, "cuda_visible_devices": "5", "allocated_gib": 5.225533962249756, "reserved_gib": 8.041015625, "peak_allocated_gib": 7.100478649139404, "gpu_time_budget": null, "module": "model.layers.7.mlp.down_proj", "step": 6144}
{"stage": "sequential-round-coordinate", "pid": 4116221, "time": 1789707890.011897, "cuda_visible_devices": "5", "allocated_gib": 5.225533962249756, "reserved_gib": 8.041015625, "peak_allocated_gib": 7.100478649139404, "gpu_time_budget": null, "module": "model.layers.7.mlp.down_proj", "step": 6272}
{"stage": "sequential-round-coordinate", "pid": 4116221, "time": 1789707891.0022, "cuda_visible_devices": "5", "allocated_gib": 5.225533962249756, "reserved_gib": 8.041015625, "peak_allocated_gib": 7.100478649139404, "gpu_time_budget": null, "module": "model.layers.7.mlp.down_proj", "step": 6400}
{"stage": "sequential-round-coordinate", "pid": 4116221, "time": 1789707892.002306, "cuda_visible_devices": "5", "allocated_gib": 5.225533962249756, "reserved_gib": 8.041015625, "peak_allocated_gib": 7.100478649139404, "gpu_time_budget": null, "module": "model.layers.7.mlp.down_proj", "step": 6528}
{"stage": "sequential-round-coordinate", "pid": 4116221, "time": 1789707892.986218, "cuda_visible_devices": "5", "allocated_gib": 5.225533962249756, "reserved_gib": 8.041015625, "peak_allocated_gib": 7.100478649139404, "gpu_time_budget": null, "module": "model.layers.7.mlp.down_proj", "step": 6656}
{"stage": "sequential-round-coordinate", "pid": 4116221, "time": 1789707893.7237053, "cuda_visible_devices": "5", "allocated_gib": 5.225533962249756, "reserved_gib": 8.041015625, "peak_allocated_gib": 7.100478649139404, "gpu_time_budget": null, "module": "model.layers.7.mlp.down_proj", "step": 6784}
{"stage": "sequential-round-coordinate", "pid": 4116221, "time": 1789707894.5439987, "cuda_visible_devices": "5", "allocated_gib": 5.225533962249756, "reserved_gib": 8.041015625, "peak_allocated_gib": 7.100478649139404, "gpu_time_budget": null, "module": "model.layers.7.mlp.down_proj", "step": 6912}
{"stage": "sequential-round-coordinate", "pid": 4116221, "time": 1789707895.3853874, "cuda_visible_devices": "5", "allocated_gib": 5.225533962249756, "reserved_gib": 8.041015625, "peak_allocated_gib": 7.100478649139404, "gpu_time_budget": null, "module": "model.layers.7.mlp.down_proj", "step": 7040}
{"stage": "sequential-round-coordinate", "pid": 4116221, "time": 1789707896.1885529, "cuda_visible_devices": "5", "allocated_gib": 5.225533962249756, "reserved_gib": 8.041015625, "peak_allocated_gib": 7.100478649139404, "gpu_time_budget": null, "module": "model.layers.7.mlp.down_proj", "step": 7168}
{"stage": "sequential-round-coordinate", "pid": 4116221, "time": 1789707896.9856586, "cuda_visible_devices": "5", "allocated_gib": 5.225533962249756, "reserved_gib": 8.041015625, "peak_allocated_gib": 7.100478649139404, "gpu_time_budget": null, "module": "model.layers.7.mlp.down_proj", "step": 7296}
{"stage": "sequential-round-coordinate", "pid": 4116221, "time": 1789707897.790141, "cuda_visible_devices": "5", "allocated_gib": 5.225533962249756, "reserved_gib": 8.041015625, "peak_allocated_gib": 7.100478649139404, "gpu_time_budget": null, "module": "model.layers.7.mlp.down_proj", "step": 7424}
{"stage": "sequential-round-coordinate", "pid": 4116221, "time": 1789707898.5962377, "cuda_visible_devices": "5", "allocated_gib": 5.225533962249756, "reserved_gib": 8.041015625, "peak_allocated_gib": 7.100478649139404, "gpu_time_budget": null, "module": "model.layers.7.mlp.down_proj", "step": 7552}
{"stage": "sequential-round-coordinate", "pid": 4116221, "time": 1789707899.3738296, "cuda_visible_devices": "5", "allocated_gib": 5.225533962249756, "reserved_gib": 8.041015625, "peak_allocated_gib": 7.100478649139404, "gpu_time_budget": null, "module": "model.layers.7.mlp.down_proj", "step": 7680}
{"stage": "sequential-round-coordinate", "pid": 4116221, "time": 1789707900.174646, "cuda_visible_devices": "5", "allocated_gib": 5.225533962249756, "reserved_gib": 8.041015625, "peak_allocated_gib": 7.100478649139404, "gpu_time_budget": null, "module": "model.layers.7.mlp.down_proj", "step": 7808}
{"stage": "sequential-round-coordinate", "pid": 4116221, "time": 1789707900.9403317, "cuda_visible_devices": "5", "allocated_gib": 5.225533962249756, "reserved_gib": 8.041015625, "peak_allocated_gib": 7.100478649139404, "gpu_time_budget": null, "module": "model.layers.7.mlp.down_proj", "step": 7936}
{"stage": "sequential-round-coordinate", "pid": 4116221, "time": 1789707901.7416222, "cuda_visible_devices": "5", "allocated_gib": 5.225533962249756, "reserved_gib": 8.041015625, "peak_allocated_gib": 7.100478649139404, "gpu_time_budget": null, "module": "model.layers.7.mlp.down_proj", "step": 8064}
{"stage": "sequential-round-coordinate", "pid": 4116221, "time": 1789707902.6571589, "cuda_visible_devices": "5", "allocated_gib": 5.225533962249756, "reserved_gib": 8.041015625, "peak_allocated_gib": 7.100478649139404, "gpu_time_budget": null, "module": "model.layers.7.mlp.down_proj", "step": 8192}
{"stage": "sequential-round-train-nll", "pid": 4116221, "time": 1789707902.7019484, "cuda_visible_devices": "5", "allocated_gib": 3.795783519744873, "reserved_gib": 3.80078125, "peak_allocated_gib": 7.100478649139404, "gpu_time_budget": null, "module": "model.layers.7.mlp.down_proj", "step": 512}
Evaluation segment 1/1: start=0, windows=8, seqlen=2048
{"stage": "sequential-round-train-nll", "pid": 4116221, "time": 1789707907.2979612, "cuda_visible_devices": "5", "allocated_gib": 3.795783519744873, "reserved_gib": 5.791015625, "peak_allocated_gib": 7.100478649139404, "gpu_time_budget": null, "module": "model.layers.7.mlp.down_proj", "step": 2048}
Evaluation segment 1/1: start=0, windows=8, seqlen=2048
{"stage": "sequential-round-train-nll", "pid": 4116221, "time": 1789707911.018938, "cuda_visible_devices": "5", "allocated_gib": 3.795783519744873, "reserved_gib": 5.791015625, "peak_allocated_gib": 7.100478649139404, "gpu_time_budget": null, "module": "model.layers.7.mlp.down_proj", "step": 8192}
Evaluation segment 1/1: start=0, windows=8, seqlen=2048
{"stage": "sequential-module-completed", "pid": 4116221, "time": 1789707916.0214992, "cuda_visible_devices": "5", "allocated_gib": 3.795783519744873, "reserved_gib": 5.791015625, "peak_allocated_gib": 7.100478649139404, "gpu_time_budget": null, "module": "model.layers.7.mlp.down_proj", "completed": 8, "total": 28, "selected_train_nll": 2.9849233922984477, "elapsed_seconds": 543.4478839680087}
{"stage": "sequential-round-fit", "pid": 4116221, "time": 1789707921.4587643, "cuda_visible_devices": "5", "allocated_gib": 3.795783519744873, "reserved_gib": 5.791015625, "peak_allocated_gib": 7.100478649139404, "gpu_time_budget": null, "module": "model.layers.8.mlp.down_proj", "fit_rows": 49152, "heldout_rows": 16384}
{"stage": "sequential-round-coordinate", "pid": 4116221, "time": 1789707922.7895067, "cuda_visible_devices": "5", "allocated_gib": 5.225533962249756, "reserved_gib": 8.041015625, "peak_allocated_gib": 7.100478649139404, "gpu_time_budget": null, "module": "model.layers.8.mlp.down_proj", "step": 128}
{"stage": "sequential-round-coordinate", "pid": 4116221, "time": 1789707923.7845314, "cuda_visible_devices": "5", "allocated_gib": 5.225533962249756, "reserved_gib": 8.041015625, "peak_allocated_gib": 7.100478649139404, "gpu_time_budget": null, "module": "model.layers.8.mlp.down_proj", "step": 256}
{"stage": "sequential-round-coordinate", "pid": 4116221, "time": 1789707924.7873454, "cuda_visible_devices": "5", "allocated_gib": 5.225533962249756, "reserved_gib": 8.041015625, "peak_allocated_gib": 7.100478649139404, "gpu_time_budget": null, "module": "model.layers.8.mlp.down_proj", "step": 384}
{"stage": "sequential-round-coordinate", "pid": 4116221, "time": 1789707925.8631299, "cuda_visible_devices": "5", "allocated_gib": 5.225533962249756, "reserved_gib": 8.041015625, "peak_allocated_gib": 7.100478649139404, "gpu_time_budget": null, "module": "model.layers.8.mlp.down_proj", "step": 512}
{"stage": "sequential-round-coordinate", "pid": 4116221, "time": 1789707926.868121, "cuda_visible_devices": "5", "allocated_gib": 5.225533962249756, "reserved_gib": 8.041015625, "peak_allocated_gib": 7.100478649139404, "gpu_time_budget": null, "module": "model.layers.8.mlp.down_proj", "step": 640}
{"stage": "sequential-round-coordinate", "pid": 4116221, "time": 1789707927.8596718, "cuda_visible_devices": "5", "allocated_gib": 5.225533962249756, "reserved_gib": 8.041015625, "peak_allocated_gib": 7.100478649139404, "gpu_time_budget": null, "module": "model.layers.8.mlp.down_proj", "step": 768}
{"stage": "sequential-round-coordinate", "pid": 4116221, "time": 1789707928.8574636, "cuda_visible_devices": "5", "allocated_gib": 5.225533962249756, "reserved_gib": 8.041015625, "peak_allocated_gib": 7.100478649139404, "gpu_time_budget": null, "module": "model.layers.8.mlp.down_proj", "step": 896}
{"stage": "sequential-round-coordinate", "pid": 4116221, "time": 1789707929.835034, "cuda_visible_devices": "5", "allocated_gib": 5.225533962249756, "reserved_gib": 8.041015625, "peak_allocated_gib": 7.100478649139404, "gpu_time_budget": null, "module": "model.layers.8.mlp.down_proj", "step": 1024}
{"stage": "sequential-round-coordinate", "pid": 4116221, "time": 1789707930.790387, "cuda_visible_devices": "5", "allocated_gib": 5.225533962249756, "reserved_gib": 8.041015625, "peak_allocated_gib": 7.100478649139404, "gpu_time_budget": null, "module": "model.layers.8.mlp.down_proj", "step": 1152}
{"stage": "sequential-round-coordinate", "pid": 4116221, "time": 1789707931.7972915, "cuda_visible_devices": "5", "allocated_gib": 5.225533962249756, "reserved_gib": 8.041015625, "peak_allocated_gib": 7.100478649139404, "gpu_time_budget": null, "module": "model.layers.8.mlp.down_proj", "step": 1280}
{"stage": "sequential-round-coordinate", "pid": 4116221, "time": 1789707932.7985895, "cuda_visible_devices": "5", "allocated_gib": 5.225533962249756, "reserved_gib": 8.041015625, "peak_allocated_gib": 7.100478649139404, "gpu_time_budget": null, "module": "model.layers.8.mlp.down_proj", "step": 1408}
{"stage": "sequential-round-coordinate", "pid": 4116221, "time": 1789707933.790829, "cuda_visible_devices": "5", "allocated_gib": 5.225533962249756, "reserved_gib": 8.041015625, "peak_allocated_gib": 7.100478649139404, "gpu_time_budget": null, "module": "model.layers.8.mlp.down_proj", "step": 1536}
{"stage": "sequential-round-coordinate", "pid": 4116221, "time": 1789707934.7965019, "cuda_visible_devices": "5", "allocated_gib": 5.225533962249756, "reserved_gib": 8.041015625, "peak_allocated_gib": 7.100478649139404, "gpu_time_budget": null, "module": "model.layers.8.mlp.down_proj", "step": 1664}
{"stage": "sequential-round-coordinate", "pid": 4116221, "time": 1789707935.8030007, "cuda_visible_devices": "5", "allocated_gib": 5.225533962249756, "reserved_gib": 8.041015625, "peak_allocated_gib": 7.100478649139404, "gpu_time_budget": null, "module": "model.layers.8.mlp.down_proj", "step": 1792}
{"stage": "sequential-round-coordinate", "pid": 4116221, "time": 1789707936.7913601, "cuda_visible_devices": "5", "allocated_gib": 5.225533962249756, "reserved_gib": 8.041015625, "peak_allocated_gib": 7.100478649139404, "gpu_time_budget": null, "module": "model.layers.8.mlp.down_proj", "step": 1920}
{"stage": "sequential-round-coordinate", "pid": 4116221, "time": 1789707937.8744843, "cuda_visible_devices": "5", "allocated_gib": 5.225533962249756, "reserved_gib": 8.041015625, "peak_allocated_gib": 7.100478649139404, "gpu_time_budget": null, "module": "model.layers.8.mlp.down_proj", "step": 2048}
{"stage": "sequential-round-coordinate", "pid": 4116221, "time": 1789707938.8561933, "cuda_visible_devices": "5", "allocated_gib": 5.225533962249756, "reserved_gib": 8.041015625, "peak_allocated_gib": 7.100478649139404, "gpu_time_budget": null, "module": "model.layers.8.mlp.down_proj", "step": 2176}
{"stage": "sequential-round-coordinate", "pid": 4116221, "time": 1789707939.8356564, "cuda_visible_devices": "5", "allocated_gib": 5.225533962249756, "reserved_gib": 8.041015625, "peak_allocated_gib": 7.100478649139404, "gpu_time_budget": null, "module": "model.layers.8.mlp.down_proj", "step": 2304}
{"stage": "sequential-round-coordinate", "pid": 4116221, "time": 1789707940.8292575, "cuda_visible_devices": "5", "allocated_gib": 5.225533962249756, "reserved_gib": 8.041015625, "peak_allocated_gib": 7.100478649139404, "gpu_time_budget": null, "module": "model.layers.8.mlp.down_proj", "step": 2432}
{"stage": "sequential-round-coordinate", "pid": 4116221, "time": 1789707941.8182735, "cuda_visible_devices": "5", "allocated_gib": 5.225533962249756, "reserved_gib": 8.041015625, "peak_allocated_gib": 7.100478649139404, "gpu_time_budget": null, "module": "model.layers.8.mlp.down_proj", "step": 2560}
{"stage": "sequential-round-coordinate", "pid": 4116221, "time": 1789707942.8174262, "cuda_visible_devices": "5", "allocated_gib": 5.225533962249756, "reserved_gib": 8.041015625, "peak_allocated_gib": 7.100478649139404, "gpu_time_budget": null, "module": "model.layers.8.mlp.down_proj", "step": 2688}
{"stage": "sequential-round-coordinate", "pid": 4116221, "time": 1789707943.8004332, "cuda_visible_devices": "5", "allocated_gib": 5.225533962249756, "reserved_gib": 8.041015625, "peak_allocated_gib": 7.100478649139404, "gpu_time_budget": null, "module": "model.layers.8.mlp.down_proj", "step": 2816}
{"stage": "sequential-round-coordinate", "pid": 4116221, "time": 1789707944.7912896, "cuda_visible_devices": "5", "allocated_gib": 5.225533962249756, "reserved_gib": 8.041015625, "peak_allocated_gib": 7.100478649139404, "gpu_time_budget": null, "module": "model.layers.8.mlp.down_proj", "step": 2944}
{"stage": "sequential-round-coordinate", "pid": 4116221, "time": 1789707945.798039, "cuda_visible_devices": "5", "allocated_gib": 5.225533962249756, "reserved_gib": 8.041015625, "peak_allocated_gib": 7.100478649139404, "gpu_time_budget": null, "module": "model.layers.8.mlp.down_proj", "step": 3072}
{"stage": "sequential-round-coordinate", "pid": 4116221, "time": 1789707946.781478, "cuda_visible_devices": "5", "allocated_gib": 5.225533962249756, "reserved_gib": 8.041015625, "peak_allocated_gib": 7.100478649139404, "gpu_time_budget": null, "module": "model.layers.8.mlp.down_proj", "step": 3200}
{"stage": "sequential-round-coordinate", "pid": 4116221, "time": 1789707947.771966, "cuda_visible_devices": "5", "allocated_gib": 5.225533962249756, "reserved_gib": 8.041015625, "peak_allocated_gib": 7.100478649139404, "gpu_time_budget": null, "module": "model.layers.8.mlp.down_proj", "step": 3328}
{"stage": "sequential-round-coordinate", "pid": 4116221, "time": 1789707948.7712235, "cuda_visible_devices": "5", "allocated_gib": 5.225533962249756, "reserved_gib": 8.041015625, "peak_allocated_gib": 7.100478649139404, "gpu_time_budget": null, "module": "model.layers.8.mlp.down_proj", "step": 3456}
{"stage": "sequential-round-coordinate", "pid": 4116221, "time": 1789707949.7510219, "cuda_visible_devices": "5", "allocated_gib": 5.225533962249756, "reserved_gib": 8.041015625, "peak_allocated_gib": 7.100478649139404, "gpu_time_budget": null, "module": "model.layers.8.mlp.down_proj", "step": 3584}
{"stage": "sequential-round-coordinate", "pid": 4116221, "time": 1789707950.739908, "cuda_visible_devices": "5", "allocated_gib": 5.225533962249756, "reserved_gib": 8.041015625, "peak_allocated_gib": 7.100478649139404, "gpu_time_budget": null, "module": "model.layers.8.mlp.down_proj", "step": 3712}
{"stage": "sequential-round-coordinate", "pid": 4116221, "time": 1789707951.7318602, "cuda_visible_devices": "5", "allocated_gib": 5.225533962249756, "reserved_gib": 8.041015625, "peak_allocated_gib": 7.100478649139404, "gpu_time_budget": null, "module": "model.layers.8.mlp.down_proj", "step": 3840}
{"stage": "sequential-round-coordinate", "pid": 4116221, "time": 1789707952.7184265, "cuda_visible_devices": "5", "allocated_gib": 5.225533962249756, "reserved_gib": 8.041015625, "peak_allocated_gib": 7.100478649139404, "gpu_time_budget": null, "module": "model.layers.8.mlp.down_proj", "step": 3968}
{"stage": "sequential-round-coordinate", "pid": 4116221, "time": 1789707953.720798, "cuda_visible_devices": "5", "allocated_gib": 5.225533962249756, "reserved_gib": 8.041015625, "peak_allocated_gib": 7.100478649139404, "gpu_time_budget": null, "module": "model.layers.8.mlp.down_proj", "step": 4096}
{"stage": "sequential-round-coordinate", "pid": 4116221, "time": 1789707954.717352, "cuda_visible_devices": "5", "allocated_gib": 5.225533962249756, "reserved_gib": 8.041015625, "peak_allocated_gib": 7.100478649139404, "gpu_time_budget": null, "module": "model.layers.8.mlp.down_proj", "step": 4224}
{"stage": "sequential-round-coordinate", "pid": 4116221, "time": 1789707955.7200139, "cuda_visible_devices": "5", "allocated_gib": 5.225533962249756, "reserved_gib": 8.041015625, "peak_allocated_gib": 7.100478649139404, "gpu_time_budget": null, "module": "model.layers.8.mlp.down_proj", "step": 4352}
{"stage": "sequential-round-coordinate", "pid": 4116221, "time": 1789707956.697977, "cuda_visible_devices": "5", "allocated_gib": 5.225533962249756, "reserved_gib": 8.041015625, "peak_allocated_gib": 7.100478649139404, "gpu_time_budget": null, "module": "model.layers.8.mlp.down_proj", "step": 4480}
{"stage": "sequential-round-coordinate", "pid": 4116221, "time": 1789707957.6788876, "cuda_visible_devices": "5", "allocated_gib": 5.225533962249756, "reserved_gib": 8.041015625, "peak_allocated_gib": 7.100478649139404, "gpu_time_budget": null, "module": "model.layers.8.mlp.down_proj", "step": 4608}
{"stage": "sequential-round-coordinate", "pid": 4116221, "time": 1789707958.656551, "cuda_visible_devices": "5", "allocated_gib": 5.225533962249756, "reserved_gib": 8.041015625, "peak_allocated_gib": 7.100478649139404, "gpu_time_budget": null, "module": "model.layers.8.mlp.down_proj", "step": 4736}
{"stage": "sequential-round-coordinate", "pid": 4116221, "time": 1789707959.640814, "cuda_visible_devices": "5", "allocated_gib": 5.225533962249756, "reserved_gib": 8.041015625, "peak_allocated_gib": 7.100478649139404, "gpu_time_budget": null, "module": "model.layers.8.mlp.down_proj", "step": 4864}
{"stage": "sequential-round-coordinate", "pid": 4116221, "time": 1789707960.6231134, "cuda_visible_devices": "5", "allocated_gib": 5.225533962249756, "reserved_gib": 8.041015625, "peak_allocated_gib": 7.100478649139404, "gpu_time_budget": null, "module": "model.layers.8.mlp.down_proj", "step": 4992}
{"stage": "sequential-round-coordinate", "pid": 4116221, "time": 1789707961.6057186, "cuda_visible_devices": "5", "allocated_gib": 5.225533962249756, "reserved_gib": 8.041015625, "peak_allocated_gib": 7.100478649139404, "gpu_time_budget": null, "module": "model.layers.8.mlp.down_proj", "step": 5120}
{"stage": "sequential-round-coordinate", "pid": 4116221, "time": 1789707962.5887263, "cuda_visible_devices": "5", "allocated_gib": 5.225533962249756, "reserved_gib": 8.041015625, "peak_allocated_gib": 7.100478649139404, "gpu_time_budget": null, "module": "model.layers.8.mlp.down_proj", "step": 5248}
{"stage": "sequential-round-coordinate", "pid": 4116221, "time": 1789707963.5694218, "cuda_visible_devices": "5", "allocated_gib": 5.225533962249756, "reserved_gib": 8.041015625, "peak_allocated_gib": 7.100478649139404, "gpu_time_budget": null, "module": "model.layers.8.mlp.down_proj", "step": 5376}
{"stage": "sequential-round-coordinate", "pid": 4116221, "time": 1789707964.5498483, "cuda_visible_devices": "5", "allocated_gib": 5.225533962249756, "reserved_gib": 8.041015625, "peak_allocated_gib": 7.100478649139404, "gpu_time_budget": null, "module": "model.layers.8.mlp.down_proj", "step": 5504}
{"stage": "sequential-round-coordinate", "pid": 4116221, "time": 1789707965.5312035, "cuda_visible_devices": "5", "allocated_gib": 5.225533962249756, "reserved_gib": 8.041015625, "peak_allocated_gib": 7.100478649139404, "gpu_time_budget": null, "module": "model.layers.8.mlp.down_proj", "step": 5632}
{"stage": "sequential-round-coordinate", "pid": 4116221, "time": 1789707966.5118096, "cuda_visible_devices": "5", "allocated_gib": 5.225533962249756, "reserved_gib": 8.041015625, "peak_allocated_gib": 7.100478649139404, "gpu_time_budget": null, "module": "model.layers.8.mlp.down_proj", "step": 5760}
{"stage": "sequential-round-coordinate", "pid": 4116221, "time": 1789707967.4922404, "cuda_visible_devices": "5", "allocated_gib": 5.225533962249756, "reserved_gib": 8.041015625, "peak_allocated_gib": 7.100478649139404, "gpu_time_budget": null, "module": "model.layers.8.mlp.down_proj", "step": 5888}
{"stage": "sequential-round-coordinate", "pid": 4116221, "time": 1789707968.4667456, "cuda_visible_devices": "5", "allocated_gib": 5.225533962249756, "reserved_gib": 8.041015625, "peak_allocated_gib": 7.100478649139404, "gpu_time_budget": null, "module": "model.layers.8.mlp.down_proj", "step": 6016}
{"stage": "sequential-round-coordinate", "pid": 4116221, "time": 1789707969.4426274, "cuda_visible_devices": "5", "allocated_gib": 5.225533962249756, "reserved_gib": 8.041015625, "peak_allocated_gib": 7.100478649139404, "gpu_time_budget": null, "module": "model.layers.8.mlp.down_proj", "step": 6144}
{"stage": "sequential-round-coordinate", "pid": 4116221, "time": 1789707970.418671, "cuda_visible_devices": "5", "allocated_gib": 5.225533962249756, "reserved_gib": 8.041015625, "peak_allocated_gib": 7.100478649139404, "gpu_time_budget": null, "module": "model.layers.8.mlp.down_proj", "step": 6272}
{"stage": "sequential-round-coordinate", "pid": 4116221, "time": 1789707971.3962438, "cuda_visible_devices": "5", "allocated_gib": 5.225533962249756, "reserved_gib": 8.041015625, "peak_allocated_gib": 7.100478649139404, "gpu_time_budget": null, "module": "model.layers.8.mlp.down_proj", "step": 6400}
{"stage": "sequential-round-coordinate", "pid": 4116221, "time": 1789707972.3745544, "cuda_visible_devices": "5", "allocated_gib": 5.225533962249756, "reserved_gib": 8.041015625, "peak_allocated_gib": 7.100478649139404, "gpu_time_budget": null, "module": "model.layers.8.mlp.down_proj", "step": 6528}
{"stage": "sequential-round-coordinate", "pid": 4116221, "time": 1789707973.0650845, "cuda_visible_devices": "5", "allocated_gib": 5.225533962249756, "reserved_gib": 8.041015625, "peak_allocated_gib": 7.100478649139404, "gpu_time_budget": null, "module": "model.layers.8.mlp.down_proj", "step": 6656}
{"stage": "sequential-round-coordinate", "pid": 4116221, "time": 1789707973.877658, "cuda_visible_devices": "5", "allocated_gib": 5.225533962249756, "reserved_gib": 8.041015625, "peak_allocated_gib": 7.100478649139404, "gpu_time_budget": null, "module": "model.layers.8.mlp.down_proj", "step": 6784}
{"stage": "sequential-round-coordinate", "pid": 4116221, "time": 1789707974.701445, "cuda_visible_devices": "5", "allocated_gib": 5.225533962249756, "reserved_gib": 8.041015625, "peak_allocated_gib": 7.100478649139404, "gpu_time_budget": null, "module": "model.layers.8.mlp.down_proj", "step": 6912}
{"stage": "sequential-round-coordinate", "pid": 4116221, "time": 1789707975.508447, "cuda_visible_devices": "5", "allocated_gib": 5.225533962249756, "reserved_gib": 8.041015625, "peak_allocated_gib": 7.100478649139404, "gpu_time_budget": null, "module": "model.layers.8.mlp.down_proj", "step": 7040}
{"stage": "sequential-round-coordinate", "pid": 4116221, "time": 1789707976.2897656, "cuda_visible_devices": "5", "allocated_gib": 5.225533962249756, "reserved_gib": 8.041015625, "peak_allocated_gib": 7.100478649139404, "gpu_time_budget": null, "module": "model.layers.8.mlp.down_proj", "step": 7168}
{"stage": "sequential-round-coordinate", "pid": 4116221, "time": 1789707977.0709906, "cuda_visible_devices": "5", "allocated_gib": 5.225533962249756, "reserved_gib": 8.041015625, "peak_allocated_gib": 7.100478649139404, "gpu_time_budget": null, "module": "model.layers.8.mlp.down_proj", "step": 7296}
{"stage": "sequential-round-coordinate", "pid": 4116221, "time": 1789707977.8547351, "cuda_visible_devices": "5", "allocated_gib": 5.225533962249756, "reserved_gib": 8.041015625, "peak_allocated_gib": 7.100478649139404, "gpu_time_budget": null, "module": "model.layers.8.mlp.down_proj", "step": 7424}
{"stage": "sequential-round-coordinate", "pid": 4116221, "time": 1789707978.621072, "cuda_visible_devices": "5", "allocated_gib": 5.225533962249756, "reserved_gib": 8.041015625, "peak_allocated_gib": 7.100478649139404, "gpu_time_budget": null, "module": "model.layers.8.mlp.down_proj", "step": 7552}
{"stage": "sequential-round-coordinate", "pid": 4116221, "time": 1789707979.4043698, "cuda_visible_devices": "5", "allocated_gib": 5.225533962249756, "reserved_gib": 8.041015625, "peak_allocated_gib": 7.100478649139404, "gpu_time_budget": null, "module": "model.layers.8.mlp.down_proj", "step": 7680}
{"stage": "sequential-round-coordinate", "pid": 4116221, "time": 1789707980.1865025, "cuda_visible_devices": "5", "allocated_gib": 5.225533962249756, "reserved_gib": 8.041015625, "peak_allocated_gib": 7.100478649139404, "gpu_time_budget": null, "module": "model.layers.8.mlp.down_proj", "step": 7808}
{"stage": "sequential-round-coordinate", "pid": 4116221, "time": 1789707980.9907699, "cuda_visible_devices": "5", "allocated_gib": 5.225533962249756, "reserved_gib": 8.041015625, "peak_allocated_gib": 7.100478649139404, "gpu_time_budget": null, "module": "model.layers.8.mlp.down_proj", "step": 7936}
{"stage": "sequential-round-coordinate", "pid": 4116221, "time": 1789707981.8163073, "cuda_visible_devices": "5", "allocated_gib": 5.225533962249756, "reserved_gib": 8.041015625, "peak_allocated_gib": 7.100478649139404, "gpu_time_budget": null, "module": "model.layers.8.mlp.down_proj", "step": 8064}
{"stage": "sequential-round-coordinate", "pid": 4116221, "time": 1789707982.6912053, "cuda_visible_devices": "5", "allocated_gib": 5.225533962249756, "reserved_gib": 8.041015625, "peak_allocated_gib": 7.100478649139404, "gpu_time_budget": null, "module": "model.layers.8.mlp.down_proj", "step": 8192}
{"stage": "sequential-round-train-nll", "pid": 4116221, "time": 1789707982.7296312, "cuda_visible_devices": "5", "allocated_gib": 3.795783519744873, "reserved_gib": 3.80078125, "peak_allocated_gib": 7.100478649139404, "gpu_time_budget": null, "module": "model.layers.8.mlp.down_proj", "step": 512}
Evaluation segment 1/1: start=0, windows=8, seqlen=2048
{"stage": "sequential-round-train-nll", "pid": 4116221, "time": 1789707987.1625829, "cuda_visible_devices": "5", "allocated_gib": 3.795783519744873, "reserved_gib": 5.791015625, "peak_allocated_gib": 7.100478649139404, "gpu_time_budget": null, "module": "model.layers.8.mlp.down_proj", "step": 2048}
Evaluation segment 1/1: start=0, windows=8, seqlen=2048
{"stage": "sequential-round-train-nll", "pid": 4116221, "time": 1789707990.635796, "cuda_visible_devices": "5", "allocated_gib": 3.795783519744873, "reserved_gib": 5.791015625, "peak_allocated_gib": 7.100478649139404, "gpu_time_budget": null, "module": "model.layers.8.mlp.down_proj", "step": 8192}
Evaluation segment 1/1: start=0, windows=8, seqlen=2048
{"stage": "sequential-module-completed", "pid": 4116221, "time": 1789707995.3445573, "cuda_visible_devices": "5", "allocated_gib": 3.795783519744873, "reserved_gib": 5.791015625, "peak_allocated_gib": 7.100478649139404, "gpu_time_budget": null, "module": "model.layers.8.mlp.down_proj", "completed": 9, "total": 28, "selected_train_nll": 2.9849233922984477, "elapsed_seconds": 622.7709413070697}
{"stage": "sequential-round-fit", "pid": 4116221, "time": 1789708001.205861, "cuda_visible_devices": "5", "allocated_gib": 3.795783519744873, "reserved_gib": 5.791015625, "peak_allocated_gib": 7.100478649139404, "gpu_time_budget": null, "module": "model.layers.9.mlp.down_proj", "fit_rows": 49152, "heldout_rows": 16384}
{"stage": "sequential-round-coordinate", "pid": 4116221, "time": 1789708002.5379908, "cuda_visible_devices": "5", "allocated_gib": 5.225533962249756, "reserved_gib": 8.041015625, "peak_allocated_gib": 7.100478649139404, "gpu_time_budget": null, "module": "model.layers.9.mlp.down_proj", "step": 128}
{"stage": "sequential-round-coordinate", "pid": 4116221, "time": 1789708003.515425, "cuda_visible_devices": "5", "allocated_gib": 5.225533962249756, "reserved_gib": 8.041015625, "peak_allocated_gib": 7.100478649139404, "gpu_time_budget": null, "module": "model.layers.9.mlp.down_proj", "step": 256}
{"stage": "sequential-round-coordinate", "pid": 4116221, "time": 1789708004.4942665, "cuda_visible_devices": "5", "allocated_gib": 5.225533962249756, "reserved_gib": 8.041015625, "peak_allocated_gib": 7.100478649139404, "gpu_time_budget": null, "module": "model.layers.9.mlp.down_proj", "step": 384}
{"stage": "sequential-round-coordinate", "pid": 4116221, "time": 1789708005.555057, "cuda_visible_devices": "5", "allocated_gib": 5.225533962249756, "reserved_gib": 8.041015625, "peak_allocated_gib": 7.100478649139404, "gpu_time_budget": null, "module": "model.layers.9.mlp.down_proj", "step": 512}
{"stage": "sequential-round-coordinate", "pid": 4116221, "time": 1789708006.534238, "cuda_visible_devices": "5", "allocated_gib": 5.225533962249756, "reserved_gib": 8.041015625, "peak_allocated_gib": 7.100478649139404, "gpu_time_budget": null, "module": "model.layers.9.mlp.down_proj", "step": 640}
{"stage": "sequential-round-coordinate", "pid": 4116221, "time": 1789708007.5069048, "cuda_visible_devices": "5", "allocated_gib": 5.225533962249756, "reserved_gib": 8.041015625, "peak_allocated_gib": 7.100478649139404, "gpu_time_budget": null, "module": "model.layers.9.mlp.down_proj", "step": 768}
{"stage": "sequential-round-coordinate", "pid": 4116221, "time": 1789708008.484813, "cuda_visible_devices": "5", "allocated_gib": 5.225533962249756, "reserved_gib": 8.041015625, "peak_allocated_gib": 7.100478649139404, "gpu_time_budget": null, "module": "model.layers.9.mlp.down_proj", "step": 896}
{"stage": "sequential-round-coordinate", "pid": 4116221, "time": 1789708009.4672737, "cuda_visible_devices": "5", "allocated_gib": 5.225533962249756, "reserved_gib": 8.041015625, "peak_allocated_gib": 7.100478649139404, "gpu_time_budget": null, "module": "model.layers.9.mlp.down_proj", "step": 1024}
{"stage": "sequential-round-coordinate", "pid": 4116221, "time": 1789708010.446723, "cuda_visible_devices": "5", "allocated_gib": 5.225533962249756, "reserved_gib": 8.041015625, "peak_allocated_gib": 7.100478649139404, "gpu_time_budget": null, "module": "model.layers.9.mlp.down_proj", "step": 1152}
{"stage": "sequential-round-coordinate", "pid": 4116221, "time": 1789708011.4254503, "cuda_visible_devices": "5", "allocated_gib": 5.225533962249756, "reserved_gib": 8.041015625, "peak_allocated_gib": 7.100478649139404, "gpu_time_budget": null, "module": "model.layers.9.mlp.down_proj", "step": 1280}
{"stage": "sequential-round-coordinate", "pid": 4116221, "time": 1789708012.4040663, "cuda_visible_devices": "5", "allocated_gib": 5.225533962249756, "reserved_gib": 8.041015625, "peak_allocated_gib": 7.100478649139404, "gpu_time_budget": null, "module": "model.layers.9.mlp.down_proj", "step": 1408}
{"stage": "sequential-round-coordinate", "pid": 4116221, "time": 1789708013.3794446, "cuda_visible_devices": "5", "allocated_gib": 5.225533962249756, "reserved_gib": 8.041015625, "peak_allocated_gib": 7.100478649139404, "gpu_time_budget": null, "module": "model.layers.9.mlp.down_proj", "step": 1536}
{"stage": "sequential-round-coordinate", "pid": 4116221, "time": 1789708014.3566866, "cuda_visible_devices": "5", "allocated_gib": 5.225533962249756, "reserved_gib": 8.041015625, "peak_allocated_gib": 7.100478649139404, "gpu_time_budget": null, "module": "model.layers.9.mlp.down_proj", "step": 1664}
{"stage": "sequential-round-coordinate", "pid": 4116221, "time": 1789708015.332698, "cuda_visible_devices": "5", "allocated_gib": 5.225533962249756, "reserved_gib": 8.041015625, "peak_allocated_gib": 7.100478649139404, "gpu_time_budget": null, "module": "model.layers.9.mlp.down_proj", "step": 1792}
{"stage": "sequential-round-coordinate", "pid": 4116221, "time": 1789708016.3098872, "cuda_visible_devices": "5", "allocated_gib": 5.225533962249756, "reserved_gib": 8.041015625, "peak_allocated_gib": 7.100478649139404, "gpu_time_budget": null, "module": "model.layers.9.mlp.down_proj", "step": 1920}
{"stage": "sequential-round-coordinate", "pid": 4116221, "time": 1789708017.371094, "cuda_visible_devices": "5", "allocated_gib": 5.225533962249756, "reserved_gib": 8.041015625, "peak_allocated_gib": 7.100478649139404, "gpu_time_budget": null, "module": "model.layers.9.mlp.down_proj", "step": 2048}
{"stage": "sequential-round-coordinate", "pid": 4116221, "time": 1789708018.348216, "cuda_visible_devices": "5", "allocated_gib": 5.225533962249756, "reserved_gib": 8.041015625, "peak_allocated_gib": 7.100478649139404, "gpu_time_budget": null, "module": "model.layers.9.mlp.down_proj", "step": 2176}
{"stage": "sequential-round-coordinate", "pid": 4116221, "time": 1789708019.3216538, "cuda_visible_devices": "5", "allocated_gib": 5.225533962249756, "reserved_gib": 8.041015625, "peak_allocated_gib": 7.100478649139404, "gpu_time_budget": null, "module": "model.layers.9.mlp.down_proj", "step": 2304}
{"stage": "sequential-round-coordinate", "pid": 4116221, "time": 1789708020.3004656, "cuda_visible_devices": "5", "allocated_gib": 5.225533962249756, "reserved_gib": 8.041015625, "peak_allocated_gib": 7.100478649139404, "gpu_time_budget": null, "module": "model.layers.9.mlp.down_proj", "step": 2432}
{"stage": "sequential-round-coordinate", "pid": 4116221, "time": 1789708021.2748342, "cuda_visible_devices": "5", "allocated_gib": 5.225533962249756, "reserved_gib": 8.041015625, "peak_allocated_gib": 7.100478649139404, "gpu_time_budget": null, "module": "model.layers.9.mlp.down_proj", "step": 2560}
{"stage": "sequential-round-coordinate", "pid": 4116221, "time": 1789708022.2511694, "cuda_visible_devices": "5", "allocated_gib": 5.225533962249756, "reserved_gib": 8.041015625, "peak_allocated_gib": 7.100478649139404, "gpu_time_budget": null, "module": "model.layers.9.mlp.down_proj", "step": 2688}
{"stage": "sequential-round-coordinate", "pid": 4116221, "time": 1789708023.2290423, "cuda_visible_devices": "5", "allocated_gib": 5.225533962249756, "reserved_gib": 8.041015625, "peak_allocated_gib": 7.100478649139404, "gpu_time_budget": null, "module": "model.layers.9.mlp.down_proj", "step": 2816}
{"stage": "sequential-round-coordinate", "pid": 4116221, "time": 1789708024.2041378, "cuda_visible_devices": "5", "allocated_gib": 5.225533962249756, "reserved_gib": 8.041015625, "peak_allocated_gib": 7.100478649139404, "gpu_time_budget": null, "module": "model.layers.9.mlp.down_proj", "step": 2944}
{"stage": "sequential-round-coordinate", "pid": 4116221, "time": 1789708025.182065, "cuda_visible_devices": "5", "allocated_gib": 5.225533962249756, "reserved_gib": 8.041015625, "peak_allocated_gib": 7.100478649139404, "gpu_time_budget": null, "module": "model.layers.9.mlp.down_proj", "step": 3072}
{"stage": "sequential-round-coordinate", "pid": 4116221, "time": 1789708026.161925, "cuda_visible_devices": "5", "allocated_gib": 5.225533962249756, "reserved_gib": 8.041015625, "peak_allocated_gib": 7.100478649139404, "gpu_time_budget": null, "module": "model.layers.9.mlp.down_proj", "step": 3200}
{"stage": "sequential-round-coordinate", "pid": 4116221, "time": 1789708027.0996363, "cuda_visible_devices": "5", "allocated_gib": 5.225533962249756, "reserved_gib": 8.041015625, "peak_allocated_gib": 7.100478649139404, "gpu_time_budget": null, "module": "model.layers.9.mlp.down_proj", "step": 3328}
{"stage": "sequential-round-coordinate", "pid": 4116221, "time": 1789708028.0064507, "cuda_visible_devices": "5", "allocated_gib": 5.225533962249756, "reserved_gib": 8.041015625, "peak_allocated_gib": 7.100478649139404, "gpu_time_budget": null, "module": "model.layers.9.mlp.down_proj", "step": 3456}
{"stage": "sequential-round-coordinate", "pid": 4116221, "time": 1789708028.91612, "cuda_visible_devices": "5", "allocated_gib": 5.225533962249756, "reserved_gib": 8.041015625, "peak_allocated_gib": 7.100478649139404, "gpu_time_budget": null, "module": "model.layers.9.mlp.down_proj", "step": 3584}
{"stage": "sequential-round-coordinate", "pid": 4116221, "time": 1789708029.8209462, "cuda_visible_devices": "5", "allocated_gib": 5.225533962249756, "reserved_gib": 8.041015625, "peak_allocated_gib": 7.100478649139404, "gpu_time_budget": null, "module": "model.layers.9.mlp.down_proj", "step": 3712}
{"stage": "sequential-round-coordinate", "pid": 4116221, "time": 1789708030.7269468, "cuda_visible_devices": "5", "allocated_gib": 5.225533962249756, "reserved_gib": 8.041015625, "peak_allocated_gib": 7.100478649139404, "gpu_time_budget": null, "module": "model.layers.9.mlp.down_proj", "step": 3840}
{"stage": "sequential-round-coordinate", "pid": 4116221, "time": 1789708031.631719, "cuda_visible_devices": "5", "allocated_gib": 5.225533962249756, "reserved_gib": 8.041015625, "peak_allocated_gib": 7.100478649139404, "gpu_time_budget": null, "module": "model.layers.9.mlp.down_proj", "step": 3968}
{"stage": "sequential-round-coordinate", "pid": 4116221, "time": 1789708032.5386086, "cuda_visible_devices": "5", "allocated_gib": 5.225533962249756, "reserved_gib": 8.041015625, "peak_allocated_gib": 7.100478649139404, "gpu_time_budget": null, "module": "model.layers.9.mlp.down_proj", "step": 4096}
{"stage": "sequential-round-coordinate", "pid": 4116221, "time": 1789708033.4500115, "cuda_visible_devices": "5", "allocated_gib": 5.225533962249756, "reserved_gib": 8.041015625, "peak_allocated_gib": 7.100478649139404, "gpu_time_budget": null, "module": "model.layers.9.mlp.down_proj", "step": 4224}
{"stage": "sequential-round-coordinate", "pid": 4116221, "time": 1789708034.3563428, "cuda_visible_devices": "5", "allocated_gib": 5.225533962249756, "reserved_gib": 8.041015625, "peak_allocated_gib": 7.100478649139404, "gpu_time_budget": null, "module": "model.layers.9.mlp.down_proj", "step": 4352}
{"stage": "sequential-round-coordinate", "pid": 4116221, "time": 1789708035.269185, "cuda_visible_devices": "5", "allocated_gib": 5.225533962249756, "reserved_gib": 8.041015625, "peak_allocated_gib": 7.100478649139404, "gpu_time_budget": null, "module": "model.layers.9.mlp.down_proj", "step": 4480}
{"stage": "sequential-round-coordinate", "pid": 4116221, "time": 1789708036.2397048, "cuda_visible_devices": "5", "allocated_gib": 5.225533962249756, "reserved_gib": 8.041015625, "peak_allocated_gib": 7.100478649139404, "gpu_time_budget": null, "module": "model.layers.9.mlp.down_proj", "step": 4608}
{"stage": "sequential-round-coordinate", "pid": 4116221, "time": 1789708037.2167938, "cuda_visible_devices": "5", "allocated_gib": 5.225533962249756, "reserved_gib": 8.041015625, "peak_allocated_gib": 7.100478649139404, "gpu_time_budget": null, "module": "model.layers.9.mlp.down_proj", "step": 4736}
{"stage": "sequential-round-coordinate", "pid": 4116221, "time": 1789708039.102296, "cuda_visible_devices": "5", "allocated_gib": 5.225533962249756, "reserved_gib": 8.041015625, "peak_allocated_gib": 7.100478649139404, "gpu_time_budget": null, "module": "model.layers.9.mlp.down_proj", "step": 4864}
{"stage": "sequential-round-coordinate", "pid": 4116221, "time": 1789708040.081003, "cuda_visible_devices": "5", "allocated_gib": 5.225533962249756, "reserved_gib": 8.041015625, "peak_allocated_gib": 7.100478649139404, "gpu_time_budget": null, "module": "model.layers.9.mlp.down_proj", "step": 4992}
{"stage": "sequential-round-coordinate", "pid": 4116221, "time": 1789708041.0597243, "cuda_visible_devices": "5", "allocated_gib": 5.225533962249756, "reserved_gib": 8.041015625, "peak_allocated_gib": 7.100478649139404, "gpu_time_budget": null, "module": "model.layers.9.mlp.down_proj", "step": 5120}
{"stage": "sequential-round-coordinate", "pid": 4116221, "time": 1789708042.0334246, "cuda_visible_devices": "5", "allocated_gib": 5.225533962249756, "reserved_gib": 8.041015625, "peak_allocated_gib": 7.100478649139404, "gpu_time_budget": null, "module": "model.layers.9.mlp.down_proj", "step": 5248}
{"stage": "sequential-round-coordinate", "pid": 4116221, "time": 1789708043.0133204, "cuda_visible_devices": "5", "allocated_gib": 5.225533962249756, "reserved_gib": 8.041015625, "peak_allocated_gib": 7.100478649139404, "gpu_time_budget": null, "module": "model.layers.9.mlp.down_proj", "step": 5376}
{"stage": "sequential-round-coordinate", "pid": 4116221, "time": 1789708043.9897718, "cuda_visible_devices": "5", "allocated_gib": 5.225533962249756, "reserved_gib": 8.041015625, "peak_allocated_gib": 7.100478649139404, "gpu_time_budget": null, "module": "model.layers.9.mlp.down_proj", "step": 5504}
{"stage": "sequential-round-coordinate", "pid": 4116221, "time": 1789708044.96589, "cuda_visible_devices": "5", "allocated_gib": 5.225533962249756, "reserved_gib": 8.041015625, "peak_allocated_gib": 7.100478649139404, "gpu_time_budget": null, "module": "model.layers.9.mlp.down_proj", "step": 5632}
{"stage": "sequential-round-coordinate", "pid": 4116221, "time": 1789708045.9425037, "cuda_visible_devices": "5", "allocated_gib": 5.225533962249756, "reserved_gib": 8.041015625, "peak_allocated_gib": 7.100478649139404, "gpu_time_budget": null, "module": "model.layers.9.mlp.down_proj", "step": 5760}
{"stage": "sequential-round-coordinate", "pid": 4116221, "time": 1789708046.9241693, "cuda_visible_devices": "5", "allocated_gib": 5.225533962249756, "reserved_gib": 8.041015625, "peak_allocated_gib": 7.100478649139404, "gpu_time_budget": null, "module": "model.layers.9.mlp.down_proj", "step": 5888}
{"stage": "sequential-round-coordinate", "pid": 4116221, "time": 1789708047.9012263, "cuda_visible_devices": "5", "allocated_gib": 5.225533962249756, "reserved_gib": 8.041015625, "peak_allocated_gib": 7.100478649139404, "gpu_time_budget": null, "module": "model.layers.9.mlp.down_proj", "step": 6016}
{"stage": "sequential-round-coordinate", "pid": 4116221, "time": 1789708048.8762805, "cuda_visible_devices": "5", "allocated_gib": 5.225533962249756, "reserved_gib": 8.041015625, "peak_allocated_gib": 7.100478649139404, "gpu_time_budget": null, "module": "model.layers.9.mlp.down_proj", "step": 6144}
{"stage": "sequential-round-coordinate", "pid": 4116221, "time": 1789708049.8538518, "cuda_visible_devices": "5", "allocated_gib": 5.225533962249756, "reserved_gib": 8.041015625, "peak_allocated_gib": 7.100478649139404, "gpu_time_budget": null, "module": "model.layers.9.mlp.down_proj", "step": 6272}
{"stage": "sequential-round-coordinate", "pid": 4116221, "time": 1789708050.8287823, "cuda_visible_devices": "5", "allocated_gib": 5.225533962249756, "reserved_gib": 8.041015625, "peak_allocated_gib": 7.100478649139404, "gpu_time_budget": null, "module": "model.layers.9.mlp.down_proj", "step": 6400}
{"stage": "sequential-round-coordinate", "pid": 4116221, "time": 1789708051.5070336, "cuda_visible_devices": "5", "allocated_gib": 5.225533962249756, "reserved_gib": 8.041015625, "peak_allocated_gib": 7.100478649139404, "gpu_time_budget": null, "module": "model.layers.9.mlp.down_proj", "step": 6528}
{"stage": "sequential-round-coordinate", "pid": 4116221, "time": 1789708052.3286273, "cuda_visible_devices": "5", "allocated_gib": 5.225533962249756, "reserved_gib": 8.041015625, "peak_allocated_gib": 7.100478649139404, "gpu_time_budget": null, "module": "model.layers.9.mlp.down_proj", "step": 6656}
{"stage": "sequential-round-coordinate", "pid": 4116221, "time": 1789708053.1526592, "cuda_visible_devices": "5", "allocated_gib": 5.225533962249756, "reserved_gib": 8.041015625, "peak_allocated_gib": 7.100478649139404, "gpu_time_budget": null, "module": "model.layers.9.mlp.down_proj", "step": 6784}
{"stage": "sequential-round-coordinate", "pid": 4116221, "time": 1789708053.9472718, "cuda_visible_devices": "5", "allocated_gib": 5.225533962249756, "reserved_gib": 8.041015625, "peak_allocated_gib": 7.100478649139404, "gpu_time_budget": null, "module": "model.layers.9.mlp.down_proj", "step": 6912}
{"stage": "sequential-round-coordinate", "pid": 4116221, "time": 1789708054.727129, "cuda_visible_devices": "5", "allocated_gib": 5.225533962249756, "reserved_gib": 8.041015625, "peak_allocated_gib": 7.100478649139404, "gpu_time_budget": null, "module": "model.layers.9.mlp.down_proj", "step": 7040}
{"stage": "sequential-round-coordinate", "pid": 4116221, "time": 1789708055.5047843, "cuda_visible_devices": "5", "allocated_gib": 5.225533962249756, "reserved_gib": 8.041015625, "peak_allocated_gib": 7.100478649139404, "gpu_time_budget": null, "module": "model.layers.9.mlp.down_proj", "step": 7168}
{"stage": "sequential-round-coordinate", "pid": 4116221, "time": 1789708056.286355, "cuda_visible_devices": "5", "allocated_gib": 5.225533962249756, "reserved_gib": 8.041015625, "peak_allocated_gib": 7.100478649139404, "gpu_time_budget": null, "module": "model.layers.9.mlp.down_proj", "step": 7296}
{"stage": "sequential-round-coordinate", "pid": 4116221, "time": 1789708057.0406895, "cuda_visible_devices": "5", "allocated_gib": 5.225533962249756, "reserved_gib": 8.041015625, "peak_allocated_gib": 7.100478649139404, "gpu_time_budget": null, "module": "model.layers.9.mlp.down_proj", "step": 7424}
{"stage": "sequential-round-coordinate", "pid": 4116221, "time": 1789708057.8177593, "cuda_visible_devices": "5", "allocated_gib": 5.225533962249756, "reserved_gib": 8.041015625, "peak_allocated_gib": 7.100478649139404, "gpu_time_budget": null, "module": "model.layers.9.mlp.down_proj", "step": 7552}
{"stage": "sequential-round-coordinate", "pid": 4116221, "time": 1789708058.5990171, "cuda_visible_devices": "5", "allocated_gib": 5.225533962249756, "reserved_gib": 8.041015625, "peak_allocated_gib": 7.100478649139404, "gpu_time_budget": null, "module": "model.layers.9.mlp.down_proj", "step": 7680}
{"stage": "sequential-round-coordinate", "pid": 4116221, "time": 1789708059.3968773, "cuda_visible_devices": "5", "allocated_gib": 5.225533962249756, "reserved_gib": 8.041015625, "peak_allocated_gib": 7.100478649139404, "gpu_time_budget": null, "module": "model.layers.9.mlp.down_proj", "step": 7808}
{"stage": "sequential-round-coordinate", "pid": 4116221, "time": 1789708060.2167706, "cuda_visible_devices": "5", "allocated_gib": 5.225533962249756, "reserved_gib": 8.041015625, "peak_allocated_gib": 7.100478649139404, "gpu_time_budget": null, "module": "model.layers.9.mlp.down_proj", "step": 7936}
{"stage": "sequential-round-coordinate", "pid": 4116221, "time": 1789708061.0306497, "cuda_visible_devices": "5", "allocated_gib": 5.225533962249756, "reserved_gib": 8.041015625, "peak_allocated_gib": 7.100478649139404, "gpu_time_budget": null, "module": "model.layers.9.mlp.down_proj", "step": 8064}
{"stage": "sequential-round-coordinate", "pid": 4116221, "time": 1789708061.8772879, "cuda_visible_devices": "5", "allocated_gib": 5.225533962249756, "reserved_gib": 8.041015625, "peak_allocated_gib": 7.100478649139404, "gpu_time_budget": null, "module": "model.layers.9.mlp.down_proj", "step": 8192}
{"stage": "sequential-round-train-nll", "pid": 4116221, "time": 1789708061.9241505, "cuda_visible_devices": "5", "allocated_gib": 3.795783519744873, "reserved_gib": 3.80078125, "peak_allocated_gib": 7.100478649139404, "gpu_time_budget": null, "module": "model.layers.9.mlp.down_proj", "step": 512}
Evaluation segment 1/1: start=0, windows=8, seqlen=2048
{"stage": "sequential-round-train-nll", "pid": 4116221, "time": 1789708066.3742208, "cuda_visible_devices": "5", "allocated_gib": 3.795783519744873, "reserved_gib": 5.791015625, "peak_allocated_gib": 7.100478649139404, "gpu_time_budget": null, "module": "model.layers.9.mlp.down_proj", "step": 2048}
Evaluation segment 1/1: start=0, windows=8, seqlen=2048
{"stage": "sequential-round-train-nll", "pid": 4116221, "time": 1789708069.7385302, "cuda_visible_devices": "5", "allocated_gib": 3.795783519744873, "reserved_gib": 5.791015625, "peak_allocated_gib": 7.100478649139404, "gpu_time_budget": null, "module": "model.layers.9.mlp.down_proj", "step": 8192}
Evaluation segment 1/1: start=0, windows=8, seqlen=2048
{"stage": "sequential-module-completed", "pid": 4116221, "time": 1789708074.6079092, "cuda_visible_devices": "5", "allocated_gib": 3.795783519744873, "reserved_gib": 5.791015625, "peak_allocated_gib": 7.100478649139404, "gpu_time_budget": null, "module": "model.layers.9.mlp.down_proj", "completed": 10, "total": 28, "selected_train_nll": 2.9849233922984477, "elapsed_seconds": 702.0342818370555}
{"stage": "sequential-round-fit", "pid": 4116221, "time": 1789708080.9659157, "cuda_visible_devices": "5", "allocated_gib": 3.795783519744873, "reserved_gib": 5.791015625, "peak_allocated_gib": 7.100478649139404, "gpu_time_budget": null, "module": "model.layers.10.mlp.down_proj", "fit_rows": 49152, "heldout_rows": 16384}
{"stage": "sequential-round-coordinate", "pid": 4116221, "time": 1789708082.2567627, "cuda_visible_devices": "5", "allocated_gib": 5.225533962249756, "reserved_gib": 8.041015625, "peak_allocated_gib": 7.100478649139404, "gpu_time_budget": null, "module": "model.layers.10.mlp.down_proj", "step": 128}
{"stage": "sequential-round-coordinate", "pid": 4116221, "time": 1789708083.236954, "cuda_visible_devices": "5", "allocated_gib": 5.225533962249756, "reserved_gib": 8.041015625, "peak_allocated_gib": 7.100478649139404, "gpu_time_budget": null, "module": "model.layers.10.mlp.down_proj", "step": 256}
{"stage": "sequential-round-coordinate", "pid": 4116221, "time": 1789708084.2132938, "cuda_visible_devices": "5", "allocated_gib": 5.225533962249756, "reserved_gib": 8.041015625, "peak_allocated_gib": 7.100478649139404, "gpu_time_budget": null, "module": "model.layers.10.mlp.down_proj", "step": 384}
{"stage": "sequential-round-coordinate", "pid": 4116221, "time": 1789708085.2786381, "cuda_visible_devices": "5", "allocated_gib": 5.225533962249756, "reserved_gib": 8.041015625, "peak_allocated_gib": 7.100478649139404, "gpu_time_budget": null, "module": "model.layers.10.mlp.down_proj", "step": 512}
{"stage": "sequential-round-coordinate", "pid": 4116221, "time": 1789708086.2517414, "cuda_visible_devices": "5", "allocated_gib": 5.225533962249756, "reserved_gib": 8.041015625, "peak_allocated_gib": 7.100478649139404, "gpu_time_budget": null, "module": "model.layers.10.mlp.down_proj", "step": 640}
{"stage": "sequential-round-coordinate", "pid": 4116221, "time": 1789708087.2264965, "cuda_visible_devices": "5", "allocated_gib": 5.225533962249756, "reserved_gib": 8.041015625, "peak_allocated_gib": 7.100478649139404, "gpu_time_budget": null, "module": "model.layers.10.mlp.down_proj", "step": 768}
{"stage": "sequential-round-coordinate", "pid": 4116221, "time": 1789708088.2027416, "cuda_visible_devices": "5", "allocated_gib": 5.225533962249756, "reserved_gib": 8.041015625, "peak_allocated_gib": 7.100478649139404, "gpu_time_budget": null, "module": "model.layers.10.mlp.down_proj", "step": 896}
{"stage": "sequential-round-coordinate", "pid": 4116221, "time": 1789708089.1796818, "cuda_visible_devices": "5", "allocated_gib": 5.225533962249756, "reserved_gib": 8.041015625, "peak_allocated_gib": 7.100478649139404, "gpu_time_budget": null, "module": "model.layers.10.mlp.down_proj", "step": 1024}
{"stage": "sequential-round-coordinate", "pid": 4116221, "time": 1789708090.1541522, "cuda_visible_devices": "5", "allocated_gib": 5.225533962249756, "reserved_gib": 8.041015625, "peak_allocated_gib": 7.100478649139404, "gpu_time_budget": null, "module": "model.layers.10.mlp.down_proj", "step": 1152}
{"stage": "sequential-round-coordinate", "pid": 4116221, "time": 1789708091.1303158, "cuda_visible_devices": "5", "allocated_gib": 5.225533962249756, "reserved_gib": 8.041015625, "peak_allocated_gib": 7.100478649139404, "gpu_time_budget": null, "module": "model.layers.10.mlp.down_proj", "step": 1280}
{"stage": "sequential-round-coordinate", "pid": 4116221, "time": 1789708092.1097775, "cuda_visible_devices": "5", "allocated_gib": 5.225533962249756, "reserved_gib": 8.041015625, "peak_allocated_gib": 7.100478649139404, "gpu_time_budget": null, "module": "model.layers.10.mlp.down_proj", "step": 1408}
{"stage": "sequential-round-coordinate", "pid": 4116221, "time": 1789708093.0863132, "cuda_visible_devices": "5", "allocated_gib": 5.225533962249756, "reserved_gib": 8.041015625, "peak_allocated_gib": 7.100478649139404, "gpu_time_budget": null, "module": "model.layers.10.mlp.down_proj", "step": 1536}
{"stage": "sequential-round-coordinate", "pid": 4116221, "time": 1789708094.0638134, "cuda_visible_devices": "5", "allocated_gib": 5.225533962249756, "reserved_gib": 8.041015625, "peak_allocated_gib": 7.100478649139404, "gpu_time_budget": null, "module": "model.layers.10.mlp.down_proj", "step": 1664}
{"stage": "sequential-round-coordinate", "pid": 4116221, "time": 1789708095.042498, "cuda_visible_devices": "5", "allocated_gib": 5.225533962249756, "reserved_gib": 8.041015625, "peak_allocated_gib": 7.100478649139404, "gpu_time_budget": null, "module": "model.layers.10.mlp.down_proj", "step": 1792}
{"stage": "sequential-round-coordinate", "pid": 4116221, "time": 1789708096.018168, "cuda_visible_devices": "5", "allocated_gib": 5.225533962249756, "reserved_gib": 8.041015625, "peak_allocated_gib": 7.100478649139404, "gpu_time_budget": null, "module": "model.layers.10.mlp.down_proj", "step": 1920}
{"stage": "sequential-round-coordinate", "pid": 4116221, "time": 1789708097.0792537, "cuda_visible_devices": "5", "allocated_gib": 5.225533962249756, "reserved_gib": 8.041015625, "peak_allocated_gib": 7.100478649139404, "gpu_time_budget": null, "module": "model.layers.10.mlp.down_proj", "step": 2048}
{"stage": "sequential-round-coordinate", "pid": 4116221, "time": 1789708098.0570738, "cuda_visible_devices": "5", "allocated_gib": 5.225533962249756, "reserved_gib": 8.041015625, "peak_allocated_gib": 7.100478649139404, "gpu_time_budget": null, "module": "model.layers.10.mlp.down_proj", "step": 2176}
{"stage": "sequential-round-coordinate", "pid": 4116221, "time": 1789708099.0341713, "cuda_visible_devices": "5", "allocated_gib": 5.225533962249756, "reserved_gib": 8.041015625, "peak_allocated_gib": 7.100478649139404, "gpu_time_budget": null, "module": "model.layers.10.mlp.down_proj", "step": 2304}
{"stage": "sequential-round-coordinate", "pid": 4116221, "time": 1789708100.0119298, "cuda_visible_devices": "5", "allocated_gib": 5.225533962249756, "reserved_gib": 8.041015625, "peak_allocated_gib": 7.100478649139404, "gpu_time_budget": null, "module": "model.layers.10.mlp.down_proj", "step": 2432}
{"stage": "sequential-round-coordinate", "pid": 4116221, "time": 1789708100.985637, "cuda_visible_devices": "5", "allocated_gib": 5.225533962249756, "reserved_gib": 8.041015625, "peak_allocated_gib": 7.100478649139404, "gpu_time_budget": null, "module": "model.layers.10.mlp.down_proj", "step": 2560}
{"stage": "sequential-round-coordinate", "pid": 4116221, "time": 1789708101.9609458, "cuda_visible_devices": "5", "allocated_gib": 5.225533962249756, "reserved_gib": 8.041015625, "peak_allocated_gib": 7.100478649139404, "gpu_time_budget": null, "module": "model.layers.10.mlp.down_proj", "step": 2688}
{"stage": "sequential-round-coordinate", "pid": 4116221, "time": 1789708102.9316373, "cuda_visible_devices": "5", "allocated_gib": 5.225533962249756, "reserved_gib": 8.041015625, "peak_allocated_gib": 7.100478649139404, "gpu_time_budget": null, "module": "model.layers.10.mlp.down_proj", "step": 2816}
{"stage": "sequential-round-coordinate", "pid": 4116221, "time": 1789708103.9078891, "cuda_visible_devices": "5", "allocated_gib": 5.225533962249756, "reserved_gib": 8.041015625, "peak_allocated_gib": 7.100478649139404, "gpu_time_budget": null, "module": "model.layers.10.mlp.down_proj", "step": 2944}
{"stage": "sequential-round-coordinate", "pid": 4116221, "time": 1789708104.8847086, "cuda_visible_devices": "5", "allocated_gib": 5.225533962249756, "reserved_gib": 8.041015625, "peak_allocated_gib": 7.100478649139404, "gpu_time_budget": null, "module": "model.layers.10.mlp.down_proj", "step": 3072}
{"stage": "sequential-round-coordinate", "pid": 4116221, "time": 1789708105.8618855, "cuda_visible_devices": "5", "allocated_gib": 5.225533962249756, "reserved_gib": 8.041015625, "peak_allocated_gib": 7.100478649139404, "gpu_time_budget": null, "module": "model.layers.10.mlp.down_proj", "step": 3200}
{"stage": "sequential-round-coordinate", "pid": 4116221, "time": 1789708106.8369877, "cuda_visible_devices": "5", "allocated_gib": 5.225533962249756, "reserved_gib": 8.041015625, "peak_allocated_gib": 7.100478649139404, "gpu_time_budget": null, "module": "model.layers.10.mlp.down_proj", "step": 3328}
{"stage": "sequential-round-coordinate", "pid": 4116221, "time": 1789708107.8132281, "cuda_visible_devices": "5", "allocated_gib": 5.225533962249756, "reserved_gib": 8.041015625, "peak_allocated_gib": 7.100478649139404, "gpu_time_budget": null, "module": "model.layers.10.mlp.down_proj", "step": 3456}
{"stage": "sequential-round-coordinate", "pid": 4116221, "time": 1789708108.7861128, "cuda_visible_devices": "5", "allocated_gib": 5.225533962249756, "reserved_gib": 8.041015625, "peak_allocated_gib": 7.100478649139404, "gpu_time_budget": null, "module": "model.layers.10.mlp.down_proj", "step": 3584}
{"stage": "sequential-round-coordinate", "pid": 4116221, "time": 1789708109.7676566, "cuda_visible_devices": "5", "allocated_gib": 5.225533962249756, "reserved_gib": 8.041015625, "peak_allocated_gib": 7.100478649139404, "gpu_time_budget": null, "module": "model.layers.10.mlp.down_proj", "step": 3712}
{"stage": "sequential-round-coordinate", "pid": 4116221, "time": 1789708110.7389486, "cuda_visible_devices": "5", "allocated_gib": 5.225533962249756, "reserved_gib": 8.041015625, "peak_allocated_gib": 7.100478649139404, "gpu_time_budget": null, "module": "model.layers.10.mlp.down_proj", "step": 3840}
{"stage": "sequential-round-coordinate", "pid": 4116221, "time": 1789708111.710396, "cuda_visible_devices": "5", "allocated_gib": 5.225533962249756, "reserved_gib": 8.041015625, "peak_allocated_gib": 7.100478649139404, "gpu_time_budget": null, "module": "model.layers.10.mlp.down_proj", "step": 3968}
{"stage": "sequential-round-coordinate", "pid": 4116221, "time": 1789708112.6819458, "cuda_visible_devices": "5", "allocated_gib": 5.225533962249756, "reserved_gib": 8.041015625, "peak_allocated_gib": 7.100478649139404, "gpu_time_budget": null, "module": "model.layers.10.mlp.down_proj", "step": 4096}
{"stage": "sequential-round-coordinate", "pid": 4116221, "time": 1789708113.649912, "cuda_visible_devices": "5", "allocated_gib": 5.225533962249756, "reserved_gib": 8.041015625, "peak_allocated_gib": 7.100478649139404, "gpu_time_budget": null, "module": "model.layers.10.mlp.down_proj", "step": 4224}
{"stage": "sequential-round-coordinate", "pid": 4116221, "time": 1789708114.6177006, "cuda_visible_devices": "5", "allocated_gib": 5.225533962249756, "reserved_gib": 8.041015625, "peak_allocated_gib": 7.100478649139404, "gpu_time_budget": null, "module": "model.layers.10.mlp.down_proj", "step": 4352}
{"stage": "sequential-round-coordinate", "pid": 4116221, "time": 1789708115.588987, "cuda_visible_devices": "5", "allocated_gib": 5.225533962249756, "reserved_gib": 8.041015625, "peak_allocated_gib": 7.100478649139404, "gpu_time_budget": null, "module": "model.layers.10.mlp.down_proj", "step": 4480}
{"stage": "sequential-round-coordinate", "pid": 4116221, "time": 1789708116.562666, "cuda_visible_devices": "5", "allocated_gib": 5.225533962249756, "reserved_gib": 8.041015625, "peak_allocated_gib": 7.100478649139404, "gpu_time_budget": null, "module": "model.layers.10.mlp.down_proj", "step": 4608}
{"stage": "sequential-round-coordinate", "pid": 4116221, "time": 1789708117.53323, "cuda_visible_devices": "5", "allocated_gib": 5.225533962249756, "reserved_gib": 8.041015625, "peak_allocated_gib": 7.100478649139404, "gpu_time_budget": null, "module": "model.layers.10.mlp.down_proj", "step": 4736}
{"stage": "sequential-round-coordinate", "pid": 4116221, "time": 1789708118.5064309, "cuda_visible_devices": "5", "allocated_gib": 5.225533962249756, "reserved_gib": 8.041015625, "peak_allocated_gib": 7.100478649139404, "gpu_time_budget": null, "module": "model.layers.10.mlp.down_proj", "step": 4864}
{"stage": "sequential-round-coordinate", "pid": 4116221, "time": 1789708119.4792502, "cuda_visible_devices": "5", "allocated_gib": 5.225533962249756, "reserved_gib": 8.041015625, "peak_allocated_gib": 7.100478649139404, "gpu_time_budget": null, "module": "model.layers.10.mlp.down_proj", "step": 4992}
{"stage": "sequential-round-coordinate", "pid": 4116221, "time": 1789708120.4502568, "cuda_visible_devices": "5", "allocated_gib": 5.225533962249756, "reserved_gib": 8.041015625, "peak_allocated_gib": 7.100478649139404, "gpu_time_budget": null, "module": "model.layers.10.mlp.down_proj", "step": 5120}
{"stage": "sequential-round-coordinate", "pid": 4116221, "time": 1789708121.420236, "cuda_visible_devices": "5", "allocated_gib": 5.225533962249756, "reserved_gib": 8.041015625, "peak_allocated_gib": 7.100478649139404, "gpu_time_budget": null, "module": "model.layers.10.mlp.down_proj", "step": 5248}
{"stage": "sequential-round-coordinate", "pid": 4116221, "time": 1789708122.3904552, "cuda_visible_devices": "5", "allocated_gib": 5.225533962249756, "reserved_gib": 8.041015625, "peak_allocated_gib": 7.100478649139404, "gpu_time_budget": null, "module": "model.layers.10.mlp.down_proj", "step": 5376}
{"stage": "sequential-round-coordinate", "pid": 4116221, "time": 1789708123.3590186, "cuda_visible_devices": "5", "allocated_gib": 5.225533962249756, "reserved_gib": 8.041015625, "peak_allocated_gib": 7.100478649139404, "gpu_time_budget": null, "module": "model.layers.10.mlp.down_proj", "step": 5504}
{"stage": "sequential-round-coordinate", "pid": 4116221, "time": 1789708124.328408, "cuda_visible_devices": "5", "allocated_gib": 5.225533962249756, "reserved_gib": 8.041015625, "peak_allocated_gib": 7.100478649139404, "gpu_time_budget": null, "module": "model.layers.10.mlp.down_proj", "step": 5632}
{"stage": "sequential-round-coordinate", "pid": 4116221, "time": 1789708125.2981656, "cuda_visible_devices": "5", "allocated_gib": 5.225533962249756, "reserved_gib": 8.041015625, "peak_allocated_gib": 7.100478649139404, "gpu_time_budget": null, "module": "model.layers.10.mlp.down_proj", "step": 5760}
{"stage": "sequential-round-coordinate", "pid": 4116221, "time": 1789708126.2665138, "cuda_visible_devices": "5", "allocated_gib": 5.225533962249756, "reserved_gib": 8.041015625, "peak_allocated_gib": 7.100478649139404, "gpu_time_budget": null, "module": "model.layers.10.mlp.down_proj", "step": 5888}
{"stage": "sequential-round-coordinate", "pid": 4116221, "time": 1789708127.243619, "cuda_visible_devices": "5", "allocated_gib": 5.225533962249756, "reserved_gib": 8.041015625, "peak_allocated_gib": 7.100478649139404, "gpu_time_budget": null, "module": "model.layers.10.mlp.down_proj", "step": 6016}
{"stage": "sequential-round-coordinate", "pid": 4116221, "time": 1789708128.2205336, "cuda_visible_devices": "5", "allocated_gib": 5.225533962249756, "reserved_gib": 8.041015625, "peak_allocated_gib": 7.100478649139404, "gpu_time_budget": null, "module": "model.layers.10.mlp.down_proj", "step": 6144}
{"stage": "sequential-round-coordinate", "pid": 4116221, "time": 1789708129.194569, "cuda_visible_devices": "5", "allocated_gib": 5.225533962249756, "reserved_gib": 8.041015625, "peak_allocated_gib": 7.100478649139404, "gpu_time_budget": null, "module": "model.layers.10.mlp.down_proj", "step": 6272}
{"stage": "sequential-round-coordinate", "pid": 4116221, "time": 1789708129.9637578, "cuda_visible_devices": "5", "allocated_gib": 5.225533962249756, "reserved_gib": 8.041015625, "peak_allocated_gib": 7.100478649139404, "gpu_time_budget": null, "module": "model.layers.10.mlp.down_proj", "step": 6400}
{"stage": "sequential-round-coordinate", "pid": 4116221, "time": 1789708130.7389557, "cuda_visible_devices": "5", "allocated_gib": 5.225533962249756, "reserved_gib": 8.041015625, "peak_allocated_gib": 7.100478649139404, "gpu_time_budget": null, "module": "model.layers.10.mlp.down_proj", "step": 6528}
{"stage": "sequential-round-coordinate", "pid": 4116221, "time": 1789708131.519011, "cuda_visible_devices": "5", "allocated_gib": 5.225533962249756, "reserved_gib": 8.041015625, "peak_allocated_gib": 7.100478649139404, "gpu_time_budget": null, "module": "model.layers.10.mlp.down_proj", "step": 6656}
{"stage": "sequential-round-coordinate", "pid": 4116221, "time": 1789708132.3240414, "cuda_visible_devices": "5", "allocated_gib": 5.225533962249756, "reserved_gib": 8.041015625, "peak_allocated_gib": 7.100478649139404, "gpu_time_budget": null, "module": "model.layers.10.mlp.down_proj", "step": 6784}
{"stage": "sequential-round-coordinate", "pid": 4116221, "time": 1789708133.146601, "cuda_visible_devices": "5", "allocated_gib": 5.225533962249756, "reserved_gib": 8.041015625, "peak_allocated_gib": 7.100478649139404, "gpu_time_budget": null, "module": "model.layers.10.mlp.down_proj", "step": 6912}
{"stage": "sequential-round-coordinate", "pid": 4116221, "time": 1789708133.9425883, "cuda_visible_devices": "5", "allocated_gib": 5.225533962249756, "reserved_gib": 8.041015625, "peak_allocated_gib": 7.100478649139404, "gpu_time_budget": null, "module": "model.layers.10.mlp.down_proj", "step": 7040}
{"stage": "sequential-round-coordinate", "pid": 4116221, "time": 1789708134.7242982, "cuda_visible_devices": "5", "allocated_gib": 5.225533962249756, "reserved_gib": 8.041015625, "peak_allocated_gib": 7.100478649139404, "gpu_time_budget": null, "module": "model.layers.10.mlp.down_proj", "step": 7168}
{"stage": "sequential-round-coordinate", "pid": 4116221, "time": 1789708135.4775147, "cuda_visible_devices": "5", "allocated_gib": 5.225533962249756, "reserved_gib": 8.041015625, "peak_allocated_gib": 7.100478649139404, "gpu_time_budget": null, "module": "model.layers.10.mlp.down_proj", "step": 7296}
{"stage": "sequential-round-coordinate", "pid": 4116221, "time": 1789708136.259739, "cuda_visible_devices": "5", "allocated_gib": 5.225533962249756, "reserved_gib": 8.041015625, "peak_allocated_gib": 7.100478649139404, "gpu_time_budget": null, "module": "model.layers.10.mlp.down_proj", "step": 7424}
{"stage": "sequential-round-coordinate", "pid": 4116221, "time": 1789708137.035442, "cuda_visible_devices": "5", "allocated_gib": 5.225533962249756, "reserved_gib": 8.041015625, "peak_allocated_gib": 7.100478649139404, "gpu_time_budget": null, "module": "model.layers.10.mlp.down_proj", "step": 7552}
{"stage": "sequential-round-coordinate", "pid": 4116221, "time": 1789708137.811797, "cuda_visible_devices": "5", "allocated_gib": 5.225533962249756, "reserved_gib": 8.041015625, "peak_allocated_gib": 7.100478649139404, "gpu_time_budget": null, "module": "model.layers.10.mlp.down_proj", "step": 7680}
{"stage": "sequential-round-coordinate", "pid": 4116221, "time": 1789708138.5920446, "cuda_visible_devices": "5", "allocated_gib": 5.225533962249756, "reserved_gib": 8.041015625, "peak_allocated_gib": 7.100478649139404, "gpu_time_budget": null, "module": "model.layers.10.mlp.down_proj", "step": 7808}
{"stage": "sequential-round-coordinate", "pid": 4116221, "time": 1789708139.3914142, "cuda_visible_devices": "5", "allocated_gib": 5.225533962249756, "reserved_gib": 8.041015625, "peak_allocated_gib": 7.100478649139404, "gpu_time_budget": null, "module": "model.layers.10.mlp.down_proj", "step": 7936}
{"stage": "sequential-round-coordinate", "pid": 4116221, "time": 1789708140.2159235, "cuda_visible_devices": "5", "allocated_gib": 5.225533962249756, "reserved_gib": 8.041015625, "peak_allocated_gib": 7.100478649139404, "gpu_time_budget": null, "module": "model.layers.10.mlp.down_proj", "step": 8064}
{"stage": "sequential-round-coordinate", "pid": 4116221, "time": 1789708141.0859115, "cuda_visible_devices": "5", "allocated_gib": 5.225533962249756, "reserved_gib": 8.041015625, "peak_allocated_gib": 7.100478649139404, "gpu_time_budget": null, "module": "model.layers.10.mlp.down_proj", "step": 8192}
{"stage": "sequential-round-train-nll", "pid": 4116221, "time": 1789708141.123905, "cuda_visible_devices": "5", "allocated_gib": 3.795783519744873, "reserved_gib": 3.80078125, "peak_allocated_gib": 7.100478649139404, "gpu_time_budget": null, "module": "model.layers.10.mlp.down_proj", "step": 512}
Evaluation segment 1/1: start=0, windows=8, seqlen=2048
{"stage": "sequential-round-train-nll", "pid": 4116221, "time": 1789708145.4923675, "cuda_visible_devices": "5", "allocated_gib": 3.795783519744873, "reserved_gib": 5.791015625, "peak_allocated_gib": 7.100478649139404, "gpu_time_budget": null, "module": "model.layers.10.mlp.down_proj", "step": 2048}
Evaluation segment 1/1: start=0, windows=8, seqlen=2048
{"stage": "sequential-round-train-nll", "pid": 4116221, "time": 1789708148.9865308, "cuda_visible_devices": "5", "allocated_gib": 3.795783519744873, "reserved_gib": 5.791015625, "peak_allocated_gib": 7.100478649139404, "gpu_time_budget": null, "module": "model.layers.10.mlp.down_proj", "step": 8192}
Evaluation segment 1/1: start=0, windows=8, seqlen=2048
{"stage": "sequential-module-completed", "pid": 4116221, "time": 1789708154.0407498, "cuda_visible_devices": "5", "allocated_gib": 3.795783519744873, "reserved_gib": 5.791015625, "peak_allocated_gib": 7.100478649139404, "gpu_time_budget": null, "module": "model.layers.10.mlp.down_proj", "completed": 11, "total": 28, "selected_train_nll": 2.983175027254225, "elapsed_seconds": 781.4671276850859}
{"stage": "sequential-round-fit", "pid": 4116221, "time": 1789708160.8920555, "cuda_visible_devices": "5", "allocated_gib": 3.795783519744873, "reserved_gib": 5.791015625, "peak_allocated_gib": 7.100478649139404, "gpu_time_budget": null, "module": "model.layers.11.mlp.down_proj", "fit_rows": 49152, "heldout_rows": 16384}
{"stage": "sequential-round-coordinate", "pid": 4116221, "time": 1789708162.1946356, "cuda_visible_devices": "5", "allocated_gib": 5.225533962249756, "reserved_gib": 8.041015625, "peak_allocated_gib": 7.100478649139404, "gpu_time_budget": null, "module": "model.layers.11.mlp.down_proj", "step": 128}
{"stage": "sequential-round-coordinate", "pid": 4116221, "time": 1789708163.1717906, "cuda_visible_devices": "5", "allocated_gib": 5.225533962249756, "reserved_gib": 8.041015625, "peak_allocated_gib": 7.100478649139404, "gpu_time_budget": null, "module": "model.layers.11.mlp.down_proj", "step": 256}
{"stage": "sequential-round-coordinate", "pid": 4116221, "time": 1789708164.148285, "cuda_visible_devices": "5", "allocated_gib": 5.225533962249756, "reserved_gib": 8.041015625, "peak_allocated_gib": 7.100478649139404, "gpu_time_budget": null, "module": "model.layers.11.mlp.down_proj", "step": 384}
{"stage": "sequential-round-coordinate", "pid": 4116221, "time": 1789708165.2070796, "cuda_visible_devices": "5", "allocated_gib": 5.225533962249756, "reserved_gib": 8.041015625, "peak_allocated_gib": 7.100478649139404, "gpu_time_budget": null, "module": "model.layers.11.mlp.down_proj", "step": 512}
{"stage": "sequential-round-coordinate", "pid": 4116221, "time": 1789708166.1832316, "cuda_visible_devices": "5", "allocated_gib": 5.225533962249756, "reserved_gib": 8.041015625, "peak_allocated_gib": 7.100478649139404, "gpu_time_budget": null, "module": "model.layers.11.mlp.down_proj", "step": 640}
{"stage": "sequential-round-coordinate", "pid": 4116221, "time": 1789708167.157107, "cuda_visible_devices": "5", "allocated_gib": 5.225533962249756, "reserved_gib": 8.041015625, "peak_allocated_gib": 7.100478649139404, "gpu_time_budget": null, "module": "model.layers.11.mlp.down_proj", "step": 768}
{"stage": "sequential-round-coordinate", "pid": 4116221, "time": 1789708168.1302745, "cuda_visible_devices": "5", "allocated_gib": 5.225533962249756, "reserved_gib": 8.041015625, "peak_allocated_gib": 7.100478649139404, "gpu_time_budget": null, "module": "model.layers.11.mlp.down_proj", "step": 896}
{"stage": "sequential-round-coordinate", "pid": 4116221, "time": 1789708169.104818, "cuda_visible_devices": "5", "allocated_gib": 5.225533962249756, "reserved_gib": 8.041015625, "peak_allocated_gib": 7.100478649139404, "gpu_time_budget": null, "module": "model.layers.11.mlp.down_proj", "step": 1024}
{"stage": "sequential-round-coordinate", "pid": 4116221, "time": 1789708170.0764313, "cuda_visible_devices": "5", "allocated_gib": 5.225533962249756, "reserved_gib": 8.041015625, "peak_allocated_gib": 7.100478649139404, "gpu_time_budget": null, "module": "model.layers.11.mlp.down_proj", "step": 1152}
{"stage": "sequential-round-coordinate", "pid": 4116221, "time": 1789708171.0567708, "cuda_visible_devices": "5", "allocated_gib": 5.225533962249756, "reserved_gib": 8.041015625, "peak_allocated_gib": 7.100478649139404, "gpu_time_budget": null, "module": "model.layers.11.mlp.down_proj", "step": 1280}
{"stage": "sequential-round-coordinate", "pid": 4116221, "time": 1789708172.0342274, "cuda_visible_devices": "5", "allocated_gib": 5.225533962249756, "reserved_gib": 8.041015625, "peak_allocated_gib": 7.100478649139404, "gpu_time_budget": null, "module": "model.layers.11.mlp.down_proj", "step": 1408}
{"stage": "sequential-round-coordinate", "pid": 4116221, "time": 1789708173.0111506, "cuda_visible_devices": "5", "allocated_gib": 5.225533962249756, "reserved_gib": 8.041015625, "peak_allocated_gib": 7.100478649139404, "gpu_time_budget": null, "module": "model.layers.11.mlp.down_proj", "step": 1536}
{"stage": "sequential-round-coordinate", "pid": 4116221, "time": 1789708173.9862947, "cuda_visible_devices": "5", "allocated_gib": 5.225533962249756, "reserved_gib": 8.041015625, "peak_allocated_gib": 7.100478649139404, "gpu_time_budget": null, "module": "model.layers.11.mlp.down_proj", "step": 1664}
{"stage": "sequential-round-coordinate", "pid": 4116221, "time": 1789708174.9638722, "cuda_visible_devices": "5", "allocated_gib": 5.225533962249756, "reserved_gib": 8.041015625, "peak_allocated_gib": 7.100478649139404, "gpu_time_budget": null, "module": "model.layers.11.mlp.down_proj", "step": 1792}
{"stage": "sequential-round-coordinate", "pid": 4116221, "time": 1789708175.941472, "cuda_visible_devices": "5", "allocated_gib": 5.225533962249756, "reserved_gib": 8.041015625, "peak_allocated_gib": 7.100478649139404, "gpu_time_budget": null, "module": "model.layers.11.mlp.down_proj", "step": 1920}
{"stage": "sequential-round-coordinate", "pid": 4116221, "time": 1789708177.002223, "cuda_visible_devices": "5", "allocated_gib": 5.225533962249756, "reserved_gib": 8.041015625, "peak_allocated_gib": 7.100478649139404, "gpu_time_budget": null, "module": "model.layers.11.mlp.down_proj", "step": 2048}
{"stage": "sequential-round-coordinate", "pid": 4116221, "time": 1789708177.9733174, "cuda_visible_devices": "5", "allocated_gib": 5.225533962249756, "reserved_gib": 8.041015625, "peak_allocated_gib": 7.100478649139404, "gpu_time_budget": null, "module": "model.layers.11.mlp.down_proj", "step": 2176}
{"stage": "sequential-round-coordinate", "pid": 4116221, "time": 1789708178.9472659, "cuda_visible_devices": "5", "allocated_gib": 5.225533962249756, "reserved_gib": 8.041015625, "peak_allocated_gib": 7.100478649139404, "gpu_time_budget": null, "module": "model.layers.11.mlp.down_proj", "step": 2304}
{"stage": "sequential-round-coordinate", "pid": 4116221, "time": 1789708179.9315941, "cuda_visible_devices": "5", "allocated_gib": 5.225533962249756, "reserved_gib": 8.041015625, "peak_allocated_gib": 7.100478649139404, "gpu_time_budget": null, "module": "model.layers.11.mlp.down_proj", "step": 2432}
{"stage": "sequential-round-coordinate", "pid": 4116221, "time": 1789708180.900232, "cuda_visible_devices": "5", "allocated_gib": 5.225533962249756, "reserved_gib": 8.041015625, "peak_allocated_gib": 7.100478649139404, "gpu_time_budget": null, "module": "model.layers.11.mlp.down_proj", "step": 2560}
{"stage": "sequential-round-coordinate", "pid": 4116221, "time": 1789708181.876218, "cuda_visible_devices": "5", "allocated_gib": 5.225533962249756, "reserved_gib": 8.041015625, "peak_allocated_gib": 7.100478649139404, "gpu_time_budget": null, "module": "model.layers.11.mlp.down_proj", "step": 2688}
{"stage": "sequential-round-coordinate", "pid": 4116221, "time": 1789708182.855673, "cuda_visible_devices": "5", "allocated_gib": 5.225533962249756, "reserved_gib": 8.041015625, "peak_allocated_gib": 7.100478649139404, "gpu_time_budget": null, "module": "model.layers.11.mlp.down_proj", "step": 2816}
{"stage": "sequential-round-coordinate", "pid": 4116221, "time": 1789708183.8347435, "cuda_visible_devices": "5", "allocated_gib": 5.225533962249756, "reserved_gib": 8.041015625, "peak_allocated_gib": 7.100478649139404, "gpu_time_budget": null, "module": "model.layers.11.mlp.down_proj", "step": 2944}
{"stage": "sequential-round-coordinate", "pid": 4116221, "time": 1789708184.8168821, "cuda_visible_devices": "5", "allocated_gib": 5.225533962249756, "reserved_gib": 8.041015625, "peak_allocated_gib": 7.100478649139404, "gpu_time_budget": null, "module": "model.layers.11.mlp.down_proj", "step": 3072}
{"stage": "sequential-round-coordinate", "pid": 4116221, "time": 1789708185.7886782, "cuda_visible_devices": "5", "allocated_gib": 5.225533962249756, "reserved_gib": 8.041015625, "peak_allocated_gib": 7.100478649139404, "gpu_time_budget": null, "module": "model.layers.11.mlp.down_proj", "step": 3200}
{"stage": "sequential-round-coordinate", "pid": 4116221, "time": 1789708186.7621934, "cuda_visible_devices": "5", "allocated_gib": 5.225533962249756, "reserved_gib": 8.041015625, "peak_allocated_gib": 7.100478649139404, "gpu_time_budget": null, "module": "model.layers.11.mlp.down_proj", "step": 3328}
{"stage": "sequential-round-coordinate", "pid": 4116221, "time": 1789708187.7359862, "cuda_visible_devices": "5", "allocated_gib": 5.225533962249756, "reserved_gib": 8.041015625, "peak_allocated_gib": 7.100478649139404, "gpu_time_budget": null, "module": "model.layers.11.mlp.down_proj", "step": 3456}
{"stage": "sequential-round-coordinate", "pid": 4116221, "time": 1789708188.706341, "cuda_visible_devices": "5", "allocated_gib": 5.225533962249756, "reserved_gib": 8.041015625, "peak_allocated_gib": 7.100478649139404, "gpu_time_budget": null, "module": "model.layers.11.mlp.down_proj", "step": 3584}
{"stage": "sequential-round-coordinate", "pid": 4116221, "time": 1789708189.6721878, "cuda_visible_devices": "5", "allocated_gib": 5.225533962249756, "reserved_gib": 8.041015625, "peak_allocated_gib": 7.100478649139404, "gpu_time_budget": null, "module": "model.layers.11.mlp.down_proj", "step": 3712}
{"stage": "sequential-round-coordinate", "pid": 4116221, "time": 1789708190.6468096, "cuda_visible_devices": "5", "allocated_gib": 5.225533962249756, "reserved_gib": 8.041015625, "peak_allocated_gib": 7.100478649139404, "gpu_time_budget": null, "module": "model.layers.11.mlp.down_proj", "step": 3840}
{"stage": "sequential-round-coordinate", "pid": 4116221, "time": 1789708191.616274, "cuda_visible_devices": "5", "allocated_gib": 5.225533962249756, "reserved_gib": 8.041015625, "peak_allocated_gib": 7.100478649139404, "gpu_time_budget": null, "module": "model.layers.11.mlp.down_proj", "step": 3968}
{"stage": "sequential-round-coordinate", "pid": 4116221, "time": 1789708192.589231, "cuda_visible_devices": "5", "allocated_gib": 5.225533962249756, "reserved_gib": 8.041015625, "peak_allocated_gib": 7.100478649139404, "gpu_time_budget": null, "module": "model.layers.11.mlp.down_proj", "step": 4096}
{"stage": "sequential-round-coordinate", "pid": 4116221, "time": 1789708193.561013, "cuda_visible_devices": "5", "allocated_gib": 5.225533962249756, "reserved_gib": 8.041015625, "peak_allocated_gib": 7.100478649139404, "gpu_time_budget": null, "module": "model.layers.11.mlp.down_proj", "step": 4224}
{"stage": "sequential-round-coordinate", "pid": 4116221, "time": 1789708194.5315268, "cuda_visible_devices": "5", "allocated_gib": 5.225533962249756, "reserved_gib": 8.041015625, "peak_allocated_gib": 7.100478649139404, "gpu_time_budget": null, "module": "model.layers.11.mlp.down_proj", "step": 4352}
{"stage": "sequential-round-coordinate", "pid": 4116221, "time": 1789708195.5027587, "cuda_visible_devices": "5", "allocated_gib": 5.225533962249756, "reserved_gib": 8.041015625, "peak_allocated_gib": 7.100478649139404, "gpu_time_budget": null, "module": "model.layers.11.mlp.down_proj", "step": 4480}
{"stage": "sequential-round-coordinate", "pid": 4116221, "time": 1789708196.4740708, "cuda_visible_devices": "5", "allocated_gib": 5.225533962249756, "reserved_gib": 8.041015625, "peak_allocated_gib": 7.100478649139404, "gpu_time_budget": null, "module": "model.layers.11.mlp.down_proj", "step": 4608}
{"stage": "sequential-round-coordinate", "pid": 4116221, "time": 1789708197.4454927, "cuda_visible_devices": "5", "allocated_gib": 5.225533962249756, "reserved_gib": 8.041015625, "peak_allocated_gib": 7.100478649139404, "gpu_time_budget": null, "module": "model.layers.11.mlp.down_proj", "step": 4736}
{"stage": "sequential-round-coordinate", "pid": 4116221, "time": 1789708198.4185069, "cuda_visible_devices": "5", "allocated_gib": 5.225533962249756, "reserved_gib": 8.041015625, "peak_allocated_gib": 7.100478649139404, "gpu_time_budget": null, "module": "model.layers.11.mlp.down_proj", "step": 4864}
{"stage": "sequential-round-coordinate", "pid": 4116221, "time": 1789708199.3905976, "cuda_visible_devices": "5", "allocated_gib": 5.225533962249756, "reserved_gib": 8.041015625, "peak_allocated_gib": 7.100478649139404, "gpu_time_budget": null, "module": "model.layers.11.mlp.down_proj", "step": 4992}
{"stage": "sequential-round-coordinate", "pid": 4116221, "time": 1789708200.3665605, "cuda_visible_devices": "5", "allocated_gib": 5.225533962249756, "reserved_gib": 8.041015625, "peak_allocated_gib": 7.100478649139404, "gpu_time_budget": null, "module": "model.layers.11.mlp.down_proj", "step": 5120}
{"stage": "sequential-round-coordinate", "pid": 4116221, "time": 1789708201.3332226, "cuda_visible_devices": "5", "allocated_gib": 5.225533962249756, "reserved_gib": 8.041015625, "peak_allocated_gib": 7.100478649139404, "gpu_time_budget": null, "module": "model.layers.11.mlp.down_proj", "step": 5248}
{"stage": "sequential-round-coordinate", "pid": 4116221, "time": 1789708202.3034732, "cuda_visible_devices": "5", "allocated_gib": 5.225533962249756, "reserved_gib": 8.041015625, "peak_allocated_gib": 7.100478649139404, "gpu_time_budget": null, "module": "model.layers.11.mlp.down_proj", "step": 5376}
{"stage": "sequential-round-coordinate", "pid": 4116221, "time": 1789708203.274314, "cuda_visible_devices": "5", "allocated_gib": 5.225533962249756, "reserved_gib": 8.041015625, "peak_allocated_gib": 7.100478649139404, "gpu_time_budget": null, "module": "model.layers.11.mlp.down_proj", "step": 5504}
{"stage": "sequential-round-coordinate", "pid": 4116221, "time": 1789708204.2451365, "cuda_visible_devices": "5", "allocated_gib": 5.225533962249756, "reserved_gib": 8.041015625, "peak_allocated_gib": 7.100478649139404, "gpu_time_budget": null, "module": "model.layers.11.mlp.down_proj", "step": 5632}
{"stage": "sequential-round-coordinate", "pid": 4116221, "time": 1789708205.2173781, "cuda_visible_devices": "5", "allocated_gib": 5.225533962249756, "reserved_gib": 8.041015625, "peak_allocated_gib": 7.100478649139404, "gpu_time_budget": null, "module": "model.layers.11.mlp.down_proj", "step": 5760}
{"stage": "sequential-round-coordinate", "pid": 4116221, "time": 1789708206.190507, "cuda_visible_devices": "5", "allocated_gib": 5.225533962249756, "reserved_gib": 8.041015625, "peak_allocated_gib": 7.100478649139404, "gpu_time_budget": null, "module": "model.layers.11.mlp.down_proj", "step": 5888}
{"stage": "sequential-round-coordinate", "pid": 4116221, "time": 1789708207.1664367, "cuda_visible_devices": "5", "allocated_gib": 5.225533962249756, "reserved_gib": 8.041015625, "peak_allocated_gib": 7.100478649139404, "gpu_time_budget": null, "module": "model.layers.11.mlp.down_proj", "step": 6016}
{"stage": "sequential-round-coordinate", "pid": 4116221, "time": 1789708208.0562062, "cuda_visible_devices": "5", "allocated_gib": 5.225533962249756, "reserved_gib": 8.041015625, "peak_allocated_gib": 7.100478649139404, "gpu_time_budget": null, "module": "model.layers.11.mlp.down_proj", "step": 6144}
{"stage": "sequential-round-coordinate", "pid": 4116221, "time": 1789708208.844568, "cuda_visible_devices": "5", "allocated_gib": 5.225533962249756, "reserved_gib": 8.041015625, "peak_allocated_gib": 7.100478649139404, "gpu_time_budget": null, "module": "model.layers.11.mlp.down_proj", "step": 6272}
{"stage": "sequential-round-coordinate", "pid": 4116221, "time": 1789708209.6339679, "cuda_visible_devices": "5", "allocated_gib": 5.225533962249756, "reserved_gib": 8.041015625, "peak_allocated_gib": 7.100478649139404, "gpu_time_budget": null, "module": "model.layers.11.mlp.down_proj", "step": 6400}
{"stage": "sequential-round-coordinate", "pid": 4116221, "time": 1789708210.4219902, "cuda_visible_devices": "5", "allocated_gib": 5.225533962249756, "reserved_gib": 8.041015625, "peak_allocated_gib": 7.100478649139404, "gpu_time_budget": null, "module": "model.layers.11.mlp.down_proj", "step": 6528}
{"stage": "sequential-round-coordinate", "pid": 4116221, "time": 1789708211.203168, "cuda_visible_devices": "5", "allocated_gib": 5.225533962249756, "reserved_gib": 8.041015625, "peak_allocated_gib": 7.100478649139404, "gpu_time_budget": null, "module": "model.layers.11.mlp.down_proj", "step": 6656}
{"stage": "sequential-round-coordinate", "pid": 4116221, "time": 1789708211.9834135, "cuda_visible_devices": "5", "allocated_gib": 5.225533962249756, "reserved_gib": 8.041015625, "peak_allocated_gib": 7.100478649139404, "gpu_time_budget": null, "module": "model.layers.11.mlp.down_proj", "step": 6784}
{"stage": "sequential-round-coordinate", "pid": 4116221, "time": 1789708212.8009424, "cuda_visible_devices": "5", "allocated_gib": 5.225533962249756, "reserved_gib": 8.041015625, "peak_allocated_gib": 7.100478649139404, "gpu_time_budget": null, "module": "model.layers.11.mlp.down_proj", "step": 6912}
{"stage": "sequential-round-coordinate", "pid": 4116221, "time": 1789708213.621933, "cuda_visible_devices": "5", "allocated_gib": 5.225533962249756, "reserved_gib": 8.041015625, "peak_allocated_gib": 7.100478649139404, "gpu_time_budget": null, "module": "model.layers.11.mlp.down_proj", "step": 7040}
{"stage": "sequential-round-coordinate", "pid": 4116221, "time": 1789708214.3754127, "cuda_visible_devices": "5", "allocated_gib": 5.225533962249756, "reserved_gib": 8.041015625, "peak_allocated_gib": 7.100478649139404, "gpu_time_budget": null, "module": "model.layers.11.mlp.down_proj", "step": 7168}
{"stage": "sequential-round-coordinate", "pid": 4116221, "time": 1789708215.1739159, "cuda_visible_devices": "5", "allocated_gib": 5.225533962249756, "reserved_gib": 8.041015625, "peak_allocated_gib": 7.100478649139404, "gpu_time_budget": null, "module": "model.layers.11.mlp.down_proj", "step": 7296}
{"stage": "sequential-round-coordinate", "pid": 4116221, "time": 1789708215.953047, "cuda_visible_devices": "5", "allocated_gib": 5.225533962249756, "reserved_gib": 8.041015625, "peak_allocated_gib": 7.100478649139404, "gpu_time_budget": null, "module": "model.layers.11.mlp.down_proj", "step": 7424}
{"stage": "sequential-round-coordinate", "pid": 4116221, "time": 1789708216.7325244, "cuda_visible_devices": "5", "allocated_gib": 5.225533962249756, "reserved_gib": 8.041015625, "peak_allocated_gib": 7.100478649139404, "gpu_time_budget": null, "module": "model.layers.11.mlp.down_proj", "step": 7552}
{"stage": "sequential-round-coordinate", "pid": 4116221, "time": 1789708217.515744, "cuda_visible_devices": "5", "allocated_gib": 5.225533962249756, "reserved_gib": 8.041015625, "peak_allocated_gib": 7.100478649139404, "gpu_time_budget": null, "module": "model.layers.11.mlp.down_proj", "step": 7680}
{"stage": "sequential-round-coordinate", "pid": 4116221, "time": 1789708218.3028662, "cuda_visible_devices": "5", "allocated_gib": 5.225533962249756, "reserved_gib": 8.041015625, "peak_allocated_gib": 7.100478649139404, "gpu_time_budget": null, "module": "model.layers.11.mlp.down_proj", "step": 7808}
{"stage": "sequential-round-coordinate", "pid": 4116221, "time": 1789708219.0893414, "cuda_visible_devices": "5", "allocated_gib": 5.225533962249756, "reserved_gib": 8.041015625, "peak_allocated_gib": 7.100478649139404, "gpu_time_budget": null, "module": "model.layers.11.mlp.down_proj", "step": 7936}
{"stage": "sequential-round-coordinate", "pid": 4116221, "time": 1789708219.8524473, "cuda_visible_devices": "5", "allocated_gib": 5.225533962249756, "reserved_gib": 8.041015625, "peak_allocated_gib": 7.100478649139404, "gpu_time_budget": null, "module": "model.layers.11.mlp.down_proj", "step": 8064}
{"stage": "sequential-round-coordinate", "pid": 4116221, "time": 1789708220.7573211, "cuda_visible_devices": "5", "allocated_gib": 5.225533962249756, "reserved_gib": 8.041015625, "peak_allocated_gib": 7.100478649139404, "gpu_time_budget": null, "module": "model.layers.11.mlp.down_proj", "step": 8192}
{"stage": "sequential-round-train-nll", "pid": 4116221, "time": 1789708220.8040686, "cuda_visible_devices": "5", "allocated_gib": 3.795783519744873, "reserved_gib": 3.80078125, "peak_allocated_gib": 7.100478649139404, "gpu_time_budget": null, "module": "model.layers.11.mlp.down_proj", "step": 512}
Evaluation segment 1/1: start=0, windows=8, seqlen=2048
{"stage": "sequential-round-train-nll", "pid": 4116221, "time": 1789708224.9319649, "cuda_visible_devices": "5", "allocated_gib": 3.795783519744873, "reserved_gib": 5.791015625, "peak_allocated_gib": 7.100478649139404, "gpu_time_budget": null, "module": "model.layers.11.mlp.down_proj", "step": 2048}
Evaluation segment 1/1: start=0, windows=8, seqlen=2048
{"stage": "sequential-round-train-nll", "pid": 4116221, "time": 1789708228.4192796, "cuda_visible_devices": "5", "allocated_gib": 3.795783519744873, "reserved_gib": 5.791015625, "peak_allocated_gib": 7.100478649139404, "gpu_time_budget": null, "module": "model.layers.11.mlp.down_proj", "step": 8192}
Evaluation segment 1/1: start=0, windows=8, seqlen=2048
{"stage": "sequential-module-completed", "pid": 4116221, "time": 1789708233.7073643, "cuda_visible_devices": "5", "allocated_gib": 3.795783519744873, "reserved_gib": 5.791015625, "peak_allocated_gib": 7.100478649139404, "gpu_time_budget": null, "module": "model.layers.11.mlp.down_proj", "completed": 12, "total": 28, "selected_train_nll": 2.983175027254225, "elapsed_seconds": 861.1337471500738}
{"stage": "sequential-round-fit", "pid": 4116221, "time": 1789708241.2135546, "cuda_visible_devices": "5", "allocated_gib": 3.795783519744873, "reserved_gib": 5.791015625, "peak_allocated_gib": 7.100478649139404, "gpu_time_budget": null, "module": "model.layers.12.mlp.down_proj", "fit_rows": 49152, "heldout_rows": 16384}
{"stage": "sequential-round-coordinate", "pid": 4116221, "time": 1789708242.5345588, "cuda_visible_devices": "5", "allocated_gib": 5.225533962249756, "reserved_gib": 8.041015625, "peak_allocated_gib": 7.100478649139404, "gpu_time_budget": null, "module": "model.layers.12.mlp.down_proj", "step": 128}
{"stage": "sequential-round-coordinate", "pid": 4116221, "time": 1789708243.513379, "cuda_visible_devices": "5", "allocated_gib": 5.225533962249756, "reserved_gib": 8.041015625, "peak_allocated_gib": 7.100478649139404, "gpu_time_budget": null, "module": "model.layers.12.mlp.down_proj", "step": 256}
{"stage": "sequential-round-coordinate", "pid": 4116221, "time": 1789708244.4968941, "cuda_visible_devices": "5", "allocated_gib": 5.225533962249756, "reserved_gib": 8.041015625, "peak_allocated_gib": 7.100478649139404, "gpu_time_budget": null, "module": "model.layers.12.mlp.down_proj", "step": 384}
{"stage": "sequential-round-coordinate", "pid": 4116221, "time": 1789708245.562513, "cuda_visible_devices": "5", "allocated_gib": 5.225533962249756, "reserved_gib": 8.041015625, "peak_allocated_gib": 7.100478649139404, "gpu_time_budget": null, "module": "model.layers.12.mlp.down_proj", "step": 512}
{"stage": "sequential-round-coordinate", "pid": 4116221, "time": 1789708246.5489392, "cuda_visible_devices": "5", "allocated_gib": 5.225533962249756, "reserved_gib": 8.041015625, "peak_allocated_gib": 7.100478649139404, "gpu_time_budget": null, "module": "model.layers.12.mlp.down_proj", "step": 640}
{"stage": "sequential-round-coordinate", "pid": 4116221, "time": 1789708247.5308518, "cuda_visible_devices": "5", "allocated_gib": 5.225533962249756, "reserved_gib": 8.041015625, "peak_allocated_gib": 7.100478649139404, "gpu_time_budget": null, "module": "model.layers.12.mlp.down_proj", "step": 768}
{"stage": "sequential-round-coordinate", "pid": 4116221, "time": 1789708248.5165749, "cuda_visible_devices": "5", "allocated_gib": 5.225533962249756, "reserved_gib": 8.041015625, "peak_allocated_gib": 7.100478649139404, "gpu_time_budget": null, "module": "model.layers.12.mlp.down_proj", "step": 896}
{"stage": "sequential-round-coordinate", "pid": 4116221, "time": 1789708249.5002549, "cuda_visible_devices": "5", "allocated_gib": 5.225533962249756, "reserved_gib": 8.041015625, "peak_allocated_gib": 7.100478649139404, "gpu_time_budget": null, "module": "model.layers.12.mlp.down_proj", "step": 1024}
{"stage": "sequential-round-coordinate", "pid": 4116221, "time": 1789708250.4833677, "cuda_visible_devices": "5", "allocated_gib": 5.225533962249756, "reserved_gib": 8.041015625, "peak_allocated_gib": 7.100478649139404, "gpu_time_budget": null, "module": "model.layers.12.mlp.down_proj", "step": 1152}
{"stage": "sequential-round-coordinate", "pid": 4116221, "time": 1789708251.4653711, "cuda_visible_devices": "5", "allocated_gib": 5.225533962249756, "reserved_gib": 8.041015625, "peak_allocated_gib": 7.100478649139404, "gpu_time_budget": null, "module": "model.layers.12.mlp.down_proj", "step": 1280}
{"stage": "sequential-round-coordinate", "pid": 4116221, "time": 1789708252.4475236, "cuda_visible_devices": "5", "allocated_gib": 5.225533962249756, "reserved_gib": 8.041015625, "peak_allocated_gib": 7.100478649139404, "gpu_time_budget": null, "module": "model.layers.12.mlp.down_proj", "step": 1408}
{"stage": "sequential-round-coordinate", "pid": 4116221, "time": 1789708253.4294937, "cuda_visible_devices": "5", "allocated_gib": 5.225533962249756, "reserved_gib": 8.041015625, "peak_allocated_gib": 7.100478649139404, "gpu_time_budget": null, "module": "model.layers.12.mlp.down_proj", "step": 1536}
{"stage": "sequential-round-coordinate", "pid": 4116221, "time": 1789708254.4066782, "cuda_visible_devices": "5", "allocated_gib": 5.225533962249756, "reserved_gib": 8.041015625, "peak_allocated_gib": 7.100478649139404, "gpu_time_budget": null, "module": "model.layers.12.mlp.down_proj", "step": 1664}
{"stage": "sequential-round-coordinate", "pid": 4116221, "time": 1789708255.38836, "cuda_visible_devices": "5", "allocated_gib": 5.225533962249756, "reserved_gib": 8.041015625, "peak_allocated_gib": 7.100478649139404, "gpu_time_budget": null, "module": "model.layers.12.mlp.down_proj", "step": 1792}
{"stage": "sequential-round-coordinate", "pid": 4116221, "time": 1789708256.3699956, "cuda_visible_devices": "5", "allocated_gib": 5.225533962249756, "reserved_gib": 8.041015625, "peak_allocated_gib": 7.100478649139404, "gpu_time_budget": null, "module": "model.layers.12.mlp.down_proj", "step": 1920}
{"stage": "sequential-round-coordinate", "pid": 4116221, "time": 1789708257.4366717, "cuda_visible_devices": "5", "allocated_gib": 5.225533962249756, "reserved_gib": 8.041015625, "peak_allocated_gib": 7.100478649139404, "gpu_time_budget": null, "module": "model.layers.12.mlp.down_proj", "step": 2048}
{"stage": "sequential-round-coordinate", "pid": 4116221, "time": 1789708258.4173186, "cuda_visible_devices": "5", "allocated_gib": 5.225533962249756, "reserved_gib": 8.041015625, "peak_allocated_gib": 7.100478649139404, "gpu_time_budget": null, "module": "model.layers.12.mlp.down_proj", "step": 2176}
{"stage": "sequential-round-coordinate", "pid": 4116221, "time": 1789708259.401293, "cuda_visible_devices": "5", "allocated_gib": 5.225533962249756, "reserved_gib": 8.041015625, "peak_allocated_gib": 7.100478649139404, "gpu_time_budget": null, "module": "model.layers.12.mlp.down_proj", "step": 2304}
{"stage": "sequential-round-coordinate", "pid": 4116221, "time": 1789708260.3805673, "cuda_visible_devices": "5", "allocated_gib": 5.225533962249756, "reserved_gib": 8.041015625, "peak_allocated_gib": 7.100478649139404, "gpu_time_budget": null, "module": "model.layers.12.mlp.down_proj", "step": 2432}
{"stage": "sequential-round-coordinate", "pid": 4116221, "time": 1789708261.3650336, "cuda_visible_devices": "5", "allocated_gib": 5.225533962249756, "reserved_gib": 8.041015625, "peak_allocated_gib": 7.100478649139404, "gpu_time_budget": null, "module": "model.layers.12.mlp.down_proj", "step": 2560}
{"stage": "sequential-round-coordinate", "pid": 4116221, "time": 1789708262.344536, "cuda_visible_devices": "5", "allocated_gib": 5.225533962249756, "reserved_gib": 8.041015625, "peak_allocated_gib": 7.100478649139404, "gpu_time_budget": null, "module": "model.layers.12.mlp.down_proj", "step": 2688}
{"stage": "sequential-round-coordinate", "pid": 4116221, "time": 1789708263.3208177, "cuda_visible_devices": "5", "allocated_gib": 5.225533962249756, "reserved_gib": 8.041015625, "peak_allocated_gib": 7.100478649139404, "gpu_time_budget": null, "module": "model.layers.12.mlp.down_proj", "step": 2816}
{"stage": "sequential-round-coordinate", "pid": 4116221, "time": 1789708264.297457, "cuda_visible_devices": "5", "allocated_gib": 5.225533962249756, "reserved_gib": 8.041015625, "peak_allocated_gib": 7.100478649139404, "gpu_time_budget": null, "module": "model.layers.12.mlp.down_proj", "step": 2944}
{"stage": "sequential-round-coordinate", "pid": 4116221, "time": 1789708265.273894, "cuda_visible_devices": "5", "allocated_gib": 5.225533962249756, "reserved_gib": 8.041015625, "peak_allocated_gib": 7.100478649139404, "gpu_time_budget": null, "module": "model.layers.12.mlp.down_proj", "step": 3072}
{"stage": "sequential-round-coordinate", "pid": 4116221, "time": 1789708266.2512996, "cuda_visible_devices": "5", "allocated_gib": 5.225533962249756, "reserved_gib": 8.041015625, "peak_allocated_gib": 7.100478649139404, "gpu_time_budget": null, "module": "model.layers.12.mlp.down_proj", "step": 3200}
{"stage": "sequential-round-coordinate", "pid": 4116221, "time": 1789708267.2278912, "cuda_visible_devices": "5", "allocated_gib": 5.225533962249756, "reserved_gib": 8.041015625, "peak_allocated_gib": 7.100478649139404, "gpu_time_budget": null, "module": "model.layers.12.mlp.down_proj", "step": 3328}
{"stage": "sequential-round-coordinate", "pid": 4116221, "time": 1789708268.2039642, "cuda_visible_devices": "5", "allocated_gib": 5.225533962249756, "reserved_gib": 8.041015625, "peak_allocated_gib": 7.100478649139404, "gpu_time_budget": null, "module": "model.layers.12.mlp.down_proj", "step": 3456}
{"stage": "sequential-round-coordinate", "pid": 4116221, "time": 1789708269.1828377, "cuda_visible_devices": "5", "allocated_gib": 5.225533962249756, "reserved_gib": 8.041015625, "peak_allocated_gib": 7.100478649139404, "gpu_time_budget": null, "module": "model.layers.12.mlp.down_proj", "step": 3584}
{"stage": "sequential-round-coordinate", "pid": 4116221, "time": 1789708270.1567385, "cuda_visible_devices": "5", "allocated_gib": 5.225533962249756, "reserved_gib": 8.041015625, "peak_allocated_gib": 7.100478649139404, "gpu_time_budget": null, "module": "model.layers.12.mlp.down_proj", "step": 3712}
{"stage": "sequential-round-coordinate", "pid": 4116221, "time": 1789708271.1310322, "cuda_visible_devices": "5", "allocated_gib": 5.225533962249756, "reserved_gib": 8.041015625, "peak_allocated_gib": 7.100478649139404, "gpu_time_budget": null, "module": "model.layers.12.mlp.down_proj", "step": 3840}
{"stage": "sequential-round-coordinate", "pid": 4116221, "time": 1789708272.104625, "cuda_visible_devices": "5", "allocated_gib": 5.225533962249756, "reserved_gib": 8.041015625, "peak_allocated_gib": 7.100478649139404, "gpu_time_budget": null, "module": "model.layers.12.mlp.down_proj", "step": 3968}
{"stage": "sequential-round-coordinate", "pid": 4116221, "time": 1789708273.080302, "cuda_visible_devices": "5", "allocated_gib": 5.225533962249756, "reserved_gib": 8.041015625, "peak_allocated_gib": 7.100478649139404, "gpu_time_budget": null, "module": "model.layers.12.mlp.down_proj", "step": 4096}
{"stage": "sequential-round-coordinate", "pid": 4116221, "time": 1789708274.0617363, "cuda_visible_devices": "5", "allocated_gib": 5.225533962249756, "reserved_gib": 8.041015625, "peak_allocated_gib": 7.100478649139404, "gpu_time_budget": null, "module": "model.layers.12.mlp.down_proj", "step": 4224}
{"stage": "sequential-round-coordinate", "pid": 4116221, "time": 1789708275.0363858, "cuda_visible_devices": "5", "allocated_gib": 5.225533962249756, "reserved_gib": 8.041015625, "peak_allocated_gib": 7.100478649139404, "gpu_time_budget": null, "module": "model.layers.12.mlp.down_proj", "step": 4352}
{"stage": "sequential-round-coordinate", "pid": 4116221, "time": 1789708276.0108976, "cuda_visible_devices": "5", "allocated_gib": 5.225533962249756, "reserved_gib": 8.041015625, "peak_allocated_gib": 7.100478649139404, "gpu_time_budget": null, "module": "model.layers.12.mlp.down_proj", "step": 4480}
{"stage": "sequential-round-coordinate", "pid": 4116221, "time": 1789708276.9823382, "cuda_visible_devices": "5", "allocated_gib": 5.225533962249756, "reserved_gib": 8.041015625, "peak_allocated_gib": 7.100478649139404, "gpu_time_budget": null, "module": "model.layers.12.mlp.down_proj", "step": 4608}
{"stage": "sequential-round-coordinate", "pid": 4116221, "time": 1789708277.956498, "cuda_visible_devices": "5", "allocated_gib": 5.225533962249756, "reserved_gib": 8.041015625, "peak_allocated_gib": 7.100478649139404, "gpu_time_budget": null, "module": "model.layers.12.mlp.down_proj", "step": 4736}
{"stage": "sequential-round-coordinate", "pid": 4116221, "time": 1789708278.9291527, "cuda_visible_devices": "5", "allocated_gib": 5.225533962249756, "reserved_gib": 8.041015625, "peak_allocated_gib": 7.100478649139404, "gpu_time_budget": null, "module": "model.layers.12.mlp.down_proj", "step": 4864}
{"stage": "sequential-round-coordinate", "pid": 4116221, "time": 1789708279.903196, "cuda_visible_devices": "5", "allocated_gib": 5.225533962249756, "reserved_gib": 8.041015625, "peak_allocated_gib": 7.100478649139404, "gpu_time_budget": null, "module": "model.layers.12.mlp.down_proj", "step": 4992}
{"stage": "sequential-round-coordinate", "pid": 4116221, "time": 1789708280.877432, "cuda_visible_devices": "5", "allocated_gib": 5.225533962249756, "reserved_gib": 8.041015625, "peak_allocated_gib": 7.100478649139404, "gpu_time_budget": null, "module": "model.layers.12.mlp.down_proj", "step": 5120}
{"stage": "sequential-round-coordinate", "pid": 4116221, "time": 1789708281.8502824, "cuda_visible_devices": "5", "allocated_gib": 5.225533962249756, "reserved_gib": 8.041015625, "peak_allocated_gib": 7.100478649139404, "gpu_time_budget": null, "module": "model.layers.12.mlp.down_proj", "step": 5248}
{"stage": "sequential-round-coordinate", "pid": 4116221, "time": 1789708282.8251982, "cuda_visible_devices": "5", "allocated_gib": 5.225533962249756, "reserved_gib": 8.041015625, "peak_allocated_gib": 7.100478649139404, "gpu_time_budget": null, "module": "model.layers.12.mlp.down_proj", "step": 5376}
{"stage": "sequential-round-coordinate", "pid": 4116221, "time": 1789708283.7967353, "cuda_visible_devices": "5", "allocated_gib": 5.225533962249756, "reserved_gib": 8.041015625, "peak_allocated_gib": 7.100478649139404, "gpu_time_budget": null, "module": "model.layers.12.mlp.down_proj", "step": 5504}
{"stage": "sequential-round-coordinate", "pid": 4116221, "time": 1789708284.768548, "cuda_visible_devices": "5", "allocated_gib": 5.225533962249756, "reserved_gib": 8.041015625, "peak_allocated_gib": 7.100478649139404, "gpu_time_budget": null, "module": "model.layers.12.mlp.down_proj", "step": 5632}
{"stage": "sequential-round-coordinate", "pid": 4116221, "time": 1789708285.745048, "cuda_visible_devices": "5", "allocated_gib": 5.225533962249756, "reserved_gib": 8.041015625, "peak_allocated_gib": 7.100478649139404, "gpu_time_budget": null, "module": "model.layers.12.mlp.down_proj", "step": 5760}
{"stage": "sequential-round-coordinate", "pid": 4116221, "time": 1789708286.7193375, "cuda_visible_devices": "5", "allocated_gib": 5.225533962249756, "reserved_gib": 8.041015625, "peak_allocated_gib": 7.100478649139404, "gpu_time_budget": null, "module": "model.layers.12.mlp.down_proj", "step": 5888}
{"stage": "sequential-round-coordinate", "pid": 4116221, "time": 1789708287.5249166, "cuda_visible_devices": "5", "allocated_gib": 5.225533962249756, "reserved_gib": 8.041015625, "peak_allocated_gib": 7.100478649139404, "gpu_time_budget": null, "module": "model.layers.12.mlp.down_proj", "step": 6016}
{"stage": "sequential-round-coordinate", "pid": 4116221, "time": 1789708288.3031247, "cuda_visible_devices": "5", "allocated_gib": 5.225533962249756, "reserved_gib": 8.041015625, "peak_allocated_gib": 7.100478649139404, "gpu_time_budget": null, "module": "model.layers.12.mlp.down_proj", "step": 6144}
{"stage": "sequential-round-coordinate", "pid": 4116221, "time": 1789708289.0820124, "cuda_visible_devices": "5", "allocated_gib": 5.225533962249756, "reserved_gib": 8.041015625, "peak_allocated_gib": 7.100478649139404, "gpu_time_budget": null, "module": "model.layers.12.mlp.down_proj", "step": 6272}
{"stage": "sequential-round-coordinate", "pid": 4116221, "time": 1789708289.8604577, "cuda_visible_devices": "5", "allocated_gib": 5.225533962249756, "reserved_gib": 8.041015625, "peak_allocated_gib": 7.100478649139404, "gpu_time_budget": null, "module": "model.layers.12.mlp.down_proj", "step": 6400}
{"stage": "sequential-round-coordinate", "pid": 4116221, "time": 1789708290.6785433, "cuda_visible_devices": "5", "allocated_gib": 5.225533962249756, "reserved_gib": 8.041015625, "peak_allocated_gib": 7.100478649139404, "gpu_time_budget": null, "module": "model.layers.12.mlp.down_proj", "step": 6528}
{"stage": "sequential-round-coordinate", "pid": 4116221, "time": 1789708291.4966753, "cuda_visible_devices": "5", "allocated_gib": 5.225533962249756, "reserved_gib": 8.041015625, "peak_allocated_gib": 7.100478649139404, "gpu_time_budget": null, "module": "model.layers.12.mlp.down_proj", "step": 6656}
{"stage": "sequential-round-coordinate", "pid": 4116221, "time": 1789708292.2885833, "cuda_visible_devices": "5", "allocated_gib": 5.225533962249756, "reserved_gib": 8.041015625, "peak_allocated_gib": 7.100478649139404, "gpu_time_budget": null, "module": "model.layers.12.mlp.down_proj", "step": 6784}
{"stage": "sequential-round-coordinate", "pid": 4116221, "time": 1789708293.050332, "cuda_visible_devices": "5", "allocated_gib": 5.225533962249756, "reserved_gib": 8.041015625, "peak_allocated_gib": 7.100478649139404, "gpu_time_budget": null, "module": "model.layers.12.mlp.down_proj", "step": 6912}
{"stage": "sequential-round-coordinate", "pid": 4116221, "time": 1789708293.831331, "cuda_visible_devices": "5", "allocated_gib": 5.225533962249756, "reserved_gib": 8.041015625, "peak_allocated_gib": 7.100478649139404, "gpu_time_budget": null, "module": "model.layers.12.mlp.down_proj", "step": 7040}
{"stage": "sequential-round-coordinate", "pid": 4116221, "time": 1789708294.611133, "cuda_visible_devices": "5", "allocated_gib": 5.225533962249756, "reserved_gib": 8.041015625, "peak_allocated_gib": 7.100478649139404, "gpu_time_budget": null, "module": "model.layers.12.mlp.down_proj", "step": 7168}
{"stage": "sequential-round-coordinate", "pid": 4116221, "time": 1789708295.3902304, "cuda_visible_devices": "5", "allocated_gib": 5.225533962249756, "reserved_gib": 8.041015625, "peak_allocated_gib": 7.100478649139404, "gpu_time_budget": null, "module": "model.layers.12.mlp.down_proj", "step": 7296}
{"stage": "sequential-round-coordinate", "pid": 4116221, "time": 1789708296.1687045, "cuda_visible_devices": "5", "allocated_gib": 5.225533962249756, "reserved_gib": 8.041015625, "peak_allocated_gib": 7.100478649139404, "gpu_time_budget": null, "module": "model.layers.12.mlp.down_proj", "step": 7424}
{"stage": "sequential-round-coordinate", "pid": 4116221, "time": 1789708296.9493563, "cuda_visible_devices": "5", "allocated_gib": 5.225533962249756, "reserved_gib": 8.041015625, "peak_allocated_gib": 7.100478649139404, "gpu_time_budget": null, "module": "model.layers.12.mlp.down_proj", "step": 7552}
{"stage": "sequential-round-coordinate", "pid": 4116221, "time": 1789708297.7756252, "cuda_visible_devices": "5", "allocated_gib": 5.225533962249756, "reserved_gib": 8.041015625, "peak_allocated_gib": 7.100478649139404, "gpu_time_budget": null, "module": "model.layers.12.mlp.down_proj", "step": 7680}
{"stage": "sequential-round-coordinate", "pid": 4116221, "time": 1789708298.604783, "cuda_visible_devices": "5", "allocated_gib": 5.225533962249756, "reserved_gib": 8.041015625, "peak_allocated_gib": 7.100478649139404, "gpu_time_budget": null, "module": "model.layers.12.mlp.down_proj", "step": 7808}
{"stage": "sequential-round-coordinate", "pid": 4116221, "time": 1789708299.3762972, "cuda_visible_devices": "5", "allocated_gib": 5.225533962249756, "reserved_gib": 8.041015625, "peak_allocated_gib": 7.100478649139404, "gpu_time_budget": null, "module": "model.layers.12.mlp.down_proj", "step": 7936}
{"stage": "sequential-round-coordinate", "pid": 4116221, "time": 1789708300.1793587, "cuda_visible_devices": "5", "allocated_gib": 5.225533962249756, "reserved_gib": 8.041015625, "peak_allocated_gib": 7.100478649139404, "gpu_time_budget": null, "module": "model.layers.12.mlp.down_proj", "step": 8064}
{"stage": "sequential-round-coordinate", "pid": 4116221, "time": 1789708301.032907, "cuda_visible_devices": "5", "allocated_gib": 5.225533962249756, "reserved_gib": 8.041015625, "peak_allocated_gib": 7.100478649139404, "gpu_time_budget": null, "module": "model.layers.12.mlp.down_proj", "step": 8192}
{"stage": "sequential-round-train-nll", "pid": 4116221, "time": 1789708301.0788016, "cuda_visible_devices": "5", "allocated_gib": 3.795783519744873, "reserved_gib": 3.80078125, "peak_allocated_gib": 7.100478649139404, "gpu_time_budget": null, "module": "model.layers.12.mlp.down_proj", "step": 512}
Evaluation segment 1/1: start=0, windows=8, seqlen=2048
{"stage": "sequential-round-train-nll", "pid": 4116221, "time": 1789708305.1531272, "cuda_visible_devices": "5", "allocated_gib": 3.795783519744873, "reserved_gib": 5.791015625, "peak_allocated_gib": 7.100478649139404, "gpu_time_budget": null, "module": "model.layers.12.mlp.down_proj", "step": 2048}
Evaluation segment 1/1: start=0, windows=8, seqlen=2048
{"stage": "sequential-round-train-nll", "pid": 4116221, "time": 1789708308.6323957, "cuda_visible_devices": "5", "allocated_gib": 3.795783519744873, "reserved_gib": 5.791015625, "peak_allocated_gib": 7.100478649139404, "gpu_time_budget": null, "module": "model.layers.12.mlp.down_proj", "step": 8192}
Evaluation segment 1/1: start=0, windows=8, seqlen=2048
{"stage": "sequential-module-completed", "pid": 4116221, "time": 1789708314.3153775, "cuda_visible_devices": "5", "allocated_gib": 3.795783519744873, "reserved_gib": 5.791015625, "peak_allocated_gib": 7.100478649139404, "gpu_time_budget": null, "module": "model.layers.12.mlp.down_proj", "completed": 13, "total": 28, "selected_train_nll": 2.983175027254225, "elapsed_seconds": 941.741760448087}
{"stage": "sequential-round-fit", "pid": 4116221, "time": 1789708322.367229, "cuda_visible_devices": "5", "allocated_gib": 3.795783519744873, "reserved_gib": 5.791015625, "peak_allocated_gib": 7.100478649139404, "gpu_time_budget": null, "module": "model.layers.13.mlp.down_proj", "fit_rows": 49152, "heldout_rows": 16384}
{"stage": "sequential-round-coordinate", "pid": 4116221, "time": 1789708323.6942692, "cuda_visible_devices": "5", "allocated_gib": 5.225533962249756, "reserved_gib": 8.041015625, "peak_allocated_gib": 7.100478649139404, "gpu_time_budget": null, "module": "model.layers.13.mlp.down_proj", "step": 128}
{"stage": "sequential-round-coordinate", "pid": 4116221, "time": 1789708324.6803226, "cuda_visible_devices": "5", "allocated_gib": 5.225533962249756, "reserved_gib": 8.041015625, "peak_allocated_gib": 7.100478649139404, "gpu_time_budget": null, "module": "model.layers.13.mlp.down_proj", "step": 256}
{"stage": "sequential-round-coordinate", "pid": 4116221, "time": 1789708325.6565847, "cuda_visible_devices": "5", "allocated_gib": 5.225533962249756, "reserved_gib": 8.041015625, "peak_allocated_gib": 7.100478649139404, "gpu_time_budget": null, "module": "model.layers.13.mlp.down_proj", "step": 384}
{"stage": "sequential-round-coordinate", "pid": 4116221, "time": 1789708326.7202795, "cuda_visible_devices": "5", "allocated_gib": 5.225533962249756, "reserved_gib": 8.041015625, "peak_allocated_gib": 7.100478649139404, "gpu_time_budget": null, "module": "model.layers.13.mlp.down_proj", "step": 512}
{"stage": "sequential-round-coordinate", "pid": 4116221, "time": 1789708327.6978328, "cuda_visible_devices": "5", "allocated_gib": 5.225533962249756, "reserved_gib": 8.041015625, "peak_allocated_gib": 7.100478649139404, "gpu_time_budget": null, "module": "model.layers.13.mlp.down_proj", "step": 640}
{"stage": "sequential-round-coordinate", "pid": 4116221, "time": 1789708328.6786354, "cuda_visible_devices": "5", "allocated_gib": 5.225533962249756, "reserved_gib": 8.041015625, "peak_allocated_gib": 7.100478649139404, "gpu_time_budget": null, "module": "model.layers.13.mlp.down_proj", "step": 768}
{"stage": "sequential-round-coordinate", "pid": 4116221, "time": 1789708329.6562579, "cuda_visible_devices": "5", "allocated_gib": 5.225533962249756, "reserved_gib": 8.041015625, "peak_allocated_gib": 7.100478649139404, "gpu_time_budget": null, "module": "model.layers.13.mlp.down_proj", "step": 896}
{"stage": "sequential-round-coordinate", "pid": 4116221, "time": 1789708330.641467, "cuda_visible_devices": "5", "allocated_gib": 5.225533962249756, "reserved_gib": 8.041015625, "peak_allocated_gib": 7.100478649139404, "gpu_time_budget": null, "module": "model.layers.13.mlp.down_proj", "step": 1024}
{"stage": "sequential-round-coordinate", "pid": 4116221, "time": 1789708331.621339, "cuda_visible_devices": "5", "allocated_gib": 5.225533962249756, "reserved_gib": 8.041015625, "peak_allocated_gib": 7.100478649139404, "gpu_time_budget": null, "module": "model.layers.13.mlp.down_proj", "step": 1152}
{"stage": "sequential-round-coordinate", "pid": 4116221, "time": 1789708332.6022763, "cuda_visible_devices": "5", "allocated_gib": 5.225533962249756, "reserved_gib": 8.041015625, "peak_allocated_gib": 7.100478649139404, "gpu_time_budget": null, "module": "model.layers.13.mlp.down_proj", "step": 1280}
{"stage": "sequential-round-coordinate", "pid": 4116221, "time": 1789708333.575593, "cuda_visible_devices": "5", "allocated_gib": 5.225533962249756, "reserved_gib": 8.041015625, "peak_allocated_gib": 7.100478649139404, "gpu_time_budget": null, "module": "model.layers.13.mlp.down_proj", "step": 1408}
{"stage": "sequential-round-coordinate", "pid": 4116221, "time": 1789708334.5529897, "cuda_visible_devices": "5", "allocated_gib": 5.225533962249756, "reserved_gib": 8.041015625, "peak_allocated_gib": 7.100478649139404, "gpu_time_budget": null, "module": "model.layers.13.mlp.down_proj", "step": 1536}
{"stage": "sequential-round-coordinate", "pid": 4116221, "time": 1789708335.5311787, "cuda_visible_devices": "5", "allocated_gib": 5.225533962249756, "reserved_gib": 8.041015625, "peak_allocated_gib": 7.100478649139404, "gpu_time_budget": null, "module": "model.layers.13.mlp.down_proj", "step": 1664}
{"stage": "sequential-round-coordinate", "pid": 4116221, "time": 1789708336.508937, "cuda_visible_devices": "5", "allocated_gib": 5.225533962249756, "reserved_gib": 8.041015625, "peak_allocated_gib": 7.100478649139404, "gpu_time_budget": null, "module": "model.layers.13.mlp.down_proj", "step": 1792}
{"stage": "sequential-round-coordinate", "pid": 4116221, "time": 1789708337.4868283, "cuda_visible_devices": "5", "allocated_gib": 5.225533962249756, "reserved_gib": 8.041015625, "peak_allocated_gib": 7.100478649139404, "gpu_time_budget": null, "module": "model.layers.13.mlp.down_proj", "step": 1920}
{"stage": "sequential-round-coordinate", "pid": 4116221, "time": 1789708338.5571609, "cuda_visible_devices": "5", "allocated_gib": 5.225533962249756, "reserved_gib": 8.041015625, "peak_allocated_gib": 7.100478649139404, "gpu_time_budget": null, "module": "model.layers.13.mlp.down_proj", "step": 2048}
{"stage": "sequential-round-coordinate", "pid": 4116221, "time": 1789708339.5373237, "cuda_visible_devices": "5", "allocated_gib": 5.225533962249756, "reserved_gib": 8.041015625, "peak_allocated_gib": 7.100478649139404, "gpu_time_budget": null, "module": "model.layers.13.mlp.down_proj", "step": 2176}
{"stage": "sequential-round-coordinate", "pid": 4116221, "time": 1789708340.5147069, "cuda_visible_devices": "5", "allocated_gib": 5.225533962249756, "reserved_gib": 8.041015625, "peak_allocated_gib": 7.100478649139404, "gpu_time_budget": null, "module": "model.layers.13.mlp.down_proj", "step": 2304}
{"stage": "sequential-round-coordinate", "pid": 4116221, "time": 1789708341.4920769, "cuda_visible_devices": "5", "allocated_gib": 5.225533962249756, "reserved_gib": 8.041015625, "peak_allocated_gib": 7.100478649139404, "gpu_time_budget": null, "module": "model.layers.13.mlp.down_proj", "step": 2432}
{"stage": "sequential-round-coordinate", "pid": 4116221, "time": 1789708342.4644845, "cuda_visible_devices": "5", "allocated_gib": 5.225533962249756, "reserved_gib": 8.041015625, "peak_allocated_gib": 7.100478649139404, "gpu_time_budget": null, "module": "model.layers.13.mlp.down_proj", "step": 2560}
{"stage": "sequential-round-coordinate", "pid": 4116221, "time": 1789708343.447767, "cuda_visible_devices": "5", "allocated_gib": 5.225533962249756, "reserved_gib": 8.041015625, "peak_allocated_gib": 7.100478649139404, "gpu_time_budget": null, "module": "model.layers.13.mlp.down_proj", "step": 2688}
{"stage": "sequential-round-coordinate", "pid": 4116221, "time": 1789708344.4252844, "cuda_visible_devices": "5", "allocated_gib": 5.225533962249756, "reserved_gib": 8.041015625, "peak_allocated_gib": 7.100478649139404, "gpu_time_budget": null, "module": "model.layers.13.mlp.down_proj", "step": 2816}
{"stage": "sequential-round-coordinate", "pid": 4116221, "time": 1789708345.4002721, "cuda_visible_devices": "5", "allocated_gib": 5.225533962249756, "reserved_gib": 8.041015625, "peak_allocated_gib": 7.100478649139404, "gpu_time_budget": null, "module": "model.layers.13.mlp.down_proj", "step": 2944}
{"stage": "sequential-round-coordinate", "pid": 4116221, "time": 1789708346.37704, "cuda_visible_devices": "5", "allocated_gib": 5.225533962249756, "reserved_gib": 8.041015625, "peak_allocated_gib": 7.100478649139404, "gpu_time_budget": null, "module": "model.layers.13.mlp.down_proj", "step": 3072}
{"stage": "sequential-round-coordinate", "pid": 4116221, "time": 1789708347.3563662, "cuda_visible_devices": "5", "allocated_gib": 5.225533962249756, "reserved_gib": 8.041015625, "peak_allocated_gib": 7.100478649139404, "gpu_time_budget": null, "module": "model.layers.13.mlp.down_proj", "step": 3200}
{"stage": "sequential-round-coordinate", "pid": 4116221, "time": 1789708348.3327096, "cuda_visible_devices": "5", "allocated_gib": 5.225533962249756, "reserved_gib": 8.041015625, "peak_allocated_gib": 7.100478649139404, "gpu_time_budget": null, "module": "model.layers.13.mlp.down_proj", "step": 3328}
{"stage": "sequential-round-coordinate", "pid": 4116221, "time": 1789708349.3109934, "cuda_visible_devices": "5", "allocated_gib": 5.225533962249756, "reserved_gib": 8.041015625, "peak_allocated_gib": 7.100478649139404, "gpu_time_budget": null, "module": "model.layers.13.mlp.down_proj", "step": 3456}
{"stage": "sequential-round-coordinate", "pid": 4116221, "time": 1789708350.2868452, "cuda_visible_devices": "5", "allocated_gib": 5.225533962249756, "reserved_gib": 8.041015625, "peak_allocated_gib": 7.100478649139404, "gpu_time_budget": null, "module": "model.layers.13.mlp.down_proj", "step": 3584}
{"stage": "sequential-round-coordinate", "pid": 4116221, "time": 1789708351.265693, "cuda_visible_devices": "5", "allocated_gib": 5.225533962249756, "reserved_gib": 8.041015625, "peak_allocated_gib": 7.100478649139404, "gpu_time_budget": null, "module": "model.layers.13.mlp.down_proj", "step": 3712}
{"stage": "sequential-round-coordinate", "pid": 4116221, "time": 1789708352.2409246, "cuda_visible_devices": "5", "allocated_gib": 5.225533962249756, "reserved_gib": 8.041015625, "peak_allocated_gib": 7.100478649139404, "gpu_time_budget": null, "module": "model.layers.13.mlp.down_proj", "step": 3840}
{"stage": "sequential-round-coordinate", "pid": 4116221, "time": 1789708353.2164097, "cuda_visible_devices": "5", "allocated_gib": 5.225533962249756, "reserved_gib": 8.041015625, "peak_allocated_gib": 7.100478649139404, "gpu_time_budget": null, "module": "model.layers.13.mlp.down_proj", "step": 3968}
{"stage": "sequential-round-coordinate", "pid": 4116221, "time": 1789708354.191347, "cuda_visible_devices": "5", "allocated_gib": 5.225533962249756, "reserved_gib": 8.041015625, "peak_allocated_gib": 7.100478649139404, "gpu_time_budget": null, "module": "model.layers.13.mlp.down_proj", "step": 4096}
{"stage": "sequential-round-coordinate", "pid": 4116221, "time": 1789708355.1658585, "cuda_visible_devices": "5", "allocated_gib": 5.225533962249756, "reserved_gib": 8.041015625, "peak_allocated_gib": 7.100478649139404, "gpu_time_budget": null, "module": "model.layers.13.mlp.down_proj", "step": 4224}
{"stage": "sequential-round-coordinate", "pid": 4116221, "time": 1789708356.1447363, "cuda_visible_devices": "5", "allocated_gib": 5.225533962249756, "reserved_gib": 8.041015625, "peak_allocated_gib": 7.100478649139404, "gpu_time_budget": null, "module": "model.layers.13.mlp.down_proj", "step": 4352}
{"stage": "sequential-round-coordinate", "pid": 4116221, "time": 1789708357.1220856, "cuda_visible_devices": "5", "allocated_gib": 5.225533962249756, "reserved_gib": 8.041015625, "peak_allocated_gib": 7.100478649139404, "gpu_time_budget": null, "module": "model.layers.13.mlp.down_proj", "step": 4480}
{"stage": "sequential-round-coordinate", "pid": 4116221, "time": 1789708358.0927217, "cuda_visible_devices": "5", "allocated_gib": 5.225533962249756, "reserved_gib": 8.041015625, "peak_allocated_gib": 7.100478649139404, "gpu_time_budget": null, "module": "model.layers.13.mlp.down_proj", "step": 4608}
{"stage": "sequential-round-coordinate", "pid": 4116221, "time": 1789708359.0688546, "cuda_visible_devices": "5", "allocated_gib": 5.225533962249756, "reserved_gib": 8.041015625, "peak_allocated_gib": 7.100478649139404, "gpu_time_budget": null, "module": "model.layers.13.mlp.down_proj", "step": 4736}
{"stage": "sequential-round-coordinate", "pid": 4116221, "time": 1789708360.0408132, "cuda_visible_devices": "5", "allocated_gib": 5.225533962249756, "reserved_gib": 8.041015625, "peak_allocated_gib": 7.100478649139404, "gpu_time_budget": null, "module": "model.layers.13.mlp.down_proj", "step": 4864}
{"stage": "sequential-round-coordinate", "pid": 4116221, "time": 1789708361.0165913, "cuda_visible_devices": "5", "allocated_gib": 5.225533962249756, "reserved_gib": 8.041015625, "peak_allocated_gib": 7.100478649139404, "gpu_time_budget": null, "module": "model.layers.13.mlp.down_proj", "step": 4992}
{"stage": "sequential-round-coordinate", "pid": 4116221, "time": 1789708361.9907908, "cuda_visible_devices": "5", "allocated_gib": 5.225533962249756, "reserved_gib": 8.041015625, "peak_allocated_gib": 7.100478649139404, "gpu_time_budget": null, "module": "model.layers.13.mlp.down_proj", "step": 5120}
{"stage": "sequential-round-coordinate", "pid": 4116221, "time": 1789708362.9622018, "cuda_visible_devices": "5", "allocated_gib": 5.225533962249756, "reserved_gib": 8.041015625, "peak_allocated_gib": 7.100478649139404, "gpu_time_budget": null, "module": "model.layers.13.mlp.down_proj", "step": 5248}
{"stage": "sequential-round-coordinate", "pid": 4116221, "time": 1789708363.9367292, "cuda_visible_devices": "5", "allocated_gib": 5.225533962249756, "reserved_gib": 8.041015625, "peak_allocated_gib": 7.100478649139404, "gpu_time_budget": null, "module": "model.layers.13.mlp.down_proj", "step": 5376}
{"stage": "sequential-round-coordinate", "pid": 4116221, "time": 1789708364.912823, "cuda_visible_devices": "5", "allocated_gib": 5.225533962249756, "reserved_gib": 8.041015625, "peak_allocated_gib": 7.100478649139404, "gpu_time_budget": null, "module": "model.layers.13.mlp.down_proj", "step": 5504}
{"stage": "sequential-round-coordinate", "pid": 4116221, "time": 1789708365.887303, "cuda_visible_devices": "5", "allocated_gib": 5.225533962249756, "reserved_gib": 8.041015625, "peak_allocated_gib": 7.100478649139404, "gpu_time_budget": null, "module": "model.layers.13.mlp.down_proj", "step": 5632}
{"stage": "sequential-round-coordinate", "pid": 4116221, "time": 1789708366.6481311, "cuda_visible_devices": "5", "allocated_gib": 5.225533962249756, "reserved_gib": 8.041015625, "peak_allocated_gib": 7.100478649139404, "gpu_time_budget": null, "module": "model.layers.13.mlp.down_proj", "step": 5760}
{"stage": "sequential-round-coordinate", "pid": 4116221, "time": 1789708367.42759, "cuda_visible_devices": "5", "allocated_gib": 5.225533962249756, "reserved_gib": 8.041015625, "peak_allocated_gib": 7.100478649139404, "gpu_time_budget": null, "module": "model.layers.13.mlp.down_proj", "step": 5888}
{"stage": "sequential-round-coordinate", "pid": 4116221, "time": 1789708368.2178884, "cuda_visible_devices": "5", "allocated_gib": 5.225533962249756, "reserved_gib": 8.041015625, "peak_allocated_gib": 7.100478649139404, "gpu_time_budget": null, "module": "model.layers.13.mlp.down_proj", "step": 6016}
{"stage": "sequential-round-coordinate", "pid": 4116221, "time": 1789708369.0336814, "cuda_visible_devices": "5", "allocated_gib": 5.225533962249756, "reserved_gib": 8.041015625, "peak_allocated_gib": 7.100478649139404, "gpu_time_budget": null, "module": "model.layers.13.mlp.down_proj", "step": 6144}
{"stage": "sequential-round-coordinate", "pid": 4116221, "time": 1789708369.8564916, "cuda_visible_devices": "5", "allocated_gib": 5.225533962249756, "reserved_gib": 8.041015625, "peak_allocated_gib": 7.100478649139404, "gpu_time_budget": null, "module": "model.layers.13.mlp.down_proj", "step": 6272}
{"stage": "sequential-round-coordinate", "pid": 4116221, "time": 1789708370.6351933, "cuda_visible_devices": "5", "allocated_gib": 5.225533962249756, "reserved_gib": 8.041015625, "peak_allocated_gib": 7.100478649139404, "gpu_time_budget": null, "module": "model.layers.13.mlp.down_proj", "step": 6400}
{"stage": "sequential-round-coordinate", "pid": 4116221, "time": 1789708371.4152853, "cuda_visible_devices": "5", "allocated_gib": 5.225533962249756, "reserved_gib": 8.041015625, "peak_allocated_gib": 7.100478649139404, "gpu_time_budget": null, "module": "model.layers.13.mlp.down_proj", "step": 6528}
{"stage": "sequential-round-coordinate", "pid": 4116221, "time": 1789708372.176849, "cuda_visible_devices": "5", "allocated_gib": 5.225533962249756, "reserved_gib": 8.041015625, "peak_allocated_gib": 7.100478649139404, "gpu_time_budget": null, "module": "model.layers.13.mlp.down_proj", "step": 6656}
{"stage": "sequential-round-coordinate", "pid": 4116221, "time": 1789708372.9595242, "cuda_visible_devices": "5", "allocated_gib": 5.225533962249756, "reserved_gib": 8.041015625, "peak_allocated_gib": 7.100478649139404, "gpu_time_budget": null, "module": "model.layers.13.mlp.down_proj", "step": 6784}
{"stage": "sequential-round-coordinate", "pid": 4116221, "time": 1789708373.739891, "cuda_visible_devices": "5", "allocated_gib": 5.225533962249756, "reserved_gib": 8.041015625, "peak_allocated_gib": 7.100478649139404, "gpu_time_budget": null, "module": "model.layers.13.mlp.down_proj", "step": 6912}
{"stage": "sequential-round-coordinate", "pid": 4116221, "time": 1789708374.523077, "cuda_visible_devices": "5", "allocated_gib": 5.225533962249756, "reserved_gib": 8.041015625, "peak_allocated_gib": 7.100478649139404, "gpu_time_budget": null, "module": "model.layers.13.mlp.down_proj", "step": 7040}
{"stage": "sequential-round-coordinate", "pid": 4116221, "time": 1789708375.311379, "cuda_visible_devices": "5", "allocated_gib": 5.225533962249756, "reserved_gib": 8.041015625, "peak_allocated_gib": 7.100478649139404, "gpu_time_budget": null, "module": "model.layers.13.mlp.down_proj", "step": 7168}
{"stage": "sequential-round-coordinate", "pid": 4116221, "time": 1789708376.1351867, "cuda_visible_devices": "5", "allocated_gib": 5.225533962249756, "reserved_gib": 8.041015625, "peak_allocated_gib": 7.100478649139404, "gpu_time_budget": null, "module": "model.layers.13.mlp.down_proj", "step": 7296}
{"stage": "sequential-round-coordinate", "pid": 4116221, "time": 1789708376.9573383, "cuda_visible_devices": "5", "allocated_gib": 5.225533962249756, "reserved_gib": 8.041015625, "peak_allocated_gib": 7.100478649139404, "gpu_time_budget": null, "module": "model.layers.13.mlp.down_proj", "step": 7424}
{"stage": "sequential-round-coordinate", "pid": 4116221, "time": 1789708377.7411454, "cuda_visible_devices": "5", "allocated_gib": 5.225533962249756, "reserved_gib": 8.041015625, "peak_allocated_gib": 7.100478649139404, "gpu_time_budget": null, "module": "model.layers.13.mlp.down_proj", "step": 7552}
{"stage": "sequential-round-coordinate", "pid": 4116221, "time": 1789708378.5165794, "cuda_visible_devices": "5", "allocated_gib": 5.225533962249756, "reserved_gib": 8.041015625, "peak_allocated_gib": 7.100478649139404, "gpu_time_budget": null, "module": "model.layers.13.mlp.down_proj", "step": 7680}
{"stage": "sequential-round-coordinate", "pid": 4116221, "time": 1789708379.3023303, "cuda_visible_devices": "5", "allocated_gib": 5.225533962249756, "reserved_gib": 8.041015625, "peak_allocated_gib": 7.100478649139404, "gpu_time_budget": null, "module": "model.layers.13.mlp.down_proj", "step": 7808}
{"stage": "sequential-round-coordinate", "pid": 4116221, "time": 1789708380.0874639, "cuda_visible_devices": "5", "allocated_gib": 5.225533962249756, "reserved_gib": 8.041015625, "peak_allocated_gib": 7.100478649139404, "gpu_time_budget": null, "module": "model.layers.13.mlp.down_proj", "step": 7936}
{"stage": "sequential-round-coordinate", "pid": 4116221, "time": 1789708380.8716495, "cuda_visible_devices": "5", "allocated_gib": 5.225533962249756, "reserved_gib": 8.041015625, "peak_allocated_gib": 7.100478649139404, "gpu_time_budget": null, "module": "model.layers.13.mlp.down_proj", "step": 8064}
{"stage": "sequential-round-coordinate", "pid": 4116221, "time": 1789708381.7145174, "cuda_visible_devices": "5", "allocated_gib": 5.225533962249756, "reserved_gib": 8.041015625, "peak_allocated_gib": 7.100478649139404, "gpu_time_budget": null, "module": "model.layers.13.mlp.down_proj", "step": 8192}
{"stage": "sequential-round-train-nll", "pid": 4116221, "time": 1789708381.7581775, "cuda_visible_devices": "5", "allocated_gib": 3.795783519744873, "reserved_gib": 3.80078125, "peak_allocated_gib": 7.100478649139404, "gpu_time_budget": null, "module": "model.layers.13.mlp.down_proj", "step": 512}
Evaluation segment 1/1: start=0, windows=8, seqlen=2048
{"stage": "sequential-round-train-nll", "pid": 4116221, "time": 1789708385.402391, "cuda_visible_devices": "5", "allocated_gib": 3.795783519744873, "reserved_gib": 5.791015625, "peak_allocated_gib": 7.100478649139404, "gpu_time_budget": null, "module": "model.layers.13.mlp.down_proj", "step": 2048}
Evaluation segment 1/1: start=0, windows=8, seqlen=2048
{"stage": "sequential-round-train-nll", "pid": 4116221, "time": 1789708388.856595, "cuda_visible_devices": "5", "allocated_gib": 3.795783519744873, "reserved_gib": 5.791015625, "peak_allocated_gib": 7.100478649139404, "gpu_time_budget": null, "module": "model.layers.13.mlp.down_proj", "step": 8192}
Evaluation segment 1/1: start=0, windows=8, seqlen=2048
{"stage": "sequential-module-completed", "pid": 4116221, "time": 1789708394.5759265, "cuda_visible_devices": "5", "allocated_gib": 3.795783519744873, "reserved_gib": 5.791015625, "peak_allocated_gib": 7.100478649139404, "gpu_time_budget": null, "module": "model.layers.13.mlp.down_proj", "completed": 14, "total": 28, "selected_train_nll": 2.983175027254225, "elapsed_seconds": 1022.0023085830035}
{"stage": "sequential-round-fit", "pid": 4116221, "time": 1789708403.1425803, "cuda_visible_devices": "5", "allocated_gib": 3.795783519744873, "reserved_gib": 5.791015625, "peak_allocated_gib": 7.100478649139404, "gpu_time_budget": null, "module": "model.layers.14.mlp.down_proj", "fit_rows": 49152, "heldout_rows": 16384}
{"stage": "sequential-round-coordinate", "pid": 4116221, "time": 1789708404.440745, "cuda_visible_devices": "5", "allocated_gib": 5.225533962249756, "reserved_gib": 8.041015625, "peak_allocated_gib": 7.100478649139404, "gpu_time_budget": null, "module": "model.layers.14.mlp.down_proj", "step": 128}
{"stage": "sequential-round-coordinate", "pid": 4116221, "time": 1789708405.4189947, "cuda_visible_devices": "5", "allocated_gib": 5.225533962249756, "reserved_gib": 8.041015625, "peak_allocated_gib": 7.100478649139404, "gpu_time_budget": null, "module": "model.layers.14.mlp.down_proj", "step": 256}
{"stage": "sequential-round-coordinate", "pid": 4116221, "time": 1789708406.3956723, "cuda_visible_devices": "5", "allocated_gib": 5.225533962249756, "reserved_gib": 8.041015625, "peak_allocated_gib": 7.100478649139404, "gpu_time_budget": null, "module": "model.layers.14.mlp.down_proj", "step": 384}
{"stage": "sequential-round-coordinate", "pid": 4116221, "time": 1789708407.4672978, "cuda_visible_devices": "5", "allocated_gib": 5.225533962249756, "reserved_gib": 8.041015625, "peak_allocated_gib": 7.100478649139404, "gpu_time_budget": null, "module": "model.layers.14.mlp.down_proj", "step": 512}
{"stage": "sequential-round-coordinate", "pid": 4116221, "time": 1789708408.4445648, "cuda_visible_devices": "5", "allocated_gib": 5.225533962249756, "reserved_gib": 8.041015625, "peak_allocated_gib": 7.100478649139404, "gpu_time_budget": null, "module": "model.layers.14.mlp.down_proj", "step": 640}
{"stage": "sequential-round-coordinate", "pid": 4116221, "time": 1789708409.4248354, "cuda_visible_devices": "5", "allocated_gib": 5.225533962249756, "reserved_gib": 8.041015625, "peak_allocated_gib": 7.100478649139404, "gpu_time_budget": null, "module": "model.layers.14.mlp.down_proj", "step": 768}
{"stage": "sequential-round-coordinate", "pid": 4116221, "time": 1789708410.39881, "cuda_visible_devices": "5", "allocated_gib": 5.225533962249756, "reserved_gib": 8.041015625, "peak_allocated_gib": 7.100478649139404, "gpu_time_budget": null, "module": "model.layers.14.mlp.down_proj", "step": 896}
{"stage": "sequential-round-coordinate", "pid": 4116221, "time": 1789708411.37475, "cuda_visible_devices": "5", "allocated_gib": 5.225533962249756, "reserved_gib": 8.041015625, "peak_allocated_gib": 7.100478649139404, "gpu_time_budget": null, "module": "model.layers.14.mlp.down_proj", "step": 1024}
{"stage": "sequential-round-coordinate", "pid": 4116221, "time": 1789708412.3499959, "cuda_visible_devices": "5", "allocated_gib": 5.225533962249756, "reserved_gib": 8.041015625, "peak_allocated_gib": 7.100478649139404, "gpu_time_budget": null, "module": "model.layers.14.mlp.down_proj", "step": 1152}
{"stage": "sequential-round-coordinate", "pid": 4116221, "time": 1789708413.3262305, "cuda_visible_devices": "5", "allocated_gib": 5.225533962249756, "reserved_gib": 8.041015625, "peak_allocated_gib": 7.100478649139404, "gpu_time_budget": null, "module": "model.layers.14.mlp.down_proj", "step": 1280}
{"stage": "sequential-round-coordinate", "pid": 4116221, "time": 1789708414.3038223, "cuda_visible_devices": "5", "allocated_gib": 5.225533962249756, "reserved_gib": 8.041015625, "peak_allocated_gib": 7.100478649139404, "gpu_time_budget": null, "module": "model.layers.14.mlp.down_proj", "step": 1408}
{"stage": "sequential-round-coordinate", "pid": 4116221, "time": 1789708415.279755, "cuda_visible_devices": "5", "allocated_gib": 5.225533962249756, "reserved_gib": 8.041015625, "peak_allocated_gib": 7.100478649139404, "gpu_time_budget": null, "module": "model.layers.14.mlp.down_proj", "step": 1536}
{"stage": "sequential-round-coordinate", "pid": 4116221, "time": 1789708416.2550256, "cuda_visible_devices": "5", "allocated_gib": 5.225533962249756, "reserved_gib": 8.041015625, "peak_allocated_gib": 7.100478649139404, "gpu_time_budget": null, "module": "model.layers.14.mlp.down_proj", "step": 1664}
{"stage": "sequential-round-coordinate", "pid": 4116221, "time": 1789708417.2282312, "cuda_visible_devices": "5", "allocated_gib": 5.225533962249756, "reserved_gib": 8.041015625, "peak_allocated_gib": 7.100478649139404, "gpu_time_budget": null, "module": "model.layers.14.mlp.down_proj", "step": 1792}
{"stage": "sequential-round-coordinate", "pid": 4116221, "time": 1789708418.2034976, "cuda_visible_devices": "5", "allocated_gib": 5.225533962249756, "reserved_gib": 8.041015625, "peak_allocated_gib": 7.100478649139404, "gpu_time_budget": null, "module": "model.layers.14.mlp.down_proj", "step": 1920}
{"stage": "sequential-round-coordinate", "pid": 4116221, "time": 1789708419.2620316, "cuda_visible_devices": "5", "allocated_gib": 5.225533962249756, "reserved_gib": 8.041015625, "peak_allocated_gib": 7.100478649139404, "gpu_time_budget": null, "module": "model.layers.14.mlp.down_proj", "step": 2048}
{"stage": "sequential-round-coordinate", "pid": 4116221, "time": 1789708420.2340112, "cuda_visible_devices": "5", "allocated_gib": 5.225533962249756, "reserved_gib": 8.041015625, "peak_allocated_gib": 7.100478649139404, "gpu_time_budget": null, "module": "model.layers.14.mlp.down_proj", "step": 2176}
{"stage": "sequential-round-coordinate", "pid": 4116221, "time": 1789708421.2071972, "cuda_visible_devices": "5", "allocated_gib": 5.225533962249756, "reserved_gib": 8.041015625, "peak_allocated_gib": 7.100478649139404, "gpu_time_budget": null, "module": "model.layers.14.mlp.down_proj", "step": 2304}
{"stage": "sequential-round-coordinate", "pid": 4116221, "time": 1789708422.180412, "cuda_visible_devices": "5", "allocated_gib": 5.225533962249756, "reserved_gib": 8.041015625, "peak_allocated_gib": 7.100478649139404, "gpu_time_budget": null, "module": "model.layers.14.mlp.down_proj", "step": 2432}
{"stage": "sequential-round-coordinate", "pid": 4116221, "time": 1789708423.1537616, "cuda_visible_devices": "5", "allocated_gib": 5.225533962249756, "reserved_gib": 8.041015625, "peak_allocated_gib": 7.100478649139404, "gpu_time_budget": null, "module": "model.layers.14.mlp.down_proj", "step": 2560}
{"stage": "sequential-round-coordinate", "pid": 4116221, "time": 1789708424.1357915, "cuda_visible_devices": "5", "allocated_gib": 5.225533962249756, "reserved_gib": 8.041015625, "peak_allocated_gib": 7.100478649139404, "gpu_time_budget": null, "module": "model.layers.14.mlp.down_proj", "step": 2688}
{"stage": "sequential-round-coordinate", "pid": 4116221, "time": 1789708425.1076615, "cuda_visible_devices": "5", "allocated_gib": 5.225533962249756, "reserved_gib": 8.041015625, "peak_allocated_gib": 7.100478649139404, "gpu_time_budget": null, "module": "model.layers.14.mlp.down_proj", "step": 2816}
{"stage": "sequential-round-coordinate", "pid": 4116221, "time": 1789708426.0790718, "cuda_visible_devices": "5", "allocated_gib": 5.225533962249756, "reserved_gib": 8.041015625, "peak_allocated_gib": 7.100478649139404, "gpu_time_budget": null, "module": "model.layers.14.mlp.down_proj", "step": 2944}
{"stage": "sequential-round-coordinate", "pid": 4116221, "time": 1789708427.0585847, "cuda_visible_devices": "5", "allocated_gib": 5.225533962249756, "reserved_gib": 8.041015625, "peak_allocated_gib": 7.100478649139404, "gpu_time_budget": null, "module": "model.layers.14.mlp.down_proj", "step": 3072}
{"stage": "sequential-round-coordinate", "pid": 4116221, "time": 1789708428.0337255, "cuda_visible_devices": "5", "allocated_gib": 5.225533962249756, "reserved_gib": 8.041015625, "peak_allocated_gib": 7.100478649139404, "gpu_time_budget": null, "module": "model.layers.14.mlp.down_proj", "step": 3200}
{"stage": "sequential-round-coordinate", "pid": 4116221, "time": 1789708429.0096915, "cuda_visible_devices": "5", "allocated_gib": 5.225533962249756, "reserved_gib": 8.041015625, "peak_allocated_gib": 7.100478649139404, "gpu_time_budget": null, "module": "model.layers.14.mlp.down_proj", "step": 3328}
{"stage": "sequential-round-coordinate", "pid": 4116221, "time": 1789708429.9844851, "cuda_visible_devices": "5", "allocated_gib": 5.225533962249756, "reserved_gib": 8.041015625, "peak_allocated_gib": 7.100478649139404, "gpu_time_budget": null, "module": "model.layers.14.mlp.down_proj", "step": 3456}
{"stage": "sequential-round-coordinate", "pid": 4116221, "time": 1789708430.9577088, "cuda_visible_devices": "5", "allocated_gib": 5.225533962249756, "reserved_gib": 8.041015625, "peak_allocated_gib": 7.100478649139404, "gpu_time_budget": null, "module": "model.layers.14.mlp.down_proj", "step": 3584}
{"stage": "sequential-round-coordinate", "pid": 4116221, "time": 1789708431.9294372, "cuda_visible_devices": "5", "allocated_gib": 5.225533962249756, "reserved_gib": 8.041015625, "peak_allocated_gib": 7.100478649139404, "gpu_time_budget": null, "module": "model.layers.14.mlp.down_proj", "step": 3712}
{"stage": "sequential-round-coordinate", "pid": 4116221, "time": 1789708432.9091833, "cuda_visible_devices": "5", "allocated_gib": 5.225533962249756, "reserved_gib": 8.041015625, "peak_allocated_gib": 7.100478649139404, "gpu_time_budget": null, "module": "model.layers.14.mlp.down_proj", "step": 3840}
{"stage": "sequential-round-coordinate", "pid": 4116221, "time": 1789708433.885799, "cuda_visible_devices": "5", "allocated_gib": 5.225533962249756, "reserved_gib": 8.041015625, "peak_allocated_gib": 7.100478649139404, "gpu_time_budget": null, "module": "model.layers.14.mlp.down_proj", "step": 3968}
{"stage": "sequential-round-coordinate", "pid": 4116221, "time": 1789708434.8605225, "cuda_visible_devices": "5", "allocated_gib": 5.225533962249756, "reserved_gib": 8.041015625, "peak_allocated_gib": 7.100478649139404, "gpu_time_budget": null, "module": "model.layers.14.mlp.down_proj", "step": 4096}
{"stage": "sequential-round-coordinate", "pid": 4116221, "time": 1789708435.83437, "cuda_visible_devices": "5", "allocated_gib": 5.225533962249756, "reserved_gib": 8.041015625, "peak_allocated_gib": 7.100478649139404, "gpu_time_budget": null, "module": "model.layers.14.mlp.down_proj", "step": 4224}
{"stage": "sequential-round-coordinate", "pid": 4116221, "time": 1789708436.8065174, "cuda_visible_devices": "5", "allocated_gib": 5.225533962249756, "reserved_gib": 8.041015625, "peak_allocated_gib": 7.100478649139404, "gpu_time_budget": null, "module": "model.layers.14.mlp.down_proj", "step": 4352}
{"stage": "sequential-round-coordinate", "pid": 4116221, "time": 1789708437.7782862, "cuda_visible_devices": "5", "allocated_gib": 5.225533962249756, "reserved_gib": 8.041015625, "peak_allocated_gib": 7.100478649139404, "gpu_time_budget": null, "module": "model.layers.14.mlp.down_proj", "step": 4480}
{"stage": "sequential-round-coordinate", "pid": 4116221, "time": 1789708438.751908, "cuda_visible_devices": "5", "allocated_gib": 5.225533962249756, "reserved_gib": 8.041015625, "peak_allocated_gib": 7.100478649139404, "gpu_time_budget": null, "module": "model.layers.14.mlp.down_proj", "step": 4608}
{"stage": "sequential-round-coordinate", "pid": 4116221, "time": 1789708439.7237866, "cuda_visible_devices": "5", "allocated_gib": 5.225533962249756, "reserved_gib": 8.041015625, "peak_allocated_gib": 7.100478649139404, "gpu_time_budget": null, "module": "model.layers.14.mlp.down_proj", "step": 4736}
{"stage": "sequential-round-coordinate", "pid": 4116221, "time": 1789708440.6978066, "cuda_visible_devices": "5", "allocated_gib": 5.225533962249756, "reserved_gib": 8.041015625, "peak_allocated_gib": 7.100478649139404, "gpu_time_budget": null, "module": "model.layers.14.mlp.down_proj", "step": 4864}
{"stage": "sequential-round-coordinate", "pid": 4116221, "time": 1789708441.670476, "cuda_visible_devices": "5", "allocated_gib": 5.225533962249756, "reserved_gib": 8.041015625, "peak_allocated_gib": 7.100478649139404, "gpu_time_budget": null, "module": "model.layers.14.mlp.down_proj", "step": 4992}
{"stage": "sequential-round-coordinate", "pid": 4116221, "time": 1789708442.6433487, "cuda_visible_devices": "5", "allocated_gib": 5.225533962249756, "reserved_gib": 8.041015625, "peak_allocated_gib": 7.100478649139404, "gpu_time_budget": null, "module": "model.layers.14.mlp.down_proj", "step": 5120}
{"stage": "sequential-round-coordinate", "pid": 4116221, "time": 1789708443.6162472, "cuda_visible_devices": "5", "allocated_gib": 5.225533962249756, "reserved_gib": 8.041015625, "peak_allocated_gib": 7.100478649139404, "gpu_time_budget": null, "module": "model.layers.14.mlp.down_proj", "step": 5248}
{"stage": "sequential-round-coordinate", "pid": 4116221, "time": 1789708444.588028, "cuda_visible_devices": "5", "allocated_gib": 5.225533962249756, "reserved_gib": 8.041015625, "peak_allocated_gib": 7.100478649139404, "gpu_time_budget": null, "module": "model.layers.14.mlp.down_proj", "step": 5376}
{"stage": "sequential-round-coordinate", "pid": 4116221, "time": 1789708445.566384, "cuda_visible_devices": "5", "allocated_gib": 5.225533962249756, "reserved_gib": 8.041015625, "peak_allocated_gib": 7.100478649139404, "gpu_time_budget": null, "module": "model.layers.14.mlp.down_proj", "step": 5504}
{"stage": "sequential-round-coordinate", "pid": 4116221, "time": 1789708446.289587, "cuda_visible_devices": "5", "allocated_gib": 5.225533962249756, "reserved_gib": 8.041015625, "peak_allocated_gib": 7.100478649139404, "gpu_time_budget": null, "module": "model.layers.14.mlp.down_proj", "step": 5632}
{"stage": "sequential-round-coordinate", "pid": 4116221, "time": 1789708447.1078708, "cuda_visible_devices": "5", "allocated_gib": 5.225533962249756, "reserved_gib": 8.041015625, "peak_allocated_gib": 7.100478649139404, "gpu_time_budget": null, "module": "model.layers.14.mlp.down_proj", "step": 5760}
{"stage": "sequential-round-coordinate", "pid": 4116221, "time": 1789708447.9206161, "cuda_visible_devices": "5", "allocated_gib": 5.225533962249756, "reserved_gib": 8.041015625, "peak_allocated_gib": 7.100478649139404, "gpu_time_budget": null, "module": "model.layers.14.mlp.down_proj", "step": 5888}
{"stage": "sequential-round-coordinate", "pid": 4116221, "time": 1789708448.6976714, "cuda_visible_devices": "5", "allocated_gib": 5.225533962249756, "reserved_gib": 8.041015625, "peak_allocated_gib": 7.100478649139404, "gpu_time_budget": null, "module": "model.layers.14.mlp.down_proj", "step": 6016}
{"stage": "sequential-round-coordinate", "pid": 4116221, "time": 1789708449.4749885, "cuda_visible_devices": "5", "allocated_gib": 5.225533962249756, "reserved_gib": 8.041015625, "peak_allocated_gib": 7.100478649139404, "gpu_time_budget": null, "module": "model.layers.14.mlp.down_proj", "step": 6144}
{"stage": "sequential-round-coordinate", "pid": 4116221, "time": 1789708450.252767, "cuda_visible_devices": "5", "allocated_gib": 5.225533962249756, "reserved_gib": 8.041015625, "peak_allocated_gib": 7.100478649139404, "gpu_time_budget": null, "module": "model.layers.14.mlp.down_proj", "step": 6272}
{"stage": "sequential-round-coordinate", "pid": 4116221, "time": 1789708451.0305707, "cuda_visible_devices": "5", "allocated_gib": 5.225533962249756, "reserved_gib": 8.041015625, "peak_allocated_gib": 7.100478649139404, "gpu_time_budget": null, "module": "model.layers.14.mlp.down_proj", "step": 6400}
{"stage": "sequential-round-coordinate", "pid": 4116221, "time": 1789708451.7908173, "cuda_visible_devices": "5", "allocated_gib": 5.225533962249756, "reserved_gib": 8.041015625, "peak_allocated_gib": 7.100478649139404, "gpu_time_budget": null, "module": "model.layers.14.mlp.down_proj", "step": 6528}
{"stage": "sequential-round-coordinate", "pid": 4116221, "time": 1789708452.5680523, "cuda_visible_devices": "5", "allocated_gib": 5.225533962249756, "reserved_gib": 8.041015625, "peak_allocated_gib": 7.100478649139404, "gpu_time_budget": null, "module": "model.layers.14.mlp.down_proj", "step": 6656}
{"stage": "sequential-round-coordinate", "pid": 4116221, "time": 1789708453.3760438, "cuda_visible_devices": "5", "allocated_gib": 5.225533962249756, "reserved_gib": 8.041015625, "peak_allocated_gib": 7.100478649139404, "gpu_time_budget": null, "module": "model.layers.14.mlp.down_proj", "step": 6784}
{"stage": "sequential-round-coordinate", "pid": 4116221, "time": 1789708454.1965196, "cuda_visible_devices": "5", "allocated_gib": 5.225533962249756, "reserved_gib": 8.041015625, "peak_allocated_gib": 7.100478649139404, "gpu_time_budget": null, "module": "model.layers.14.mlp.down_proj", "step": 6912}
{"stage": "sequential-round-coordinate", "pid": 4116221, "time": 1789708455.0049727, "cuda_visible_devices": "5", "allocated_gib": 5.225533962249756, "reserved_gib": 8.041015625, "peak_allocated_gib": 7.100478649139404, "gpu_time_budget": null, "module": "model.layers.14.mlp.down_proj", "step": 7040}
{"stage": "sequential-round-coordinate", "pid": 4116221, "time": 1789708455.7896605, "cuda_visible_devices": "5", "allocated_gib": 5.225533962249756, "reserved_gib": 8.041015625, "peak_allocated_gib": 7.100478649139404, "gpu_time_budget": null, "module": "model.layers.14.mlp.down_proj", "step": 7168}
{"stage": "sequential-round-coordinate", "pid": 4116221, "time": 1789708456.5732677, "cuda_visible_devices": "5", "allocated_gib": 5.225533962249756, "reserved_gib": 8.041015625, "peak_allocated_gib": 7.100478649139404, "gpu_time_budget": null, "module": "model.layers.14.mlp.down_proj", "step": 7296}
{"stage": "sequential-round-coordinate", "pid": 4116221, "time": 1789708457.3411736, "cuda_visible_devices": "5", "allocated_gib": 5.225533962249756, "reserved_gib": 8.041015625, "peak_allocated_gib": 7.100478649139404, "gpu_time_budget": null, "module": "model.layers.14.mlp.down_proj", "step": 7424}
{"stage": "sequential-round-coordinate", "pid": 4116221, "time": 1789708458.1252787, "cuda_visible_devices": "5", "allocated_gib": 5.225533962249756, "reserved_gib": 8.041015625, "peak_allocated_gib": 7.100478649139404, "gpu_time_budget": null, "module": "model.layers.14.mlp.down_proj", "step": 7552}
{"stage": "sequential-round-coordinate", "pid": 4116221, "time": 1789708458.9082766, "cuda_visible_devices": "5", "allocated_gib": 5.225533962249756, "reserved_gib": 8.041015625, "peak_allocated_gib": 7.100478649139404, "gpu_time_budget": null, "module": "model.layers.14.mlp.down_proj", "step": 7680}
{"stage": "sequential-round-coordinate", "pid": 4116221, "time": 1789708459.6924217, "cuda_visible_devices": "5", "allocated_gib": 5.225533962249756, "reserved_gib": 8.041015625, "peak_allocated_gib": 7.100478649139404, "gpu_time_budget": null, "module": "model.layers.14.mlp.down_proj", "step": 7808}
{"stage": "sequential-round-coordinate", "pid": 4116221, "time": 1789708460.4942772, "cuda_visible_devices": "5", "allocated_gib": 5.225533962249756, "reserved_gib": 8.041015625, "peak_allocated_gib": 7.100478649139404, "gpu_time_budget": null, "module": "model.layers.14.mlp.down_proj", "step": 7936}
{"stage": "sequential-round-coordinate", "pid": 4116221, "time": 1789708461.3170862, "cuda_visible_devices": "5", "allocated_gib": 5.225533962249756, "reserved_gib": 8.041015625, "peak_allocated_gib": 7.100478649139404, "gpu_time_budget": null, "module": "model.layers.14.mlp.down_proj", "step": 8064}
{"stage": "sequential-round-coordinate", "pid": 4116221, "time": 1789708462.2107596, "cuda_visible_devices": "5", "allocated_gib": 5.225533962249756, "reserved_gib": 8.041015625, "peak_allocated_gib": 7.100478649139404, "gpu_time_budget": null, "module": "model.layers.14.mlp.down_proj", "step": 8192}
{"stage": "sequential-round-train-nll", "pid": 4116221, "time": 1789708462.295962, "cuda_visible_devices": "5", "allocated_gib": 3.795783519744873, "reserved_gib": 3.80078125, "peak_allocated_gib": 7.100478649139404, "gpu_time_budget": null, "module": "model.layers.14.mlp.down_proj", "step": 512}
Evaluation segment 1/1: start=0, windows=8, seqlen=2048
{"stage": "sequential-round-train-nll", "pid": 4116221, "time": 1789708465.8017178, "cuda_visible_devices": "5", "allocated_gib": 3.795783519744873, "reserved_gib": 5.791015625, "peak_allocated_gib": 7.100478649139404, "gpu_time_budget": null, "module": "model.layers.14.mlp.down_proj", "step": 2048}
Evaluation segment 1/1: start=0, windows=8, seqlen=2048
{"stage": "sequential-round-train-nll", "pid": 4116221, "time": 1789708469.264645, "cuda_visible_devices": "5", "allocated_gib": 3.795783519744873, "reserved_gib": 5.791015625, "peak_allocated_gib": 7.100478649139404, "gpu_time_budget": null, "module": "model.layers.14.mlp.down_proj", "step": 8192}
Evaluation segment 1/1: start=0, windows=8, seqlen=2048
{"stage": "sequential-module-completed", "pid": 4116221, "time": 1789708475.439976, "cuda_visible_devices": "5", "allocated_gib": 3.795783519744873, "reserved_gib": 5.791015625, "peak_allocated_gib": 7.100478649139404, "gpu_time_budget": null, "module": "model.layers.14.mlp.down_proj", "completed": 15, "total": 28, "selected_train_nll": 2.983175027254225, "elapsed_seconds": 1102.8663570929784}
{"stage": "sequential-round-fit", "pid": 4116221, "time": 1789708484.556052, "cuda_visible_devices": "5", "allocated_gib": 3.795783519744873, "reserved_gib": 5.791015625, "peak_allocated_gib": 7.100478649139404, "gpu_time_budget": null, "module": "model.layers.15.mlp.down_proj", "fit_rows": 49152, "heldout_rows": 16384}
{"stage": "sequential-round-coordinate", "pid": 4116221, "time": 1789708485.8469374, "cuda_visible_devices": "5", "allocated_gib": 5.225533962249756, "reserved_gib": 8.041015625, "peak_allocated_gib": 7.100478649139404, "gpu_time_budget": null, "module": "model.layers.15.mlp.down_proj", "step": 128}
{"stage": "sequential-round-coordinate", "pid": 4116221, "time": 1789708486.8263085, "cuda_visible_devices": "5", "allocated_gib": 5.225533962249756, "reserved_gib": 8.041015625, "peak_allocated_gib": 7.100478649139404, "gpu_time_budget": null, "module": "model.layers.15.mlp.down_proj", "step": 256}
{"stage": "sequential-round-coordinate", "pid": 4116221, "time": 1789708487.8049252, "cuda_visible_devices": "5", "allocated_gib": 5.225533962249756, "reserved_gib": 8.041015625, "peak_allocated_gib": 7.100478649139404, "gpu_time_budget": null, "module": "model.layers.15.mlp.down_proj", "step": 384}
{"stage": "sequential-round-coordinate", "pid": 4116221, "time": 1789708488.8799639, "cuda_visible_devices": "5", "allocated_gib": 5.225533962249756, "reserved_gib": 8.041015625, "peak_allocated_gib": 7.100478649139404, "gpu_time_budget": null, "module": "model.layers.15.mlp.down_proj", "step": 512}
{"stage": "sequential-round-coordinate", "pid": 4116221, "time": 1789708489.8593702, "cuda_visible_devices": "5", "allocated_gib": 5.225533962249756, "reserved_gib": 8.041015625, "peak_allocated_gib": 7.100478649139404, "gpu_time_budget": null, "module": "model.layers.15.mlp.down_proj", "step": 640}
{"stage": "sequential-round-coordinate", "pid": 4116221, "time": 1789708490.8377006, "cuda_visible_devices": "5", "allocated_gib": 5.225533962249756, "reserved_gib": 8.041015625, "peak_allocated_gib": 7.100478649139404, "gpu_time_budget": null, "module": "model.layers.15.mlp.down_proj", "step": 768}
{"stage": "sequential-round-coordinate", "pid": 4116221, "time": 1789708491.8170614, "cuda_visible_devices": "5", "allocated_gib": 5.225533962249756, "reserved_gib": 8.041015625, "peak_allocated_gib": 7.100478649139404, "gpu_time_budget": null, "module": "model.layers.15.mlp.down_proj", "step": 896}
{"stage": "sequential-round-coordinate", "pid": 4116221, "time": 1789708492.7950788, "cuda_visible_devices": "5", "allocated_gib": 5.225533962249756, "reserved_gib": 8.041015625, "peak_allocated_gib": 7.100478649139404, "gpu_time_budget": null, "module": "model.layers.15.mlp.down_proj", "step": 1024}
{"stage": "sequential-round-coordinate", "pid": 4116221, "time": 1789708493.772825, "cuda_visible_devices": "5", "allocated_gib": 5.225533962249756, "reserved_gib": 8.041015625, "peak_allocated_gib": 7.100478649139404, "gpu_time_budget": null, "module": "model.layers.15.mlp.down_proj", "step": 1152}
{"stage": "sequential-round-coordinate", "pid": 4116221, "time": 1789708494.751435, "cuda_visible_devices": "5", "allocated_gib": 5.225533962249756, "reserved_gib": 8.041015625, "peak_allocated_gib": 7.100478649139404, "gpu_time_budget": null, "module": "model.layers.15.mlp.down_proj", "step": 1280}
{"stage": "sequential-round-coordinate", "pid": 4116221, "time": 1789708495.7330537, "cuda_visible_devices": "5", "allocated_gib": 5.225533962249756, "reserved_gib": 8.041015625, "peak_allocated_gib": 7.100478649139404, "gpu_time_budget": null, "module": "model.layers.15.mlp.down_proj", "step": 1408}
{"stage": "sequential-round-coordinate", "pid": 4116221, "time": 1789708496.7063282, "cuda_visible_devices": "5", "allocated_gib": 5.225533962249756, "reserved_gib": 8.041015625, "peak_allocated_gib": 7.100478649139404, "gpu_time_budget": null, "module": "model.layers.15.mlp.down_proj", "step": 1536}
{"stage": "sequential-round-coordinate", "pid": 4116221, "time": 1789708497.6816955, "cuda_visible_devices": "5", "allocated_gib": 5.225533962249756, "reserved_gib": 8.041015625, "peak_allocated_gib": 7.100478649139404, "gpu_time_budget": null, "module": "model.layers.15.mlp.down_proj", "step": 1664}
{"stage": "sequential-round-coordinate", "pid": 4116221, "time": 1789708498.6639228, "cuda_visible_devices": "5", "allocated_gib": 5.225533962249756, "reserved_gib": 8.041015625, "peak_allocated_gib": 7.100478649139404, "gpu_time_budget": null, "module": "model.layers.15.mlp.down_proj", "step": 1792}
{"stage": "sequential-round-coordinate", "pid": 4116221, "time": 1789708499.645675, "cuda_visible_devices": "5", "allocated_gib": 5.225533962249756, "reserved_gib": 8.041015625, "peak_allocated_gib": 7.100478649139404, "gpu_time_budget": null, "module": "model.layers.15.mlp.down_proj", "step": 1920}
{"stage": "sequential-round-coordinate", "pid": 4116221, "time": 1789708500.7134392, "cuda_visible_devices": "5", "allocated_gib": 5.225533962249756, "reserved_gib": 8.041015625, "peak_allocated_gib": 7.100478649139404, "gpu_time_budget": null, "module": "model.layers.15.mlp.down_proj", "step": 2048}
{"stage": "sequential-round-coordinate", "pid": 4116221, "time": 1789708501.6974623, "cuda_visible_devices": "5", "allocated_gib": 5.225533962249756, "reserved_gib": 8.041015625, "peak_allocated_gib": 7.100478649139404, "gpu_time_budget": null, "module": "model.layers.15.mlp.down_proj", "step": 2176}
{"stage": "sequential-round-coordinate", "pid": 4116221, "time": 1789708502.6807299, "cuda_visible_devices": "5", "allocated_gib": 5.225533962249756, "reserved_gib": 8.041015625, "peak_allocated_gib": 7.100478649139404, "gpu_time_budget": null, "module": "model.layers.15.mlp.down_proj", "step": 2304}
{"stage": "sequential-round-coordinate", "pid": 4116221, "time": 1789708503.6637168, "cuda_visible_devices": "5", "allocated_gib": 5.225533962249756, "reserved_gib": 8.041015625, "peak_allocated_gib": 7.100478649139404, "gpu_time_budget": null, "module": "model.layers.15.mlp.down_proj", "step": 2432}
{"stage": "sequential-round-coordinate", "pid": 4116221, "time": 1789708504.647027, "cuda_visible_devices": "5", "allocated_gib": 5.225533962249756, "reserved_gib": 8.041015625, "peak_allocated_gib": 7.100478649139404, "gpu_time_budget": null, "module": "model.layers.15.mlp.down_proj", "step": 2560}
{"stage": "sequential-round-coordinate", "pid": 4116221, "time": 1789708505.6308873, "cuda_visible_devices": "5", "allocated_gib": 5.225533962249756, "reserved_gib": 8.041015625, "peak_allocated_gib": 7.100478649139404, "gpu_time_budget": null, "module": "model.layers.15.mlp.down_proj", "step": 2688}
{"stage": "sequential-round-coordinate", "pid": 4116221, "time": 1789708506.6143403, "cuda_visible_devices": "5", "allocated_gib": 5.225533962249756, "reserved_gib": 8.041015625, "peak_allocated_gib": 7.100478649139404, "gpu_time_budget": null, "module": "model.layers.15.mlp.down_proj", "step": 2816}
{"stage": "sequential-round-coordinate", "pid": 4116221, "time": 1789708507.5978386, "cuda_visible_devices": "5", "allocated_gib": 5.225533962249756, "reserved_gib": 8.041015625, "peak_allocated_gib": 7.100478649139404, "gpu_time_budget": null, "module": "model.layers.15.mlp.down_proj", "step": 2944}
{"stage": "sequential-round-coordinate", "pid": 4116221, "time": 1789708508.5826607, "cuda_visible_devices": "5", "allocated_gib": 5.225533962249756, "reserved_gib": 8.041015625, "peak_allocated_gib": 7.100478649139404, "gpu_time_budget": null, "module": "model.layers.15.mlp.down_proj", "step": 3072}
{"stage": "sequential-round-coordinate", "pid": 4116221, "time": 1789708509.56439, "cuda_visible_devices": "5", "allocated_gib": 5.225533962249756, "reserved_gib": 8.041015625, "peak_allocated_gib": 7.100478649139404, "gpu_time_budget": null, "module": "model.layers.15.mlp.down_proj", "step": 3200}
{"stage": "sequential-round-coordinate", "pid": 4116221, "time": 1789708510.5437734, "cuda_visible_devices": "5", "allocated_gib": 5.225533962249756, "reserved_gib": 8.041015625, "peak_allocated_gib": 7.100478649139404, "gpu_time_budget": null, "module": "model.layers.15.mlp.down_proj", "step": 3328}
{"stage": "sequential-round-coordinate", "pid": 4116221, "time": 1789708511.5264502, "cuda_visible_devices": "5", "allocated_gib": 5.225533962249756, "reserved_gib": 8.041015625, "peak_allocated_gib": 7.100478649139404, "gpu_time_budget": null, "module": "model.layers.15.mlp.down_proj", "step": 3456}
{"stage": "sequential-round-coordinate", "pid": 4116221, "time": 1789708512.5108333, "cuda_visible_devices": "5", "allocated_gib": 5.225533962249756, "reserved_gib": 8.041015625, "peak_allocated_gib": 7.100478649139404, "gpu_time_budget": null, "module": "model.layers.15.mlp.down_proj", "step": 3584}
{"stage": "sequential-round-coordinate", "pid": 4116221, "time": 1789708513.4941266, "cuda_visible_devices": "5", "allocated_gib": 5.225533962249756, "reserved_gib": 8.041015625, "peak_allocated_gib": 7.100478649139404, "gpu_time_budget": null, "module": "model.layers.15.mlp.down_proj", "step": 3712}
{"stage": "sequential-round-coordinate", "pid": 4116221, "time": 1789708514.4779394, "cuda_visible_devices": "5", "allocated_gib": 5.225533962249756, "reserved_gib": 8.041015625, "peak_allocated_gib": 7.100478649139404, "gpu_time_budget": null, "module": "model.layers.15.mlp.down_proj", "step": 3840}
{"stage": "sequential-round-coordinate", "pid": 4116221, "time": 1789708515.460692, "cuda_visible_devices": "5", "allocated_gib": 5.225533962249756, "reserved_gib": 8.041015625, "peak_allocated_gib": 7.100478649139404, "gpu_time_budget": null, "module": "model.layers.15.mlp.down_proj", "step": 3968}
{"stage": "sequential-round-coordinate", "pid": 4116221, "time": 1789708516.4424691, "cuda_visible_devices": "5", "allocated_gib": 5.225533962249756, "reserved_gib": 8.041015625, "peak_allocated_gib": 7.100478649139404, "gpu_time_budget": null, "module": "model.layers.15.mlp.down_proj", "step": 4096}
{"stage": "sequential-round-coordinate", "pid": 4116221, "time": 1789708517.425836, "cuda_visible_devices": "5", "allocated_gib": 5.225533962249756, "reserved_gib": 8.041015625, "peak_allocated_gib": 7.100478649139404, "gpu_time_budget": null, "module": "model.layers.15.mlp.down_proj", "step": 4224}
{"stage": "sequential-round-coordinate", "pid": 4116221, "time": 1789708518.4021385, "cuda_visible_devices": "5", "allocated_gib": 5.225533962249756, "reserved_gib": 8.041015625, "peak_allocated_gib": 7.100478649139404, "gpu_time_budget": null, "module": "model.layers.15.mlp.down_proj", "step": 4352}
{"stage": "sequential-round-coordinate", "pid": 4116221, "time": 1789708519.3772159, "cuda_visible_devices": "5", "allocated_gib": 5.225533962249756, "reserved_gib": 8.041015625, "peak_allocated_gib": 7.100478649139404, "gpu_time_budget": null, "module": "model.layers.15.mlp.down_proj", "step": 4480}
{"stage": "sequential-round-coordinate", "pid": 4116221, "time": 1789708520.352779, "cuda_visible_devices": "5", "allocated_gib": 5.225533962249756, "reserved_gib": 8.041015625, "peak_allocated_gib": 7.100478649139404, "gpu_time_budget": null, "module": "model.layers.15.mlp.down_proj", "step": 4608}
{"stage": "sequential-round-coordinate", "pid": 4116221, "time": 1789708521.328753, "cuda_visible_devices": "5", "allocated_gib": 5.225533962249756, "reserved_gib": 8.041015625, "peak_allocated_gib": 7.100478649139404, "gpu_time_budget": null, "module": "model.layers.15.mlp.down_proj", "step": 4736}
{"stage": "sequential-round-coordinate", "pid": 4116221, "time": 1789708522.3030052, "cuda_visible_devices": "5", "allocated_gib": 5.225533962249756, "reserved_gib": 8.041015625, "peak_allocated_gib": 7.100478649139404, "gpu_time_budget": null, "module": "model.layers.15.mlp.down_proj", "step": 4864}
{"stage": "sequential-round-coordinate", "pid": 4116221, "time": 1789708523.282652, "cuda_visible_devices": "5", "allocated_gib": 5.225533962249756, "reserved_gib": 8.041015625, "peak_allocated_gib": 7.100478649139404, "gpu_time_budget": null, "module": "model.layers.15.mlp.down_proj", "step": 4992}
{"stage": "sequential-round-coordinate", "pid": 4116221, "time": 1789708524.25823, "cuda_visible_devices": "5", "allocated_gib": 5.225533962249756, "reserved_gib": 8.041015625, "peak_allocated_gib": 7.100478649139404, "gpu_time_budget": null, "module": "model.layers.15.mlp.down_proj", "step": 5120}
{"stage": "sequential-round-coordinate", "pid": 4116221, "time": 1789708525.2345295, "cuda_visible_devices": "5", "allocated_gib": 5.225533962249756, "reserved_gib": 8.041015625, "peak_allocated_gib": 7.100478649139404, "gpu_time_budget": null, "module": "model.layers.15.mlp.down_proj", "step": 5248}
{"stage": "sequential-round-coordinate", "pid": 4116221, "time": 1789708525.9433548, "cuda_visible_devices": "5", "allocated_gib": 5.225533962249756, "reserved_gib": 8.041015625, "peak_allocated_gib": 7.100478649139404, "gpu_time_budget": null, "module": "model.layers.15.mlp.down_proj", "step": 5376}
{"stage": "sequential-round-coordinate", "pid": 4116221, "time": 1789708526.7608163, "cuda_visible_devices": "5", "allocated_gib": 5.225533962249756, "reserved_gib": 8.041015625, "peak_allocated_gib": 7.100478649139404, "gpu_time_budget": null, "module": "model.layers.15.mlp.down_proj", "step": 5504}
{"stage": "sequential-round-coordinate", "pid": 4116221, "time": 1789708527.576504, "cuda_visible_devices": "5", "allocated_gib": 5.225533962249756, "reserved_gib": 8.041015625, "peak_allocated_gib": 7.100478649139404, "gpu_time_budget": null, "module": "model.layers.15.mlp.down_proj", "step": 5632}
{"stage": "sequential-round-coordinate", "pid": 4116221, "time": 1789708528.3601809, "cuda_visible_devices": "5", "allocated_gib": 5.225533962249756, "reserved_gib": 8.041015625, "peak_allocated_gib": 7.100478649139404, "gpu_time_budget": null, "module": "model.layers.15.mlp.down_proj", "step": 5760}
{"stage": "sequential-round-coordinate", "pid": 4116221, "time": 1789708529.1368878, "cuda_visible_devices": "5", "allocated_gib": 5.225533962249756, "reserved_gib": 8.041015625, "peak_allocated_gib": 7.100478649139404, "gpu_time_budget": null, "module": "model.layers.15.mlp.down_proj", "step": 5888}
{"stage": "sequential-round-coordinate", "pid": 4116221, "time": 1789708529.9129217, "cuda_visible_devices": "5", "allocated_gib": 5.225533962249756, "reserved_gib": 8.041015625, "peak_allocated_gib": 7.100478649139404, "gpu_time_budget": null, "module": "model.layers.15.mlp.down_proj", "step": 6016}
{"stage": "sequential-round-coordinate", "pid": 4116221, "time": 1789708530.6904922, "cuda_visible_devices": "5", "allocated_gib": 5.225533962249756, "reserved_gib": 8.041015625, "peak_allocated_gib": 7.100478649139404, "gpu_time_budget": null, "module": "model.layers.15.mlp.down_proj", "step": 6144}
{"stage": "sequential-round-coordinate", "pid": 4116221, "time": 1789708531.4497685, "cuda_visible_devices": "5", "allocated_gib": 5.225533962249756, "reserved_gib": 8.041015625, "peak_allocated_gib": 7.100478649139404, "gpu_time_budget": null, "module": "model.layers.15.mlp.down_proj", "step": 6272}
{"stage": "sequential-round-coordinate", "pid": 4116221, "time": 1789708532.230483, "cuda_visible_devices": "5", "allocated_gib": 5.225533962249756, "reserved_gib": 8.041015625, "peak_allocated_gib": 7.100478649139404, "gpu_time_budget": null, "module": "model.layers.15.mlp.down_proj", "step": 6400}
{"stage": "sequential-round-coordinate", "pid": 4116221, "time": 1789708533.0053074, "cuda_visible_devices": "5", "allocated_gib": 5.225533962249756, "reserved_gib": 8.041015625, "peak_allocated_gib": 7.100478649139404, "gpu_time_budget": null, "module": "model.layers.15.mlp.down_proj", "step": 6528}
{"stage": "sequential-round-coordinate", "pid": 4116221, "time": 1789708533.8226452, "cuda_visible_devices": "5", "allocated_gib": 5.225533962249756, "reserved_gib": 8.041015625, "peak_allocated_gib": 7.100478649139404, "gpu_time_budget": null, "module": "model.layers.15.mlp.down_proj", "step": 6656}
{"stage": "sequential-round-coordinate", "pid": 4116221, "time": 1789708534.638024, "cuda_visible_devices": "5", "allocated_gib": 5.225533962249756, "reserved_gib": 8.041015625, "peak_allocated_gib": 7.100478649139404, "gpu_time_budget": null, "module": "model.layers.15.mlp.down_proj", "step": 6784}
{"stage": "sequential-round-coordinate", "pid": 4116221, "time": 1789708535.4291735, "cuda_visible_devices": "5", "allocated_gib": 5.225533962249756, "reserved_gib": 8.041015625, "peak_allocated_gib": 7.100478649139404, "gpu_time_budget": null, "module": "model.layers.15.mlp.down_proj", "step": 6912}
{"stage": "sequential-round-coordinate", "pid": 4116221, "time": 1789708536.205937, "cuda_visible_devices": "5", "allocated_gib": 5.225533962249756, "reserved_gib": 8.041015625, "peak_allocated_gib": 7.100478649139404, "gpu_time_budget": null, "module": "model.layers.15.mlp.down_proj", "step": 7040}
{"stage": "sequential-round-coordinate", "pid": 4116221, "time": 1789708536.9592197, "cuda_visible_devices": "5", "allocated_gib": 5.225533962249756, "reserved_gib": 8.041015625, "peak_allocated_gib": 7.100478649139404, "gpu_time_budget": null, "module": "model.layers.15.mlp.down_proj", "step": 7168}
{"stage": "sequential-round-coordinate", "pid": 4116221, "time": 1789708537.7334316, "cuda_visible_devices": "5", "allocated_gib": 5.225533962249756, "reserved_gib": 8.041015625, "peak_allocated_gib": 7.100478649139404, "gpu_time_budget": null, "module": "model.layers.15.mlp.down_proj", "step": 7296}
{"stage": "sequential-round-coordinate", "pid": 4116221, "time": 1789708538.506255, "cuda_visible_devices": "5", "allocated_gib": 5.225533962249756, "reserved_gib": 8.041015625, "peak_allocated_gib": 7.100478649139404, "gpu_time_budget": null, "module": "model.layers.15.mlp.down_proj", "step": 7424}
{"stage": "sequential-round-coordinate", "pid": 4116221, "time": 1789708539.2918699, "cuda_visible_devices": "5", "allocated_gib": 5.225533962249756, "reserved_gib": 8.041015625, "peak_allocated_gib": 7.100478649139404, "gpu_time_budget": null, "module": "model.layers.15.mlp.down_proj", "step": 7552}
{"stage": "sequential-round-coordinate", "pid": 4116221, "time": 1789708540.079311, "cuda_visible_devices": "5", "allocated_gib": 5.225533962249756, "reserved_gib": 8.041015625, "peak_allocated_gib": 7.100478649139404, "gpu_time_budget": null, "module": "model.layers.15.mlp.down_proj", "step": 7680}
{"stage": "sequential-round-coordinate", "pid": 4116221, "time": 1789708540.896881, "cuda_visible_devices": "5", "allocated_gib": 5.225533962249756, "reserved_gib": 8.041015625, "peak_allocated_gib": 7.100478649139404, "gpu_time_budget": null, "module": "model.layers.15.mlp.down_proj", "step": 7808}
{"stage": "sequential-round-coordinate", "pid": 4116221, "time": 1789708541.7228317, "cuda_visible_devices": "5", "allocated_gib": 5.225533962249756, "reserved_gib": 8.041015625, "peak_allocated_gib": 7.100478649139404, "gpu_time_budget": null, "module": "model.layers.15.mlp.down_proj", "step": 7936}
{"stage": "sequential-round-coordinate", "pid": 4116221, "time": 1789708542.5306926, "cuda_visible_devices": "5", "allocated_gib": 5.225533962249756, "reserved_gib": 8.041015625, "peak_allocated_gib": 7.100478649139404, "gpu_time_budget": null, "module": "model.layers.15.mlp.down_proj", "step": 8064}
{"stage": "sequential-round-coordinate", "pid": 4116221, "time": 1789708543.2319322, "cuda_visible_devices": "5", "allocated_gib": 5.225533962249756, "reserved_gib": 8.041015625, "peak_allocated_gib": 7.100478649139404, "gpu_time_budget": null, "module": "model.layers.15.mlp.down_proj", "step": 8192}
{"stage": "sequential-round-train-nll", "pid": 4116221, "time": 1789708543.2775671, "cuda_visible_devices": "5", "allocated_gib": 3.795783519744873, "reserved_gib": 3.80078125, "peak_allocated_gib": 7.100478649139404, "gpu_time_budget": null, "module": "model.layers.15.mlp.down_proj", "step": 512}
Evaluation segment 1/1: start=0, windows=8, seqlen=2048
{"stage": "sequential-round-train-nll", "pid": 4116221, "time": 1789708546.7727835, "cuda_visible_devices": "5", "allocated_gib": 3.795783519744873, "reserved_gib": 5.791015625, "peak_allocated_gib": 7.100478649139404, "gpu_time_budget": null, "module": "model.layers.15.mlp.down_proj", "step": 2048}
Evaluation segment 1/1: start=0, windows=8, seqlen=2048
{"stage": "sequential-round-train-nll", "pid": 4116221, "time": 1789708550.5671299, "cuda_visible_devices": "5", "allocated_gib": 3.795783519744873, "reserved_gib": 5.791015625, "peak_allocated_gib": 7.100478649139404, "gpu_time_budget": null, "module": "model.layers.15.mlp.down_proj", "step": 8192}
Evaluation segment 1/1: start=0, windows=8, seqlen=2048
{"stage": "sequential-module-completed", "pid": 4116221, "time": 1789708556.7469058, "cuda_visible_devices": "5", "allocated_gib": 3.795783519744873, "reserved_gib": 5.791015625, "peak_allocated_gib": 7.100478649139404, "gpu_time_budget": null, "module": "model.layers.15.mlp.down_proj", "completed": 16, "total": 28, "selected_train_nll": 2.983175027254225, "elapsed_seconds": 1184.1732932740124}
{"stage": "sequential-round-fit", "pid": 4116221, "time": 1789708566.4531918, "cuda_visible_devices": "5", "allocated_gib": 3.795783519744873, "reserved_gib": 5.791015625, "peak_allocated_gib": 7.100478649139404, "gpu_time_budget": null, "module": "model.layers.16.mlp.down_proj", "fit_rows": 49152, "heldout_rows": 16384}
{"stage": "sequential-round-coordinate", "pid": 4116221, "time": 1789708567.7470431, "cuda_visible_devices": "5", "allocated_gib": 5.225533962249756, "reserved_gib": 8.041015625, "peak_allocated_gib": 7.100478649139404, "gpu_time_budget": null, "module": "model.layers.16.mlp.down_proj", "step": 128}
{"stage": "sequential-round-coordinate", "pid": 4116221, "time": 1789708568.7271845, "cuda_visible_devices": "5", "allocated_gib": 5.225533962249756, "reserved_gib": 8.041015625, "peak_allocated_gib": 7.100478649139404, "gpu_time_budget": null, "module": "model.layers.16.mlp.down_proj", "step": 256}
{"stage": "sequential-round-coordinate", "pid": 4116221, "time": 1789708569.7073143, "cuda_visible_devices": "5", "allocated_gib": 5.225533962249756, "reserved_gib": 8.041015625, "peak_allocated_gib": 7.100478649139404, "gpu_time_budget": null, "module": "model.layers.16.mlp.down_proj", "step": 384}
{"stage": "sequential-round-coordinate", "pid": 4116221, "time": 1789708570.7641218, "cuda_visible_devices": "5", "allocated_gib": 5.225533962249756, "reserved_gib": 8.041015625, "peak_allocated_gib": 7.100478649139404, "gpu_time_budget": null, "module": "model.layers.16.mlp.down_proj", "step": 512}
{"stage": "sequential-round-coordinate", "pid": 4116221, "time": 1789708571.7456615, "cuda_visible_devices": "5", "allocated_gib": 5.225533962249756, "reserved_gib": 8.041015625, "peak_allocated_gib": 7.100478649139404, "gpu_time_budget": null, "module": "model.layers.16.mlp.down_proj", "step": 640}
{"stage": "sequential-round-coordinate", "pid": 4116221, "time": 1789708572.7272365, "cuda_visible_devices": "5", "allocated_gib": 5.225533962249756, "reserved_gib": 8.041015625, "peak_allocated_gib": 7.100478649139404, "gpu_time_budget": null, "module": "model.layers.16.mlp.down_proj", "step": 768}
{"stage": "sequential-round-coordinate", "pid": 4116221, "time": 1789708573.711439, "cuda_visible_devices": "5", "allocated_gib": 5.225533962249756, "reserved_gib": 8.041015625, "peak_allocated_gib": 7.100478649139404, "gpu_time_budget": null, "module": "model.layers.16.mlp.down_proj", "step": 896}
{"stage": "sequential-round-coordinate", "pid": 4116221, "time": 1789708574.6907718, "cuda_visible_devices": "5", "allocated_gib": 5.225533962249756, "reserved_gib": 8.041015625, "peak_allocated_gib": 7.100478649139404, "gpu_time_budget": null, "module": "model.layers.16.mlp.down_proj", "step": 1024}
{"stage": "sequential-round-coordinate", "pid": 4116221, "time": 1789708575.6693618, "cuda_visible_devices": "5", "allocated_gib": 5.225533962249756, "reserved_gib": 8.041015625, "peak_allocated_gib": 7.100478649139404, "gpu_time_budget": null, "module": "model.layers.16.mlp.down_proj", "step": 1152}
{"stage": "sequential-round-coordinate", "pid": 4116221, "time": 1789708576.6477985, "cuda_visible_devices": "5", "allocated_gib": 5.225533962249756, "reserved_gib": 8.041015625, "peak_allocated_gib": 7.100478649139404, "gpu_time_budget": null, "module": "model.layers.16.mlp.down_proj", "step": 1280}
{"stage": "sequential-round-coordinate", "pid": 4116221, "time": 1789708577.6267252, "cuda_visible_devices": "5", "allocated_gib": 5.225533962249756, "reserved_gib": 8.041015625, "peak_allocated_gib": 7.100478649139404, "gpu_time_budget": null, "module": "model.layers.16.mlp.down_proj", "step": 1408}
{"stage": "sequential-round-coordinate", "pid": 4116221, "time": 1789708578.6029131, "cuda_visible_devices": "5", "allocated_gib": 5.225533962249756, "reserved_gib": 8.041015625, "peak_allocated_gib": 7.100478649139404, "gpu_time_budget": null, "module": "model.layers.16.mlp.down_proj", "step": 1536}
{"stage": "sequential-round-coordinate", "pid": 4116221, "time": 1789708579.5813155, "cuda_visible_devices": "5", "allocated_gib": 5.225533962249756, "reserved_gib": 8.041015625, "peak_allocated_gib": 7.100478649139404, "gpu_time_budget": null, "module": "model.layers.16.mlp.down_proj", "step": 1664}
{"stage": "sequential-round-coordinate", "pid": 4116221, "time": 1789708580.5586047, "cuda_visible_devices": "5", "allocated_gib": 5.225533962249756, "reserved_gib": 8.041015625, "peak_allocated_gib": 7.100478649139404, "gpu_time_budget": null, "module": "model.layers.16.mlp.down_proj", "step": 1792}
{"stage": "sequential-round-coordinate", "pid": 4116221, "time": 1789708581.5424302, "cuda_visible_devices": "5", "allocated_gib": 5.225533962249756, "reserved_gib": 8.041015625, "peak_allocated_gib": 7.100478649139404, "gpu_time_budget": null, "module": "model.layers.16.mlp.down_proj", "step": 1920}
{"stage": "sequential-round-coordinate", "pid": 4116221, "time": 1789708582.609051, "cuda_visible_devices": "5", "allocated_gib": 5.225533962249756, "reserved_gib": 8.041015625, "peak_allocated_gib": 7.100478649139404, "gpu_time_budget": null, "module": "model.layers.16.mlp.down_proj", "step": 2048}
{"stage": "sequential-round-coordinate", "pid": 4116221, "time": 1789708583.5939825, "cuda_visible_devices": "5", "allocated_gib": 5.225533962249756, "reserved_gib": 8.041015625, "peak_allocated_gib": 7.100478649139404, "gpu_time_budget": null, "module": "model.layers.16.mlp.down_proj", "step": 2176}
{"stage": "sequential-round-coordinate", "pid": 4116221, "time": 1789708584.5679445, "cuda_visible_devices": "5", "allocated_gib": 5.225533962249756, "reserved_gib": 8.041015625, "peak_allocated_gib": 7.100478649139404, "gpu_time_budget": null, "module": "model.layers.16.mlp.down_proj", "step": 2304}
{"stage": "sequential-round-coordinate", "pid": 4116221, "time": 1789708585.5463116, "cuda_visible_devices": "5", "allocated_gib": 5.225533962249756, "reserved_gib": 8.041015625, "peak_allocated_gib": 7.100478649139404, "gpu_time_budget": null, "module": "model.layers.16.mlp.down_proj", "step": 2432}
{"stage": "sequential-round-coordinate", "pid": 4116221, "time": 1789708586.529912, "cuda_visible_devices": "5", "allocated_gib": 5.225533962249756, "reserved_gib": 8.041015625, "peak_allocated_gib": 7.100478649139404, "gpu_time_budget": null, "module": "model.layers.16.mlp.down_proj", "step": 2560}
{"stage": "sequential-round-coordinate", "pid": 4116221, "time": 1789708587.5116487, "cuda_visible_devices": "5", "allocated_gib": 5.225533962249756, "reserved_gib": 8.041015625, "peak_allocated_gib": 7.100478649139404, "gpu_time_budget": null, "module": "model.layers.16.mlp.down_proj", "step": 2688}
{"stage": "sequential-round-coordinate", "pid": 4116221, "time": 1789708588.4971914, "cuda_visible_devices": "5", "allocated_gib": 5.225533962249756, "reserved_gib": 8.041015625, "peak_allocated_gib": 7.100478649139404, "gpu_time_budget": null, "module": "model.layers.16.mlp.down_proj", "step": 2816}
{"stage": "sequential-round-coordinate", "pid": 4116221, "time": 1789708589.482507, "cuda_visible_devices": "5", "allocated_gib": 5.225533962249756, "reserved_gib": 8.041015625, "peak_allocated_gib": 7.100478649139404, "gpu_time_budget": null, "module": "model.layers.16.mlp.down_proj", "step": 2944}
{"stage": "sequential-round-coordinate", "pid": 4116221, "time": 1789708590.468004, "cuda_visible_devices": "5", "allocated_gib": 5.225533962249756, "reserved_gib": 8.041015625, "peak_allocated_gib": 7.100478649139404, "gpu_time_budget": null, "module": "model.layers.16.mlp.down_proj", "step": 3072}
{"stage": "sequential-round-coordinate", "pid": 4116221, "time": 1789708591.4525068, "cuda_visible_devices": "5", "allocated_gib": 5.225533962249756, "reserved_gib": 8.041015625, "peak_allocated_gib": 7.100478649139404, "gpu_time_budget": null, "module": "model.layers.16.mlp.down_proj", "step": 3200}
{"stage": "sequential-round-coordinate", "pid": 4116221, "time": 1789708592.4362257, "cuda_visible_devices": "5", "allocated_gib": 5.225533962249756, "reserved_gib": 8.041015625, "peak_allocated_gib": 7.100478649139404, "gpu_time_budget": null, "module": "model.layers.16.mlp.down_proj", "step": 3328}
{"stage": "sequential-round-coordinate", "pid": 4116221, "time": 1789708593.4167075, "cuda_visible_devices": "5", "allocated_gib": 5.225533962249756, "reserved_gib": 8.041015625, "peak_allocated_gib": 7.100478649139404, "gpu_time_budget": null, "module": "model.layers.16.mlp.down_proj", "step": 3456}
{"stage": "sequential-round-coordinate", "pid": 4116221, "time": 1789708594.4011874, "cuda_visible_devices": "5", "allocated_gib": 5.225533962249756, "reserved_gib": 8.041015625, "peak_allocated_gib": 7.100478649139404, "gpu_time_budget": null, "module": "model.layers.16.mlp.down_proj", "step": 3584}
{"stage": "sequential-round-coordinate", "pid": 4116221, "time": 1789708595.3864405, "cuda_visible_devices": "5", "allocated_gib": 5.225533962249756, "reserved_gib": 8.041015625, "peak_allocated_gib": 7.100478649139404, "gpu_time_budget": null, "module": "model.layers.16.mlp.down_proj", "step": 3712}
{"stage": "sequential-round-coordinate", "pid": 4116221, "time": 1789708596.3692257, "cuda_visible_devices": "5", "allocated_gib": 5.225533962249756, "reserved_gib": 8.041015625, "peak_allocated_gib": 7.100478649139404, "gpu_time_budget": null, "module": "model.layers.16.mlp.down_proj", "step": 3840}
{"stage": "sequential-round-coordinate", "pid": 4116221, "time": 1789708597.3544571, "cuda_visible_devices": "5", "allocated_gib": 5.225533962249756, "reserved_gib": 8.041015625, "peak_allocated_gib": 7.100478649139404, "gpu_time_budget": null, "module": "model.layers.16.mlp.down_proj", "step": 3968}
{"stage": "sequential-round-coordinate", "pid": 4116221, "time": 1789708598.3384137, "cuda_visible_devices": "5", "allocated_gib": 5.225533962249756, "reserved_gib": 8.041015625, "peak_allocated_gib": 7.100478649139404, "gpu_time_budget": null, "module": "model.layers.16.mlp.down_proj", "step": 4096}
{"stage": "sequential-round-coordinate", "pid": 4116221, "time": 1789708599.3239012, "cuda_visible_devices": "5", "allocated_gib": 5.225533962249756, "reserved_gib": 8.041015625, "peak_allocated_gib": 7.100478649139404, "gpu_time_budget": null, "module": "model.layers.16.mlp.down_proj", "step": 4224}
{"stage": "sequential-round-coordinate", "pid": 4116221, "time": 1789708600.3074796, "cuda_visible_devices": "5", "allocated_gib": 5.225533962249756, "reserved_gib": 8.041015625, "peak_allocated_gib": 7.100478649139404, "gpu_time_budget": null, "module": "model.layers.16.mlp.down_proj", "step": 4352}
{"stage": "sequential-round-coordinate", "pid": 4116221, "time": 1789708601.289926, "cuda_visible_devices": "5", "allocated_gib": 5.225533962249756, "reserved_gib": 8.041015625, "peak_allocated_gib": 7.100478649139404, "gpu_time_budget": null, "module": "model.layers.16.mlp.down_proj", "step": 4480}
{"stage": "sequential-round-coordinate", "pid": 4116221, "time": 1789708602.266574, "cuda_visible_devices": "5", "allocated_gib": 5.225533962249756, "reserved_gib": 8.041015625, "peak_allocated_gib": 7.100478649139404, "gpu_time_budget": null, "module": "model.layers.16.mlp.down_proj", "step": 4608}
{"stage": "sequential-round-coordinate", "pid": 4116221, "time": 1789708603.244406, "cuda_visible_devices": "5", "allocated_gib": 5.225533962249756, "reserved_gib": 8.041015625, "peak_allocated_gib": 7.100478649139404, "gpu_time_budget": null, "module": "model.layers.16.mlp.down_proj", "step": 4736}
{"stage": "sequential-round-coordinate", "pid": 4116221, "time": 1789708604.2248538, "cuda_visible_devices": "5", "allocated_gib": 5.225533962249756, "reserved_gib": 8.041015625, "peak_allocated_gib": 7.100478649139404, "gpu_time_budget": null, "module": "model.layers.16.mlp.down_proj", "step": 4864}
{"stage": "sequential-round-coordinate", "pid": 4116221, "time": 1789708605.2072666, "cuda_visible_devices": "5", "allocated_gib": 5.225533962249756, "reserved_gib": 8.041015625, "peak_allocated_gib": 7.100478649139404, "gpu_time_budget": null, "module": "model.layers.16.mlp.down_proj", "step": 4992}
{"stage": "sequential-round-coordinate", "pid": 4116221, "time": 1789708605.9171035, "cuda_visible_devices": "5", "allocated_gib": 5.225533962249756, "reserved_gib": 8.041015625, "peak_allocated_gib": 7.100478649139404, "gpu_time_budget": null, "module": "model.layers.16.mlp.down_proj", "step": 5120}
{"stage": "sequential-round-coordinate", "pid": 4116221, "time": 1789708606.7463298, "cuda_visible_devices": "5", "allocated_gib": 5.225533962249756, "reserved_gib": 8.041015625, "peak_allocated_gib": 7.100478649139404, "gpu_time_budget": null, "module": "model.layers.16.mlp.down_proj", "step": 5248}
{"stage": "sequential-round-coordinate", "pid": 4116221, "time": 1789708607.5568252, "cuda_visible_devices": "5", "allocated_gib": 5.225533962249756, "reserved_gib": 8.041015625, "peak_allocated_gib": 7.100478649139404, "gpu_time_budget": null, "module": "model.layers.16.mlp.down_proj", "step": 5376}
{"stage": "sequential-round-coordinate", "pid": 4116221, "time": 1789708608.330664, "cuda_visible_devices": "5", "allocated_gib": 5.225533962249756, "reserved_gib": 8.041015625, "peak_allocated_gib": 7.100478649139404, "gpu_time_budget": null, "module": "model.layers.16.mlp.down_proj", "step": 5504}
{"stage": "sequential-round-coordinate", "pid": 4116221, "time": 1789708609.1060152, "cuda_visible_devices": "5", "allocated_gib": 5.225533962249756, "reserved_gib": 8.041015625, "peak_allocated_gib": 7.100478649139404, "gpu_time_budget": null, "module": "model.layers.16.mlp.down_proj", "step": 5632}
{"stage": "sequential-round-coordinate", "pid": 4116221, "time": 1789708609.8884397, "cuda_visible_devices": "5", "allocated_gib": 5.225533962249756, "reserved_gib": 8.041015625, "peak_allocated_gib": 7.100478649139404, "gpu_time_budget": null, "module": "model.layers.16.mlp.down_proj", "step": 5760}
{"stage": "sequential-round-coordinate", "pid": 4116221, "time": 1789708610.6792607, "cuda_visible_devices": "5", "allocated_gib": 5.225533962249756, "reserved_gib": 8.041015625, "peak_allocated_gib": 7.100478649139404, "gpu_time_budget": null, "module": "model.layers.16.mlp.down_proj", "step": 5888}
{"stage": "sequential-round-coordinate", "pid": 4116221, "time": 1789708611.4456453, "cuda_visible_devices": "5", "allocated_gib": 5.225533962249756, "reserved_gib": 8.041015625, "peak_allocated_gib": 7.100478649139404, "gpu_time_budget": null, "module": "model.layers.16.mlp.down_proj", "step": 6016}
{"stage": "sequential-round-coordinate", "pid": 4116221, "time": 1789708612.2291858, "cuda_visible_devices": "5", "allocated_gib": 5.225533962249756, "reserved_gib": 8.041015625, "peak_allocated_gib": 7.100478649139404, "gpu_time_budget": null, "module": "model.layers.16.mlp.down_proj", "step": 6144}
{"stage": "sequential-round-coordinate", "pid": 4116221, "time": 1789708613.0444689, "cuda_visible_devices": "5", "allocated_gib": 5.225533962249756, "reserved_gib": 8.041015625, "peak_allocated_gib": 7.100478649139404, "gpu_time_budget": null, "module": "model.layers.16.mlp.down_proj", "step": 6272}
{"stage": "sequential-round-coordinate", "pid": 4116221, "time": 1789708613.8693912, "cuda_visible_devices": "5", "allocated_gib": 5.225533962249756, "reserved_gib": 8.041015625, "peak_allocated_gib": 7.100478649139404, "gpu_time_budget": null, "module": "model.layers.16.mlp.down_proj", "step": 6400}
{"stage": "sequential-round-coordinate", "pid": 4116221, "time": 1789708614.675123, "cuda_visible_devices": "5", "allocated_gib": 5.225533962249756, "reserved_gib": 8.041015625, "peak_allocated_gib": 7.100478649139404, "gpu_time_budget": null, "module": "model.layers.16.mlp.down_proj", "step": 6528}
{"stage": "sequential-round-coordinate", "pid": 4116221, "time": 1789708615.4592817, "cuda_visible_devices": "5", "allocated_gib": 5.225533962249756, "reserved_gib": 8.041015625, "peak_allocated_gib": 7.100478649139404, "gpu_time_budget": null, "module": "model.layers.16.mlp.down_proj", "step": 6656}
{"stage": "sequential-round-coordinate", "pid": 4116221, "time": 1789708616.242417, "cuda_visible_devices": "5", "allocated_gib": 5.225533962249756, "reserved_gib": 8.041015625, "peak_allocated_gib": 7.100478649139404, "gpu_time_budget": null, "module": "model.layers.16.mlp.down_proj", "step": 6784}
{"stage": "sequential-round-coordinate", "pid": 4116221, "time": 1789708617.0049531, "cuda_visible_devices": "5", "allocated_gib": 5.225533962249756, "reserved_gib": 8.041015625, "peak_allocated_gib": 7.100478649139404, "gpu_time_budget": null, "module": "model.layers.16.mlp.down_proj", "step": 6912}
{"stage": "sequential-round-coordinate", "pid": 4116221, "time": 1789708617.7873304, "cuda_visible_devices": "5", "allocated_gib": 5.225533962249756, "reserved_gib": 8.041015625, "peak_allocated_gib": 7.100478649139404, "gpu_time_budget": null, "module": "model.layers.16.mlp.down_proj", "step": 7040}
{"stage": "sequential-round-coordinate", "pid": 4116221, "time": 1789708618.5720108, "cuda_visible_devices": "5", "allocated_gib": 5.225533962249756, "reserved_gib": 8.041015625, "peak_allocated_gib": 7.100478649139404, "gpu_time_budget": null, "module": "model.layers.16.mlp.down_proj", "step": 7168}
{"stage": "sequential-round-coordinate", "pid": 4116221, "time": 1789708619.35471, "cuda_visible_devices": "5", "allocated_gib": 5.225533962249756, "reserved_gib": 8.041015625, "peak_allocated_gib": 7.100478649139404, "gpu_time_budget": null, "module": "model.layers.16.mlp.down_proj", "step": 7296}
{"stage": "sequential-round-coordinate", "pid": 4116221, "time": 1789708620.139992, "cuda_visible_devices": "5", "allocated_gib": 5.225533962249756, "reserved_gib": 8.041015625, "peak_allocated_gib": 7.100478649139404, "gpu_time_budget": null, "module": "model.layers.16.mlp.down_proj", "step": 7424}
{"stage": "sequential-round-coordinate", "pid": 4116221, "time": 1789708620.9638982, "cuda_visible_devices": "5", "allocated_gib": 5.225533962249756, "reserved_gib": 8.041015625, "peak_allocated_gib": 7.100478649139404, "gpu_time_budget": null, "module": "model.layers.16.mlp.down_proj", "step": 7552}
{"stage": "sequential-round-coordinate", "pid": 4116221, "time": 1789708621.7858322, "cuda_visible_devices": "5", "allocated_gib": 5.225533962249756, "reserved_gib": 8.041015625, "peak_allocated_gib": 7.100478649139404, "gpu_time_budget": null, "module": "model.layers.16.mlp.down_proj", "step": 7680}
{"stage": "sequential-round-coordinate", "pid": 4116221, "time": 1789708622.5721705, "cuda_visible_devices": "5", "allocated_gib": 5.225533962249756, "reserved_gib": 8.041015625, "peak_allocated_gib": 7.100478649139404, "gpu_time_budget": null, "module": "model.layers.16.mlp.down_proj", "step": 7808}
{"stage": "sequential-round-coordinate", "pid": 4116221, "time": 1789708623.1738987, "cuda_visible_devices": "5", "allocated_gib": 5.225533962249756, "reserved_gib": 8.041015625, "peak_allocated_gib": 7.100478649139404, "gpu_time_budget": null, "module": "model.layers.16.mlp.down_proj", "step": 7936}
{"stage": "sequential-round-coordinate", "pid": 4116221, "time": 1789708623.8582718, "cuda_visible_devices": "5", "allocated_gib": 5.225533962249756, "reserved_gib": 8.041015625, "peak_allocated_gib": 7.100478649139404, "gpu_time_budget": null, "module": "model.layers.16.mlp.down_proj", "step": 8064}
{"stage": "sequential-round-coordinate", "pid": 4116221, "time": 1789708624.6000798, "cuda_visible_devices": "5", "allocated_gib": 5.225533962249756, "reserved_gib": 8.041015625, "peak_allocated_gib": 7.100478649139404, "gpu_time_budget": null, "module": "model.layers.16.mlp.down_proj", "step": 8192}
{"stage": "sequential-round-train-nll", "pid": 4116221, "time": 1789708624.6481543, "cuda_visible_devices": "5", "allocated_gib": 3.795783519744873, "reserved_gib": 3.80078125, "peak_allocated_gib": 7.100478649139404, "gpu_time_budget": null, "module": "model.layers.16.mlp.down_proj", "step": 512}
Evaluation segment 1/1: start=0, windows=8, seqlen=2048
{"stage": "sequential-round-train-nll", "pid": 4116221, "time": 1789708628.1824985, "cuda_visible_devices": "5", "allocated_gib": 3.795783519744873, "reserved_gib": 5.791015625, "peak_allocated_gib": 7.100478649139404, "gpu_time_budget": null, "module": "model.layers.16.mlp.down_proj", "step": 2048}
Evaluation segment 1/1: start=0, windows=8, seqlen=2048
{"stage": "sequential-round-train-nll", "pid": 4116221, "time": 1789708632.5996685, "cuda_visible_devices": "5", "allocated_gib": 3.795783519744873, "reserved_gib": 5.791015625, "peak_allocated_gib": 7.100478649139404, "gpu_time_budget": null, "module": "model.layers.16.mlp.down_proj", "step": 8192}
Evaluation segment 1/1: start=0, windows=8, seqlen=2048
{"stage": "sequential-module-completed", "pid": 4116221, "time": 1789708638.8539028, "cuda_visible_devices": "5", "allocated_gib": 3.795783519744873, "reserved_gib": 5.791015625, "peak_allocated_gib": 7.100478649139404, "gpu_time_budget": null, "module": "model.layers.16.mlp.down_proj", "completed": 17, "total": 28, "selected_train_nll": 2.982721806233124, "elapsed_seconds": 1266.2802766000386}
{"stage": "sequential-round-fit", "pid": 4116221, "time": 1789708648.9480674, "cuda_visible_devices": "5", "allocated_gib": 3.795783519744873, "reserved_gib": 5.791015625, "peak_allocated_gib": 7.100478649139404, "gpu_time_budget": null, "module": "model.layers.17.mlp.down_proj", "fit_rows": 49152, "heldout_rows": 16384}
{"stage": "sequential-round-coordinate", "pid": 4116221, "time": 1789708650.2378805, "cuda_visible_devices": "5", "allocated_gib": 5.225533962249756, "reserved_gib": 8.041015625, "peak_allocated_gib": 7.100478649139404, "gpu_time_budget": null, "module": "model.layers.17.mlp.down_proj", "step": 128}
{"stage": "sequential-round-coordinate", "pid": 4116221, "time": 1789708651.2146037, "cuda_visible_devices": "5", "allocated_gib": 5.225533962249756, "reserved_gib": 8.041015625, "peak_allocated_gib": 7.100478649139404, "gpu_time_budget": null, "module": "model.layers.17.mlp.down_proj", "step": 256}
{"stage": "sequential-round-coordinate", "pid": 4116221, "time": 1789708652.1962574, "cuda_visible_devices": "5", "allocated_gib": 5.225533962249756, "reserved_gib": 8.041015625, "peak_allocated_gib": 7.100478649139404, "gpu_time_budget": null, "module": "model.layers.17.mlp.down_proj", "step": 384}
{"stage": "sequential-round-coordinate", "pid": 4116221, "time": 1789708653.2591865, "cuda_visible_devices": "5", "allocated_gib": 5.225533962249756, "reserved_gib": 8.041015625, "peak_allocated_gib": 7.100478649139404, "gpu_time_budget": null, "module": "model.layers.17.mlp.down_proj", "step": 512}
{"stage": "sequential-round-coordinate", "pid": 4116221, "time": 1789708654.2396877, "cuda_visible_devices": "5", "allocated_gib": 5.225533962249756, "reserved_gib": 8.041015625, "peak_allocated_gib": 7.100478649139404, "gpu_time_budget": null, "module": "model.layers.17.mlp.down_proj", "step": 640}
{"stage": "sequential-round-coordinate", "pid": 4116221, "time": 1789708655.2212753, "cuda_visible_devices": "5", "allocated_gib": 5.225533962249756, "reserved_gib": 8.041015625, "peak_allocated_gib": 7.100478649139404, "gpu_time_budget": null, "module": "model.layers.17.mlp.down_proj", "step": 768}
{"stage": "sequential-round-coordinate", "pid": 4116221, "time": 1789708656.1985507, "cuda_visible_devices": "5", "allocated_gib": 5.225533962249756, "reserved_gib": 8.041015625, "peak_allocated_gib": 7.100478649139404, "gpu_time_budget": null, "module": "model.layers.17.mlp.down_proj", "step": 896}
{"stage": "sequential-round-coordinate", "pid": 4116221, "time": 1789708657.1773329, "cuda_visible_devices": "5", "allocated_gib": 5.225533962249756, "reserved_gib": 8.041015625, "peak_allocated_gib": 7.100478649139404, "gpu_time_budget": null, "module": "model.layers.17.mlp.down_proj", "step": 1024}
{"stage": "sequential-round-coordinate", "pid": 4116221, "time": 1789708658.1596682, "cuda_visible_devices": "5", "allocated_gib": 5.225533962249756, "reserved_gib": 8.041015625, "peak_allocated_gib": 7.100478649139404, "gpu_time_budget": null, "module": "model.layers.17.mlp.down_proj", "step": 1152}
{"stage": "sequential-round-coordinate", "pid": 4116221, "time": 1789708659.1388419, "cuda_visible_devices": "5", "allocated_gib": 5.225533962249756, "reserved_gib": 8.041015625, "peak_allocated_gib": 7.100478649139404, "gpu_time_budget": null, "module": "model.layers.17.mlp.down_proj", "step": 1280}
{"stage": "sequential-round-coordinate", "pid": 4116221, "time": 1789708660.1173453, "cuda_visible_devices": "5", "allocated_gib": 5.225533962249756, "reserved_gib": 8.041015625, "peak_allocated_gib": 7.100478649139404, "gpu_time_budget": null, "module": "model.layers.17.mlp.down_proj", "step": 1408}
{"stage": "sequential-round-coordinate", "pid": 4116221, "time": 1789708661.0979385, "cuda_visible_devices": "5", "allocated_gib": 5.225533962249756, "reserved_gib": 8.041015625, "peak_allocated_gib": 7.100478649139404, "gpu_time_budget": null, "module": "model.layers.17.mlp.down_proj", "step": 1536}
{"stage": "sequential-round-coordinate", "pid": 4116221, "time": 1789708662.073455, "cuda_visible_devices": "5", "allocated_gib": 5.225533962249756, "reserved_gib": 8.041015625, "peak_allocated_gib": 7.100478649139404, "gpu_time_budget": null, "module": "model.layers.17.mlp.down_proj", "step": 1664}
{"stage": "sequential-round-coordinate", "pid": 4116221, "time": 1789708663.0613747, "cuda_visible_devices": "5", "allocated_gib": 5.225533962249756, "reserved_gib": 8.041015625, "peak_allocated_gib": 7.100478649139404, "gpu_time_budget": null, "module": "model.layers.17.mlp.down_proj", "step": 1792}
{"stage": "sequential-round-coordinate", "pid": 4116221, "time": 1789708664.0386815, "cuda_visible_devices": "5", "allocated_gib": 5.225533962249756, "reserved_gib": 8.041015625, "peak_allocated_gib": 7.100478649139404, "gpu_time_budget": null, "module": "model.layers.17.mlp.down_proj", "step": 1920}
{"stage": "sequential-round-coordinate", "pid": 4116221, "time": 1789708665.1087577, "cuda_visible_devices": "5", "allocated_gib": 5.225533962249756, "reserved_gib": 8.041015625, "peak_allocated_gib": 7.100478649139404, "gpu_time_budget": null, "module": "model.layers.17.mlp.down_proj", "step": 2048}
{"stage": "sequential-round-coordinate", "pid": 4116221, "time": 1789708666.093605, "cuda_visible_devices": "5", "allocated_gib": 5.225533962249756, "reserved_gib": 8.041015625, "peak_allocated_gib": 7.100478649139404, "gpu_time_budget": null, "module": "model.layers.17.mlp.down_proj", "step": 2176}
{"stage": "sequential-round-coordinate", "pid": 4116221, "time": 1789708667.089339, "cuda_visible_devices": "5", "allocated_gib": 5.225533962249756, "reserved_gib": 8.041015625, "peak_allocated_gib": 7.100478649139404, "gpu_time_budget": null, "module": "model.layers.17.mlp.down_proj", "step": 2304}
{"stage": "sequential-round-coordinate", "pid": 4116221, "time": 1789708668.078559, "cuda_visible_devices": "5", "allocated_gib": 5.225533962249756, "reserved_gib": 8.041015625, "peak_allocated_gib": 7.100478649139404, "gpu_time_budget": null, "module": "model.layers.17.mlp.down_proj", "step": 2432}
{"stage": "sequential-round-coordinate", "pid": 4116221, "time": 1789708669.0683742, "cuda_visible_devices": "5", "allocated_gib": 5.225533962249756, "reserved_gib": 8.041015625, "peak_allocated_gib": 7.100478649139404, "gpu_time_budget": null, "module": "model.layers.17.mlp.down_proj", "step": 2560}
{"stage": "sequential-round-coordinate", "pid": 4116221, "time": 1789708670.0529635, "cuda_visible_devices": "5", "allocated_gib": 5.225533962249756, "reserved_gib": 8.041015625, "peak_allocated_gib": 7.100478649139404, "gpu_time_budget": null, "module": "model.layers.17.mlp.down_proj", "step": 2688}
{"stage": "sequential-round-coordinate", "pid": 4116221, "time": 1789708671.0228927, "cuda_visible_devices": "5", "allocated_gib": 5.225533962249756, "reserved_gib": 8.041015625, "peak_allocated_gib": 7.100478649139404, "gpu_time_budget": null, "module": "model.layers.17.mlp.down_proj", "step": 2816}
{"stage": "sequential-round-coordinate", "pid": 4116221, "time": 1789708672.0244558, "cuda_visible_devices": "5", "allocated_gib": 5.225533962249756, "reserved_gib": 8.041015625, "peak_allocated_gib": 7.100478649139404, "gpu_time_budget": null, "module": "model.layers.17.mlp.down_proj", "step": 2944}
{"stage": "sequential-round-coordinate", "pid": 4116221, "time": 1789708673.0064676, "cuda_visible_devices": "5", "allocated_gib": 5.225533962249756, "reserved_gib": 8.041015625, "peak_allocated_gib": 7.100478649139404, "gpu_time_budget": null, "module": "model.layers.17.mlp.down_proj", "step": 3072}
{"stage": "sequential-round-coordinate", "pid": 4116221, "time": 1789708674.0100636, "cuda_visible_devices": "5", "allocated_gib": 5.225533962249756, "reserved_gib": 8.041015625, "peak_allocated_gib": 7.100478649139404, "gpu_time_budget": null, "module": "model.layers.17.mlp.down_proj", "step": 3200}
{"stage": "sequential-round-coordinate", "pid": 4116221, "time": 1789708675.0006711, "cuda_visible_devices": "5", "allocated_gib": 5.225533962249756, "reserved_gib": 8.041015625, "peak_allocated_gib": 7.100478649139404, "gpu_time_budget": null, "module": "model.layers.17.mlp.down_proj", "step": 3328}
{"stage": "sequential-round-coordinate", "pid": 4116221, "time": 1789708676.0116313, "cuda_visible_devices": "5", "allocated_gib": 5.225533962249756, "reserved_gib": 8.041015625, "peak_allocated_gib": 7.100478649139404, "gpu_time_budget": null, "module": "model.layers.17.mlp.down_proj", "step": 3456}
{"stage": "sequential-round-coordinate", "pid": 4116221, "time": 1789708677.006117, "cuda_visible_devices": "5", "allocated_gib": 5.225533962249756, "reserved_gib": 8.041015625, "peak_allocated_gib": 7.100478649139404, "gpu_time_budget": null, "module": "model.layers.17.mlp.down_proj", "step": 3584}
{"stage": "sequential-round-coordinate", "pid": 4116221, "time": 1789708678.0131462, "cuda_visible_devices": "5", "allocated_gib": 5.225533962249756, "reserved_gib": 8.041015625, "peak_allocated_gib": 7.100478649139404, "gpu_time_budget": null, "module": "model.layers.17.mlp.down_proj", "step": 3712}
{"stage": "sequential-round-coordinate", "pid": 4116221, "time": 1789708679.0176225, "cuda_visible_devices": "5", "allocated_gib": 5.225533962249756, "reserved_gib": 8.041015625, "peak_allocated_gib": 7.100478649139404, "gpu_time_budget": null, "module": "model.layers.17.mlp.down_proj", "step": 3840}
{"stage": "sequential-round-coordinate", "pid": 4116221, "time": 1789708680.0077076, "cuda_visible_devices": "5", "allocated_gib": 5.225533962249756, "reserved_gib": 8.041015625, "peak_allocated_gib": 7.100478649139404, "gpu_time_budget": null, "module": "model.layers.17.mlp.down_proj", "step": 3968}
{"stage": "sequential-round-coordinate", "pid": 4116221, "time": 1789708680.9753263, "cuda_visible_devices": "5", "allocated_gib": 5.225533962249756, "reserved_gib": 8.041015625, "peak_allocated_gib": 7.100478649139404, "gpu_time_budget": null, "module": "model.layers.17.mlp.down_proj", "step": 4096}
{"stage": "sequential-round-coordinate", "pid": 4116221, "time": 1789708681.962608, "cuda_visible_devices": "5", "allocated_gib": 5.225533962249756, "reserved_gib": 8.041015625, "peak_allocated_gib": 7.100478649139404, "gpu_time_budget": null, "module": "model.layers.17.mlp.down_proj", "step": 4224}
{"stage": "sequential-round-coordinate", "pid": 4116221, "time": 1789708682.9536228, "cuda_visible_devices": "5", "allocated_gib": 5.225533962249756, "reserved_gib": 8.041015625, "peak_allocated_gib": 7.100478649139404, "gpu_time_budget": null, "module": "model.layers.17.mlp.down_proj", "step": 4352}
{"stage": "sequential-round-coordinate", "pid": 4116221, "time": 1789708683.9589074, "cuda_visible_devices": "5", "allocated_gib": 5.225533962249756, "reserved_gib": 8.041015625, "peak_allocated_gib": 7.100478649139404, "gpu_time_budget": null, "module": "model.layers.17.mlp.down_proj", "step": 4480}
{"stage": "sequential-round-coordinate", "pid": 4116221, "time": 1789708684.9458575, "cuda_visible_devices": "5", "allocated_gib": 5.225533962249756, "reserved_gib": 8.041015625, "peak_allocated_gib": 7.100478649139404, "gpu_time_budget": null, "module": "model.layers.17.mlp.down_proj", "step": 4608}
{"stage": "sequential-round-coordinate", "pid": 4116221, "time": 1789708685.7817714, "cuda_visible_devices": "5", "allocated_gib": 5.225533962249756, "reserved_gib": 8.041015625, "peak_allocated_gib": 7.100478649139404, "gpu_time_budget": null, "module": "model.layers.17.mlp.down_proj", "step": 4736}
{"stage": "sequential-round-coordinate", "pid": 4116221, "time": 1789708686.5750482, "cuda_visible_devices": "5", "allocated_gib": 5.225533962249756, "reserved_gib": 8.041015625, "peak_allocated_gib": 7.100478649139404, "gpu_time_budget": null, "module": "model.layers.17.mlp.down_proj", "step": 4864}
{"stage": "sequential-round-coordinate", "pid": 4116221, "time": 1789708687.3859053, "cuda_visible_devices": "5", "allocated_gib": 5.225533962249756, "reserved_gib": 8.041015625, "peak_allocated_gib": 7.100478649139404, "gpu_time_budget": null, "module": "model.layers.17.mlp.down_proj", "step": 4992}
{"stage": "sequential-round-coordinate", "pid": 4116221, "time": 1789708688.190284, "cuda_visible_devices": "5", "allocated_gib": 5.225533962249756, "reserved_gib": 8.041015625, "peak_allocated_gib": 7.100478649139404, "gpu_time_budget": null, "module": "model.layers.17.mlp.down_proj", "step": 5120}
{"stage": "sequential-round-coordinate", "pid": 4116221, "time": 1789708689.0273163, "cuda_visible_devices": "5", "allocated_gib": 5.225533962249756, "reserved_gib": 8.041015625, "peak_allocated_gib": 7.100478649139404, "gpu_time_budget": null, "module": "model.layers.17.mlp.down_proj", "step": 5248}
{"stage": "sequential-round-coordinate", "pid": 4116221, "time": 1789708689.876376, "cuda_visible_devices": "5", "allocated_gib": 5.225533962249756, "reserved_gib": 8.041015625, "peak_allocated_gib": 7.100478649139404, "gpu_time_budget": null, "module": "model.layers.17.mlp.down_proj", "step": 5376}
{"stage": "sequential-round-coordinate", "pid": 4116221, "time": 1789708690.6859214, "cuda_visible_devices": "5", "allocated_gib": 5.225533962249756, "reserved_gib": 8.041015625, "peak_allocated_gib": 7.100478649139404, "gpu_time_budget": null, "module": "model.layers.17.mlp.down_proj", "step": 5504}
{"stage": "sequential-round-coordinate", "pid": 4116221, "time": 1789708691.4820287, "cuda_visible_devices": "5", "allocated_gib": 5.225533962249756, "reserved_gib": 8.041015625, "peak_allocated_gib": 7.100478649139404, "gpu_time_budget": null, "module": "model.layers.17.mlp.down_proj", "step": 5632}
{"stage": "sequential-round-coordinate", "pid": 4116221, "time": 1789708692.2751806, "cuda_visible_devices": "5", "allocated_gib": 5.225533962249756, "reserved_gib": 8.041015625, "peak_allocated_gib": 7.100478649139404, "gpu_time_budget": null, "module": "model.layers.17.mlp.down_proj", "step": 5760}
{"stage": "sequential-round-coordinate", "pid": 4116221, "time": 1789708693.0881793, "cuda_visible_devices": "5", "allocated_gib": 5.225533962249756, "reserved_gib": 8.041015625, "peak_allocated_gib": 7.100478649139404, "gpu_time_budget": null, "module": "model.layers.17.mlp.down_proj", "step": 5888}
{"stage": "sequential-round-coordinate", "pid": 4116221, "time": 1789708693.8882256, "cuda_visible_devices": "5", "allocated_gib": 5.225533962249756, "reserved_gib": 8.041015625, "peak_allocated_gib": 7.100478649139404, "gpu_time_budget": null, "module": "model.layers.17.mlp.down_proj", "step": 6016}
{"stage": "sequential-round-coordinate", "pid": 4116221, "time": 1789708694.6988835, "cuda_visible_devices": "5", "allocated_gib": 5.225533962249756, "reserved_gib": 8.041015625, "peak_allocated_gib": 7.100478649139404, "gpu_time_budget": null, "module": "model.layers.17.mlp.down_proj", "step": 6144}
{"stage": "sequential-round-coordinate", "pid": 4116221, "time": 1789708695.5113995, "cuda_visible_devices": "5", "allocated_gib": 5.225533962249756, "reserved_gib": 8.041015625, "peak_allocated_gib": 7.100478649139404, "gpu_time_budget": null, "module": "model.layers.17.mlp.down_proj", "step": 6272}
{"stage": "sequential-round-coordinate", "pid": 4116221, "time": 1789708696.3576987, "cuda_visible_devices": "5", "allocated_gib": 5.225533962249756, "reserved_gib": 8.041015625, "peak_allocated_gib": 7.100478649139404, "gpu_time_budget": null, "module": "model.layers.17.mlp.down_proj", "step": 6400}
{"stage": "sequential-round-coordinate", "pid": 4116221, "time": 1789708697.208543, "cuda_visible_devices": "5", "allocated_gib": 5.225533962249756, "reserved_gib": 8.041015625, "peak_allocated_gib": 7.100478649139404, "gpu_time_budget": null, "module": "model.layers.17.mlp.down_proj", "step": 6528}
{"stage": "sequential-round-coordinate", "pid": 4116221, "time": 1789708697.9703531, "cuda_visible_devices": "5", "allocated_gib": 5.225533962249756, "reserved_gib": 8.041015625, "peak_allocated_gib": 7.100478649139404, "gpu_time_budget": null, "module": "model.layers.17.mlp.down_proj", "step": 6656}
{"stage": "sequential-round-coordinate", "pid": 4116221, "time": 1789708698.8101366, "cuda_visible_devices": "5", "allocated_gib": 5.225533962249756, "reserved_gib": 8.041015625, "peak_allocated_gib": 7.100478649139404, "gpu_time_budget": null, "module": "model.layers.17.mlp.down_proj", "step": 6784}
{"stage": "sequential-round-coordinate", "pid": 4116221, "time": 1789708699.6107202, "cuda_visible_devices": "5", "allocated_gib": 5.225533962249756, "reserved_gib": 8.041015625, "peak_allocated_gib": 7.100478649139404, "gpu_time_budget": null, "module": "model.layers.17.mlp.down_proj", "step": 6912}
{"stage": "sequential-round-coordinate", "pid": 4116221, "time": 1789708700.4281025, "cuda_visible_devices": "5", "allocated_gib": 5.225533962249756, "reserved_gib": 8.041015625, "peak_allocated_gib": 7.100478649139404, "gpu_time_budget": null, "module": "model.layers.17.mlp.down_proj", "step": 7040}
{"stage": "sequential-round-coordinate", "pid": 4116221, "time": 1789708701.22977, "cuda_visible_devices": "5", "allocated_gib": 5.225533962249756, "reserved_gib": 8.041015625, "peak_allocated_gib": 7.100478649139404, "gpu_time_budget": null, "module": "model.layers.17.mlp.down_proj", "step": 7168}
{"stage": "sequential-round-coordinate", "pid": 4116221, "time": 1789708702.030065, "cuda_visible_devices": "5", "allocated_gib": 5.225533962249756, "reserved_gib": 8.041015625, "peak_allocated_gib": 7.100478649139404, "gpu_time_budget": null, "module": "model.layers.17.mlp.down_proj", "step": 7296}
{"stage": "sequential-round-coordinate", "pid": 4116221, "time": 1789708702.8349066, "cuda_visible_devices": "5", "allocated_gib": 5.225533962249756, "reserved_gib": 8.041015625, "peak_allocated_gib": 7.100478649139404, "gpu_time_budget": null, "module": "model.layers.17.mlp.down_proj", "step": 7424}
{"stage": "sequential-round-coordinate", "pid": 4116221, "time": 1789708703.5846958, "cuda_visible_devices": "5", "allocated_gib": 5.225533962249756, "reserved_gib": 8.041015625, "peak_allocated_gib": 7.100478649139404, "gpu_time_budget": null, "module": "model.layers.17.mlp.down_proj", "step": 7552}
{"stage": "sequential-round-coordinate", "pid": 4116221, "time": 1789708704.2924008, "cuda_visible_devices": "5", "allocated_gib": 5.225533962249756, "reserved_gib": 8.041015625, "peak_allocated_gib": 7.100478649139404, "gpu_time_budget": null, "module": "model.layers.17.mlp.down_proj", "step": 7680}
{"stage": "sequential-round-coordinate", "pid": 4116221, "time": 1789708704.9830964, "cuda_visible_devices": "5", "allocated_gib": 5.225533962249756, "reserved_gib": 8.041015625, "peak_allocated_gib": 7.100478649139404, "gpu_time_budget": null, "module": "model.layers.17.mlp.down_proj", "step": 7808}
{"stage": "sequential-round-coordinate", "pid": 4116221, "time": 1789708705.6862428, "cuda_visible_devices": "5", "allocated_gib": 5.225533962249756, "reserved_gib": 8.041015625, "peak_allocated_gib": 7.100478649139404, "gpu_time_budget": null, "module": "model.layers.17.mlp.down_proj", "step": 7936}
{"stage": "sequential-round-coordinate", "pid": 4116221, "time": 1789708706.3289773, "cuda_visible_devices": "5", "allocated_gib": 5.225533962249756, "reserved_gib": 8.041015625, "peak_allocated_gib": 7.100478649139404, "gpu_time_budget": null, "module": "model.layers.17.mlp.down_proj", "step": 8064}
{"stage": "sequential-round-coordinate", "pid": 4116221, "time": 1789708706.9979002, "cuda_visible_devices": "5", "allocated_gib": 5.225533962249756, "reserved_gib": 8.041015625, "peak_allocated_gib": 7.100478649139404, "gpu_time_budget": null, "module": "model.layers.17.mlp.down_proj", "step": 8192}
{"stage": "sequential-round-train-nll", "pid": 4116221, "time": 1789708707.0779433, "cuda_visible_devices": "5", "allocated_gib": 3.795783519744873, "reserved_gib": 3.80078125, "peak_allocated_gib": 7.100478649139404, "gpu_time_budget": null, "module": "model.layers.17.mlp.down_proj", "step": 512}
Evaluation segment 1/1: start=0, windows=8, seqlen=2048
{"stage": "sequential-round-train-nll", "pid": 4116221, "time": 1789708710.2481732, "cuda_visible_devices": "5", "allocated_gib": 3.795783519744873, "reserved_gib": 5.791015625, "peak_allocated_gib": 7.100478649139404, "gpu_time_budget": null, "module": "model.layers.17.mlp.down_proj", "step": 2048}
Evaluation segment 1/1: start=0, windows=8, seqlen=2048
{"stage": "sequential-round-train-nll", "pid": 4116221, "time": 1789708714.8266532, "cuda_visible_devices": "5", "allocated_gib": 3.795783519744873, "reserved_gib": 5.791015625, "peak_allocated_gib": 7.100478649139404, "gpu_time_budget": null, "module": "model.layers.17.mlp.down_proj", "step": 8192}
Evaluation segment 1/1: start=0, windows=8, seqlen=2048
{"stage": "sequential-module-completed", "pid": 4116221, "time": 1789708721.0627751, "cuda_visible_devices": "5", "allocated_gib": 3.795783519744873, "reserved_gib": 5.791015625, "peak_allocated_gib": 7.100478649139404, "gpu_time_budget": null, "module": "model.layers.17.mlp.down_proj", "completed": 18, "total": 28, "selected_train_nll": 2.982721806233124, "elapsed_seconds": 1348.489155392046}
{"stage": "sequential-round-fit", "pid": 4116221, "time": 1789708732.1464927, "cuda_visible_devices": "5", "allocated_gib": 3.795783519744873, "reserved_gib": 5.791015625, "peak_allocated_gib": 7.100478649139404, "gpu_time_budget": null, "module": "model.layers.18.mlp.down_proj", "fit_rows": 49152, "heldout_rows": 16384}
{"stage": "sequential-round-coordinate", "pid": 4116221, "time": 1789708733.4702663, "cuda_visible_devices": "5", "allocated_gib": 5.225533962249756, "reserved_gib": 8.041015625, "peak_allocated_gib": 7.100478649139404, "gpu_time_budget": null, "module": "model.layers.18.mlp.down_proj", "step": 128}
{"stage": "sequential-round-coordinate", "pid": 4116221, "time": 1789708734.468376, "cuda_visible_devices": "5", "allocated_gib": 5.225533962249756, "reserved_gib": 8.041015625, "peak_allocated_gib": 7.100478649139404, "gpu_time_budget": null, "module": "model.layers.18.mlp.down_proj", "step": 256}
{"stage": "sequential-round-coordinate", "pid": 4116221, "time": 1789708735.4691317, "cuda_visible_devices": "5", "allocated_gib": 5.225533962249756, "reserved_gib": 8.041015625, "peak_allocated_gib": 7.100478649139404, "gpu_time_budget": null, "module": "model.layers.18.mlp.down_proj", "step": 384}
{"stage": "sequential-round-coordinate", "pid": 4116221, "time": 1789708736.545344, "cuda_visible_devices": "5", "allocated_gib": 5.225533962249756, "reserved_gib": 8.041015625, "peak_allocated_gib": 7.100478649139404, "gpu_time_budget": null, "module": "model.layers.18.mlp.down_proj", "step": 512}
{"stage": "sequential-round-coordinate", "pid": 4116221, "time": 1789708737.553057, "cuda_visible_devices": "5", "allocated_gib": 5.225533962249756, "reserved_gib": 8.041015625, "peak_allocated_gib": 7.100478649139404, "gpu_time_budget": null, "module": "model.layers.18.mlp.down_proj", "step": 640}
{"stage": "sequential-round-coordinate", "pid": 4116221, "time": 1789708738.5347006, "cuda_visible_devices": "5", "allocated_gib": 5.225533962249756, "reserved_gib": 8.041015625, "peak_allocated_gib": 7.100478649139404, "gpu_time_budget": null, "module": "model.layers.18.mlp.down_proj", "step": 768}
{"stage": "sequential-round-coordinate", "pid": 4116221, "time": 1789708739.4930475, "cuda_visible_devices": "5", "allocated_gib": 5.225533962249756, "reserved_gib": 8.041015625, "peak_allocated_gib": 7.100478649139404, "gpu_time_budget": null, "module": "model.layers.18.mlp.down_proj", "step": 896}
{"stage": "sequential-round-coordinate", "pid": 4116221, "time": 1789708740.498228, "cuda_visible_devices": "5", "allocated_gib": 5.225533962249756, "reserved_gib": 8.041015625, "peak_allocated_gib": 7.100478649139404, "gpu_time_budget": null, "module": "model.layers.18.mlp.down_proj", "step": 1024}
{"stage": "sequential-round-coordinate", "pid": 4116221, "time": 1789708741.4962897, "cuda_visible_devices": "5", "allocated_gib": 5.225533962249756, "reserved_gib": 8.041015625, "peak_allocated_gib": 7.100478649139404, "gpu_time_budget": null, "module": "model.layers.18.mlp.down_proj", "step": 1152}
{"stage": "sequential-round-coordinate", "pid": 4116221, "time": 1789708742.4942226, "cuda_visible_devices": "5", "allocated_gib": 5.225533962249756, "reserved_gib": 8.041015625, "peak_allocated_gib": 7.100478649139404, "gpu_time_budget": null, "module": "model.layers.18.mlp.down_proj", "step": 1280}
{"stage": "sequential-round-coordinate", "pid": 4116221, "time": 1789708743.4971352, "cuda_visible_devices": "5", "allocated_gib": 5.225533962249756, "reserved_gib": 8.041015625, "peak_allocated_gib": 7.100478649139404, "gpu_time_budget": null, "module": "model.layers.18.mlp.down_proj", "step": 1408}
{"stage": "sequential-round-coordinate", "pid": 4116221, "time": 1789708744.4898531, "cuda_visible_devices": "5", "allocated_gib": 5.225533962249756, "reserved_gib": 8.041015625, "peak_allocated_gib": 7.100478649139404, "gpu_time_budget": null, "module": "model.layers.18.mlp.down_proj", "step": 1536}
{"stage": "sequential-round-coordinate", "pid": 4116221, "time": 1789708745.4931471, "cuda_visible_devices": "5", "allocated_gib": 5.225533962249756, "reserved_gib": 8.041015625, "peak_allocated_gib": 7.100478649139404, "gpu_time_budget": null, "module": "model.layers.18.mlp.down_proj", "step": 1664}
{"stage": "sequential-round-coordinate", "pid": 4116221, "time": 1789708746.4838767, "cuda_visible_devices": "5", "allocated_gib": 5.225533962249756, "reserved_gib": 8.041015625, "peak_allocated_gib": 7.100478649139404, "gpu_time_budget": null, "module": "model.layers.18.mlp.down_proj", "step": 1792}
{"stage": "sequential-round-coordinate", "pid": 4116221, "time": 1789708747.4894285, "cuda_visible_devices": "5", "allocated_gib": 5.225533962249756, "reserved_gib": 8.041015625, "peak_allocated_gib": 7.100478649139404, "gpu_time_budget": null, "module": "model.layers.18.mlp.down_proj", "step": 1920}
{"stage": "sequential-round-coordinate", "pid": 4116221, "time": 1789708748.5773728, "cuda_visible_devices": "5", "allocated_gib": 5.225533962249756, "reserved_gib": 8.041015625, "peak_allocated_gib": 7.100478649139404, "gpu_time_budget": null, "module": "model.layers.18.mlp.down_proj", "step": 2048}
{"stage": "sequential-round-coordinate", "pid": 4116221, "time": 1789708749.5743992, "cuda_visible_devices": "5", "allocated_gib": 5.225533962249756, "reserved_gib": 8.041015625, "peak_allocated_gib": 7.100478649139404, "gpu_time_budget": null, "module": "model.layers.18.mlp.down_proj", "step": 2176}
{"stage": "sequential-round-coordinate", "pid": 4116221, "time": 1789708750.5804596, "cuda_visible_devices": "5", "allocated_gib": 5.225533962249756, "reserved_gib": 8.041015625, "peak_allocated_gib": 7.100478649139404, "gpu_time_budget": null, "module": "model.layers.18.mlp.down_proj", "step": 2304}
{"stage": "sequential-round-coordinate", "pid": 4116221, "time": 1789708751.516296, "cuda_visible_devices": "5", "allocated_gib": 5.225533962249756, "reserved_gib": 8.041015625, "peak_allocated_gib": 7.100478649139404, "gpu_time_budget": null, "module": "model.layers.18.mlp.down_proj", "step": 2432}
{"stage": "sequential-round-coordinate", "pid": 4116221, "time": 1789708752.52183, "cuda_visible_devices": "5", "allocated_gib": 5.225533962249756, "reserved_gib": 8.041015625, "peak_allocated_gib": 7.100478649139404, "gpu_time_budget": null, "module": "model.layers.18.mlp.down_proj", "step": 2560}
{"stage": "sequential-round-coordinate", "pid": 4116221, "time": 1789708753.504204, "cuda_visible_devices": "5", "allocated_gib": 5.225533962249756, "reserved_gib": 8.041015625, "peak_allocated_gib": 7.100478649139404, "gpu_time_budget": null, "module": "model.layers.18.mlp.down_proj", "step": 2688}
{"stage": "sequential-round-coordinate", "pid": 4116221, "time": 1789708754.5005646, "cuda_visible_devices": "5", "allocated_gib": 5.225533962249756, "reserved_gib": 8.041015625, "peak_allocated_gib": 7.100478649139404, "gpu_time_budget": null, "module": "model.layers.18.mlp.down_proj", "step": 2816}
{"stage": "sequential-round-coordinate", "pid": 4116221, "time": 1789708755.483985, "cuda_visible_devices": "5", "allocated_gib": 5.225533962249756, "reserved_gib": 8.041015625, "peak_allocated_gib": 7.100478649139404, "gpu_time_budget": null, "module": "model.layers.18.mlp.down_proj", "step": 2944}
{"stage": "sequential-round-coordinate", "pid": 4116221, "time": 1789708756.4866676, "cuda_visible_devices": "5", "allocated_gib": 5.225533962249756, "reserved_gib": 8.041015625, "peak_allocated_gib": 7.100478649139404, "gpu_time_budget": null, "module": "model.layers.18.mlp.down_proj", "step": 3072}
{"stage": "sequential-round-coordinate", "pid": 4116221, "time": 1789708757.4753227, "cuda_visible_devices": "5", "allocated_gib": 5.225533962249756, "reserved_gib": 8.041015625, "peak_allocated_gib": 7.100478649139404, "gpu_time_budget": null, "module": "model.layers.18.mlp.down_proj", "step": 3200}
{"stage": "sequential-round-coordinate", "pid": 4116221, "time": 1789708758.476531, "cuda_visible_devices": "5", "allocated_gib": 5.225533962249756, "reserved_gib": 8.041015625, "peak_allocated_gib": 7.100478649139404, "gpu_time_budget": null, "module": "model.layers.18.mlp.down_proj", "step": 3328}
{"stage": "sequential-round-coordinate", "pid": 4116221, "time": 1789708759.4681134, "cuda_visible_devices": "5", "allocated_gib": 5.225533962249756, "reserved_gib": 8.041015625, "peak_allocated_gib": 7.100478649139404, "gpu_time_budget": null, "module": "model.layers.18.mlp.down_proj", "step": 3456}
{"stage": "sequential-round-coordinate", "pid": 4116221, "time": 1789708760.468969, "cuda_visible_devices": "5", "allocated_gib": 5.225533962249756, "reserved_gib": 8.041015625, "peak_allocated_gib": 7.100478649139404, "gpu_time_budget": null, "module": "model.layers.18.mlp.down_proj", "step": 3584}
{"stage": "sequential-round-coordinate", "pid": 4116221, "time": 1789708761.4739127, "cuda_visible_devices": "5", "allocated_gib": 5.225533962249756, "reserved_gib": 8.041015625, "peak_allocated_gib": 7.100478649139404, "gpu_time_budget": null, "module": "model.layers.18.mlp.down_proj", "step": 3712}
{"stage": "sequential-round-coordinate", "pid": 4116221, "time": 1789708762.4708612, "cuda_visible_devices": "5", "allocated_gib": 5.225533962249756, "reserved_gib": 8.041015625, "peak_allocated_gib": 7.100478649139404, "gpu_time_budget": null, "module": "model.layers.18.mlp.down_proj", "step": 3840}
{"stage": "sequential-round-coordinate", "pid": 4116221, "time": 1789708763.4669027, "cuda_visible_devices": "5", "allocated_gib": 5.225533962249756, "reserved_gib": 8.041015625, "peak_allocated_gib": 7.100478649139404, "gpu_time_budget": null, "module": "model.layers.18.mlp.down_proj", "step": 3968}
{"stage": "sequential-round-coordinate", "pid": 4116221, "time": 1789708764.4659102, "cuda_visible_devices": "5", "allocated_gib": 5.225533962249756, "reserved_gib": 8.041015625, "peak_allocated_gib": 7.100478649139404, "gpu_time_budget": null, "module": "model.layers.18.mlp.down_proj", "step": 4096}
{"stage": "sequential-round-coordinate", "pid": 4116221, "time": 1789708765.4610677, "cuda_visible_devices": "5", "allocated_gib": 5.225533962249756, "reserved_gib": 8.041015625, "peak_allocated_gib": 7.100478649139404, "gpu_time_budget": null, "module": "model.layers.18.mlp.down_proj", "step": 4224}
{"stage": "sequential-round-coordinate", "pid": 4116221, "time": 1789708766.4044948, "cuda_visible_devices": "5", "allocated_gib": 5.225533962249756, "reserved_gib": 8.041015625, "peak_allocated_gib": 7.100478649139404, "gpu_time_budget": null, "module": "model.layers.18.mlp.down_proj", "step": 4352}
{"stage": "sequential-round-coordinate", "pid": 4116221, "time": 1789708767.1936796, "cuda_visible_devices": "5", "allocated_gib": 5.225533962249756, "reserved_gib": 8.041015625, "peak_allocated_gib": 7.100478649139404, "gpu_time_budget": null, "module": "model.layers.18.mlp.down_proj", "step": 4480}
{"stage": "sequential-round-coordinate", "pid": 4116221, "time": 1789708767.9989998, "cuda_visible_devices": "5", "allocated_gib": 5.225533962249756, "reserved_gib": 8.041015625, "peak_allocated_gib": 7.100478649139404, "gpu_time_budget": null, "module": "model.layers.18.mlp.down_proj", "step": 4608}
{"stage": "sequential-round-coordinate", "pid": 4116221, "time": 1789708768.7829752, "cuda_visible_devices": "5", "allocated_gib": 5.225533962249756, "reserved_gib": 8.041015625, "peak_allocated_gib": 7.100478649139404, "gpu_time_budget": null, "module": "model.layers.18.mlp.down_proj", "step": 4736}
{"stage": "sequential-round-coordinate", "pid": 4116221, "time": 1789708769.5895143, "cuda_visible_devices": "5", "allocated_gib": 5.225533962249756, "reserved_gib": 8.041015625, "peak_allocated_gib": 7.100478649139404, "gpu_time_budget": null, "module": "model.layers.18.mlp.down_proj", "step": 4864}
{"stage": "sequential-round-coordinate", "pid": 4116221, "time": 1789708770.3781111, "cuda_visible_devices": "5", "allocated_gib": 5.225533962249756, "reserved_gib": 8.041015625, "peak_allocated_gib": 7.100478649139404, "gpu_time_budget": null, "module": "model.layers.18.mlp.down_proj", "step": 4992}
{"stage": "sequential-round-coordinate", "pid": 4116221, "time": 1789708771.1938431, "cuda_visible_devices": "5", "allocated_gib": 5.225533962249756, "reserved_gib": 8.041015625, "peak_allocated_gib": 7.100478649139404, "gpu_time_budget": null, "module": "model.layers.18.mlp.down_proj", "step": 5120}
{"stage": "sequential-round-coordinate", "pid": 4116221, "time": 1789708772.01504, "cuda_visible_devices": "5", "allocated_gib": 5.225533962249756, "reserved_gib": 8.041015625, "peak_allocated_gib": 7.100478649139404, "gpu_time_budget": null, "module": "model.layers.18.mlp.down_proj", "step": 5248}
{"stage": "sequential-round-coordinate", "pid": 4116221, "time": 1789708772.7708185, "cuda_visible_devices": "5", "allocated_gib": 5.225533962249756, "reserved_gib": 8.041015625, "peak_allocated_gib": 7.100478649139404, "gpu_time_budget": null, "module": "model.layers.18.mlp.down_proj", "step": 5376}
{"stage": "sequential-round-coordinate", "pid": 4116221, "time": 1789708773.6012046, "cuda_visible_devices": "5", "allocated_gib": 5.225533962249756, "reserved_gib": 8.041015625, "peak_allocated_gib": 7.100478649139404, "gpu_time_budget": null, "module": "model.layers.18.mlp.down_proj", "step": 5504}
{"stage": "sequential-round-coordinate", "pid": 4116221, "time": 1789708774.405677, "cuda_visible_devices": "5", "allocated_gib": 5.225533962249756, "reserved_gib": 8.041015625, "peak_allocated_gib": 7.100478649139404, "gpu_time_budget": null, "module": "model.layers.18.mlp.down_proj", "step": 5632}
{"stage": "sequential-round-coordinate", "pid": 4116221, "time": 1789708775.1876984, "cuda_visible_devices": "5", "allocated_gib": 5.225533962249756, "reserved_gib": 8.041015625, "peak_allocated_gib": 7.100478649139404, "gpu_time_budget": null, "module": "model.layers.18.mlp.down_proj", "step": 5760}
{"stage": "sequential-round-coordinate", "pid": 4116221, "time": 1789708775.9678726, "cuda_visible_devices": "5", "allocated_gib": 5.225533962249756, "reserved_gib": 8.041015625, "peak_allocated_gib": 7.100478649139404, "gpu_time_budget": null, "module": "model.layers.18.mlp.down_proj", "step": 5888}
{"stage": "sequential-round-coordinate", "pid": 4116221, "time": 1789708776.7568932, "cuda_visible_devices": "5", "allocated_gib": 5.225533962249756, "reserved_gib": 8.041015625, "peak_allocated_gib": 7.100478649139404, "gpu_time_budget": null, "module": "model.layers.18.mlp.down_proj", "step": 6016}
{"stage": "sequential-round-coordinate", "pid": 4116221, "time": 1789708777.5412617, "cuda_visible_devices": "5", "allocated_gib": 5.225533962249756, "reserved_gib": 8.041015625, "peak_allocated_gib": 7.100478649139404, "gpu_time_budget": null, "module": "model.layers.18.mlp.down_proj", "step": 6144}
{"stage": "sequential-round-coordinate", "pid": 4116221, "time": 1789708778.2891438, "cuda_visible_devices": "5", "allocated_gib": 5.225533962249756, "reserved_gib": 8.041015625, "peak_allocated_gib": 7.100478649139404, "gpu_time_budget": null, "module": "model.layers.18.mlp.down_proj", "step": 6272}
{"stage": "sequential-round-coordinate", "pid": 4116221, "time": 1789708779.0678427, "cuda_visible_devices": "5", "allocated_gib": 5.225533962249756, "reserved_gib": 8.041015625, "peak_allocated_gib": 7.100478649139404, "gpu_time_budget": null, "module": "model.layers.18.mlp.down_proj", "step": 6400}
{"stage": "sequential-round-coordinate", "pid": 4116221, "time": 1789708779.8491054, "cuda_visible_devices": "5", "allocated_gib": 5.225533962249756, "reserved_gib": 8.041015625, "peak_allocated_gib": 7.100478649139404, "gpu_time_budget": null, "module": "model.layers.18.mlp.down_proj", "step": 6528}
{"stage": "sequential-round-coordinate", "pid": 4116221, "time": 1789708780.6709704, "cuda_visible_devices": "5", "allocated_gib": 5.225533962249756, "reserved_gib": 8.041015625, "peak_allocated_gib": 7.100478649139404, "gpu_time_budget": null, "module": "model.layers.18.mlp.down_proj", "step": 6656}
{"stage": "sequential-round-coordinate", "pid": 4116221, "time": 1789708781.4891362, "cuda_visible_devices": "5", "allocated_gib": 5.225533962249756, "reserved_gib": 8.041015625, "peak_allocated_gib": 7.100478649139404, "gpu_time_budget": null, "module": "model.layers.18.mlp.down_proj", "step": 6784}
{"stage": "sequential-round-coordinate", "pid": 4116221, "time": 1789708782.28175, "cuda_visible_devices": "5", "allocated_gib": 5.225533962249756, "reserved_gib": 8.041015625, "peak_allocated_gib": 7.100478649139404, "gpu_time_budget": null, "module": "model.layers.18.mlp.down_proj", "step": 6912}
{"stage": "sequential-round-coordinate", "pid": 4116221, "time": 1789708783.0647552, "cuda_visible_devices": "5", "allocated_gib": 5.225533962249756, "reserved_gib": 8.041015625, "peak_allocated_gib": 7.100478649139404, "gpu_time_budget": null, "module": "model.layers.18.mlp.down_proj", "step": 7040}
{"stage": "sequential-round-coordinate", "pid": 4116221, "time": 1789708783.7985845, "cuda_visible_devices": "5", "allocated_gib": 5.225533962249756, "reserved_gib": 8.041015625, "peak_allocated_gib": 7.100478649139404, "gpu_time_budget": null, "module": "model.layers.18.mlp.down_proj", "step": 7168}
{"stage": "sequential-round-coordinate", "pid": 4116221, "time": 1789708784.4574895, "cuda_visible_devices": "5", "allocated_gib": 5.225533962249756, "reserved_gib": 8.041015625, "peak_allocated_gib": 7.100478649139404, "gpu_time_budget": null, "module": "model.layers.18.mlp.down_proj", "step": 7296}
{"stage": "sequential-round-coordinate", "pid": 4116221, "time": 1789708785.1308599, "cuda_visible_devices": "5", "allocated_gib": 5.225533962249756, "reserved_gib": 8.041015625, "peak_allocated_gib": 7.100478649139404, "gpu_time_budget": null, "module": "model.layers.18.mlp.down_proj", "step": 7424}
{"stage": "sequential-round-coordinate", "pid": 4116221, "time": 1789708785.801059, "cuda_visible_devices": "5", "allocated_gib": 5.225533962249756, "reserved_gib": 8.041015625, "peak_allocated_gib": 7.100478649139404, "gpu_time_budget": null, "module": "model.layers.18.mlp.down_proj", "step": 7552}
{"stage": "sequential-round-coordinate", "pid": 4116221, "time": 1789708786.473698, "cuda_visible_devices": "5", "allocated_gib": 5.225533962249756, "reserved_gib": 8.041015625, "peak_allocated_gib": 7.100478649139404, "gpu_time_budget": null, "module": "model.layers.18.mlp.down_proj", "step": 7680}
{"stage": "sequential-round-coordinate", "pid": 4116221, "time": 1789708787.1445312, "cuda_visible_devices": "5", "allocated_gib": 5.225533962249756, "reserved_gib": 8.041015625, "peak_allocated_gib": 7.100478649139404, "gpu_time_budget": null, "module": "model.layers.18.mlp.down_proj", "step": 7808}
{"stage": "sequential-round-coordinate", "pid": 4116221, "time": 1789708787.8168228, "cuda_visible_devices": "5", "allocated_gib": 5.225533962249756, "reserved_gib": 8.041015625, "peak_allocated_gib": 7.100478649139404, "gpu_time_budget": null, "module": "model.layers.18.mlp.down_proj", "step": 7936}
{"stage": "sequential-round-coordinate", "pid": 4116221, "time": 1789708788.4858737, "cuda_visible_devices": "5", "allocated_gib": 5.225533962249756, "reserved_gib": 8.041015625, "peak_allocated_gib": 7.100478649139404, "gpu_time_budget": null, "module": "model.layers.18.mlp.down_proj", "step": 8064}
{"stage": "sequential-round-coordinate", "pid": 4116221, "time": 1789708789.2228038, "cuda_visible_devices": "5", "allocated_gib": 5.225533962249756, "reserved_gib": 8.041015625, "peak_allocated_gib": 7.100478649139404, "gpu_time_budget": null, "module": "model.layers.18.mlp.down_proj", "step": 8192}
{"stage": "sequential-round-train-nll", "pid": 4116221, "time": 1789708789.2658908, "cuda_visible_devices": "5", "allocated_gib": 3.795783519744873, "reserved_gib": 3.80078125, "peak_allocated_gib": 7.100478649139404, "gpu_time_budget": null, "module": "model.layers.18.mlp.down_proj", "step": 512}
Evaluation segment 1/1: start=0, windows=8, seqlen=2048
{"stage": "sequential-round-train-nll", "pid": 4116221, "time": 1789708792.7865493, "cuda_visible_devices": "5", "allocated_gib": 3.795783519744873, "reserved_gib": 5.791015625, "peak_allocated_gib": 7.100478649139404, "gpu_time_budget": null, "module": "model.layers.18.mlp.down_proj", "step": 2048}
Evaluation segment 1/1: start=0, windows=8, seqlen=2048
{"stage": "sequential-round-train-nll", "pid": 4116221, "time": 1789708798.4121616, "cuda_visible_devices": "5", "allocated_gib": 3.795783519744873, "reserved_gib": 5.791015625, "peak_allocated_gib": 7.100478649139404, "gpu_time_budget": null, "module": "model.layers.18.mlp.down_proj", "step": 8192}
Evaluation segment 1/1: start=0, windows=8, seqlen=2048
{"stage": "sequential-module-completed", "pid": 4116221, "time": 1789708804.4782093, "cuda_visible_devices": "5", "allocated_gib": 3.795783519744873, "reserved_gib": 5.791015625, "peak_allocated_gib": 7.100478649139404, "gpu_time_budget": null, "module": "model.layers.18.mlp.down_proj", "completed": 19, "total": 28, "selected_train_nll": 2.982721806233124, "elapsed_seconds": 1431.904587327037}
{"stage": "sequential-round-fit", "pid": 4116221, "time": 1789708815.7693098, "cuda_visible_devices": "5", "allocated_gib": 3.795783519744873, "reserved_gib": 5.791015625, "peak_allocated_gib": 7.100478649139404, "gpu_time_budget": null, "module": "model.layers.19.mlp.down_proj", "fit_rows": 49152, "heldout_rows": 16384}
{"stage": "sequential-round-coordinate", "pid": 4116221, "time": 1789708817.076406, "cuda_visible_devices": "5", "allocated_gib": 5.225533962249756, "reserved_gib": 8.041015625, "peak_allocated_gib": 7.100478649139404, "gpu_time_budget": null, "module": "model.layers.19.mlp.down_proj", "step": 128}
{"stage": "sequential-round-coordinate", "pid": 4116221, "time": 1789708818.0506468, "cuda_visible_devices": "5", "allocated_gib": 5.225533962249756, "reserved_gib": 8.041015625, "peak_allocated_gib": 7.100478649139404, "gpu_time_budget": null, "module": "model.layers.19.mlp.down_proj", "step": 256}
{"stage": "sequential-round-coordinate", "pid": 4116221, "time": 1789708819.030281, "cuda_visible_devices": "5", "allocated_gib": 5.225533962249756, "reserved_gib": 8.041015625, "peak_allocated_gib": 7.100478649139404, "gpu_time_budget": null, "module": "model.layers.19.mlp.down_proj", "step": 384}
{"stage": "sequential-round-coordinate", "pid": 4116221, "time": 1789708820.0862992, "cuda_visible_devices": "5", "allocated_gib": 5.225533962249756, "reserved_gib": 8.041015625, "peak_allocated_gib": 7.100478649139404, "gpu_time_budget": null, "module": "model.layers.19.mlp.down_proj", "step": 512}
{"stage": "sequential-round-coordinate", "pid": 4116221, "time": 1789708821.0575726, "cuda_visible_devices": "5", "allocated_gib": 5.225533962249756, "reserved_gib": 8.041015625, "peak_allocated_gib": 7.100478649139404, "gpu_time_budget": null, "module": "model.layers.19.mlp.down_proj", "step": 640}
{"stage": "sequential-round-coordinate", "pid": 4116221, "time": 1789708822.0248277, "cuda_visible_devices": "5", "allocated_gib": 5.225533962249756, "reserved_gib": 8.041015625, "peak_allocated_gib": 7.100478649139404, "gpu_time_budget": null, "module": "model.layers.19.mlp.down_proj", "step": 768}
{"stage": "sequential-round-coordinate", "pid": 4116221, "time": 1789708822.9936397, "cuda_visible_devices": "5", "allocated_gib": 5.225533962249756, "reserved_gib": 8.041015625, "peak_allocated_gib": 7.100478649139404, "gpu_time_budget": null, "module": "model.layers.19.mlp.down_proj", "step": 896}
{"stage": "sequential-round-coordinate", "pid": 4116221, "time": 1789708823.9735165, "cuda_visible_devices": "5", "allocated_gib": 5.225533962249756, "reserved_gib": 8.041015625, "peak_allocated_gib": 7.100478649139404, "gpu_time_budget": null, "module": "model.layers.19.mlp.down_proj", "step": 1024}
{"stage": "sequential-round-coordinate", "pid": 4116221, "time": 1789708824.9557118, "cuda_visible_devices": "5", "allocated_gib": 5.225533962249756, "reserved_gib": 8.041015625, "peak_allocated_gib": 7.100478649139404, "gpu_time_budget": null, "module": "model.layers.19.mlp.down_proj", "step": 1152}
{"stage": "sequential-round-coordinate", "pid": 4116221, "time": 1789708825.936182, "cuda_visible_devices": "5", "allocated_gib": 5.225533962249756, "reserved_gib": 8.041015625, "peak_allocated_gib": 7.100478649139404, "gpu_time_budget": null, "module": "model.layers.19.mlp.down_proj", "step": 1280}
{"stage": "sequential-round-coordinate", "pid": 4116221, "time": 1789708826.9079328, "cuda_visible_devices": "5", "allocated_gib": 5.225533962249756, "reserved_gib": 8.041015625, "peak_allocated_gib": 7.100478649139404, "gpu_time_budget": null, "module": "model.layers.19.mlp.down_proj", "step": 1408}
{"stage": "sequential-round-coordinate", "pid": 4116221, "time": 1789708827.8806815, "cuda_visible_devices": "5", "allocated_gib": 5.225533962249756, "reserved_gib": 8.041015625, "peak_allocated_gib": 7.100478649139404, "gpu_time_budget": null, "module": "model.layers.19.mlp.down_proj", "step": 1536}
{"stage": "sequential-round-coordinate", "pid": 4116221, "time": 1789708828.8524203, "cuda_visible_devices": "5", "allocated_gib": 5.225533962249756, "reserved_gib": 8.041015625, "peak_allocated_gib": 7.100478649139404, "gpu_time_budget": null, "module": "model.layers.19.mlp.down_proj", "step": 1664}
{"stage": "sequential-round-coordinate", "pid": 4116221, "time": 1789708829.8279912, "cuda_visible_devices": "5", "allocated_gib": 5.225533962249756, "reserved_gib": 8.041015625, "peak_allocated_gib": 7.100478649139404, "gpu_time_budget": null, "module": "model.layers.19.mlp.down_proj", "step": 1792}
{"stage": "sequential-round-coordinate", "pid": 4116221, "time": 1789708830.7984722, "cuda_visible_devices": "5", "allocated_gib": 5.225533962249756, "reserved_gib": 8.041015625, "peak_allocated_gib": 7.100478649139404, "gpu_time_budget": null, "module": "model.layers.19.mlp.down_proj", "step": 1920}
{"stage": "sequential-round-coordinate", "pid": 4116221, "time": 1789708831.8541377, "cuda_visible_devices": "5", "allocated_gib": 5.225533962249756, "reserved_gib": 8.041015625, "peak_allocated_gib": 7.100478649139404, "gpu_time_budget": null, "module": "model.layers.19.mlp.down_proj", "step": 2048}
{"stage": "sequential-round-coordinate", "pid": 4116221, "time": 1789708832.8222363, "cuda_visible_devices": "5", "allocated_gib": 5.225533962249756, "reserved_gib": 8.041015625, "peak_allocated_gib": 7.100478649139404, "gpu_time_budget": null, "module": "model.layers.19.mlp.down_proj", "step": 2176}
{"stage": "sequential-round-coordinate", "pid": 4116221, "time": 1789708833.790492, "cuda_visible_devices": "5", "allocated_gib": 5.225533962249756, "reserved_gib": 8.041015625, "peak_allocated_gib": 7.100478649139404, "gpu_time_budget": null, "module": "model.layers.19.mlp.down_proj", "step": 2304}
{"stage": "sequential-round-coordinate", "pid": 4116221, "time": 1789708834.760175, "cuda_visible_devices": "5", "allocated_gib": 5.225533962249756, "reserved_gib": 8.041015625, "peak_allocated_gib": 7.100478649139404, "gpu_time_budget": null, "module": "model.layers.19.mlp.down_proj", "step": 2432}
{"stage": "sequential-round-coordinate", "pid": 4116221, "time": 1789708835.7289295, "cuda_visible_devices": "5", "allocated_gib": 5.225533962249756, "reserved_gib": 8.041015625, "peak_allocated_gib": 7.100478649139404, "gpu_time_budget": null, "module": "model.layers.19.mlp.down_proj", "step": 2560}
{"stage": "sequential-round-coordinate", "pid": 4116221, "time": 1789708836.6986525, "cuda_visible_devices": "5", "allocated_gib": 5.225533962249756, "reserved_gib": 8.041015625, "peak_allocated_gib": 7.100478649139404, "gpu_time_budget": null, "module": "model.layers.19.mlp.down_proj", "step": 2688}
{"stage": "sequential-round-coordinate", "pid": 4116221, "time": 1789708837.6764357, "cuda_visible_devices": "5", "allocated_gib": 5.225533962249756, "reserved_gib": 8.041015625, "peak_allocated_gib": 7.100478649139404, "gpu_time_budget": null, "module": "model.layers.19.mlp.down_proj", "step": 2816}
{"stage": "sequential-round-coordinate", "pid": 4116221, "time": 1789708838.656939, "cuda_visible_devices": "5", "allocated_gib": 5.225533962249756, "reserved_gib": 8.041015625, "peak_allocated_gib": 7.100478649139404, "gpu_time_budget": null, "module": "model.layers.19.mlp.down_proj", "step": 2944}
{"stage": "sequential-round-coordinate", "pid": 4116221, "time": 1789708839.636183, "cuda_visible_devices": "5", "allocated_gib": 5.225533962249756, "reserved_gib": 8.041015625, "peak_allocated_gib": 7.100478649139404, "gpu_time_budget": null, "module": "model.layers.19.mlp.down_proj", "step": 3072}
{"stage": "sequential-round-coordinate", "pid": 4116221, "time": 1789708840.6127238, "cuda_visible_devices": "5", "allocated_gib": 5.225533962249756, "reserved_gib": 8.041015625, "peak_allocated_gib": 7.100478649139404, "gpu_time_budget": null, "module": "model.layers.19.mlp.down_proj", "step": 3200}
{"stage": "sequential-round-coordinate", "pid": 4116221, "time": 1789708841.5936437, "cuda_visible_devices": "5", "allocated_gib": 5.225533962249756, "reserved_gib": 8.041015625, "peak_allocated_gib": 7.100478649139404, "gpu_time_budget": null, "module": "model.layers.19.mlp.down_proj", "step": 3328}
{"stage": "sequential-round-coordinate", "pid": 4116221, "time": 1789708842.5727153, "cuda_visible_devices": "5", "allocated_gib": 5.225533962249756, "reserved_gib": 8.041015625, "peak_allocated_gib": 7.100478649139404, "gpu_time_budget": null, "module": "model.layers.19.mlp.down_proj", "step": 3456}
{"stage": "sequential-round-coordinate", "pid": 4116221, "time": 1789708843.555319, "cuda_visible_devices": "5", "allocated_gib": 5.225533962249756, "reserved_gib": 8.041015625, "peak_allocated_gib": 7.100478649139404, "gpu_time_budget": null, "module": "model.layers.19.mlp.down_proj", "step": 3584}
{"stage": "sequential-round-coordinate", "pid": 4116221, "time": 1789708844.534949, "cuda_visible_devices": "5", "allocated_gib": 5.225533962249756, "reserved_gib": 8.041015625, "peak_allocated_gib": 7.100478649139404, "gpu_time_budget": null, "module": "model.layers.19.mlp.down_proj", "step": 3712}
{"stage": "sequential-round-coordinate", "pid": 4116221, "time": 1789708845.51423, "cuda_visible_devices": "5", "allocated_gib": 5.225533962249756, "reserved_gib": 8.041015625, "peak_allocated_gib": 7.100478649139404, "gpu_time_budget": null, "module": "model.layers.19.mlp.down_proj", "step": 3840}
{"stage": "sequential-round-coordinate", "pid": 4116221, "time": 1789708846.5007634, "cuda_visible_devices": "5", "allocated_gib": 5.225533962249756, "reserved_gib": 8.041015625, "peak_allocated_gib": 7.100478649139404, "gpu_time_budget": null, "module": "model.layers.19.mlp.down_proj", "step": 3968}
{"stage": "sequential-round-coordinate", "pid": 4116221, "time": 1789708847.2374623, "cuda_visible_devices": "5", "allocated_gib": 5.225533962249756, "reserved_gib": 8.041015625, "peak_allocated_gib": 7.100478649139404, "gpu_time_budget": null, "module": "model.layers.19.mlp.down_proj", "step": 4096}
{"stage": "sequential-round-coordinate", "pid": 4116221, "time": 1789708848.057957, "cuda_visible_devices": "5", "allocated_gib": 5.225533962249756, "reserved_gib": 8.041015625, "peak_allocated_gib": 7.100478649139404, "gpu_time_budget": null, "module": "model.layers.19.mlp.down_proj", "step": 4224}
{"stage": "sequential-round-coordinate", "pid": 4116221, "time": 1789708848.8433554, "cuda_visible_devices": "5", "allocated_gib": 5.225533962249756, "reserved_gib": 8.041015625, "peak_allocated_gib": 7.100478649139404, "gpu_time_budget": null, "module": "model.layers.19.mlp.down_proj", "step": 4352}
{"stage": "sequential-round-coordinate", "pid": 4116221, "time": 1789708849.6272967, "cuda_visible_devices": "5", "allocated_gib": 5.225533962249756, "reserved_gib": 8.041015625, "peak_allocated_gib": 7.100478649139404, "gpu_time_budget": null, "module": "model.layers.19.mlp.down_proj", "step": 4480}
{"stage": "sequential-round-coordinate", "pid": 4116221, "time": 1789708850.4123561, "cuda_visible_devices": "5", "allocated_gib": 5.225533962249756, "reserved_gib": 8.041015625, "peak_allocated_gib": 7.100478649139404, "gpu_time_budget": null, "module": "model.layers.19.mlp.down_proj", "step": 4608}
{"stage": "sequential-round-coordinate", "pid": 4116221, "time": 1789708851.1957755, "cuda_visible_devices": "5", "allocated_gib": 5.225533962249756, "reserved_gib": 8.041015625, "peak_allocated_gib": 7.100478649139404, "gpu_time_budget": null, "module": "model.layers.19.mlp.down_proj", "step": 4736}
{"stage": "sequential-round-coordinate", "pid": 4116221, "time": 1789708851.9792926, "cuda_visible_devices": "5", "allocated_gib": 5.225533962249756, "reserved_gib": 8.041015625, "peak_allocated_gib": 7.100478649139404, "gpu_time_budget": null, "module": "model.layers.19.mlp.down_proj", "step": 4864}
{"stage": "sequential-round-coordinate", "pid": 4116221, "time": 1789708852.744972, "cuda_visible_devices": "5", "allocated_gib": 5.225533962249756, "reserved_gib": 8.041015625, "peak_allocated_gib": 7.100478649139404, "gpu_time_budget": null, "module": "model.layers.19.mlp.down_proj", "step": 4992}
{"stage": "sequential-round-coordinate", "pid": 4116221, "time": 1789708853.5376937, "cuda_visible_devices": "5", "allocated_gib": 5.225533962249756, "reserved_gib": 8.041015625, "peak_allocated_gib": 7.100478649139404, "gpu_time_budget": null, "module": "model.layers.19.mlp.down_proj", "step": 5120}
{"stage": "sequential-round-coordinate", "pid": 4116221, "time": 1789708854.3539655, "cuda_visible_devices": "5", "allocated_gib": 5.225533962249756, "reserved_gib": 8.041015625, "peak_allocated_gib": 7.100478649139404, "gpu_time_budget": null, "module": "model.layers.19.mlp.down_proj", "step": 5248}
{"stage": "sequential-round-coordinate", "pid": 4116221, "time": 1789708855.173593, "cuda_visible_devices": "5", "allocated_gib": 5.225533962249756, "reserved_gib": 8.041015625, "peak_allocated_gib": 7.100478649139404, "gpu_time_budget": null, "module": "model.layers.19.mlp.down_proj", "step": 5376}
{"stage": "sequential-round-coordinate", "pid": 4116221, "time": 1789708855.9473596, "cuda_visible_devices": "5", "allocated_gib": 5.225533962249756, "reserved_gib": 8.041015625, "peak_allocated_gib": 7.100478649139404, "gpu_time_budget": null, "module": "model.layers.19.mlp.down_proj", "step": 5504}
{"stage": "sequential-round-coordinate", "pid": 4116221, "time": 1789708856.7276099, "cuda_visible_devices": "5", "allocated_gib": 5.225533962249756, "reserved_gib": 8.041015625, "peak_allocated_gib": 7.100478649139404, "gpu_time_budget": null, "module": "model.layers.19.mlp.down_proj", "step": 5632}
{"stage": "sequential-round-coordinate", "pid": 4116221, "time": 1789708857.5520182, "cuda_visible_devices": "5", "allocated_gib": 5.225533962249756, "reserved_gib": 8.041015625, "peak_allocated_gib": 7.100478649139404, "gpu_time_budget": null, "module": "model.layers.19.mlp.down_proj", "step": 5760}
{"stage": "sequential-round-coordinate", "pid": 4116221, "time": 1789708858.318902, "cuda_visible_devices": "5", "allocated_gib": 5.225533962249756, "reserved_gib": 8.041015625, "peak_allocated_gib": 7.100478649139404, "gpu_time_budget": null, "module": "model.layers.19.mlp.down_proj", "step": 5888}
{"stage": "sequential-round-coordinate", "pid": 4116221, "time": 1789708859.1013963, "cuda_visible_devices": "5", "allocated_gib": 5.225533962249756, "reserved_gib": 8.041015625, "peak_allocated_gib": 7.100478649139404, "gpu_time_budget": null, "module": "model.layers.19.mlp.down_proj", "step": 6016}
{"stage": "sequential-round-coordinate", "pid": 4116221, "time": 1789708859.9268978, "cuda_visible_devices": "5", "allocated_gib": 5.225533962249756, "reserved_gib": 8.041015625, "peak_allocated_gib": 7.100478649139404, "gpu_time_budget": null, "module": "model.layers.19.mlp.down_proj", "step": 6144}
{"stage": "sequential-round-coordinate", "pid": 4116221, "time": 1789708860.744996, "cuda_visible_devices": "5", "allocated_gib": 5.225533962249756, "reserved_gib": 8.041015625, "peak_allocated_gib": 7.100478649139404, "gpu_time_budget": null, "module": "model.layers.19.mlp.down_proj", "step": 6272}
{"stage": "sequential-round-coordinate", "pid": 4116221, "time": 1789708861.5334496, "cuda_visible_devices": "5", "allocated_gib": 5.225533962249756, "reserved_gib": 8.041015625, "peak_allocated_gib": 7.100478649139404, "gpu_time_budget": null, "module": "model.layers.19.mlp.down_proj", "step": 6400}
{"stage": "sequential-round-coordinate", "pid": 4116221, "time": 1789708862.3119469, "cuda_visible_devices": "5", "allocated_gib": 5.225533962249756, "reserved_gib": 8.041015625, "peak_allocated_gib": 7.100478649139404, "gpu_time_budget": null, "module": "model.layers.19.mlp.down_proj", "step": 6528}
{"stage": "sequential-round-coordinate", "pid": 4116221, "time": 1789708863.0910232, "cuda_visible_devices": "5", "allocated_gib": 5.225533962249756, "reserved_gib": 8.041015625, "peak_allocated_gib": 7.100478649139404, "gpu_time_budget": null, "module": "model.layers.19.mlp.down_proj", "step": 6656}
{"stage": "sequential-round-coordinate", "pid": 4116221, "time": 1789708863.8174741, "cuda_visible_devices": "5", "allocated_gib": 5.225533962249756, "reserved_gib": 8.041015625, "peak_allocated_gib": 7.100478649139404, "gpu_time_budget": null, "module": "model.layers.19.mlp.down_proj", "step": 6784}
{"stage": "sequential-round-coordinate", "pid": 4116221, "time": 1789708864.4945738, "cuda_visible_devices": "5", "allocated_gib": 5.225533962249756, "reserved_gib": 8.041015625, "peak_allocated_gib": 7.100478649139404, "gpu_time_budget": null, "module": "model.layers.19.mlp.down_proj", "step": 6912}
{"stage": "sequential-round-coordinate", "pid": 4116221, "time": 1789708865.1697085, "cuda_visible_devices": "5", "allocated_gib": 5.225533962249756, "reserved_gib": 8.041015625, "peak_allocated_gib": 7.100478649139404, "gpu_time_budget": null, "module": "model.layers.19.mlp.down_proj", "step": 7040}
{"stage": "sequential-round-coordinate", "pid": 4116221, "time": 1789708865.8504844, "cuda_visible_devices": "5", "allocated_gib": 5.225533962249756, "reserved_gib": 8.041015625, "peak_allocated_gib": 7.100478649139404, "gpu_time_budget": null, "module": "model.layers.19.mlp.down_proj", "step": 7168}
{"stage": "sequential-round-coordinate", "pid": 4116221, "time": 1789708866.525146, "cuda_visible_devices": "5", "allocated_gib": 5.225533962249756, "reserved_gib": 8.041015625, "peak_allocated_gib": 7.100478649139404, "gpu_time_budget": null, "module": "model.layers.19.mlp.down_proj", "step": 7296}
{"stage": "sequential-round-coordinate", "pid": 4116221, "time": 1789708867.199477, "cuda_visible_devices": "5", "allocated_gib": 5.225533962249756, "reserved_gib": 8.041015625, "peak_allocated_gib": 7.100478649139404, "gpu_time_budget": null, "module": "model.layers.19.mlp.down_proj", "step": 7424}
{"stage": "sequential-round-coordinate", "pid": 4116221, "time": 1789708867.8710868, "cuda_visible_devices": "5", "allocated_gib": 5.225533962249756, "reserved_gib": 8.041015625, "peak_allocated_gib": 7.100478649139404, "gpu_time_budget": null, "module": "model.layers.19.mlp.down_proj", "step": 7552}
{"stage": "sequential-round-coordinate", "pid": 4116221, "time": 1789708868.5675328, "cuda_visible_devices": "5", "allocated_gib": 5.225533962249756, "reserved_gib": 8.041015625, "peak_allocated_gib": 7.100478649139404, "gpu_time_budget": null, "module": "model.layers.19.mlp.down_proj", "step": 7680}
{"stage": "sequential-round-coordinate", "pid": 4116221, "time": 1789708869.2523544, "cuda_visible_devices": "5", "allocated_gib": 5.225533962249756, "reserved_gib": 8.041015625, "peak_allocated_gib": 7.100478649139404, "gpu_time_budget": null, "module": "model.layers.19.mlp.down_proj", "step": 7808}
{"stage": "sequential-round-coordinate", "pid": 4116221, "time": 1789708869.9250283, "cuda_visible_devices": "5", "allocated_gib": 5.225533962249756, "reserved_gib": 8.041015625, "peak_allocated_gib": 7.100478649139404, "gpu_time_budget": null, "module": "model.layers.19.mlp.down_proj", "step": 7936}
{"stage": "sequential-round-coordinate", "pid": 4116221, "time": 1789708870.5957227, "cuda_visible_devices": "5", "allocated_gib": 5.225533962249756, "reserved_gib": 8.041015625, "peak_allocated_gib": 7.100478649139404, "gpu_time_budget": null, "module": "model.layers.19.mlp.down_proj", "step": 8064}
{"stage": "sequential-round-coordinate", "pid": 4116221, "time": 1789708871.3263042, "cuda_visible_devices": "5", "allocated_gib": 5.225533962249756, "reserved_gib": 8.041015625, "peak_allocated_gib": 7.100478649139404, "gpu_time_budget": null, "module": "model.layers.19.mlp.down_proj", "step": 8192}
{"stage": "sequential-round-train-nll", "pid": 4116221, "time": 1789708871.3794181, "cuda_visible_devices": "5", "allocated_gib": 3.795783519744873, "reserved_gib": 3.80078125, "peak_allocated_gib": 7.100478649139404, "gpu_time_budget": null, "module": "model.layers.19.mlp.down_proj", "step": 512}
Evaluation segment 1/1: start=0, windows=8, seqlen=2048
{"stage": "sequential-round-train-nll", "pid": 4116221, "time": 1789708875.0821934, "cuda_visible_devices": "5", "allocated_gib": 3.795783519744873, "reserved_gib": 5.791015625, "peak_allocated_gib": 7.100478649139404, "gpu_time_budget": null, "module": "model.layers.19.mlp.down_proj", "step": 2048}
Evaluation segment 1/1: start=0, windows=8, seqlen=2048
{"stage": "sequential-round-train-nll", "pid": 4116221, "time": 1789708880.988254, "cuda_visible_devices": "5", "allocated_gib": 3.795783519744873, "reserved_gib": 5.791015625, "peak_allocated_gib": 7.100478649139404, "gpu_time_budget": null, "module": "model.layers.19.mlp.down_proj", "step": 8192}
Evaluation segment 1/1: start=0, windows=8, seqlen=2048
{"stage": "sequential-module-completed", "pid": 4116221, "time": 1789708887.0819733, "cuda_visible_devices": "5", "allocated_gib": 3.795783519744873, "reserved_gib": 5.791015625, "peak_allocated_gib": 7.100478649139404, "gpu_time_budget": null, "module": "model.layers.19.mlp.down_proj", "completed": 20, "total": 28, "selected_train_nll": 2.98133797989696, "elapsed_seconds": 1514.5083602879895}
{"stage": "sequential-round-fit", "pid": 4116221, "time": 1789708898.740812, "cuda_visible_devices": "5", "allocated_gib": 3.795783519744873, "reserved_gib": 5.791015625, "peak_allocated_gib": 7.100478649139404, "gpu_time_budget": null, "module": "model.layers.20.mlp.down_proj", "fit_rows": 49152, "heldout_rows": 16384}
{"stage": "sequential-round-coordinate", "pid": 4116221, "time": 1789708900.0462687, "cuda_visible_devices": "5", "allocated_gib": 5.225533962249756, "reserved_gib": 8.041015625, "peak_allocated_gib": 7.100478649139404, "gpu_time_budget": null, "module": "model.layers.20.mlp.down_proj", "step": 128}
{"stage": "sequential-round-coordinate", "pid": 4116221, "time": 1789708901.02301, "cuda_visible_devices": "5", "allocated_gib": 5.225533962249756, "reserved_gib": 8.041015625, "peak_allocated_gib": 7.100478649139404, "gpu_time_budget": null, "module": "model.layers.20.mlp.down_proj", "step": 256}
{"stage": "sequential-round-coordinate", "pid": 4116221, "time": 1789708902.0008178, "cuda_visible_devices": "5", "allocated_gib": 5.225533962249756, "reserved_gib": 8.041015625, "peak_allocated_gib": 7.100478649139404, "gpu_time_budget": null, "module": "model.layers.20.mlp.down_proj", "step": 384}
{"stage": "sequential-round-coordinate", "pid": 4116221, "time": 1789708903.069694, "cuda_visible_devices": "5", "allocated_gib": 5.225533962249756, "reserved_gib": 8.041015625, "peak_allocated_gib": 7.100478649139404, "gpu_time_budget": null, "module": "model.layers.20.mlp.down_proj", "step": 512}
{"stage": "sequential-round-coordinate", "pid": 4116221, "time": 1789708904.0454772, "cuda_visible_devices": "5", "allocated_gib": 5.225533962249756, "reserved_gib": 8.041015625, "peak_allocated_gib": 7.100478649139404, "gpu_time_budget": null, "module": "model.layers.20.mlp.down_proj", "step": 640}
{"stage": "sequential-round-coordinate", "pid": 4116221, "time": 1789708905.0213678, "cuda_visible_devices": "5", "allocated_gib": 5.225533962249756, "reserved_gib": 8.041015625, "peak_allocated_gib": 7.100478649139404, "gpu_time_budget": null, "module": "model.layers.20.mlp.down_proj", "step": 768}
{"stage": "sequential-round-coordinate", "pid": 4116221, "time": 1789708905.9983947, "cuda_visible_devices": "5", "allocated_gib": 5.225533962249756, "reserved_gib": 8.041015625, "peak_allocated_gib": 7.100478649139404, "gpu_time_budget": null, "module": "model.layers.20.mlp.down_proj", "step": 896}
{"stage": "sequential-round-coordinate", "pid": 4116221, "time": 1789708906.9766433, "cuda_visible_devices": "5", "allocated_gib": 5.225533962249756, "reserved_gib": 8.041015625, "peak_allocated_gib": 7.100478649139404, "gpu_time_budget": null, "module": "model.layers.20.mlp.down_proj", "step": 1024}
{"stage": "sequential-round-coordinate", "pid": 4116221, "time": 1789708907.9531794, "cuda_visible_devices": "5", "allocated_gib": 5.225533962249756, "reserved_gib": 8.041015625, "peak_allocated_gib": 7.100478649139404, "gpu_time_budget": null, "module": "model.layers.20.mlp.down_proj", "step": 1152}
{"stage": "sequential-round-coordinate", "pid": 4116221, "time": 1789708908.930207, "cuda_visible_devices": "5", "allocated_gib": 5.225533962249756, "reserved_gib": 8.041015625, "peak_allocated_gib": 7.100478649139404, "gpu_time_budget": null, "module": "model.layers.20.mlp.down_proj", "step": 1280}
{"stage": "sequential-round-coordinate", "pid": 4116221, "time": 1789708909.9064467, "cuda_visible_devices": "5", "allocated_gib": 5.225533962249756, "reserved_gib": 8.041015625, "peak_allocated_gib": 7.100478649139404, "gpu_time_budget": null, "module": "model.layers.20.mlp.down_proj", "step": 1408}
{"stage": "sequential-round-coordinate", "pid": 4116221, "time": 1789708910.9009166, "cuda_visible_devices": "5", "allocated_gib": 5.225533962249756, "reserved_gib": 8.041015625, "peak_allocated_gib": 7.100478649139404, "gpu_time_budget": null, "module": "model.layers.20.mlp.down_proj", "step": 1536}
{"stage": "sequential-round-coordinate", "pid": 4116221, "time": 1789708911.8800006, "cuda_visible_devices": "5", "allocated_gib": 5.225533962249756, "reserved_gib": 8.041015625, "peak_allocated_gib": 7.100478649139404, "gpu_time_budget": null, "module": "model.layers.20.mlp.down_proj", "step": 1664}
{"stage": "sequential-round-coordinate", "pid": 4116221, "time": 1789708912.8557827, "cuda_visible_devices": "5", "allocated_gib": 5.225533962249756, "reserved_gib": 8.041015625, "peak_allocated_gib": 7.100478649139404, "gpu_time_budget": null, "module": "model.layers.20.mlp.down_proj", "step": 1792}
{"stage": "sequential-round-coordinate", "pid": 4116221, "time": 1789708913.832914, "cuda_visible_devices": "5", "allocated_gib": 5.225533962249756, "reserved_gib": 8.041015625, "peak_allocated_gib": 7.100478649139404, "gpu_time_budget": null, "module": "model.layers.20.mlp.down_proj", "step": 1920}
{"stage": "sequential-round-coordinate", "pid": 4116221, "time": 1789708914.8999553, "cuda_visible_devices": "5", "allocated_gib": 5.225533962249756, "reserved_gib": 8.041015625, "peak_allocated_gib": 7.100478649139404, "gpu_time_budget": null, "module": "model.layers.20.mlp.down_proj", "step": 2048}
{"stage": "sequential-round-coordinate", "pid": 4116221, "time": 1789708915.8716958, "cuda_visible_devices": "5", "allocated_gib": 5.225533962249756, "reserved_gib": 8.041015625, "peak_allocated_gib": 7.100478649139404, "gpu_time_budget": null, "module": "model.layers.20.mlp.down_proj", "step": 2176}
{"stage": "sequential-round-coordinate", "pid": 4116221, "time": 1789708916.848186, "cuda_visible_devices": "5", "allocated_gib": 5.225533962249756, "reserved_gib": 8.041015625, "peak_allocated_gib": 7.100478649139404, "gpu_time_budget": null, "module": "model.layers.20.mlp.down_proj", "step": 2304}
{"stage": "sequential-round-coordinate", "pid": 4116221, "time": 1789708917.8243792, "cuda_visible_devices": "5", "allocated_gib": 5.225533962249756, "reserved_gib": 8.041015625, "peak_allocated_gib": 7.100478649139404, "gpu_time_budget": null, "module": "model.layers.20.mlp.down_proj", "step": 2432}
{"stage": "sequential-round-coordinate", "pid": 4116221, "time": 1789708918.799401, "cuda_visible_devices": "5", "allocated_gib": 5.225533962249756, "reserved_gib": 8.041015625, "peak_allocated_gib": 7.100478649139404, "gpu_time_budget": null, "module": "model.layers.20.mlp.down_proj", "step": 2560}
{"stage": "sequential-round-coordinate", "pid": 4116221, "time": 1789708919.7765555, "cuda_visible_devices": "5", "allocated_gib": 5.225533962249756, "reserved_gib": 8.041015625, "peak_allocated_gib": 7.100478649139404, "gpu_time_budget": null, "module": "model.layers.20.mlp.down_proj", "step": 2688}
{"stage": "sequential-round-coordinate", "pid": 4116221, "time": 1789708920.7541335, "cuda_visible_devices": "5", "allocated_gib": 5.225533962249756, "reserved_gib": 8.041015625, "peak_allocated_gib": 7.100478649139404, "gpu_time_budget": null, "module": "model.layers.20.mlp.down_proj", "step": 2816}
{"stage": "sequential-round-coordinate", "pid": 4116221, "time": 1789708921.731179, "cuda_visible_devices": "5", "allocated_gib": 5.225533962249756, "reserved_gib": 8.041015625, "peak_allocated_gib": 7.100478649139404, "gpu_time_budget": null, "module": "model.layers.20.mlp.down_proj", "step": 2944}
{"stage": "sequential-round-coordinate", "pid": 4116221, "time": 1789708922.7118015, "cuda_visible_devices": "5", "allocated_gib": 5.225533962249756, "reserved_gib": 8.041015625, "peak_allocated_gib": 7.100478649139404, "gpu_time_budget": null, "module": "model.layers.20.mlp.down_proj", "step": 3072}
{"stage": "sequential-round-coordinate", "pid": 4116221, "time": 1789708923.6948237, "cuda_visible_devices": "5", "allocated_gib": 5.225533962249756, "reserved_gib": 8.041015625, "peak_allocated_gib": 7.100478649139404, "gpu_time_budget": null, "module": "model.layers.20.mlp.down_proj", "step": 3200}
{"stage": "sequential-round-coordinate", "pid": 4116221, "time": 1789708924.6810174, "cuda_visible_devices": "5", "allocated_gib": 5.225533962249756, "reserved_gib": 8.041015625, "peak_allocated_gib": 7.100478649139404, "gpu_time_budget": null, "module": "model.layers.20.mlp.down_proj", "step": 3328}
{"stage": "sequential-round-coordinate", "pid": 4116221, "time": 1789708925.6644964, "cuda_visible_devices": "5", "allocated_gib": 5.225533962249756, "reserved_gib": 8.041015625, "peak_allocated_gib": 7.100478649139404, "gpu_time_budget": null, "module": "model.layers.20.mlp.down_proj", "step": 3456}
{"stage": "sequential-round-coordinate", "pid": 4116221, "time": 1789708926.6482153, "cuda_visible_devices": "5", "allocated_gib": 5.225533962249756, "reserved_gib": 8.041015625, "peak_allocated_gib": 7.100478649139404, "gpu_time_budget": null, "module": "model.layers.20.mlp.down_proj", "step": 3584}
{"stage": "sequential-round-coordinate", "pid": 4116221, "time": 1789708927.4578474, "cuda_visible_devices": "5", "allocated_gib": 5.225533962249756, "reserved_gib": 8.041015625, "peak_allocated_gib": 7.100478649139404, "gpu_time_budget": null, "module": "model.layers.20.mlp.down_proj", "step": 3712}
{"stage": "sequential-round-coordinate", "pid": 4116221, "time": 1789708928.244579, "cuda_visible_devices": "5", "allocated_gib": 5.225533962249756, "reserved_gib": 8.041015625, "peak_allocated_gib": 7.100478649139404, "gpu_time_budget": null, "module": "model.layers.20.mlp.down_proj", "step": 3840}
{"stage": "sequential-round-coordinate", "pid": 4116221, "time": 1789708929.032168, "cuda_visible_devices": "5", "allocated_gib": 5.225533962249756, "reserved_gib": 8.041015625, "peak_allocated_gib": 7.100478649139404, "gpu_time_budget": null, "module": "model.layers.20.mlp.down_proj", "step": 3968}
{"stage": "sequential-round-coordinate", "pid": 4116221, "time": 1789708929.8244514, "cuda_visible_devices": "5", "allocated_gib": 5.225533962249756, "reserved_gib": 8.041015625, "peak_allocated_gib": 7.100478649139404, "gpu_time_budget": null, "module": "model.layers.20.mlp.down_proj", "step": 4096}
{"stage": "sequential-round-coordinate", "pid": 4116221, "time": 1789708930.6476843, "cuda_visible_devices": "5", "allocated_gib": 5.225533962249756, "reserved_gib": 8.041015625, "peak_allocated_gib": 7.100478649139404, "gpu_time_budget": null, "module": "model.layers.20.mlp.down_proj", "step": 4224}
{"stage": "sequential-round-coordinate", "pid": 4116221, "time": 1789708931.473355, "cuda_visible_devices": "5", "allocated_gib": 5.225533962249756, "reserved_gib": 8.041015625, "peak_allocated_gib": 7.100478649139404, "gpu_time_budget": null, "module": "model.layers.20.mlp.down_proj", "step": 4352}
{"stage": "sequential-round-coordinate", "pid": 4116221, "time": 1789708932.268116, "cuda_visible_devices": "5", "allocated_gib": 5.225533962249756, "reserved_gib": 8.041015625, "peak_allocated_gib": 7.100478649139404, "gpu_time_budget": null, "module": "model.layers.20.mlp.down_proj", "step": 4480}
{"stage": "sequential-round-coordinate", "pid": 4116221, "time": 1789708933.035292, "cuda_visible_devices": "5", "allocated_gib": 5.225533962249756, "reserved_gib": 8.041015625, "peak_allocated_gib": 7.100478649139404, "gpu_time_budget": null, "module": "model.layers.20.mlp.down_proj", "step": 4608}
{"stage": "sequential-round-coordinate", "pid": 4116221, "time": 1789708933.8260286, "cuda_visible_devices": "5", "allocated_gib": 5.225533962249756, "reserved_gib": 8.041015625, "peak_allocated_gib": 7.100478649139404, "gpu_time_budget": null, "module": "model.layers.20.mlp.down_proj", "step": 4736}
{"stage": "sequential-round-coordinate", "pid": 4116221, "time": 1789708934.6150942, "cuda_visible_devices": "5", "allocated_gib": 5.225533962249756, "reserved_gib": 8.041015625, "peak_allocated_gib": 7.100478649139404, "gpu_time_budget": null, "module": "model.layers.20.mlp.down_proj", "step": 4864}
{"stage": "sequential-round-coordinate", "pid": 4116221, "time": 1789708935.3963454, "cuda_visible_devices": "5", "allocated_gib": 5.225533962249756, "reserved_gib": 8.041015625, "peak_allocated_gib": 7.100478649139404, "gpu_time_budget": null, "module": "model.layers.20.mlp.down_proj", "step": 4992}
{"stage": "sequential-round-coordinate", "pid": 4116221, "time": 1789708936.1753922, "cuda_visible_devices": "5", "allocated_gib": 5.225533962249756, "reserved_gib": 8.041015625, "peak_allocated_gib": 7.100478649139404, "gpu_time_budget": null, "module": "model.layers.20.mlp.down_proj", "step": 5120}
{"stage": "sequential-round-coordinate", "pid": 4116221, "time": 1789708936.9538543, "cuda_visible_devices": "5", "allocated_gib": 5.225533962249756, "reserved_gib": 8.041015625, "peak_allocated_gib": 7.100478649139404, "gpu_time_budget": null, "module": "model.layers.20.mlp.down_proj", "step": 5248}
{"stage": "sequential-round-coordinate", "pid": 4116221, "time": 1789708937.7724025, "cuda_visible_devices": "5", "allocated_gib": 5.225533962249756, "reserved_gib": 8.041015625, "peak_allocated_gib": 7.100478649139404, "gpu_time_budget": null, "module": "model.layers.20.mlp.down_proj", "step": 5376}
{"stage": "sequential-round-coordinate", "pid": 4116221, "time": 1789708938.5903637, "cuda_visible_devices": "5", "allocated_gib": 5.225533962249756, "reserved_gib": 8.041015625, "peak_allocated_gib": 7.100478649139404, "gpu_time_budget": null, "module": "model.layers.20.mlp.down_proj", "step": 5504}
{"stage": "sequential-round-coordinate", "pid": 4116221, "time": 1789708940.1203513, "cuda_visible_devices": "5", "allocated_gib": 5.225533962249756, "reserved_gib": 8.041015625, "peak_allocated_gib": 7.100478649139404, "gpu_time_budget": null, "module": "model.layers.20.mlp.down_proj", "step": 5632}
{"stage": "sequential-round-coordinate", "pid": 4116221, "time": 1789708940.9057608, "cuda_visible_devices": "5", "allocated_gib": 5.225533962249756, "reserved_gib": 8.041015625, "peak_allocated_gib": 7.100478649139404, "gpu_time_budget": null, "module": "model.layers.20.mlp.down_proj", "step": 5760}
{"stage": "sequential-round-coordinate", "pid": 4116221, "time": 1789708941.6860209, "cuda_visible_devices": "5", "allocated_gib": 5.225533962249756, "reserved_gib": 8.041015625, "peak_allocated_gib": 7.100478649139404, "gpu_time_budget": null, "module": "model.layers.20.mlp.down_proj", "step": 5888}
{"stage": "sequential-round-coordinate", "pid": 4116221, "time": 1789708942.468909, "cuda_visible_devices": "5", "allocated_gib": 5.225533962249756, "reserved_gib": 8.041015625, "peak_allocated_gib": 7.100478649139404, "gpu_time_budget": null, "module": "model.layers.20.mlp.down_proj", "step": 6016}
{"stage": "sequential-round-coordinate", "pid": 4116221, "time": 1789708943.2529945, "cuda_visible_devices": "5", "allocated_gib": 5.225533962249756, "reserved_gib": 8.041015625, "peak_allocated_gib": 7.100478649139404, "gpu_time_budget": null, "module": "model.layers.20.mlp.down_proj", "step": 6144}
{"stage": "sequential-round-coordinate", "pid": 4116221, "time": 1789708944.0399554, "cuda_visible_devices": "5", "allocated_gib": 5.225533962249756, "reserved_gib": 8.041015625, "peak_allocated_gib": 7.100478649139404, "gpu_time_budget": null, "module": "model.layers.20.mlp.down_proj", "step": 6272}
{"stage": "sequential-round-coordinate", "pid": 4116221, "time": 1789708944.8475878, "cuda_visible_devices": "5", "allocated_gib": 5.225533962249756, "reserved_gib": 8.041015625, "peak_allocated_gib": 7.100478649139404, "gpu_time_budget": null, "module": "model.layers.20.mlp.down_proj", "step": 6400}
{"stage": "sequential-round-coordinate", "pid": 4116221, "time": 1789708945.5261583, "cuda_visible_devices": "5", "allocated_gib": 5.225533962249756, "reserved_gib": 8.041015625, "peak_allocated_gib": 7.100478649139404, "gpu_time_budget": null, "module": "model.layers.20.mlp.down_proj", "step": 6528}
{"stage": "sequential-round-coordinate", "pid": 4116221, "time": 1789708946.2103543, "cuda_visible_devices": "5", "allocated_gib": 5.225533962249756, "reserved_gib": 8.041015625, "peak_allocated_gib": 7.100478649139404, "gpu_time_budget": null, "module": "model.layers.20.mlp.down_proj", "step": 6656}
{"stage": "sequential-round-coordinate", "pid": 4116221, "time": 1789708946.9027982, "cuda_visible_devices": "5", "allocated_gib": 5.225533962249756, "reserved_gib": 8.041015625, "peak_allocated_gib": 7.100478649139404, "gpu_time_budget": null, "module": "model.layers.20.mlp.down_proj", "step": 6784}
{"stage": "sequential-round-coordinate", "pid": 4116221, "time": 1789708947.6066816, "cuda_visible_devices": "5", "allocated_gib": 5.225533962249756, "reserved_gib": 8.041015625, "peak_allocated_gib": 7.100478649139404, "gpu_time_budget": null, "module": "model.layers.20.mlp.down_proj", "step": 6912}
{"stage": "sequential-round-coordinate", "pid": 4116221, "time": 1789708948.2890258, "cuda_visible_devices": "5", "allocated_gib": 5.225533962249756, "reserved_gib": 8.041015625, "peak_allocated_gib": 7.100478649139404, "gpu_time_budget": null, "module": "model.layers.20.mlp.down_proj", "step": 7040}
{"stage": "sequential-round-coordinate", "pid": 4116221, "time": 1789708948.9684682, "cuda_visible_devices": "5", "allocated_gib": 5.225533962249756, "reserved_gib": 8.041015625, "peak_allocated_gib": 7.100478649139404, "gpu_time_budget": null, "module": "model.layers.20.mlp.down_proj", "step": 7168}
{"stage": "sequential-round-coordinate", "pid": 4116221, "time": 1789708949.6460605, "cuda_visible_devices": "5", "allocated_gib": 5.225533962249756, "reserved_gib": 8.041015625, "peak_allocated_gib": 7.100478649139404, "gpu_time_budget": null, "module": "model.layers.20.mlp.down_proj", "step": 7296}
{"stage": "sequential-round-coordinate", "pid": 4116221, "time": 1789708950.3319185, "cuda_visible_devices": "5", "allocated_gib": 5.225533962249756, "reserved_gib": 8.041015625, "peak_allocated_gib": 7.100478649139404, "gpu_time_budget": null, "module": "model.layers.20.mlp.down_proj", "step": 7424}
{"stage": "sequential-round-coordinate", "pid": 4116221, "time": 1789708951.0115602, "cuda_visible_devices": "5", "allocated_gib": 5.225533962249756, "reserved_gib": 8.041015625, "peak_allocated_gib": 7.100478649139404, "gpu_time_budget": null, "module": "model.layers.20.mlp.down_proj", "step": 7552}
{"stage": "sequential-round-coordinate", "pid": 4116221, "time": 1789708951.6917734, "cuda_visible_devices": "5", "allocated_gib": 5.225533962249756, "reserved_gib": 8.041015625, "peak_allocated_gib": 7.100478649139404, "gpu_time_budget": null, "module": "model.layers.20.mlp.down_proj", "step": 7680}
{"stage": "sequential-round-coordinate", "pid": 4116221, "time": 1789708952.3757777, "cuda_visible_devices": "5", "allocated_gib": 5.225533962249756, "reserved_gib": 8.041015625, "peak_allocated_gib": 7.100478649139404, "gpu_time_budget": null, "module": "model.layers.20.mlp.down_proj", "step": 7808}
{"stage": "sequential-round-coordinate", "pid": 4116221, "time": 1789708953.059714, "cuda_visible_devices": "5", "allocated_gib": 5.225533962249756, "reserved_gib": 8.041015625, "peak_allocated_gib": 7.100478649139404, "gpu_time_budget": null, "module": "model.layers.20.mlp.down_proj", "step": 7936}
{"stage": "sequential-round-coordinate", "pid": 4116221, "time": 1789708953.740534, "cuda_visible_devices": "5", "allocated_gib": 5.225533962249756, "reserved_gib": 8.041015625, "peak_allocated_gib": 7.100478649139404, "gpu_time_budget": null, "module": "model.layers.20.mlp.down_proj", "step": 8064}
{"stage": "sequential-round-coordinate", "pid": 4116221, "time": 1789708954.4931912, "cuda_visible_devices": "5", "allocated_gib": 5.225533962249756, "reserved_gib": 8.041015625, "peak_allocated_gib": 7.100478649139404, "gpu_time_budget": null, "module": "model.layers.20.mlp.down_proj", "step": 8192}
{"stage": "sequential-round-train-nll", "pid": 4116221, "time": 1789708954.5385377, "cuda_visible_devices": "5", "allocated_gib": 3.795783519744873, "reserved_gib": 3.80078125, "peak_allocated_gib": 7.100478649139404, "gpu_time_budget": null, "module": "model.layers.20.mlp.down_proj", "step": 512}
Evaluation segment 1/1: start=0, windows=8, seqlen=2048
{"stage": "sequential-round-train-nll", "pid": 4116221, "time": 1789708958.8552501, "cuda_visible_devices": "5", "allocated_gib": 3.795783519744873, "reserved_gib": 5.791015625, "peak_allocated_gib": 7.100478649139404, "gpu_time_budget": null, "module": "model.layers.20.mlp.down_proj", "step": 2048}
Evaluation segment 1/1: start=0, windows=8, seqlen=2048
{"stage": "sequential-round-train-nll", "pid": 4116221, "time": 1789708964.84486, "cuda_visible_devices": "5", "allocated_gib": 3.795783519744873, "reserved_gib": 5.791015625, "peak_allocated_gib": 7.100478649139404, "gpu_time_budget": null, "module": "model.layers.20.mlp.down_proj", "step": 8192}
Evaluation segment 1/1: start=0, windows=8, seqlen=2048
{"stage": "sequential-module-completed", "pid": 4116221, "time": 1789708971.2794611, "cuda_visible_devices": "5", "allocated_gib": 3.795783519744873, "reserved_gib": 5.791015625, "peak_allocated_gib": 7.100478649139404, "gpu_time_budget": null, "module": "model.layers.20.mlp.down_proj", "completed": 21, "total": 28, "selected_train_nll": 2.98133797989696, "elapsed_seconds": 1598.7058447040617}
{"stage": "sequential-round-fit", "pid": 4116221, "time": 1789708983.6637387, "cuda_visible_devices": "5", "allocated_gib": 3.795783519744873, "reserved_gib": 5.791015625, "peak_allocated_gib": 7.100478649139404, "gpu_time_budget": null, "module": "model.layers.21.mlp.down_proj", "fit_rows": 49152, "heldout_rows": 16384}
{"stage": "sequential-round-coordinate", "pid": 4116221, "time": 1789708984.9972887, "cuda_visible_devices": "5", "allocated_gib": 5.225533962249756, "reserved_gib": 8.041015625, "peak_allocated_gib": 7.100478649139404, "gpu_time_budget": null, "module": "model.layers.21.mlp.down_proj", "step": 128}
{"stage": "sequential-round-coordinate", "pid": 4116221, "time": 1789708985.9748077, "cuda_visible_devices": "5", "allocated_gib": 5.225533962249756, "reserved_gib": 8.041015625, "peak_allocated_gib": 7.100478649139404, "gpu_time_budget": null, "module": "model.layers.21.mlp.down_proj", "step": 256}
{"stage": "sequential-round-coordinate", "pid": 4116221, "time": 1789708986.9565868, "cuda_visible_devices": "5", "allocated_gib": 5.225533962249756, "reserved_gib": 8.041015625, "peak_allocated_gib": 7.100478649139404, "gpu_time_budget": null, "module": "model.layers.21.mlp.down_proj", "step": 384}
{"stage": "sequential-round-coordinate", "pid": 4116221, "time": 1789708988.0247242, "cuda_visible_devices": "5", "allocated_gib": 5.225533962249756, "reserved_gib": 8.041015625, "peak_allocated_gib": 7.100478649139404, "gpu_time_budget": null, "module": "model.layers.21.mlp.down_proj", "step": 512}
{"stage": "sequential-round-coordinate", "pid": 4116221, "time": 1789708988.9974637, "cuda_visible_devices": "5", "allocated_gib": 5.225533962249756, "reserved_gib": 8.041015625, "peak_allocated_gib": 7.100478649139404, "gpu_time_budget": null, "module": "model.layers.21.mlp.down_proj", "step": 640}
{"stage": "sequential-round-coordinate", "pid": 4116221, "time": 1789708989.9778173, "cuda_visible_devices": "5", "allocated_gib": 5.225533962249756, "reserved_gib": 8.041015625, "peak_allocated_gib": 7.100478649139404, "gpu_time_budget": null, "module": "model.layers.21.mlp.down_proj", "step": 768}
{"stage": "sequential-round-coordinate", "pid": 4116221, "time": 1789708990.9522452, "cuda_visible_devices": "5", "allocated_gib": 5.225533962249756, "reserved_gib": 8.041015625, "peak_allocated_gib": 7.100478649139404, "gpu_time_budget": null, "module": "model.layers.21.mlp.down_proj", "step": 896}
{"stage": "sequential-round-coordinate", "pid": 4116221, "time": 1789708991.9254386, "cuda_visible_devices": "5", "allocated_gib": 5.225533962249756, "reserved_gib": 8.041015625, "peak_allocated_gib": 7.100478649139404, "gpu_time_budget": null, "module": "model.layers.21.mlp.down_proj", "step": 1024}
{"stage": "sequential-round-coordinate", "pid": 4116221, "time": 1789708992.9016576, "cuda_visible_devices": "5", "allocated_gib": 5.225533962249756, "reserved_gib": 8.041015625, "peak_allocated_gib": 7.100478649139404, "gpu_time_budget": null, "module": "model.layers.21.mlp.down_proj", "step": 1152}
{"stage": "sequential-round-coordinate", "pid": 4116221, "time": 1789708993.8753924, "cuda_visible_devices": "5", "allocated_gib": 5.225533962249756, "reserved_gib": 8.041015625, "peak_allocated_gib": 7.100478649139404, "gpu_time_budget": null, "module": "model.layers.21.mlp.down_proj", "step": 1280}
{"stage": "sequential-round-coordinate", "pid": 4116221, "time": 1789708994.8521633, "cuda_visible_devices": "5", "allocated_gib": 5.225533962249756, "reserved_gib": 8.041015625, "peak_allocated_gib": 7.100478649139404, "gpu_time_budget": null, "module": "model.layers.21.mlp.down_proj", "step": 1408}
{"stage": "sequential-round-coordinate", "pid": 4116221, "time": 1789708995.832909, "cuda_visible_devices": "5", "allocated_gib": 5.225533962249756, "reserved_gib": 8.041015625, "peak_allocated_gib": 7.100478649139404, "gpu_time_budget": null, "module": "model.layers.21.mlp.down_proj", "step": 1536}
{"stage": "sequential-round-coordinate", "pid": 4116221, "time": 1789708996.8088448, "cuda_visible_devices": "5", "allocated_gib": 5.225533962249756, "reserved_gib": 8.041015625, "peak_allocated_gib": 7.100478649139404, "gpu_time_budget": null, "module": "model.layers.21.mlp.down_proj", "step": 1664}
{"stage": "sequential-round-coordinate", "pid": 4116221, "time": 1789708997.7852368, "cuda_visible_devices": "5", "allocated_gib": 5.225533962249756, "reserved_gib": 8.041015625, "peak_allocated_gib": 7.100478649139404, "gpu_time_budget": null, "module": "model.layers.21.mlp.down_proj", "step": 1792}
{"stage": "sequential-round-coordinate", "pid": 4116221, "time": 1789708998.7626874, "cuda_visible_devices": "5", "allocated_gib": 5.225533962249756, "reserved_gib": 8.041015625, "peak_allocated_gib": 7.100478649139404, "gpu_time_budget": null, "module": "model.layers.21.mlp.down_proj", "step": 1920}
{"stage": "sequential-round-coordinate", "pid": 4116221, "time": 1789708999.827215, "cuda_visible_devices": "5", "allocated_gib": 5.225533962249756, "reserved_gib": 8.041015625, "peak_allocated_gib": 7.100478649139404, "gpu_time_budget": null, "module": "model.layers.21.mlp.down_proj", "step": 2048}
{"stage": "sequential-round-coordinate", "pid": 4116221, "time": 1789709000.8008618, "cuda_visible_devices": "5", "allocated_gib": 5.225533962249756, "reserved_gib": 8.041015625, "peak_allocated_gib": 7.100478649139404, "gpu_time_budget": null, "module": "model.layers.21.mlp.down_proj", "step": 2176}
{"stage": "sequential-round-coordinate", "pid": 4116221, "time": 1789709001.7812088, "cuda_visible_devices": "5", "allocated_gib": 5.225533962249756, "reserved_gib": 8.041015625, "peak_allocated_gib": 7.100478649139404, "gpu_time_budget": null, "module": "model.layers.21.mlp.down_proj", "step": 2304}
{"stage": "sequential-round-coordinate", "pid": 4116221, "time": 1789709002.7571597, "cuda_visible_devices": "5", "allocated_gib": 5.225533962249756, "reserved_gib": 8.041015625, "peak_allocated_gib": 7.100478649139404, "gpu_time_budget": null, "module": "model.layers.21.mlp.down_proj", "step": 2432}
{"stage": "sequential-round-coordinate", "pid": 4116221, "time": 1789709003.7352495, "cuda_visible_devices": "5", "allocated_gib": 5.225533962249756, "reserved_gib": 8.041015625, "peak_allocated_gib": 7.100478649139404, "gpu_time_budget": null, "module": "model.layers.21.mlp.down_proj", "step": 2560}
{"stage": "sequential-round-coordinate", "pid": 4116221, "time": 1789709004.7134657, "cuda_visible_devices": "5", "allocated_gib": 5.225533962249756, "reserved_gib": 8.041015625, "peak_allocated_gib": 7.100478649139404, "gpu_time_budget": null, "module": "model.layers.21.mlp.down_proj", "step": 2688}
{"stage": "sequential-round-coordinate", "pid": 4116221, "time": 1789709005.6890526, "cuda_visible_devices": "5", "allocated_gib": 5.225533962249756, "reserved_gib": 8.041015625, "peak_allocated_gib": 7.100478649139404, "gpu_time_budget": null, "module": "model.layers.21.mlp.down_proj", "step": 2816}
{"stage": "sequential-round-coordinate", "pid": 4116221, "time": 1789709006.6660469, "cuda_visible_devices": "5", "allocated_gib": 5.225533962249756, "reserved_gib": 8.041015625, "peak_allocated_gib": 7.100478649139404, "gpu_time_budget": null, "module": "model.layers.21.mlp.down_proj", "step": 2944}
{"stage": "sequential-round-coordinate", "pid": 4116221, "time": 1789709007.6444275, "cuda_visible_devices": "5", "allocated_gib": 5.225533962249756, "reserved_gib": 8.041015625, "peak_allocated_gib": 7.100478649139404, "gpu_time_budget": null, "module": "model.layers.21.mlp.down_proj", "step": 3072}
{"stage": "sequential-round-coordinate", "pid": 4116221, "time": 1789709008.545489, "cuda_visible_devices": "5", "allocated_gib": 5.225533962249756, "reserved_gib": 8.041015625, "peak_allocated_gib": 7.100478649139404, "gpu_time_budget": null, "module": "model.layers.21.mlp.down_proj", "step": 3200}
{"stage": "sequential-round-coordinate", "pid": 4116221, "time": 1789709009.328057, "cuda_visible_devices": "5", "allocated_gib": 5.225533962249756, "reserved_gib": 8.041015625, "peak_allocated_gib": 7.100478649139404, "gpu_time_budget": null, "module": "model.layers.21.mlp.down_proj", "step": 3328}
{"stage": "sequential-round-coordinate", "pid": 4116221, "time": 1789709010.105194, "cuda_visible_devices": "5", "allocated_gib": 5.225533962249756, "reserved_gib": 8.041015625, "peak_allocated_gib": 7.100478649139404, "gpu_time_budget": null, "module": "model.layers.21.mlp.down_proj", "step": 3456}
{"stage": "sequential-round-coordinate", "pid": 4116221, "time": 1789709010.8869822, "cuda_visible_devices": "5", "allocated_gib": 5.225533962249756, "reserved_gib": 8.041015625, "peak_allocated_gib": 7.100478649139404, "gpu_time_budget": null, "module": "model.layers.21.mlp.down_proj", "step": 3584}
{"stage": "sequential-round-coordinate", "pid": 4116221, "time": 1789709011.6669478, "cuda_visible_devices": "5", "allocated_gib": 5.225533962249756, "reserved_gib": 8.041015625, "peak_allocated_gib": 7.100478649139404, "gpu_time_budget": null, "module": "model.layers.21.mlp.down_proj", "step": 3712}
{"stage": "sequential-round-coordinate", "pid": 4116221, "time": 1789709012.4485226, "cuda_visible_devices": "5", "allocated_gib": 5.225533962249756, "reserved_gib": 8.041015625, "peak_allocated_gib": 7.100478649139404, "gpu_time_budget": null, "module": "model.layers.21.mlp.down_proj", "step": 3840}
{"stage": "sequential-round-coordinate", "pid": 4116221, "time": 1789709013.2275302, "cuda_visible_devices": "5", "allocated_gib": 5.225533962249756, "reserved_gib": 8.041015625, "peak_allocated_gib": 7.100478649139404, "gpu_time_budget": null, "module": "model.layers.21.mlp.down_proj", "step": 3968}
{"stage": "sequential-round-coordinate", "pid": 4116221, "time": 1789709014.0433576, "cuda_visible_devices": "5", "allocated_gib": 5.225533962249756, "reserved_gib": 8.041015625, "peak_allocated_gib": 7.100478649139404, "gpu_time_budget": null, "module": "model.layers.21.mlp.down_proj", "step": 4096}
{"stage": "sequential-round-coordinate", "pid": 4116221, "time": 1789709014.7832656, "cuda_visible_devices": "5", "allocated_gib": 5.225533962249756, "reserved_gib": 8.041015625, "peak_allocated_gib": 7.100478649139404, "gpu_time_budget": null, "module": "model.layers.21.mlp.down_proj", "step": 4224}
{"stage": "sequential-round-coordinate", "pid": 4116221, "time": 1789709015.609514, "cuda_visible_devices": "5", "allocated_gib": 5.225533962249756, "reserved_gib": 8.041015625, "peak_allocated_gib": 7.100478649139404, "gpu_time_budget": null, "module": "model.layers.21.mlp.down_proj", "step": 4352}
{"stage": "sequential-round-coordinate", "pid": 4116221, "time": 1789709016.4262786, "cuda_visible_devices": "5", "allocated_gib": 5.225533962249756, "reserved_gib": 8.041015625, "peak_allocated_gib": 7.100478649139404, "gpu_time_budget": null, "module": "model.layers.21.mlp.down_proj", "step": 4480}
{"stage": "sequential-round-coordinate", "pid": 4116221, "time": 1789709017.2106574, "cuda_visible_devices": "5", "allocated_gib": 5.225533962249756, "reserved_gib": 8.041015625, "peak_allocated_gib": 7.100478649139404, "gpu_time_budget": null, "module": "model.layers.21.mlp.down_proj", "step": 4608}
{"stage": "sequential-round-coordinate", "pid": 4116221, "time": 1789709017.993418, "cuda_visible_devices": "5", "allocated_gib": 5.225533962249756, "reserved_gib": 8.041015625, "peak_allocated_gib": 7.100478649139404, "gpu_time_budget": null, "module": "model.layers.21.mlp.down_proj", "step": 4736}
{"stage": "sequential-round-coordinate", "pid": 4116221, "time": 1789709018.782519, "cuda_visible_devices": "5", "allocated_gib": 5.225533962249756, "reserved_gib": 8.041015625, "peak_allocated_gib": 7.100478649139404, "gpu_time_budget": null, "module": "model.layers.21.mlp.down_proj", "step": 4864}
{"stage": "sequential-round-coordinate", "pid": 4116221, "time": 1789709019.5714457, "cuda_visible_devices": "5", "allocated_gib": 5.225533962249756, "reserved_gib": 8.041015625, "peak_allocated_gib": 7.100478649139404, "gpu_time_budget": null, "module": "model.layers.21.mlp.down_proj", "step": 4992}
{"stage": "sequential-round-coordinate", "pid": 4116221, "time": 1789709020.343546, "cuda_visible_devices": "5", "allocated_gib": 5.225533962249756, "reserved_gib": 8.041015625, "peak_allocated_gib": 7.100478649139404, "gpu_time_budget": null, "module": "model.layers.21.mlp.down_proj", "step": 5120}
{"stage": "sequential-round-coordinate", "pid": 4116221, "time": 1789709021.1320245, "cuda_visible_devices": "5", "allocated_gib": 5.225533962249756, "reserved_gib": 8.041015625, "peak_allocated_gib": 7.100478649139404, "gpu_time_budget": null, "module": "model.layers.21.mlp.down_proj", "step": 5248}
{"stage": "sequential-round-coordinate", "pid": 4116221, "time": 1789709021.9418857, "cuda_visible_devices": "5", "allocated_gib": 5.225533962249756, "reserved_gib": 8.041015625, "peak_allocated_gib": 7.100478649139404, "gpu_time_budget": null, "module": "model.layers.21.mlp.down_proj", "step": 5376}
{"stage": "sequential-round-coordinate", "pid": 4116221, "time": 1789709022.7690582, "cuda_visible_devices": "5", "allocated_gib": 5.225533962249756, "reserved_gib": 8.041015625, "peak_allocated_gib": 7.100478649139404, "gpu_time_budget": null, "module": "model.layers.21.mlp.down_proj", "step": 5504}
{"stage": "sequential-round-coordinate", "pid": 4116221, "time": 1789709023.591737, "cuda_visible_devices": "5", "allocated_gib": 5.225533962249756, "reserved_gib": 8.041015625, "peak_allocated_gib": 7.100478649139404, "gpu_time_budget": null, "module": "model.layers.21.mlp.down_proj", "step": 5632}
{"stage": "sequential-round-coordinate", "pid": 4116221, "time": 1789709024.3817341, "cuda_visible_devices": "5", "allocated_gib": 5.225533962249756, "reserved_gib": 8.041015625, "peak_allocated_gib": 7.100478649139404, "gpu_time_budget": null, "module": "model.layers.21.mlp.down_proj", "step": 5760}
{"stage": "sequential-round-coordinate", "pid": 4116221, "time": 1789709025.169855, "cuda_visible_devices": "5", "allocated_gib": 5.225533962249756, "reserved_gib": 8.041015625, "peak_allocated_gib": 7.100478649139404, "gpu_time_budget": null, "module": "model.layers.21.mlp.down_proj", "step": 5888}
{"stage": "sequential-round-coordinate", "pid": 4116221, "time": 1789709025.9135706, "cuda_visible_devices": "5", "allocated_gib": 5.225533962249756, "reserved_gib": 8.041015625, "peak_allocated_gib": 7.100478649139404, "gpu_time_budget": null, "module": "model.layers.21.mlp.down_proj", "step": 6016}
{"stage": "sequential-round-coordinate", "pid": 4116221, "time": 1789709026.6021872, "cuda_visible_devices": "5", "allocated_gib": 5.225533962249756, "reserved_gib": 8.041015625, "peak_allocated_gib": 7.100478649139404, "gpu_time_budget": null, "module": "model.layers.21.mlp.down_proj", "step": 6144}
{"stage": "sequential-round-coordinate", "pid": 4116221, "time": 1789709027.287221, "cuda_visible_devices": "5", "allocated_gib": 5.225533962249756, "reserved_gib": 8.041015625, "peak_allocated_gib": 7.100478649139404, "gpu_time_budget": null, "module": "model.layers.21.mlp.down_proj", "step": 6272}
{"stage": "sequential-round-coordinate", "pid": 4116221, "time": 1789709027.9719186, "cuda_visible_devices": "5", "allocated_gib": 5.225533962249756, "reserved_gib": 8.041015625, "peak_allocated_gib": 7.100478649139404, "gpu_time_budget": null, "module": "model.layers.21.mlp.down_proj", "step": 6400}
{"stage": "sequential-round-coordinate", "pid": 4116221, "time": 1789709028.6537783, "cuda_visible_devices": "5", "allocated_gib": 5.225533962249756, "reserved_gib": 8.041015625, "peak_allocated_gib": 7.100478649139404, "gpu_time_budget": null, "module": "model.layers.21.mlp.down_proj", "step": 6528}
{"stage": "sequential-round-coordinate", "pid": 4116221, "time": 1789709029.3337781, "cuda_visible_devices": "5", "allocated_gib": 5.225533962249756, "reserved_gib": 8.041015625, "peak_allocated_gib": 7.100478649139404, "gpu_time_budget": null, "module": "model.layers.21.mlp.down_proj", "step": 6656}
{"stage": "sequential-round-coordinate", "pid": 4116221, "time": 1789709030.0169406, "cuda_visible_devices": "5", "allocated_gib": 5.225533962249756, "reserved_gib": 8.041015625, "peak_allocated_gib": 7.100478649139404, "gpu_time_budget": null, "module": "model.layers.21.mlp.down_proj", "step": 6784}
{"stage": "sequential-round-coordinate", "pid": 4116221, "time": 1789709030.7016993, "cuda_visible_devices": "5", "allocated_gib": 5.225533962249756, "reserved_gib": 8.041015625, "peak_allocated_gib": 7.100478649139404, "gpu_time_budget": null, "module": "model.layers.21.mlp.down_proj", "step": 6912}
{"stage": "sequential-round-coordinate", "pid": 4116221, "time": 1789709031.382536, "cuda_visible_devices": "5", "allocated_gib": 5.225533962249756, "reserved_gib": 8.041015625, "peak_allocated_gib": 7.100478649139404, "gpu_time_budget": null, "module": "model.layers.21.mlp.down_proj", "step": 7040}
{"stage": "sequential-round-coordinate", "pid": 4116221, "time": 1789709032.2221067, "cuda_visible_devices": "5", "allocated_gib": 5.225533962249756, "reserved_gib": 8.041015625, "peak_allocated_gib": 7.100478649139404, "gpu_time_budget": null, "module": "model.layers.21.mlp.down_proj", "step": 7168}
{"stage": "sequential-round-coordinate", "pid": 4116221, "time": 1789709032.9067562, "cuda_visible_devices": "5", "allocated_gib": 5.225533962249756, "reserved_gib": 8.041015625, "peak_allocated_gib": 7.100478649139404, "gpu_time_budget": null, "module": "model.layers.21.mlp.down_proj", "step": 7296}
{"stage": "sequential-round-coordinate", "pid": 4116221, "time": 1789709033.58865, "cuda_visible_devices": "5", "allocated_gib": 5.225533962249756, "reserved_gib": 8.041015625, "peak_allocated_gib": 7.100478649139404, "gpu_time_budget": null, "module": "model.layers.21.mlp.down_proj", "step": 7424}
{"stage": "sequential-round-coordinate", "pid": 4116221, "time": 1789709034.2708566, "cuda_visible_devices": "5", "allocated_gib": 5.225533962249756, "reserved_gib": 8.041015625, "peak_allocated_gib": 7.100478649139404, "gpu_time_budget": null, "module": "model.layers.21.mlp.down_proj", "step": 7552}
{"stage": "sequential-round-coordinate", "pid": 4116221, "time": 1789709034.9491923, "cuda_visible_devices": "5", "allocated_gib": 5.225533962249756, "reserved_gib": 8.041015625, "peak_allocated_gib": 7.100478649139404, "gpu_time_budget": null, "module": "model.layers.21.mlp.down_proj", "step": 7680}
{"stage": "sequential-round-coordinate", "pid": 4116221, "time": 1789709035.6346388, "cuda_visible_devices": "5", "allocated_gib": 5.225533962249756, "reserved_gib": 8.041015625, "peak_allocated_gib": 7.100478649139404, "gpu_time_budget": null, "module": "model.layers.21.mlp.down_proj", "step": 7808}
{"stage": "sequential-round-coordinate", "pid": 4116221, "time": 1789709036.3139832, "cuda_visible_devices": "5", "allocated_gib": 5.225533962249756, "reserved_gib": 8.041015625, "peak_allocated_gib": 7.100478649139404, "gpu_time_budget": null, "module": "model.layers.21.mlp.down_proj", "step": 7936}
{"stage": "sequential-round-coordinate", "pid": 4116221, "time": 1789709036.9926422, "cuda_visible_devices": "5", "allocated_gib": 5.225533962249756, "reserved_gib": 8.041015625, "peak_allocated_gib": 7.100478649139404, "gpu_time_budget": null, "module": "model.layers.21.mlp.down_proj", "step": 8064}
{"stage": "sequential-round-coordinate", "pid": 4116221, "time": 1789709037.7370567, "cuda_visible_devices": "5", "allocated_gib": 5.225533962249756, "reserved_gib": 8.041015625, "peak_allocated_gib": 7.100478649139404, "gpu_time_budget": null, "module": "model.layers.21.mlp.down_proj", "step": 8192}
{"stage": "sequential-round-train-nll", "pid": 4116221, "time": 1789709037.8337455, "cuda_visible_devices": "5", "allocated_gib": 3.795783519744873, "reserved_gib": 3.80078125, "peak_allocated_gib": 7.100478649139404, "gpu_time_budget": null, "module": "model.layers.21.mlp.down_proj", "step": 512}
Evaluation segment 1/1: start=0, windows=8, seqlen=2048
{"stage": "sequential-round-train-nll", "pid": 4116221, "time": 1789709043.51022, "cuda_visible_devices": "5", "allocated_gib": 3.795783519744873, "reserved_gib": 5.791015625, "peak_allocated_gib": 7.100478649139404, "gpu_time_budget": null, "module": "model.layers.21.mlp.down_proj", "step": 2048}
Evaluation segment 1/1: start=0, windows=8, seqlen=2048
{"stage": "sequential-round-train-nll", "pid": 4116221, "time": 1789709049.5146666, "cuda_visible_devices": "5", "allocated_gib": 3.795783519744873, "reserved_gib": 5.791015625, "peak_allocated_gib": 7.100478649139404, "gpu_time_budget": null, "module": "model.layers.21.mlp.down_proj", "step": 8192}
Evaluation segment 1/1: start=0, windows=8, seqlen=2048
{"stage": "sequential-module-completed", "pid": 4116221, "time": 1789709055.732244, "cuda_visible_devices": "5", "allocated_gib": 3.795783519744873, "reserved_gib": 5.791015625, "peak_allocated_gib": 7.100478649139404, "gpu_time_budget": null, "module": "model.layers.21.mlp.down_proj", "completed": 22, "total": 28, "selected_train_nll": 2.98133797989696, "elapsed_seconds": 1683.1586270600092}
{"stage": "sequential-round-fit", "pid": 4116221, "time": 1789709068.7419407, "cuda_visible_devices": "5", "allocated_gib": 3.795783519744873, "reserved_gib": 5.791015625, "peak_allocated_gib": 7.100478649139404, "gpu_time_budget": null, "module": "model.layers.22.mlp.down_proj", "fit_rows": 49152, "heldout_rows": 16384}
{"stage": "sequential-round-coordinate", "pid": 4116221, "time": 1789709070.0704355, "cuda_visible_devices": "5", "allocated_gib": 5.225533962249756, "reserved_gib": 8.041015625, "peak_allocated_gib": 7.100478649139404, "gpu_time_budget": null, "module": "model.layers.22.mlp.down_proj", "step": 128}
{"stage": "sequential-round-coordinate", "pid": 4116221, "time": 1789709071.0434556, "cuda_visible_devices": "5", "allocated_gib": 5.225533962249756, "reserved_gib": 8.041015625, "peak_allocated_gib": 7.100478649139404, "gpu_time_budget": null, "module": "model.layers.22.mlp.down_proj", "step": 256}
{"stage": "sequential-round-coordinate", "pid": 4116221, "time": 1789709072.022028, "cuda_visible_devices": "5", "allocated_gib": 5.225533962249756, "reserved_gib": 8.041015625, "peak_allocated_gib": 7.100478649139404, "gpu_time_budget": null, "module": "model.layers.22.mlp.down_proj", "step": 384}
{"stage": "sequential-round-coordinate", "pid": 4116221, "time": 1789709073.097115, "cuda_visible_devices": "5", "allocated_gib": 5.225533962249756, "reserved_gib": 8.041015625, "peak_allocated_gib": 7.100478649139404, "gpu_time_budget": null, "module": "model.layers.22.mlp.down_proj", "step": 512}
{"stage": "sequential-round-coordinate", "pid": 4116221, "time": 1789709074.0758064, "cuda_visible_devices": "5", "allocated_gib": 5.225533962249756, "reserved_gib": 8.041015625, "peak_allocated_gib": 7.100478649139404, "gpu_time_budget": null, "module": "model.layers.22.mlp.down_proj", "step": 640}
{"stage": "sequential-round-coordinate", "pid": 4116221, "time": 1789709075.050976, "cuda_visible_devices": "5", "allocated_gib": 5.225533962249756, "reserved_gib": 8.041015625, "peak_allocated_gib": 7.100478649139404, "gpu_time_budget": null, "module": "model.layers.22.mlp.down_proj", "step": 768}
{"stage": "sequential-round-coordinate", "pid": 4116221, "time": 1789709076.0253592, "cuda_visible_devices": "5", "allocated_gib": 5.225533962249756, "reserved_gib": 8.041015625, "peak_allocated_gib": 7.100478649139404, "gpu_time_budget": null, "module": "model.layers.22.mlp.down_proj", "step": 896}
{"stage": "sequential-round-coordinate", "pid": 4116221, "time": 1789709076.9972172, "cuda_visible_devices": "5", "allocated_gib": 5.225533962249756, "reserved_gib": 8.041015625, "peak_allocated_gib": 7.100478649139404, "gpu_time_budget": null, "module": "model.layers.22.mlp.down_proj", "step": 1024}
{"stage": "sequential-round-coordinate", "pid": 4116221, "time": 1789709077.9722016, "cuda_visible_devices": "5", "allocated_gib": 5.225533962249756, "reserved_gib": 8.041015625, "peak_allocated_gib": 7.100478649139404, "gpu_time_budget": null, "module": "model.layers.22.mlp.down_proj", "step": 1152}
{"stage": "sequential-round-coordinate", "pid": 4116221, "time": 1789709078.9396896, "cuda_visible_devices": "5", "allocated_gib": 5.225533962249756, "reserved_gib": 8.041015625, "peak_allocated_gib": 7.100478649139404, "gpu_time_budget": null, "module": "model.layers.22.mlp.down_proj", "step": 1280}
{"stage": "sequential-round-coordinate", "pid": 4116221, "time": 1789709079.9000466, "cuda_visible_devices": "5", "allocated_gib": 5.225533962249756, "reserved_gib": 8.041015625, "peak_allocated_gib": 7.100478649139404, "gpu_time_budget": null, "module": "model.layers.22.mlp.down_proj", "step": 1408}
{"stage": "sequential-round-coordinate", "pid": 4116221, "time": 1789709080.8728743, "cuda_visible_devices": "5", "allocated_gib": 5.225533962249756, "reserved_gib": 8.041015625, "peak_allocated_gib": 7.100478649139404, "gpu_time_budget": null, "module": "model.layers.22.mlp.down_proj", "step": 1536}
{"stage": "sequential-round-coordinate", "pid": 4116221, "time": 1789709081.8498514, "cuda_visible_devices": "5", "allocated_gib": 5.225533962249756, "reserved_gib": 8.041015625, "peak_allocated_gib": 7.100478649139404, "gpu_time_budget": null, "module": "model.layers.22.mlp.down_proj", "step": 1664}
{"stage": "sequential-round-coordinate", "pid": 4116221, "time": 1789709082.8228328, "cuda_visible_devices": "5", "allocated_gib": 5.225533962249756, "reserved_gib": 8.041015625, "peak_allocated_gib": 7.100478649139404, "gpu_time_budget": null, "module": "model.layers.22.mlp.down_proj", "step": 1792}
{"stage": "sequential-round-coordinate", "pid": 4116221, "time": 1789709083.7977645, "cuda_visible_devices": "5", "allocated_gib": 5.225533962249756, "reserved_gib": 8.041015625, "peak_allocated_gib": 7.100478649139404, "gpu_time_budget": null, "module": "model.layers.22.mlp.down_proj", "step": 1920}
{"stage": "sequential-round-coordinate", "pid": 4116221, "time": 1789709084.8568141, "cuda_visible_devices": "5", "allocated_gib": 5.225533962249756, "reserved_gib": 8.041015625, "peak_allocated_gib": 7.100478649139404, "gpu_time_budget": null, "module": "model.layers.22.mlp.down_proj", "step": 2048}
{"stage": "sequential-round-coordinate", "pid": 4116221, "time": 1789709085.878171, "cuda_visible_devices": "5", "allocated_gib": 5.225533962249756, "reserved_gib": 8.041015625, "peak_allocated_gib": 7.100478649139404, "gpu_time_budget": null, "module": "model.layers.22.mlp.down_proj", "step": 2176}
{"stage": "sequential-round-coordinate", "pid": 4116221, "time": 1789709086.8551378, "cuda_visible_devices": "5", "allocated_gib": 5.225533962249756, "reserved_gib": 8.041015625, "peak_allocated_gib": 7.100478649139404, "gpu_time_budget": null, "module": "model.layers.22.mlp.down_proj", "step": 2304}
{"stage": "sequential-round-coordinate", "pid": 4116221, "time": 1789709087.8367846, "cuda_visible_devices": "5", "allocated_gib": 5.225533962249756, "reserved_gib": 8.041015625, "peak_allocated_gib": 7.100478649139404, "gpu_time_budget": null, "module": "model.layers.22.mlp.down_proj", "step": 2432}
{"stage": "sequential-round-coordinate", "pid": 4116221, "time": 1789709088.8197036, "cuda_visible_devices": "5", "allocated_gib": 5.225533962249756, "reserved_gib": 8.041015625, "peak_allocated_gib": 7.100478649139404, "gpu_time_budget": null, "module": "model.layers.22.mlp.down_proj", "step": 2560}
{"stage": "sequential-round-coordinate", "pid": 4116221, "time": 1789709089.5423448, "cuda_visible_devices": "5", "allocated_gib": 5.225533962249756, "reserved_gib": 8.041015625, "peak_allocated_gib": 7.100478649139404, "gpu_time_budget": null, "module": "model.layers.22.mlp.down_proj", "step": 2688}
{"stage": "sequential-round-coordinate", "pid": 4116221, "time": 1789709090.3708515, "cuda_visible_devices": "5", "allocated_gib": 5.225533962249756, "reserved_gib": 8.041015625, "peak_allocated_gib": 7.100478649139404, "gpu_time_budget": null, "module": "model.layers.22.mlp.down_proj", "step": 2816}
{"stage": "sequential-round-coordinate", "pid": 4116221, "time": 1789709091.1887045, "cuda_visible_devices": "5", "allocated_gib": 5.225533962249756, "reserved_gib": 8.041015625, "peak_allocated_gib": 7.100478649139404, "gpu_time_budget": null, "module": "model.layers.22.mlp.down_proj", "step": 2944}
{"stage": "sequential-round-coordinate", "pid": 4116221, "time": 1789709091.9766655, "cuda_visible_devices": "5", "allocated_gib": 5.225533962249756, "reserved_gib": 8.041015625, "peak_allocated_gib": 7.100478649139404, "gpu_time_budget": null, "module": "model.layers.22.mlp.down_proj", "step": 3072}
{"stage": "sequential-round-coordinate", "pid": 4116221, "time": 1789709092.7675586, "cuda_visible_devices": "5", "allocated_gib": 5.225533962249756, "reserved_gib": 8.041015625, "peak_allocated_gib": 7.100478649139404, "gpu_time_budget": null, "module": "model.layers.22.mlp.down_proj", "step": 3200}
{"stage": "sequential-round-coordinate", "pid": 4116221, "time": 1789709093.5544574, "cuda_visible_devices": "5", "allocated_gib": 5.225533962249756, "reserved_gib": 8.041015625, "peak_allocated_gib": 7.100478649139404, "gpu_time_budget": null, "module": "model.layers.22.mlp.down_proj", "step": 3328}
{"stage": "sequential-round-coordinate", "pid": 4116221, "time": 1789709094.3402488, "cuda_visible_devices": "5", "allocated_gib": 5.225533962249756, "reserved_gib": 8.041015625, "peak_allocated_gib": 7.100478649139404, "gpu_time_budget": null, "module": "model.layers.22.mlp.down_proj", "step": 3456}
{"stage": "sequential-round-coordinate", "pid": 4116221, "time": 1789709095.1094797, "cuda_visible_devices": "5", "allocated_gib": 5.225533962249756, "reserved_gib": 8.041015625, "peak_allocated_gib": 7.100478649139404, "gpu_time_budget": null, "module": "model.layers.22.mlp.down_proj", "step": 3584}
{"stage": "sequential-round-coordinate", "pid": 4116221, "time": 1789709095.8965685, "cuda_visible_devices": "5", "allocated_gib": 5.225533962249756, "reserved_gib": 8.041015625, "peak_allocated_gib": 7.100478649139404, "gpu_time_budget": null, "module": "model.layers.22.mlp.down_proj", "step": 3712}
{"stage": "sequential-round-coordinate", "pid": 4116221, "time": 1789709096.7044222, "cuda_visible_devices": "5", "allocated_gib": 5.225533962249756, "reserved_gib": 8.041015625, "peak_allocated_gib": 7.100478649139404, "gpu_time_budget": null, "module": "model.layers.22.mlp.down_proj", "step": 3840}
{"stage": "sequential-round-coordinate", "pid": 4116221, "time": 1789709097.5252364, "cuda_visible_devices": "5", "allocated_gib": 5.225533962249756, "reserved_gib": 8.041015625, "peak_allocated_gib": 7.100478649139404, "gpu_time_budget": null, "module": "model.layers.22.mlp.down_proj", "step": 3968}
{"stage": "sequential-round-coordinate", "pid": 4116221, "time": 1789709098.3411577, "cuda_visible_devices": "5", "allocated_gib": 5.225533962249756, "reserved_gib": 8.041015625, "peak_allocated_gib": 7.100478649139404, "gpu_time_budget": null, "module": "model.layers.22.mlp.down_proj", "step": 4096}
{"stage": "sequential-round-coordinate", "pid": 4116221, "time": 1789709099.1276686, "cuda_visible_devices": "5", "allocated_gib": 5.225533962249756, "reserved_gib": 8.041015625, "peak_allocated_gib": 7.100478649139404, "gpu_time_budget": null, "module": "model.layers.22.mlp.down_proj", "step": 4224}
{"stage": "sequential-round-coordinate", "pid": 4116221, "time": 1789709099.9147148, "cuda_visible_devices": "5", "allocated_gib": 5.225533962249756, "reserved_gib": 8.041015625, "peak_allocated_gib": 7.100478649139404, "gpu_time_budget": null, "module": "model.layers.22.mlp.down_proj", "step": 4352}
{"stage": "sequential-round-coordinate", "pid": 4116221, "time": 1789709100.6847234, "cuda_visible_devices": "5", "allocated_gib": 5.225533962249756, "reserved_gib": 8.041015625, "peak_allocated_gib": 7.100478649139404, "gpu_time_budget": null, "module": "model.layers.22.mlp.down_proj", "step": 4480}
{"stage": "sequential-round-coordinate", "pid": 4116221, "time": 1789709101.4701512, "cuda_visible_devices": "5", "allocated_gib": 5.225533962249756, "reserved_gib": 8.041015625, "peak_allocated_gib": 7.100478649139404, "gpu_time_budget": null, "module": "model.layers.22.mlp.down_proj", "step": 4608}
{"stage": "sequential-round-coordinate", "pid": 4116221, "time": 1789709102.256838, "cuda_visible_devices": "5", "allocated_gib": 5.225533962249756, "reserved_gib": 8.041015625, "peak_allocated_gib": 7.100478649139404, "gpu_time_budget": null, "module": "model.layers.22.mlp.down_proj", "step": 4736}
{"stage": "sequential-round-coordinate", "pid": 4116221, "time": 1789709103.0415676, "cuda_visible_devices": "5", "allocated_gib": 5.225533962249756, "reserved_gib": 8.041015625, "peak_allocated_gib": 7.100478649139404, "gpu_time_budget": null, "module": "model.layers.22.mlp.down_proj", "step": 4864}
{"stage": "sequential-round-coordinate", "pid": 4116221, "time": 1789709103.8519616, "cuda_visible_devices": "5", "allocated_gib": 5.225533962249756, "reserved_gib": 8.041015625, "peak_allocated_gib": 7.100478649139404, "gpu_time_budget": null, "module": "model.layers.22.mlp.down_proj", "step": 4992}
{"stage": "sequential-round-coordinate", "pid": 4116221, "time": 1789709104.6747837, "cuda_visible_devices": "5", "allocated_gib": 5.225533962249756, "reserved_gib": 8.041015625, "peak_allocated_gib": 7.100478649139404, "gpu_time_budget": null, "module": "model.layers.22.mlp.down_proj", "step": 5120}
{"stage": "sequential-round-coordinate", "pid": 4116221, "time": 1789709105.4926026, "cuda_visible_devices": "5", "allocated_gib": 5.225533962249756, "reserved_gib": 8.041015625, "peak_allocated_gib": 7.100478649139404, "gpu_time_budget": null, "module": "model.layers.22.mlp.down_proj", "step": 5248}
{"stage": "sequential-round-coordinate", "pid": 4116221, "time": 1789709106.255362, "cuda_visible_devices": "5", "allocated_gib": 5.225533962249756, "reserved_gib": 8.041015625, "peak_allocated_gib": 7.100478649139404, "gpu_time_budget": null, "module": "model.layers.22.mlp.down_proj", "step": 5376}
{"stage": "sequential-round-coordinate", "pid": 4116221, "time": 1789709106.8870409, "cuda_visible_devices": "5", "allocated_gib": 5.225533962249756, "reserved_gib": 8.041015625, "peak_allocated_gib": 7.100478649139404, "gpu_time_budget": null, "module": "model.layers.22.mlp.down_proj", "step": 5504}
{"stage": "sequential-round-coordinate", "pid": 4116221, "time": 1789709107.5699177, "cuda_visible_devices": "5", "allocated_gib": 5.225533962249756, "reserved_gib": 8.041015625, "peak_allocated_gib": 7.100478649139404, "gpu_time_budget": null, "module": "model.layers.22.mlp.down_proj", "step": 5632}
{"stage": "sequential-round-coordinate", "pid": 4116221, "time": 1789709108.258886, "cuda_visible_devices": "5", "allocated_gib": 5.225533962249756, "reserved_gib": 8.041015625, "peak_allocated_gib": 7.100478649139404, "gpu_time_budget": null, "module": "model.layers.22.mlp.down_proj", "step": 5760}
{"stage": "sequential-round-coordinate", "pid": 4116221, "time": 1789709108.9380927, "cuda_visible_devices": "5", "allocated_gib": 5.225533962249756, "reserved_gib": 8.041015625, "peak_allocated_gib": 7.100478649139404, "gpu_time_budget": null, "module": "model.layers.22.mlp.down_proj", "step": 5888}
{"stage": "sequential-round-coordinate", "pid": 4116221, "time": 1789709109.6206312, "cuda_visible_devices": "5", "allocated_gib": 5.225533962249756, "reserved_gib": 8.041015625, "peak_allocated_gib": 7.100478649139404, "gpu_time_budget": null, "module": "model.layers.22.mlp.down_proj", "step": 6016}
{"stage": "sequential-round-coordinate", "pid": 4116221, "time": 1789709110.2972965, "cuda_visible_devices": "5", "allocated_gib": 5.225533962249756, "reserved_gib": 8.041015625, "peak_allocated_gib": 7.100478649139404, "gpu_time_budget": null, "module": "model.layers.22.mlp.down_proj", "step": 6144}
{"stage": "sequential-round-coordinate", "pid": 4116221, "time": 1789709110.9787147, "cuda_visible_devices": "5", "allocated_gib": 5.225533962249756, "reserved_gib": 8.041015625, "peak_allocated_gib": 7.100478649139404, "gpu_time_budget": null, "module": "model.layers.22.mlp.down_proj", "step": 6272}
{"stage": "sequential-round-coordinate", "pid": 4116221, "time": 1789709111.6526654, "cuda_visible_devices": "5", "allocated_gib": 5.225533962249756, "reserved_gib": 8.041015625, "peak_allocated_gib": 7.100478649139404, "gpu_time_budget": null, "module": "model.layers.22.mlp.down_proj", "step": 6400}
{"stage": "sequential-round-coordinate", "pid": 4116221, "time": 1789709112.3296213, "cuda_visible_devices": "5", "allocated_gib": 5.225533962249756, "reserved_gib": 8.041015625, "peak_allocated_gib": 7.100478649139404, "gpu_time_budget": null, "module": "model.layers.22.mlp.down_proj", "step": 6528}
{"stage": "sequential-round-coordinate", "pid": 4116221, "time": 1789709113.0117788, "cuda_visible_devices": "5", "allocated_gib": 5.225533962249756, "reserved_gib": 8.041015625, "peak_allocated_gib": 7.100478649139404, "gpu_time_budget": null, "module": "model.layers.22.mlp.down_proj", "step": 6656}
{"stage": "sequential-round-coordinate", "pid": 4116221, "time": 1789709113.6889114, "cuda_visible_devices": "5", "allocated_gib": 5.225533962249756, "reserved_gib": 8.041015625, "peak_allocated_gib": 7.100478649139404, "gpu_time_budget": null, "module": "model.layers.22.mlp.down_proj", "step": 6784}
{"stage": "sequential-round-coordinate", "pid": 4116221, "time": 1789709114.3687403, "cuda_visible_devices": "5", "allocated_gib": 5.225533962249756, "reserved_gib": 8.041015625, "peak_allocated_gib": 7.100478649139404, "gpu_time_budget": null, "module": "model.layers.22.mlp.down_proj", "step": 6912}
{"stage": "sequential-round-coordinate", "pid": 4116221, "time": 1789709115.0483475, "cuda_visible_devices": "5", "allocated_gib": 5.225533962249756, "reserved_gib": 8.041015625, "peak_allocated_gib": 7.100478649139404, "gpu_time_budget": null, "module": "model.layers.22.mlp.down_proj", "step": 7040}
{"stage": "sequential-round-coordinate", "pid": 4116221, "time": 1789709115.7259238, "cuda_visible_devices": "5", "allocated_gib": 5.225533962249756, "reserved_gib": 8.041015625, "peak_allocated_gib": 7.100478649139404, "gpu_time_budget": null, "module": "model.layers.22.mlp.down_proj", "step": 7168}
{"stage": "sequential-round-coordinate", "pid": 4116221, "time": 1789709116.404632, "cuda_visible_devices": "5", "allocated_gib": 5.225533962249756, "reserved_gib": 8.041015625, "peak_allocated_gib": 7.100478649139404, "gpu_time_budget": null, "module": "model.layers.22.mlp.down_proj", "step": 7296}
{"stage": "sequential-round-coordinate", "pid": 4116221, "time": 1789709117.0877988, "cuda_visible_devices": "5", "allocated_gib": 5.225533962249756, "reserved_gib": 8.041015625, "peak_allocated_gib": 7.100478649139404, "gpu_time_budget": null, "module": "model.layers.22.mlp.down_proj", "step": 7424}
{"stage": "sequential-round-coordinate", "pid": 4116221, "time": 1789709117.7721891, "cuda_visible_devices": "5", "allocated_gib": 5.225533962249756, "reserved_gib": 8.041015625, "peak_allocated_gib": 7.100478649139404, "gpu_time_budget": null, "module": "model.layers.22.mlp.down_proj", "step": 7552}
{"stage": "sequential-round-coordinate", "pid": 4116221, "time": 1789709118.4512115, "cuda_visible_devices": "5", "allocated_gib": 5.225533962249756, "reserved_gib": 8.041015625, "peak_allocated_gib": 7.100478649139404, "gpu_time_budget": null, "module": "model.layers.22.mlp.down_proj", "step": 7680}
{"stage": "sequential-round-coordinate", "pid": 4116221, "time": 1789709119.132907, "cuda_visible_devices": "5", "allocated_gib": 5.225533962249756, "reserved_gib": 8.041015625, "peak_allocated_gib": 7.100478649139404, "gpu_time_budget": null, "module": "model.layers.22.mlp.down_proj", "step": 7808}
{"stage": "sequential-round-coordinate", "pid": 4116221, "time": 1789709119.8185833, "cuda_visible_devices": "5", "allocated_gib": 5.225533962249756, "reserved_gib": 8.041015625, "peak_allocated_gib": 7.100478649139404, "gpu_time_budget": null, "module": "model.layers.22.mlp.down_proj", "step": 7936}
{"stage": "sequential-round-coordinate", "pid": 4116221, "time": 1789709120.6509833, "cuda_visible_devices": "5", "allocated_gib": 5.225533962249756, "reserved_gib": 8.041015625, "peak_allocated_gib": 7.100478649139404, "gpu_time_budget": null, "module": "model.layers.22.mlp.down_proj", "step": 8064}
{"stage": "sequential-round-coordinate", "pid": 4116221, "time": 1789709121.720718, "cuda_visible_devices": "5", "allocated_gib": 5.225533962249756, "reserved_gib": 8.041015625, "peak_allocated_gib": 7.100478649139404, "gpu_time_budget": null, "module": "model.layers.22.mlp.down_proj", "step": 8192}
{"stage": "sequential-round-train-nll", "pid": 4116221, "time": 1789709121.7762058, "cuda_visible_devices": "5", "allocated_gib": 3.795783519744873, "reserved_gib": 3.80078125, "peak_allocated_gib": 7.100478649139404, "gpu_time_budget": null, "module": "model.layers.22.mlp.down_proj", "step": 512}
Evaluation segment 1/1: start=0, windows=8, seqlen=2048
{"stage": "sequential-round-train-nll", "pid": 4116221, "time": 1789709127.7141252, "cuda_visible_devices": "5", "allocated_gib": 3.795783519744873, "reserved_gib": 5.791015625, "peak_allocated_gib": 7.100478649139404, "gpu_time_budget": null, "module": "model.layers.22.mlp.down_proj", "step": 2048}
Evaluation segment 1/1: start=0, windows=8, seqlen=2048
{"stage": "sequential-round-train-nll", "pid": 4116221, "time": 1789709133.6727827, "cuda_visible_devices": "5", "allocated_gib": 3.795783519744873, "reserved_gib": 5.791015625, "peak_allocated_gib": 7.100478649139404, "gpu_time_budget": null, "module": "model.layers.22.mlp.down_proj", "step": 8192}
Evaluation segment 1/1: start=0, windows=8, seqlen=2048
{"stage": "sequential-module-completed", "pid": 4116221, "time": 1789709139.8231456, "cuda_visible_devices": "5", "allocated_gib": 3.795783519744873, "reserved_gib": 5.791015625, "peak_allocated_gib": 7.100478649139404, "gpu_time_budget": null, "module": "model.layers.22.mlp.down_proj", "completed": 23, "total": 28, "selected_train_nll": 2.98133797989696, "elapsed_seconds": 1767.2495286309859}
{"stage": "sequential-round-fit", "pid": 4116221, "time": 1789709153.2564166, "cuda_visible_devices": "5", "allocated_gib": 3.795783519744873, "reserved_gib": 5.791015625, "peak_allocated_gib": 7.100478649139404, "gpu_time_budget": null, "module": "model.layers.23.mlp.down_proj", "fit_rows": 49152, "heldout_rows": 16384}
{"stage": "sequential-round-coordinate", "pid": 4116221, "time": 1789709154.6222405, "cuda_visible_devices": "5", "allocated_gib": 5.225533962249756, "reserved_gib": 8.041015625, "peak_allocated_gib": 7.100478649139404, "gpu_time_budget": null, "module": "model.layers.23.mlp.down_proj", "step": 128}
{"stage": "sequential-round-coordinate", "pid": 4116221, "time": 1789709155.597047, "cuda_visible_devices": "5", "allocated_gib": 5.225533962249756, "reserved_gib": 8.041015625, "peak_allocated_gib": 7.100478649139404, "gpu_time_budget": null, "module": "model.layers.23.mlp.down_proj", "step": 256}
{"stage": "sequential-round-coordinate", "pid": 4116221, "time": 1789709156.5687625, "cuda_visible_devices": "5", "allocated_gib": 5.225533962249756, "reserved_gib": 8.041015625, "peak_allocated_gib": 7.100478649139404, "gpu_time_budget": null, "module": "model.layers.23.mlp.down_proj", "step": 384}
{"stage": "sequential-round-coordinate", "pid": 4116221, "time": 1789709157.635934, "cuda_visible_devices": "5", "allocated_gib": 5.225533962249756, "reserved_gib": 8.041015625, "peak_allocated_gib": 7.100478649139404, "gpu_time_budget": null, "module": "model.layers.23.mlp.down_proj", "step": 512}
{"stage": "sequential-round-coordinate", "pid": 4116221, "time": 1789709158.6115515, "cuda_visible_devices": "5", "allocated_gib": 5.225533962249756, "reserved_gib": 8.041015625, "peak_allocated_gib": 7.100478649139404, "gpu_time_budget": null, "module": "model.layers.23.mlp.down_proj", "step": 640}
{"stage": "sequential-round-coordinate", "pid": 4116221, "time": 1789709159.5828776, "cuda_visible_devices": "5", "allocated_gib": 5.225533962249756, "reserved_gib": 8.041015625, "peak_allocated_gib": 7.100478649139404, "gpu_time_budget": null, "module": "model.layers.23.mlp.down_proj", "step": 768}
{"stage": "sequential-round-coordinate", "pid": 4116221, "time": 1789709160.5593088, "cuda_visible_devices": "5", "allocated_gib": 5.225533962249756, "reserved_gib": 8.041015625, "peak_allocated_gib": 7.100478649139404, "gpu_time_budget": null, "module": "model.layers.23.mlp.down_proj", "step": 896}
{"stage": "sequential-round-coordinate", "pid": 4116221, "time": 1789709161.5323727, "cuda_visible_devices": "5", "allocated_gib": 5.225533962249756, "reserved_gib": 8.041015625, "peak_allocated_gib": 7.100478649139404, "gpu_time_budget": null, "module": "model.layers.23.mlp.down_proj", "step": 1024}
{"stage": "sequential-round-coordinate", "pid": 4116221, "time": 1789709162.511364, "cuda_visible_devices": "5", "allocated_gib": 5.225533962249756, "reserved_gib": 8.041015625, "peak_allocated_gib": 7.100478649139404, "gpu_time_budget": null, "module": "model.layers.23.mlp.down_proj", "step": 1152}
{"stage": "sequential-round-coordinate", "pid": 4116221, "time": 1789709163.4875925, "cuda_visible_devices": "5", "allocated_gib": 5.225533962249756, "reserved_gib": 8.041015625, "peak_allocated_gib": 7.100478649139404, "gpu_time_budget": null, "module": "model.layers.23.mlp.down_proj", "step": 1280}
{"stage": "sequential-round-coordinate", "pid": 4116221, "time": 1789709164.4668965, "cuda_visible_devices": "5", "allocated_gib": 5.225533962249756, "reserved_gib": 8.041015625, "peak_allocated_gib": 7.100478649139404, "gpu_time_budget": null, "module": "model.layers.23.mlp.down_proj", "step": 1408}
{"stage": "sequential-round-coordinate", "pid": 4116221, "time": 1789709165.443769, "cuda_visible_devices": "5", "allocated_gib": 5.225533962249756, "reserved_gib": 8.041015625, "peak_allocated_gib": 7.100478649139404, "gpu_time_budget": null, "module": "model.layers.23.mlp.down_proj", "step": 1536}
{"stage": "sequential-round-coordinate", "pid": 4116221, "time": 1789709166.4234028, "cuda_visible_devices": "5", "allocated_gib": 5.225533962249756, "reserved_gib": 8.041015625, "peak_allocated_gib": 7.100478649139404, "gpu_time_budget": null, "module": "model.layers.23.mlp.down_proj", "step": 1664}
{"stage": "sequential-round-coordinate", "pid": 4116221, "time": 1789709167.4021425, "cuda_visible_devices": "5", "allocated_gib": 5.225533962249756, "reserved_gib": 8.041015625, "peak_allocated_gib": 7.100478649139404, "gpu_time_budget": null, "module": "model.layers.23.mlp.down_proj", "step": 1792}
{"stage": "sequential-round-coordinate", "pid": 4116221, "time": 1789709168.3793094, "cuda_visible_devices": "5", "allocated_gib": 5.225533962249756, "reserved_gib": 8.041015625, "peak_allocated_gib": 7.100478649139404, "gpu_time_budget": null, "module": "model.layers.23.mlp.down_proj", "step": 1920}
{"stage": "sequential-round-coordinate", "pid": 4116221, "time": 1789709169.4532459, "cuda_visible_devices": "5", "allocated_gib": 5.225533962249756, "reserved_gib": 8.041015625, "peak_allocated_gib": 7.100478649139404, "gpu_time_budget": null, "module": "model.layers.23.mlp.down_proj", "step": 2048}
{"stage": "sequential-round-coordinate", "pid": 4116221, "time": 1789709170.2407522, "cuda_visible_devices": "5", "allocated_gib": 5.225533962249756, "reserved_gib": 8.041015625, "peak_allocated_gib": 7.100478649139404, "gpu_time_budget": null, "module": "model.layers.23.mlp.down_proj", "step": 2176}
{"stage": "sequential-round-coordinate", "pid": 4116221, "time": 1789709171.0221238, "cuda_visible_devices": "5", "allocated_gib": 5.225533962249756, "reserved_gib": 8.041015625, "peak_allocated_gib": 7.100478649139404, "gpu_time_budget": null, "module": "model.layers.23.mlp.down_proj", "step": 2304}
{"stage": "sequential-round-coordinate", "pid": 4116221, "time": 1789709171.8029754, "cuda_visible_devices": "5", "allocated_gib": 5.225533962249756, "reserved_gib": 8.041015625, "peak_allocated_gib": 7.100478649139404, "gpu_time_budget": null, "module": "model.layers.23.mlp.down_proj", "step": 2432}
{"stage": "sequential-round-coordinate", "pid": 4116221, "time": 1789709172.5918322, "cuda_visible_devices": "5", "allocated_gib": 5.225533962249756, "reserved_gib": 8.041015625, "peak_allocated_gib": 7.100478649139404, "gpu_time_budget": null, "module": "model.layers.23.mlp.down_proj", "step": 2560}
{"stage": "sequential-round-coordinate", "pid": 4116221, "time": 1789709173.4127073, "cuda_visible_devices": "5", "allocated_gib": 5.225533962249756, "reserved_gib": 8.041015625, "peak_allocated_gib": 7.100478649139404, "gpu_time_budget": null, "module": "model.layers.23.mlp.down_proj", "step": 2688}
{"stage": "sequential-round-coordinate", "pid": 4116221, "time": 1789709174.235401, "cuda_visible_devices": "5", "allocated_gib": 5.225533962249756, "reserved_gib": 8.041015625, "peak_allocated_gib": 7.100478649139404, "gpu_time_budget": null, "module": "model.layers.23.mlp.down_proj", "step": 2816}
{"stage": "sequential-round-coordinate", "pid": 4116221, "time": 1789709175.0207942, "cuda_visible_devices": "5", "allocated_gib": 5.225533962249756, "reserved_gib": 8.041015625, "peak_allocated_gib": 7.100478649139404, "gpu_time_budget": null, "module": "model.layers.23.mlp.down_proj", "step": 2944}
{"stage": "sequential-round-coordinate", "pid": 4116221, "time": 1789709175.784212, "cuda_visible_devices": "5", "allocated_gib": 5.225533962249756, "reserved_gib": 8.041015625, "peak_allocated_gib": 7.100478649139404, "gpu_time_budget": null, "module": "model.layers.23.mlp.down_proj", "step": 3072}
{"stage": "sequential-round-coordinate", "pid": 4116221, "time": 1789709176.564491, "cuda_visible_devices": "5", "allocated_gib": 5.225533962249756, "reserved_gib": 8.041015625, "peak_allocated_gib": 7.100478649139404, "gpu_time_budget": null, "module": "model.layers.23.mlp.down_proj", "step": 3200}
{"stage": "sequential-round-coordinate", "pid": 4116221, "time": 1789709177.3459067, "cuda_visible_devices": "5", "allocated_gib": 5.225533962249756, "reserved_gib": 8.041015625, "peak_allocated_gib": 7.100478649139404, "gpu_time_budget": null, "module": "model.layers.23.mlp.down_proj", "step": 3328}
{"stage": "sequential-round-coordinate", "pid": 4116221, "time": 1789709178.1298656, "cuda_visible_devices": "5", "allocated_gib": 5.225533962249756, "reserved_gib": 8.041015625, "peak_allocated_gib": 7.100478649139404, "gpu_time_budget": null, "module": "model.layers.23.mlp.down_proj", "step": 3456}
{"stage": "sequential-round-coordinate", "pid": 4116221, "time": 1789709178.91133, "cuda_visible_devices": "5", "allocated_gib": 5.225533962249756, "reserved_gib": 8.041015625, "peak_allocated_gib": 7.100478649139404, "gpu_time_budget": null, "module": "model.layers.23.mlp.down_proj", "step": 3584}
{"stage": "sequential-round-coordinate", "pid": 4116221, "time": 1789709179.6961696, "cuda_visible_devices": "5", "allocated_gib": 5.225533962249756, "reserved_gib": 8.041015625, "peak_allocated_gib": 7.100478649139404, "gpu_time_budget": null, "module": "model.layers.23.mlp.down_proj", "step": 3712}
{"stage": "sequential-round-coordinate", "pid": 4116221, "time": 1789709180.5182734, "cuda_visible_devices": "5", "allocated_gib": 5.225533962249756, "reserved_gib": 8.041015625, "peak_allocated_gib": 7.100478649139404, "gpu_time_budget": null, "module": "model.layers.23.mlp.down_proj", "step": 3840}
{"stage": "sequential-round-coordinate", "pid": 4116221, "time": 1789709181.339901, "cuda_visible_devices": "5", "allocated_gib": 5.225533962249756, "reserved_gib": 8.041015625, "peak_allocated_gib": 7.100478649139404, "gpu_time_budget": null, "module": "model.layers.23.mlp.down_proj", "step": 3968}
{"stage": "sequential-round-coordinate", "pid": 4116221, "time": 1789709182.0956619, "cuda_visible_devices": "5", "allocated_gib": 5.225533962249756, "reserved_gib": 8.041015625, "peak_allocated_gib": 7.100478649139404, "gpu_time_budget": null, "module": "model.layers.23.mlp.down_proj", "step": 4096}
{"stage": "sequential-round-coordinate", "pid": 4116221, "time": 1789709182.9067783, "cuda_visible_devices": "5", "allocated_gib": 5.225533962249756, "reserved_gib": 8.041015625, "peak_allocated_gib": 7.100478649139404, "gpu_time_budget": null, "module": "model.layers.23.mlp.down_proj", "step": 4224}
{"stage": "sequential-round-coordinate", "pid": 4116221, "time": 1789709183.6910884, "cuda_visible_devices": "5", "allocated_gib": 5.225533962249756, "reserved_gib": 8.041015625, "peak_allocated_gib": 7.100478649139404, "gpu_time_budget": null, "module": "model.layers.23.mlp.down_proj", "step": 4352}
{"stage": "sequential-round-coordinate", "pid": 4116221, "time": 1789709184.470927, "cuda_visible_devices": "5", "allocated_gib": 5.225533962249756, "reserved_gib": 8.041015625, "peak_allocated_gib": 7.100478649139404, "gpu_time_budget": null, "module": "model.layers.23.mlp.down_proj", "step": 4480}
{"stage": "sequential-round-coordinate", "pid": 4116221, "time": 1789709185.2514448, "cuda_visible_devices": "5", "allocated_gib": 5.225533962249756, "reserved_gib": 8.041015625, "peak_allocated_gib": 7.100478649139404, "gpu_time_budget": null, "module": "model.layers.23.mlp.down_proj", "step": 4608}
{"stage": "sequential-round-coordinate", "pid": 4116221, "time": 1789709186.0313787, "cuda_visible_devices": "5", "allocated_gib": 5.225533962249756, "reserved_gib": 8.041015625, "peak_allocated_gib": 7.100478649139404, "gpu_time_budget": null, "module": "model.layers.23.mlp.down_proj", "step": 4736}
{"stage": "sequential-round-coordinate", "pid": 4116221, "time": 1789709186.8109283, "cuda_visible_devices": "5", "allocated_gib": 5.225533962249756, "reserved_gib": 8.041015625, "peak_allocated_gib": 7.100478649139404, "gpu_time_budget": null, "module": "model.layers.23.mlp.down_proj", "step": 4864}
{"stage": "sequential-round-coordinate", "pid": 4116221, "time": 1789709187.5101032, "cuda_visible_devices": "5", "allocated_gib": 5.225533962249756, "reserved_gib": 8.041015625, "peak_allocated_gib": 7.100478649139404, "gpu_time_budget": null, "module": "model.layers.23.mlp.down_proj", "step": 4992}
{"stage": "sequential-round-coordinate", "pid": 4116221, "time": 1789709188.183024, "cuda_visible_devices": "5", "allocated_gib": 5.225533962249756, "reserved_gib": 8.041015625, "peak_allocated_gib": 7.100478649139404, "gpu_time_budget": null, "module": "model.layers.23.mlp.down_proj", "step": 5120}
{"stage": "sequential-round-coordinate", "pid": 4116221, "time": 1789709188.858342, "cuda_visible_devices": "5", "allocated_gib": 5.225533962249756, "reserved_gib": 8.041015625, "peak_allocated_gib": 7.100478649139404, "gpu_time_budget": null, "module": "model.layers.23.mlp.down_proj", "step": 5248}
{"stage": "sequential-round-coordinate", "pid": 4116221, "time": 1789709189.5335941, "cuda_visible_devices": "5", "allocated_gib": 5.225533962249756, "reserved_gib": 8.041015625, "peak_allocated_gib": 7.100478649139404, "gpu_time_budget": null, "module": "model.layers.23.mlp.down_proj", "step": 5376}
{"stage": "sequential-round-coordinate", "pid": 4116221, "time": 1789709190.214741, "cuda_visible_devices": "5", "allocated_gib": 5.225533962249756, "reserved_gib": 8.041015625, "peak_allocated_gib": 7.100478649139404, "gpu_time_budget": null, "module": "model.layers.23.mlp.down_proj", "step": 5504}
{"stage": "sequential-round-coordinate", "pid": 4116221, "time": 1789709190.888163, "cuda_visible_devices": "5", "allocated_gib": 5.225533962249756, "reserved_gib": 8.041015625, "peak_allocated_gib": 7.100478649139404, "gpu_time_budget": null, "module": "model.layers.23.mlp.down_proj", "step": 5632}
{"stage": "sequential-round-coordinate", "pid": 4116221, "time": 1789709191.568006, "cuda_visible_devices": "5", "allocated_gib": 5.225533962249756, "reserved_gib": 8.041015625, "peak_allocated_gib": 7.100478649139404, "gpu_time_budget": null, "module": "model.layers.23.mlp.down_proj", "step": 5760}
{"stage": "sequential-round-coordinate", "pid": 4116221, "time": 1789709192.2416391, "cuda_visible_devices": "5", "allocated_gib": 5.225533962249756, "reserved_gib": 8.041015625, "peak_allocated_gib": 7.100478649139404, "gpu_time_budget": null, "module": "model.layers.23.mlp.down_proj", "step": 5888}
{"stage": "sequential-round-coordinate", "pid": 4116221, "time": 1789709192.9103987, "cuda_visible_devices": "5", "allocated_gib": 5.225533962249756, "reserved_gib": 8.041015625, "peak_allocated_gib": 7.100478649139404, "gpu_time_budget": null, "module": "model.layers.23.mlp.down_proj", "step": 6016}
{"stage": "sequential-round-coordinate", "pid": 4116221, "time": 1789709193.5861833, "cuda_visible_devices": "5", "allocated_gib": 5.225533962249756, "reserved_gib": 8.041015625, "peak_allocated_gib": 7.100478649139404, "gpu_time_budget": null, "module": "model.layers.23.mlp.down_proj", "step": 6144}
{"stage": "sequential-round-coordinate", "pid": 4116221, "time": 1789709194.2585902, "cuda_visible_devices": "5", "allocated_gib": 5.225533962249756, "reserved_gib": 8.041015625, "peak_allocated_gib": 7.100478649139404, "gpu_time_budget": null, "module": "model.layers.23.mlp.down_proj", "step": 6272}
{"stage": "sequential-round-coordinate", "pid": 4116221, "time": 1789709194.9364307, "cuda_visible_devices": "5", "allocated_gib": 5.225533962249756, "reserved_gib": 8.041015625, "peak_allocated_gib": 7.100478649139404, "gpu_time_budget": null, "module": "model.layers.23.mlp.down_proj", "step": 6400}
{"stage": "sequential-round-coordinate", "pid": 4116221, "time": 1789709195.6148362, "cuda_visible_devices": "5", "allocated_gib": 5.225533962249756, "reserved_gib": 8.041015625, "peak_allocated_gib": 7.100478649139404, "gpu_time_budget": null, "module": "model.layers.23.mlp.down_proj", "step": 6528}
{"stage": "sequential-round-coordinate", "pid": 4116221, "time": 1789709196.2934196, "cuda_visible_devices": "5", "allocated_gib": 5.225533962249756, "reserved_gib": 8.041015625, "peak_allocated_gib": 7.100478649139404, "gpu_time_budget": null, "module": "model.layers.23.mlp.down_proj", "step": 6656}
{"stage": "sequential-round-coordinate", "pid": 4116221, "time": 1789709196.9706168, "cuda_visible_devices": "5", "allocated_gib": 5.225533962249756, "reserved_gib": 8.041015625, "peak_allocated_gib": 7.100478649139404, "gpu_time_budget": null, "module": "model.layers.23.mlp.down_proj", "step": 6784}
{"stage": "sequential-round-coordinate", "pid": 4116221, "time": 1789709197.6503143, "cuda_visible_devices": "5", "allocated_gib": 5.225533962249756, "reserved_gib": 8.041015625, "peak_allocated_gib": 7.100478649139404, "gpu_time_budget": null, "module": "model.layers.23.mlp.down_proj", "step": 6912}
{"stage": "sequential-round-coordinate", "pid": 4116221, "time": 1789709198.3270721, "cuda_visible_devices": "5", "allocated_gib": 5.225533962249756, "reserved_gib": 8.041015625, "peak_allocated_gib": 7.100478649139404, "gpu_time_budget": null, "module": "model.layers.23.mlp.down_proj", "step": 7040}
{"stage": "sequential-round-coordinate", "pid": 4116221, "time": 1789709199.009293, "cuda_visible_devices": "5", "allocated_gib": 5.225533962249756, "reserved_gib": 8.041015625, "peak_allocated_gib": 7.100478649139404, "gpu_time_budget": null, "module": "model.layers.23.mlp.down_proj", "step": 7168}
{"stage": "sequential-round-coordinate", "pid": 4116221, "time": 1789709199.6818874, "cuda_visible_devices": "5", "allocated_gib": 5.225533962249756, "reserved_gib": 8.041015625, "peak_allocated_gib": 7.100478649139404, "gpu_time_budget": null, "module": "model.layers.23.mlp.down_proj", "step": 7296}
{"stage": "sequential-round-coordinate", "pid": 4116221, "time": 1789709200.3581913, "cuda_visible_devices": "5", "allocated_gib": 5.225533962249756, "reserved_gib": 8.041015625, "peak_allocated_gib": 7.100478649139404, "gpu_time_budget": null, "module": "model.layers.23.mlp.down_proj", "step": 7424}
{"stage": "sequential-round-coordinate", "pid": 4116221, "time": 1789709201.0333712, "cuda_visible_devices": "5", "allocated_gib": 5.225533962249756, "reserved_gib": 8.041015625, "peak_allocated_gib": 7.100478649139404, "gpu_time_budget": null, "module": "model.layers.23.mlp.down_proj", "step": 7552}
{"stage": "sequential-round-coordinate", "pid": 4116221, "time": 1789709201.8193715, "cuda_visible_devices": "5", "allocated_gib": 5.225533962249756, "reserved_gib": 8.041015625, "peak_allocated_gib": 7.100478649139404, "gpu_time_budget": null, "module": "model.layers.23.mlp.down_proj", "step": 7680}
{"stage": "sequential-round-coordinate", "pid": 4116221, "time": 1789709202.7910783, "cuda_visible_devices": "5", "allocated_gib": 5.225533962249756, "reserved_gib": 8.041015625, "peak_allocated_gib": 7.100478649139404, "gpu_time_budget": null, "module": "model.layers.23.mlp.down_proj", "step": 7808}
{"stage": "sequential-round-coordinate", "pid": 4116221, "time": 1789709203.7609797, "cuda_visible_devices": "5", "allocated_gib": 5.225533962249756, "reserved_gib": 8.041015625, "peak_allocated_gib": 7.100478649139404, "gpu_time_budget": null, "module": "model.layers.23.mlp.down_proj", "step": 7936}
{"stage": "sequential-round-coordinate", "pid": 4116221, "time": 1789709204.7310338, "cuda_visible_devices": "5", "allocated_gib": 5.225533962249756, "reserved_gib": 8.041015625, "peak_allocated_gib": 7.100478649139404, "gpu_time_budget": null, "module": "model.layers.23.mlp.down_proj", "step": 8064}
{"stage": "sequential-round-coordinate", "pid": 4116221, "time": 1789709205.7957387, "cuda_visible_devices": "5", "allocated_gib": 5.225533962249756, "reserved_gib": 8.041015625, "peak_allocated_gib": 7.100478649139404, "gpu_time_budget": null, "module": "model.layers.23.mlp.down_proj", "step": 8192}
{"stage": "sequential-round-train-nll", "pid": 4116221, "time": 1789709205.843428, "cuda_visible_devices": "5", "allocated_gib": 3.795783519744873, "reserved_gib": 3.80078125, "peak_allocated_gib": 7.100478649139404, "gpu_time_budget": null, "module": "model.layers.23.mlp.down_proj", "step": 512}
Evaluation segment 1/1: start=0, windows=8, seqlen=2048
{"stage": "sequential-round-train-nll", "pid": 4116221, "time": 1789709211.8702073, "cuda_visible_devices": "5", "allocated_gib": 3.795783519744873, "reserved_gib": 5.791015625, "peak_allocated_gib": 7.100478649139404, "gpu_time_budget": null, "module": "model.layers.23.mlp.down_proj", "step": 2048}
Evaluation segment 1/1: start=0, windows=8, seqlen=2048
{"stage": "sequential-round-train-nll", "pid": 4116221, "time": 1789709217.8249414, "cuda_visible_devices": "5", "allocated_gib": 3.795783519744873, "reserved_gib": 5.791015625, "peak_allocated_gib": 7.100478649139404, "gpu_time_budget": null, "module": "model.layers.23.mlp.down_proj", "step": 8192}
Evaluation segment 1/1: start=0, windows=8, seqlen=2048
{"stage": "sequential-module-completed", "pid": 4116221, "time": 1789709224.0095544, "cuda_visible_devices": "5", "allocated_gib": 3.795783519744873, "reserved_gib": 5.791015625, "peak_allocated_gib": 7.100478649139404, "gpu_time_budget": null, "module": "model.layers.23.mlp.down_proj", "completed": 24, "total": 28, "selected_train_nll": 2.98133797989696, "elapsed_seconds": 1851.4359098910354}
{"stage": "sequential-round-fit", "pid": 4116221, "time": 1789709237.943841, "cuda_visible_devices": "5", "allocated_gib": 3.795783519744873, "reserved_gib": 5.791015625, "peak_allocated_gib": 7.100478649139404, "gpu_time_budget": null, "module": "model.layers.24.mlp.down_proj", "fit_rows": 49152, "heldout_rows": 16384}
{"stage": "sequential-round-coordinate", "pid": 4116221, "time": 1789709239.2557056, "cuda_visible_devices": "5", "allocated_gib": 5.225533962249756, "reserved_gib": 8.041015625, "peak_allocated_gib": 7.100478649139404, "gpu_time_budget": null, "module": "model.layers.24.mlp.down_proj", "step": 128}
{"stage": "sequential-round-coordinate", "pid": 4116221, "time": 1789709240.2307901, "cuda_visible_devices": "5", "allocated_gib": 5.225533962249756, "reserved_gib": 8.041015625, "peak_allocated_gib": 7.100478649139404, "gpu_time_budget": null, "module": "model.layers.24.mlp.down_proj", "step": 256}
{"stage": "sequential-round-coordinate", "pid": 4116221, "time": 1789709241.2061315, "cuda_visible_devices": "5", "allocated_gib": 5.225533962249756, "reserved_gib": 8.041015625, "peak_allocated_gib": 7.100478649139404, "gpu_time_budget": null, "module": "model.layers.24.mlp.down_proj", "step": 384}
{"stage": "sequential-round-coordinate", "pid": 4116221, "time": 1789709242.2679386, "cuda_visible_devices": "5", "allocated_gib": 5.225533962249756, "reserved_gib": 8.041015625, "peak_allocated_gib": 7.100478649139404, "gpu_time_budget": null, "module": "model.layers.24.mlp.down_proj", "step": 512}
{"stage": "sequential-round-coordinate", "pid": 4116221, "time": 1789709243.2480683, "cuda_visible_devices": "5", "allocated_gib": 5.225533962249756, "reserved_gib": 8.041015625, "peak_allocated_gib": 7.100478649139404, "gpu_time_budget": null, "module": "model.layers.24.mlp.down_proj", "step": 640}
{"stage": "sequential-round-coordinate", "pid": 4116221, "time": 1789709244.2285128, "cuda_visible_devices": "5", "allocated_gib": 5.225533962249756, "reserved_gib": 8.041015625, "peak_allocated_gib": 7.100478649139404, "gpu_time_budget": null, "module": "model.layers.24.mlp.down_proj", "step": 768}
{"stage": "sequential-round-coordinate", "pid": 4116221, "time": 1789709245.2099497, "cuda_visible_devices": "5", "allocated_gib": 5.225533962249756, "reserved_gib": 8.041015625, "peak_allocated_gib": 7.100478649139404, "gpu_time_budget": null, "module": "model.layers.24.mlp.down_proj", "step": 896}
{"stage": "sequential-round-coordinate", "pid": 4116221, "time": 1789709246.1920545, "cuda_visible_devices": "5", "allocated_gib": 5.225533962249756, "reserved_gib": 8.041015625, "peak_allocated_gib": 7.100478649139404, "gpu_time_budget": null, "module": "model.layers.24.mlp.down_proj", "step": 1024}
{"stage": "sequential-round-coordinate", "pid": 4116221, "time": 1789709247.1736665, "cuda_visible_devices": "5", "allocated_gib": 5.225533962249756, "reserved_gib": 8.041015625, "peak_allocated_gib": 7.100478649139404, "gpu_time_budget": null, "module": "model.layers.24.mlp.down_proj", "step": 1152}
{"stage": "sequential-round-coordinate", "pid": 4116221, "time": 1789709248.154054, "cuda_visible_devices": "5", "allocated_gib": 5.225533962249756, "reserved_gib": 8.041015625, "peak_allocated_gib": 7.100478649139404, "gpu_time_budget": null, "module": "model.layers.24.mlp.down_proj", "step": 1280}
{"stage": "sequential-round-coordinate", "pid": 4116221, "time": 1789709249.1322448, "cuda_visible_devices": "5", "allocated_gib": 5.225533962249756, "reserved_gib": 8.041015625, "peak_allocated_gib": 7.100478649139404, "gpu_time_budget": null, "module": "model.layers.24.mlp.down_proj", "step": 1408}
{"stage": "sequential-round-coordinate", "pid": 4116221, "time": 1789709250.1124227, "cuda_visible_devices": "5", "allocated_gib": 5.225533962249756, "reserved_gib": 8.041015625, "peak_allocated_gib": 7.100478649139404, "gpu_time_budget": null, "module": "model.layers.24.mlp.down_proj", "step": 1536}
{"stage": "sequential-round-coordinate", "pid": 4116221, "time": 1789709251.0805998, "cuda_visible_devices": "5", "allocated_gib": 5.225533962249756, "reserved_gib": 8.041015625, "peak_allocated_gib": 7.100478649139404, "gpu_time_budget": null, "module": "model.layers.24.mlp.down_proj", "step": 1664}
{"stage": "sequential-round-coordinate", "pid": 4116221, "time": 1789709251.8215632, "cuda_visible_devices": "5", "allocated_gib": 5.225533962249756, "reserved_gib": 8.041015625, "peak_allocated_gib": 7.100478649139404, "gpu_time_budget": null, "module": "model.layers.24.mlp.down_proj", "step": 1792}
{"stage": "sequential-round-coordinate", "pid": 4116221, "time": 1789709252.6261163, "cuda_visible_devices": "5", "allocated_gib": 5.225533962249756, "reserved_gib": 8.041015625, "peak_allocated_gib": 7.100478649139404, "gpu_time_budget": null, "module": "model.layers.24.mlp.down_proj", "step": 1920}
{"stage": "sequential-round-coordinate", "pid": 4116221, "time": 1789709253.473998, "cuda_visible_devices": "5", "allocated_gib": 5.225533962249756, "reserved_gib": 8.041015625, "peak_allocated_gib": 7.100478649139404, "gpu_time_budget": null, "module": "model.layers.24.mlp.down_proj", "step": 2048}
{"stage": "sequential-round-coordinate", "pid": 4116221, "time": 1789709254.257957, "cuda_visible_devices": "5", "allocated_gib": 5.225533962249756, "reserved_gib": 8.041015625, "peak_allocated_gib": 7.100478649139404, "gpu_time_budget": null, "module": "model.layers.24.mlp.down_proj", "step": 2176}
{"stage": "sequential-round-coordinate", "pid": 4116221, "time": 1789709255.0408108, "cuda_visible_devices": "5", "allocated_gib": 5.225533962249756, "reserved_gib": 8.041015625, "peak_allocated_gib": 7.100478649139404, "gpu_time_budget": null, "module": "model.layers.24.mlp.down_proj", "step": 2304}
{"stage": "sequential-round-coordinate", "pid": 4116221, "time": 1789709255.8235512, "cuda_visible_devices": "5", "allocated_gib": 5.225533962249756, "reserved_gib": 8.041015625, "peak_allocated_gib": 7.100478649139404, "gpu_time_budget": null, "module": "model.layers.24.mlp.down_proj", "step": 2432}
{"stage": "sequential-round-coordinate", "pid": 4116221, "time": 1789709256.6264625, "cuda_visible_devices": "5", "allocated_gib": 5.225533962249756, "reserved_gib": 8.041015625, "peak_allocated_gib": 7.100478649139404, "gpu_time_budget": null, "module": "model.layers.24.mlp.down_proj", "step": 2560}
{"stage": "sequential-round-coordinate", "pid": 4116221, "time": 1789709257.3820071, "cuda_visible_devices": "5", "allocated_gib": 5.225533962249756, "reserved_gib": 8.041015625, "peak_allocated_gib": 7.100478649139404, "gpu_time_budget": null, "module": "model.layers.24.mlp.down_proj", "step": 2688}
{"stage": "sequential-round-coordinate", "pid": 4116221, "time": 1789709258.2032654, "cuda_visible_devices": "5", "allocated_gib": 5.225533962249756, "reserved_gib": 8.041015625, "peak_allocated_gib": 7.100478649139404, "gpu_time_budget": null, "module": "model.layers.24.mlp.down_proj", "step": 2816}
{"stage": "sequential-round-coordinate", "pid": 4116221, "time": 1789709259.0259259, "cuda_visible_devices": "5", "allocated_gib": 5.225533962249756, "reserved_gib": 8.041015625, "peak_allocated_gib": 7.100478649139404, "gpu_time_budget": null, "module": "model.layers.24.mlp.down_proj", "step": 2944}
{"stage": "sequential-round-coordinate", "pid": 4116221, "time": 1789709259.8080962, "cuda_visible_devices": "5", "allocated_gib": 5.225533962249756, "reserved_gib": 8.041015625, "peak_allocated_gib": 7.100478649139404, "gpu_time_budget": null, "module": "model.layers.24.mlp.down_proj", "step": 3072}
{"stage": "sequential-round-coordinate", "pid": 4116221, "time": 1789709260.591121, "cuda_visible_devices": "5", "allocated_gib": 5.225533962249756, "reserved_gib": 8.041015625, "peak_allocated_gib": 7.100478649139404, "gpu_time_budget": null, "module": "model.layers.24.mlp.down_proj", "step": 3200}
{"stage": "sequential-round-coordinate", "pid": 4116221, "time": 1789709261.373093, "cuda_visible_devices": "5", "allocated_gib": 5.225533962249756, "reserved_gib": 8.041015625, "peak_allocated_gib": 7.100478649139404, "gpu_time_budget": null, "module": "model.layers.24.mlp.down_proj", "step": 3328}
{"stage": "sequential-round-coordinate", "pid": 4116221, "time": 1789709262.1556935, "cuda_visible_devices": "5", "allocated_gib": 5.225533962249756, "reserved_gib": 8.041015625, "peak_allocated_gib": 7.100478649139404, "gpu_time_budget": null, "module": "model.layers.24.mlp.down_proj", "step": 3456}
{"stage": "sequential-round-coordinate", "pid": 4116221, "time": 1789709262.920941, "cuda_visible_devices": "5", "allocated_gib": 5.225533962249756, "reserved_gib": 8.041015625, "peak_allocated_gib": 7.100478649139404, "gpu_time_budget": null, "module": "model.layers.24.mlp.down_proj", "step": 3584}
{"stage": "sequential-round-coordinate", "pid": 4116221, "time": 1789709263.7029564, "cuda_visible_devices": "5", "allocated_gib": 5.225533962249756, "reserved_gib": 8.041015625, "peak_allocated_gib": 7.100478649139404, "gpu_time_budget": null, "module": "model.layers.24.mlp.down_proj", "step": 3712}
{"stage": "sequential-round-coordinate", "pid": 4116221, "time": 1789709264.506522, "cuda_visible_devices": "5", "allocated_gib": 5.225533962249756, "reserved_gib": 8.041015625, "peak_allocated_gib": 7.100478649139404, "gpu_time_budget": null, "module": "model.layers.24.mlp.down_proj", "step": 3840}
{"stage": "sequential-round-coordinate", "pid": 4116221, "time": 1789709265.3234544, "cuda_visible_devices": "5", "allocated_gib": 5.225533962249756, "reserved_gib": 8.041015625, "peak_allocated_gib": 7.100478649139404, "gpu_time_budget": null, "module": "model.layers.24.mlp.down_proj", "step": 3968}
{"stage": "sequential-round-coordinate", "pid": 4116221, "time": 1789709266.1362884, "cuda_visible_devices": "5", "allocated_gib": 5.225533962249756, "reserved_gib": 8.041015625, "peak_allocated_gib": 7.100478649139404, "gpu_time_budget": null, "module": "model.layers.24.mlp.down_proj", "step": 4096}
{"stage": "sequential-round-coordinate", "pid": 4116221, "time": 1789709266.914271, "cuda_visible_devices": "5", "allocated_gib": 5.225533962249756, "reserved_gib": 8.041015625, "peak_allocated_gib": 7.100478649139404, "gpu_time_budget": null, "module": "model.layers.24.mlp.down_proj", "step": 4224}
{"stage": "sequential-round-coordinate", "pid": 4116221, "time": 1789709267.694513, "cuda_visible_devices": "5", "allocated_gib": 5.225533962249756, "reserved_gib": 8.041015625, "peak_allocated_gib": 7.100478649139404, "gpu_time_budget": null, "module": "model.layers.24.mlp.down_proj", "step": 4352}
{"stage": "sequential-round-coordinate", "pid": 4116221, "time": 1789709268.4189098, "cuda_visible_devices": "5", "allocated_gib": 5.225533962249756, "reserved_gib": 8.041015625, "peak_allocated_gib": 7.100478649139404, "gpu_time_budget": null, "module": "model.layers.24.mlp.down_proj", "step": 4480}
{"stage": "sequential-round-coordinate", "pid": 4116221, "time": 1789709269.0987294, "cuda_visible_devices": "5", "allocated_gib": 5.225533962249756, "reserved_gib": 8.041015625, "peak_allocated_gib": 7.100478649139404, "gpu_time_budget": null, "module": "model.layers.24.mlp.down_proj", "step": 4608}
{"stage": "sequential-round-coordinate", "pid": 4116221, "time": 1789709269.774396, "cuda_visible_devices": "5", "allocated_gib": 5.225533962249756, "reserved_gib": 8.041015625, "peak_allocated_gib": 7.100478649139404, "gpu_time_budget": null, "module": "model.layers.24.mlp.down_proj", "step": 4736}
{"stage": "sequential-round-coordinate", "pid": 4116221, "time": 1789709270.4499514, "cuda_visible_devices": "5", "allocated_gib": 5.225533962249756, "reserved_gib": 8.041015625, "peak_allocated_gib": 7.100478649139404, "gpu_time_budget": null, "module": "model.layers.24.mlp.down_proj", "step": 4864}
{"stage": "sequential-round-coordinate", "pid": 4116221, "time": 1789709271.1287017, "cuda_visible_devices": "5", "allocated_gib": 5.225533962249756, "reserved_gib": 8.041015625, "peak_allocated_gib": 7.100478649139404, "gpu_time_budget": null, "module": "model.layers.24.mlp.down_proj", "step": 4992}
{"stage": "sequential-round-coordinate", "pid": 4116221, "time": 1789709271.853878, "cuda_visible_devices": "5", "allocated_gib": 5.225533962249756, "reserved_gib": 8.041015625, "peak_allocated_gib": 7.100478649139404, "gpu_time_budget": null, "module": "model.layers.24.mlp.down_proj", "step": 5120}
{"stage": "sequential-round-coordinate", "pid": 4116221, "time": 1789709272.5312436, "cuda_visible_devices": "5", "allocated_gib": 5.225533962249756, "reserved_gib": 8.041015625, "peak_allocated_gib": 7.100478649139404, "gpu_time_budget": null, "module": "model.layers.24.mlp.down_proj", "step": 5248}
{"stage": "sequential-round-coordinate", "pid": 4116221, "time": 1789709273.2107012, "cuda_visible_devices": "5", "allocated_gib": 5.225533962249756, "reserved_gib": 8.041015625, "peak_allocated_gib": 7.100478649139404, "gpu_time_budget": null, "module": "model.layers.24.mlp.down_proj", "step": 5376}
{"stage": "sequential-round-coordinate", "pid": 4116221, "time": 1789709273.8846781, "cuda_visible_devices": "5", "allocated_gib": 5.225533962249756, "reserved_gib": 8.041015625, "peak_allocated_gib": 7.100478649139404, "gpu_time_budget": null, "module": "model.layers.24.mlp.down_proj", "step": 5504}
{"stage": "sequential-round-coordinate", "pid": 4116221, "time": 1789709274.5640914, "cuda_visible_devices": "5", "allocated_gib": 5.225533962249756, "reserved_gib": 8.041015625, "peak_allocated_gib": 7.100478649139404, "gpu_time_budget": null, "module": "model.layers.24.mlp.down_proj", "step": 5632}
{"stage": "sequential-round-coordinate", "pid": 4116221, "time": 1789709275.2448494, "cuda_visible_devices": "5", "allocated_gib": 5.225533962249756, "reserved_gib": 8.041015625, "peak_allocated_gib": 7.100478649139404, "gpu_time_budget": null, "module": "model.layers.24.mlp.down_proj", "step": 5760}
{"stage": "sequential-round-coordinate", "pid": 4116221, "time": 1789709275.9242752, "cuda_visible_devices": "5", "allocated_gib": 5.225533962249756, "reserved_gib": 8.041015625, "peak_allocated_gib": 7.100478649139404, "gpu_time_budget": null, "module": "model.layers.24.mlp.down_proj", "step": 5888}
{"stage": "sequential-round-coordinate", "pid": 4116221, "time": 1789709276.5998158, "cuda_visible_devices": "5", "allocated_gib": 5.225533962249756, "reserved_gib": 8.041015625, "peak_allocated_gib": 7.100478649139404, "gpu_time_budget": null, "module": "model.layers.24.mlp.down_proj", "step": 6016}
{"stage": "sequential-round-coordinate", "pid": 4116221, "time": 1789709277.2758734, "cuda_visible_devices": "5", "allocated_gib": 5.225533962249756, "reserved_gib": 8.041015625, "peak_allocated_gib": 7.100478649139404, "gpu_time_budget": null, "module": "model.layers.24.mlp.down_proj", "step": 6144}
{"stage": "sequential-round-coordinate", "pid": 4116221, "time": 1789709277.94869, "cuda_visible_devices": "5", "allocated_gib": 5.225533962249756, "reserved_gib": 8.041015625, "peak_allocated_gib": 7.100478649139404, "gpu_time_budget": null, "module": "model.layers.24.mlp.down_proj", "step": 6272}
{"stage": "sequential-round-coordinate", "pid": 4116221, "time": 1789709278.6251628, "cuda_visible_devices": "5", "allocated_gib": 5.225533962249756, "reserved_gib": 8.041015625, "peak_allocated_gib": 7.100478649139404, "gpu_time_budget": null, "module": "model.layers.24.mlp.down_proj", "step": 6400}
{"stage": "sequential-round-coordinate", "pid": 4116221, "time": 1789709279.3045845, "cuda_visible_devices": "5", "allocated_gib": 5.225533962249756, "reserved_gib": 8.041015625, "peak_allocated_gib": 7.100478649139404, "gpu_time_budget": null, "module": "model.layers.24.mlp.down_proj", "step": 6528}
{"stage": "sequential-round-coordinate", "pid": 4116221, "time": 1789709279.9809432, "cuda_visible_devices": "5", "allocated_gib": 5.225533962249756, "reserved_gib": 8.041015625, "peak_allocated_gib": 7.100478649139404, "gpu_time_budget": null, "module": "model.layers.24.mlp.down_proj", "step": 6656}
{"stage": "sequential-round-coordinate", "pid": 4116221, "time": 1789709280.6536906, "cuda_visible_devices": "5", "allocated_gib": 5.225533962249756, "reserved_gib": 8.041015625, "peak_allocated_gib": 7.100478649139404, "gpu_time_budget": null, "module": "model.layers.24.mlp.down_proj", "step": 6784}
{"stage": "sequential-round-coordinate", "pid": 4116221, "time": 1789709281.3327453, "cuda_visible_devices": "5", "allocated_gib": 5.225533962249756, "reserved_gib": 8.041015625, "peak_allocated_gib": 7.100478649139404, "gpu_time_budget": null, "module": "model.layers.24.mlp.down_proj", "step": 6912}
{"stage": "sequential-round-coordinate", "pid": 4116221, "time": 1789709282.0099177, "cuda_visible_devices": "5", "allocated_gib": 5.225533962249756, "reserved_gib": 8.041015625, "peak_allocated_gib": 7.100478649139404, "gpu_time_budget": null, "module": "model.layers.24.mlp.down_proj", "step": 7040}
{"stage": "sequential-round-coordinate", "pid": 4116221, "time": 1789709282.685928, "cuda_visible_devices": "5", "allocated_gib": 5.225533962249756, "reserved_gib": 8.041015625, "peak_allocated_gib": 7.100478649139404, "gpu_time_budget": null, "module": "model.layers.24.mlp.down_proj", "step": 7168}
{"stage": "sequential-round-coordinate", "pid": 4116221, "time": 1789709283.5135853, "cuda_visible_devices": "5", "allocated_gib": 5.225533962249756, "reserved_gib": 8.041015625, "peak_allocated_gib": 7.100478649139404, "gpu_time_budget": null, "module": "model.layers.24.mlp.down_proj", "step": 7296}
{"stage": "sequential-round-coordinate", "pid": 4116221, "time": 1789709284.495267, "cuda_visible_devices": "5", "allocated_gib": 5.225533962249756, "reserved_gib": 8.041015625, "peak_allocated_gib": 7.100478649139404, "gpu_time_budget": null, "module": "model.layers.24.mlp.down_proj", "step": 7424}
{"stage": "sequential-round-coordinate", "pid": 4116221, "time": 1789709285.4731002, "cuda_visible_devices": "5", "allocated_gib": 5.225533962249756, "reserved_gib": 8.041015625, "peak_allocated_gib": 7.100478649139404, "gpu_time_budget": null, "module": "model.layers.24.mlp.down_proj", "step": 7552}
{"stage": "sequential-round-coordinate", "pid": 4116221, "time": 1789709286.45439, "cuda_visible_devices": "5", "allocated_gib": 5.225533962249756, "reserved_gib": 8.041015625, "peak_allocated_gib": 7.100478649139404, "gpu_time_budget": null, "module": "model.layers.24.mlp.down_proj", "step": 7680}
{"stage": "sequential-round-coordinate", "pid": 4116221, "time": 1789709287.434276, "cuda_visible_devices": "5", "allocated_gib": 5.225533962249756, "reserved_gib": 8.041015625, "peak_allocated_gib": 7.100478649139404, "gpu_time_budget": null, "module": "model.layers.24.mlp.down_proj", "step": 7808}
{"stage": "sequential-round-coordinate", "pid": 4116221, "time": 1789709288.4122396, "cuda_visible_devices": "5", "allocated_gib": 5.225533962249756, "reserved_gib": 8.041015625, "peak_allocated_gib": 7.100478649139404, "gpu_time_budget": null, "module": "model.layers.24.mlp.down_proj", "step": 7936}
{"stage": "sequential-round-coordinate", "pid": 4116221, "time": 1789709289.3904917, "cuda_visible_devices": "5", "allocated_gib": 5.225533962249756, "reserved_gib": 8.041015625, "peak_allocated_gib": 7.100478649139404, "gpu_time_budget": null, "module": "model.layers.24.mlp.down_proj", "step": 8064}
{"stage": "sequential-round-coordinate", "pid": 4116221, "time": 1789709290.4600713, "cuda_visible_devices": "5", "allocated_gib": 5.225533962249756, "reserved_gib": 8.041015625, "peak_allocated_gib": 7.100478649139404, "gpu_time_budget": null, "module": "model.layers.24.mlp.down_proj", "step": 8192}
{"stage": "sequential-round-train-nll", "pid": 4116221, "time": 1789709290.5001173, "cuda_visible_devices": "5", "allocated_gib": 3.795783519744873, "reserved_gib": 3.80078125, "peak_allocated_gib": 7.100478649139404, "gpu_time_budget": null, "module": "model.layers.24.mlp.down_proj", "step": 512}
Evaluation segment 1/1: start=0, windows=8, seqlen=2048
{"stage": "sequential-round-train-nll", "pid": 4116221, "time": 1789709296.5511982, "cuda_visible_devices": "5", "allocated_gib": 3.795783519744873, "reserved_gib": 5.791015625, "peak_allocated_gib": 7.100478649139404, "gpu_time_budget": null, "module": "model.layers.24.mlp.down_proj", "step": 2048}
Evaluation segment 1/1: start=0, windows=8, seqlen=2048
{"stage": "sequential-round-train-nll", "pid": 4116221, "time": 1789709302.5678906, "cuda_visible_devices": "5", "allocated_gib": 3.795783519744873, "reserved_gib": 5.791015625, "peak_allocated_gib": 7.100478649139404, "gpu_time_budget": null, "module": "model.layers.24.mlp.down_proj", "step": 8192}
Evaluation segment 1/1: start=0, windows=8, seqlen=2048
{"stage": "sequential-module-completed", "pid": 4116221, "time": 1789709308.7435966, "cuda_visible_devices": "5", "allocated_gib": 3.795783519744873, "reserved_gib": 5.791015625, "peak_allocated_gib": 7.100478649139404, "gpu_time_budget": null, "module": "model.layers.24.mlp.down_proj", "completed": 25, "total": 28, "selected_train_nll": 2.98133797989696, "elapsed_seconds": 1936.1699803260854}
{"stage": "sequential-round-fit", "pid": 4116221, "time": 1789709323.1473916, "cuda_visible_devices": "5", "allocated_gib": 3.795783519744873, "reserved_gib": 5.791015625, "peak_allocated_gib": 7.100478649139404, "gpu_time_budget": null, "module": "model.layers.25.mlp.down_proj", "fit_rows": 49152, "heldout_rows": 16384}
{"stage": "sequential-round-coordinate", "pid": 4116221, "time": 1789709324.4572508, "cuda_visible_devices": "5", "allocated_gib": 5.225533962249756, "reserved_gib": 8.041015625, "peak_allocated_gib": 7.100478649139404, "gpu_time_budget": null, "module": "model.layers.25.mlp.down_proj", "step": 128}
{"stage": "sequential-round-coordinate", "pid": 4116221, "time": 1789709325.4340017, "cuda_visible_devices": "5", "allocated_gib": 5.225533962249756, "reserved_gib": 8.041015625, "peak_allocated_gib": 7.100478649139404, "gpu_time_budget": null, "module": "model.layers.25.mlp.down_proj", "step": 256}
{"stage": "sequential-round-coordinate", "pid": 4116221, "time": 1789709326.4102845, "cuda_visible_devices": "5", "allocated_gib": 5.225533962249756, "reserved_gib": 8.041015625, "peak_allocated_gib": 7.100478649139404, "gpu_time_budget": null, "module": "model.layers.25.mlp.down_proj", "step": 384}
{"stage": "sequential-round-coordinate", "pid": 4116221, "time": 1789709327.47571, "cuda_visible_devices": "5", "allocated_gib": 5.225533962249756, "reserved_gib": 8.041015625, "peak_allocated_gib": 7.100478649139404, "gpu_time_budget": null, "module": "model.layers.25.mlp.down_proj", "step": 512}
{"stage": "sequential-round-coordinate", "pid": 4116221, "time": 1789709328.452835, "cuda_visible_devices": "5", "allocated_gib": 5.225533962249756, "reserved_gib": 8.041015625, "peak_allocated_gib": 7.100478649139404, "gpu_time_budget": null, "module": "model.layers.25.mlp.down_proj", "step": 640}
{"stage": "sequential-round-coordinate", "pid": 4116221, "time": 1789709329.4338355, "cuda_visible_devices": "5", "allocated_gib": 5.225533962249756, "reserved_gib": 8.041015625, "peak_allocated_gib": 7.100478649139404, "gpu_time_budget": null, "module": "model.layers.25.mlp.down_proj", "step": 768}
{"stage": "sequential-round-coordinate", "pid": 4116221, "time": 1789709330.409751, "cuda_visible_devices": "5", "allocated_gib": 5.225533962249756, "reserved_gib": 8.041015625, "peak_allocated_gib": 7.100478649139404, "gpu_time_budget": null, "module": "model.layers.25.mlp.down_proj", "step": 896}
{"stage": "sequential-round-coordinate", "pid": 4116221, "time": 1789709331.3862615, "cuda_visible_devices": "5", "allocated_gib": 5.225533962249756, "reserved_gib": 8.041015625, "peak_allocated_gib": 7.100478649139404, "gpu_time_budget": null, "module": "model.layers.25.mlp.down_proj", "step": 1024}
{"stage": "sequential-round-coordinate", "pid": 4116221, "time": 1789709332.3639975, "cuda_visible_devices": "5", "allocated_gib": 5.225533962249756, "reserved_gib": 8.041015625, "peak_allocated_gib": 7.100478649139404, "gpu_time_budget": null, "module": "model.layers.25.mlp.down_proj", "step": 1152}
{"stage": "sequential-round-coordinate", "pid": 4116221, "time": 1789709333.105209, "cuda_visible_devices": "5", "allocated_gib": 5.225533962249756, "reserved_gib": 8.041015625, "peak_allocated_gib": 7.100478649139404, "gpu_time_budget": null, "module": "model.layers.25.mlp.down_proj", "step": 1280}
{"stage": "sequential-round-coordinate", "pid": 4116221, "time": 1789709333.9225605, "cuda_visible_devices": "5", "allocated_gib": 5.225533962249756, "reserved_gib": 8.041015625, "peak_allocated_gib": 7.100478649139404, "gpu_time_budget": null, "module": "model.layers.25.mlp.down_proj", "step": 1408}
{"stage": "sequential-round-coordinate", "pid": 4116221, "time": 1789709334.7137592, "cuda_visible_devices": "5", "allocated_gib": 5.225533962249756, "reserved_gib": 8.041015625, "peak_allocated_gib": 7.100478649139404, "gpu_time_budget": null, "module": "model.layers.25.mlp.down_proj", "step": 1536}
{"stage": "sequential-round-coordinate", "pid": 4116221, "time": 1789709335.4949713, "cuda_visible_devices": "5", "allocated_gib": 5.225533962249756, "reserved_gib": 8.041015625, "peak_allocated_gib": 7.100478649139404, "gpu_time_budget": null, "module": "model.layers.25.mlp.down_proj", "step": 1664}
{"stage": "sequential-round-coordinate", "pid": 4116221, "time": 1789709336.2761083, "cuda_visible_devices": "5", "allocated_gib": 5.225533962249756, "reserved_gib": 8.041015625, "peak_allocated_gib": 7.100478649139404, "gpu_time_budget": null, "module": "model.layers.25.mlp.down_proj", "step": 1792}
{"stage": "sequential-round-coordinate", "pid": 4116221, "time": 1789709337.0556731, "cuda_visible_devices": "5", "allocated_gib": 5.225533962249756, "reserved_gib": 8.041015625, "peak_allocated_gib": 7.100478649139404, "gpu_time_budget": null, "module": "model.layers.25.mlp.down_proj", "step": 1920}
{"stage": "sequential-round-coordinate", "pid": 4116221, "time": 1789709337.8957102, "cuda_visible_devices": "5", "allocated_gib": 5.225533962249756, "reserved_gib": 8.041015625, "peak_allocated_gib": 7.100478649139404, "gpu_time_budget": null, "module": "model.layers.25.mlp.down_proj", "step": 2048}
{"stage": "sequential-round-coordinate", "pid": 4116221, "time": 1789709338.6586757, "cuda_visible_devices": "5", "allocated_gib": 5.225533962249756, "reserved_gib": 8.041015625, "peak_allocated_gib": 7.100478649139404, "gpu_time_budget": null, "module": "model.layers.25.mlp.down_proj", "step": 2176}
{"stage": "sequential-round-coordinate", "pid": 4116221, "time": 1789709339.4491365, "cuda_visible_devices": "5", "allocated_gib": 5.225533962249756, "reserved_gib": 8.041015625, "peak_allocated_gib": 7.100478649139404, "gpu_time_budget": null, "module": "model.layers.25.mlp.down_proj", "step": 2304}
{"stage": "sequential-round-coordinate", "pid": 4116221, "time": 1789709340.2702818, "cuda_visible_devices": "5", "allocated_gib": 5.225533962249756, "reserved_gib": 8.041015625, "peak_allocated_gib": 7.100478649139404, "gpu_time_budget": null, "module": "model.layers.25.mlp.down_proj", "step": 2432}
{"stage": "sequential-round-coordinate", "pid": 4116221, "time": 1789709341.09096, "cuda_visible_devices": "5", "allocated_gib": 5.225533962249756, "reserved_gib": 8.041015625, "peak_allocated_gib": 7.100478649139404, "gpu_time_budget": null, "module": "model.layers.25.mlp.down_proj", "step": 2560}
{"stage": "sequential-round-coordinate", "pid": 4116221, "time": 1789709341.8774748, "cuda_visible_devices": "5", "allocated_gib": 5.225533962249756, "reserved_gib": 8.041015625, "peak_allocated_gib": 7.100478649139404, "gpu_time_budget": null, "module": "model.layers.25.mlp.down_proj", "step": 2688}
{"stage": "sequential-round-coordinate", "pid": 4116221, "time": 1789709342.6619232, "cuda_visible_devices": "5", "allocated_gib": 5.225533962249756, "reserved_gib": 8.041015625, "peak_allocated_gib": 7.100478649139404, "gpu_time_budget": null, "module": "model.layers.25.mlp.down_proj", "step": 2816}
{"stage": "sequential-round-coordinate", "pid": 4116221, "time": 1789709343.4456873, "cuda_visible_devices": "5", "allocated_gib": 5.225533962249756, "reserved_gib": 8.041015625, "peak_allocated_gib": 7.100478649139404, "gpu_time_budget": null, "module": "model.layers.25.mlp.down_proj", "step": 2944}
{"stage": "sequential-round-coordinate", "pid": 4116221, "time": 1789709344.2173133, "cuda_visible_devices": "5", "allocated_gib": 5.225533962249756, "reserved_gib": 8.041015625, "peak_allocated_gib": 7.100478649139404, "gpu_time_budget": null, "module": "model.layers.25.mlp.down_proj", "step": 3072}
{"stage": "sequential-round-coordinate", "pid": 4116221, "time": 1789709345.0021777, "cuda_visible_devices": "5", "allocated_gib": 5.225533962249756, "reserved_gib": 8.041015625, "peak_allocated_gib": 7.100478649139404, "gpu_time_budget": null, "module": "model.layers.25.mlp.down_proj", "step": 3200}
{"stage": "sequential-round-coordinate", "pid": 4116221, "time": 1789709345.7848618, "cuda_visible_devices": "5", "allocated_gib": 5.225533962249756, "reserved_gib": 8.041015625, "peak_allocated_gib": 7.100478649139404, "gpu_time_budget": null, "module": "model.layers.25.mlp.down_proj", "step": 3328}
{"stage": "sequential-round-coordinate", "pid": 4116221, "time": 1789709346.5690334, "cuda_visible_devices": "5", "allocated_gib": 5.225533962249756, "reserved_gib": 8.041015625, "peak_allocated_gib": 7.100478649139404, "gpu_time_budget": null, "module": "model.layers.25.mlp.down_proj", "step": 3456}
{"stage": "sequential-round-coordinate", "pid": 4116221, "time": 1789709347.3898773, "cuda_visible_devices": "5", "allocated_gib": 5.225533962249756, "reserved_gib": 8.041015625, "peak_allocated_gib": 7.100478649139404, "gpu_time_budget": null, "module": "model.layers.25.mlp.down_proj", "step": 3584}
{"stage": "sequential-round-coordinate", "pid": 4116221, "time": 1789709348.2126813, "cuda_visible_devices": "5", "allocated_gib": 5.225533962249756, "reserved_gib": 8.041015625, "peak_allocated_gib": 7.100478649139404, "gpu_time_budget": null, "module": "model.layers.25.mlp.down_proj", "step": 3712}
{"stage": "sequential-round-coordinate", "pid": 4116221, "time": 1789709349.0072978, "cuda_visible_devices": "5", "allocated_gib": 5.225533962249756, "reserved_gib": 8.041015625, "peak_allocated_gib": 7.100478649139404, "gpu_time_budget": null, "module": "model.layers.25.mlp.down_proj", "step": 3840}
{"stage": "sequential-round-coordinate", "pid": 4116221, "time": 1789709349.7633538, "cuda_visible_devices": "5", "allocated_gib": 5.225533962249756, "reserved_gib": 8.041015625, "peak_allocated_gib": 7.100478649139404, "gpu_time_budget": null, "module": "model.layers.25.mlp.down_proj", "step": 3968}
{"stage": "sequential-round-coordinate", "pid": 4116221, "time": 1789709350.289472, "cuda_visible_devices": "5", "allocated_gib": 5.225533962249756, "reserved_gib": 8.041015625, "peak_allocated_gib": 7.100478649139404, "gpu_time_budget": null, "module": "model.layers.25.mlp.down_proj", "step": 4096}
{"stage": "sequential-round-coordinate", "pid": 4116221, "time": 1789709350.8156593, "cuda_visible_devices": "5", "allocated_gib": 5.225533962249756, "reserved_gib": 8.041015625, "peak_allocated_gib": 7.100478649139404, "gpu_time_budget": null, "module": "model.layers.25.mlp.down_proj", "step": 4224}
{"stage": "sequential-round-coordinate", "pid": 4116221, "time": 1789709351.3395753, "cuda_visible_devices": "5", "allocated_gib": 5.225533962249756, "reserved_gib": 8.041015625, "peak_allocated_gib": 7.100478649139404, "gpu_time_budget": null, "module": "model.layers.25.mlp.down_proj", "step": 4352}
{"stage": "sequential-round-coordinate", "pid": 4116221, "time": 1789709351.8613222, "cuda_visible_devices": "5", "allocated_gib": 5.225533962249756, "reserved_gib": 8.041015625, "peak_allocated_gib": 7.100478649139404, "gpu_time_budget": null, "module": "model.layers.25.mlp.down_proj", "step": 4480}
{"stage": "sequential-round-coordinate", "pid": 4116221, "time": 1789709352.3865602, "cuda_visible_devices": "5", "allocated_gib": 5.225533962249756, "reserved_gib": 8.041015625, "peak_allocated_gib": 7.100478649139404, "gpu_time_budget": null, "module": "model.layers.25.mlp.down_proj", "step": 4608}
{"stage": "sequential-round-coordinate", "pid": 4116221, "time": 1789709352.912287, "cuda_visible_devices": "5", "allocated_gib": 5.225533962249756, "reserved_gib": 8.041015625, "peak_allocated_gib": 7.100478649139404, "gpu_time_budget": null, "module": "model.layers.25.mlp.down_proj", "step": 4736}
{"stage": "sequential-round-coordinate", "pid": 4116221, "time": 1789709353.432866, "cuda_visible_devices": "5", "allocated_gib": 5.225533962249756, "reserved_gib": 8.041015625, "peak_allocated_gib": 7.100478649139404, "gpu_time_budget": null, "module": "model.layers.25.mlp.down_proj", "step": 4864}
{"stage": "sequential-round-coordinate", "pid": 4116221, "time": 1789709353.9593043, "cuda_visible_devices": "5", "allocated_gib": 5.225533962249756, "reserved_gib": 8.041015625, "peak_allocated_gib": 7.100478649139404, "gpu_time_budget": null, "module": "model.layers.25.mlp.down_proj", "step": 4992}
{"stage": "sequential-round-coordinate", "pid": 4116221, "time": 1789709354.4831123, "cuda_visible_devices": "5", "allocated_gib": 5.225533962249756, "reserved_gib": 8.041015625, "peak_allocated_gib": 7.100478649139404, "gpu_time_budget": null, "module": "model.layers.25.mlp.down_proj", "step": 5120}
{"stage": "sequential-round-coordinate", "pid": 4116221, "time": 1789709355.0067933, "cuda_visible_devices": "5", "allocated_gib": 5.225533962249756, "reserved_gib": 8.041015625, "peak_allocated_gib": 7.100478649139404, "gpu_time_budget": null, "module": "model.layers.25.mlp.down_proj", "step": 5248}
{"stage": "sequential-round-coordinate", "pid": 4116221, "time": 1789709355.5326114, "cuda_visible_devices": "5", "allocated_gib": 5.225533962249756, "reserved_gib": 8.041015625, "peak_allocated_gib": 7.100478649139404, "gpu_time_budget": null, "module": "model.layers.25.mlp.down_proj", "step": 5376}
{"stage": "sequential-round-coordinate", "pid": 4116221, "time": 1789709356.055925, "cuda_visible_devices": "5", "allocated_gib": 5.225533962249756, "reserved_gib": 8.041015625, "peak_allocated_gib": 7.100478649139404, "gpu_time_budget": null, "module": "model.layers.25.mlp.down_proj", "step": 5504}
{"stage": "sequential-round-coordinate", "pid": 4116221, "time": 1789709356.5784829, "cuda_visible_devices": "5", "allocated_gib": 5.225533962249756, "reserved_gib": 8.041015625, "peak_allocated_gib": 7.100478649139404, "gpu_time_budget": null, "module": "model.layers.25.mlp.down_proj", "step": 5632}
{"stage": "sequential-round-coordinate", "pid": 4116221, "time": 1789709357.1024528, "cuda_visible_devices": "5", "allocated_gib": 5.225533962249756, "reserved_gib": 8.041015625, "peak_allocated_gib": 7.100478649139404, "gpu_time_budget": null, "module": "model.layers.25.mlp.down_proj", "step": 5760}
{"stage": "sequential-round-coordinate", "pid": 4116221, "time": 1789709357.6265748, "cuda_visible_devices": "5", "allocated_gib": 5.225533962249756, "reserved_gib": 8.041015625, "peak_allocated_gib": 7.100478649139404, "gpu_time_budget": null, "module": "model.layers.25.mlp.down_proj", "step": 5888}
{"stage": "sequential-round-coordinate", "pid": 4116221, "time": 1789709358.1511836, "cuda_visible_devices": "5", "allocated_gib": 5.225533962249756, "reserved_gib": 8.041015625, "peak_allocated_gib": 7.100478649139404, "gpu_time_budget": null, "module": "model.layers.25.mlp.down_proj", "step": 6016}
{"stage": "sequential-round-coordinate", "pid": 4116221, "time": 1789709358.679369, "cuda_visible_devices": "5", "allocated_gib": 5.225533962249756, "reserved_gib": 8.041015625, "peak_allocated_gib": 7.100478649139404, "gpu_time_budget": null, "module": "model.layers.25.mlp.down_proj", "step": 6144}
{"stage": "sequential-round-coordinate", "pid": 4116221, "time": 1789709359.198595, "cuda_visible_devices": "5", "allocated_gib": 5.225533962249756, "reserved_gib": 8.041015625, "peak_allocated_gib": 7.100478649139404, "gpu_time_budget": null, "module": "model.layers.25.mlp.down_proj", "step": 6272}
{"stage": "sequential-round-coordinate", "pid": 4116221, "time": 1789709359.7145832, "cuda_visible_devices": "5", "allocated_gib": 5.225533962249756, "reserved_gib": 8.041015625, "peak_allocated_gib": 7.100478649139404, "gpu_time_budget": null, "module": "model.layers.25.mlp.down_proj", "step": 6400}
{"stage": "sequential-round-coordinate", "pid": 4116221, "time": 1789709360.1807704, "cuda_visible_devices": "5", "allocated_gib": 5.225533962249756, "reserved_gib": 8.041015625, "peak_allocated_gib": 7.100478649139404, "gpu_time_budget": null, "module": "model.layers.25.mlp.down_proj", "step": 6528}
{"stage": "sequential-round-coordinate", "pid": 4116221, "time": 1789709360.6506946, "cuda_visible_devices": "5", "allocated_gib": 5.225533962249756, "reserved_gib": 8.041015625, "peak_allocated_gib": 7.100478649139404, "gpu_time_budget": null, "module": "model.layers.25.mlp.down_proj", "step": 6656}
{"stage": "sequential-round-coordinate", "pid": 4116221, "time": 1789709361.1196496, "cuda_visible_devices": "5", "allocated_gib": 5.225533962249756, "reserved_gib": 8.041015625, "peak_allocated_gib": 7.100478649139404, "gpu_time_budget": null, "module": "model.layers.25.mlp.down_proj", "step": 6784}
{"stage": "sequential-round-coordinate", "pid": 4116221, "time": 1789709361.5840292, "cuda_visible_devices": "5", "allocated_gib": 5.225533962249756, "reserved_gib": 8.041015625, "peak_allocated_gib": 7.100478649139404, "gpu_time_budget": null, "module": "model.layers.25.mlp.down_proj", "step": 6912}
{"stage": "sequential-round-coordinate", "pid": 4116221, "time": 1789709362.0526402, "cuda_visible_devices": "5", "allocated_gib": 5.225533962249756, "reserved_gib": 8.041015625, "peak_allocated_gib": 7.100478649139404, "gpu_time_budget": null, "module": "model.layers.25.mlp.down_proj", "step": 7040}
{"stage": "sequential-round-coordinate", "pid": 4116221, "time": 1789709362.523942, "cuda_visible_devices": "5", "allocated_gib": 5.225533962249756, "reserved_gib": 8.041015625, "peak_allocated_gib": 7.100478649139404, "gpu_time_budget": null, "module": "model.layers.25.mlp.down_proj", "step": 7168}
{"stage": "sequential-round-coordinate", "pid": 4116221, "time": 1789709362.9866757, "cuda_visible_devices": "5", "allocated_gib": 5.225533962249756, "reserved_gib": 8.041015625, "peak_allocated_gib": 7.100478649139404, "gpu_time_budget": null, "module": "model.layers.25.mlp.down_proj", "step": 7296}
{"stage": "sequential-round-coordinate", "pid": 4116221, "time": 1789709363.4592972, "cuda_visible_devices": "5", "allocated_gib": 5.225533962249756, "reserved_gib": 8.041015625, "peak_allocated_gib": 7.100478649139404, "gpu_time_budget": null, "module": "model.layers.25.mlp.down_proj", "step": 7424}
{"stage": "sequential-round-coordinate", "pid": 4116221, "time": 1789709363.9337168, "cuda_visible_devices": "5", "allocated_gib": 5.225533962249756, "reserved_gib": 8.041015625, "peak_allocated_gib": 7.100478649139404, "gpu_time_budget": null, "module": "model.layers.25.mlp.down_proj", "step": 7552}
{"stage": "sequential-round-coordinate", "pid": 4116221, "time": 1789709364.4075227, "cuda_visible_devices": "5", "allocated_gib": 5.225533962249756, "reserved_gib": 8.041015625, "peak_allocated_gib": 7.100478649139404, "gpu_time_budget": null, "module": "model.layers.25.mlp.down_proj", "step": 7680}
{"stage": "sequential-round-coordinate", "pid": 4116221, "time": 1789709364.8831704, "cuda_visible_devices": "5", "allocated_gib": 5.225533962249756, "reserved_gib": 8.041015625, "peak_allocated_gib": 7.100478649139404, "gpu_time_budget": null, "module": "model.layers.25.mlp.down_proj", "step": 7808}
{"stage": "sequential-round-coordinate", "pid": 4116221, "time": 1789709365.3585956, "cuda_visible_devices": "5", "allocated_gib": 5.225533962249756, "reserved_gib": 8.041015625, "peak_allocated_gib": 7.100478649139404, "gpu_time_budget": null, "module": "model.layers.25.mlp.down_proj", "step": 7936}
{"stage": "sequential-round-coordinate", "pid": 4116221, "time": 1789709365.8342514, "cuda_visible_devices": "5", "allocated_gib": 5.225533962249756, "reserved_gib": 8.041015625, "peak_allocated_gib": 7.100478649139404, "gpu_time_budget": null, "module": "model.layers.25.mlp.down_proj", "step": 8064}
{"stage": "sequential-round-coordinate", "pid": 4116221, "time": 1789709366.3540506, "cuda_visible_devices": "5", "allocated_gib": 5.225533962249756, "reserved_gib": 8.041015625, "peak_allocated_gib": 7.100478649139404, "gpu_time_budget": null, "module": "model.layers.25.mlp.down_proj", "step": 8192}
{"stage": "sequential-round-train-nll", "pid": 4116221, "time": 1789709366.425719, "cuda_visible_devices": "5", "allocated_gib": 3.795783519744873, "reserved_gib": 3.80078125, "peak_allocated_gib": 7.100478649139404, "gpu_time_budget": null, "module": "model.layers.25.mlp.down_proj", "step": 512}
Evaluation segment 1/1: start=0, windows=8, seqlen=2048
{"stage": "sequential-round-train-nll", "pid": 4116221, "time": 1789709368.4717023, "cuda_visible_devices": "5", "allocated_gib": 3.795783519744873, "reserved_gib": 5.791015625, "peak_allocated_gib": 7.100478649139404, "gpu_time_budget": null, "module": "model.layers.25.mlp.down_proj", "step": 2048}
Evaluation segment 1/1: start=0, windows=8, seqlen=2048
{"stage": "sequential-round-train-nll", "pid": 4116221, "time": 1789709370.4723134, "cuda_visible_devices": "5", "allocated_gib": 3.795783519744873, "reserved_gib": 5.791015625, "peak_allocated_gib": 7.100478649139404, "gpu_time_budget": null, "module": "model.layers.25.mlp.down_proj", "step": 8192}
Evaluation segment 1/1: start=0, windows=8, seqlen=2048
{"stage": "sequential-module-completed", "pid": 4116221, "time": 1789709372.632452, "cuda_visible_devices": "5", "allocated_gib": 3.795783519744873, "reserved_gib": 5.791015625, "peak_allocated_gib": 7.100478649139404, "gpu_time_budget": null, "module": "model.layers.25.mlp.down_proj", "completed": 26, "total": 28, "selected_train_nll": 2.98133797989696, "elapsed_seconds": 2000.0588396830717}
{"stage": "sequential-round-fit", "pid": 4116221, "time": 1789709375.8708527, "cuda_visible_devices": "5", "allocated_gib": 3.795783519744873, "reserved_gib": 5.791015625, "peak_allocated_gib": 7.100478649139404, "gpu_time_budget": null, "module": "model.layers.26.mlp.down_proj", "fit_rows": 49152, "heldout_rows": 16384}
{"stage": "sequential-round-coordinate", "pid": 4116221, "time": 1789709376.5601196, "cuda_visible_devices": "5", "allocated_gib": 5.225533962249756, "reserved_gib": 8.041015625, "peak_allocated_gib": 7.100478649139404, "gpu_time_budget": null, "module": "model.layers.26.mlp.down_proj", "step": 128}
{"stage": "sequential-round-coordinate", "pid": 4116221, "time": 1789709377.0394685, "cuda_visible_devices": "5", "allocated_gib": 5.225533962249756, "reserved_gib": 8.041015625, "peak_allocated_gib": 7.100478649139404, "gpu_time_budget": null, "module": "model.layers.26.mlp.down_proj", "step": 256}
{"stage": "sequential-round-coordinate", "pid": 4116221, "time": 1789709377.5205605, "cuda_visible_devices": "5", "allocated_gib": 5.225533962249756, "reserved_gib": 8.041015625, "peak_allocated_gib": 7.100478649139404, "gpu_time_budget": null, "module": "model.layers.26.mlp.down_proj", "step": 384}
{"stage": "sequential-round-coordinate", "pid": 4116221, "time": 1789709378.046081, "cuda_visible_devices": "5", "allocated_gib": 5.225533962249756, "reserved_gib": 8.041015625, "peak_allocated_gib": 7.100478649139404, "gpu_time_budget": null, "module": "model.layers.26.mlp.down_proj", "step": 512}
{"stage": "sequential-round-coordinate", "pid": 4116221, "time": 1789709378.5200636, "cuda_visible_devices": "5", "allocated_gib": 5.225533962249756, "reserved_gib": 8.041015625, "peak_allocated_gib": 7.100478649139404, "gpu_time_budget": null, "module": "model.layers.26.mlp.down_proj", "step": 640}
{"stage": "sequential-round-coordinate", "pid": 4116221, "time": 1789709378.9958122, "cuda_visible_devices": "5", "allocated_gib": 5.225533962249756, "reserved_gib": 8.041015625, "peak_allocated_gib": 7.100478649139404, "gpu_time_budget": null, "module": "model.layers.26.mlp.down_proj", "step": 768}
{"stage": "sequential-round-coordinate", "pid": 4116221, "time": 1789709379.4787517, "cuda_visible_devices": "5", "allocated_gib": 5.225533962249756, "reserved_gib": 8.041015625, "peak_allocated_gib": 7.100478649139404, "gpu_time_budget": null, "module": "model.layers.26.mlp.down_proj", "step": 896}
{"stage": "sequential-round-coordinate", "pid": 4116221, "time": 1789709379.952072, "cuda_visible_devices": "5", "allocated_gib": 5.225533962249756, "reserved_gib": 8.041015625, "peak_allocated_gib": 7.100478649139404, "gpu_time_budget": null, "module": "model.layers.26.mlp.down_proj", "step": 1024}
{"stage": "sequential-round-coordinate", "pid": 4116221, "time": 1789709380.4354532, "cuda_visible_devices": "5", "allocated_gib": 5.225533962249756, "reserved_gib": 8.041015625, "peak_allocated_gib": 7.100478649139404, "gpu_time_budget": null, "module": "model.layers.26.mlp.down_proj", "step": 1152}
{"stage": "sequential-round-coordinate", "pid": 4116221, "time": 1789709380.920595, "cuda_visible_devices": "5", "allocated_gib": 5.225533962249756, "reserved_gib": 8.041015625, "peak_allocated_gib": 7.100478649139404, "gpu_time_budget": null, "module": "model.layers.26.mlp.down_proj", "step": 1280}
{"stage": "sequential-round-coordinate", "pid": 4116221, "time": 1789709381.405251, "cuda_visible_devices": "5", "allocated_gib": 5.225533962249756, "reserved_gib": 8.041015625, "peak_allocated_gib": 7.100478649139404, "gpu_time_budget": null, "module": "model.layers.26.mlp.down_proj", "step": 1408}
{"stage": "sequential-round-coordinate", "pid": 4116221, "time": 1789709382.1273208, "cuda_visible_devices": "5", "allocated_gib": 5.225533962249756, "reserved_gib": 8.041015625, "peak_allocated_gib": 7.100478649139404, "gpu_time_budget": null, "module": "model.layers.26.mlp.down_proj", "step": 1536}
{"stage": "sequential-round-coordinate", "pid": 4116221, "time": 1789709382.854714, "cuda_visible_devices": "5", "allocated_gib": 5.225533962249756, "reserved_gib": 8.041015625, "peak_allocated_gib": 7.100478649139404, "gpu_time_budget": null, "module": "model.layers.26.mlp.down_proj", "step": 1664}
{"stage": "sequential-round-coordinate", "pid": 4116221, "time": 1789709383.5812051, "cuda_visible_devices": "5", "allocated_gib": 5.225533962249756, "reserved_gib": 8.041015625, "peak_allocated_gib": 7.100478649139404, "gpu_time_budget": null, "module": "model.layers.26.mlp.down_proj", "step": 1792}
{"stage": "sequential-round-coordinate", "pid": 4116221, "time": 1789709384.3011715, "cuda_visible_devices": "5", "allocated_gib": 5.225533962249756, "reserved_gib": 8.041015625, "peak_allocated_gib": 7.100478649139404, "gpu_time_budget": null, "module": "model.layers.26.mlp.down_proj", "step": 1920}
{"stage": "sequential-round-coordinate", "pid": 4116221, "time": 1789709385.1028259, "cuda_visible_devices": "5", "allocated_gib": 5.225533962249756, "reserved_gib": 8.041015625, "peak_allocated_gib": 7.100478649139404, "gpu_time_budget": null, "module": "model.layers.26.mlp.down_proj", "step": 2048}
{"stage": "sequential-round-coordinate", "pid": 4116221, "time": 1789709385.8704207, "cuda_visible_devices": "5", "allocated_gib": 5.225533962249756, "reserved_gib": 8.041015625, "peak_allocated_gib": 7.100478649139404, "gpu_time_budget": null, "module": "model.layers.26.mlp.down_proj", "step": 2176}
{"stage": "sequential-round-coordinate", "pid": 4116221, "time": 1789709386.6467707, "cuda_visible_devices": "5", "allocated_gib": 5.225533962249756, "reserved_gib": 8.041015625, "peak_allocated_gib": 7.100478649139404, "gpu_time_budget": null, "module": "model.layers.26.mlp.down_proj", "step": 2304}
{"stage": "sequential-round-coordinate", "pid": 4116221, "time": 1789709387.3983955, "cuda_visible_devices": "5", "allocated_gib": 5.225533962249756, "reserved_gib": 8.041015625, "peak_allocated_gib": 7.100478649139404, "gpu_time_budget": null, "module": "model.layers.26.mlp.down_proj", "step": 2432}
{"stage": "sequential-round-coordinate", "pid": 4116221, "time": 1789709388.134082, "cuda_visible_devices": "5", "allocated_gib": 5.225533962249756, "reserved_gib": 8.041015625, "peak_allocated_gib": 7.100478649139404, "gpu_time_budget": null, "module": "model.layers.26.mlp.down_proj", "step": 2560}
{"stage": "sequential-round-coordinate", "pid": 4116221, "time": 1789709388.872965, "cuda_visible_devices": "5", "allocated_gib": 5.225533962249756, "reserved_gib": 8.041015625, "peak_allocated_gib": 7.100478649139404, "gpu_time_budget": null, "module": "model.layers.26.mlp.down_proj", "step": 2688}
{"stage": "sequential-round-coordinate", "pid": 4116221, "time": 1789709389.602735, "cuda_visible_devices": "5", "allocated_gib": 5.225533962249756, "reserved_gib": 8.041015625, "peak_allocated_gib": 7.100478649139404, "gpu_time_budget": null, "module": "model.layers.26.mlp.down_proj", "step": 2816}
{"stage": "sequential-round-coordinate", "pid": 4116221, "time": 1789709390.3461697, "cuda_visible_devices": "5", "allocated_gib": 5.225533962249756, "reserved_gib": 8.041015625, "peak_allocated_gib": 7.100478649139404, "gpu_time_budget": null, "module": "model.layers.26.mlp.down_proj", "step": 2944}
{"stage": "sequential-round-coordinate", "pid": 4116221, "time": 1789709391.07412, "cuda_visible_devices": "5", "allocated_gib": 5.225533962249756, "reserved_gib": 8.041015625, "peak_allocated_gib": 7.100478649139404, "gpu_time_budget": null, "module": "model.layers.26.mlp.down_proj", "step": 3072}
{"stage": "sequential-round-coordinate", "pid": 4116221, "time": 1789709391.8440921, "cuda_visible_devices": "5", "allocated_gib": 5.225533962249756, "reserved_gib": 8.041015625, "peak_allocated_gib": 7.100478649139404, "gpu_time_budget": null, "module": "model.layers.26.mlp.down_proj", "step": 3200}
{"stage": "sequential-round-coordinate", "pid": 4116221, "time": 1789709392.6152415, "cuda_visible_devices": "5", "allocated_gib": 5.225533962249756, "reserved_gib": 8.041015625, "peak_allocated_gib": 7.100478649139404, "gpu_time_budget": null, "module": "model.layers.26.mlp.down_proj", "step": 3328}
{"stage": "sequential-round-coordinate", "pid": 4116221, "time": 1789709393.3722026, "cuda_visible_devices": "5", "allocated_gib": 5.225533962249756, "reserved_gib": 8.041015625, "peak_allocated_gib": 7.100478649139404, "gpu_time_budget": null, "module": "model.layers.26.mlp.down_proj", "step": 3456}
{"stage": "sequential-round-coordinate", "pid": 4116221, "time": 1789709394.112565, "cuda_visible_devices": "5", "allocated_gib": 5.225533962249756, "reserved_gib": 8.041015625, "peak_allocated_gib": 7.100478649139404, "gpu_time_budget": null, "module": "model.layers.26.mlp.down_proj", "step": 3584}
{"stage": "sequential-round-coordinate", "pid": 4116221, "time": 1789709394.841037, "cuda_visible_devices": "5", "allocated_gib": 5.225533962249756, "reserved_gib": 8.041015625, "peak_allocated_gib": 7.100478649139404, "gpu_time_budget": null, "module": "model.layers.26.mlp.down_proj", "step": 3712}
{"stage": "sequential-round-coordinate", "pid": 4116221, "time": 1789709395.5845647, "cuda_visible_devices": "5", "allocated_gib": 5.225533962249756, "reserved_gib": 8.041015625, "peak_allocated_gib": 7.100478649139404, "gpu_time_budget": null, "module": "model.layers.26.mlp.down_proj", "step": 3840}
{"stage": "sequential-round-coordinate", "pid": 4116221, "time": 1789709396.309798, "cuda_visible_devices": "5", "allocated_gib": 5.225533962249756, "reserved_gib": 8.041015625, "peak_allocated_gib": 7.100478649139404, "gpu_time_budget": null, "module": "model.layers.26.mlp.down_proj", "step": 3968}
{"stage": "sequential-round-coordinate", "pid": 4116221, "time": 1789709397.0539732, "cuda_visible_devices": "5", "allocated_gib": 5.225533962249756, "reserved_gib": 8.041015625, "peak_allocated_gib": 7.100478649139404, "gpu_time_budget": null, "module": "model.layers.26.mlp.down_proj", "step": 4096}
{"stage": "sequential-round-coordinate", "pid": 4116221, "time": 1789709397.8116891, "cuda_visible_devices": "5", "allocated_gib": 5.225533962249756, "reserved_gib": 8.041015625, "peak_allocated_gib": 7.100478649139404, "gpu_time_budget": null, "module": "model.layers.26.mlp.down_proj", "step": 4224}
{"stage": "sequential-round-coordinate", "pid": 4116221, "time": 1789709398.5887244, "cuda_visible_devices": "5", "allocated_gib": 5.225533962249756, "reserved_gib": 8.041015625, "peak_allocated_gib": 7.100478649139404, "gpu_time_budget": null, "module": "model.layers.26.mlp.down_proj", "step": 4352}
{"stage": "sequential-round-coordinate", "pid": 4116221, "time": 1789709399.3310225, "cuda_visible_devices": "5", "allocated_gib": 5.225533962249756, "reserved_gib": 8.041015625, "peak_allocated_gib": 7.100478649139404, "gpu_time_budget": null, "module": "model.layers.26.mlp.down_proj", "step": 4480}
{"stage": "sequential-round-coordinate", "pid": 4116221, "time": 1789709400.068273, "cuda_visible_devices": "5", "allocated_gib": 5.225533962249756, "reserved_gib": 8.041015625, "peak_allocated_gib": 7.100478649139404, "gpu_time_budget": null, "module": "model.layers.26.mlp.down_proj", "step": 4608}
{"stage": "sequential-round-coordinate", "pid": 4116221, "time": 1789709400.7912931, "cuda_visible_devices": "5", "allocated_gib": 5.225533962249756, "reserved_gib": 8.041015625, "peak_allocated_gib": 7.100478649139404, "gpu_time_budget": null, "module": "model.layers.26.mlp.down_proj", "step": 4736}
{"stage": "sequential-round-coordinate", "pid": 4116221, "time": 1789709401.5313914, "cuda_visible_devices": "5", "allocated_gib": 5.225533962249756, "reserved_gib": 8.041015625, "peak_allocated_gib": 7.100478649139404, "gpu_time_budget": null, "module": "model.layers.26.mlp.down_proj", "step": 4864}
{"stage": "sequential-round-coordinate", "pid": 4116221, "time": 1789709402.2591803, "cuda_visible_devices": "5", "allocated_gib": 5.225533962249756, "reserved_gib": 8.041015625, "peak_allocated_gib": 7.100478649139404, "gpu_time_budget": null, "module": "model.layers.26.mlp.down_proj", "step": 4992}
{"stage": "sequential-round-coordinate", "pid": 4116221, "time": 1789709402.9923317, "cuda_visible_devices": "5", "allocated_gib": 5.225533962249756, "reserved_gib": 8.041015625, "peak_allocated_gib": 7.100478649139404, "gpu_time_budget": null, "module": "model.layers.26.mlp.down_proj", "step": 5120}
{"stage": "sequential-round-coordinate", "pid": 4116221, "time": 1789709403.7520812, "cuda_visible_devices": "5", "allocated_gib": 5.225533962249756, "reserved_gib": 8.041015625, "peak_allocated_gib": 7.100478649139404, "gpu_time_budget": null, "module": "model.layers.26.mlp.down_proj", "step": 5248}
{"stage": "sequential-round-coordinate", "pid": 4116221, "time": 1789709404.5278175, "cuda_visible_devices": "5", "allocated_gib": 5.225533962249756, "reserved_gib": 8.041015625, "peak_allocated_gib": 7.100478649139404, "gpu_time_budget": null, "module": "model.layers.26.mlp.down_proj", "step": 5376}
{"stage": "sequential-round-coordinate", "pid": 4116221, "time": 1789709405.2880282, "cuda_visible_devices": "5", "allocated_gib": 5.225533962249756, "reserved_gib": 8.041015625, "peak_allocated_gib": 7.100478649139404, "gpu_time_budget": null, "module": "model.layers.26.mlp.down_proj", "step": 5504}
{"stage": "sequential-round-coordinate", "pid": 4116221, "time": 1789709406.0230129, "cuda_visible_devices": "5", "allocated_gib": 5.225533962249756, "reserved_gib": 8.041015625, "peak_allocated_gib": 7.100478649139404, "gpu_time_budget": null, "module": "model.layers.26.mlp.down_proj", "step": 5632}
{"stage": "sequential-round-coordinate", "pid": 4116221, "time": 1789709406.7644386, "cuda_visible_devices": "5", "allocated_gib": 5.225533962249756, "reserved_gib": 8.041015625, "peak_allocated_gib": 7.100478649139404, "gpu_time_budget": null, "module": "model.layers.26.mlp.down_proj", "step": 5760}
{"stage": "sequential-round-coordinate", "pid": 4116221, "time": 1789709407.4991846, "cuda_visible_devices": "5", "allocated_gib": 5.225533962249756, "reserved_gib": 8.041015625, "peak_allocated_gib": 7.100478649139404, "gpu_time_budget": null, "module": "model.layers.26.mlp.down_proj", "step": 5888}
{"stage": "sequential-round-coordinate", "pid": 4116221, "time": 1789709408.2221205, "cuda_visible_devices": "5", "allocated_gib": 5.225533962249756, "reserved_gib": 8.041015625, "peak_allocated_gib": 7.100478649139404, "gpu_time_budget": null, "module": "model.layers.26.mlp.down_proj", "step": 6016}
{"stage": "sequential-round-coordinate", "pid": 4116221, "time": 1789709408.9175851, "cuda_visible_devices": "5", "allocated_gib": 5.225533962249756, "reserved_gib": 8.041015625, "peak_allocated_gib": 7.100478649139404, "gpu_time_budget": null, "module": "model.layers.26.mlp.down_proj", "step": 6144}
{"stage": "sequential-round-coordinate", "pid": 4116221, "time": 1789709409.6568372, "cuda_visible_devices": "5", "allocated_gib": 5.225533962249756, "reserved_gib": 8.041015625, "peak_allocated_gib": 7.100478649139404, "gpu_time_budget": null, "module": "model.layers.26.mlp.down_proj", "step": 6272}
{"stage": "sequential-round-coordinate", "pid": 4116221, "time": 1789709410.4306476, "cuda_visible_devices": "5", "allocated_gib": 5.225533962249756, "reserved_gib": 8.041015625, "peak_allocated_gib": 7.100478649139404, "gpu_time_budget": null, "module": "model.layers.26.mlp.down_proj", "step": 6400}
{"stage": "sequential-round-coordinate", "pid": 4116221, "time": 1789709411.1937878, "cuda_visible_devices": "5", "allocated_gib": 5.225533962249756, "reserved_gib": 8.041015625, "peak_allocated_gib": 7.100478649139404, "gpu_time_budget": null, "module": "model.layers.26.mlp.down_proj", "step": 6528}
{"stage": "sequential-round-coordinate", "pid": 4116221, "time": 1789709411.9246001, "cuda_visible_devices": "5", "allocated_gib": 5.225533962249756, "reserved_gib": 8.041015625, "peak_allocated_gib": 7.100478649139404, "gpu_time_budget": null, "module": "model.layers.26.mlp.down_proj", "step": 6656}
{"stage": "sequential-round-coordinate", "pid": 4116221, "time": 1789709412.668112, "cuda_visible_devices": "5", "allocated_gib": 5.225533962249756, "reserved_gib": 8.041015625, "peak_allocated_gib": 7.100478649139404, "gpu_time_budget": null, "module": "model.layers.26.mlp.down_proj", "step": 6784}
{"stage": "sequential-round-coordinate", "pid": 4116221, "time": 1789709413.3864415, "cuda_visible_devices": "5", "allocated_gib": 5.225533962249756, "reserved_gib": 8.041015625, "peak_allocated_gib": 7.100478649139404, "gpu_time_budget": null, "module": "model.layers.26.mlp.down_proj", "step": 6912}
{"stage": "sequential-round-coordinate", "pid": 4116221, "time": 1789709414.1303532, "cuda_visible_devices": "5", "allocated_gib": 5.225533962249756, "reserved_gib": 8.041015625, "peak_allocated_gib": 7.100478649139404, "gpu_time_budget": null, "module": "model.layers.26.mlp.down_proj", "step": 7040}
{"stage": "sequential-round-coordinate", "pid": 4116221, "time": 1789709414.862053, "cuda_visible_devices": "5", "allocated_gib": 5.225533962249756, "reserved_gib": 8.041015625, "peak_allocated_gib": 7.100478649139404, "gpu_time_budget": null, "module": "model.layers.26.mlp.down_proj", "step": 7168}
{"stage": "sequential-round-coordinate", "pid": 4116221, "time": 1789709415.629955, "cuda_visible_devices": "5", "allocated_gib": 5.225533962249756, "reserved_gib": 8.041015625, "peak_allocated_gib": 7.100478649139404, "gpu_time_budget": null, "module": "model.layers.26.mlp.down_proj", "step": 7296}
{"stage": "sequential-round-coordinate", "pid": 4116221, "time": 1789709416.403766, "cuda_visible_devices": "5", "allocated_gib": 5.225533962249756, "reserved_gib": 8.041015625, "peak_allocated_gib": 7.100478649139404, "gpu_time_budget": null, "module": "model.layers.26.mlp.down_proj", "step": 7424}
{"stage": "sequential-round-coordinate", "pid": 4116221, "time": 1789709417.1631515, "cuda_visible_devices": "5", "allocated_gib": 5.225533962249756, "reserved_gib": 8.041015625, "peak_allocated_gib": 7.100478649139404, "gpu_time_budget": null, "module": "model.layers.26.mlp.down_proj", "step": 7552}
{"stage": "sequential-round-coordinate", "pid": 4116221, "time": 1789709417.9020007, "cuda_visible_devices": "5", "allocated_gib": 5.225533962249756, "reserved_gib": 8.041015625, "peak_allocated_gib": 7.100478649139404, "gpu_time_budget": null, "module": "model.layers.26.mlp.down_proj", "step": 7680}
{"stage": "sequential-round-coordinate", "pid": 4116221, "time": 1789709418.6408494, "cuda_visible_devices": "5", "allocated_gib": 5.225533962249756, "reserved_gib": 8.041015625, "peak_allocated_gib": 7.100478649139404, "gpu_time_budget": null, "module": "model.layers.26.mlp.down_proj", "step": 7808}
{"stage": "sequential-round-coordinate", "pid": 4116221, "time": 1789709419.3848894, "cuda_visible_devices": "5", "allocated_gib": 5.225533962249756, "reserved_gib": 8.041015625, "peak_allocated_gib": 7.100478649139404, "gpu_time_budget": null, "module": "model.layers.26.mlp.down_proj", "step": 7936}
{"stage": "sequential-round-coordinate", "pid": 4116221, "time": 1789709420.1170554, "cuda_visible_devices": "5", "allocated_gib": 5.225533962249756, "reserved_gib": 8.041015625, "peak_allocated_gib": 7.100478649139404, "gpu_time_budget": null, "module": "model.layers.26.mlp.down_proj", "step": 8064}
{"stage": "sequential-round-coordinate", "pid": 4116221, "time": 1789709420.9477534, "cuda_visible_devices": "5", "allocated_gib": 5.225533962249756, "reserved_gib": 8.041015625, "peak_allocated_gib": 7.100478649139404, "gpu_time_budget": null, "module": "model.layers.26.mlp.down_proj", "step": 8192}
{"stage": "sequential-round-train-nll", "pid": 4116221, "time": 1789709420.9912517, "cuda_visible_devices": "5", "allocated_gib": 3.795783519744873, "reserved_gib": 3.80078125, "peak_allocated_gib": 7.100478649139404, "gpu_time_budget": null, "module": "model.layers.26.mlp.down_proj", "step": 512}
Evaluation segment 1/1: start=0, windows=8, seqlen=2048
{"stage": "sequential-round-train-nll", "pid": 4116221, "time": 1789709425.1983144, "cuda_visible_devices": "5", "allocated_gib": 3.795783519744873, "reserved_gib": 5.791015625, "peak_allocated_gib": 7.100478649139404, "gpu_time_budget": null, "module": "model.layers.26.mlp.down_proj", "step": 2048}
Evaluation segment 1/1: start=0, windows=8, seqlen=2048
{"stage": "sequential-round-train-nll", "pid": 4116221, "time": 1789709429.357217, "cuda_visible_devices": "5", "allocated_gib": 3.795783519744873, "reserved_gib": 5.791015625, "peak_allocated_gib": 7.100478649139404, "gpu_time_budget": null, "module": "model.layers.26.mlp.down_proj", "step": 8192}
Evaluation segment 1/1: start=0, windows=8, seqlen=2048
{"stage": "sequential-module-completed", "pid": 4116221, "time": 1789709433.8172503, "cuda_visible_devices": "5", "allocated_gib": 3.795783519744873, "reserved_gib": 5.791015625, "peak_allocated_gib": 7.100478649139404, "gpu_time_budget": null, "module": "model.layers.26.mlp.down_proj", "completed": 27, "total": 28, "selected_train_nll": 2.9802183416111188, "elapsed_seconds": 2061.243636468076}
{"stage": "sequential-round-fit", "pid": 4116221, "time": 1789709443.915628, "cuda_visible_devices": "5", "allocated_gib": 3.795783519744873, "reserved_gib": 5.791015625, "peak_allocated_gib": 7.100478649139404, "gpu_time_budget": null, "module": "model.layers.27.mlp.down_proj", "fit_rows": 49152, "heldout_rows": 16384}
{"stage": "sequential-round-coordinate", "pid": 4116221, "time": 1789709444.8928127, "cuda_visible_devices": "5", "allocated_gib": 5.225533962249756, "reserved_gib": 8.041015625, "peak_allocated_gib": 7.100478649139404, "gpu_time_budget": null, "module": "model.layers.27.mlp.down_proj", "step": 128}
{"stage": "sequential-round-coordinate", "pid": 4116221, "time": 1789709445.6457376, "cuda_visible_devices": "5", "allocated_gib": 5.225533962249756, "reserved_gib": 8.041015625, "peak_allocated_gib": 7.100478649139404, "gpu_time_budget": null, "module": "model.layers.27.mlp.down_proj", "step": 256}
{"stage": "sequential-round-coordinate", "pid": 4116221, "time": 1789709446.4198842, "cuda_visible_devices": "5", "allocated_gib": 5.225533962249756, "reserved_gib": 8.041015625, "peak_allocated_gib": 7.100478649139404, "gpu_time_budget": null, "module": "model.layers.27.mlp.down_proj", "step": 384}
{"stage": "sequential-round-coordinate", "pid": 4116221, "time": 1789709447.2439954, "cuda_visible_devices": "5", "allocated_gib": 5.225533962249756, "reserved_gib": 8.041015625, "peak_allocated_gib": 7.100478649139404, "gpu_time_budget": null, "module": "model.layers.27.mlp.down_proj", "step": 512}
{"stage": "sequential-round-coordinate", "pid": 4116221, "time": 1789709447.9840522, "cuda_visible_devices": "5", "allocated_gib": 5.225533962249756, "reserved_gib": 8.041015625, "peak_allocated_gib": 7.100478649139404, "gpu_time_budget": null, "module": "model.layers.27.mlp.down_proj", "step": 640}
{"stage": "sequential-round-coordinate", "pid": 4116221, "time": 1789709448.7108884, "cuda_visible_devices": "5", "allocated_gib": 5.225533962249756, "reserved_gib": 8.041015625, "peak_allocated_gib": 7.100478649139404, "gpu_time_budget": null, "module": "model.layers.27.mlp.down_proj", "step": 768}
{"stage": "sequential-round-coordinate", "pid": 4116221, "time": 1789709449.454801, "cuda_visible_devices": "5", "allocated_gib": 5.225533962249756, "reserved_gib": 8.041015625, "peak_allocated_gib": 7.100478649139404, "gpu_time_budget": null, "module": "model.layers.27.mlp.down_proj", "step": 896}
{"stage": "sequential-round-coordinate", "pid": 4116221, "time": 1789709450.1827972, "cuda_visible_devices": "5", "allocated_gib": 5.225533962249756, "reserved_gib": 8.041015625, "peak_allocated_gib": 7.100478649139404, "gpu_time_budget": null, "module": "model.layers.27.mlp.down_proj", "step": 1024}
{"stage": "sequential-round-coordinate", "pid": 4116221, "time": 1789709450.918487, "cuda_visible_devices": "5", "allocated_gib": 5.225533962249756, "reserved_gib": 8.041015625, "peak_allocated_gib": 7.100478649139404, "gpu_time_budget": null, "module": "model.layers.27.mlp.down_proj", "step": 1152}
{"stage": "sequential-round-coordinate", "pid": 4116221, "time": 1789709451.5954366, "cuda_visible_devices": "5", "allocated_gib": 5.225533962249756, "reserved_gib": 8.041015625, "peak_allocated_gib": 7.100478649139404, "gpu_time_budget": null, "module": "model.layers.27.mlp.down_proj", "step": 1280}
{"stage": "sequential-round-coordinate", "pid": 4116221, "time": 1789709452.151563, "cuda_visible_devices": "5", "allocated_gib": 5.225533962249756, "reserved_gib": 8.041015625, "peak_allocated_gib": 7.100478649139404, "gpu_time_budget": null, "module": "model.layers.27.mlp.down_proj", "step": 1408}
{"stage": "sequential-round-coordinate", "pid": 4116221, "time": 1789709452.6263237, "cuda_visible_devices": "5", "allocated_gib": 5.225533962249756, "reserved_gib": 8.041015625, "peak_allocated_gib": 7.100478649139404, "gpu_time_budget": null, "module": "model.layers.27.mlp.down_proj", "step": 1536}
{"stage": "sequential-round-coordinate", "pid": 4116221, "time": 1789709453.119964, "cuda_visible_devices": "5", "allocated_gib": 5.225533962249756, "reserved_gib": 8.041015625, "peak_allocated_gib": 7.100478649139404, "gpu_time_budget": null, "module": "model.layers.27.mlp.down_proj", "step": 1664}
{"stage": "sequential-round-coordinate", "pid": 4116221, "time": 1789709453.599514, "cuda_visible_devices": "5", "allocated_gib": 5.225533962249756, "reserved_gib": 8.041015625, "peak_allocated_gib": 7.100478649139404, "gpu_time_budget": null, "module": "model.layers.27.mlp.down_proj", "step": 1792}
{"stage": "sequential-round-coordinate", "pid": 4116221, "time": 1789709454.0857434, "cuda_visible_devices": "5", "allocated_gib": 5.225533962249756, "reserved_gib": 8.041015625, "peak_allocated_gib": 7.100478649139404, "gpu_time_budget": null, "module": "model.layers.27.mlp.down_proj", "step": 1920}
{"stage": "sequential-round-coordinate", "pid": 4116221, "time": 1789709454.609136, "cuda_visible_devices": "5", "allocated_gib": 5.225533962249756, "reserved_gib": 8.041015625, "peak_allocated_gib": 7.100478649139404, "gpu_time_budget": null, "module": "model.layers.27.mlp.down_proj", "step": 2048}
{"stage": "sequential-round-coordinate", "pid": 4116221, "time": 1789709455.0974646, "cuda_visible_devices": "5", "allocated_gib": 5.225533962249756, "reserved_gib": 8.041015625, "peak_allocated_gib": 7.100478649139404, "gpu_time_budget": null, "module": "model.layers.27.mlp.down_proj", "step": 2176}
{"stage": "sequential-round-coordinate", "pid": 4116221, "time": 1789709455.566466, "cuda_visible_devices": "5", "allocated_gib": 5.225533962249756, "reserved_gib": 8.041015625, "peak_allocated_gib": 7.100478649139404, "gpu_time_budget": null, "module": "model.layers.27.mlp.down_proj", "step": 2304}
{"stage": "sequential-round-coordinate", "pid": 4116221, "time": 1789709456.0539904, "cuda_visible_devices": "5", "allocated_gib": 5.225533962249756, "reserved_gib": 8.041015625, "peak_allocated_gib": 7.100478649139404, "gpu_time_budget": null, "module": "model.layers.27.mlp.down_proj", "step": 2432}
{"stage": "sequential-round-coordinate", "pid": 4116221, "time": 1789709456.5282726, "cuda_visible_devices": "5", "allocated_gib": 5.225533962249756, "reserved_gib": 8.041015625, "peak_allocated_gib": 7.100478649139404, "gpu_time_budget": null, "module": "model.layers.27.mlp.down_proj", "step": 2560}
{"stage": "sequential-round-coordinate", "pid": 4116221, "time": 1789709456.9720707, "cuda_visible_devices": "5", "allocated_gib": 5.225533962249756, "reserved_gib": 8.041015625, "peak_allocated_gib": 7.100478649139404, "gpu_time_budget": null, "module": "model.layers.27.mlp.down_proj", "step": 2688}
{"stage": "sequential-round-coordinate", "pid": 4116221, "time": 1789709457.4012887, "cuda_visible_devices": "5", "allocated_gib": 5.225533962249756, "reserved_gib": 8.041015625, "peak_allocated_gib": 7.100478649139404, "gpu_time_budget": null, "module": "model.layers.27.mlp.down_proj", "step": 2816}
{"stage": "sequential-round-coordinate", "pid": 4116221, "time": 1789709457.8313785, "cuda_visible_devices": "5", "allocated_gib": 5.225533962249756, "reserved_gib": 8.041015625, "peak_allocated_gib": 7.100478649139404, "gpu_time_budget": null, "module": "model.layers.27.mlp.down_proj", "step": 2944}
{"stage": "sequential-round-coordinate", "pid": 4116221, "time": 1789709458.3167183, "cuda_visible_devices": "5", "allocated_gib": 5.225533962249756, "reserved_gib": 8.041015625, "peak_allocated_gib": 7.100478649139404, "gpu_time_budget": null, "module": "model.layers.27.mlp.down_proj", "step": 3072}
{"stage": "sequential-round-coordinate", "pid": 4116221, "time": 1789709458.7864661, "cuda_visible_devices": "5", "allocated_gib": 5.225533962249756, "reserved_gib": 8.041015625, "peak_allocated_gib": 7.100478649139404, "gpu_time_budget": null, "module": "model.layers.27.mlp.down_proj", "step": 3200}
{"stage": "sequential-round-coordinate", "pid": 4116221, "time": 1789709459.2777069, "cuda_visible_devices": "5", "allocated_gib": 5.225533962249756, "reserved_gib": 8.041015625, "peak_allocated_gib": 7.100478649139404, "gpu_time_budget": null, "module": "model.layers.27.mlp.down_proj", "step": 3328}
{"stage": "sequential-round-coordinate", "pid": 4116221, "time": 1789709459.7501028, "cuda_visible_devices": "5", "allocated_gib": 5.225533962249756, "reserved_gib": 8.041015625, "peak_allocated_gib": 7.100478649139404, "gpu_time_budget": null, "module": "model.layers.27.mlp.down_proj", "step": 3456}
{"stage": "sequential-round-coordinate", "pid": 4116221, "time": 1789709460.2408357, "cuda_visible_devices": "5", "allocated_gib": 5.225533962249756, "reserved_gib": 8.041015625, "peak_allocated_gib": 7.100478649139404, "gpu_time_budget": null, "module": "model.layers.27.mlp.down_proj", "step": 3584}
{"stage": "sequential-round-coordinate", "pid": 4116221, "time": 1789709460.711308, "cuda_visible_devices": "5", "allocated_gib": 5.225533962249756, "reserved_gib": 8.041015625, "peak_allocated_gib": 7.100478649139404, "gpu_time_budget": null, "module": "model.layers.27.mlp.down_proj", "step": 3712}
{"stage": "sequential-round-coordinate", "pid": 4116221, "time": 1789709461.2018063, "cuda_visible_devices": "5", "allocated_gib": 5.225533962249756, "reserved_gib": 8.041015625, "peak_allocated_gib": 7.100478649139404, "gpu_time_budget": null, "module": "model.layers.27.mlp.down_proj", "step": 3840}
{"stage": "sequential-round-coordinate", "pid": 4116221, "time": 1789709461.6798286, "cuda_visible_devices": "5", "allocated_gib": 5.225533962249756, "reserved_gib": 8.041015625, "peak_allocated_gib": 7.100478649139404, "gpu_time_budget": null, "module": "model.layers.27.mlp.down_proj", "step": 3968}
{"stage": "sequential-round-coordinate", "pid": 4116221, "time": 1789709462.1640377, "cuda_visible_devices": "5", "allocated_gib": 5.225533962249756, "reserved_gib": 8.041015625, "peak_allocated_gib": 7.100478649139404, "gpu_time_budget": null, "module": "model.layers.27.mlp.down_proj", "step": 4096}
{"stage": "sequential-round-coordinate", "pid": 4116221, "time": 1789709462.6487563, "cuda_visible_devices": "5", "allocated_gib": 5.225533962249756, "reserved_gib": 8.041015625, "peak_allocated_gib": 7.100478649139404, "gpu_time_budget": null, "module": "model.layers.27.mlp.down_proj", "step": 4224}
{"stage": "sequential-round-coordinate", "pid": 4116221, "time": 1789709463.1335042, "cuda_visible_devices": "5", "allocated_gib": 5.225533962249756, "reserved_gib": 8.041015625, "peak_allocated_gib": 7.100478649139404, "gpu_time_budget": null, "module": "model.layers.27.mlp.down_proj", "step": 4352}
{"stage": "sequential-round-coordinate", "pid": 4116221, "time": 1789709463.6223795, "cuda_visible_devices": "5", "allocated_gib": 5.225533962249756, "reserved_gib": 8.041015625, "peak_allocated_gib": 7.100478649139404, "gpu_time_budget": null, "module": "model.layers.27.mlp.down_proj", "step": 4480}
{"stage": "sequential-round-coordinate", "pid": 4116221, "time": 1789709464.105455, "cuda_visible_devices": "5", "allocated_gib": 5.225533962249756, "reserved_gib": 8.041015625, "peak_allocated_gib": 7.100478649139404, "gpu_time_budget": null, "module": "model.layers.27.mlp.down_proj", "step": 4608}
{"stage": "sequential-round-coordinate", "pid": 4116221, "time": 1789709464.5974207, "cuda_visible_devices": "5", "allocated_gib": 5.225533962249756, "reserved_gib": 8.041015625, "peak_allocated_gib": 7.100478649139404, "gpu_time_budget": null, "module": "model.layers.27.mlp.down_proj", "step": 4736}
{"stage": "sequential-round-coordinate", "pid": 4116221, "time": 1789709465.0818622, "cuda_visible_devices": "5", "allocated_gib": 5.225533962249756, "reserved_gib": 8.041015625, "peak_allocated_gib": 7.100478649139404, "gpu_time_budget": null, "module": "model.layers.27.mlp.down_proj", "step": 4864}
{"stage": "sequential-round-coordinate", "pid": 4116221, "time": 1789709465.5679328, "cuda_visible_devices": "5", "allocated_gib": 5.225533962249756, "reserved_gib": 8.041015625, "peak_allocated_gib": 7.100478649139404, "gpu_time_budget": null, "module": "model.layers.27.mlp.down_proj", "step": 4992}
{"stage": "sequential-round-coordinate", "pid": 4116221, "time": 1789709466.056795, "cuda_visible_devices": "5", "allocated_gib": 5.225533962249756, "reserved_gib": 8.041015625, "peak_allocated_gib": 7.100478649139404, "gpu_time_budget": null, "module": "model.layers.27.mlp.down_proj", "step": 5120}
{"stage": "sequential-round-coordinate", "pid": 4116221, "time": 1789709466.536406, "cuda_visible_devices": "5", "allocated_gib": 5.225533962249756, "reserved_gib": 8.041015625, "peak_allocated_gib": 7.100478649139404, "gpu_time_budget": null, "module": "model.layers.27.mlp.down_proj", "step": 5248}
{"stage": "sequential-round-coordinate", "pid": 4116221, "time": 1789709467.0310683, "cuda_visible_devices": "5", "allocated_gib": 5.225533962249756, "reserved_gib": 8.041015625, "peak_allocated_gib": 7.100478649139404, "gpu_time_budget": null, "module": "model.layers.27.mlp.down_proj", "step": 5376}
{"stage": "sequential-round-coordinate", "pid": 4116221, "time": 1789709467.4963458, "cuda_visible_devices": "5", "allocated_gib": 5.225533962249756, "reserved_gib": 8.041015625, "peak_allocated_gib": 7.100478649139404, "gpu_time_budget": null, "module": "model.layers.27.mlp.down_proj", "step": 5504}
{"stage": "sequential-round-coordinate", "pid": 4116221, "time": 1789709467.9557383, "cuda_visible_devices": "5", "allocated_gib": 5.225533962249756, "reserved_gib": 8.041015625, "peak_allocated_gib": 7.100478649139404, "gpu_time_budget": null, "module": "model.layers.27.mlp.down_proj", "step": 5632}
{"stage": "sequential-round-coordinate", "pid": 4116221, "time": 1789709468.4222949, "cuda_visible_devices": "5", "allocated_gib": 5.225533962249756, "reserved_gib": 8.041015625, "peak_allocated_gib": 7.100478649139404, "gpu_time_budget": null, "module": "model.layers.27.mlp.down_proj", "step": 5760}
{"stage": "sequential-round-coordinate", "pid": 4116221, "time": 1789709468.8868144, "cuda_visible_devices": "5", "allocated_gib": 5.225533962249756, "reserved_gib": 8.041015625, "peak_allocated_gib": 7.100478649139404, "gpu_time_budget": null, "module": "model.layers.27.mlp.down_proj", "step": 5888}
{"stage": "sequential-round-coordinate", "pid": 4116221, "time": 1789709469.356919, "cuda_visible_devices": "5", "allocated_gib": 5.225533962249756, "reserved_gib": 8.041015625, "peak_allocated_gib": 7.100478649139404, "gpu_time_budget": null, "module": "model.layers.27.mlp.down_proj", "step": 6016}
{"stage": "sequential-round-coordinate", "pid": 4116221, "time": 1789709469.826795, "cuda_visible_devices": "5", "allocated_gib": 5.225533962249756, "reserved_gib": 8.041015625, "peak_allocated_gib": 7.100478649139404, "gpu_time_budget": null, "module": "model.layers.27.mlp.down_proj", "step": 6144}
{"stage": "sequential-round-coordinate", "pid": 4116221, "time": 1789709470.2912834, "cuda_visible_devices": "5", "allocated_gib": 5.225533962249756, "reserved_gib": 8.041015625, "peak_allocated_gib": 7.100478649139404, "gpu_time_budget": null, "module": "model.layers.27.mlp.down_proj", "step": 6272}
{"stage": "sequential-round-coordinate", "pid": 4116221, "time": 1789709470.7663498, "cuda_visible_devices": "5", "allocated_gib": 5.225533962249756, "reserved_gib": 8.041015625, "peak_allocated_gib": 7.100478649139404, "gpu_time_budget": null, "module": "model.layers.27.mlp.down_proj", "step": 6400}
{"stage": "sequential-round-coordinate", "pid": 4116221, "time": 1789709471.239051, "cuda_visible_devices": "5", "allocated_gib": 5.225533962249756, "reserved_gib": 8.041015625, "peak_allocated_gib": 7.100478649139404, "gpu_time_budget": null, "module": "model.layers.27.mlp.down_proj", "step": 6528}
{"stage": "sequential-round-coordinate", "pid": 4116221, "time": 1789709471.7016668, "cuda_visible_devices": "5", "allocated_gib": 5.225533962249756, "reserved_gib": 8.041015625, "peak_allocated_gib": 7.100478649139404, "gpu_time_budget": null, "module": "model.layers.27.mlp.down_proj", "step": 6656}
{"stage": "sequential-round-coordinate", "pid": 4116221, "time": 1789709472.1772814, "cuda_visible_devices": "5", "allocated_gib": 5.225533962249756, "reserved_gib": 8.041015625, "peak_allocated_gib": 7.100478649139404, "gpu_time_budget": null, "module": "model.layers.27.mlp.down_proj", "step": 6784}
{"stage": "sequential-round-coordinate", "pid": 4116221, "time": 1789709472.6492245, "cuda_visible_devices": "5", "allocated_gib": 5.225533962249756, "reserved_gib": 8.041015625, "peak_allocated_gib": 7.100478649139404, "gpu_time_budget": null, "module": "model.layers.27.mlp.down_proj", "step": 6912}
{"stage": "sequential-round-coordinate", "pid": 4116221, "time": 1789709473.113839, "cuda_visible_devices": "5", "allocated_gib": 5.225533962249756, "reserved_gib": 8.041015625, "peak_allocated_gib": 7.100478649139404, "gpu_time_budget": null, "module": "model.layers.27.mlp.down_proj", "step": 7040}
{"stage": "sequential-round-coordinate", "pid": 4116221, "time": 1789709473.5866334, "cuda_visible_devices": "5", "allocated_gib": 5.225533962249756, "reserved_gib": 8.041015625, "peak_allocated_gib": 7.100478649139404, "gpu_time_budget": null, "module": "model.layers.27.mlp.down_proj", "step": 7168}
{"stage": "sequential-round-coordinate", "pid": 4116221, "time": 1789709474.0505664, "cuda_visible_devices": "5", "allocated_gib": 5.225533962249756, "reserved_gib": 8.041015625, "peak_allocated_gib": 7.100478649139404, "gpu_time_budget": null, "module": "model.layers.27.mlp.down_proj", "step": 7296}
{"stage": "sequential-round-coordinate", "pid": 4116221, "time": 1789709474.518435, "cuda_visible_devices": "5", "allocated_gib": 5.225533962249756, "reserved_gib": 8.041015625, "peak_allocated_gib": 7.100478649139404, "gpu_time_budget": null, "module": "model.layers.27.mlp.down_proj", "step": 7424}
{"stage": "sequential-round-coordinate", "pid": 4116221, "time": 1789709474.9878004, "cuda_visible_devices": "5", "allocated_gib": 5.225533962249756, "reserved_gib": 8.041015625, "peak_allocated_gib": 7.100478649139404, "gpu_time_budget": null, "module": "model.layers.27.mlp.down_proj", "step": 7552}
{"stage": "sequential-round-coordinate", "pid": 4116221, "time": 1789709475.4527922, "cuda_visible_devices": "5", "allocated_gib": 5.225533962249756, "reserved_gib": 8.041015625, "peak_allocated_gib": 7.100478649139404, "gpu_time_budget": null, "module": "model.layers.27.mlp.down_proj", "step": 7680}
{"stage": "sequential-round-coordinate", "pid": 4116221, "time": 1789709475.9226513, "cuda_visible_devices": "5", "allocated_gib": 5.225533962249756, "reserved_gib": 8.041015625, "peak_allocated_gib": 7.100478649139404, "gpu_time_budget": null, "module": "model.layers.27.mlp.down_proj", "step": 7808}
{"stage": "sequential-round-coordinate", "pid": 4116221, "time": 1789709476.3907318, "cuda_visible_devices": "5", "allocated_gib": 5.225533962249756, "reserved_gib": 8.041015625, "peak_allocated_gib": 7.100478649139404, "gpu_time_budget": null, "module": "model.layers.27.mlp.down_proj", "step": 7936}
{"stage": "sequential-round-coordinate", "pid": 4116221, "time": 1789709476.869169, "cuda_visible_devices": "5", "allocated_gib": 5.225533962249756, "reserved_gib": 8.041015625, "peak_allocated_gib": 7.100478649139404, "gpu_time_budget": null, "module": "model.layers.27.mlp.down_proj", "step": 8064}
{"stage": "sequential-round-coordinate", "pid": 4116221, "time": 1789709477.3829434, "cuda_visible_devices": "5", "allocated_gib": 5.225533962249756, "reserved_gib": 8.041015625, "peak_allocated_gib": 7.100478649139404, "gpu_time_budget": null, "module": "model.layers.27.mlp.down_proj", "step": 8192}
{"stage": "sequential-round-train-nll", "pid": 4116221, "time": 1789709477.4237962, "cuda_visible_devices": "5", "allocated_gib": 3.795783519744873, "reserved_gib": 3.80078125, "peak_allocated_gib": 7.100478649139404, "gpu_time_budget": null, "module": "model.layers.27.mlp.down_proj", "step": 512}
Evaluation segment 1/1: start=0, windows=8, seqlen=2048
{"stage": "sequential-round-train-nll", "pid": 4116221, "time": 1789709479.3728805, "cuda_visible_devices": "5", "allocated_gib": 3.795783519744873, "reserved_gib": 5.791015625, "peak_allocated_gib": 7.100478649139404, "gpu_time_budget": null, "module": "model.layers.27.mlp.down_proj", "step": 2048}
Evaluation segment 1/1: start=0, windows=8, seqlen=2048
{"stage": "sequential-round-train-nll", "pid": 4116221, "time": 1789709481.2993708, "cuda_visible_devices": "5", "allocated_gib": 3.795783519744873, "reserved_gib": 5.791015625, "peak_allocated_gib": 7.100478649139404, "gpu_time_budget": null, "module": "model.layers.27.mlp.down_proj", "step": 8192}
Evaluation segment 1/1: start=0, windows=8, seqlen=2048
{"stage": "sequential-module-completed", "pid": 4116221, "time": 1789709483.3673985, "cuda_visible_devices": "5", "allocated_gib": 3.795783519744873, "reserved_gib": 5.791015625, "peak_allocated_gib": 7.100478649139404, "gpu_time_budget": null, "module": "model.layers.27.mlp.down_proj", "completed": 28, "total": 28, "selected_train_nll": 2.9802183416111188, "elapsed_seconds": 2110.793782680994}
Loading checkpoint shards:   0%|          | 0/2 [00:00<?, ?it/s]Loading checkpoint shards:  50%|█████     | 1/2 [00:00<00:00,  1.86it/s]Loading checkpoint shards: 100%|██████████| 2/2 [00:00<00:00,  3.71it/s]
{"stage": "sequential-full-validation", "pid": 4116221, "time": 1789709505.6538134, "cuda_visible_devices": "5", "allocated_gib": 3.795783519744873, "reserved_gib": 3.83984375, "peak_allocated_gib": 7.100478649139404, "gpu_time_budget": null}
Evaluation segment 1/2: start=0, windows=128, seqlen=2048
Evaluation segment 2/2: start=262144, windows=1, seqlen=193
{"stage": "completed", "pid": 4116221, "time": 1789709536.9635074, "cuda_visible_devices": "5", "allocated_gib": 3.795783519744873, "reserved_gib": 5.79296875, "peak_allocated_gib": 7.100478649139404, "gpu_time_budget": null, "elapsed_seconds": 2164.3898926220136, "result": {"parent": "/home/dongpeiyan/projects/rotation-quant/runs/phase5/qwen3-1p7b/uniform-initial-s44/static_w4a8.pt", "parent_metadata": {"parent": "/home/dongpeiyan/projects/rotation-quant/runs/phase5/qwen3-1p7b/joint100-s44/checkpoint-0100/static_w4a8.pt", "method": "matched Joint100 down INT8 initialization; no postprocessing or QAT yet"}, "mode": "round", "initial_train_nll": 2.987788166725654, "selected_train_nll": 2.9802183416111188, "completed_targets": ["model.layers.0.mlp.down_proj", "model.layers.1.mlp.down_proj", "model.layers.2.mlp.down_proj", "model.layers.3.mlp.down_proj", "model.layers.4.mlp.down_proj", "model.layers.5.mlp.down_proj", "model.layers.6.mlp.down_proj", "model.layers.7.mlp.down_proj", "model.layers.8.mlp.down_proj", "model.layers.9.mlp.down_proj", "model.layers.10.mlp.down_proj", "model.layers.11.mlp.down_proj", "model.layers.12.mlp.down_proj", "model.layers.13.mlp.down_proj", "model.layers.14.mlp.down_proj", "model.layers.15.mlp.down_proj", "model.layers.16.mlp.down_proj", "model.layers.17.mlp.down_proj", "model.layers.18.mlp.down_proj", "model.layers.19.mlp.down_proj", "model.layers.20.mlp.down_proj", "model.layers.21.mlp.down_proj", "model.layers.22.mlp.down_proj", "model.layers.23.mlp.down_proj", "model.layers.24.mlp.down_proj", "model.layers.25.mlp.down_proj", "model.layers.26.mlp.down_proj", "model.layers.27.mlp.down_proj"], "new_module_results": [{"module": "model.layers.0.mlp.down_proj", "selected_step": 0, "previous_train_nll": 2.987788166725654, "selected_train_nll": 2.987788166725654, "trials": [{"step": 0, "fit_mse": 0.0009933693800121546, "heldout_mse": 0.001019912539049983, "changed_codes": 0, "train_nll": 2.987788166725654}, {"step": 512, "fit_mse": 0.0006819991394877434, "heldout_mse": 0.0007592726615257561, "changed_codes": 385551, "train_nll": 2.993014808954601}, {"step": 2048, "fit_mse": 0.0005510558257810771, "heldout_mse": 0.0007034103618934751, "changed_codes": 1166948, "train_nll": 2.9912259423459107}, {"step": 8192, "fit_mse": 0.0004498460330069065, "heldout_mse": 0.0006500717718154192, "changed_codes": 1657329, "train_nll": 2.9928841740198604}]}, {"module": "model.layers.1.mlp.down_proj", "selected_step": 0, "previous_train_nll": 2.987788166725654, "selected_train_nll": 2.987788166725654, "trials": [{"step": 0, "fit_mse": 0.0017082624835893512, "heldout_mse": 0.001701828557997942, "changed_codes": 0, "train_nll": 2.987788166725654}, {"step": 512, "fit_mse": 0.0012136648874729872, "heldout_mse": 0.0013312633382156491, "changed_codes": 421998, "train_nll": 2.988540182072764}, {"step": 2048, "fit_mse": 0.0010527793783694506, "heldout_mse": 0.0013173551997169852, "changed_codes": 1463392, "train_nll": 2.992605920195196}, {"step": 8192, "fit_mse": 0.0009197200415655971, "heldout_mse": 0.0013049084227532148, "changed_codes": 2089318, "train_nll": 2.9918446070382814}]}, {"module": "model.layers.2.mlp.down_proj", "selected_step": 0, "previous_train_nll": 2.987788166725654, "selected_train_nll": 2.987788166725654, "trials": [{"step": 0, "fit_mse": 2.335099458694458, "heldout_mse": 2.319453001022339, "changed_codes": 0, "train_nll": 2.987788166725654}, {"step": 13, "fit_mse": 2.119868755340576, "heldout_mse": 2.319453001022339, "changed_codes": 2018, "train_nll": null}]}, {"module": "model.layers.3.mlp.down_proj", "selected_step": 0, "previous_train_nll": 2.987788166725654, "selected_train_nll": 2.987788166725654, "trials": [{"step": 0, "fit_mse": 0.0045020258985459805, "heldout_mse": 0.004746472463011742, "changed_codes": 0, "train_nll": 2.987788166725654}, {"step": 512, "fit_mse": 0.0031013768166303635, "heldout_mse": 0.003608404193073511, "changed_codes": 450289, "train_nll": 2.9878459380196905}, {"step": 2048, "fit_mse": 0.002658914541825652, "heldout_mse": 0.0034611178562045097, "changed_codes": 1216916, "train_nll": 2.991282461662264}, {"step": 8192, "fit_mse": 0.002305438043549657, "heldout_mse": 0.003337537171319127, "changed_codes": 1651703, "train_nll": 2.988779332404474}]}, {"module": "model.layers.4.mlp.down_proj", "selected_step": 2048, "previous_train_nll": 2.987788166725654, "selected_train_nll": 2.9867210567632916, "trials": [{"step": 0, "fit_mse": 0.005344299133867025, "heldout_mse": 0.0055429767817258835, "changed_codes": 0, "train_nll": 2.987788166725654}, {"step": 512, "fit_mse": 0.0037346798926591873, "heldout_mse": 0.004180284217000008, "changed_codes": 448666, "train_nll": 2.986892717583103}, {"step": 2048, "fit_mse": 0.0032185919117182493, "heldout_mse": 0.0039055566303431988, "changed_codes": 1175197, "train_nll": 2.9867210567632916}, {"step": 8192, "fit_mse": 0.0028131240978837013, "heldout_mse": 0.003699910594150424, "changed_codes": 1521479, "train_nll": 2.9874677205711087}]}, {"module": "model.layers.5.mlp.down_proj", "selected_step": 8192, "previous_train_nll": 2.9867210567632916, "selected_train_nll": 2.985687967986571, "trials": [{"step": 0, "fit_mse": 0.0061394646763801575, "heldout_mse": 0.006379122845828533, "changed_codes": 0, "train_nll": 2.9867210567632916}, {"step": 512, "fit_mse": 0.0046036383137106895, "heldout_mse": 0.005115769803524017, "changed_codes": 398953, "train_nll": 2.987341648350023}, {"step": 2048, "fit_mse": 0.004014578647911549, "heldout_mse": 0.004821319133043289, "changed_codes": 862362, "train_nll": 2.9893178355085035}, {"step": 8192, "fit_mse": 0.0034895767457783222, "heldout_mse": 0.004574185237288475, "changed_codes": 1253055, "train_nll": 2.985687967986571}]}, {"module": "model.layers.6.mlp.down_proj", "selected_step": 0, "previous_train_nll": 2.985687967986571, "selected_train_nll": 2.985687967986571, "trials": [{"step": 0, "fit_mse": 0.007501555141061544, "heldout_mse": 0.007686172612011433, "changed_codes": 0, "train_nll": 2.985687967986571}, {"step": 512, "fit_mse": 0.00559378182515502, "heldout_mse": 0.0061711277812719345, "changed_codes": 430151, "train_nll": 2.9876880924100564}, {"step": 2048, "fit_mse": 0.004850315861403942, "heldout_mse": 0.005751145072281361, "changed_codes": 943934, "train_nll": 2.987143997432926}, {"step": 8192, "fit_mse": 0.004239238798618317, "heldout_mse": 0.005441850051283836, "changed_codes": 1317469, "train_nll": 2.9863996908505}]}, {"module": "model.layers.7.mlp.down_proj", "selected_step": 2048, "previous_train_nll": 2.985687967986571, "selected_train_nll": 2.9849233922984477, "trials": [{"step": 0, "fit_mse": 0.008786503225564957, "heldout_mse": 0.0089520663022995, "changed_codes": 0, "train_nll": 2.985687967986571}, {"step": 512, "fit_mse": 0.006487919017672539, "heldout_mse": 0.007138459011912346, "changed_codes": 440658, "train_nll": 2.985803557495603}, {"step": 2048, "fit_mse": 0.005619291216135025, "heldout_mse": 0.006601537112146616, "changed_codes": 1016276, "train_nll": 2.9849233922984477}, {"step": 8192, "fit_mse": 0.004934713244438171, "heldout_mse": 0.006227709818631411, "changed_codes": 1368595, "train_nll": 2.985312884345893}]}, {"module": "model.layers.8.mlp.down_proj", "selected_step": 0, "previous_train_nll": 2.9849233922984477, "selected_train_nll": 2.9849233922984477, "trials": [{"step": 0, "fit_mse": 0.010394818149507046, "heldout_mse": 0.010507612489163876, "changed_codes": 0, "train_nll": 2.9849233922984477}, {"step": 512, "fit_mse": 0.007362981792539358, "heldout_mse": 0.008085234090685844, "changed_codes": 462389, "train_nll": 2.987695206572951}, {"step": 2048, "fit_mse": 0.006349714007228613, "heldout_mse": 0.007467450574040413, "changed_codes": 1003065, "train_nll": 2.9862366103656837}, {"step": 8192, "fit_mse": 0.005553755909204483, "heldout_mse": 0.0070527177304029465, "changed_codes": 1377280, "train_nll": 2.9883894591717284}]}, {"module": "model.layers.9.mlp.down_proj", "selected_step": 0, "previous_train_nll": 2.9849233922984477, "selected_train_nll": 2.9849233922984477, "trials": [{"step": 0, "fit_mse": 0.017350386828184128, "heldout_mse": 0.017940282821655273, "changed_codes": 0, "train_nll": 2.9849233922984477}, {"step": 512, "fit_mse": 0.011318914592266083, "heldout_mse": 0.012660950422286987, "changed_codes": 481095, "train_nll": 2.9866673585954833}, {"step": 2048, "fit_mse": 0.009627877734601498, "heldout_mse": 0.011603603139519691, "changed_codes": 1148744, "train_nll": 2.9869856561565453}, {"step": 8192, "fit_mse": 0.008369751274585724, "heldout_mse": 0.010906439274549484, "changed_codes": 1577898, "train_nll": 2.987130723124734}]}, {"module": "model.layers.10.mlp.down_proj", "selected_step": 512, "previous_train_nll": 2.9849233922984477, "selected_train_nll": 2.983175027254225, "trials": [{"step": 0, "fit_mse": 0.02706788294017315, "heldout_mse": 0.02797723561525345, "changed_codes": 0, "train_nll": 2.9849233922984477}, {"step": 512, "fit_mse": 0.018369782716035843, "heldout_mse": 0.02048126608133316, "changed_codes": 523184, "train_nll": 2.983175027254225}, {"step": 2048, "fit_mse": 0.015415765345096588, "heldout_mse": 0.018636617809534073, "changed_codes": 1331866, "train_nll": 2.984290107812063}, {"step": 8192, "fit_mse": 0.013263176195323467, "heldout_mse": 0.017541073262691498, "changed_codes": 1837964, "train_nll": 2.9852652782621347}]}, {"module": "model.layers.11.mlp.down_proj", "selected_step": 0, "previous_train_nll": 2.983175027254225, "selected_train_nll": 2.983175027254225, "trials": [{"step": 0, "fit_mse": 0.030877213925123215, "heldout_mse": 0.03187131509184837, "changed_codes": 0, "train_nll": 2.983175027254225}, {"step": 512, "fit_mse": 0.02120586857199669, "heldout_mse": 0.023643195629119873, "changed_codes": 516543, "train_nll": 2.986423467188511}, {"step": 2048, "fit_mse": 0.01782848685979843, "heldout_mse": 0.021554499864578247, "changed_codes": 1286662, "train_nll": 2.986586132231324}, {"step": 8192, "fit_mse": 0.015320485457777977, "heldout_mse": 0.02029433101415634, "changed_codes": 1798219, "train_nll": 2.9859518777925924}]}, {"module": "model.layers.12.mlp.down_proj", "selected_step": 0, "previous_train_nll": 2.983175027254225, "selected_train_nll": 2.983175027254225, "trials": [{"step": 0, "fit_mse": 0.03753107786178589, "heldout_mse": 0.038299448788166046, "changed_codes": 0, "train_nll": 2.983175027254225}, {"step": 512, "fit_mse": 0.025285467505455017, "heldout_mse": 0.0279600378125906, "changed_codes": 556489, "train_nll": 2.98360448965559}, {"step": 2048, "fit_mse": 0.02093513123691082, "heldout_mse": 0.025135476142168045, "changed_codes": 1402149, "train_nll": 2.9853416010900022}, {"step": 8192, "fit_mse": 0.017788946628570557, "heldout_mse": 0.023546943441033363, "changed_codes": 1949081, "train_nll": 2.9848081830757205}]}, {"module": "model.layers.13.mlp.down_proj", "selected_step": 0, "previous_train_nll": 2.983175027254225, "selected_train_nll": 2.983175027254225, "trials": [{"step": 0, "fit_mse": 0.04527394101023674, "heldout_mse": 0.04622715711593628, "changed_codes": 0, "train_nll": 2.983175027254225}, {"step": 512, "fit_mse": 0.03188616782426834, "heldout_mse": 0.03485839441418648, "changed_codes": 526519, "train_nll": 2.9865646696611075}, {"step": 2048, "fit_mse": 0.02676597237586975, "heldout_mse": 0.031759344041347504, "changed_codes": 1382166, "train_nll": 2.9846961426330534}, {"step": 8192, "fit_mse": 0.022887205705046654, "heldout_mse": 0.029954396188259125, "changed_codes": 1936682, "train_nll": 2.984665189488831}]}, {"module": "model.layers.14.mlp.down_proj", "selected_step": 0, "previous_train_nll": 2.983175027254225, "selected_train_nll": 2.983175027254225, "trials": [{"step": 0, "fit_mse": 0.06038825958967209, "heldout_mse": 0.061811838299036026, "changed_codes": 0, "train_nll": 2.983175027254225}, {"step": 512, "fit_mse": 0.043255891650915146, "heldout_mse": 0.046888239681720734, "changed_codes": 522739, "train_nll": 2.983573502702302}, {"step": 2048, "fit_mse": 0.03656866028904915, "heldout_mse": 0.04297148808836937, "changed_codes": 1380366, "train_nll": 2.9854218686885354}, {"step": 8192, "fit_mse": 0.0312887504696846, "heldout_mse": 0.04060235992074013, "changed_codes": 1955238, "train_nll": 2.9838343037219657}]}, {"module": "model.layers.15.mlp.down_proj", "selected_step": 0, "previous_train_nll": 2.983175027254225, "selected_train_nll": 2.983175027254225, "trials": [{"step": 0, "fit_mse": 0.09509079158306122, "heldout_mse": 0.09721779078245163, "changed_codes": 0, "train_nll": 2.983175027254225}, {"step": 512, "fit_mse": 0.06328393518924713, "heldout_mse": 0.06958524882793427, "changed_codes": 491610, "train_nll": 2.9854740921657172}, {"step": 2048, "fit_mse": 0.05307026952505112, "heldout_mse": 0.06318198144435883, "changed_codes": 1484917, "train_nll": 2.9868539425191205}, {"step": 8192, "fit_mse": 0.04533861204981804, "heldout_mse": 0.059379469603300095, "changed_codes": 2079031, "train_nll": 2.9876947258878634}]}, {"module": "model.layers.16.mlp.down_proj", "selected_step": 512, "previous_train_nll": 2.983175027254225, "selected_train_nll": 2.982721806233124, "trials": [{"step": 0, "fit_mse": 0.2655254006385803, "heldout_mse": 0.2708888053894043, "changed_codes": 0, "train_nll": 2.983175027254225}, {"step": 512, "fit_mse": 0.17106501758098602, "heldout_mse": 0.1870439350605011, "changed_codes": 386874, "train_nll": 2.982721806233124}, {"step": 2048, "fit_mse": 0.14212161302566528, "heldout_mse": 0.16824862360954285, "changed_codes": 1644816, "train_nll": 2.9846735787534073}, {"step": 8192, "fit_mse": 0.12015539407730103, "heldout_mse": 0.1579444706439972, "changed_codes": 2525526, "train_nll": 2.9860792808461913}]}, {"module": "model.layers.17.mlp.down_proj", "selected_step": 0, "previous_train_nll": 2.982721806233124, "selected_train_nll": 2.982721806233124, "trials": [{"step": 0, "fit_mse": 0.34855151176452637, "heldout_mse": 0.3604844808578491, "changed_codes": 0, "train_nll": 2.982721806233124}, {"step": 512, "fit_mse": 0.22920063138008118, "heldout_mse": 0.2554651200771332, "changed_codes": 369867, "train_nll": 2.9842930017551272}, {"step": 2048, "fit_mse": 0.19322101771831512, "heldout_mse": 0.23440000414848328, "changed_codes": 1574520, "train_nll": 2.984475110392306}, {"step": 8192, "fit_mse": 0.1646774560213089, "heldout_mse": 0.22253821790218353, "changed_codes": 2428130, "train_nll": 2.9865152943763533}]}, {"module": "model.layers.18.mlp.down_proj", "selected_step": 0, "previous_train_nll": 2.982721806233124, "selected_train_nll": 2.982721806233124, "trials": [{"step": 0, "fit_mse": 0.5600371360778809, "heldout_mse": 0.5768114924430847, "changed_codes": 0, "train_nll": 2.982721806233124}, {"step": 512, "fit_mse": 0.3882814347743988, "heldout_mse": 0.43141475319862366, "changed_codes": 356284, "train_nll": 2.9853463228917994}, {"step": 2048, "fit_mse": 0.330431193113327, "heldout_mse": 0.39976996183395386, "changed_codes": 1541561, "train_nll": 2.9837555493687202}, {"step": 8192, "fit_mse": 0.2824767231941223, "heldout_mse": 0.381818950176239, "changed_codes": 2607460, "train_nll": 2.9851737217306833}]}, {"module": "model.layers.19.mlp.down_proj", "selected_step": 512, "previous_train_nll": 2.982721806233124, "selected_train_nll": 2.98133797989696, "trials": [{"step": 0, "fit_mse": 1.3459603786468506, "heldout_mse": 1.4000197649002075, "changed_codes": 0, "train_nll": 2.982721806233124}, {"step": 512, "fit_mse": 0.861090362071991, "heldout_mse": 0.9585694670677185, "changed_codes": 360700, "train_nll": 2.98133797989696}, {"step": 2048, "fit_mse": 0.7309498190879822, "heldout_mse": 0.8905150890350342, "changed_codes": 1347084, "train_nll": 2.9849515418229395}, {"step": 8192, "fit_mse": 0.626121461391449, "heldout_mse": 0.8597853183746338, "changed_codes": 2779482, "train_nll": 2.983171936928345}]}, {"module": "model.layers.20.mlp.down_proj", "selected_step": 0, "previous_train_nll": 2.98133797989696, "selected_train_nll": 2.98133797989696, "trials": [{"step": 0, "fit_mse": 2.0707767009735107, "heldout_mse": 2.1488418579101562, "changed_codes": 0, "train_nll": 2.98133797989696}, {"step": 512, "fit_mse": 1.3383171558380127, "heldout_mse": 1.5292375087738037, "changed_codes": 353189, "train_nll": 2.984374318131292}, {"step": 2048, "fit_mse": 1.1377965211868286, "heldout_mse": 1.4465017318725586, "changed_codes": 1265155, "train_nll": 2.9846439749425557}, {"step": 8192, "fit_mse": 0.9785937070846558, "heldout_mse": 1.4254226684570312, "changed_codes": 3108278, "train_nll": 2.984988655567074}]}, {"module": "model.layers.21.mlp.down_proj", "selected_step": 0, "previous_train_nll": 2.98133797989696, "selected_train_nll": 2.98133797989696, "trials": [{"step": 0, "fit_mse": 2.8112893104553223, "heldout_mse": 2.900909423828125, "changed_codes": 0, "train_nll": 2.98133797989696}, {"step": 512, "fit_mse": 1.917877197265625, "heldout_mse": 2.2195467948913574, "changed_codes": 350194, "train_nll": 2.9845228505492956}, {"step": 2048, "fit_mse": 1.6399803161621094, "heldout_mse": 2.1433708667755127, "changed_codes": 1279743, "train_nll": 2.9846348139766214}, {"step": 8192, "fit_mse": 1.4114363193511963, "heldout_mse": 2.164398670196533, "changed_codes": 3380449, "train_nll": 2.9847492718089432}]}, {"module": "model.layers.22.mlp.down_proj", "selected_step": 0, "previous_train_nll": 2.98133797989696, "selected_train_nll": 2.98133797989696, "trials": [{"step": 0, "fit_mse": 3.856363296508789, "heldout_mse": 3.708587646484375, "changed_codes": 0, "train_nll": 2.98133797989696}, {"step": 512, "fit_mse": 2.345012903213501, "heldout_mse": 2.764127254486084, "changed_codes": 354469, "train_nll": 2.983303750157592}, {"step": 2048, "fit_mse": 1.9933217763900757, "heldout_mse": 2.722409725189209, "changed_codes": 1358025, "train_nll": 2.984172799603132}, {"step": 8192, "fit_mse": 1.6984061002731323, "heldout_mse": 2.7935540676116943, "changed_codes": 3574604, "train_nll": 2.9860268000727994}]}, {"module": "model.layers.23.mlp.down_proj", "selected_step": 0, "previous_train_nll": 2.98133797989696, "selected_train_nll": 2.98133797989696, "trials": [{"step": 0, "fit_mse": 4.025901794433594, "heldout_mse": 4.112983703613281, "changed_codes": 0, "train_nll": 2.98133797989696}, {"step": 512, "fit_mse": 2.6646742820739746, "heldout_mse": 3.1784324645996094, "changed_codes": 339439, "train_nll": 2.9836254366782056}, {"step": 2048, "fit_mse": 2.2777724266052246, "heldout_mse": 3.1309797763824463, "changed_codes": 1281600, "train_nll": 2.983531026813637}, {"step": 8192, "fit_mse": 1.9445184469223022, "heldout_mse": 3.369292974472046, "changed_codes": 3242257, "train_nll": 2.984603376760645}]}, {"module": "model.layers.24.mlp.down_proj", "selected_step": 0, "previous_train_nll": 2.98133797989696, "selected_train_nll": 2.98133797989696, "trials": [{"step": 0, "fit_mse": 5.990675926208496, "heldout_mse": 5.9906721115112305, "changed_codes": 0, "train_nll": 2.98133797989696}, {"step": 512, "fit_mse": 3.2953414916992188, "heldout_mse": 3.8850045204162598, "changed_codes": 357735, "train_nll": 2.985233475364541}, {"step": 2048, "fit_mse": 2.7924392223358154, "heldout_mse": 3.851506233215332, "changed_codes": 1361980, "train_nll": 2.986510963094716}, {"step": 8192, "fit_mse": 2.3676230907440186, "heldout_mse": 4.024251937866211, "changed_codes": 2912054, "train_nll": 2.9853141371069665}]}, {"module": "model.layers.25.mlp.down_proj", "selected_step": 0, "previous_train_nll": 2.98133797989696, "selected_train_nll": 2.98133797989696, "trials": [{"step": 0, "fit_mse": 7.400105953216553, "heldout_mse": 7.357658386230469, "changed_codes": 0, "train_nll": 2.98133797989696}, {"step": 512, "fit_mse": 4.246884822845459, "heldout_mse": 4.9618120193481445, "changed_codes": 381833, "train_nll": 2.9822487575103835}, {"step": 2048, "fit_mse": 3.555593490600586, "heldout_mse": 4.961371421813965, "changed_codes": 1423715, "train_nll": 2.9813668110128955}, {"step": 8192, "fit_mse": 3.003896474838257, "heldout_mse": 5.063930034637451, "changed_codes": 2744296, "train_nll": 2.9821052040952405}]}, {"module": "model.layers.26.mlp.down_proj", "selected_step": 512, "previous_train_nll": 2.98133797989696, "selected_train_nll": 2.9802183416111188, "trials": [{"step": 0, "fit_mse": 12.044458389282227, "heldout_mse": 11.954252243041992, "changed_codes": 0, "train_nll": 2.98133797989696}, {"step": 512, "fit_mse": 5.599993705749512, "heldout_mse": 6.550876617431641, "changed_codes": 391419, "train_nll": 2.9802183416111188}, {"step": 2048, "fit_mse": 4.622786045074463, "heldout_mse": 6.5533599853515625, "changed_codes": 1521409, "train_nll": 2.9814610384596403}, {"step": 8192, "fit_mse": 3.8791322708129883, "heldout_mse": 6.708456993103027, "changed_codes": 2645805, "train_nll": 2.982669825305668}]}, {"module": "model.layers.27.mlp.down_proj", "selected_step": 0, "previous_train_nll": 2.9802183416111188, "selected_train_nll": 2.9802183416111188, "trials": [{"step": 0, "fit_mse": 128.8553924560547, "heldout_mse": 126.12944793701172, "changed_codes": 0, "train_nll": 2.9802183416111188}, {"step": 512, "fit_mse": 10.99946403503418, "heldout_mse": 11.809426307678223, "changed_codes": 421196, "train_nll": 2.991580045436519}, {"step": 2048, "fit_mse": 9.19383430480957, "heldout_mse": 11.800338745117188, "changed_codes": 1606216, "train_nll": 2.9920420969072765}, {"step": 8192, "fit_mse": 7.848191261291504, "heldout_mse": 12.720221519470215, "changed_codes": 3867725, "train_nll": 2.992730660944573}]}], "validation_status": "completed", "validation": {"token_count": 262337, "predicted_tokens": 262208, "segments": [{"start_token": 0, "seqlen": 2048, "windows": 128, "predicted_tokens": 262016, "ppl": 19.607023239135742, "nll": 2.9758878305794707}, {"start_token": 262144, "seqlen": 193, "windows": 1, "predicted_tokens": 192, "ppl": 20.7004451751709, "nll": 3.030155206086975}], "unscored_tail_tokens": 0, "nll": 2.975927567490997, "ppl": 19.60780237716365, "evaluation_precision": "existing evaluator: BF16 logits CE, per-token loss to FP32; log(float32 PPL), weighted by predicted tokens", "acceptance_source": "/home/dongpeiyan/projects/rotation-quant/scripts/phase2/validation_acceptance.py", "evaluator_source": "/home/dongpeiyan/projects/rotation-quant/worktrees/SpinQuant-multimodel/experiments/phase3/architecture.py", "parent": "/home/dongpeiyan/projects/rotation-quant/runs/phase5/qwen3-1p7b/uniform-initial-s44/static_w4a8.pt", "parent_metadata": {"parent": "/home/dongpeiyan/projects/rotation-quant/runs/phase5/qwen3-1p7b/joint100-s44/checkpoint-0100/static_w4a8.pt", "method": "matched Joint100 down INT8 initialization; no postprocessing or QAT yet"}, "method": "sequential frozen-package postprocessing; no gradient training in this stage", "format": "196 W4 / 196 static INT8; BF16 KV16 prefill"}}}
