Token indices sequence length is longer than the specified maximum sequence length for this model (262337 > 2048). Running this sequence through the model will result in indexing errors
Loading checkpoint shards:   0%|          | 0/2 [00:00<?, ?it/s]Loading checkpoint shards:  50%|█████     | 1/2 [00:00<00:00,  1.46it/s]Loading checkpoint shards: 100%|██████████| 2/2 [00:00<00:00,  2.91it/s]
`loss_type=None` was set in the config but it is unrecognised.Using the default loss: `ForCausalLMLoss`.
Loading checkpoint shards:   0%|          | 0/2 [00:00<?, ?it/s]Loading checkpoint shards:  50%|█████     | 1/2 [00:00<00:00,  1.47it/s]Loading checkpoint shards: 100%|██████████| 2/2 [00:00<00:00,  2.91it/s]
Evaluation segment 1/1: start=0, windows=8, seqlen=2048
{"stage": "sequential-round-fit", "pid": 4080976, "time": 1789706827.9648185, "cuda_visible_devices": "2", "allocated_gib": 3.795783519744873, "reserved_gib": 5.794921875, "peak_allocated_gib": 5.543848991394043, "gpu_time_budget": null, "module": "model.layers.0.mlp.down_proj", "fit_rows": 49152, "heldout_rows": 16384}
{"stage": "sequential-round-coordinate", "pid": 4080976, "time": 1789706829.214539, "cuda_visible_devices": "2", "allocated_gib": 5.225533962249756, "reserved_gib": 8.044921875, "peak_allocated_gib": 7.100478649139404, "gpu_time_budget": null, "module": "model.layers.0.mlp.down_proj", "step": 128}
{"stage": "sequential-round-coordinate", "pid": 4080976, "time": 1789706830.1073449, "cuda_visible_devices": "2", "allocated_gib": 5.225533962249756, "reserved_gib": 8.044921875, "peak_allocated_gib": 7.100478649139404, "gpu_time_budget": null, "module": "model.layers.0.mlp.down_proj", "step": 256}
{"stage": "sequential-round-coordinate", "pid": 4080976, "time": 1789706830.9924886, "cuda_visible_devices": "2", "allocated_gib": 5.225533962249756, "reserved_gib": 8.044921875, "peak_allocated_gib": 7.100478649139404, "gpu_time_budget": null, "module": "model.layers.0.mlp.down_proj", "step": 384}
{"stage": "sequential-round-coordinate", "pid": 4080976, "time": 1789706831.9615822, "cuda_visible_devices": "2", "allocated_gib": 5.225533962249756, "reserved_gib": 8.044921875, "peak_allocated_gib": 7.100478649139404, "gpu_time_budget": null, "module": "model.layers.0.mlp.down_proj", "step": 512}
{"stage": "sequential-round-coordinate", "pid": 4080976, "time": 1789706832.8528929, "cuda_visible_devices": "2", "allocated_gib": 5.225533962249756, "reserved_gib": 8.044921875, "peak_allocated_gib": 7.100478649139404, "gpu_time_budget": null, "module": "model.layers.0.mlp.down_proj", "step": 640}
{"stage": "sequential-round-coordinate", "pid": 4080976, "time": 1789706833.7410517, "cuda_visible_devices": "2", "allocated_gib": 5.225533962249756, "reserved_gib": 8.044921875, "peak_allocated_gib": 7.100478649139404, "gpu_time_budget": null, "module": "model.layers.0.mlp.down_proj", "step": 768}
{"stage": "sequential-round-coordinate", "pid": 4080976, "time": 1789706834.6326249, "cuda_visible_devices": "2", "allocated_gib": 5.225533962249756, "reserved_gib": 8.044921875, "peak_allocated_gib": 7.100478649139404, "gpu_time_budget": null, "module": "model.layers.0.mlp.down_proj", "step": 896}
{"stage": "sequential-round-coordinate", "pid": 4080976, "time": 1789706835.5304317, "cuda_visible_devices": "2", "allocated_gib": 5.225533962249756, "reserved_gib": 8.044921875, "peak_allocated_gib": 7.100478649139404, "gpu_time_budget": null, "module": "model.layers.0.mlp.down_proj", "step": 1024}
{"stage": "sequential-round-coordinate", "pid": 4080976, "time": 1789706836.41802, "cuda_visible_devices": "2", "allocated_gib": 5.225533962249756, "reserved_gib": 8.044921875, "peak_allocated_gib": 7.100478649139404, "gpu_time_budget": null, "module": "model.layers.0.mlp.down_proj", "step": 1152}
{"stage": "sequential-round-coordinate", "pid": 4080976, "time": 1789706837.1824594, "cuda_visible_devices": "2", "allocated_gib": 5.225533962249756, "reserved_gib": 8.044921875, "peak_allocated_gib": 7.100478649139404, "gpu_time_budget": null, "module": "model.layers.0.mlp.down_proj", "step": 1280}
{"stage": "sequential-round-coordinate", "pid": 4080976, "time": 1789706837.8805807, "cuda_visible_devices": "2", "allocated_gib": 5.225533962249756, "reserved_gib": 8.044921875, "peak_allocated_gib": 7.100478649139404, "gpu_time_budget": null, "module": "model.layers.0.mlp.down_proj", "step": 1408}
{"stage": "sequential-round-coordinate", "pid": 4080976, "time": 1789706838.5753176, "cuda_visible_devices": "2", "allocated_gib": 5.225533962249756, "reserved_gib": 8.044921875, "peak_allocated_gib": 7.100478649139404, "gpu_time_budget": null, "module": "model.layers.0.mlp.down_proj", "step": 1536}
{"stage": "sequential-round-coordinate", "pid": 4080976, "time": 1789706839.2706442, "cuda_visible_devices": "2", "allocated_gib": 5.225533962249756, "reserved_gib": 8.044921875, "peak_allocated_gib": 7.100478649139404, "gpu_time_budget": null, "module": "model.layers.0.mlp.down_proj", "step": 1664}
{"stage": "sequential-round-coordinate", "pid": 4080976, "time": 1789706839.965927, "cuda_visible_devices": "2", "allocated_gib": 5.225533962249756, "reserved_gib": 8.044921875, "peak_allocated_gib": 7.100478649139404, "gpu_time_budget": null, "module": "model.layers.0.mlp.down_proj", "step": 1792}
{"stage": "sequential-round-coordinate", "pid": 4080976, "time": 1789706840.663048, "cuda_visible_devices": "2", "allocated_gib": 5.225533962249756, "reserved_gib": 8.044921875, "peak_allocated_gib": 7.100478649139404, "gpu_time_budget": null, "module": "model.layers.0.mlp.down_proj", "step": 1920}
{"stage": "sequential-round-coordinate", "pid": 4080976, "time": 1789706841.4854908, "cuda_visible_devices": "2", "allocated_gib": 5.225533962249756, "reserved_gib": 8.044921875, "peak_allocated_gib": 7.100478649139404, "gpu_time_budget": null, "module": "model.layers.0.mlp.down_proj", "step": 2048}
{"stage": "sequential-round-coordinate", "pid": 4080976, "time": 1789706842.1870692, "cuda_visible_devices": "2", "allocated_gib": 5.225533962249756, "reserved_gib": 8.044921875, "peak_allocated_gib": 7.100478649139404, "gpu_time_budget": null, "module": "model.layers.0.mlp.down_proj", "step": 2176}
{"stage": "sequential-round-coordinate", "pid": 4080976, "time": 1789706842.8545332, "cuda_visible_devices": "2", "allocated_gib": 5.225533962249756, "reserved_gib": 8.044921875, "peak_allocated_gib": 7.100478649139404, "gpu_time_budget": null, "module": "model.layers.0.mlp.down_proj", "step": 2304}
{"stage": "sequential-round-coordinate", "pid": 4080976, "time": 1789706843.553969, "cuda_visible_devices": "2", "allocated_gib": 5.225533962249756, "reserved_gib": 8.044921875, "peak_allocated_gib": 7.100478649139404, "gpu_time_budget": null, "module": "model.layers.0.mlp.down_proj", "step": 2432}
{"stage": "sequential-round-coordinate", "pid": 4080976, "time": 1789706844.2476935, "cuda_visible_devices": "2", "allocated_gib": 5.225533962249756, "reserved_gib": 8.044921875, "peak_allocated_gib": 7.100478649139404, "gpu_time_budget": null, "module": "model.layers.0.mlp.down_proj", "step": 2560}
{"stage": "sequential-round-coordinate", "pid": 4080976, "time": 1789706844.942385, "cuda_visible_devices": "2", "allocated_gib": 5.225533962249756, "reserved_gib": 8.044921875, "peak_allocated_gib": 7.100478649139404, "gpu_time_budget": null, "module": "model.layers.0.mlp.down_proj", "step": 2688}
{"stage": "sequential-round-coordinate", "pid": 4080976, "time": 1789706845.637854, "cuda_visible_devices": "2", "allocated_gib": 5.225533962249756, "reserved_gib": 8.044921875, "peak_allocated_gib": 7.100478649139404, "gpu_time_budget": null, "module": "model.layers.0.mlp.down_proj", "step": 2816}
{"stage": "sequential-round-coordinate", "pid": 4080976, "time": 1789706846.3323755, "cuda_visible_devices": "2", "allocated_gib": 5.225533962249756, "reserved_gib": 8.044921875, "peak_allocated_gib": 7.100478649139404, "gpu_time_budget": null, "module": "model.layers.0.mlp.down_proj", "step": 2944}
{"stage": "sequential-round-coordinate", "pid": 4080976, "time": 1789706847.0306902, "cuda_visible_devices": "2", "allocated_gib": 5.225533962249756, "reserved_gib": 8.044921875, "peak_allocated_gib": 7.100478649139404, "gpu_time_budget": null, "module": "model.layers.0.mlp.down_proj", "step": 3072}
{"stage": "sequential-round-coordinate", "pid": 4080976, "time": 1789706847.6952407, "cuda_visible_devices": "2", "allocated_gib": 5.225533962249756, "reserved_gib": 8.044921875, "peak_allocated_gib": 7.100478649139404, "gpu_time_budget": null, "module": "model.layers.0.mlp.down_proj", "step": 3200}
{"stage": "sequential-round-coordinate", "pid": 4080976, "time": 1789706848.4222882, "cuda_visible_devices": "2", "allocated_gib": 5.225533962249756, "reserved_gib": 8.044921875, "peak_allocated_gib": 7.100478649139404, "gpu_time_budget": null, "module": "model.layers.0.mlp.down_proj", "step": 3328}
{"stage": "sequential-round-coordinate", "pid": 4080976, "time": 1789706849.1665587, "cuda_visible_devices": "2", "allocated_gib": 5.225533962249756, "reserved_gib": 8.044921875, "peak_allocated_gib": 7.100478649139404, "gpu_time_budget": null, "module": "model.layers.0.mlp.down_proj", "step": 3456}
{"stage": "sequential-round-coordinate", "pid": 4080976, "time": 1789706849.871963, "cuda_visible_devices": "2", "allocated_gib": 5.225533962249756, "reserved_gib": 8.044921875, "peak_allocated_gib": 7.100478649139404, "gpu_time_budget": null, "module": "model.layers.0.mlp.down_proj", "step": 3584}
{"stage": "sequential-round-coordinate", "pid": 4080976, "time": 1789706850.5696278, "cuda_visible_devices": "2", "allocated_gib": 5.225533962249756, "reserved_gib": 8.044921875, "peak_allocated_gib": 7.100478649139404, "gpu_time_budget": null, "module": "model.layers.0.mlp.down_proj", "step": 3712}
{"stage": "sequential-round-coordinate", "pid": 4080976, "time": 1789706851.2619557, "cuda_visible_devices": "2", "allocated_gib": 5.225533962249756, "reserved_gib": 8.044921875, "peak_allocated_gib": 7.100478649139404, "gpu_time_budget": null, "module": "model.layers.0.mlp.down_proj", "step": 3840}
{"stage": "sequential-round-coordinate", "pid": 4080976, "time": 1789706851.9617789, "cuda_visible_devices": "2", "allocated_gib": 5.225533962249756, "reserved_gib": 8.044921875, "peak_allocated_gib": 7.100478649139404, "gpu_time_budget": null, "module": "model.layers.0.mlp.down_proj", "step": 3968}
{"stage": "sequential-round-coordinate", "pid": 4080976, "time": 1789706852.5948951, "cuda_visible_devices": "2", "allocated_gib": 5.225533962249756, "reserved_gib": 8.044921875, "peak_allocated_gib": 7.100478649139404, "gpu_time_budget": null, "module": "model.layers.0.mlp.down_proj", "step": 4096}
{"stage": "sequential-round-coordinate", "pid": 4080976, "time": 1789706853.1535747, "cuda_visible_devices": "2", "allocated_gib": 5.225533962249756, "reserved_gib": 8.044921875, "peak_allocated_gib": 7.100478649139404, "gpu_time_budget": null, "module": "model.layers.0.mlp.down_proj", "step": 4224}
{"stage": "sequential-round-coordinate", "pid": 4080976, "time": 1789706853.712717, "cuda_visible_devices": "2", "allocated_gib": 5.225533962249756, "reserved_gib": 8.044921875, "peak_allocated_gib": 7.100478649139404, "gpu_time_budget": null, "module": "model.layers.0.mlp.down_proj", "step": 4352}
{"stage": "sequential-round-coordinate", "pid": 4080976, "time": 1789706854.2763748, "cuda_visible_devices": "2", "allocated_gib": 5.225533962249756, "reserved_gib": 8.044921875, "peak_allocated_gib": 7.100478649139404, "gpu_time_budget": null, "module": "model.layers.0.mlp.down_proj", "step": 4480}
{"stage": "sequential-round-coordinate", "pid": 4080976, "time": 1789706854.7987971, "cuda_visible_devices": "2", "allocated_gib": 5.225533962249756, "reserved_gib": 8.044921875, "peak_allocated_gib": 7.100478649139404, "gpu_time_budget": null, "module": "model.layers.0.mlp.down_proj", "step": 4608}
{"stage": "sequential-round-coordinate", "pid": 4080976, "time": 1789706855.607645, "cuda_visible_devices": "2", "allocated_gib": 5.225533962249756, "reserved_gib": 8.044921875, "peak_allocated_gib": 7.100478649139404, "gpu_time_budget": null, "module": "model.layers.0.mlp.down_proj", "step": 4736}
{"stage": "sequential-round-coordinate", "pid": 4080976, "time": 1789706856.4906278, "cuda_visible_devices": "2", "allocated_gib": 5.225533962249756, "reserved_gib": 8.044921875, "peak_allocated_gib": 7.100478649139404, "gpu_time_budget": null, "module": "model.layers.0.mlp.down_proj", "step": 4864}
{"stage": "sequential-round-coordinate", "pid": 4080976, "time": 1789706857.3781326, "cuda_visible_devices": "2", "allocated_gib": 5.225533962249756, "reserved_gib": 8.044921875, "peak_allocated_gib": 7.100478649139404, "gpu_time_budget": null, "module": "model.layers.0.mlp.down_proj", "step": 4992}
{"stage": "sequential-round-coordinate", "pid": 4080976, "time": 1789706858.2558916, "cuda_visible_devices": "2", "allocated_gib": 5.225533962249756, "reserved_gib": 8.044921875, "peak_allocated_gib": 7.100478649139404, "gpu_time_budget": null, "module": "model.layers.0.mlp.down_proj", "step": 5120}
{"stage": "sequential-round-coordinate", "pid": 4080976, "time": 1789706859.1414385, "cuda_visible_devices": "2", "allocated_gib": 5.225533962249756, "reserved_gib": 8.044921875, "peak_allocated_gib": 7.100478649139404, "gpu_time_budget": null, "module": "model.layers.0.mlp.down_proj", "step": 5248}
{"stage": "sequential-round-coordinate", "pid": 4080976, "time": 1789706860.0308268, "cuda_visible_devices": "2", "allocated_gib": 5.225533962249756, "reserved_gib": 8.044921875, "peak_allocated_gib": 7.100478649139404, "gpu_time_budget": null, "module": "model.layers.0.mlp.down_proj", "step": 5376}
{"stage": "sequential-round-coordinate", "pid": 4080976, "time": 1789706860.9246678, "cuda_visible_devices": "2", "allocated_gib": 5.225533962249756, "reserved_gib": 8.044921875, "peak_allocated_gib": 7.100478649139404, "gpu_time_budget": null, "module": "model.layers.0.mlp.down_proj", "step": 5504}
{"stage": "sequential-round-coordinate", "pid": 4080976, "time": 1789706861.8157797, "cuda_visible_devices": "2", "allocated_gib": 5.225533962249756, "reserved_gib": 8.044921875, "peak_allocated_gib": 7.100478649139404, "gpu_time_budget": null, "module": "model.layers.0.mlp.down_proj", "step": 5632}
{"stage": "sequential-round-coordinate", "pid": 4080976, "time": 1789706862.696794, "cuda_visible_devices": "2", "allocated_gib": 5.225533962249756, "reserved_gib": 8.044921875, "peak_allocated_gib": 7.100478649139404, "gpu_time_budget": null, "module": "model.layers.0.mlp.down_proj", "step": 5760}
{"stage": "sequential-round-coordinate", "pid": 4080976, "time": 1789706863.5796404, "cuda_visible_devices": "2", "allocated_gib": 5.225533962249756, "reserved_gib": 8.044921875, "peak_allocated_gib": 7.100478649139404, "gpu_time_budget": null, "module": "model.layers.0.mlp.down_proj", "step": 5888}
{"stage": "sequential-round-coordinate", "pid": 4080976, "time": 1789706864.4717724, "cuda_visible_devices": "2", "allocated_gib": 5.225533962249756, "reserved_gib": 8.044921875, "peak_allocated_gib": 7.100478649139404, "gpu_time_budget": null, "module": "model.layers.0.mlp.down_proj", "step": 6016}
{"stage": "sequential-round-coordinate", "pid": 4080976, "time": 1789706865.3619795, "cuda_visible_devices": "2", "allocated_gib": 5.225533962249756, "reserved_gib": 8.044921875, "peak_allocated_gib": 7.100478649139404, "gpu_time_budget": null, "module": "model.layers.0.mlp.down_proj", "step": 6144}
{"stage": "sequential-round-coordinate", "pid": 4080976, "time": 1789706866.2515824, "cuda_visible_devices": "2", "allocated_gib": 5.225533962249756, "reserved_gib": 8.044921875, "peak_allocated_gib": 7.100478649139404, "gpu_time_budget": null, "module": "model.layers.0.mlp.down_proj", "step": 6272}
{"stage": "sequential-round-coordinate", "pid": 4080976, "time": 1789706867.1407235, "cuda_visible_devices": "2", "allocated_gib": 5.225533962249756, "reserved_gib": 8.044921875, "peak_allocated_gib": 7.100478649139404, "gpu_time_budget": null, "module": "model.layers.0.mlp.down_proj", "step": 6400}
{"stage": "sequential-round-coordinate", "pid": 4080976, "time": 1789706868.032156, "cuda_visible_devices": "2", "allocated_gib": 5.225533962249756, "reserved_gib": 8.044921875, "peak_allocated_gib": 7.100478649139404, "gpu_time_budget": null, "module": "model.layers.0.mlp.down_proj", "step": 6528}
{"stage": "sequential-round-coordinate", "pid": 4080976, "time": 1789706868.9214592, "cuda_visible_devices": "2", "allocated_gib": 5.225533962249756, "reserved_gib": 8.044921875, "peak_allocated_gib": 7.100478649139404, "gpu_time_budget": null, "module": "model.layers.0.mlp.down_proj", "step": 6656}
{"stage": "sequential-round-coordinate", "pid": 4080976, "time": 1789706869.8135495, "cuda_visible_devices": "2", "allocated_gib": 5.225533962249756, "reserved_gib": 8.044921875, "peak_allocated_gib": 7.100478649139404, "gpu_time_budget": null, "module": "model.layers.0.mlp.down_proj", "step": 6784}
{"stage": "sequential-round-coordinate", "pid": 4080976, "time": 1789706870.7037845, "cuda_visible_devices": "2", "allocated_gib": 5.225533962249756, "reserved_gib": 8.044921875, "peak_allocated_gib": 7.100478649139404, "gpu_time_budget": null, "module": "model.layers.0.mlp.down_proj", "step": 6912}
{"stage": "sequential-round-coordinate", "pid": 4080976, "time": 1789706871.594364, "cuda_visible_devices": "2", "allocated_gib": 5.225533962249756, "reserved_gib": 8.044921875, "peak_allocated_gib": 7.100478649139404, "gpu_time_budget": null, "module": "model.layers.0.mlp.down_proj", "step": 7040}
{"stage": "sequential-round-coordinate", "pid": 4080976, "time": 1789706872.4876192, "cuda_visible_devices": "2", "allocated_gib": 5.225533962249756, "reserved_gib": 8.044921875, "peak_allocated_gib": 7.100478649139404, "gpu_time_budget": null, "module": "model.layers.0.mlp.down_proj", "step": 7168}
{"stage": "sequential-round-coordinate", "pid": 4080976, "time": 1789706873.3821945, "cuda_visible_devices": "2", "allocated_gib": 5.225533962249756, "reserved_gib": 8.044921875, "peak_allocated_gib": 7.100478649139404, "gpu_time_budget": null, "module": "model.layers.0.mlp.down_proj", "step": 7296}
{"stage": "sequential-round-coordinate", "pid": 4080976, "time": 1789706874.2699485, "cuda_visible_devices": "2", "allocated_gib": 5.225533962249756, "reserved_gib": 8.044921875, "peak_allocated_gib": 7.100478649139404, "gpu_time_budget": null, "module": "model.layers.0.mlp.down_proj", "step": 7424}
{"stage": "sequential-round-coordinate", "pid": 4080976, "time": 1789706875.1632063, "cuda_visible_devices": "2", "allocated_gib": 5.225533962249756, "reserved_gib": 8.044921875, "peak_allocated_gib": 7.100478649139404, "gpu_time_budget": null, "module": "model.layers.0.mlp.down_proj", "step": 7552}
{"stage": "sequential-round-coordinate", "pid": 4080976, "time": 1789706876.0542302, "cuda_visible_devices": "2", "allocated_gib": 5.225533962249756, "reserved_gib": 8.044921875, "peak_allocated_gib": 7.100478649139404, "gpu_time_budget": null, "module": "model.layers.0.mlp.down_proj", "step": 7680}
{"stage": "sequential-round-coordinate", "pid": 4080976, "time": 1789706876.945671, "cuda_visible_devices": "2", "allocated_gib": 5.225533962249756, "reserved_gib": 8.044921875, "peak_allocated_gib": 7.100478649139404, "gpu_time_budget": null, "module": "model.layers.0.mlp.down_proj", "step": 7808}
{"stage": "sequential-round-coordinate", "pid": 4080976, "time": 1789706877.8408463, "cuda_visible_devices": "2", "allocated_gib": 5.225533962249756, "reserved_gib": 8.044921875, "peak_allocated_gib": 7.100478649139404, "gpu_time_budget": null, "module": "model.layers.0.mlp.down_proj", "step": 7936}
{"stage": "sequential-round-coordinate", "pid": 4080976, "time": 1789706878.72737, "cuda_visible_devices": "2", "allocated_gib": 5.225533962249756, "reserved_gib": 8.044921875, "peak_allocated_gib": 7.100478649139404, "gpu_time_budget": null, "module": "model.layers.0.mlp.down_proj", "step": 8064}
{"stage": "sequential-round-coordinate", "pid": 4080976, "time": 1789706879.6972733, "cuda_visible_devices": "2", "allocated_gib": 5.225533962249756, "reserved_gib": 8.044921875, "peak_allocated_gib": 7.100478649139404, "gpu_time_budget": null, "module": "model.layers.0.mlp.down_proj", "step": 8192}
{"stage": "sequential-round-train-nll", "pid": 4080976, "time": 1789706879.752458, "cuda_visible_devices": "2", "allocated_gib": 3.795783519744873, "reserved_gib": 3.80078125, "peak_allocated_gib": 7.100478649139404, "gpu_time_budget": null, "module": "model.layers.0.mlp.down_proj", "step": 512}
Evaluation segment 1/1: start=0, windows=8, seqlen=2048
{"stage": "sequential-round-train-nll", "pid": 4080976, "time": 1789706884.980039, "cuda_visible_devices": "2", "allocated_gib": 3.795783519744873, "reserved_gib": 5.791015625, "peak_allocated_gib": 7.100478649139404, "gpu_time_budget": null, "module": "model.layers.0.mlp.down_proj", "step": 2048}
Evaluation segment 1/1: start=0, windows=8, seqlen=2048
{"stage": "sequential-round-train-nll", "pid": 4080976, "time": 1789706890.1868255, "cuda_visible_devices": "2", "allocated_gib": 3.795783519744873, "reserved_gib": 5.791015625, "peak_allocated_gib": 7.100478649139404, "gpu_time_budget": null, "module": "model.layers.0.mlp.down_proj", "step": 8192}
Evaluation segment 1/1: start=0, windows=8, seqlen=2048
{"stage": "sequential-module-completed", "pid": 4080976, "time": 1789706895.4768467, "cuda_visible_devices": "2", "allocated_gib": 3.795783519744873, "reserved_gib": 5.791015625, "peak_allocated_gib": 7.100478649139404, "gpu_time_budget": null, "module": "model.layers.0.mlp.down_proj", "completed": 1, "total": 28, "selected_train_nll": 2.945441039609602, "elapsed_seconds": 68.46200202801265}
{"stage": "sequential-round-fit", "pid": 4080976, "time": 1789706896.779434, "cuda_visible_devices": "2", "allocated_gib": 3.795783519744873, "reserved_gib": 5.791015625, "peak_allocated_gib": 7.100478649139404, "gpu_time_budget": null, "module": "model.layers.1.mlp.down_proj", "fit_rows": 49152, "heldout_rows": 16384}
{"stage": "sequential-round-coordinate", "pid": 4080976, "time": 1789706898.011273, "cuda_visible_devices": "2", "allocated_gib": 5.225533962249756, "reserved_gib": 8.041015625, "peak_allocated_gib": 7.100478649139404, "gpu_time_budget": null, "module": "model.layers.1.mlp.down_proj", "step": 128}
{"stage": "sequential-round-coordinate", "pid": 4080976, "time": 1789706898.8997295, "cuda_visible_devices": "2", "allocated_gib": 5.225533962249756, "reserved_gib": 8.041015625, "peak_allocated_gib": 7.100478649139404, "gpu_time_budget": null, "module": "model.layers.1.mlp.down_proj", "step": 256}
{"stage": "sequential-round-coordinate", "pid": 4080976, "time": 1789706899.7878487, "cuda_visible_devices": "2", "allocated_gib": 5.225533962249756, "reserved_gib": 8.041015625, "peak_allocated_gib": 7.100478649139404, "gpu_time_budget": null, "module": "model.layers.1.mlp.down_proj", "step": 384}
{"stage": "sequential-round-coordinate", "pid": 4080976, "time": 1789706900.761018, "cuda_visible_devices": "2", "allocated_gib": 5.225533962249756, "reserved_gib": 8.041015625, "peak_allocated_gib": 7.100478649139404, "gpu_time_budget": null, "module": "model.layers.1.mlp.down_proj", "step": 512}
{"stage": "sequential-round-coordinate", "pid": 4080976, "time": 1789706901.6496778, "cuda_visible_devices": "2", "allocated_gib": 5.225533962249756, "reserved_gib": 8.041015625, "peak_allocated_gib": 7.100478649139404, "gpu_time_budget": null, "module": "model.layers.1.mlp.down_proj", "step": 640}
{"stage": "sequential-round-coordinate", "pid": 4080976, "time": 1789706902.5391085, "cuda_visible_devices": "2", "allocated_gib": 5.225533962249756, "reserved_gib": 8.041015625, "peak_allocated_gib": 7.100478649139404, "gpu_time_budget": null, "module": "model.layers.1.mlp.down_proj", "step": 768}
{"stage": "sequential-round-coordinate", "pid": 4080976, "time": 1789706903.4277577, "cuda_visible_devices": "2", "allocated_gib": 5.225533962249756, "reserved_gib": 8.041015625, "peak_allocated_gib": 7.100478649139404, "gpu_time_budget": null, "module": "model.layers.1.mlp.down_proj", "step": 896}
{"stage": "sequential-round-coordinate", "pid": 4080976, "time": 1789706904.3178923, "cuda_visible_devices": "2", "allocated_gib": 5.225533962249756, "reserved_gib": 8.041015625, "peak_allocated_gib": 7.100478649139404, "gpu_time_budget": null, "module": "model.layers.1.mlp.down_proj", "step": 1024}
{"stage": "sequential-round-coordinate", "pid": 4080976, "time": 1789706905.2053554, "cuda_visible_devices": "2", "allocated_gib": 5.225533962249756, "reserved_gib": 8.041015625, "peak_allocated_gib": 7.100478649139404, "gpu_time_budget": null, "module": "model.layers.1.mlp.down_proj", "step": 1152}
{"stage": "sequential-round-coordinate", "pid": 4080976, "time": 1789706905.9516764, "cuda_visible_devices": "2", "allocated_gib": 5.225533962249756, "reserved_gib": 8.041015625, "peak_allocated_gib": 7.100478649139404, "gpu_time_budget": null, "module": "model.layers.1.mlp.down_proj", "step": 1280}
{"stage": "sequential-round-coordinate", "pid": 4080976, "time": 1789706906.6452842, "cuda_visible_devices": "2", "allocated_gib": 5.225533962249756, "reserved_gib": 8.041015625, "peak_allocated_gib": 7.100478649139404, "gpu_time_budget": null, "module": "model.layers.1.mlp.down_proj", "step": 1408}
{"stage": "sequential-round-coordinate", "pid": 4080976, "time": 1789706907.342506, "cuda_visible_devices": "2", "allocated_gib": 5.225533962249756, "reserved_gib": 8.041015625, "peak_allocated_gib": 7.100478649139404, "gpu_time_budget": null, "module": "model.layers.1.mlp.down_proj", "step": 1536}
{"stage": "sequential-round-coordinate", "pid": 4080976, "time": 1789706908.0354748, "cuda_visible_devices": "2", "allocated_gib": 5.225533962249756, "reserved_gib": 8.041015625, "peak_allocated_gib": 7.100478649139404, "gpu_time_budget": null, "module": "model.layers.1.mlp.down_proj", "step": 1664}
{"stage": "sequential-round-coordinate", "pid": 4080976, "time": 1789706908.730975, "cuda_visible_devices": "2", "allocated_gib": 5.225533962249756, "reserved_gib": 8.041015625, "peak_allocated_gib": 7.100478649139404, "gpu_time_budget": null, "module": "model.layers.1.mlp.down_proj", "step": 1792}
{"stage": "sequential-round-coordinate", "pid": 4080976, "time": 1789706909.4711578, "cuda_visible_devices": "2", "allocated_gib": 5.225533962249756, "reserved_gib": 8.041015625, "peak_allocated_gib": 7.100478649139404, "gpu_time_budget": null, "module": "model.layers.1.mlp.down_proj", "step": 1920}
{"stage": "sequential-round-coordinate", "pid": 4080976, "time": 1789706910.2717645, "cuda_visible_devices": "2", "allocated_gib": 5.225533962249756, "reserved_gib": 8.041015625, "peak_allocated_gib": 7.100478649139404, "gpu_time_budget": null, "module": "model.layers.1.mlp.down_proj", "step": 2048}
{"stage": "sequential-round-coordinate", "pid": 4080976, "time": 1789706910.9365108, "cuda_visible_devices": "2", "allocated_gib": 5.225533962249756, "reserved_gib": 8.041015625, "peak_allocated_gib": 7.100478649139404, "gpu_time_budget": null, "module": "model.layers.1.mlp.down_proj", "step": 2176}
{"stage": "sequential-round-coordinate", "pid": 4080976, "time": 1789706911.6301157, "cuda_visible_devices": "2", "allocated_gib": 5.225533962249756, "reserved_gib": 8.041015625, "peak_allocated_gib": 7.100478649139404, "gpu_time_budget": null, "module": "model.layers.1.mlp.down_proj", "step": 2304}
{"stage": "sequential-round-coordinate", "pid": 4080976, "time": 1789706912.3253746, "cuda_visible_devices": "2", "allocated_gib": 5.225533962249756, "reserved_gib": 8.041015625, "peak_allocated_gib": 7.100478649139404, "gpu_time_budget": null, "module": "model.layers.1.mlp.down_proj", "step": 2432}
{"stage": "sequential-round-coordinate", "pid": 4080976, "time": 1789706913.0201607, "cuda_visible_devices": "2", "allocated_gib": 5.225533962249756, "reserved_gib": 8.041015625, "peak_allocated_gib": 7.100478649139404, "gpu_time_budget": null, "module": "model.layers.1.mlp.down_proj", "step": 2560}
{"stage": "sequential-round-coordinate", "pid": 4080976, "time": 1789706913.7125914, "cuda_visible_devices": "2", "allocated_gib": 5.225533962249756, "reserved_gib": 8.041015625, "peak_allocated_gib": 7.100478649139404, "gpu_time_budget": null, "module": "model.layers.1.mlp.down_proj", "step": 2688}
{"stage": "sequential-round-coordinate", "pid": 4080976, "time": 1789706914.4096217, "cuda_visible_devices": "2", "allocated_gib": 5.225533962249756, "reserved_gib": 8.041015625, "peak_allocated_gib": 7.100478649139404, "gpu_time_budget": null, "module": "model.layers.1.mlp.down_proj", "step": 2816}
{"stage": "sequential-round-coordinate", "pid": 4080976, "time": 1789706915.1420836, "cuda_visible_devices": "2", "allocated_gib": 5.225533962249756, "reserved_gib": 8.041015625, "peak_allocated_gib": 7.100478649139404, "gpu_time_budget": null, "module": "model.layers.1.mlp.down_proj", "step": 2944}
{"stage": "sequential-round-coordinate", "pid": 4080976, "time": 1789706915.8762968, "cuda_visible_devices": "2", "allocated_gib": 5.225533962249756, "reserved_gib": 8.041015625, "peak_allocated_gib": 7.100478649139404, "gpu_time_budget": null, "module": "model.layers.1.mlp.down_proj", "step": 3072}
{"stage": "sequential-round-coordinate", "pid": 4080976, "time": 1789706916.5222743, "cuda_visible_devices": "2", "allocated_gib": 5.225533962249756, "reserved_gib": 8.041015625, "peak_allocated_gib": 7.100478649139404, "gpu_time_budget": null, "module": "model.layers.1.mlp.down_proj", "step": 3200}
{"stage": "sequential-round-coordinate", "pid": 4080976, "time": 1789706917.245158, "cuda_visible_devices": "2", "allocated_gib": 5.225533962249756, "reserved_gib": 8.041015625, "peak_allocated_gib": 7.100478649139404, "gpu_time_budget": null, "module": "model.layers.1.mlp.down_proj", "step": 3328}
{"stage": "sequential-round-coordinate", "pid": 4080976, "time": 1789706917.9394503, "cuda_visible_devices": "2", "allocated_gib": 5.225533962249756, "reserved_gib": 8.041015625, "peak_allocated_gib": 7.100478649139404, "gpu_time_budget": null, "module": "model.layers.1.mlp.down_proj", "step": 3456}
{"stage": "sequential-round-coordinate", "pid": 4080976, "time": 1789706918.6344948, "cuda_visible_devices": "2", "allocated_gib": 5.225533962249756, "reserved_gib": 8.041015625, "peak_allocated_gib": 7.100478649139404, "gpu_time_budget": null, "module": "model.layers.1.mlp.down_proj", "step": 3584}
{"stage": "sequential-round-coordinate", "pid": 4080976, "time": 1789706919.33576, "cuda_visible_devices": "2", "allocated_gib": 5.225533962249756, "reserved_gib": 8.041015625, "peak_allocated_gib": 7.100478649139404, "gpu_time_budget": null, "module": "model.layers.1.mlp.down_proj", "step": 3712}
{"stage": "sequential-round-coordinate", "pid": 4080976, "time": 1789706920.0305998, "cuda_visible_devices": "2", "allocated_gib": 5.225533962249756, "reserved_gib": 8.041015625, "peak_allocated_gib": 7.100478649139404, "gpu_time_budget": null, "module": "model.layers.1.mlp.down_proj", "step": 3840}
{"stage": "sequential-round-coordinate", "pid": 4080976, "time": 1789706920.747711, "cuda_visible_devices": "2", "allocated_gib": 5.225533962249756, "reserved_gib": 8.041015625, "peak_allocated_gib": 7.100478649139404, "gpu_time_budget": null, "module": "model.layers.1.mlp.down_proj", "step": 3968}
{"stage": "sequential-round-coordinate", "pid": 4080976, "time": 1789706921.3587883, "cuda_visible_devices": "2", "allocated_gib": 5.225533962249756, "reserved_gib": 8.041015625, "peak_allocated_gib": 7.100478649139404, "gpu_time_budget": null, "module": "model.layers.1.mlp.down_proj", "step": 4096}
{"stage": "sequential-round-coordinate", "pid": 4080976, "time": 1789706921.932449, "cuda_visible_devices": "2", "allocated_gib": 5.225533962249756, "reserved_gib": 8.041015625, "peak_allocated_gib": 7.100478649139404, "gpu_time_budget": null, "module": "model.layers.1.mlp.down_proj", "step": 4224}
{"stage": "sequential-round-coordinate", "pid": 4080976, "time": 1789706922.509688, "cuda_visible_devices": "2", "allocated_gib": 5.225533962249756, "reserved_gib": 8.041015625, "peak_allocated_gib": 7.100478649139404, "gpu_time_budget": null, "module": "model.layers.1.mlp.down_proj", "step": 4352}
{"stage": "sequential-round-coordinate", "pid": 4080976, "time": 1789706923.085401, "cuda_visible_devices": "2", "allocated_gib": 5.225533962249756, "reserved_gib": 8.041015625, "peak_allocated_gib": 7.100478649139404, "gpu_time_budget": null, "module": "model.layers.1.mlp.down_proj", "step": 4480}
{"stage": "sequential-round-coordinate", "pid": 4080976, "time": 1789706923.6281915, "cuda_visible_devices": "2", "allocated_gib": 5.225533962249756, "reserved_gib": 8.041015625, "peak_allocated_gib": 7.100478649139404, "gpu_time_budget": null, "module": "model.layers.1.mlp.down_proj", "step": 4608}
{"stage": "sequential-round-coordinate", "pid": 4080976, "time": 1789706924.5028684, "cuda_visible_devices": "2", "allocated_gib": 5.225533962249756, "reserved_gib": 8.041015625, "peak_allocated_gib": 7.100478649139404, "gpu_time_budget": null, "module": "model.layers.1.mlp.down_proj", "step": 4736}
{"stage": "sequential-round-coordinate", "pid": 4080976, "time": 1789706925.39267, "cuda_visible_devices": "2", "allocated_gib": 5.225533962249756, "reserved_gib": 8.041015625, "peak_allocated_gib": 7.100478649139404, "gpu_time_budget": null, "module": "model.layers.1.mlp.down_proj", "step": 4864}
{"stage": "sequential-round-coordinate", "pid": 4080976, "time": 1789706926.2806756, "cuda_visible_devices": "2", "allocated_gib": 5.225533962249756, "reserved_gib": 8.041015625, "peak_allocated_gib": 7.100478649139404, "gpu_time_budget": null, "module": "model.layers.1.mlp.down_proj", "step": 4992}
{"stage": "sequential-round-coordinate", "pid": 4080976, "time": 1789706927.1723669, "cuda_visible_devices": "2", "allocated_gib": 5.225533962249756, "reserved_gib": 8.041015625, "peak_allocated_gib": 7.100478649139404, "gpu_time_budget": null, "module": "model.layers.1.mlp.down_proj", "step": 5120}
{"stage": "sequential-round-coordinate", "pid": 4080976, "time": 1789706928.0635746, "cuda_visible_devices": "2", "allocated_gib": 5.225533962249756, "reserved_gib": 8.041015625, "peak_allocated_gib": 7.100478649139404, "gpu_time_budget": null, "module": "model.layers.1.mlp.down_proj", "step": 5248}
{"stage": "sequential-round-coordinate", "pid": 4080976, "time": 1789706928.9508631, "cuda_visible_devices": "2", "allocated_gib": 5.225533962249756, "reserved_gib": 8.041015625, "peak_allocated_gib": 7.100478649139404, "gpu_time_budget": null, "module": "model.layers.1.mlp.down_proj", "step": 5376}
{"stage": "sequential-round-coordinate", "pid": 4080976, "time": 1789706929.8422077, "cuda_visible_devices": "2", "allocated_gib": 5.225533962249756, "reserved_gib": 8.041015625, "peak_allocated_gib": 7.100478649139404, "gpu_time_budget": null, "module": "model.layers.1.mlp.down_proj", "step": 5504}
{"stage": "sequential-round-coordinate", "pid": 4080976, "time": 1789706930.7267802, "cuda_visible_devices": "2", "allocated_gib": 5.225533962249756, "reserved_gib": 8.041015625, "peak_allocated_gib": 7.100478649139404, "gpu_time_budget": null, "module": "model.layers.1.mlp.down_proj", "step": 5632}
{"stage": "sequential-round-coordinate", "pid": 4080976, "time": 1789706931.6141522, "cuda_visible_devices": "2", "allocated_gib": 5.225533962249756, "reserved_gib": 8.041015625, "peak_allocated_gib": 7.100478649139404, "gpu_time_budget": null, "module": "model.layers.1.mlp.down_proj", "step": 5760}
{"stage": "sequential-round-coordinate", "pid": 4080976, "time": 1789706932.5032132, "cuda_visible_devices": "2", "allocated_gib": 5.225533962249756, "reserved_gib": 8.041015625, "peak_allocated_gib": 7.100478649139404, "gpu_time_budget": null, "module": "model.layers.1.mlp.down_proj", "step": 5888}
{"stage": "sequential-round-coordinate", "pid": 4080976, "time": 1789706933.3929725, "cuda_visible_devices": "2", "allocated_gib": 5.225533962249756, "reserved_gib": 8.041015625, "peak_allocated_gib": 7.100478649139404, "gpu_time_budget": null, "module": "model.layers.1.mlp.down_proj", "step": 6016}
{"stage": "sequential-round-coordinate", "pid": 4080976, "time": 1789706934.2799342, "cuda_visible_devices": "2", "allocated_gib": 5.225533962249756, "reserved_gib": 8.041015625, "peak_allocated_gib": 7.100478649139404, "gpu_time_budget": null, "module": "model.layers.1.mlp.down_proj", "step": 6144}
{"stage": "sequential-round-coordinate", "pid": 4080976, "time": 1789706935.1678445, "cuda_visible_devices": "2", "allocated_gib": 5.225533962249756, "reserved_gib": 8.041015625, "peak_allocated_gib": 7.100478649139404, "gpu_time_budget": null, "module": "model.layers.1.mlp.down_proj", "step": 6272}
{"stage": "sequential-round-coordinate", "pid": 4080976, "time": 1789706936.0560377, "cuda_visible_devices": "2", "allocated_gib": 5.225533962249756, "reserved_gib": 8.041015625, "peak_allocated_gib": 7.100478649139404, "gpu_time_budget": null, "module": "model.layers.1.mlp.down_proj", "step": 6400}
{"stage": "sequential-round-coordinate", "pid": 4080976, "time": 1789706936.945502, "cuda_visible_devices": "2", "allocated_gib": 5.225533962249756, "reserved_gib": 8.041015625, "peak_allocated_gib": 7.100478649139404, "gpu_time_budget": null, "module": "model.layers.1.mlp.down_proj", "step": 6528}
{"stage": "sequential-round-coordinate", "pid": 4080976, "time": 1789706937.8339448, "cuda_visible_devices": "2", "allocated_gib": 5.225533962249756, "reserved_gib": 8.041015625, "peak_allocated_gib": 7.100478649139404, "gpu_time_budget": null, "module": "model.layers.1.mlp.down_proj", "step": 6656}
{"stage": "sequential-round-coordinate", "pid": 4080976, "time": 1789706938.7219958, "cuda_visible_devices": "2", "allocated_gib": 5.225533962249756, "reserved_gib": 8.041015625, "peak_allocated_gib": 7.100478649139404, "gpu_time_budget": null, "module": "model.layers.1.mlp.down_proj", "step": 6784}
{"stage": "sequential-round-coordinate", "pid": 4080976, "time": 1789706939.6115003, "cuda_visible_devices": "2", "allocated_gib": 5.225533962249756, "reserved_gib": 8.041015625, "peak_allocated_gib": 7.100478649139404, "gpu_time_budget": null, "module": "model.layers.1.mlp.down_proj", "step": 6912}
{"stage": "sequential-round-coordinate", "pid": 4080976, "time": 1789706940.499886, "cuda_visible_devices": "2", "allocated_gib": 5.225533962249756, "reserved_gib": 8.041015625, "peak_allocated_gib": 7.100478649139404, "gpu_time_budget": null, "module": "model.layers.1.mlp.down_proj", "step": 7040}
{"stage": "sequential-round-coordinate", "pid": 4080976, "time": 1789706941.3885002, "cuda_visible_devices": "2", "allocated_gib": 5.225533962249756, "reserved_gib": 8.041015625, "peak_allocated_gib": 7.100478649139404, "gpu_time_budget": null, "module": "model.layers.1.mlp.down_proj", "step": 7168}
{"stage": "sequential-round-coordinate", "pid": 4080976, "time": 1789706942.2739415, "cuda_visible_devices": "2", "allocated_gib": 5.225533962249756, "reserved_gib": 8.041015625, "peak_allocated_gib": 7.100478649139404, "gpu_time_budget": null, "module": "model.layers.1.mlp.down_proj", "step": 7296}
{"stage": "sequential-round-coordinate", "pid": 4080976, "time": 1789706943.1619413, "cuda_visible_devices": "2", "allocated_gib": 5.225533962249756, "reserved_gib": 8.041015625, "peak_allocated_gib": 7.100478649139404, "gpu_time_budget": null, "module": "model.layers.1.mlp.down_proj", "step": 7424}
{"stage": "sequential-round-coordinate", "pid": 4080976, "time": 1789706944.0510817, "cuda_visible_devices": "2", "allocated_gib": 5.225533962249756, "reserved_gib": 8.041015625, "peak_allocated_gib": 7.100478649139404, "gpu_time_budget": null, "module": "model.layers.1.mlp.down_proj", "step": 7552}
{"stage": "sequential-round-coordinate", "pid": 4080976, "time": 1789706944.9384174, "cuda_visible_devices": "2", "allocated_gib": 5.225533962249756, "reserved_gib": 8.041015625, "peak_allocated_gib": 7.100478649139404, "gpu_time_budget": null, "module": "model.layers.1.mlp.down_proj", "step": 7680}
{"stage": "sequential-round-coordinate", "pid": 4080976, "time": 1789706945.8274882, "cuda_visible_devices": "2", "allocated_gib": 5.225533962249756, "reserved_gib": 8.041015625, "peak_allocated_gib": 7.100478649139404, "gpu_time_budget": null, "module": "model.layers.1.mlp.down_proj", "step": 7808}
{"stage": "sequential-round-coordinate", "pid": 4080976, "time": 1789706946.7150123, "cuda_visible_devices": "2", "allocated_gib": 5.225533962249756, "reserved_gib": 8.041015625, "peak_allocated_gib": 7.100478649139404, "gpu_time_budget": null, "module": "model.layers.1.mlp.down_proj", "step": 7936}
{"stage": "sequential-round-coordinate", "pid": 4080976, "time": 1789706947.60461, "cuda_visible_devices": "2", "allocated_gib": 5.225533962249756, "reserved_gib": 8.041015625, "peak_allocated_gib": 7.100478649139404, "gpu_time_budget": null, "module": "model.layers.1.mlp.down_proj", "step": 8064}
{"stage": "sequential-round-coordinate", "pid": 4080976, "time": 1789706948.5728648, "cuda_visible_devices": "2", "allocated_gib": 5.225533962249756, "reserved_gib": 8.041015625, "peak_allocated_gib": 7.100478649139404, "gpu_time_budget": null, "module": "model.layers.1.mlp.down_proj", "step": 8192}
{"stage": "sequential-round-train-nll", "pid": 4080976, "time": 1789706948.6198153, "cuda_visible_devices": "2", "allocated_gib": 3.795783519744873, "reserved_gib": 3.80078125, "peak_allocated_gib": 7.100478649139404, "gpu_time_budget": null, "module": "model.layers.1.mlp.down_proj", "step": 512}
Evaluation segment 1/1: start=0, windows=8, seqlen=2048
{"stage": "sequential-round-train-nll", "pid": 4080976, "time": 1789706953.8420966, "cuda_visible_devices": "2", "allocated_gib": 3.795783519744873, "reserved_gib": 5.791015625, "peak_allocated_gib": 7.100478649139404, "gpu_time_budget": null, "module": "model.layers.1.mlp.down_proj", "step": 2048}
Evaluation segment 1/1: start=0, windows=8, seqlen=2048
{"stage": "sequential-round-train-nll", "pid": 4080976, "time": 1789706959.0343587, "cuda_visible_devices": "2", "allocated_gib": 3.795783519744873, "reserved_gib": 5.791015625, "peak_allocated_gib": 7.100478649139404, "gpu_time_budget": null, "module": "model.layers.1.mlp.down_proj", "step": 8192}
Evaluation segment 1/1: start=0, windows=8, seqlen=2048
{"stage": "sequential-module-completed", "pid": 4080976, "time": 1789706964.246576, "cuda_visible_devices": "2", "allocated_gib": 3.795783519744873, "reserved_gib": 5.791015625, "peak_allocated_gib": 7.100478649139404, "gpu_time_budget": null, "module": "model.layers.1.mlp.down_proj", "completed": 2, "total": 28, "selected_train_nll": 2.945441039609602, "elapsed_seconds": 137.23173256707378}
{"stage": "sequential-round-fit", "pid": 4080976, "time": 1789706965.9663513, "cuda_visible_devices": "2", "allocated_gib": 3.795783519744873, "reserved_gib": 5.791015625, "peak_allocated_gib": 7.100478649139404, "gpu_time_budget": null, "module": "model.layers.2.mlp.down_proj", "fit_rows": 49152, "heldout_rows": 16384}
{"stage": "sequential-module-completed", "pid": 4080976, "time": 1789706966.5294287, "cuda_visible_devices": "2", "allocated_gib": 3.795783519744873, "reserved_gib": 3.80078125, "peak_allocated_gib": 7.100478649139404, "gpu_time_budget": null, "module": "model.layers.2.mlp.down_proj", "completed": 3, "total": 28, "selected_train_nll": 2.945441039609602, "elapsed_seconds": 139.51458400208503}
{"stage": "sequential-round-fit", "pid": 4080976, "time": 1789706968.6962256, "cuda_visible_devices": "2", "allocated_gib": 3.795783519744873, "reserved_gib": 4.08203125, "peak_allocated_gib": 7.100478649139404, "gpu_time_budget": null, "module": "model.layers.3.mlp.down_proj", "fit_rows": 49152, "heldout_rows": 16384}
{"stage": "sequential-round-coordinate", "pid": 4080976, "time": 1789706969.880883, "cuda_visible_devices": "2", "allocated_gib": 5.225533962249756, "reserved_gib": 7.26953125, "peak_allocated_gib": 7.100478649139404, "gpu_time_budget": null, "module": "model.layers.3.mlp.down_proj", "step": 128}
{"stage": "sequential-round-coordinate", "pid": 4080976, "time": 1789706970.767578, "cuda_visible_devices": "2", "allocated_gib": 5.225533962249756, "reserved_gib": 7.26953125, "peak_allocated_gib": 7.100478649139404, "gpu_time_budget": null, "module": "model.layers.3.mlp.down_proj", "step": 256}
{"stage": "sequential-round-coordinate", "pid": 4080976, "time": 1789706971.6537604, "cuda_visible_devices": "2", "allocated_gib": 5.225533962249756, "reserved_gib": 7.26953125, "peak_allocated_gib": 7.100478649139404, "gpu_time_budget": null, "module": "model.layers.3.mlp.down_proj", "step": 384}
{"stage": "sequential-round-coordinate", "pid": 4080976, "time": 1789706972.6169639, "cuda_visible_devices": "2", "allocated_gib": 5.225533962249756, "reserved_gib": 7.26953125, "peak_allocated_gib": 7.100478649139404, "gpu_time_budget": null, "module": "model.layers.3.mlp.down_proj", "step": 512}
{"stage": "sequential-round-coordinate", "pid": 4080976, "time": 1789706973.221578, "cuda_visible_devices": "2", "allocated_gib": 5.225533962249756, "reserved_gib": 7.26953125, "peak_allocated_gib": 7.100478649139404, "gpu_time_budget": null, "module": "model.layers.3.mlp.down_proj", "step": 640}
{"stage": "sequential-round-coordinate", "pid": 4080976, "time": 1789706973.927938, "cuda_visible_devices": "2", "allocated_gib": 5.225533962249756, "reserved_gib": 7.26953125, "peak_allocated_gib": 7.100478649139404, "gpu_time_budget": null, "module": "model.layers.3.mlp.down_proj", "step": 768}
{"stage": "sequential-round-coordinate", "pid": 4080976, "time": 1789706974.662144, "cuda_visible_devices": "2", "allocated_gib": 5.225533962249756, "reserved_gib": 7.26953125, "peak_allocated_gib": 7.100478649139404, "gpu_time_budget": null, "module": "model.layers.3.mlp.down_proj", "step": 896}
{"stage": "sequential-round-coordinate", "pid": 4080976, "time": 1789706975.3891878, "cuda_visible_devices": "2", "allocated_gib": 5.225533962249756, "reserved_gib": 7.26953125, "peak_allocated_gib": 7.100478649139404, "gpu_time_budget": null, "module": "model.layers.3.mlp.down_proj", "step": 1024}
{"stage": "sequential-round-coordinate", "pid": 4080976, "time": 1789706976.0812557, "cuda_visible_devices": "2", "allocated_gib": 5.225533962249756, "reserved_gib": 7.26953125, "peak_allocated_gib": 7.100478649139404, "gpu_time_budget": null, "module": "model.layers.3.mlp.down_proj", "step": 1152}
{"stage": "sequential-round-coordinate", "pid": 4080976, "time": 1789706976.7740488, "cuda_visible_devices": "2", "allocated_gib": 5.225533962249756, "reserved_gib": 7.26953125, "peak_allocated_gib": 7.100478649139404, "gpu_time_budget": null, "module": "model.layers.3.mlp.down_proj", "step": 1280}
{"stage": "sequential-round-coordinate", "pid": 4080976, "time": 1789706977.465585, "cuda_visible_devices": "2", "allocated_gib": 5.225533962249756, "reserved_gib": 7.26953125, "peak_allocated_gib": 7.100478649139404, "gpu_time_budget": null, "module": "model.layers.3.mlp.down_proj", "step": 1408}
{"stage": "sequential-round-coordinate", "pid": 4080976, "time": 1789706978.133815, "cuda_visible_devices": "2", "allocated_gib": 5.225533962249756, "reserved_gib": 7.26953125, "peak_allocated_gib": 7.100478649139404, "gpu_time_budget": null, "module": "model.layers.3.mlp.down_proj", "step": 1536}
{"stage": "sequential-round-coordinate", "pid": 4080976, "time": 1789706978.8255162, "cuda_visible_devices": "2", "allocated_gib": 5.225533962249756, "reserved_gib": 7.26953125, "peak_allocated_gib": 7.100478649139404, "gpu_time_budget": null, "module": "model.layers.3.mlp.down_proj", "step": 1664}
{"stage": "sequential-round-coordinate", "pid": 4080976, "time": 1789706979.516689, "cuda_visible_devices": "2", "allocated_gib": 5.225533962249756, "reserved_gib": 7.26953125, "peak_allocated_gib": 7.100478649139404, "gpu_time_budget": null, "module": "model.layers.3.mlp.down_proj", "step": 1792}
{"stage": "sequential-round-coordinate", "pid": 4080976, "time": 1789706980.2237089, "cuda_visible_devices": "2", "allocated_gib": 5.225533962249756, "reserved_gib": 7.26953125, "peak_allocated_gib": 7.100478649139404, "gpu_time_budget": null, "module": "model.layers.3.mlp.down_proj", "step": 1920}
{"stage": "sequential-round-coordinate", "pid": 4080976, "time": 1789706981.042975, "cuda_visible_devices": "2", "allocated_gib": 5.225533962249756, "reserved_gib": 7.26953125, "peak_allocated_gib": 7.100478649139404, "gpu_time_budget": null, "module": "model.layers.3.mlp.down_proj", "step": 2048}
{"stage": "sequential-round-coordinate", "pid": 4080976, "time": 1789706981.7362957, "cuda_visible_devices": "2", "allocated_gib": 5.225533962249756, "reserved_gib": 7.26953125, "peak_allocated_gib": 7.100478649139404, "gpu_time_budget": null, "module": "model.layers.3.mlp.down_proj", "step": 2176}
{"stage": "sequential-round-coordinate", "pid": 4080976, "time": 1789706982.4280002, "cuda_visible_devices": "2", "allocated_gib": 5.225533962249756, "reserved_gib": 7.26953125, "peak_allocated_gib": 7.100478649139404, "gpu_time_budget": null, "module": "model.layers.3.mlp.down_proj", "step": 2304}
{"stage": "sequential-round-coordinate", "pid": 4080976, "time": 1789706983.1006646, "cuda_visible_devices": "2", "allocated_gib": 5.225533962249756, "reserved_gib": 7.26953125, "peak_allocated_gib": 7.100478649139404, "gpu_time_budget": null, "module": "model.layers.3.mlp.down_proj", "step": 2432}
{"stage": "sequential-round-coordinate", "pid": 4080976, "time": 1789706983.7929192, "cuda_visible_devices": "2", "allocated_gib": 5.225533962249756, "reserved_gib": 7.26953125, "peak_allocated_gib": 7.100478649139404, "gpu_time_budget": null, "module": "model.layers.3.mlp.down_proj", "step": 2560}
{"stage": "sequential-round-coordinate", "pid": 4080976, "time": 1789706984.485359, "cuda_visible_devices": "2", "allocated_gib": 5.225533962249756, "reserved_gib": 7.26953125, "peak_allocated_gib": 7.100478649139404, "gpu_time_budget": null, "module": "model.layers.3.mlp.down_proj", "step": 2688}
{"stage": "sequential-round-coordinate", "pid": 4080976, "time": 1789706985.1768935, "cuda_visible_devices": "2", "allocated_gib": 5.225533962249756, "reserved_gib": 7.26953125, "peak_allocated_gib": 7.100478649139404, "gpu_time_budget": null, "module": "model.layers.3.mlp.down_proj", "step": 2816}
{"stage": "sequential-round-coordinate", "pid": 4080976, "time": 1789706985.879039, "cuda_visible_devices": "2", "allocated_gib": 5.225533962249756, "reserved_gib": 7.26953125, "peak_allocated_gib": 7.100478649139404, "gpu_time_budget": null, "module": "model.layers.3.mlp.down_proj", "step": 2944}
{"stage": "sequential-round-coordinate", "pid": 4080976, "time": 1789706986.6116283, "cuda_visible_devices": "2", "allocated_gib": 5.225533962249756, "reserved_gib": 7.26953125, "peak_allocated_gib": 7.100478649139404, "gpu_time_budget": null, "module": "model.layers.3.mlp.down_proj", "step": 3072}
{"stage": "sequential-round-coordinate", "pid": 4080976, "time": 1789706987.3532112, "cuda_visible_devices": "2", "allocated_gib": 5.225533962249756, "reserved_gib": 7.26953125, "peak_allocated_gib": 7.100478649139404, "gpu_time_budget": null, "module": "model.layers.3.mlp.down_proj", "step": 3200}
{"stage": "sequential-round-coordinate", "pid": 4080976, "time": 1789706988.0175142, "cuda_visible_devices": "2", "allocated_gib": 5.225533962249756, "reserved_gib": 7.26953125, "peak_allocated_gib": 7.100478649139404, "gpu_time_budget": null, "module": "model.layers.3.mlp.down_proj", "step": 3328}
{"stage": "sequential-round-coordinate", "pid": 4080976, "time": 1789706988.5741465, "cuda_visible_devices": "2", "allocated_gib": 5.225533962249756, "reserved_gib": 7.26953125, "peak_allocated_gib": 7.100478649139404, "gpu_time_budget": null, "module": "model.layers.3.mlp.down_proj", "step": 3456}
{"stage": "sequential-round-coordinate", "pid": 4080976, "time": 1789706989.1551816, "cuda_visible_devices": "2", "allocated_gib": 5.225533962249756, "reserved_gib": 7.26953125, "peak_allocated_gib": 7.100478649139404, "gpu_time_budget": null, "module": "model.layers.3.mlp.down_proj", "step": 3584}
{"stage": "sequential-round-coordinate", "pid": 4080976, "time": 1789706989.7272825, "cuda_visible_devices": "2", "allocated_gib": 5.225533962249756, "reserved_gib": 7.26953125, "peak_allocated_gib": 7.100478649139404, "gpu_time_budget": null, "module": "model.layers.3.mlp.down_proj", "step": 3712}
{"stage": "sequential-round-coordinate", "pid": 4080976, "time": 1789706990.3082395, "cuda_visible_devices": "2", "allocated_gib": 5.225533962249756, "reserved_gib": 7.26953125, "peak_allocated_gib": 7.100478649139404, "gpu_time_budget": null, "module": "model.layers.3.mlp.down_proj", "step": 3840}
{"stage": "sequential-round-coordinate", "pid": 4080976, "time": 1789706990.8883057, "cuda_visible_devices": "2", "allocated_gib": 5.225533962249756, "reserved_gib": 7.26953125, "peak_allocated_gib": 7.100478649139404, "gpu_time_budget": null, "module": "model.layers.3.mlp.down_proj", "step": 3968}
{"stage": "sequential-round-coordinate", "pid": 4080976, "time": 1789706991.5734065, "cuda_visible_devices": "2", "allocated_gib": 5.225533962249756, "reserved_gib": 7.26953125, "peak_allocated_gib": 7.100478649139404, "gpu_time_budget": null, "module": "model.layers.3.mlp.down_proj", "step": 4096}
{"stage": "sequential-round-coordinate", "pid": 4080976, "time": 1789706992.4577718, "cuda_visible_devices": "2", "allocated_gib": 5.225533962249756, "reserved_gib": 7.26953125, "peak_allocated_gib": 7.100478649139404, "gpu_time_budget": null, "module": "model.layers.3.mlp.down_proj", "step": 4224}
{"stage": "sequential-round-coordinate", "pid": 4080976, "time": 1789706993.344188, "cuda_visible_devices": "2", "allocated_gib": 5.225533962249756, "reserved_gib": 7.26953125, "peak_allocated_gib": 7.100478649139404, "gpu_time_budget": null, "module": "model.layers.3.mlp.down_proj", "step": 4352}
{"stage": "sequential-round-coordinate", "pid": 4080976, "time": 1789706994.231288, "cuda_visible_devices": "2", "allocated_gib": 5.225533962249756, "reserved_gib": 7.26953125, "peak_allocated_gib": 7.100478649139404, "gpu_time_budget": null, "module": "model.layers.3.mlp.down_proj", "step": 4480}
{"stage": "sequential-round-coordinate", "pid": 4080976, "time": 1789706995.122605, "cuda_visible_devices": "2", "allocated_gib": 5.225533962249756, "reserved_gib": 7.26953125, "peak_allocated_gib": 7.100478649139404, "gpu_time_budget": null, "module": "model.layers.3.mlp.down_proj", "step": 4608}
{"stage": "sequential-round-coordinate", "pid": 4080976, "time": 1789706996.0104868, "cuda_visible_devices": "2", "allocated_gib": 5.225533962249756, "reserved_gib": 7.26953125, "peak_allocated_gib": 7.100478649139404, "gpu_time_budget": null, "module": "model.layers.3.mlp.down_proj", "step": 4736}
{"stage": "sequential-round-coordinate", "pid": 4080976, "time": 1789706996.8949547, "cuda_visible_devices": "2", "allocated_gib": 5.225533962249756, "reserved_gib": 7.26953125, "peak_allocated_gib": 7.100478649139404, "gpu_time_budget": null, "module": "model.layers.3.mlp.down_proj", "step": 4864}
{"stage": "sequential-round-coordinate", "pid": 4080976, "time": 1789706997.7800164, "cuda_visible_devices": "2", "allocated_gib": 5.225533962249756, "reserved_gib": 7.26953125, "peak_allocated_gib": 7.100478649139404, "gpu_time_budget": null, "module": "model.layers.3.mlp.down_proj", "step": 4992}
{"stage": "sequential-round-coordinate", "pid": 4080976, "time": 1789706998.6668499, "cuda_visible_devices": "2", "allocated_gib": 5.225533962249756, "reserved_gib": 7.26953125, "peak_allocated_gib": 7.100478649139404, "gpu_time_budget": null, "module": "model.layers.3.mlp.down_proj", "step": 5120}
{"stage": "sequential-round-coordinate", "pid": 4080976, "time": 1789706999.5558803, "cuda_visible_devices": "2", "allocated_gib": 5.225533962249756, "reserved_gib": 7.26953125, "peak_allocated_gib": 7.100478649139404, "gpu_time_budget": null, "module": "model.layers.3.mlp.down_proj", "step": 5248}
{"stage": "sequential-round-coordinate", "pid": 4080976, "time": 1789707000.437515, "cuda_visible_devices": "2", "allocated_gib": 5.225533962249756, "reserved_gib": 7.26953125, "peak_allocated_gib": 7.100478649139404, "gpu_time_budget": null, "module": "model.layers.3.mlp.down_proj", "step": 5376}
{"stage": "sequential-round-coordinate", "pid": 4080976, "time": 1789707001.3239608, "cuda_visible_devices": "2", "allocated_gib": 5.225533962249756, "reserved_gib": 7.26953125, "peak_allocated_gib": 7.100478649139404, "gpu_time_budget": null, "module": "model.layers.3.mlp.down_proj", "step": 5504}
{"stage": "sequential-round-coordinate", "pid": 4080976, "time": 1789707002.2134502, "cuda_visible_devices": "2", "allocated_gib": 5.225533962249756, "reserved_gib": 7.26953125, "peak_allocated_gib": 7.100478649139404, "gpu_time_budget": null, "module": "model.layers.3.mlp.down_proj", "step": 5632}
{"stage": "sequential-round-coordinate", "pid": 4080976, "time": 1789707003.1017475, "cuda_visible_devices": "2", "allocated_gib": 5.225533962249756, "reserved_gib": 7.26953125, "peak_allocated_gib": 7.100478649139404, "gpu_time_budget": null, "module": "model.layers.3.mlp.down_proj", "step": 5760}
{"stage": "sequential-round-coordinate", "pid": 4080976, "time": 1789707003.9930685, "cuda_visible_devices": "2", "allocated_gib": 5.225533962249756, "reserved_gib": 7.26953125, "peak_allocated_gib": 7.100478649139404, "gpu_time_budget": null, "module": "model.layers.3.mlp.down_proj", "step": 5888}
{"stage": "sequential-round-coordinate", "pid": 4080976, "time": 1789707004.8814108, "cuda_visible_devices": "2", "allocated_gib": 5.225533962249756, "reserved_gib": 7.26953125, "peak_allocated_gib": 7.100478649139404, "gpu_time_budget": null, "module": "model.layers.3.mlp.down_proj", "step": 6016}
{"stage": "sequential-round-coordinate", "pid": 4080976, "time": 1789707005.773104, "cuda_visible_devices": "2", "allocated_gib": 5.225533962249756, "reserved_gib": 7.26953125, "peak_allocated_gib": 7.100478649139404, "gpu_time_budget": null, "module": "model.layers.3.mlp.down_proj", "step": 6144}
{"stage": "sequential-round-coordinate", "pid": 4080976, "time": 1789707006.6617277, "cuda_visible_devices": "2", "allocated_gib": 5.225533962249756, "reserved_gib": 7.26953125, "peak_allocated_gib": 7.100478649139404, "gpu_time_budget": null, "module": "model.layers.3.mlp.down_proj", "step": 6272}
{"stage": "sequential-round-coordinate", "pid": 4080976, "time": 1789707007.5496094, "cuda_visible_devices": "2", "allocated_gib": 5.225533962249756, "reserved_gib": 7.26953125, "peak_allocated_gib": 7.100478649139404, "gpu_time_budget": null, "module": "model.layers.3.mlp.down_proj", "step": 6400}
{"stage": "sequential-round-coordinate", "pid": 4080976, "time": 1789707008.4356906, "cuda_visible_devices": "2", "allocated_gib": 5.225533962249756, "reserved_gib": 7.26953125, "peak_allocated_gib": 7.100478649139404, "gpu_time_budget": null, "module": "model.layers.3.mlp.down_proj", "step": 6528}
{"stage": "sequential-round-coordinate", "pid": 4080976, "time": 1789707009.323879, "cuda_visible_devices": "2", "allocated_gib": 5.225533962249756, "reserved_gib": 7.26953125, "peak_allocated_gib": 7.100478649139404, "gpu_time_budget": null, "module": "model.layers.3.mlp.down_proj", "step": 6656}
{"stage": "sequential-round-coordinate", "pid": 4080976, "time": 1789707010.2112415, "cuda_visible_devices": "2", "allocated_gib": 5.225533962249756, "reserved_gib": 7.26953125, "peak_allocated_gib": 7.100478649139404, "gpu_time_budget": null, "module": "model.layers.3.mlp.down_proj", "step": 6784}
{"stage": "sequential-round-coordinate", "pid": 4080976, "time": 1789707011.10013, "cuda_visible_devices": "2", "allocated_gib": 5.225533962249756, "reserved_gib": 7.26953125, "peak_allocated_gib": 7.100478649139404, "gpu_time_budget": null, "module": "model.layers.3.mlp.down_proj", "step": 6912}
{"stage": "sequential-round-coordinate", "pid": 4080976, "time": 1789707011.9881005, "cuda_visible_devices": "2", "allocated_gib": 5.225533962249756, "reserved_gib": 7.26953125, "peak_allocated_gib": 7.100478649139404, "gpu_time_budget": null, "module": "model.layers.3.mlp.down_proj", "step": 7040}
{"stage": "sequential-round-coordinate", "pid": 4080976, "time": 1789707012.8774848, "cuda_visible_devices": "2", "allocated_gib": 5.225533962249756, "reserved_gib": 7.26953125, "peak_allocated_gib": 7.100478649139404, "gpu_time_budget": null, "module": "model.layers.3.mlp.down_proj", "step": 7168}
{"stage": "sequential-round-coordinate", "pid": 4080976, "time": 1789707013.764113, "cuda_visible_devices": "2", "allocated_gib": 5.225533962249756, "reserved_gib": 7.26953125, "peak_allocated_gib": 7.100478649139404, "gpu_time_budget": null, "module": "model.layers.3.mlp.down_proj", "step": 7296}
{"stage": "sequential-round-coordinate", "pid": 4080976, "time": 1789707014.6530442, "cuda_visible_devices": "2", "allocated_gib": 5.225533962249756, "reserved_gib": 7.26953125, "peak_allocated_gib": 7.100478649139404, "gpu_time_budget": null, "module": "model.layers.3.mlp.down_proj", "step": 7424}
{"stage": "sequential-round-coordinate", "pid": 4080976, "time": 1789707015.5376744, "cuda_visible_devices": "2", "allocated_gib": 5.225533962249756, "reserved_gib": 7.26953125, "peak_allocated_gib": 7.100478649139404, "gpu_time_budget": null, "module": "model.layers.3.mlp.down_proj", "step": 7552}
{"stage": "sequential-round-coordinate", "pid": 4080976, "time": 1789707016.4254694, "cuda_visible_devices": "2", "allocated_gib": 5.225533962249756, "reserved_gib": 7.26953125, "peak_allocated_gib": 7.100478649139404, "gpu_time_budget": null, "module": "model.layers.3.mlp.down_proj", "step": 7680}
{"stage": "sequential-round-coordinate", "pid": 4080976, "time": 1789707017.3120477, "cuda_visible_devices": "2", "allocated_gib": 5.225533962249756, "reserved_gib": 7.26953125, "peak_allocated_gib": 7.100478649139404, "gpu_time_budget": null, "module": "model.layers.3.mlp.down_proj", "step": 7808}
{"stage": "sequential-round-coordinate", "pid": 4080976, "time": 1789707018.199471, "cuda_visible_devices": "2", "allocated_gib": 5.225533962249756, "reserved_gib": 7.26953125, "peak_allocated_gib": 7.100478649139404, "gpu_time_budget": null, "module": "model.layers.3.mlp.down_proj", "step": 7936}
{"stage": "sequential-round-coordinate", "pid": 4080976, "time": 1789707019.0864391, "cuda_visible_devices": "2", "allocated_gib": 5.225533962249756, "reserved_gib": 7.26953125, "peak_allocated_gib": 7.100478649139404, "gpu_time_budget": null, "module": "model.layers.3.mlp.down_proj", "step": 8064}
{"stage": "sequential-round-coordinate", "pid": 4080976, "time": 1789707020.05569, "cuda_visible_devices": "2", "allocated_gib": 5.225533962249756, "reserved_gib": 7.26953125, "peak_allocated_gib": 7.100478649139404, "gpu_time_budget": null, "module": "model.layers.3.mlp.down_proj", "step": 8192}
{"stage": "sequential-round-train-nll", "pid": 4080976, "time": 1789707020.0967793, "cuda_visible_devices": "2", "allocated_gib": 3.795783519744873, "reserved_gib": 3.80078125, "peak_allocated_gib": 7.100478649139404, "gpu_time_budget": null, "module": "model.layers.3.mlp.down_proj", "step": 512}
Evaluation segment 1/1: start=0, windows=8, seqlen=2048
{"stage": "sequential-round-train-nll", "pid": 4080976, "time": 1789707025.376146, "cuda_visible_devices": "2", "allocated_gib": 3.795783519744873, "reserved_gib": 5.791015625, "peak_allocated_gib": 7.100478649139404, "gpu_time_budget": null, "module": "model.layers.3.mlp.down_proj", "step": 2048}
Evaluation segment 1/1: start=0, windows=8, seqlen=2048
{"stage": "sequential-round-train-nll", "pid": 4080976, "time": 1789707030.6295512, "cuda_visible_devices": "2", "allocated_gib": 3.795783519744873, "reserved_gib": 5.791015625, "peak_allocated_gib": 7.100478649139404, "gpu_time_budget": null, "module": "model.layers.3.mlp.down_proj", "step": 8192}
Evaluation segment 1/1: start=0, windows=8, seqlen=2048
{"stage": "sequential-module-completed", "pid": 4080976, "time": 1789707035.8891637, "cuda_visible_devices": "2", "allocated_gib": 3.795783519744873, "reserved_gib": 5.791015625, "peak_allocated_gib": 7.100478649139404, "gpu_time_budget": null, "module": "model.layers.3.mlp.down_proj", "completed": 4, "total": 28, "selected_train_nll": 2.945441039609602, "elapsed_seconds": 208.87431533099152}
{"stage": "sequential-round-fit", "pid": 4080976, "time": 1789707038.5149648, "cuda_visible_devices": "2", "allocated_gib": 3.795783519744873, "reserved_gib": 5.791015625, "peak_allocated_gib": 7.100478649139404, "gpu_time_budget": null, "module": "model.layers.4.mlp.down_proj", "fit_rows": 49152, "heldout_rows": 16384}
{"stage": "sequential-round-coordinate", "pid": 4080976, "time": 1789707039.713293, "cuda_visible_devices": "2", "allocated_gib": 5.225533962249756, "reserved_gib": 8.041015625, "peak_allocated_gib": 7.100478649139404, "gpu_time_budget": null, "module": "model.layers.4.mlp.down_proj", "step": 128}
{"stage": "sequential-round-coordinate", "pid": 4080976, "time": 1789707040.6021104, "cuda_visible_devices": "2", "allocated_gib": 5.225533962249756, "reserved_gib": 8.041015625, "peak_allocated_gib": 7.100478649139404, "gpu_time_budget": null, "module": "model.layers.4.mlp.down_proj", "step": 256}
{"stage": "sequential-round-coordinate", "pid": 4080976, "time": 1789707041.315202, "cuda_visible_devices": "2", "allocated_gib": 5.225533962249756, "reserved_gib": 8.041015625, "peak_allocated_gib": 7.100478649139404, "gpu_time_budget": null, "module": "model.layers.4.mlp.down_proj", "step": 384}
{"stage": "sequential-round-coordinate", "pid": 4080976, "time": 1789707042.0668204, "cuda_visible_devices": "2", "allocated_gib": 5.225533962249756, "reserved_gib": 8.041015625, "peak_allocated_gib": 7.100478649139404, "gpu_time_budget": null, "module": "model.layers.4.mlp.down_proj", "step": 512}
{"stage": "sequential-round-coordinate", "pid": 4080976, "time": 1789707042.7635376, "cuda_visible_devices": "2", "allocated_gib": 5.225533962249756, "reserved_gib": 8.041015625, "peak_allocated_gib": 7.100478649139404, "gpu_time_budget": null, "module": "model.layers.4.mlp.down_proj", "step": 640}
{"stage": "sequential-round-coordinate", "pid": 4080976, "time": 1789707043.4887512, "cuda_visible_devices": "2", "allocated_gib": 5.225533962249756, "reserved_gib": 8.041015625, "peak_allocated_gib": 7.100478649139404, "gpu_time_budget": null, "module": "model.layers.4.mlp.down_proj", "step": 768}
{"stage": "sequential-round-coordinate", "pid": 4080976, "time": 1789707044.22545, "cuda_visible_devices": "2", "allocated_gib": 5.225533962249756, "reserved_gib": 8.041015625, "peak_allocated_gib": 7.100478649139404, "gpu_time_budget": null, "module": "model.layers.4.mlp.down_proj", "step": 896}
{"stage": "sequential-round-coordinate", "pid": 4080976, "time": 1789707044.937243, "cuda_visible_devices": "2", "allocated_gib": 5.225533962249756, "reserved_gib": 8.041015625, "peak_allocated_gib": 7.100478649139404, "gpu_time_budget": null, "module": "model.layers.4.mlp.down_proj", "step": 1024}
{"stage": "sequential-round-coordinate", "pid": 4080976, "time": 1789707045.6313975, "cuda_visible_devices": "2", "allocated_gib": 5.225533962249756, "reserved_gib": 8.041015625, "peak_allocated_gib": 7.100478649139404, "gpu_time_budget": null, "module": "model.layers.4.mlp.down_proj", "step": 1152}
{"stage": "sequential-round-coordinate", "pid": 4080976, "time": 1789707046.2784119, "cuda_visible_devices": "2", "allocated_gib": 5.225533962249756, "reserved_gib": 8.041015625, "peak_allocated_gib": 7.100478649139404, "gpu_time_budget": null, "module": "model.layers.4.mlp.down_proj", "step": 1280}
{"stage": "sequential-round-coordinate", "pid": 4080976, "time": 1789707046.9606469, "cuda_visible_devices": "2", "allocated_gib": 5.225533962249756, "reserved_gib": 8.041015625, "peak_allocated_gib": 7.100478649139404, "gpu_time_budget": null, "module": "model.layers.4.mlp.down_proj", "step": 1408}
{"stage": "sequential-round-coordinate", "pid": 4080976, "time": 1789707047.654559, "cuda_visible_devices": "2", "allocated_gib": 5.225533962249756, "reserved_gib": 8.041015625, "peak_allocated_gib": 7.100478649139404, "gpu_time_budget": null, "module": "model.layers.4.mlp.down_proj", "step": 1536}
{"stage": "sequential-round-coordinate", "pid": 4080976, "time": 1789707048.348534, "cuda_visible_devices": "2", "allocated_gib": 5.225533962249756, "reserved_gib": 8.041015625, "peak_allocated_gib": 7.100478649139404, "gpu_time_budget": null, "module": "model.layers.4.mlp.down_proj", "step": 1664}
{"stage": "sequential-round-coordinate", "pid": 4080976, "time": 1789707049.0432768, "cuda_visible_devices": "2", "allocated_gib": 5.225533962249756, "reserved_gib": 8.041015625, "peak_allocated_gib": 7.100478649139404, "gpu_time_budget": null, "module": "model.layers.4.mlp.down_proj", "step": 1792}
{"stage": "sequential-round-coordinate", "pid": 4080976, "time": 1789707049.7589626, "cuda_visible_devices": "2", "allocated_gib": 5.225533962249756, "reserved_gib": 8.041015625, "peak_allocated_gib": 7.100478649139404, "gpu_time_budget": null, "module": "model.layers.4.mlp.down_proj", "step": 1920}
{"stage": "sequential-round-coordinate", "pid": 4080976, "time": 1789707050.6075776, "cuda_visible_devices": "2", "allocated_gib": 5.225533962249756, "reserved_gib": 8.041015625, "peak_allocated_gib": 7.100478649139404, "gpu_time_budget": null, "module": "model.layers.4.mlp.down_proj", "step": 2048}
{"stage": "sequential-round-coordinate", "pid": 4080976, "time": 1789707051.284849, "cuda_visible_devices": "2", "allocated_gib": 5.225533962249756, "reserved_gib": 8.041015625, "peak_allocated_gib": 7.100478649139404, "gpu_time_budget": null, "module": "model.layers.4.mlp.down_proj", "step": 2176}
{"stage": "sequential-round-coordinate", "pid": 4080976, "time": 1789707051.9738495, "cuda_visible_devices": "2", "allocated_gib": 5.225533962249756, "reserved_gib": 8.041015625, "peak_allocated_gib": 7.100478649139404, "gpu_time_budget": null, "module": "model.layers.4.mlp.down_proj", "step": 2304}
{"stage": "sequential-round-coordinate", "pid": 4080976, "time": 1789707052.672851, "cuda_visible_devices": "2", "allocated_gib": 5.225533962249756, "reserved_gib": 8.041015625, "peak_allocated_gib": 7.100478649139404, "gpu_time_budget": null, "module": "model.layers.4.mlp.down_proj", "step": 2432}
{"stage": "sequential-round-coordinate", "pid": 4080976, "time": 1789707053.3679569, "cuda_visible_devices": "2", "allocated_gib": 5.225533962249756, "reserved_gib": 8.041015625, "peak_allocated_gib": 7.100478649139404, "gpu_time_budget": null, "module": "model.layers.4.mlp.down_proj", "step": 2560}
{"stage": "sequential-round-coordinate", "pid": 4080976, "time": 1789707054.0618455, "cuda_visible_devices": "2", "allocated_gib": 5.225533962249756, "reserved_gib": 8.041015625, "peak_allocated_gib": 7.100478649139404, "gpu_time_budget": null, "module": "model.layers.4.mlp.down_proj", "step": 2688}
{"stage": "sequential-round-coordinate", "pid": 4080976, "time": 1789707054.7556431, "cuda_visible_devices": "2", "allocated_gib": 5.225533962249756, "reserved_gib": 8.041015625, "peak_allocated_gib": 7.100478649139404, "gpu_time_budget": null, "module": "model.layers.4.mlp.down_proj", "step": 2816}
{"stage": "sequential-round-coordinate", "pid": 4080976, "time": 1789707055.4720118, "cuda_visible_devices": "2", "allocated_gib": 5.225533962249756, "reserved_gib": 8.041015625, "peak_allocated_gib": 7.100478649139404, "gpu_time_budget": null, "module": "model.layers.4.mlp.down_proj", "step": 2944}
{"stage": "sequential-round-coordinate", "pid": 4080976, "time": 1789707056.2176695, "cuda_visible_devices": "2", "allocated_gib": 5.225533962249756, "reserved_gib": 8.041015625, "peak_allocated_gib": 7.100478649139404, "gpu_time_budget": null, "module": "model.layers.4.mlp.down_proj", "step": 3072}
{"stage": "sequential-round-coordinate", "pid": 4080976, "time": 1789707056.772936, "cuda_visible_devices": "2", "allocated_gib": 5.225533962249756, "reserved_gib": 8.041015625, "peak_allocated_gib": 7.100478649139404, "gpu_time_budget": null, "module": "model.layers.4.mlp.down_proj", "step": 3200}
{"stage": "sequential-round-coordinate", "pid": 4080976, "time": 1789707057.3821304, "cuda_visible_devices": "2", "allocated_gib": 5.225533962249756, "reserved_gib": 8.041015625, "peak_allocated_gib": 7.100478649139404, "gpu_time_budget": null, "module": "model.layers.4.mlp.down_proj", "step": 3328}
{"stage": "sequential-round-coordinate", "pid": 4080976, "time": 1789707057.974486, "cuda_visible_devices": "2", "allocated_gib": 5.225533962249756, "reserved_gib": 8.041015625, "peak_allocated_gib": 7.100478649139404, "gpu_time_budget": null, "module": "model.layers.4.mlp.down_proj", "step": 3456}
{"stage": "sequential-round-coordinate", "pid": 4080976, "time": 1789707058.5551567, "cuda_visible_devices": "2", "allocated_gib": 5.225533962249756, "reserved_gib": 8.041015625, "peak_allocated_gib": 7.100478649139404, "gpu_time_budget": null, "module": "model.layers.4.mlp.down_proj", "step": 3584}
{"stage": "sequential-round-coordinate", "pid": 4080976, "time": 1789707059.1338565, "cuda_visible_devices": "2", "allocated_gib": 5.225533962249756, "reserved_gib": 8.041015625, "peak_allocated_gib": 7.100478649139404, "gpu_time_budget": null, "module": "model.layers.4.mlp.down_proj", "step": 3712}
{"stage": "sequential-round-coordinate", "pid": 4080976, "time": 1789707059.7090943, "cuda_visible_devices": "2", "allocated_gib": 5.225533962249756, "reserved_gib": 8.041015625, "peak_allocated_gib": 7.100478649139404, "gpu_time_budget": null, "module": "model.layers.4.mlp.down_proj", "step": 3840}
{"stage": "sequential-round-coordinate", "pid": 4080976, "time": 1789707060.3991077, "cuda_visible_devices": "2", "allocated_gib": 5.225533962249756, "reserved_gib": 8.041015625, "peak_allocated_gib": 7.100478649139404, "gpu_time_budget": null, "module": "model.layers.4.mlp.down_proj", "step": 3968}
{"stage": "sequential-round-coordinate", "pid": 4080976, "time": 1789707061.2870646, "cuda_visible_devices": "2", "allocated_gib": 5.225533962249756, "reserved_gib": 8.041015625, "peak_allocated_gib": 7.100478649139404, "gpu_time_budget": null, "module": "model.layers.4.mlp.down_proj", "step": 4096}
{"stage": "sequential-round-coordinate", "pid": 4080976, "time": 1789707062.1768913, "cuda_visible_devices": "2", "allocated_gib": 5.225533962249756, "reserved_gib": 8.041015625, "peak_allocated_gib": 7.100478649139404, "gpu_time_budget": null, "module": "model.layers.4.mlp.down_proj", "step": 4224}
{"stage": "sequential-round-coordinate", "pid": 4080976, "time": 1789707063.055193, "cuda_visible_devices": "2", "allocated_gib": 5.225533962249756, "reserved_gib": 8.041015625, "peak_allocated_gib": 7.100478649139404, "gpu_time_budget": null, "module": "model.layers.4.mlp.down_proj", "step": 4352}
{"stage": "sequential-round-coordinate", "pid": 4080976, "time": 1789707063.9318614, "cuda_visible_devices": "2", "allocated_gib": 5.225533962249756, "reserved_gib": 8.041015625, "peak_allocated_gib": 7.100478649139404, "gpu_time_budget": null, "module": "model.layers.4.mlp.down_proj", "step": 4480}
{"stage": "sequential-round-coordinate", "pid": 4080976, "time": 1789707064.8140166, "cuda_visible_devices": "2", "allocated_gib": 5.225533962249756, "reserved_gib": 8.041015625, "peak_allocated_gib": 7.100478649139404, "gpu_time_budget": null, "module": "model.layers.4.mlp.down_proj", "step": 4608}
{"stage": "sequential-round-coordinate", "pid": 4080976, "time": 1789707065.703033, "cuda_visible_devices": "2", "allocated_gib": 5.225533962249756, "reserved_gib": 8.041015625, "peak_allocated_gib": 7.100478649139404, "gpu_time_budget": null, "module": "model.layers.4.mlp.down_proj", "step": 4736}
{"stage": "sequential-round-coordinate", "pid": 4080976, "time": 1789707066.5750513, "cuda_visible_devices": "2", "allocated_gib": 5.225533962249756, "reserved_gib": 8.041015625, "peak_allocated_gib": 7.100478649139404, "gpu_time_budget": null, "module": "model.layers.4.mlp.down_proj", "step": 4864}
{"stage": "sequential-round-coordinate", "pid": 4080976, "time": 1789707067.4333003, "cuda_visible_devices": "2", "allocated_gib": 5.225533962249756, "reserved_gib": 8.041015625, "peak_allocated_gib": 7.100478649139404, "gpu_time_budget": null, "module": "model.layers.4.mlp.down_proj", "step": 4992}
{"stage": "sequential-round-coordinate", "pid": 4080976, "time": 1789707068.3829837, "cuda_visible_devices": "2", "allocated_gib": 5.225533962249756, "reserved_gib": 8.041015625, "peak_allocated_gib": 7.100478649139404, "gpu_time_budget": null, "module": "model.layers.4.mlp.down_proj", "step": 5120}
{"stage": "sequential-round-coordinate", "pid": 4080976, "time": 1789707069.2747977, "cuda_visible_devices": "2", "allocated_gib": 5.225533962249756, "reserved_gib": 8.041015625, "peak_allocated_gib": 7.100478649139404, "gpu_time_budget": null, "module": "model.layers.4.mlp.down_proj", "step": 5248}
{"stage": "sequential-round-coordinate", "pid": 4080976, "time": 1789707070.1718483, "cuda_visible_devices": "2", "allocated_gib": 5.225533962249756, "reserved_gib": 8.041015625, "peak_allocated_gib": 7.100478649139404, "gpu_time_budget": null, "module": "model.layers.4.mlp.down_proj", "step": 5376}
{"stage": "sequential-round-coordinate", "pid": 4080976, "time": 1789707071.0644991, "cuda_visible_devices": "2", "allocated_gib": 5.225533962249756, "reserved_gib": 8.041015625, "peak_allocated_gib": 7.100478649139404, "gpu_time_budget": null, "module": "model.layers.4.mlp.down_proj", "step": 5504}
{"stage": "sequential-round-coordinate", "pid": 4080976, "time": 1789707071.9574447, "cuda_visible_devices": "2", "allocated_gib": 5.225533962249756, "reserved_gib": 8.041015625, "peak_allocated_gib": 7.100478649139404, "gpu_time_budget": null, "module": "model.layers.4.mlp.down_proj", "step": 5632}
{"stage": "sequential-round-coordinate", "pid": 4080976, "time": 1789707072.8486636, "cuda_visible_devices": "2", "allocated_gib": 5.225533962249756, "reserved_gib": 8.041015625, "peak_allocated_gib": 7.100478649139404, "gpu_time_budget": null, "module": "model.layers.4.mlp.down_proj", "step": 5760}
{"stage": "sequential-round-coordinate", "pid": 4080976, "time": 1789707073.7404022, "cuda_visible_devices": "2", "allocated_gib": 5.225533962249756, "reserved_gib": 8.041015625, "peak_allocated_gib": 7.100478649139404, "gpu_time_budget": null, "module": "model.layers.4.mlp.down_proj", "step": 5888}
{"stage": "sequential-round-coordinate", "pid": 4080976, "time": 1789707074.631671, "cuda_visible_devices": "2", "allocated_gib": 5.225533962249756, "reserved_gib": 8.041015625, "peak_allocated_gib": 7.100478649139404, "gpu_time_budget": null, "module": "model.layers.4.mlp.down_proj", "step": 6016}
{"stage": "sequential-round-coordinate", "pid": 4080976, "time": 1789707075.5194325, "cuda_visible_devices": "2", "allocated_gib": 5.225533962249756, "reserved_gib": 8.041015625, "peak_allocated_gib": 7.100478649139404, "gpu_time_budget": null, "module": "model.layers.4.mlp.down_proj", "step": 6144}
{"stage": "sequential-round-coordinate", "pid": 4080976, "time": 1789707076.4089625, "cuda_visible_devices": "2", "allocated_gib": 5.225533962249756, "reserved_gib": 8.041015625, "peak_allocated_gib": 7.100478649139404, "gpu_time_budget": null, "module": "model.layers.4.mlp.down_proj", "step": 6272}
{"stage": "sequential-round-coordinate", "pid": 4080976, "time": 1789707077.29985, "cuda_visible_devices": "2", "allocated_gib": 5.225533962249756, "reserved_gib": 8.041015625, "peak_allocated_gib": 7.100478649139404, "gpu_time_budget": null, "module": "model.layers.4.mlp.down_proj", "step": 6400}
{"stage": "sequential-round-coordinate", "pid": 4080976, "time": 1789707078.189708, "cuda_visible_devices": "2", "allocated_gib": 5.225533962249756, "reserved_gib": 8.041015625, "peak_allocated_gib": 7.100478649139404, "gpu_time_budget": null, "module": "model.layers.4.mlp.down_proj", "step": 6528}
{"stage": "sequential-round-coordinate", "pid": 4080976, "time": 1789707079.0637841, "cuda_visible_devices": "2", "allocated_gib": 5.225533962249756, "reserved_gib": 8.041015625, "peak_allocated_gib": 7.100478649139404, "gpu_time_budget": null, "module": "model.layers.4.mlp.down_proj", "step": 6656}
{"stage": "sequential-round-coordinate", "pid": 4080976, "time": 1789707079.9465456, "cuda_visible_devices": "2", "allocated_gib": 5.225533962249756, "reserved_gib": 8.041015625, "peak_allocated_gib": 7.100478649139404, "gpu_time_budget": null, "module": "model.layers.4.mlp.down_proj", "step": 6784}
{"stage": "sequential-round-coordinate", "pid": 4080976, "time": 1789707080.8381596, "cuda_visible_devices": "2", "allocated_gib": 5.225533962249756, "reserved_gib": 8.041015625, "peak_allocated_gib": 7.100478649139404, "gpu_time_budget": null, "module": "model.layers.4.mlp.down_proj", "step": 6912}
{"stage": "sequential-round-coordinate", "pid": 4080976, "time": 1789707081.720547, "cuda_visible_devices": "2", "allocated_gib": 5.225533962249756, "reserved_gib": 8.041015625, "peak_allocated_gib": 7.100478649139404, "gpu_time_budget": null, "module": "model.layers.4.mlp.down_proj", "step": 7040}
{"stage": "sequential-round-coordinate", "pid": 4080976, "time": 1789707082.6101973, "cuda_visible_devices": "2", "allocated_gib": 5.225533962249756, "reserved_gib": 8.041015625, "peak_allocated_gib": 7.100478649139404, "gpu_time_budget": null, "module": "model.layers.4.mlp.down_proj", "step": 7168}
{"stage": "sequential-round-coordinate", "pid": 4080976, "time": 1789707083.50025, "cuda_visible_devices": "2", "allocated_gib": 5.225533962249756, "reserved_gib": 8.041015625, "peak_allocated_gib": 7.100478649139404, "gpu_time_budget": null, "module": "model.layers.4.mlp.down_proj", "step": 7296}
{"stage": "sequential-round-coordinate", "pid": 4080976, "time": 1789707084.3896067, "cuda_visible_devices": "2", "allocated_gib": 5.225533962249756, "reserved_gib": 8.041015625, "peak_allocated_gib": 7.100478649139404, "gpu_time_budget": null, "module": "model.layers.4.mlp.down_proj", "step": 7424}
{"stage": "sequential-round-coordinate", "pid": 4080976, "time": 1789707085.279348, "cuda_visible_devices": "2", "allocated_gib": 5.225533962249756, "reserved_gib": 8.041015625, "peak_allocated_gib": 7.100478649139404, "gpu_time_budget": null, "module": "model.layers.4.mlp.down_proj", "step": 7552}
{"stage": "sequential-round-coordinate", "pid": 4080976, "time": 1789707086.17268, "cuda_visible_devices": "2", "allocated_gib": 5.225533962249756, "reserved_gib": 8.041015625, "peak_allocated_gib": 7.100478649139404, "gpu_time_budget": null, "module": "model.layers.4.mlp.down_proj", "step": 7680}
{"stage": "sequential-round-coordinate", "pid": 4080976, "time": 1789707087.0654163, "cuda_visible_devices": "2", "allocated_gib": 5.225533962249756, "reserved_gib": 8.041015625, "peak_allocated_gib": 7.100478649139404, "gpu_time_budget": null, "module": "model.layers.4.mlp.down_proj", "step": 7808}
{"stage": "sequential-round-coordinate", "pid": 4080976, "time": 1789707087.9647093, "cuda_visible_devices": "2", "allocated_gib": 5.225533962249756, "reserved_gib": 8.041015625, "peak_allocated_gib": 7.100478649139404, "gpu_time_budget": null, "module": "model.layers.4.mlp.down_proj", "step": 7936}
{"stage": "sequential-round-coordinate", "pid": 4080976, "time": 1789707088.8525093, "cuda_visible_devices": "2", "allocated_gib": 5.225533962249756, "reserved_gib": 8.041015625, "peak_allocated_gib": 7.100478649139404, "gpu_time_budget": null, "module": "model.layers.4.mlp.down_proj", "step": 8064}
{"stage": "sequential-round-coordinate", "pid": 4080976, "time": 1789707089.8210156, "cuda_visible_devices": "2", "allocated_gib": 5.225533962249756, "reserved_gib": 8.041015625, "peak_allocated_gib": 7.100478649139404, "gpu_time_budget": null, "module": "model.layers.4.mlp.down_proj", "step": 8192}
{"stage": "sequential-round-train-nll", "pid": 4080976, "time": 1789707089.8719952, "cuda_visible_devices": "2", "allocated_gib": 3.795783519744873, "reserved_gib": 3.80078125, "peak_allocated_gib": 7.100478649139404, "gpu_time_budget": null, "module": "model.layers.4.mlp.down_proj", "step": 512}
Evaluation segment 1/1: start=0, windows=8, seqlen=2048
{"stage": "sequential-round-train-nll", "pid": 4080976, "time": 1789707095.2420561, "cuda_visible_devices": "2", "allocated_gib": 3.795783519744873, "reserved_gib": 5.791015625, "peak_allocated_gib": 7.100478649139404, "gpu_time_budget": null, "module": "model.layers.4.mlp.down_proj", "step": 2048}
Evaluation segment 1/1: start=0, windows=8, seqlen=2048
{"stage": "sequential-round-train-nll", "pid": 4080976, "time": 1789707100.5082638, "cuda_visible_devices": "2", "allocated_gib": 3.795783519744873, "reserved_gib": 5.791015625, "peak_allocated_gib": 7.100478649139404, "gpu_time_budget": null, "module": "model.layers.4.mlp.down_proj", "step": 8192}
Evaluation segment 1/1: start=0, windows=8, seqlen=2048
{"stage": "sequential-module-completed", "pid": 4080976, "time": 1789707105.8011584, "cuda_visible_devices": "2", "allocated_gib": 3.795783519744873, "reserved_gib": 5.791015625, "peak_allocated_gib": 7.100478649139404, "gpu_time_budget": null, "module": "model.layers.4.mlp.down_proj", "completed": 5, "total": 28, "selected_train_nll": 2.945441039609602, "elapsed_seconds": 278.78630562801845}
{"stage": "sequential-round-fit", "pid": 4080976, "time": 1789707109.0554779, "cuda_visible_devices": "2", "allocated_gib": 3.795783519744873, "reserved_gib": 5.791015625, "peak_allocated_gib": 7.100478649139404, "gpu_time_budget": null, "module": "model.layers.5.mlp.down_proj", "fit_rows": 49152, "heldout_rows": 16384}
{"stage": "sequential-round-coordinate", "pid": 4080976, "time": 1789707110.061762, "cuda_visible_devices": "2", "allocated_gib": 5.225533962249756, "reserved_gib": 8.041015625, "peak_allocated_gib": 7.100478649139404, "gpu_time_budget": null, "module": "model.layers.5.mlp.down_proj", "step": 128}
{"stage": "sequential-round-coordinate", "pid": 4080976, "time": 1789707110.7963605, "cuda_visible_devices": "2", "allocated_gib": 5.225533962249756, "reserved_gib": 8.041015625, "peak_allocated_gib": 7.100478649139404, "gpu_time_budget": null, "module": "model.layers.5.mlp.down_proj", "step": 256}
{"stage": "sequential-round-coordinate", "pid": 4080976, "time": 1789707111.5053108, "cuda_visible_devices": "2", "allocated_gib": 5.225533962249756, "reserved_gib": 8.041015625, "peak_allocated_gib": 7.100478649139404, "gpu_time_budget": null, "module": "model.layers.5.mlp.down_proj", "step": 384}
{"stage": "sequential-round-coordinate", "pid": 4080976, "time": 1789707112.2622385, "cuda_visible_devices": "2", "allocated_gib": 5.225533962249756, "reserved_gib": 8.041015625, "peak_allocated_gib": 7.100478649139404, "gpu_time_budget": null, "module": "model.layers.5.mlp.down_proj", "step": 512}
{"stage": "sequential-round-coordinate", "pid": 4080976, "time": 1789707112.9581497, "cuda_visible_devices": "2", "allocated_gib": 5.225533962249756, "reserved_gib": 8.041015625, "peak_allocated_gib": 7.100478649139404, "gpu_time_budget": null, "module": "model.layers.5.mlp.down_proj", "step": 640}
{"stage": "sequential-round-coordinate", "pid": 4080976, "time": 1789707113.658827, "cuda_visible_devices": "2", "allocated_gib": 5.225533962249756, "reserved_gib": 8.041015625, "peak_allocated_gib": 7.100478649139404, "gpu_time_budget": null, "module": "model.layers.5.mlp.down_proj", "step": 768}
{"stage": "sequential-round-coordinate", "pid": 4080976, "time": 1789707114.3978302, "cuda_visible_devices": "2", "allocated_gib": 5.225533962249756, "reserved_gib": 8.041015625, "peak_allocated_gib": 7.100478649139404, "gpu_time_budget": null, "module": "model.layers.5.mlp.down_proj", "step": 896}
{"stage": "sequential-round-coordinate", "pid": 4080976, "time": 1789707115.0551982, "cuda_visible_devices": "2", "allocated_gib": 5.225533962249756, "reserved_gib": 8.041015625, "peak_allocated_gib": 7.100478649139404, "gpu_time_budget": null, "module": "model.layers.5.mlp.down_proj", "step": 1024}
{"stage": "sequential-round-coordinate", "pid": 4080976, "time": 1789707115.7932465, "cuda_visible_devices": "2", "allocated_gib": 5.225533962249756, "reserved_gib": 8.041015625, "peak_allocated_gib": 7.100478649139404, "gpu_time_budget": null, "module": "model.layers.5.mlp.down_proj", "step": 1152}
{"stage": "sequential-round-coordinate", "pid": 4080976, "time": 1789707116.5060008, "cuda_visible_devices": "2", "allocated_gib": 5.225533962249756, "reserved_gib": 8.041015625, "peak_allocated_gib": 7.100478649139404, "gpu_time_budget": null, "module": "model.layers.5.mlp.down_proj", "step": 1280}
{"stage": "sequential-round-coordinate", "pid": 4080976, "time": 1789707117.202343, "cuda_visible_devices": "2", "allocated_gib": 5.225533962249756, "reserved_gib": 8.041015625, "peak_allocated_gib": 7.100478649139404, "gpu_time_budget": null, "module": "model.layers.5.mlp.down_proj", "step": 1408}
{"stage": "sequential-round-coordinate", "pid": 4080976, "time": 1789707117.901698, "cuda_visible_devices": "2", "allocated_gib": 5.225533962249756, "reserved_gib": 8.041015625, "peak_allocated_gib": 7.100478649139404, "gpu_time_budget": null, "module": "model.layers.5.mlp.down_proj", "step": 1536}
{"stage": "sequential-round-coordinate", "pid": 4080976, "time": 1789707118.5960398, "cuda_visible_devices": "2", "allocated_gib": 5.225533962249756, "reserved_gib": 8.041015625, "peak_allocated_gib": 7.100478649139404, "gpu_time_budget": null, "module": "model.layers.5.mlp.down_proj", "step": 1664}
{"stage": "sequential-round-coordinate", "pid": 4080976, "time": 1789707119.2926848, "cuda_visible_devices": "2", "allocated_gib": 5.225533962249756, "reserved_gib": 8.041015625, "peak_allocated_gib": 7.100478649139404, "gpu_time_budget": null, "module": "model.layers.5.mlp.down_proj", "step": 1792}
{"stage": "sequential-round-coordinate", "pid": 4080976, "time": 1789707119.9675033, "cuda_visible_devices": "2", "allocated_gib": 5.225533962249756, "reserved_gib": 8.041015625, "peak_allocated_gib": 7.100478649139404, "gpu_time_budget": null, "module": "model.layers.5.mlp.down_proj", "step": 1920}
{"stage": "sequential-round-coordinate", "pid": 4080976, "time": 1789707120.8145077, "cuda_visible_devices": "2", "allocated_gib": 5.225533962249756, "reserved_gib": 8.041015625, "peak_allocated_gib": 7.100478649139404, "gpu_time_budget": null, "module": "model.layers.5.mlp.down_proj", "step": 2048}
{"stage": "sequential-round-coordinate", "pid": 4080976, "time": 1789707121.5086887, "cuda_visible_devices": "2", "allocated_gib": 5.225533962249756, "reserved_gib": 8.041015625, "peak_allocated_gib": 7.100478649139404, "gpu_time_budget": null, "module": "model.layers.5.mlp.down_proj", "step": 2176}
{"stage": "sequential-round-coordinate", "pid": 4080976, "time": 1789707122.2044516, "cuda_visible_devices": "2", "allocated_gib": 5.225533962249756, "reserved_gib": 8.041015625, "peak_allocated_gib": 7.100478649139404, "gpu_time_budget": null, "module": "model.layers.5.mlp.down_proj", "step": 2304}
{"stage": "sequential-round-coordinate", "pid": 4080976, "time": 1789707122.8985364, "cuda_visible_devices": "2", "allocated_gib": 5.225533962249756, "reserved_gib": 8.041015625, "peak_allocated_gib": 7.100478649139404, "gpu_time_budget": null, "module": "model.layers.5.mlp.down_proj", "step": 2432}
{"stage": "sequential-round-coordinate", "pid": 4080976, "time": 1789707123.593161, "cuda_visible_devices": "2", "allocated_gib": 5.225533962249756, "reserved_gib": 8.041015625, "peak_allocated_gib": 7.100478649139404, "gpu_time_budget": null, "module": "model.layers.5.mlp.down_proj", "step": 2560}
{"stage": "sequential-round-coordinate", "pid": 4080976, "time": 1789707124.2868066, "cuda_visible_devices": "2", "allocated_gib": 5.225533962249756, "reserved_gib": 8.041015625, "peak_allocated_gib": 7.100478649139404, "gpu_time_budget": null, "module": "model.layers.5.mlp.down_proj", "step": 2688}
{"stage": "sequential-round-coordinate", "pid": 4080976, "time": 1789707124.9181, "cuda_visible_devices": "2", "allocated_gib": 5.225533962249756, "reserved_gib": 8.041015625, "peak_allocated_gib": 7.100478649139404, "gpu_time_budget": null, "module": "model.layers.5.mlp.down_proj", "step": 2816}
{"stage": "sequential-round-coordinate", "pid": 4080976, "time": 1789707125.4989479, "cuda_visible_devices": "2", "allocated_gib": 5.225533962249756, "reserved_gib": 8.041015625, "peak_allocated_gib": 7.100478649139404, "gpu_time_budget": null, "module": "model.layers.5.mlp.down_proj", "step": 2944}
{"stage": "sequential-round-coordinate", "pid": 4080976, "time": 1789707126.085963, "cuda_visible_devices": "2", "allocated_gib": 5.225533962249756, "reserved_gib": 8.041015625, "peak_allocated_gib": 7.100478649139404, "gpu_time_budget": null, "module": "model.layers.5.mlp.down_proj", "step": 3072}
{"stage": "sequential-round-coordinate", "pid": 4080976, "time": 1789707126.667559, "cuda_visible_devices": "2", "allocated_gib": 5.225533962249756, "reserved_gib": 8.041015625, "peak_allocated_gib": 7.100478649139404, "gpu_time_budget": null, "module": "model.layers.5.mlp.down_proj", "step": 3200}
{"stage": "sequential-round-coordinate", "pid": 4080976, "time": 1789707127.2573678, "cuda_visible_devices": "2", "allocated_gib": 5.225533962249756, "reserved_gib": 8.041015625, "peak_allocated_gib": 7.100478649139404, "gpu_time_budget": null, "module": "model.layers.5.mlp.down_proj", "step": 3328}
{"stage": "sequential-round-coordinate", "pid": 4080976, "time": 1789707127.8354151, "cuda_visible_devices": "2", "allocated_gib": 5.225533962249756, "reserved_gib": 8.041015625, "peak_allocated_gib": 7.100478649139404, "gpu_time_budget": null, "module": "model.layers.5.mlp.down_proj", "step": 3456}
{"stage": "sequential-round-coordinate", "pid": 4080976, "time": 1789707128.4186165, "cuda_visible_devices": "2", "allocated_gib": 5.225533962249756, "reserved_gib": 8.041015625, "peak_allocated_gib": 7.100478649139404, "gpu_time_budget": null, "module": "model.layers.5.mlp.down_proj", "step": 3584}
{"stage": "sequential-round-coordinate", "pid": 4080976, "time": 1789707129.131481, "cuda_visible_devices": "2", "allocated_gib": 5.225533962249756, "reserved_gib": 8.041015625, "peak_allocated_gib": 7.100478649139404, "gpu_time_budget": null, "module": "model.layers.5.mlp.down_proj", "step": 3712}
{"stage": "sequential-round-coordinate", "pid": 4080976, "time": 1789707130.019768, "cuda_visible_devices": "2", "allocated_gib": 5.225533962249756, "reserved_gib": 8.041015625, "peak_allocated_gib": 7.100478649139404, "gpu_time_budget": null, "module": "model.layers.5.mlp.down_proj", "step": 3840}
{"stage": "sequential-round-coordinate", "pid": 4080976, "time": 1789707130.9080513, "cuda_visible_devices": "2", "allocated_gib": 5.225533962249756, "reserved_gib": 8.041015625, "peak_allocated_gib": 7.100478649139404, "gpu_time_budget": null, "module": "model.layers.5.mlp.down_proj", "step": 3968}
{"stage": "sequential-round-coordinate", "pid": 4080976, "time": 1789707131.7981226, "cuda_visible_devices": "2", "allocated_gib": 5.225533962249756, "reserved_gib": 8.041015625, "peak_allocated_gib": 7.100478649139404, "gpu_time_budget": null, "module": "model.layers.5.mlp.down_proj", "step": 4096}
{"stage": "sequential-round-coordinate", "pid": 4080976, "time": 1789707132.6962957, "cuda_visible_devices": "2", "allocated_gib": 5.225533962249756, "reserved_gib": 8.041015625, "peak_allocated_gib": 7.100478649139404, "gpu_time_budget": null, "module": "model.layers.5.mlp.down_proj", "step": 4224}
{"stage": "sequential-round-coordinate", "pid": 4080976, "time": 1789707133.5841577, "cuda_visible_devices": "2", "allocated_gib": 5.225533962249756, "reserved_gib": 8.041015625, "peak_allocated_gib": 7.100478649139404, "gpu_time_budget": null, "module": "model.layers.5.mlp.down_proj", "step": 4352}
{"stage": "sequential-round-coordinate", "pid": 4080976, "time": 1789707134.4682348, "cuda_visible_devices": "2", "allocated_gib": 5.225533962249756, "reserved_gib": 8.041015625, "peak_allocated_gib": 7.100478649139404, "gpu_time_budget": null, "module": "model.layers.5.mlp.down_proj", "step": 4480}
{"stage": "sequential-round-coordinate", "pid": 4080976, "time": 1789707135.2493775, "cuda_visible_devices": "2", "allocated_gib": 5.225533962249756, "reserved_gib": 8.041015625, "peak_allocated_gib": 7.100478649139404, "gpu_time_budget": null, "module": "model.layers.5.mlp.down_proj", "step": 4608}
{"stage": "sequential-round-coordinate", "pid": 4080976, "time": 1789707137.5031774, "cuda_visible_devices": "2", "allocated_gib": 5.225533962249756, "reserved_gib": 8.041015625, "peak_allocated_gib": 7.100478649139404, "gpu_time_budget": null, "module": "model.layers.5.mlp.down_proj", "step": 4736}
{"stage": "sequential-round-coordinate", "pid": 4080976, "time": 1789707138.3916078, "cuda_visible_devices": "2", "allocated_gib": 5.225533962249756, "reserved_gib": 8.041015625, "peak_allocated_gib": 7.100478649139404, "gpu_time_budget": null, "module": "model.layers.5.mlp.down_proj", "step": 4864}
{"stage": "sequential-round-coordinate", "pid": 4080976, "time": 1789707139.281106, "cuda_visible_devices": "2", "allocated_gib": 5.225533962249756, "reserved_gib": 8.041015625, "peak_allocated_gib": 7.100478649139404, "gpu_time_budget": null, "module": "model.layers.5.mlp.down_proj", "step": 4992}
{"stage": "sequential-round-coordinate", "pid": 4080976, "time": 1789707140.1708422, "cuda_visible_devices": "2", "allocated_gib": 5.225533962249756, "reserved_gib": 8.041015625, "peak_allocated_gib": 7.100478649139404, "gpu_time_budget": null, "module": "model.layers.5.mlp.down_proj", "step": 5120}
{"stage": "sequential-round-coordinate", "pid": 4080976, "time": 1789707141.0603824, "cuda_visible_devices": "2", "allocated_gib": 5.225533962249756, "reserved_gib": 8.041015625, "peak_allocated_gib": 7.100478649139404, "gpu_time_budget": null, "module": "model.layers.5.mlp.down_proj", "step": 5248}
{"stage": "sequential-round-coordinate", "pid": 4080976, "time": 1789707141.9502776, "cuda_visible_devices": "2", "allocated_gib": 5.225533962249756, "reserved_gib": 8.041015625, "peak_allocated_gib": 7.100478649139404, "gpu_time_budget": null, "module": "model.layers.5.mlp.down_proj", "step": 5376}
{"stage": "sequential-round-coordinate", "pid": 4080976, "time": 1789707142.8404615, "cuda_visible_devices": "2", "allocated_gib": 5.225533962249756, "reserved_gib": 8.041015625, "peak_allocated_gib": 7.100478649139404, "gpu_time_budget": null, "module": "model.layers.5.mlp.down_proj", "step": 5504}
{"stage": "sequential-round-coordinate", "pid": 4080976, "time": 1789707143.730912, "cuda_visible_devices": "2", "allocated_gib": 5.225533962249756, "reserved_gib": 8.041015625, "peak_allocated_gib": 7.100478649139404, "gpu_time_budget": null, "module": "model.layers.5.mlp.down_proj", "step": 5632}
{"stage": "sequential-round-coordinate", "pid": 4080976, "time": 1789707144.622699, "cuda_visible_devices": "2", "allocated_gib": 5.225533962249756, "reserved_gib": 8.041015625, "peak_allocated_gib": 7.100478649139404, "gpu_time_budget": null, "module": "model.layers.5.mlp.down_proj", "step": 5760}
{"stage": "sequential-round-coordinate", "pid": 4080976, "time": 1789707145.5123823, "cuda_visible_devices": "2", "allocated_gib": 5.225533962249756, "reserved_gib": 8.041015625, "peak_allocated_gib": 7.100478649139404, "gpu_time_budget": null, "module": "model.layers.5.mlp.down_proj", "step": 5888}
{"stage": "sequential-round-coordinate", "pid": 4080976, "time": 1789707146.4007363, "cuda_visible_devices": "2", "allocated_gib": 5.225533962249756, "reserved_gib": 8.041015625, "peak_allocated_gib": 7.100478649139404, "gpu_time_budget": null, "module": "model.layers.5.mlp.down_proj", "step": 6016}
{"stage": "sequential-round-coordinate", "pid": 4080976, "time": 1789707147.2882302, "cuda_visible_devices": "2", "allocated_gib": 5.225533962249756, "reserved_gib": 8.041015625, "peak_allocated_gib": 7.100478649139404, "gpu_time_budget": null, "module": "model.layers.5.mlp.down_proj", "step": 6144}
{"stage": "sequential-round-coordinate", "pid": 4080976, "time": 1789707148.1756568, "cuda_visible_devices": "2", "allocated_gib": 5.225533962249756, "reserved_gib": 8.041015625, "peak_allocated_gib": 7.100478649139404, "gpu_time_budget": null, "module": "model.layers.5.mlp.down_proj", "step": 6272}
{"stage": "sequential-round-coordinate", "pid": 4080976, "time": 1789707149.0630097, "cuda_visible_devices": "2", "allocated_gib": 5.225533962249756, "reserved_gib": 8.041015625, "peak_allocated_gib": 7.100478649139404, "gpu_time_budget": null, "module": "model.layers.5.mlp.down_proj", "step": 6400}
{"stage": "sequential-round-coordinate", "pid": 4080976, "time": 1789707149.9521296, "cuda_visible_devices": "2", "allocated_gib": 5.225533962249756, "reserved_gib": 8.041015625, "peak_allocated_gib": 7.100478649139404, "gpu_time_budget": null, "module": "model.layers.5.mlp.down_proj", "step": 6528}
{"stage": "sequential-round-coordinate", "pid": 4080976, "time": 1789707150.8402731, "cuda_visible_devices": "2", "allocated_gib": 5.225533962249756, "reserved_gib": 8.041015625, "peak_allocated_gib": 7.100478649139404, "gpu_time_budget": null, "module": "model.layers.5.mlp.down_proj", "step": 6656}
{"stage": "sequential-round-coordinate", "pid": 4080976, "time": 1789707151.7274654, "cuda_visible_devices": "2", "allocated_gib": 5.225533962249756, "reserved_gib": 8.041015625, "peak_allocated_gib": 7.100478649139404, "gpu_time_budget": null, "module": "model.layers.5.mlp.down_proj", "step": 6784}
{"stage": "sequential-round-coordinate", "pid": 4080976, "time": 1789707152.6144018, "cuda_visible_devices": "2", "allocated_gib": 5.225533962249756, "reserved_gib": 8.041015625, "peak_allocated_gib": 7.100478649139404, "gpu_time_budget": null, "module": "model.layers.5.mlp.down_proj", "step": 6912}
{"stage": "sequential-round-coordinate", "pid": 4080976, "time": 1789707153.501553, "cuda_visible_devices": "2", "allocated_gib": 5.225533962249756, "reserved_gib": 8.041015625, "peak_allocated_gib": 7.100478649139404, "gpu_time_budget": null, "module": "model.layers.5.mlp.down_proj", "step": 7040}
{"stage": "sequential-round-coordinate", "pid": 4080976, "time": 1789707154.3883412, "cuda_visible_devices": "2", "allocated_gib": 5.225533962249756, "reserved_gib": 8.041015625, "peak_allocated_gib": 7.100478649139404, "gpu_time_budget": null, "module": "model.layers.5.mlp.down_proj", "step": 7168}
{"stage": "sequential-round-coordinate", "pid": 4080976, "time": 1789707155.2782452, "cuda_visible_devices": "2", "allocated_gib": 5.225533962249756, "reserved_gib": 8.041015625, "peak_allocated_gib": 7.100478649139404, "gpu_time_budget": null, "module": "model.layers.5.mlp.down_proj", "step": 7296}
{"stage": "sequential-round-coordinate", "pid": 4080976, "time": 1789707156.1661525, "cuda_visible_devices": "2", "allocated_gib": 5.225533962249756, "reserved_gib": 8.041015625, "peak_allocated_gib": 7.100478649139404, "gpu_time_budget": null, "module": "model.layers.5.mlp.down_proj", "step": 7424}
{"stage": "sequential-round-coordinate", "pid": 4080976, "time": 1789707157.0556064, "cuda_visible_devices": "2", "allocated_gib": 5.225533962249756, "reserved_gib": 8.041015625, "peak_allocated_gib": 7.100478649139404, "gpu_time_budget": null, "module": "model.layers.5.mlp.down_proj", "step": 7552}
{"stage": "sequential-round-coordinate", "pid": 4080976, "time": 1789707157.9424598, "cuda_visible_devices": "2", "allocated_gib": 5.225533962249756, "reserved_gib": 8.041015625, "peak_allocated_gib": 7.100478649139404, "gpu_time_budget": null, "module": "model.layers.5.mlp.down_proj", "step": 7680}
{"stage": "sequential-round-coordinate", "pid": 4080976, "time": 1789707158.8297, "cuda_visible_devices": "2", "allocated_gib": 5.225533962249756, "reserved_gib": 8.041015625, "peak_allocated_gib": 7.100478649139404, "gpu_time_budget": null, "module": "model.layers.5.mlp.down_proj", "step": 7808}
{"stage": "sequential-round-coordinate", "pid": 4080976, "time": 1789707159.7169664, "cuda_visible_devices": "2", "allocated_gib": 5.225533962249756, "reserved_gib": 8.041015625, "peak_allocated_gib": 7.100478649139404, "gpu_time_budget": null, "module": "model.layers.5.mlp.down_proj", "step": 7936}
{"stage": "sequential-round-coordinate", "pid": 4080976, "time": 1789707160.6047783, "cuda_visible_devices": "2", "allocated_gib": 5.225533962249756, "reserved_gib": 8.041015625, "peak_allocated_gib": 7.100478649139404, "gpu_time_budget": null, "module": "model.layers.5.mlp.down_proj", "step": 8064}
{"stage": "sequential-round-coordinate", "pid": 4080976, "time": 1789707161.5741646, "cuda_visible_devices": "2", "allocated_gib": 5.225533962249756, "reserved_gib": 8.041015625, "peak_allocated_gib": 7.100478649139404, "gpu_time_budget": null, "module": "model.layers.5.mlp.down_proj", "step": 8192}
{"stage": "sequential-round-train-nll", "pid": 4080976, "time": 1789707161.6148345, "cuda_visible_devices": "2", "allocated_gib": 3.795783519744873, "reserved_gib": 3.80078125, "peak_allocated_gib": 7.100478649139404, "gpu_time_budget": null, "module": "model.layers.5.mlp.down_proj", "step": 512}
Evaluation segment 1/1: start=0, windows=8, seqlen=2048
{"stage": "sequential-round-train-nll", "pid": 4080976, "time": 1789707166.9495118, "cuda_visible_devices": "2", "allocated_gib": 3.795783519744873, "reserved_gib": 5.791015625, "peak_allocated_gib": 7.100478649139404, "gpu_time_budget": null, "module": "model.layers.5.mlp.down_proj", "step": 2048}
Evaluation segment 1/1: start=0, windows=8, seqlen=2048
{"stage": "sequential-round-train-nll", "pid": 4080976, "time": 1789707172.2296534, "cuda_visible_devices": "2", "allocated_gib": 3.795783519744873, "reserved_gib": 5.791015625, "peak_allocated_gib": 7.100478649139404, "gpu_time_budget": null, "module": "model.layers.5.mlp.down_proj", "step": 8192}
Evaluation segment 1/1: start=0, windows=8, seqlen=2048
{"stage": "sequential-module-completed", "pid": 4080976, "time": 1789707177.5230749, "cuda_visible_devices": "2", "allocated_gib": 3.795783519744873, "reserved_gib": 5.791015625, "peak_allocated_gib": 7.100478649139404, "gpu_time_budget": null, "module": "model.layers.5.mlp.down_proj", "completed": 6, "total": 28, "selected_train_nll": 2.945441039609602, "elapsed_seconds": 350.50821496604476}
{"stage": "sequential-round-fit", "pid": 4080976, "time": 1789707180.6457937, "cuda_visible_devices": "2", "allocated_gib": 3.795783519744873, "reserved_gib": 5.791015625, "peak_allocated_gib": 7.100478649139404, "gpu_time_budget": null, "module": "model.layers.6.mlp.down_proj", "fit_rows": 49152, "heldout_rows": 16384}
{"stage": "sequential-round-coordinate", "pid": 4080976, "time": 1789707181.5894284, "cuda_visible_devices": "2", "allocated_gib": 5.225533962249756, "reserved_gib": 8.041015625, "peak_allocated_gib": 7.100478649139404, "gpu_time_budget": null, "module": "model.layers.6.mlp.down_proj", "step": 128}
{"stage": "sequential-round-coordinate", "pid": 4080976, "time": 1789707182.2834315, "cuda_visible_devices": "2", "allocated_gib": 5.225533962249756, "reserved_gib": 8.041015625, "peak_allocated_gib": 7.100478649139404, "gpu_time_budget": null, "module": "model.layers.6.mlp.down_proj", "step": 256}
{"stage": "sequential-round-coordinate", "pid": 4080976, "time": 1789707182.994157, "cuda_visible_devices": "2", "allocated_gib": 5.225533962249756, "reserved_gib": 8.041015625, "peak_allocated_gib": 7.100478649139404, "gpu_time_budget": null, "module": "model.layers.6.mlp.down_proj", "step": 384}
{"stage": "sequential-round-coordinate", "pid": 4080976, "time": 1789707183.8130684, "cuda_visible_devices": "2", "allocated_gib": 5.225533962249756, "reserved_gib": 8.041015625, "peak_allocated_gib": 7.100478649139404, "gpu_time_budget": null, "module": "model.layers.6.mlp.down_proj", "step": 512}
{"stage": "sequential-round-coordinate", "pid": 4080976, "time": 1789707184.4930015, "cuda_visible_devices": "2", "allocated_gib": 5.225533962249756, "reserved_gib": 8.041015625, "peak_allocated_gib": 7.100478649139404, "gpu_time_budget": null, "module": "model.layers.6.mlp.down_proj", "step": 640}
{"stage": "sequential-round-coordinate", "pid": 4080976, "time": 1789707185.1722875, "cuda_visible_devices": "2", "allocated_gib": 5.225533962249756, "reserved_gib": 8.041015625, "peak_allocated_gib": 7.100478649139404, "gpu_time_budget": null, "module": "model.layers.6.mlp.down_proj", "step": 768}
{"stage": "sequential-round-coordinate", "pid": 4080976, "time": 1789707185.8678937, "cuda_visible_devices": "2", "allocated_gib": 5.225533962249756, "reserved_gib": 8.041015625, "peak_allocated_gib": 7.100478649139404, "gpu_time_budget": null, "module": "model.layers.6.mlp.down_proj", "step": 896}
{"stage": "sequential-round-coordinate", "pid": 4080976, "time": 1789707186.5612054, "cuda_visible_devices": "2", "allocated_gib": 5.225533962249756, "reserved_gib": 8.041015625, "peak_allocated_gib": 7.100478649139404, "gpu_time_budget": null, "module": "model.layers.6.mlp.down_proj", "step": 1024}
{"stage": "sequential-round-coordinate", "pid": 4080976, "time": 1789707187.2548163, "cuda_visible_devices": "2", "allocated_gib": 5.225533962249756, "reserved_gib": 8.041015625, "peak_allocated_gib": 7.100478649139404, "gpu_time_budget": null, "module": "model.layers.6.mlp.down_proj", "step": 1152}
{"stage": "sequential-round-coordinate", "pid": 4080976, "time": 1789707187.9483807, "cuda_visible_devices": "2", "allocated_gib": 5.225533962249756, "reserved_gib": 8.041015625, "peak_allocated_gib": 7.100478649139404, "gpu_time_budget": null, "module": "model.layers.6.mlp.down_proj", "step": 1280}
{"stage": "sequential-round-coordinate", "pid": 4080976, "time": 1789707188.6515365, "cuda_visible_devices": "2", "allocated_gib": 5.225533962249756, "reserved_gib": 8.041015625, "peak_allocated_gib": 7.100478649139404, "gpu_time_budget": null, "module": "model.layers.6.mlp.down_proj", "step": 1408}
{"stage": "sequential-round-coordinate", "pid": 4080976, "time": 1789707189.387493, "cuda_visible_devices": "2", "allocated_gib": 5.225533962249756, "reserved_gib": 8.041015625, "peak_allocated_gib": 7.100478649139404, "gpu_time_budget": null, "module": "model.layers.6.mlp.down_proj", "step": 1536}
{"stage": "sequential-round-coordinate", "pid": 4080976, "time": 1789707190.0226853, "cuda_visible_devices": "2", "allocated_gib": 5.225533962249756, "reserved_gib": 8.041015625, "peak_allocated_gib": 7.100478649139404, "gpu_time_budget": null, "module": "model.layers.6.mlp.down_proj", "step": 1664}
{"stage": "sequential-round-coordinate", "pid": 4080976, "time": 1789707190.7568746, "cuda_visible_devices": "2", "allocated_gib": 5.225533962249756, "reserved_gib": 8.041015625, "peak_allocated_gib": 7.100478649139404, "gpu_time_budget": null, "module": "model.layers.6.mlp.down_proj", "step": 1792}
{"stage": "sequential-round-coordinate", "pid": 4080976, "time": 1789707191.4791536, "cuda_visible_devices": "2", "allocated_gib": 5.225533962249756, "reserved_gib": 8.041015625, "peak_allocated_gib": 7.100478649139404, "gpu_time_budget": null, "module": "model.layers.6.mlp.down_proj", "step": 1920}
{"stage": "sequential-round-coordinate", "pid": 4080976, "time": 1789707192.235311, "cuda_visible_devices": "2", "allocated_gib": 5.225533962249756, "reserved_gib": 8.041015625, "peak_allocated_gib": 7.100478649139404, "gpu_time_budget": null, "module": "model.layers.6.mlp.down_proj", "step": 2048}
{"stage": "sequential-round-coordinate", "pid": 4080976, "time": 1789707192.9309192, "cuda_visible_devices": "2", "allocated_gib": 5.225533962249756, "reserved_gib": 8.041015625, "peak_allocated_gib": 7.100478649139404, "gpu_time_budget": null, "module": "model.layers.6.mlp.down_proj", "step": 2176}
{"stage": "sequential-round-coordinate", "pid": 4080976, "time": 1789707193.6268446, "cuda_visible_devices": "2", "allocated_gib": 5.225533962249756, "reserved_gib": 8.041015625, "peak_allocated_gib": 7.100478649139404, "gpu_time_budget": null, "module": "model.layers.6.mlp.down_proj", "step": 2304}
{"stage": "sequential-round-coordinate", "pid": 4080976, "time": 1789707194.3393612, "cuda_visible_devices": "2", "allocated_gib": 5.225533962249756, "reserved_gib": 8.041015625, "peak_allocated_gib": 7.100478649139404, "gpu_time_budget": null, "module": "model.layers.6.mlp.down_proj", "step": 2432}
{"stage": "sequential-round-coordinate", "pid": 4080976, "time": 1789707194.946482, "cuda_visible_devices": "2", "allocated_gib": 5.225533962249756, "reserved_gib": 8.041015625, "peak_allocated_gib": 7.100478649139404, "gpu_time_budget": null, "module": "model.layers.6.mlp.down_proj", "step": 2560}
{"stage": "sequential-round-coordinate", "pid": 4080976, "time": 1789707195.5289028, "cuda_visible_devices": "2", "allocated_gib": 5.225533962249756, "reserved_gib": 8.041015625, "peak_allocated_gib": 7.100478649139404, "gpu_time_budget": null, "module": "model.layers.6.mlp.down_proj", "step": 2688}
{"stage": "sequential-round-coordinate", "pid": 4080976, "time": 1789707196.1146286, "cuda_visible_devices": "2", "allocated_gib": 5.225533962249756, "reserved_gib": 8.041015625, "peak_allocated_gib": 7.100478649139404, "gpu_time_budget": null, "module": "model.layers.6.mlp.down_proj", "step": 2816}
{"stage": "sequential-round-coordinate", "pid": 4080976, "time": 1789707196.6953793, "cuda_visible_devices": "2", "allocated_gib": 5.225533962249756, "reserved_gib": 8.041015625, "peak_allocated_gib": 7.100478649139404, "gpu_time_budget": null, "module": "model.layers.6.mlp.down_proj", "step": 2944}
{"stage": "sequential-round-coordinate", "pid": 4080976, "time": 1789707197.279712, "cuda_visible_devices": "2", "allocated_gib": 5.225533962249756, "reserved_gib": 8.041015625, "peak_allocated_gib": 7.100478649139404, "gpu_time_budget": null, "module": "model.layers.6.mlp.down_proj", "step": 3072}
{"stage": "sequential-round-coordinate", "pid": 4080976, "time": 1789707197.860789, "cuda_visible_devices": "2", "allocated_gib": 5.225533962249756, "reserved_gib": 8.041015625, "peak_allocated_gib": 7.100478649139404, "gpu_time_budget": null, "module": "model.layers.6.mlp.down_proj", "step": 3200}
{"stage": "sequential-round-coordinate", "pid": 4080976, "time": 1789707198.4448807, "cuda_visible_devices": "2", "allocated_gib": 5.225533962249756, "reserved_gib": 8.041015625, "peak_allocated_gib": 7.100478649139404, "gpu_time_budget": null, "module": "model.layers.6.mlp.down_proj", "step": 3328}
{"stage": "sequential-round-coordinate", "pid": 4080976, "time": 1789707199.0178068, "cuda_visible_devices": "2", "allocated_gib": 5.225533962249756, "reserved_gib": 8.041015625, "peak_allocated_gib": 7.100478649139404, "gpu_time_budget": null, "module": "model.layers.6.mlp.down_proj", "step": 3456}
{"stage": "sequential-round-coordinate", "pid": 4080976, "time": 1789707199.7947514, "cuda_visible_devices": "2", "allocated_gib": 5.225533962249756, "reserved_gib": 8.041015625, "peak_allocated_gib": 7.100478649139404, "gpu_time_budget": null, "module": "model.layers.6.mlp.down_proj", "step": 3584}
{"stage": "sequential-round-coordinate", "pid": 4080976, "time": 1789707200.7156143, "cuda_visible_devices": "2", "allocated_gib": 5.225533962249756, "reserved_gib": 8.041015625, "peak_allocated_gib": 7.100478649139404, "gpu_time_budget": null, "module": "model.layers.6.mlp.down_proj", "step": 3712}
{"stage": "sequential-round-coordinate", "pid": 4080976, "time": 1789707201.6020737, "cuda_visible_devices": "2", "allocated_gib": 5.225533962249756, "reserved_gib": 8.041015625, "peak_allocated_gib": 7.100478649139404, "gpu_time_budget": null, "module": "model.layers.6.mlp.down_proj", "step": 3840}
{"stage": "sequential-round-coordinate", "pid": 4080976, "time": 1789707202.4952676, "cuda_visible_devices": "2", "allocated_gib": 5.225533962249756, "reserved_gib": 8.041015625, "peak_allocated_gib": 7.100478649139404, "gpu_time_budget": null, "module": "model.layers.6.mlp.down_proj", "step": 3968}
{"stage": "sequential-round-coordinate", "pid": 4080976, "time": 1789707203.3720977, "cuda_visible_devices": "2", "allocated_gib": 5.225533962249756, "reserved_gib": 8.041015625, "peak_allocated_gib": 7.100478649139404, "gpu_time_budget": null, "module": "model.layers.6.mlp.down_proj", "step": 4096}
{"stage": "sequential-round-coordinate", "pid": 4080976, "time": 1789707204.2654862, "cuda_visible_devices": "2", "allocated_gib": 5.225533962249756, "reserved_gib": 8.041015625, "peak_allocated_gib": 7.100478649139404, "gpu_time_budget": null, "module": "model.layers.6.mlp.down_proj", "step": 4224}
{"stage": "sequential-round-coordinate", "pid": 4080976, "time": 1789707205.153101, "cuda_visible_devices": "2", "allocated_gib": 5.225533962249756, "reserved_gib": 8.041015625, "peak_allocated_gib": 7.100478649139404, "gpu_time_budget": null, "module": "model.layers.6.mlp.down_proj", "step": 4352}
{"stage": "sequential-round-coordinate", "pid": 4080976, "time": 1789707206.0401716, "cuda_visible_devices": "2", "allocated_gib": 5.225533962249756, "reserved_gib": 8.041015625, "peak_allocated_gib": 7.100478649139404, "gpu_time_budget": null, "module": "model.layers.6.mlp.down_proj", "step": 4480}
{"stage": "sequential-round-coordinate", "pid": 4080976, "time": 1789707206.9279883, "cuda_visible_devices": "2", "allocated_gib": 5.225533962249756, "reserved_gib": 8.041015625, "peak_allocated_gib": 7.100478649139404, "gpu_time_budget": null, "module": "model.layers.6.mlp.down_proj", "step": 4608}
{"stage": "sequential-round-coordinate", "pid": 4080976, "time": 1789707207.815141, "cuda_visible_devices": "2", "allocated_gib": 5.225533962249756, "reserved_gib": 8.041015625, "peak_allocated_gib": 7.100478649139404, "gpu_time_budget": null, "module": "model.layers.6.mlp.down_proj", "step": 4736}
{"stage": "sequential-round-coordinate", "pid": 4080976, "time": 1789707208.705044, "cuda_visible_devices": "2", "allocated_gib": 5.225533962249756, "reserved_gib": 8.041015625, "peak_allocated_gib": 7.100478649139404, "gpu_time_budget": null, "module": "model.layers.6.mlp.down_proj", "step": 4864}
{"stage": "sequential-round-coordinate", "pid": 4080976, "time": 1789707209.5890052, "cuda_visible_devices": "2", "allocated_gib": 5.225533962249756, "reserved_gib": 8.041015625, "peak_allocated_gib": 7.100478649139404, "gpu_time_budget": null, "module": "model.layers.6.mlp.down_proj", "step": 4992}
{"stage": "sequential-round-coordinate", "pid": 4080976, "time": 1789707210.4770868, "cuda_visible_devices": "2", "allocated_gib": 5.225533962249756, "reserved_gib": 8.041015625, "peak_allocated_gib": 7.100478649139404, "gpu_time_budget": null, "module": "model.layers.6.mlp.down_proj", "step": 5120}
{"stage": "sequential-round-coordinate", "pid": 4080976, "time": 1789707211.3590956, "cuda_visible_devices": "2", "allocated_gib": 5.225533962249756, "reserved_gib": 8.041015625, "peak_allocated_gib": 7.100478649139404, "gpu_time_budget": null, "module": "model.layers.6.mlp.down_proj", "step": 5248}
{"stage": "sequential-round-coordinate", "pid": 4080976, "time": 1789707212.2472508, "cuda_visible_devices": "2", "allocated_gib": 5.225533962249756, "reserved_gib": 8.041015625, "peak_allocated_gib": 7.100478649139404, "gpu_time_budget": null, "module": "model.layers.6.mlp.down_proj", "step": 5376}
{"stage": "sequential-round-coordinate", "pid": 4080976, "time": 1789707213.143838, "cuda_visible_devices": "2", "allocated_gib": 5.225533962249756, "reserved_gib": 8.041015625, "peak_allocated_gib": 7.100478649139404, "gpu_time_budget": null, "module": "model.layers.6.mlp.down_proj", "step": 5504}
{"stage": "sequential-round-coordinate", "pid": 4080976, "time": 1789707214.0330958, "cuda_visible_devices": "2", "allocated_gib": 5.225533962249756, "reserved_gib": 8.041015625, "peak_allocated_gib": 7.100478649139404, "gpu_time_budget": null, "module": "model.layers.6.mlp.down_proj", "step": 5632}
{"stage": "sequential-round-coordinate", "pid": 4080976, "time": 1789707214.9223604, "cuda_visible_devices": "2", "allocated_gib": 5.225533962249756, "reserved_gib": 8.041015625, "peak_allocated_gib": 7.100478649139404, "gpu_time_budget": null, "module": "model.layers.6.mlp.down_proj", "step": 5760}
{"stage": "sequential-round-coordinate", "pid": 4080976, "time": 1789707215.8091793, "cuda_visible_devices": "2", "allocated_gib": 5.225533962249756, "reserved_gib": 8.041015625, "peak_allocated_gib": 7.100478649139404, "gpu_time_budget": null, "module": "model.layers.6.mlp.down_proj", "step": 5888}
{"stage": "sequential-round-coordinate", "pid": 4080976, "time": 1789707216.696448, "cuda_visible_devices": "2", "allocated_gib": 5.225533962249756, "reserved_gib": 8.041015625, "peak_allocated_gib": 7.100478649139404, "gpu_time_budget": null, "module": "model.layers.6.mlp.down_proj", "step": 6016}
{"stage": "sequential-round-coordinate", "pid": 4080976, "time": 1789707217.5863738, "cuda_visible_devices": "2", "allocated_gib": 5.225533962249756, "reserved_gib": 8.041015625, "peak_allocated_gib": 7.100478649139404, "gpu_time_budget": null, "module": "model.layers.6.mlp.down_proj", "step": 6144}
{"stage": "sequential-round-coordinate", "pid": 4080976, "time": 1789707218.4702263, "cuda_visible_devices": "2", "allocated_gib": 5.225533962249756, "reserved_gib": 8.041015625, "peak_allocated_gib": 7.100478649139404, "gpu_time_budget": null, "module": "model.layers.6.mlp.down_proj", "step": 6272}
{"stage": "sequential-round-coordinate", "pid": 4080976, "time": 1789707219.3563778, "cuda_visible_devices": "2", "allocated_gib": 5.225533962249756, "reserved_gib": 8.041015625, "peak_allocated_gib": 7.100478649139404, "gpu_time_budget": null, "module": "model.layers.6.mlp.down_proj", "step": 6400}
{"stage": "sequential-round-coordinate", "pid": 4080976, "time": 1789707220.2428696, "cuda_visible_devices": "2", "allocated_gib": 5.225533962249756, "reserved_gib": 8.041015625, "peak_allocated_gib": 7.100478649139404, "gpu_time_budget": null, "module": "model.layers.6.mlp.down_proj", "step": 6528}
{"stage": "sequential-round-coordinate", "pid": 4080976, "time": 1789707221.130323, "cuda_visible_devices": "2", "allocated_gib": 5.225533962249756, "reserved_gib": 8.041015625, "peak_allocated_gib": 7.100478649139404, "gpu_time_budget": null, "module": "model.layers.6.mlp.down_proj", "step": 6656}
{"stage": "sequential-round-coordinate", "pid": 4080976, "time": 1789707222.018756, "cuda_visible_devices": "2", "allocated_gib": 5.225533962249756, "reserved_gib": 8.041015625, "peak_allocated_gib": 7.100478649139404, "gpu_time_budget": null, "module": "model.layers.6.mlp.down_proj", "step": 6784}
{"stage": "sequential-round-coordinate", "pid": 4080976, "time": 1789707222.9074957, "cuda_visible_devices": "2", "allocated_gib": 5.225533962249756, "reserved_gib": 8.041015625, "peak_allocated_gib": 7.100478649139404, "gpu_time_budget": null, "module": "model.layers.6.mlp.down_proj", "step": 6912}
{"stage": "sequential-round-coordinate", "pid": 4080976, "time": 1789707223.7951596, "cuda_visible_devices": "2", "allocated_gib": 5.225533962249756, "reserved_gib": 8.041015625, "peak_allocated_gib": 7.100478649139404, "gpu_time_budget": null, "module": "model.layers.6.mlp.down_proj", "step": 7040}
{"stage": "sequential-round-coordinate", "pid": 4080976, "time": 1789707224.6811612, "cuda_visible_devices": "2", "allocated_gib": 5.225533962249756, "reserved_gib": 8.041015625, "peak_allocated_gib": 7.100478649139404, "gpu_time_budget": null, "module": "model.layers.6.mlp.down_proj", "step": 7168}
{"stage": "sequential-round-coordinate", "pid": 4080976, "time": 1789707225.5682151, "cuda_visible_devices": "2", "allocated_gib": 5.225533962249756, "reserved_gib": 8.041015625, "peak_allocated_gib": 7.100478649139404, "gpu_time_budget": null, "module": "model.layers.6.mlp.down_proj", "step": 7296}
{"stage": "sequential-round-coordinate", "pid": 4080976, "time": 1789707226.4549818, "cuda_visible_devices": "2", "allocated_gib": 5.225533962249756, "reserved_gib": 8.041015625, "peak_allocated_gib": 7.100478649139404, "gpu_time_budget": null, "module": "model.layers.6.mlp.down_proj", "step": 7424}
{"stage": "sequential-round-coordinate", "pid": 4080976, "time": 1789707227.342216, "cuda_visible_devices": "2", "allocated_gib": 5.225533962249756, "reserved_gib": 8.041015625, "peak_allocated_gib": 7.100478649139404, "gpu_time_budget": null, "module": "model.layers.6.mlp.down_proj", "step": 7552}
{"stage": "sequential-round-coordinate", "pid": 4080976, "time": 1789707228.230842, "cuda_visible_devices": "2", "allocated_gib": 5.225533962249756, "reserved_gib": 8.041015625, "peak_allocated_gib": 7.100478649139404, "gpu_time_budget": null, "module": "model.layers.6.mlp.down_proj", "step": 7680}
{"stage": "sequential-round-coordinate", "pid": 4080976, "time": 1789707229.1177952, "cuda_visible_devices": "2", "allocated_gib": 5.225533962249756, "reserved_gib": 8.041015625, "peak_allocated_gib": 7.100478649139404, "gpu_time_budget": null, "module": "model.layers.6.mlp.down_proj", "step": 7808}
{"stage": "sequential-round-coordinate", "pid": 4080976, "time": 1789707230.0055676, "cuda_visible_devices": "2", "allocated_gib": 5.225533962249756, "reserved_gib": 8.041015625, "peak_allocated_gib": 7.100478649139404, "gpu_time_budget": null, "module": "model.layers.6.mlp.down_proj", "step": 7936}
{"stage": "sequential-round-coordinate", "pid": 4080976, "time": 1789707230.8944588, "cuda_visible_devices": "2", "allocated_gib": 5.225533962249756, "reserved_gib": 8.041015625, "peak_allocated_gib": 7.100478649139404, "gpu_time_budget": null, "module": "model.layers.6.mlp.down_proj", "step": 8064}
{"stage": "sequential-round-coordinate", "pid": 4080976, "time": 1789707231.8660738, "cuda_visible_devices": "2", "allocated_gib": 5.225533962249756, "reserved_gib": 8.041015625, "peak_allocated_gib": 7.100478649139404, "gpu_time_budget": null, "module": "model.layers.6.mlp.down_proj", "step": 8192}
{"stage": "sequential-round-train-nll", "pid": 4080976, "time": 1789707231.9134884, "cuda_visible_devices": "2", "allocated_gib": 3.795783519744873, "reserved_gib": 3.80078125, "peak_allocated_gib": 7.100478649139404, "gpu_time_budget": null, "module": "model.layers.6.mlp.down_proj", "step": 512}
Evaluation segment 1/1: start=0, windows=8, seqlen=2048
{"stage": "sequential-round-train-nll", "pid": 4080976, "time": 1789707237.176057, "cuda_visible_devices": "2", "allocated_gib": 3.795783519744873, "reserved_gib": 5.791015625, "peak_allocated_gib": 7.100478649139404, "gpu_time_budget": null, "module": "model.layers.6.mlp.down_proj", "step": 2048}
Evaluation segment 1/1: start=0, windows=8, seqlen=2048
{"stage": "sequential-round-train-nll", "pid": 4080976, "time": 1789707242.4308565, "cuda_visible_devices": "2", "allocated_gib": 3.795783519744873, "reserved_gib": 5.791015625, "peak_allocated_gib": 7.100478649139404, "gpu_time_budget": null, "module": "model.layers.6.mlp.down_proj", "step": 8192}
Evaluation segment 1/1: start=0, windows=8, seqlen=2048
{"stage": "sequential-module-completed", "pid": 4080976, "time": 1789707247.6907516, "cuda_visible_devices": "2", "allocated_gib": 3.795783519744873, "reserved_gib": 5.791015625, "peak_allocated_gib": 7.100478649139404, "gpu_time_budget": null, "module": "model.layers.6.mlp.down_proj", "completed": 7, "total": 28, "selected_train_nll": 2.945441039609602, "elapsed_seconds": 420.675902736024}
{"stage": "sequential-round-fit", "pid": 4080976, "time": 1789707250.7058742, "cuda_visible_devices": "2", "allocated_gib": 3.795783519744873, "reserved_gib": 5.791015625, "peak_allocated_gib": 7.100478649139404, "gpu_time_budget": null, "module": "model.layers.7.mlp.down_proj", "fit_rows": 49152, "heldout_rows": 16384}
{"stage": "sequential-round-coordinate", "pid": 4080976, "time": 1789707251.7641215, "cuda_visible_devices": "2", "allocated_gib": 5.225533962249756, "reserved_gib": 8.041015625, "peak_allocated_gib": 7.100478649139404, "gpu_time_budget": null, "module": "model.layers.7.mlp.down_proj", "step": 128}
{"stage": "sequential-round-coordinate", "pid": 4080976, "time": 1789707252.4552097, "cuda_visible_devices": "2", "allocated_gib": 5.225533962249756, "reserved_gib": 8.041015625, "peak_allocated_gib": 7.100478649139404, "gpu_time_budget": null, "module": "model.layers.7.mlp.down_proj", "step": 256}
{"stage": "sequential-round-coordinate", "pid": 4080976, "time": 1789707253.1488225, "cuda_visible_devices": "2", "allocated_gib": 5.225533962249756, "reserved_gib": 8.041015625, "peak_allocated_gib": 7.100478649139404, "gpu_time_budget": null, "module": "model.layers.7.mlp.down_proj", "step": 384}
{"stage": "sequential-round-coordinate", "pid": 4080976, "time": 1789707253.878325, "cuda_visible_devices": "2", "allocated_gib": 5.225533962249756, "reserved_gib": 8.041015625, "peak_allocated_gib": 7.100478649139404, "gpu_time_budget": null, "module": "model.layers.7.mlp.down_proj", "step": 512}
{"stage": "sequential-round-coordinate", "pid": 4080976, "time": 1789707254.582247, "cuda_visible_devices": "2", "allocated_gib": 5.225533962249756, "reserved_gib": 8.041015625, "peak_allocated_gib": 7.100478649139404, "gpu_time_budget": null, "module": "model.layers.7.mlp.down_proj", "step": 640}
{"stage": "sequential-round-coordinate", "pid": 4080976, "time": 1789707255.2832487, "cuda_visible_devices": "2", "allocated_gib": 5.225533962249756, "reserved_gib": 8.041015625, "peak_allocated_gib": 7.100478649139404, "gpu_time_budget": null, "module": "model.layers.7.mlp.down_proj", "step": 768}
{"stage": "sequential-round-coordinate", "pid": 4080976, "time": 1789707256.0198736, "cuda_visible_devices": "2", "allocated_gib": 5.225533962249756, "reserved_gib": 8.041015625, "peak_allocated_gib": 7.100478649139404, "gpu_time_budget": null, "module": "model.layers.7.mlp.down_proj", "step": 896}
{"stage": "sequential-round-coordinate", "pid": 4080976, "time": 1789707256.7600405, "cuda_visible_devices": "2", "allocated_gib": 5.225533962249756, "reserved_gib": 8.041015625, "peak_allocated_gib": 7.100478649139404, "gpu_time_budget": null, "module": "model.layers.7.mlp.down_proj", "step": 1024}
{"stage": "sequential-round-coordinate", "pid": 4080976, "time": 1789707257.4701352, "cuda_visible_devices": "2", "allocated_gib": 5.225533962249756, "reserved_gib": 8.041015625, "peak_allocated_gib": 7.100478649139404, "gpu_time_budget": null, "module": "model.layers.7.mlp.down_proj", "step": 1152}
{"stage": "sequential-round-coordinate", "pid": 4080976, "time": 1789707258.1708279, "cuda_visible_devices": "2", "allocated_gib": 5.225533962249756, "reserved_gib": 8.041015625, "peak_allocated_gib": 7.100478649139404, "gpu_time_budget": null, "module": "model.layers.7.mlp.down_proj", "step": 1280}
{"stage": "sequential-round-coordinate", "pid": 4080976, "time": 1789707258.8389008, "cuda_visible_devices": "2", "allocated_gib": 5.225533962249756, "reserved_gib": 8.041015625, "peak_allocated_gib": 7.100478649139404, "gpu_time_budget": null, "module": "model.layers.7.mlp.down_proj", "step": 1408}
{"stage": "sequential-round-coordinate", "pid": 4080976, "time": 1789707259.534981, "cuda_visible_devices": "2", "allocated_gib": 5.225533962249756, "reserved_gib": 8.041015625, "peak_allocated_gib": 7.100478649139404, "gpu_time_budget": null, "module": "model.layers.7.mlp.down_proj", "step": 1536}
{"stage": "sequential-round-coordinate", "pid": 4080976, "time": 1789707260.228135, "cuda_visible_devices": "2", "allocated_gib": 5.225533962249756, "reserved_gib": 8.041015625, "peak_allocated_gib": 7.100478649139404, "gpu_time_budget": null, "module": "model.layers.7.mlp.down_proj", "step": 1664}
{"stage": "sequential-round-coordinate", "pid": 4080976, "time": 1789707260.944341, "cuda_visible_devices": "2", "allocated_gib": 5.225533962249756, "reserved_gib": 8.041015625, "peak_allocated_gib": 7.100478649139404, "gpu_time_budget": null, "module": "model.layers.7.mlp.down_proj", "step": 1792}
{"stage": "sequential-round-coordinate", "pid": 4080976, "time": 1789707261.6779864, "cuda_visible_devices": "2", "allocated_gib": 5.225533962249756, "reserved_gib": 8.041015625, "peak_allocated_gib": 7.100478649139404, "gpu_time_budget": null, "module": "model.layers.7.mlp.down_proj", "step": 1920}
{"stage": "sequential-round-coordinate", "pid": 4080976, "time": 1789707262.4687672, "cuda_visible_devices": "2", "allocated_gib": 5.225533962249756, "reserved_gib": 8.041015625, "peak_allocated_gib": 7.100478649139404, "gpu_time_budget": null, "module": "model.layers.7.mlp.down_proj", "step": 2048}
{"stage": "sequential-round-coordinate", "pid": 4080976, "time": 1789707263.1638238, "cuda_visible_devices": "2", "allocated_gib": 5.225533962249756, "reserved_gib": 8.041015625, "peak_allocated_gib": 7.100478649139404, "gpu_time_budget": null, "module": "model.layers.7.mlp.down_proj", "step": 2176}
{"stage": "sequential-round-coordinate", "pid": 4080976, "time": 1789707263.7868865, "cuda_visible_devices": "2", "allocated_gib": 5.225533962249756, "reserved_gib": 8.041015625, "peak_allocated_gib": 7.100478649139404, "gpu_time_budget": null, "module": "model.layers.7.mlp.down_proj", "step": 2304}
{"stage": "sequential-round-coordinate", "pid": 4080976, "time": 1789707264.3534718, "cuda_visible_devices": "2", "allocated_gib": 5.225533962249756, "reserved_gib": 8.041015625, "peak_allocated_gib": 7.100478649139404, "gpu_time_budget": null, "module": "model.layers.7.mlp.down_proj", "step": 2432}
{"stage": "sequential-round-coordinate", "pid": 4080976, "time": 1789707264.937655, "cuda_visible_devices": "2", "allocated_gib": 5.225533962249756, "reserved_gib": 8.041015625, "peak_allocated_gib": 7.100478649139404, "gpu_time_budget": null, "module": "model.layers.7.mlp.down_proj", "step": 2560}
{"stage": "sequential-round-coordinate", "pid": 4080976, "time": 1789707265.5228348, "cuda_visible_devices": "2", "allocated_gib": 5.225533962249756, "reserved_gib": 8.041015625, "peak_allocated_gib": 7.100478649139404, "gpu_time_budget": null, "module": "model.layers.7.mlp.down_proj", "step": 2688}
{"stage": "sequential-round-coordinate", "pid": 4080976, "time": 1789707266.1029534, "cuda_visible_devices": "2", "allocated_gib": 5.225533962249756, "reserved_gib": 8.041015625, "peak_allocated_gib": 7.100478649139404, "gpu_time_budget": null, "module": "model.layers.7.mlp.down_proj", "step": 2816}
{"stage": "sequential-round-coordinate", "pid": 4080976, "time": 1789707266.685611, "cuda_visible_devices": "2", "allocated_gib": 5.225533962249756, "reserved_gib": 8.041015625, "peak_allocated_gib": 7.100478649139404, "gpu_time_budget": null, "module": "model.layers.7.mlp.down_proj", "step": 2944}
{"stage": "sequential-round-coordinate", "pid": 4080976, "time": 1789707267.2721217, "cuda_visible_devices": "2", "allocated_gib": 5.225533962249756, "reserved_gib": 8.041015625, "peak_allocated_gib": 7.100478649139404, "gpu_time_budget": null, "module": "model.layers.7.mlp.down_proj", "step": 3072}
{"stage": "sequential-round-coordinate", "pid": 4080976, "time": 1789707267.8526897, "cuda_visible_devices": "2", "allocated_gib": 5.225533962249756, "reserved_gib": 8.041015625, "peak_allocated_gib": 7.100478649139404, "gpu_time_budget": null, "module": "model.layers.7.mlp.down_proj", "step": 3200}
{"stage": "sequential-round-coordinate", "pid": 4080976, "time": 1789707268.436869, "cuda_visible_devices": "2", "allocated_gib": 5.225533962249756, "reserved_gib": 8.041015625, "peak_allocated_gib": 7.100478649139404, "gpu_time_budget": null, "module": "model.layers.7.mlp.down_proj", "step": 3328}
{"stage": "sequential-round-coordinate", "pid": 4080976, "time": 1789707269.0804167, "cuda_visible_devices": "2", "allocated_gib": 5.225533962249756, "reserved_gib": 8.041015625, "peak_allocated_gib": 7.100478649139404, "gpu_time_budget": null, "module": "model.layers.7.mlp.down_proj", "step": 3456}
{"stage": "sequential-round-coordinate", "pid": 4080976, "time": 1789707269.9673727, "cuda_visible_devices": "2", "allocated_gib": 5.225533962249756, "reserved_gib": 8.041015625, "peak_allocated_gib": 7.100478649139404, "gpu_time_budget": null, "module": "model.layers.7.mlp.down_proj", "step": 3584}
{"stage": "sequential-round-coordinate", "pid": 4080976, "time": 1789707270.851276, "cuda_visible_devices": "2", "allocated_gib": 5.225533962249756, "reserved_gib": 8.041015625, "peak_allocated_gib": 7.100478649139404, "gpu_time_budget": null, "module": "model.layers.7.mlp.down_proj", "step": 3712}
{"stage": "sequential-round-coordinate", "pid": 4080976, "time": 1789707271.7359364, "cuda_visible_devices": "2", "allocated_gib": 5.225533962249756, "reserved_gib": 8.041015625, "peak_allocated_gib": 7.100478649139404, "gpu_time_budget": null, "module": "model.layers.7.mlp.down_proj", "step": 3840}
{"stage": "sequential-round-coordinate", "pid": 4080976, "time": 1789707272.6285424, "cuda_visible_devices": "2", "allocated_gib": 5.225533962249756, "reserved_gib": 8.041015625, "peak_allocated_gib": 7.100478649139404, "gpu_time_budget": null, "module": "model.layers.7.mlp.down_proj", "step": 3968}
{"stage": "sequential-round-coordinate", "pid": 4080976, "time": 1789707273.515583, "cuda_visible_devices": "2", "allocated_gib": 5.225533962249756, "reserved_gib": 8.041015625, "peak_allocated_gib": 7.100478649139404, "gpu_time_budget": null, "module": "model.layers.7.mlp.down_proj", "step": 4096}
{"stage": "sequential-round-coordinate", "pid": 4080976, "time": 1789707274.4003782, "cuda_visible_devices": "2", "allocated_gib": 5.225533962249756, "reserved_gib": 8.041015625, "peak_allocated_gib": 7.100478649139404, "gpu_time_budget": null, "module": "model.layers.7.mlp.down_proj", "step": 4224}
{"stage": "sequential-round-coordinate", "pid": 4080976, "time": 1789707275.2862751, "cuda_visible_devices": "2", "allocated_gib": 5.225533962249756, "reserved_gib": 8.041015625, "peak_allocated_gib": 7.100478649139404, "gpu_time_budget": null, "module": "model.layers.7.mlp.down_proj", "step": 4352}
{"stage": "sequential-round-coordinate", "pid": 4080976, "time": 1789707276.1787012, "cuda_visible_devices": "2", "allocated_gib": 5.225533962249756, "reserved_gib": 8.041015625, "peak_allocated_gib": 7.100478649139404, "gpu_time_budget": null, "module": "model.layers.7.mlp.down_proj", "step": 4480}
{"stage": "sequential-round-coordinate", "pid": 4080976, "time": 1789707277.0670295, "cuda_visible_devices": "2", "allocated_gib": 5.225533962249756, "reserved_gib": 8.041015625, "peak_allocated_gib": 7.100478649139404, "gpu_time_budget": null, "module": "model.layers.7.mlp.down_proj", "step": 4608}
{"stage": "sequential-round-coordinate", "pid": 4080976, "time": 1789707277.9533563, "cuda_visible_devices": "2", "allocated_gib": 5.225533962249756, "reserved_gib": 8.041015625, "peak_allocated_gib": 7.100478649139404, "gpu_time_budget": null, "module": "model.layers.7.mlp.down_proj", "step": 4736}
{"stage": "sequential-round-coordinate", "pid": 4080976, "time": 1789707278.8412857, "cuda_visible_devices": "2", "allocated_gib": 5.225533962249756, "reserved_gib": 8.041015625, "peak_allocated_gib": 7.100478649139404, "gpu_time_budget": null, "module": "model.layers.7.mlp.down_proj", "step": 4864}
{"stage": "sequential-round-coordinate", "pid": 4080976, "time": 1789707279.7289522, "cuda_visible_devices": "2", "allocated_gib": 5.225533962249756, "reserved_gib": 8.041015625, "peak_allocated_gib": 7.100478649139404, "gpu_time_budget": null, "module": "model.layers.7.mlp.down_proj", "step": 4992}
{"stage": "sequential-round-coordinate", "pid": 4080976, "time": 1789707280.6153104, "cuda_visible_devices": "2", "allocated_gib": 5.225533962249756, "reserved_gib": 8.041015625, "peak_allocated_gib": 7.100478649139404, "gpu_time_budget": null, "module": "model.layers.7.mlp.down_proj", "step": 5120}
{"stage": "sequential-round-coordinate", "pid": 4080976, "time": 1789707281.502766, "cuda_visible_devices": "2", "allocated_gib": 5.225533962249756, "reserved_gib": 8.041015625, "peak_allocated_gib": 7.100478649139404, "gpu_time_budget": null, "module": "model.layers.7.mlp.down_proj", "step": 5248}
{"stage": "sequential-round-coordinate", "pid": 4080976, "time": 1789707282.3891091, "cuda_visible_devices": "2", "allocated_gib": 5.225533962249756, "reserved_gib": 8.041015625, "peak_allocated_gib": 7.100478649139404, "gpu_time_budget": null, "module": "model.layers.7.mlp.down_proj", "step": 5376}
{"stage": "sequential-round-coordinate", "pid": 4080976, "time": 1789707283.2869031, "cuda_visible_devices": "2", "allocated_gib": 5.225533962249756, "reserved_gib": 8.041015625, "peak_allocated_gib": 7.100478649139404, "gpu_time_budget": null, "module": "model.layers.7.mlp.down_proj", "step": 5504}
{"stage": "sequential-round-coordinate", "pid": 4080976, "time": 1789707284.1729388, "cuda_visible_devices": "2", "allocated_gib": 5.225533962249756, "reserved_gib": 8.041015625, "peak_allocated_gib": 7.100478649139404, "gpu_time_budget": null, "module": "model.layers.7.mlp.down_proj", "step": 5632}
{"stage": "sequential-round-coordinate", "pid": 4080976, "time": 1789707285.064096, "cuda_visible_devices": "2", "allocated_gib": 5.225533962249756, "reserved_gib": 8.041015625, "peak_allocated_gib": 7.100478649139404, "gpu_time_budget": null, "module": "model.layers.7.mlp.down_proj", "step": 5760}
{"stage": "sequential-round-coordinate", "pid": 4080976, "time": 1789707285.9534786, "cuda_visible_devices": "2", "allocated_gib": 5.225533962249756, "reserved_gib": 8.041015625, "peak_allocated_gib": 7.100478649139404, "gpu_time_budget": null, "module": "model.layers.7.mlp.down_proj", "step": 5888}
{"stage": "sequential-round-coordinate", "pid": 4080976, "time": 1789707286.843008, "cuda_visible_devices": "2", "allocated_gib": 5.225533962249756, "reserved_gib": 8.041015625, "peak_allocated_gib": 7.100478649139404, "gpu_time_budget": null, "module": "model.layers.7.mlp.down_proj", "step": 6016}
{"stage": "sequential-round-coordinate", "pid": 4080976, "time": 1789707287.7347476, "cuda_visible_devices": "2", "allocated_gib": 5.225533962249756, "reserved_gib": 8.041015625, "peak_allocated_gib": 7.100478649139404, "gpu_time_budget": null, "module": "model.layers.7.mlp.down_proj", "step": 6144}
{"stage": "sequential-round-coordinate", "pid": 4080976, "time": 1789707288.6239283, "cuda_visible_devices": "2", "allocated_gib": 5.225533962249756, "reserved_gib": 8.041015625, "peak_allocated_gib": 7.100478649139404, "gpu_time_budget": null, "module": "model.layers.7.mlp.down_proj", "step": 6272}
{"stage": "sequential-round-coordinate", "pid": 4080976, "time": 1789707289.5219471, "cuda_visible_devices": "2", "allocated_gib": 5.225533962249756, "reserved_gib": 8.041015625, "peak_allocated_gib": 7.100478649139404, "gpu_time_budget": null, "module": "model.layers.7.mlp.down_proj", "step": 6400}
{"stage": "sequential-round-coordinate", "pid": 4080976, "time": 1789707290.405633, "cuda_visible_devices": "2", "allocated_gib": 5.225533962249756, "reserved_gib": 8.041015625, "peak_allocated_gib": 7.100478649139404, "gpu_time_budget": null, "module": "model.layers.7.mlp.down_proj", "step": 6528}
{"stage": "sequential-round-coordinate", "pid": 4080976, "time": 1789707291.2919037, "cuda_visible_devices": "2", "allocated_gib": 5.225533962249756, "reserved_gib": 8.041015625, "peak_allocated_gib": 7.100478649139404, "gpu_time_budget": null, "module": "model.layers.7.mlp.down_proj", "step": 6656}
{"stage": "sequential-round-coordinate", "pid": 4080976, "time": 1789707292.1816747, "cuda_visible_devices": "2", "allocated_gib": 5.225533962249756, "reserved_gib": 8.041015625, "peak_allocated_gib": 7.100478649139404, "gpu_time_budget": null, "module": "model.layers.7.mlp.down_proj", "step": 6784}
{"stage": "sequential-round-coordinate", "pid": 4080976, "time": 1789707293.0677373, "cuda_visible_devices": "2", "allocated_gib": 5.225533962249756, "reserved_gib": 8.041015625, "peak_allocated_gib": 7.100478649139404, "gpu_time_budget": null, "module": "model.layers.7.mlp.down_proj", "step": 6912}
{"stage": "sequential-round-coordinate", "pid": 4080976, "time": 1789707293.956174, "cuda_visible_devices": "2", "allocated_gib": 5.225533962249756, "reserved_gib": 8.041015625, "peak_allocated_gib": 7.100478649139404, "gpu_time_budget": null, "module": "model.layers.7.mlp.down_proj", "step": 7040}
{"stage": "sequential-round-coordinate", "pid": 4080976, "time": 1789707294.8443322, "cuda_visible_devices": "2", "allocated_gib": 5.225533962249756, "reserved_gib": 8.041015625, "peak_allocated_gib": 7.100478649139404, "gpu_time_budget": null, "module": "model.layers.7.mlp.down_proj", "step": 7168}
{"stage": "sequential-round-coordinate", "pid": 4080976, "time": 1789707295.732, "cuda_visible_devices": "2", "allocated_gib": 5.225533962249756, "reserved_gib": 8.041015625, "peak_allocated_gib": 7.100478649139404, "gpu_time_budget": null, "module": "model.layers.7.mlp.down_proj", "step": 7296}
{"stage": "sequential-round-coordinate", "pid": 4080976, "time": 1789707296.622087, "cuda_visible_devices": "2", "allocated_gib": 5.225533962249756, "reserved_gib": 8.041015625, "peak_allocated_gib": 7.100478649139404, "gpu_time_budget": null, "module": "model.layers.7.mlp.down_proj", "step": 7424}
{"stage": "sequential-round-coordinate", "pid": 4080976, "time": 1789707297.5084956, "cuda_visible_devices": "2", "allocated_gib": 5.225533962249756, "reserved_gib": 8.041015625, "peak_allocated_gib": 7.100478649139404, "gpu_time_budget": null, "module": "model.layers.7.mlp.down_proj", "step": 7552}
{"stage": "sequential-round-coordinate", "pid": 4080976, "time": 1789707298.3944397, "cuda_visible_devices": "2", "allocated_gib": 5.225533962249756, "reserved_gib": 8.041015625, "peak_allocated_gib": 7.100478649139404, "gpu_time_budget": null, "module": "model.layers.7.mlp.down_proj", "step": 7680}
{"stage": "sequential-round-coordinate", "pid": 4080976, "time": 1789707299.2837527, "cuda_visible_devices": "2", "allocated_gib": 5.225533962249756, "reserved_gib": 8.041015625, "peak_allocated_gib": 7.100478649139404, "gpu_time_budget": null, "module": "model.layers.7.mlp.down_proj", "step": 7808}
{"stage": "sequential-round-coordinate", "pid": 4080976, "time": 1789707300.1696663, "cuda_visible_devices": "2", "allocated_gib": 5.225533962249756, "reserved_gib": 8.041015625, "peak_allocated_gib": 7.100478649139404, "gpu_time_budget": null, "module": "model.layers.7.mlp.down_proj", "step": 7936}
{"stage": "sequential-round-coordinate", "pid": 4080976, "time": 1789707301.0561397, "cuda_visible_devices": "2", "allocated_gib": 5.225533962249756, "reserved_gib": 8.041015625, "peak_allocated_gib": 7.100478649139404, "gpu_time_budget": null, "module": "model.layers.7.mlp.down_proj", "step": 8064}
{"stage": "sequential-round-coordinate", "pid": 4080976, "time": 1789707302.022068, "cuda_visible_devices": "2", "allocated_gib": 5.225533962249756, "reserved_gib": 8.041015625, "peak_allocated_gib": 7.100478649139404, "gpu_time_budget": null, "module": "model.layers.7.mlp.down_proj", "step": 8192}
{"stage": "sequential-round-train-nll", "pid": 4080976, "time": 1789707302.0711372, "cuda_visible_devices": "2", "allocated_gib": 3.795783519744873, "reserved_gib": 3.80078125, "peak_allocated_gib": 7.100478649139404, "gpu_time_budget": null, "module": "model.layers.7.mlp.down_proj", "step": 512}
Evaluation segment 1/1: start=0, windows=8, seqlen=2048
{"stage": "sequential-round-train-nll", "pid": 4080976, "time": 1789707307.3518333, "cuda_visible_devices": "2", "allocated_gib": 3.795783519744873, "reserved_gib": 5.791015625, "peak_allocated_gib": 7.100478649139404, "gpu_time_budget": null, "module": "model.layers.7.mlp.down_proj", "step": 2048}
Evaluation segment 1/1: start=0, windows=8, seqlen=2048
{"stage": "sequential-round-train-nll", "pid": 4080976, "time": 1789707312.6017823, "cuda_visible_devices": "2", "allocated_gib": 3.795783519744873, "reserved_gib": 5.791015625, "peak_allocated_gib": 7.100478649139404, "gpu_time_budget": null, "module": "model.layers.7.mlp.down_proj", "step": 8192}
Evaluation segment 1/1: start=0, windows=8, seqlen=2048
{"stage": "sequential-module-completed", "pid": 4080976, "time": 1789707317.9085834, "cuda_visible_devices": "2", "allocated_gib": 3.795783519744873, "reserved_gib": 5.791015625, "peak_allocated_gib": 7.100478649139404, "gpu_time_budget": null, "module": "model.layers.7.mlp.down_proj", "completed": 8, "total": 28, "selected_train_nll": 2.945028075955618, "elapsed_seconds": 490.89373676409014}
{"stage": "sequential-round-fit", "pid": 4080976, "time": 1789707321.2809403, "cuda_visible_devices": "2", "allocated_gib": 3.795783519744873, "reserved_gib": 5.791015625, "peak_allocated_gib": 7.100478649139404, "gpu_time_budget": null, "module": "model.layers.8.mlp.down_proj", "fit_rows": 49152, "heldout_rows": 16384}
{"stage": "sequential-round-coordinate", "pid": 4080976, "time": 1789707322.2994132, "cuda_visible_devices": "2", "allocated_gib": 5.225533962249756, "reserved_gib": 8.041015625, "peak_allocated_gib": 7.100478649139404, "gpu_time_budget": null, "module": "model.layers.8.mlp.down_proj", "step": 128}
{"stage": "sequential-round-coordinate", "pid": 4080976, "time": 1789707323.017847, "cuda_visible_devices": "2", "allocated_gib": 5.225533962249756, "reserved_gib": 8.041015625, "peak_allocated_gib": 7.100478649139404, "gpu_time_budget": null, "module": "model.layers.8.mlp.down_proj", "step": 256}
{"stage": "sequential-round-coordinate", "pid": 4080976, "time": 1789707323.7707644, "cuda_visible_devices": "2", "allocated_gib": 5.225533962249756, "reserved_gib": 8.041015625, "peak_allocated_gib": 7.100478649139404, "gpu_time_budget": null, "module": "model.layers.8.mlp.down_proj", "step": 384}
{"stage": "sequential-round-coordinate", "pid": 4080976, "time": 1789707324.585452, "cuda_visible_devices": "2", "allocated_gib": 5.225533962249756, "reserved_gib": 8.041015625, "peak_allocated_gib": 7.100478649139404, "gpu_time_budget": null, "module": "model.layers.8.mlp.down_proj", "step": 512}
{"stage": "sequential-round-coordinate", "pid": 4080976, "time": 1789707325.3428862, "cuda_visible_devices": "2", "allocated_gib": 5.225533962249756, "reserved_gib": 8.041015625, "peak_allocated_gib": 7.100478649139404, "gpu_time_budget": null, "module": "model.layers.8.mlp.down_proj", "step": 640}
{"stage": "sequential-round-coordinate", "pid": 4080976, "time": 1789707326.1133118, "cuda_visible_devices": "2", "allocated_gib": 5.225533962249756, "reserved_gib": 8.041015625, "peak_allocated_gib": 7.100478649139404, "gpu_time_budget": null, "module": "model.layers.8.mlp.down_proj", "step": 768}
{"stage": "sequential-round-coordinate", "pid": 4080976, "time": 1789707326.9103987, "cuda_visible_devices": "2", "allocated_gib": 5.225533962249756, "reserved_gib": 8.041015625, "peak_allocated_gib": 7.100478649139404, "gpu_time_budget": null, "module": "model.layers.8.mlp.down_proj", "step": 896}
{"stage": "sequential-round-coordinate", "pid": 4080976, "time": 1789707327.7002265, "cuda_visible_devices": "2", "allocated_gib": 5.225533962249756, "reserved_gib": 8.041015625, "peak_allocated_gib": 7.100478649139404, "gpu_time_budget": null, "module": "model.layers.8.mlp.down_proj", "step": 1024}
{"stage": "sequential-round-coordinate", "pid": 4080976, "time": 1789707328.4386928, "cuda_visible_devices": "2", "allocated_gib": 5.225533962249756, "reserved_gib": 8.041015625, "peak_allocated_gib": 7.100478649139404, "gpu_time_budget": null, "module": "model.layers.8.mlp.down_proj", "step": 1152}
{"stage": "sequential-round-coordinate", "pid": 4080976, "time": 1789707329.1813614, "cuda_visible_devices": "2", "allocated_gib": 5.225533962249756, "reserved_gib": 8.041015625, "peak_allocated_gib": 7.100478649139404, "gpu_time_budget": null, "module": "model.layers.8.mlp.down_proj", "step": 1280}
{"stage": "sequential-round-coordinate", "pid": 4080976, "time": 1789707329.9366083, "cuda_visible_devices": "2", "allocated_gib": 5.225533962249756, "reserved_gib": 8.041015625, "peak_allocated_gib": 7.100478649139404, "gpu_time_budget": null, "module": "model.layers.8.mlp.down_proj", "step": 1408}
{"stage": "sequential-round-coordinate", "pid": 4080976, "time": 1789707330.6926806, "cuda_visible_devices": "2", "allocated_gib": 5.225533962249756, "reserved_gib": 8.041015625, "peak_allocated_gib": 7.100478649139404, "gpu_time_budget": null, "module": "model.layers.8.mlp.down_proj", "step": 1536}
{"stage": "sequential-round-coordinate", "pid": 4080976, "time": 1789707331.4500275, "cuda_visible_devices": "2", "allocated_gib": 5.225533962249756, "reserved_gib": 8.041015625, "peak_allocated_gib": 7.100478649139404, "gpu_time_budget": null, "module": "model.layers.8.mlp.down_proj", "step": 1664}
{"stage": "sequential-round-coordinate", "pid": 4080976, "time": 1789707332.2070816, "cuda_visible_devices": "2", "allocated_gib": 5.225533962249756, "reserved_gib": 8.041015625, "peak_allocated_gib": 7.100478649139404, "gpu_time_budget": null, "module": "model.layers.8.mlp.down_proj", "step": 1792}
{"stage": "sequential-round-coordinate", "pid": 4080976, "time": 1789707332.9652207, "cuda_visible_devices": "2", "allocated_gib": 5.225533962249756, "reserved_gib": 8.041015625, "peak_allocated_gib": 7.100478649139404, "gpu_time_budget": null, "module": "model.layers.8.mlp.down_proj", "step": 1920}
{"stage": "sequential-round-coordinate", "pid": 4080976, "time": 1789707333.836624, "cuda_visible_devices": "2", "allocated_gib": 5.225533962249756, "reserved_gib": 8.041015625, "peak_allocated_gib": 7.100478649139404, "gpu_time_budget": null, "module": "model.layers.8.mlp.down_proj", "step": 2048}
{"stage": "sequential-round-coordinate", "pid": 4080976, "time": 1789707334.4750214, "cuda_visible_devices": "2", "allocated_gib": 5.225533962249756, "reserved_gib": 8.041015625, "peak_allocated_gib": 7.100478649139404, "gpu_time_budget": null, "module": "model.layers.8.mlp.down_proj", "step": 2176}
{"stage": "sequential-round-coordinate", "pid": 4080976, "time": 1789707335.1207702, "cuda_visible_devices": "2", "allocated_gib": 5.225533962249756, "reserved_gib": 8.041015625, "peak_allocated_gib": 7.100478649139404, "gpu_time_budget": null, "module": "model.layers.8.mlp.down_proj", "step": 2304}
{"stage": "sequential-round-coordinate", "pid": 4080976, "time": 1789707335.7661648, "cuda_visible_devices": "2", "allocated_gib": 5.225533962249756, "reserved_gib": 8.041015625, "peak_allocated_gib": 7.100478649139404, "gpu_time_budget": null, "module": "model.layers.8.mlp.down_proj", "step": 2432}
{"stage": "sequential-round-coordinate", "pid": 4080976, "time": 1789707336.4098215, "cuda_visible_devices": "2", "allocated_gib": 5.225533962249756, "reserved_gib": 8.041015625, "peak_allocated_gib": 7.100478649139404, "gpu_time_budget": null, "module": "model.layers.8.mlp.down_proj", "step": 2560}
{"stage": "sequential-round-coordinate", "pid": 4080976, "time": 1789707337.060728, "cuda_visible_devices": "2", "allocated_gib": 5.225533962249756, "reserved_gib": 8.041015625, "peak_allocated_gib": 7.100478649139404, "gpu_time_budget": null, "module": "model.layers.8.mlp.down_proj", "step": 2688}
{"stage": "sequential-round-coordinate", "pid": 4080976, "time": 1789707337.710875, "cuda_visible_devices": "2", "allocated_gib": 5.225533962249756, "reserved_gib": 8.041015625, "peak_allocated_gib": 7.100478649139404, "gpu_time_budget": null, "module": "model.layers.8.mlp.down_proj", "step": 2816}
{"stage": "sequential-round-coordinate", "pid": 4080976, "time": 1789707338.3656466, "cuda_visible_devices": "2", "allocated_gib": 5.225533962249756, "reserved_gib": 8.041015625, "peak_allocated_gib": 7.100478649139404, "gpu_time_budget": null, "module": "model.layers.8.mlp.down_proj", "step": 2944}
{"stage": "sequential-round-coordinate", "pid": 4080976, "time": 1789707339.0093179, "cuda_visible_devices": "2", "allocated_gib": 5.225533962249756, "reserved_gib": 8.041015625, "peak_allocated_gib": 7.100478649139404, "gpu_time_budget": null, "module": "model.layers.8.mlp.down_proj", "step": 3072}
{"stage": "sequential-round-coordinate", "pid": 4080976, "time": 1789707339.6574144, "cuda_visible_devices": "2", "allocated_gib": 5.225533962249756, "reserved_gib": 8.041015625, "peak_allocated_gib": 7.100478649139404, "gpu_time_budget": null, "module": "model.layers.8.mlp.down_proj", "step": 3200}
{"stage": "sequential-round-coordinate", "pid": 4080976, "time": 1789707340.3364604, "cuda_visible_devices": "2", "allocated_gib": 5.225533962249756, "reserved_gib": 8.041015625, "peak_allocated_gib": 7.100478649139404, "gpu_time_budget": null, "module": "model.layers.8.mlp.down_proj", "step": 3328}
{"stage": "sequential-round-coordinate", "pid": 4080976, "time": 1789707341.2892432, "cuda_visible_devices": "2", "allocated_gib": 5.225533962249756, "reserved_gib": 8.041015625, "peak_allocated_gib": 7.100478649139404, "gpu_time_budget": null, "module": "model.layers.8.mlp.down_proj", "step": 3456}
{"stage": "sequential-round-coordinate", "pid": 4080976, "time": 1789707342.243143, "cuda_visible_devices": "2", "allocated_gib": 5.225533962249756, "reserved_gib": 8.041015625, "peak_allocated_gib": 7.100478649139404, "gpu_time_budget": null, "module": "model.layers.8.mlp.down_proj", "step": 3584}
{"stage": "sequential-round-coordinate", "pid": 4080976, "time": 1789707343.1912599, "cuda_visible_devices": "2", "allocated_gib": 5.225533962249756, "reserved_gib": 8.041015625, "peak_allocated_gib": 7.100478649139404, "gpu_time_budget": null, "module": "model.layers.8.mlp.down_proj", "step": 3712}
{"stage": "sequential-round-coordinate", "pid": 4080976, "time": 1789707344.1516426, "cuda_visible_devices": "2", "allocated_gib": 5.225533962249756, "reserved_gib": 8.041015625, "peak_allocated_gib": 7.100478649139404, "gpu_time_budget": null, "module": "model.layers.8.mlp.down_proj", "step": 3840}
{"stage": "sequential-round-coordinate", "pid": 4080976, "time": 1789707345.1002934, "cuda_visible_devices": "2", "allocated_gib": 5.225533962249756, "reserved_gib": 8.041015625, "peak_allocated_gib": 7.100478649139404, "gpu_time_budget": null, "module": "model.layers.8.mlp.down_proj", "step": 3968}
{"stage": "sequential-round-coordinate", "pid": 4080976, "time": 1789707346.0517433, "cuda_visible_devices": "2", "allocated_gib": 5.225533962249756, "reserved_gib": 8.041015625, "peak_allocated_gib": 7.100478649139404, "gpu_time_budget": null, "module": "model.layers.8.mlp.down_proj", "step": 4096}
{"stage": "sequential-round-coordinate", "pid": 4080976, "time": 1789707347.0061617, "cuda_visible_devices": "2", "allocated_gib": 5.225533962249756, "reserved_gib": 8.041015625, "peak_allocated_gib": 7.100478649139404, "gpu_time_budget": null, "module": "model.layers.8.mlp.down_proj", "step": 4224}
{"stage": "sequential-round-coordinate", "pid": 4080976, "time": 1789707347.9602642, "cuda_visible_devices": "2", "allocated_gib": 5.225533962249756, "reserved_gib": 8.041015625, "peak_allocated_gib": 7.100478649139404, "gpu_time_budget": null, "module": "model.layers.8.mlp.down_proj", "step": 4352}
{"stage": "sequential-round-coordinate", "pid": 4080976, "time": 1789707348.914791, "cuda_visible_devices": "2", "allocated_gib": 5.225533962249756, "reserved_gib": 8.041015625, "peak_allocated_gib": 7.100478649139404, "gpu_time_budget": null, "module": "model.layers.8.mlp.down_proj", "step": 4480}
{"stage": "sequential-round-coordinate", "pid": 4080976, "time": 1789707349.8686588, "cuda_visible_devices": "2", "allocated_gib": 5.225533962249756, "reserved_gib": 8.041015625, "peak_allocated_gib": 7.100478649139404, "gpu_time_budget": null, "module": "model.layers.8.mlp.down_proj", "step": 4608}
{"stage": "sequential-round-coordinate", "pid": 4080976, "time": 1789707350.8207815, "cuda_visible_devices": "2", "allocated_gib": 5.225533962249756, "reserved_gib": 8.041015625, "peak_allocated_gib": 7.100478649139404, "gpu_time_budget": null, "module": "model.layers.8.mlp.down_proj", "step": 4736}
{"stage": "sequential-round-coordinate", "pid": 4080976, "time": 1789707351.7721057, "cuda_visible_devices": "2", "allocated_gib": 5.225533962249756, "reserved_gib": 8.041015625, "peak_allocated_gib": 7.100478649139404, "gpu_time_budget": null, "module": "model.layers.8.mlp.down_proj", "step": 4864}
{"stage": "sequential-round-coordinate", "pid": 4080976, "time": 1789707352.7262452, "cuda_visible_devices": "2", "allocated_gib": 5.225533962249756, "reserved_gib": 8.041015625, "peak_allocated_gib": 7.100478649139404, "gpu_time_budget": null, "module": "model.layers.8.mlp.down_proj", "step": 4992}
{"stage": "sequential-round-coordinate", "pid": 4080976, "time": 1789707353.6808946, "cuda_visible_devices": "2", "allocated_gib": 5.225533962249756, "reserved_gib": 8.041015625, "peak_allocated_gib": 7.100478649139404, "gpu_time_budget": null, "module": "model.layers.8.mlp.down_proj", "step": 5120}
{"stage": "sequential-round-coordinate", "pid": 4080976, "time": 1789707354.634995, "cuda_visible_devices": "2", "allocated_gib": 5.225533962249756, "reserved_gib": 8.041015625, "peak_allocated_gib": 7.100478649139404, "gpu_time_budget": null, "module": "model.layers.8.mlp.down_proj", "step": 5248}
{"stage": "sequential-round-coordinate", "pid": 4080976, "time": 1789707355.585614, "cuda_visible_devices": "2", "allocated_gib": 5.225533962249756, "reserved_gib": 8.041015625, "peak_allocated_gib": 7.100478649139404, "gpu_time_budget": null, "module": "model.layers.8.mlp.down_proj", "step": 5376}
{"stage": "sequential-round-coordinate", "pid": 4080976, "time": 1789707356.5409713, "cuda_visible_devices": "2", "allocated_gib": 5.225533962249756, "reserved_gib": 8.041015625, "peak_allocated_gib": 7.100478649139404, "gpu_time_budget": null, "module": "model.layers.8.mlp.down_proj", "step": 5504}
{"stage": "sequential-round-coordinate", "pid": 4080976, "time": 1789707357.494612, "cuda_visible_devices": "2", "allocated_gib": 5.225533962249756, "reserved_gib": 8.041015625, "peak_allocated_gib": 7.100478649139404, "gpu_time_budget": null, "module": "model.layers.8.mlp.down_proj", "step": 5632}
{"stage": "sequential-round-coordinate", "pid": 4080976, "time": 1789707358.4465075, "cuda_visible_devices": "2", "allocated_gib": 5.225533962249756, "reserved_gib": 8.041015625, "peak_allocated_gib": 7.100478649139404, "gpu_time_budget": null, "module": "model.layers.8.mlp.down_proj", "step": 5760}
{"stage": "sequential-round-coordinate", "pid": 4080976, "time": 1789707359.3996522, "cuda_visible_devices": "2", "allocated_gib": 5.225533962249756, "reserved_gib": 8.041015625, "peak_allocated_gib": 7.100478649139404, "gpu_time_budget": null, "module": "model.layers.8.mlp.down_proj", "step": 5888}
{"stage": "sequential-round-coordinate", "pid": 4080976, "time": 1789707360.3510764, "cuda_visible_devices": "2", "allocated_gib": 5.225533962249756, "reserved_gib": 8.041015625, "peak_allocated_gib": 7.100478649139404, "gpu_time_budget": null, "module": "model.layers.8.mlp.down_proj", "step": 6016}
{"stage": "sequential-round-coordinate", "pid": 4080976, "time": 1789707361.3060222, "cuda_visible_devices": "2", "allocated_gib": 5.225533962249756, "reserved_gib": 8.041015625, "peak_allocated_gib": 7.100478649139404, "gpu_time_budget": null, "module": "model.layers.8.mlp.down_proj", "step": 6144}
{"stage": "sequential-round-coordinate", "pid": 4080976, "time": 1789707362.2564769, "cuda_visible_devices": "2", "allocated_gib": 5.225533962249756, "reserved_gib": 8.041015625, "peak_allocated_gib": 7.100478649139404, "gpu_time_budget": null, "module": "model.layers.8.mlp.down_proj", "step": 6272}
{"stage": "sequential-round-coordinate", "pid": 4080976, "time": 1789707363.2116368, "cuda_visible_devices": "2", "allocated_gib": 5.225533962249756, "reserved_gib": 8.041015625, "peak_allocated_gib": 7.100478649139404, "gpu_time_budget": null, "module": "model.layers.8.mlp.down_proj", "step": 6400}
{"stage": "sequential-round-coordinate", "pid": 4080976, "time": 1789707364.1649694, "cuda_visible_devices": "2", "allocated_gib": 5.225533962249756, "reserved_gib": 8.041015625, "peak_allocated_gib": 7.100478649139404, "gpu_time_budget": null, "module": "model.layers.8.mlp.down_proj", "step": 6528}
{"stage": "sequential-round-coordinate", "pid": 4080976, "time": 1789707365.1204405, "cuda_visible_devices": "2", "allocated_gib": 5.225533962249756, "reserved_gib": 8.041015625, "peak_allocated_gib": 7.100478649139404, "gpu_time_budget": null, "module": "model.layers.8.mlp.down_proj", "step": 6656}
{"stage": "sequential-round-coordinate", "pid": 4080976, "time": 1789707366.0713718, "cuda_visible_devices": "2", "allocated_gib": 5.225533962249756, "reserved_gib": 8.041015625, "peak_allocated_gib": 7.100478649139404, "gpu_time_budget": null, "module": "model.layers.8.mlp.down_proj", "step": 6784}
{"stage": "sequential-round-coordinate", "pid": 4080976, "time": 1789707367.0247025, "cuda_visible_devices": "2", "allocated_gib": 5.225533962249756, "reserved_gib": 8.041015625, "peak_allocated_gib": 7.100478649139404, "gpu_time_budget": null, "module": "model.layers.8.mlp.down_proj", "step": 6912}
{"stage": "sequential-round-coordinate", "pid": 4080976, "time": 1789707367.9776077, "cuda_visible_devices": "2", "allocated_gib": 5.225533962249756, "reserved_gib": 8.041015625, "peak_allocated_gib": 7.100478649139404, "gpu_time_budget": null, "module": "model.layers.8.mlp.down_proj", "step": 7040}
{"stage": "sequential-round-coordinate", "pid": 4080976, "time": 1789707368.9319928, "cuda_visible_devices": "2", "allocated_gib": 5.225533962249756, "reserved_gib": 8.041015625, "peak_allocated_gib": 7.100478649139404, "gpu_time_budget": null, "module": "model.layers.8.mlp.down_proj", "step": 7168}
{"stage": "sequential-round-coordinate", "pid": 4080976, "time": 1789707369.8865523, "cuda_visible_devices": "2", "allocated_gib": 5.225533962249756, "reserved_gib": 8.041015625, "peak_allocated_gib": 7.100478649139404, "gpu_time_budget": null, "module": "model.layers.8.mlp.down_proj", "step": 7296}
{"stage": "sequential-round-coordinate", "pid": 4080976, "time": 1789707370.8398044, "cuda_visible_devices": "2", "allocated_gib": 5.225533962249756, "reserved_gib": 8.041015625, "peak_allocated_gib": 7.100478649139404, "gpu_time_budget": null, "module": "model.layers.8.mlp.down_proj", "step": 7424}
{"stage": "sequential-round-coordinate", "pid": 4080976, "time": 1789707371.7944963, "cuda_visible_devices": "2", "allocated_gib": 5.225533962249756, "reserved_gib": 8.041015625, "peak_allocated_gib": 7.100478649139404, "gpu_time_budget": null, "module": "model.layers.8.mlp.down_proj", "step": 7552}
{"stage": "sequential-round-coordinate", "pid": 4080976, "time": 1789707372.74717, "cuda_visible_devices": "2", "allocated_gib": 5.225533962249756, "reserved_gib": 8.041015625, "peak_allocated_gib": 7.100478649139404, "gpu_time_budget": null, "module": "model.layers.8.mlp.down_proj", "step": 7680}
{"stage": "sequential-round-coordinate", "pid": 4080976, "time": 1789707373.7010937, "cuda_visible_devices": "2", "allocated_gib": 5.225533962249756, "reserved_gib": 8.041015625, "peak_allocated_gib": 7.100478649139404, "gpu_time_budget": null, "module": "model.layers.8.mlp.down_proj", "step": 7808}
{"stage": "sequential-round-coordinate", "pid": 4080976, "time": 1789707374.6572652, "cuda_visible_devices": "2", "allocated_gib": 5.225533962249756, "reserved_gib": 8.041015625, "peak_allocated_gib": 7.100478649139404, "gpu_time_budget": null, "module": "model.layers.8.mlp.down_proj", "step": 7936}
{"stage": "sequential-round-coordinate", "pid": 4080976, "time": 1789707375.6069925, "cuda_visible_devices": "2", "allocated_gib": 5.225533962249756, "reserved_gib": 8.041015625, "peak_allocated_gib": 7.100478649139404, "gpu_time_budget": null, "module": "model.layers.8.mlp.down_proj", "step": 8064}
{"stage": "sequential-round-coordinate", "pid": 4080976, "time": 1789707376.6481116, "cuda_visible_devices": "2", "allocated_gib": 5.225533962249756, "reserved_gib": 8.041015625, "peak_allocated_gib": 7.100478649139404, "gpu_time_budget": null, "module": "model.layers.8.mlp.down_proj", "step": 8192}
{"stage": "sequential-round-train-nll", "pid": 4080976, "time": 1789707376.6916633, "cuda_visible_devices": "2", "allocated_gib": 3.795783519744873, "reserved_gib": 3.80078125, "peak_allocated_gib": 7.100478649139404, "gpu_time_budget": null, "module": "model.layers.8.mlp.down_proj", "step": 512}
Evaluation segment 1/1: start=0, windows=8, seqlen=2048
{"stage": "sequential-round-train-nll", "pid": 4080976, "time": 1789707382.5530727, "cuda_visible_devices": "2", "allocated_gib": 3.795783519744873, "reserved_gib": 5.791015625, "peak_allocated_gib": 7.100478649139404, "gpu_time_budget": null, "module": "model.layers.8.mlp.down_proj", "step": 2048}
Evaluation segment 1/1: start=0, windows=8, seqlen=2048
{"stage": "sequential-round-train-nll", "pid": 4080976, "time": 1789707388.3591769, "cuda_visible_devices": "2", "allocated_gib": 3.795783519744873, "reserved_gib": 5.791015625, "peak_allocated_gib": 7.100478649139404, "gpu_time_budget": null, "module": "model.layers.8.mlp.down_proj", "step": 8192}
Evaluation segment 1/1: start=0, windows=8, seqlen=2048
{"stage": "sequential-module-completed", "pid": 4080976, "time": 1789707394.167066, "cuda_visible_devices": "2", "allocated_gib": 3.795783519744873, "reserved_gib": 5.791015625, "peak_allocated_gib": 7.100478649139404, "gpu_time_budget": null, "module": "model.layers.8.mlp.down_proj", "completed": 9, "total": 28, "selected_train_nll": 2.945028075955618, "elapsed_seconds": 567.15221926698}
{"stage": "sequential-round-fit", "pid": 4080976, "time": 1789707398.2669914, "cuda_visible_devices": "2", "allocated_gib": 3.795783519744873, "reserved_gib": 5.791015625, "peak_allocated_gib": 7.100478649139404, "gpu_time_budget": null, "module": "model.layers.9.mlp.down_proj", "fit_rows": 49152, "heldout_rows": 16384}
{"stage": "sequential-round-coordinate", "pid": 4080976, "time": 1789707399.3248312, "cuda_visible_devices": "2", "allocated_gib": 5.225533962249756, "reserved_gib": 8.041015625, "peak_allocated_gib": 7.100478649139404, "gpu_time_budget": null, "module": "model.layers.9.mlp.down_proj", "step": 128}
{"stage": "sequential-round-coordinate", "pid": 4080976, "time": 1789707400.091764, "cuda_visible_devices": "2", "allocated_gib": 5.225533962249756, "reserved_gib": 8.041015625, "peak_allocated_gib": 7.100478649139404, "gpu_time_budget": null, "module": "model.layers.9.mlp.down_proj", "step": 256}
{"stage": "sequential-round-coordinate", "pid": 4080976, "time": 1789707400.890804, "cuda_visible_devices": "2", "allocated_gib": 5.225533962249756, "reserved_gib": 8.041015625, "peak_allocated_gib": 7.100478649139404, "gpu_time_budget": null, "module": "model.layers.9.mlp.down_proj", "step": 384}
{"stage": "sequential-round-coordinate", "pid": 4080976, "time": 1789707401.7553349, "cuda_visible_devices": "2", "allocated_gib": 5.225533962249756, "reserved_gib": 8.041015625, "peak_allocated_gib": 7.100478649139404, "gpu_time_budget": null, "module": "model.layers.9.mlp.down_proj", "step": 512}
{"stage": "sequential-round-coordinate", "pid": 4080976, "time": 1789707402.514688, "cuda_visible_devices": "2", "allocated_gib": 5.225533962249756, "reserved_gib": 8.041015625, "peak_allocated_gib": 7.100478649139404, "gpu_time_budget": null, "module": "model.layers.9.mlp.down_proj", "step": 640}
{"stage": "sequential-round-coordinate", "pid": 4080976, "time": 1789707403.2679431, "cuda_visible_devices": "2", "allocated_gib": 5.225533962249756, "reserved_gib": 8.041015625, "peak_allocated_gib": 7.100478649139404, "gpu_time_budget": null, "module": "model.layers.9.mlp.down_proj", "step": 768}
{"stage": "sequential-round-coordinate", "pid": 4080976, "time": 1789707404.0000823, "cuda_visible_devices": "2", "allocated_gib": 5.225533962249756, "reserved_gib": 8.041015625, "peak_allocated_gib": 7.100478649139404, "gpu_time_budget": null, "module": "model.layers.9.mlp.down_proj", "step": 896}
{"stage": "sequential-round-coordinate", "pid": 4080976, "time": 1789707404.751403, "cuda_visible_devices": "2", "allocated_gib": 5.225533962249756, "reserved_gib": 8.041015625, "peak_allocated_gib": 7.100478649139404, "gpu_time_budget": null, "module": "model.layers.9.mlp.down_proj", "step": 1024}
{"stage": "sequential-round-coordinate", "pid": 4080976, "time": 1789707405.5115912, "cuda_visible_devices": "2", "allocated_gib": 5.225533962249756, "reserved_gib": 8.041015625, "peak_allocated_gib": 7.100478649139404, "gpu_time_budget": null, "module": "model.layers.9.mlp.down_proj", "step": 1152}
{"stage": "sequential-round-coordinate", "pid": 4080976, "time": 1789707406.2668288, "cuda_visible_devices": "2", "allocated_gib": 5.225533962249756, "reserved_gib": 8.041015625, "peak_allocated_gib": 7.100478649139404, "gpu_time_budget": null, "module": "model.layers.9.mlp.down_proj", "step": 1280}
{"stage": "sequential-round-coordinate", "pid": 4080976, "time": 1789707407.0679247, "cuda_visible_devices": "2", "allocated_gib": 5.225533962249756, "reserved_gib": 8.041015625, "peak_allocated_gib": 7.100478649139404, "gpu_time_budget": null, "module": "model.layers.9.mlp.down_proj", "step": 1408}
{"stage": "sequential-round-coordinate", "pid": 4080976, "time": 1789707407.8708057, "cuda_visible_devices": "2", "allocated_gib": 5.225533962249756, "reserved_gib": 8.041015625, "peak_allocated_gib": 7.100478649139404, "gpu_time_budget": null, "module": "model.layers.9.mlp.down_proj", "step": 1536}
{"stage": "sequential-round-coordinate", "pid": 4080976, "time": 1789707408.6289725, "cuda_visible_devices": "2", "allocated_gib": 5.225533962249756, "reserved_gib": 8.041015625, "peak_allocated_gib": 7.100478649139404, "gpu_time_budget": null, "module": "model.layers.9.mlp.down_proj", "step": 1664}
{"stage": "sequential-round-coordinate", "pid": 4080976, "time": 1789707409.353037, "cuda_visible_devices": "2", "allocated_gib": 5.225533962249756, "reserved_gib": 8.041015625, "peak_allocated_gib": 7.100478649139404, "gpu_time_budget": null, "module": "model.layers.9.mlp.down_proj", "step": 1792}
{"stage": "sequential-round-coordinate", "pid": 4080976, "time": 1789707409.9562232, "cuda_visible_devices": "2", "allocated_gib": 5.225533962249756, "reserved_gib": 8.041015625, "peak_allocated_gib": 7.100478649139404, "gpu_time_budget": null, "module": "model.layers.9.mlp.down_proj", "step": 1920}
{"stage": "sequential-round-coordinate", "pid": 4080976, "time": 1789707410.6728773, "cuda_visible_devices": "2", "allocated_gib": 5.225533962249756, "reserved_gib": 8.041015625, "peak_allocated_gib": 7.100478649139404, "gpu_time_budget": null, "module": "model.layers.9.mlp.down_proj", "step": 2048}
{"stage": "sequential-round-coordinate", "pid": 4080976, "time": 1789707411.3221207, "cuda_visible_devices": "2", "allocated_gib": 5.225533962249756, "reserved_gib": 8.041015625, "peak_allocated_gib": 7.100478649139404, "gpu_time_budget": null, "module": "model.layers.9.mlp.down_proj", "step": 2176}
{"stage": "sequential-round-coordinate", "pid": 4080976, "time": 1789707411.9732447, "cuda_visible_devices": "2", "allocated_gib": 5.225533962249756, "reserved_gib": 8.041015625, "peak_allocated_gib": 7.100478649139404, "gpu_time_budget": null, "module": "model.layers.9.mlp.down_proj", "step": 2304}
{"stage": "sequential-round-coordinate", "pid": 4080976, "time": 1789707412.6233761, "cuda_visible_devices": "2", "allocated_gib": 5.225533962249756, "reserved_gib": 8.041015625, "peak_allocated_gib": 7.100478649139404, "gpu_time_budget": null, "module": "model.layers.9.mlp.down_proj", "step": 2432}
{"stage": "sequential-round-coordinate", "pid": 4080976, "time": 1789707413.2743251, "cuda_visible_devices": "2", "allocated_gib": 5.225533962249756, "reserved_gib": 8.041015625, "peak_allocated_gib": 7.100478649139404, "gpu_time_budget": null, "module": "model.layers.9.mlp.down_proj", "step": 2560}
{"stage": "sequential-round-coordinate", "pid": 4080976, "time": 1789707413.92668, "cuda_visible_devices": "2", "allocated_gib": 5.225533962249756, "reserved_gib": 8.041015625, "peak_allocated_gib": 7.100478649139404, "gpu_time_budget": null, "module": "model.layers.9.mlp.down_proj", "step": 2688}
{"stage": "sequential-round-coordinate", "pid": 4080976, "time": 1789707414.584428, "cuda_visible_devices": "2", "allocated_gib": 5.225533962249756, "reserved_gib": 8.041015625, "peak_allocated_gib": 7.100478649139404, "gpu_time_budget": null, "module": "model.layers.9.mlp.down_proj", "step": 2816}
{"stage": "sequential-round-coordinate", "pid": 4080976, "time": 1789707415.2367032, "cuda_visible_devices": "2", "allocated_gib": 5.225533962249756, "reserved_gib": 8.041015625, "peak_allocated_gib": 7.100478649139404, "gpu_time_budget": null, "module": "model.layers.9.mlp.down_proj", "step": 2944}
{"stage": "sequential-round-coordinate", "pid": 4080976, "time": 1789707415.8414605, "cuda_visible_devices": "2", "allocated_gib": 5.225533962249756, "reserved_gib": 8.041015625, "peak_allocated_gib": 7.100478649139404, "gpu_time_budget": null, "module": "model.layers.9.mlp.down_proj", "step": 3072}
{"stage": "sequential-round-coordinate", "pid": 4080976, "time": 1789707416.816452, "cuda_visible_devices": "2", "allocated_gib": 5.225533962249756, "reserved_gib": 8.041015625, "peak_allocated_gib": 7.100478649139404, "gpu_time_budget": null, "module": "model.layers.9.mlp.down_proj", "step": 3200}
{"stage": "sequential-round-coordinate", "pid": 4080976, "time": 1789707417.7717175, "cuda_visible_devices": "2", "allocated_gib": 5.225533962249756, "reserved_gib": 8.041015625, "peak_allocated_gib": 7.100478649139404, "gpu_time_budget": null, "module": "model.layers.9.mlp.down_proj", "step": 3328}
{"stage": "sequential-round-coordinate", "pid": 4080976, "time": 1789707418.7276409, "cuda_visible_devices": "2", "allocated_gib": 5.225533962249756, "reserved_gib": 8.041015625, "peak_allocated_gib": 7.100478649139404, "gpu_time_budget": null, "module": "model.layers.9.mlp.down_proj", "step": 3456}
{"stage": "sequential-round-coordinate", "pid": 4080976, "time": 1789707419.684358, "cuda_visible_devices": "2", "allocated_gib": 5.225533962249756, "reserved_gib": 8.041015625, "peak_allocated_gib": 7.100478649139404, "gpu_time_budget": null, "module": "model.layers.9.mlp.down_proj", "step": 3584}
{"stage": "sequential-round-coordinate", "pid": 4080976, "time": 1789707420.6443372, "cuda_visible_devices": "2", "allocated_gib": 5.225533962249756, "reserved_gib": 8.041015625, "peak_allocated_gib": 7.100478649139404, "gpu_time_budget": null, "module": "model.layers.9.mlp.down_proj", "step": 3712}
{"stage": "sequential-round-coordinate", "pid": 4080976, "time": 1789707421.602136, "cuda_visible_devices": "2", "allocated_gib": 5.225533962249756, "reserved_gib": 8.041015625, "peak_allocated_gib": 7.100478649139404, "gpu_time_budget": null, "module": "model.layers.9.mlp.down_proj", "step": 3840}
{"stage": "sequential-round-coordinate", "pid": 4080976, "time": 1789707422.5624743, "cuda_visible_devices": "2", "allocated_gib": 5.225533962249756, "reserved_gib": 8.041015625, "peak_allocated_gib": 7.100478649139404, "gpu_time_budget": null, "module": "model.layers.9.mlp.down_proj", "step": 3968}
{"stage": "sequential-round-coordinate", "pid": 4080976, "time": 1789707423.5222328, "cuda_visible_devices": "2", "allocated_gib": 5.225533962249756, "reserved_gib": 8.041015625, "peak_allocated_gib": 7.100478649139404, "gpu_time_budget": null, "module": "model.layers.9.mlp.down_proj", "step": 4096}
{"stage": "sequential-round-coordinate", "pid": 4080976, "time": 1789707424.4788933, "cuda_visible_devices": "2", "allocated_gib": 5.225533962249756, "reserved_gib": 8.041015625, "peak_allocated_gib": 7.100478649139404, "gpu_time_budget": null, "module": "model.layers.9.mlp.down_proj", "step": 4224}
{"stage": "sequential-round-coordinate", "pid": 4080976, "time": 1789707425.43938, "cuda_visible_devices": "2", "allocated_gib": 5.225533962249756, "reserved_gib": 8.041015625, "peak_allocated_gib": 7.100478649139404, "gpu_time_budget": null, "module": "model.layers.9.mlp.down_proj", "step": 4352}
{"stage": "sequential-round-coordinate", "pid": 4080976, "time": 1789707426.3981164, "cuda_visible_devices": "2", "allocated_gib": 5.225533962249756, "reserved_gib": 8.041015625, "peak_allocated_gib": 7.100478649139404, "gpu_time_budget": null, "module": "model.layers.9.mlp.down_proj", "step": 4480}
{"stage": "sequential-round-coordinate", "pid": 4080976, "time": 1789707427.352836, "cuda_visible_devices": "2", "allocated_gib": 5.225533962249756, "reserved_gib": 8.041015625, "peak_allocated_gib": 7.100478649139404, "gpu_time_budget": null, "module": "model.layers.9.mlp.down_proj", "step": 4608}
{"stage": "sequential-round-coordinate", "pid": 4080976, "time": 1789707428.3095899, "cuda_visible_devices": "2", "allocated_gib": 5.225533962249756, "reserved_gib": 8.041015625, "peak_allocated_gib": 7.100478649139404, "gpu_time_budget": null, "module": "model.layers.9.mlp.down_proj", "step": 4736}
{"stage": "sequential-round-coordinate", "pid": 4080976, "time": 1789707429.2679613, "cuda_visible_devices": "2", "allocated_gib": 5.225533962249756, "reserved_gib": 8.041015625, "peak_allocated_gib": 7.100478649139404, "gpu_time_budget": null, "module": "model.layers.9.mlp.down_proj", "step": 4864}
{"stage": "sequential-round-coordinate", "pid": 4080976, "time": 1789707430.224262, "cuda_visible_devices": "2", "allocated_gib": 5.225533962249756, "reserved_gib": 8.041015625, "peak_allocated_gib": 7.100478649139404, "gpu_time_budget": null, "module": "model.layers.9.mlp.down_proj", "step": 4992}
{"stage": "sequential-round-coordinate", "pid": 4080976, "time": 1789707431.1830742, "cuda_visible_devices": "2", "allocated_gib": 5.225533962249756, "reserved_gib": 8.041015625, "peak_allocated_gib": 7.100478649139404, "gpu_time_budget": null, "module": "model.layers.9.mlp.down_proj", "step": 5120}
{"stage": "sequential-round-coordinate", "pid": 4080976, "time": 1789707432.1369917, "cuda_visible_devices": "2", "allocated_gib": 5.225533962249756, "reserved_gib": 8.041015625, "peak_allocated_gib": 7.100478649139404, "gpu_time_budget": null, "module": "model.layers.9.mlp.down_proj", "step": 5248}
{"stage": "sequential-round-coordinate", "pid": 4080976, "time": 1789707433.0935934, "cuda_visible_devices": "2", "allocated_gib": 5.225533962249756, "reserved_gib": 8.041015625, "peak_allocated_gib": 7.100478649139404, "gpu_time_budget": null, "module": "model.layers.9.mlp.down_proj", "step": 5376}
{"stage": "sequential-round-coordinate", "pid": 4080976, "time": 1789707434.0500612, "cuda_visible_devices": "2", "allocated_gib": 5.225533962249756, "reserved_gib": 8.041015625, "peak_allocated_gib": 7.100478649139404, "gpu_time_budget": null, "module": "model.layers.9.mlp.down_proj", "step": 5504}
{"stage": "sequential-round-coordinate", "pid": 4080976, "time": 1789707435.0042386, "cuda_visible_devices": "2", "allocated_gib": 5.225533962249756, "reserved_gib": 8.041015625, "peak_allocated_gib": 7.100478649139404, "gpu_time_budget": null, "module": "model.layers.9.mlp.down_proj", "step": 5632}
{"stage": "sequential-round-coordinate", "pid": 4080976, "time": 1789707435.9572768, "cuda_visible_devices": "2", "allocated_gib": 5.225533962249756, "reserved_gib": 8.041015625, "peak_allocated_gib": 7.100478649139404, "gpu_time_budget": null, "module": "model.layers.9.mlp.down_proj", "step": 5760}
{"stage": "sequential-round-coordinate", "pid": 4080976, "time": 1789707436.908765, "cuda_visible_devices": "2", "allocated_gib": 5.225533962249756, "reserved_gib": 8.041015625, "peak_allocated_gib": 7.100478649139404, "gpu_time_budget": null, "module": "model.layers.9.mlp.down_proj", "step": 5888}
{"stage": "sequential-round-coordinate", "pid": 4080976, "time": 1789707437.8591194, "cuda_visible_devices": "2", "allocated_gib": 5.225533962249756, "reserved_gib": 8.041015625, "peak_allocated_gib": 7.100478649139404, "gpu_time_budget": null, "module": "model.layers.9.mlp.down_proj", "step": 6016}
{"stage": "sequential-round-coordinate", "pid": 4080976, "time": 1789707438.8101308, "cuda_visible_devices": "2", "allocated_gib": 5.225533962249756, "reserved_gib": 8.041015625, "peak_allocated_gib": 7.100478649139404, "gpu_time_budget": null, "module": "model.layers.9.mlp.down_proj", "step": 6144}
{"stage": "sequential-round-coordinate", "pid": 4080976, "time": 1789707439.7602978, "cuda_visible_devices": "2", "allocated_gib": 5.225533962249756, "reserved_gib": 8.041015625, "peak_allocated_gib": 7.100478649139404, "gpu_time_budget": null, "module": "model.layers.9.mlp.down_proj", "step": 6272}
{"stage": "sequential-round-coordinate", "pid": 4080976, "time": 1789707440.7119904, "cuda_visible_devices": "2", "allocated_gib": 5.225533962249756, "reserved_gib": 8.041015625, "peak_allocated_gib": 7.100478649139404, "gpu_time_budget": null, "module": "model.layers.9.mlp.down_proj", "step": 6400}
{"stage": "sequential-round-coordinate", "pid": 4080976, "time": 1789707441.6619556, "cuda_visible_devices": "2", "allocated_gib": 5.225533962249756, "reserved_gib": 8.041015625, "peak_allocated_gib": 7.100478649139404, "gpu_time_budget": null, "module": "model.layers.9.mlp.down_proj", "step": 6528}
{"stage": "sequential-round-coordinate", "pid": 4080976, "time": 1789707442.614085, "cuda_visible_devices": "2", "allocated_gib": 5.225533962249756, "reserved_gib": 8.041015625, "peak_allocated_gib": 7.100478649139404, "gpu_time_budget": null, "module": "model.layers.9.mlp.down_proj", "step": 6656}
{"stage": "sequential-round-coordinate", "pid": 4080976, "time": 1789707443.5635707, "cuda_visible_devices": "2", "allocated_gib": 5.225533962249756, "reserved_gib": 8.041015625, "peak_allocated_gib": 7.100478649139404, "gpu_time_budget": null, "module": "model.layers.9.mlp.down_proj", "step": 6784}
{"stage": "sequential-round-coordinate", "pid": 4080976, "time": 1789707444.5136833, "cuda_visible_devices": "2", "allocated_gib": 5.225533962249756, "reserved_gib": 8.041015625, "peak_allocated_gib": 7.100478649139404, "gpu_time_budget": null, "module": "model.layers.9.mlp.down_proj", "step": 6912}
{"stage": "sequential-round-coordinate", "pid": 4080976, "time": 1789707445.4656866, "cuda_visible_devices": "2", "allocated_gib": 5.225533962249756, "reserved_gib": 8.041015625, "peak_allocated_gib": 7.100478649139404, "gpu_time_budget": null, "module": "model.layers.9.mlp.down_proj", "step": 7040}
{"stage": "sequential-round-coordinate", "pid": 4080976, "time": 1789707446.418935, "cuda_visible_devices": "2", "allocated_gib": 5.225533962249756, "reserved_gib": 8.041015625, "peak_allocated_gib": 7.100478649139404, "gpu_time_budget": null, "module": "model.layers.9.mlp.down_proj", "step": 7168}
{"stage": "sequential-round-coordinate", "pid": 4080976, "time": 1789707447.3930194, "cuda_visible_devices": "2", "allocated_gib": 5.225533962249756, "reserved_gib": 8.041015625, "peak_allocated_gib": 7.100478649139404, "gpu_time_budget": null, "module": "model.layers.9.mlp.down_proj", "step": 7296}
{"stage": "sequential-round-coordinate", "pid": 4080976, "time": 1789707448.346562, "cuda_visible_devices": "2", "allocated_gib": 5.225533962249756, "reserved_gib": 8.041015625, "peak_allocated_gib": 7.100478649139404, "gpu_time_budget": null, "module": "model.layers.9.mlp.down_proj", "step": 7424}
{"stage": "sequential-round-coordinate", "pid": 4080976, "time": 1789707449.2978766, "cuda_visible_devices": "2", "allocated_gib": 5.225533962249756, "reserved_gib": 8.041015625, "peak_allocated_gib": 7.100478649139404, "gpu_time_budget": null, "module": "model.layers.9.mlp.down_proj", "step": 7552}
{"stage": "sequential-round-coordinate", "pid": 4080976, "time": 1789707450.2492783, "cuda_visible_devices": "2", "allocated_gib": 5.225533962249756, "reserved_gib": 8.041015625, "peak_allocated_gib": 7.100478649139404, "gpu_time_budget": null, "module": "model.layers.9.mlp.down_proj", "step": 7680}
{"stage": "sequential-round-coordinate", "pid": 4080976, "time": 1789707451.203559, "cuda_visible_devices": "2", "allocated_gib": 5.225533962249756, "reserved_gib": 8.041015625, "peak_allocated_gib": 7.100478649139404, "gpu_time_budget": null, "module": "model.layers.9.mlp.down_proj", "step": 7808}
{"stage": "sequential-round-coordinate", "pid": 4080976, "time": 1789707452.156088, "cuda_visible_devices": "2", "allocated_gib": 5.225533962249756, "reserved_gib": 8.041015625, "peak_allocated_gib": 7.100478649139404, "gpu_time_budget": null, "module": "model.layers.9.mlp.down_proj", "step": 7936}
{"stage": "sequential-round-coordinate", "pid": 4080976, "time": 1789707453.1100807, "cuda_visible_devices": "2", "allocated_gib": 5.225533962249756, "reserved_gib": 8.041015625, "peak_allocated_gib": 7.100478649139404, "gpu_time_budget": null, "module": "model.layers.9.mlp.down_proj", "step": 8064}
{"stage": "sequential-round-coordinate", "pid": 4080976, "time": 1789707454.1466253, "cuda_visible_devices": "2", "allocated_gib": 5.225533962249756, "reserved_gib": 8.041015625, "peak_allocated_gib": 7.100478649139404, "gpu_time_budget": null, "module": "model.layers.9.mlp.down_proj", "step": 8192}
{"stage": "sequential-round-train-nll", "pid": 4080976, "time": 1789707454.2190635, "cuda_visible_devices": "2", "allocated_gib": 3.795783519744873, "reserved_gib": 3.80078125, "peak_allocated_gib": 7.100478649139404, "gpu_time_budget": null, "module": "model.layers.9.mlp.down_proj", "step": 512}
Evaluation segment 1/1: start=0, windows=8, seqlen=2048
{"stage": "sequential-round-train-nll", "pid": 4080976, "time": 1789707459.8116214, "cuda_visible_devices": "2", "allocated_gib": 3.795783519744873, "reserved_gib": 5.791015625, "peak_allocated_gib": 7.100478649139404, "gpu_time_budget": null, "module": "model.layers.9.mlp.down_proj", "step": 2048}
Evaluation segment 1/1: start=0, windows=8, seqlen=2048
{"stage": "sequential-round-train-nll", "pid": 4080976, "time": 1789707465.5040917, "cuda_visible_devices": "2", "allocated_gib": 3.795783519744873, "reserved_gib": 5.791015625, "peak_allocated_gib": 7.100478649139404, "gpu_time_budget": null, "module": "model.layers.9.mlp.down_proj", "step": 8192}
Evaluation segment 1/1: start=0, windows=8, seqlen=2048
{"stage": "sequential-module-completed", "pid": 4080976, "time": 1789707471.3404493, "cuda_visible_devices": "2", "allocated_gib": 3.795783519744873, "reserved_gib": 5.791015625, "peak_allocated_gib": 7.100478649139404, "gpu_time_budget": null, "module": "model.layers.9.mlp.down_proj", "completed": 10, "total": 28, "selected_train_nll": 2.945028075955618, "elapsed_seconds": 644.3255945190322}
{"stage": "sequential-round-fit", "pid": 4080976, "time": 1789707475.598102, "cuda_visible_devices": "2", "allocated_gib": 3.795783519744873, "reserved_gib": 5.791015625, "peak_allocated_gib": 7.100478649139404, "gpu_time_budget": null, "module": "model.layers.10.mlp.down_proj", "fit_rows": 49152, "heldout_rows": 16384}
{"stage": "sequential-round-coordinate", "pid": 4080976, "time": 1789707476.7191467, "cuda_visible_devices": "2", "allocated_gib": 5.225533962249756, "reserved_gib": 8.041015625, "peak_allocated_gib": 7.100478649139404, "gpu_time_budget": null, "module": "model.layers.10.mlp.down_proj", "step": 128}
{"stage": "sequential-round-coordinate", "pid": 4080976, "time": 1789707477.4799705, "cuda_visible_devices": "2", "allocated_gib": 5.225533962249756, "reserved_gib": 8.041015625, "peak_allocated_gib": 7.100478649139404, "gpu_time_budget": null, "module": "model.layers.10.mlp.down_proj", "step": 256}
{"stage": "sequential-round-coordinate", "pid": 4080976, "time": 1789707478.237723, "cuda_visible_devices": "2", "allocated_gib": 5.225533962249756, "reserved_gib": 8.041015625, "peak_allocated_gib": 7.100478649139404, "gpu_time_budget": null, "module": "model.layers.10.mlp.down_proj", "step": 384}
{"stage": "sequential-round-coordinate", "pid": 4080976, "time": 1789707479.0572658, "cuda_visible_devices": "2", "allocated_gib": 5.225533962249756, "reserved_gib": 8.041015625, "peak_allocated_gib": 7.100478649139404, "gpu_time_budget": null, "module": "model.layers.10.mlp.down_proj", "step": 512}
{"stage": "sequential-round-coordinate", "pid": 4080976, "time": 1789707479.802362, "cuda_visible_devices": "2", "allocated_gib": 5.225533962249756, "reserved_gib": 8.041015625, "peak_allocated_gib": 7.100478649139404, "gpu_time_budget": null, "module": "model.layers.10.mlp.down_proj", "step": 640}
{"stage": "sequential-round-coordinate", "pid": 4080976, "time": 1789707480.5699472, "cuda_visible_devices": "2", "allocated_gib": 5.225533962249756, "reserved_gib": 8.041015625, "peak_allocated_gib": 7.100478649139404, "gpu_time_budget": null, "module": "model.layers.10.mlp.down_proj", "step": 768}
{"stage": "sequential-round-coordinate", "pid": 4080976, "time": 1789707481.3765545, "cuda_visible_devices": "2", "allocated_gib": 5.225533962249756, "reserved_gib": 8.041015625, "peak_allocated_gib": 7.100478649139404, "gpu_time_budget": null, "module": "model.layers.10.mlp.down_proj", "step": 896}
{"stage": "sequential-round-coordinate", "pid": 4080976, "time": 1789707482.1785407, "cuda_visible_devices": "2", "allocated_gib": 5.225533962249756, "reserved_gib": 8.041015625, "peak_allocated_gib": 7.100478649139404, "gpu_time_budget": null, "module": "model.layers.10.mlp.down_proj", "step": 1024}
{"stage": "sequential-round-coordinate", "pid": 4080976, "time": 1789707482.939302, "cuda_visible_devices": "2", "allocated_gib": 5.225533962249756, "reserved_gib": 8.041015625, "peak_allocated_gib": 7.100478649139404, "gpu_time_budget": null, "module": "model.layers.10.mlp.down_proj", "step": 1152}
{"stage": "sequential-round-coordinate", "pid": 4080976, "time": 1789707483.700798, "cuda_visible_devices": "2", "allocated_gib": 5.225533962249756, "reserved_gib": 8.041015625, "peak_allocated_gib": 7.100478649139404, "gpu_time_budget": null, "module": "model.layers.10.mlp.down_proj", "step": 1280}
{"stage": "sequential-round-coordinate", "pid": 4080976, "time": 1789707484.460834, "cuda_visible_devices": "2", "allocated_gib": 5.225533962249756, "reserved_gib": 8.041015625, "peak_allocated_gib": 7.100478649139404, "gpu_time_budget": null, "module": "model.layers.10.mlp.down_proj", "step": 1408}
{"stage": "sequential-round-coordinate", "pid": 4080976, "time": 1789707485.1530464, "cuda_visible_devices": "2", "allocated_gib": 5.225533962249756, "reserved_gib": 8.041015625, "peak_allocated_gib": 7.100478649139404, "gpu_time_budget": null, "module": "model.layers.10.mlp.down_proj", "step": 1536}
{"stage": "sequential-round-coordinate", "pid": 4080976, "time": 1789707485.8119075, "cuda_visible_devices": "2", "allocated_gib": 5.225533962249756, "reserved_gib": 8.041015625, "peak_allocated_gib": 7.100478649139404, "gpu_time_budget": null, "module": "model.layers.10.mlp.down_proj", "step": 1664}
{"stage": "sequential-round-coordinate", "pid": 4080976, "time": 1789707486.4674551, "cuda_visible_devices": "2", "allocated_gib": 5.225533962249756, "reserved_gib": 8.041015625, "peak_allocated_gib": 7.100478649139404, "gpu_time_budget": null, "module": "model.layers.10.mlp.down_proj", "step": 1792}
{"stage": "sequential-round-coordinate", "pid": 4080976, "time": 1789707487.1272004, "cuda_visible_devices": "2", "allocated_gib": 5.225533962249756, "reserved_gib": 8.041015625, "peak_allocated_gib": 7.100478649139404, "gpu_time_budget": null, "module": "model.layers.10.mlp.down_proj", "step": 1920}
{"stage": "sequential-round-coordinate", "pid": 4080976, "time": 1789707487.8450365, "cuda_visible_devices": "2", "allocated_gib": 5.225533962249756, "reserved_gib": 8.041015625, "peak_allocated_gib": 7.100478649139404, "gpu_time_budget": null, "module": "model.layers.10.mlp.down_proj", "step": 2048}
{"stage": "sequential-round-coordinate", "pid": 4080976, "time": 1789707488.5009546, "cuda_visible_devices": "2", "allocated_gib": 5.225533962249756, "reserved_gib": 8.041015625, "peak_allocated_gib": 7.100478649139404, "gpu_time_budget": null, "module": "model.layers.10.mlp.down_proj", "step": 2176}
{"stage": "sequential-round-coordinate", "pid": 4080976, "time": 1789707489.1604724, "cuda_visible_devices": "2", "allocated_gib": 5.225533962249756, "reserved_gib": 8.041015625, "peak_allocated_gib": 7.100478649139404, "gpu_time_budget": null, "module": "model.layers.10.mlp.down_proj", "step": 2304}
{"stage": "sequential-round-coordinate", "pid": 4080976, "time": 1789707489.8171682, "cuda_visible_devices": "2", "allocated_gib": 5.225533962249756, "reserved_gib": 8.041015625, "peak_allocated_gib": 7.100478649139404, "gpu_time_budget": null, "module": "model.layers.10.mlp.down_proj", "step": 2432}
{"stage": "sequential-round-coordinate", "pid": 4080976, "time": 1789707490.466543, "cuda_visible_devices": "2", "allocated_gib": 5.225533962249756, "reserved_gib": 8.041015625, "peak_allocated_gib": 7.100478649139404, "gpu_time_budget": null, "module": "model.layers.10.mlp.down_proj", "step": 2560}
{"stage": "sequential-round-coordinate", "pid": 4080976, "time": 1789707491.1221557, "cuda_visible_devices": "2", "allocated_gib": 5.225533962249756, "reserved_gib": 8.041015625, "peak_allocated_gib": 7.100478649139404, "gpu_time_budget": null, "module": "model.layers.10.mlp.down_proj", "step": 2688}
{"stage": "sequential-round-coordinate", "pid": 4080976, "time": 1789707491.7773378, "cuda_visible_devices": "2", "allocated_gib": 5.225533962249756, "reserved_gib": 8.041015625, "peak_allocated_gib": 7.100478649139404, "gpu_time_budget": null, "module": "model.layers.10.mlp.down_proj", "step": 2816}
{"stage": "sequential-round-coordinate", "pid": 4080976, "time": 1789707492.5979831, "cuda_visible_devices": "2", "allocated_gib": 5.225533962249756, "reserved_gib": 8.041015625, "peak_allocated_gib": 7.100478649139404, "gpu_time_budget": null, "module": "model.layers.10.mlp.down_proj", "step": 2944}
{"stage": "sequential-round-coordinate", "pid": 4080976, "time": 1789707493.5514865, "cuda_visible_devices": "2", "allocated_gib": 5.225533962249756, "reserved_gib": 8.041015625, "peak_allocated_gib": 7.100478649139404, "gpu_time_budget": null, "module": "model.layers.10.mlp.down_proj", "step": 3072}
{"stage": "sequential-round-coordinate", "pid": 4080976, "time": 1789707494.5062914, "cuda_visible_devices": "2", "allocated_gib": 5.225533962249756, "reserved_gib": 8.041015625, "peak_allocated_gib": 7.100478649139404, "gpu_time_budget": null, "module": "model.layers.10.mlp.down_proj", "step": 3200}
{"stage": "sequential-round-coordinate", "pid": 4080976, "time": 1789707495.4630463, "cuda_visible_devices": "2", "allocated_gib": 5.225533962249756, "reserved_gib": 8.041015625, "peak_allocated_gib": 7.100478649139404, "gpu_time_budget": null, "module": "model.layers.10.mlp.down_proj", "step": 3328}
{"stage": "sequential-round-coordinate", "pid": 4080976, "time": 1789707496.4269266, "cuda_visible_devices": "2", "allocated_gib": 5.225533962249756, "reserved_gib": 8.041015625, "peak_allocated_gib": 7.100478649139404, "gpu_time_budget": null, "module": "model.layers.10.mlp.down_proj", "step": 3456}
{"stage": "sequential-round-coordinate", "pid": 4080976, "time": 1789707497.384032, "cuda_visible_devices": "2", "allocated_gib": 5.225533962249756, "reserved_gib": 8.041015625, "peak_allocated_gib": 7.100478649139404, "gpu_time_budget": null, "module": "model.layers.10.mlp.down_proj", "step": 3584}
{"stage": "sequential-round-coordinate", "pid": 4080976, "time": 1789707498.3414328, "cuda_visible_devices": "2", "allocated_gib": 5.225533962249756, "reserved_gib": 8.041015625, "peak_allocated_gib": 7.100478649139404, "gpu_time_budget": null, "module": "model.layers.10.mlp.down_proj", "step": 3712}
{"stage": "sequential-round-coordinate", "pid": 4080976, "time": 1789707499.2966309, "cuda_visible_devices": "2", "allocated_gib": 5.225533962249756, "reserved_gib": 8.041015625, "peak_allocated_gib": 7.100478649139404, "gpu_time_budget": null, "module": "model.layers.10.mlp.down_proj", "step": 3840}
{"stage": "sequential-round-coordinate", "pid": 4080976, "time": 1789707500.256237, "cuda_visible_devices": "2", "allocated_gib": 5.225533962249756, "reserved_gib": 8.041015625, "peak_allocated_gib": 7.100478649139404, "gpu_time_budget": null, "module": "model.layers.10.mlp.down_proj", "step": 3968}
{"stage": "sequential-round-coordinate", "pid": 4080976, "time": 1789707501.2129295, "cuda_visible_devices": "2", "allocated_gib": 5.225533962249756, "reserved_gib": 8.041015625, "peak_allocated_gib": 7.100478649139404, "gpu_time_budget": null, "module": "model.layers.10.mlp.down_proj", "step": 4096}
{"stage": "sequential-round-coordinate", "pid": 4080976, "time": 1789707502.166276, "cuda_visible_devices": "2", "allocated_gib": 5.225533962249756, "reserved_gib": 8.041015625, "peak_allocated_gib": 7.100478649139404, "gpu_time_budget": null, "module": "model.layers.10.mlp.down_proj", "step": 4224}
{"stage": "sequential-round-coordinate", "pid": 4080976, "time": 1789707503.1253548, "cuda_visible_devices": "2", "allocated_gib": 5.225533962249756, "reserved_gib": 8.041015625, "peak_allocated_gib": 7.100478649139404, "gpu_time_budget": null, "module": "model.layers.10.mlp.down_proj", "step": 4352}
{"stage": "sequential-round-coordinate", "pid": 4080976, "time": 1789707504.0793595, "cuda_visible_devices": "2", "allocated_gib": 5.225533962249756, "reserved_gib": 8.041015625, "peak_allocated_gib": 7.100478649139404, "gpu_time_budget": null, "module": "model.layers.10.mlp.down_proj", "step": 4480}
{"stage": "sequential-round-coordinate", "pid": 4080976, "time": 1789707505.0373719, "cuda_visible_devices": "2", "allocated_gib": 5.225533962249756, "reserved_gib": 8.041015625, "peak_allocated_gib": 7.100478649139404, "gpu_time_budget": null, "module": "model.layers.10.mlp.down_proj", "step": 4608}
{"stage": "sequential-round-coordinate", "pid": 4080976, "time": 1789707505.9944189, "cuda_visible_devices": "2", "allocated_gib": 5.225533962249756, "reserved_gib": 8.041015625, "peak_allocated_gib": 7.100478649139404, "gpu_time_budget": null, "module": "model.layers.10.mlp.down_proj", "step": 4736}
{"stage": "sequential-round-coordinate", "pid": 4080976, "time": 1789707506.9493918, "cuda_visible_devices": "2", "allocated_gib": 5.225533962249756, "reserved_gib": 8.041015625, "peak_allocated_gib": 7.100478649139404, "gpu_time_budget": null, "module": "model.layers.10.mlp.down_proj", "step": 4864}
{"stage": "sequential-round-coordinate", "pid": 4080976, "time": 1789707507.913725, "cuda_visible_devices": "2", "allocated_gib": 5.225533962249756, "reserved_gib": 8.041015625, "peak_allocated_gib": 7.100478649139404, "gpu_time_budget": null, "module": "model.layers.10.mlp.down_proj", "step": 4992}
{"stage": "sequential-round-coordinate", "pid": 4080976, "time": 1789707508.873298, "cuda_visible_devices": "2", "allocated_gib": 5.225533962249756, "reserved_gib": 8.041015625, "peak_allocated_gib": 7.100478649139404, "gpu_time_budget": null, "module": "model.layers.10.mlp.down_proj", "step": 5120}
{"stage": "sequential-round-coordinate", "pid": 4080976, "time": 1789707509.8319979, "cuda_visible_devices": "2", "allocated_gib": 5.225533962249756, "reserved_gib": 8.041015625, "peak_allocated_gib": 7.100478649139404, "gpu_time_budget": null, "module": "model.layers.10.mlp.down_proj", "step": 5248}
{"stage": "sequential-round-coordinate", "pid": 4080976, "time": 1789707510.7883646, "cuda_visible_devices": "2", "allocated_gib": 5.225533962249756, "reserved_gib": 8.041015625, "peak_allocated_gib": 7.100478649139404, "gpu_time_budget": null, "module": "model.layers.10.mlp.down_proj", "step": 5376}
{"stage": "sequential-round-coordinate", "pid": 4080976, "time": 1789707511.74541, "cuda_visible_devices": "2", "allocated_gib": 5.225533962249756, "reserved_gib": 8.041015625, "peak_allocated_gib": 7.100478649139404, "gpu_time_budget": null, "module": "model.layers.10.mlp.down_proj", "step": 5504}
{"stage": "sequential-round-coordinate", "pid": 4080976, "time": 1789707512.703456, "cuda_visible_devices": "2", "allocated_gib": 5.225533962249756, "reserved_gib": 8.041015625, "peak_allocated_gib": 7.100478649139404, "gpu_time_budget": null, "module": "model.layers.10.mlp.down_proj", "step": 5632}
{"stage": "sequential-round-coordinate", "pid": 4080976, "time": 1789707513.657673, "cuda_visible_devices": "2", "allocated_gib": 5.225533962249756, "reserved_gib": 8.041015625, "peak_allocated_gib": 7.100478649139404, "gpu_time_budget": null, "module": "model.layers.10.mlp.down_proj", "step": 5760}
{"stage": "sequential-round-coordinate", "pid": 4080976, "time": 1789707514.6118376, "cuda_visible_devices": "2", "allocated_gib": 5.225533962249756, "reserved_gib": 8.041015625, "peak_allocated_gib": 7.100478649139404, "gpu_time_budget": null, "module": "model.layers.10.mlp.down_proj", "step": 5888}
{"stage": "sequential-round-coordinate", "pid": 4080976, "time": 1789707515.5686414, "cuda_visible_devices": "2", "allocated_gib": 5.225533962249756, "reserved_gib": 8.041015625, "peak_allocated_gib": 7.100478649139404, "gpu_time_budget": null, "module": "model.layers.10.mlp.down_proj", "step": 6016}
{"stage": "sequential-round-coordinate", "pid": 4080976, "time": 1789707516.5221066, "cuda_visible_devices": "2", "allocated_gib": 5.225533962249756, "reserved_gib": 8.041015625, "peak_allocated_gib": 7.100478649139404, "gpu_time_budget": null, "module": "model.layers.10.mlp.down_proj", "step": 6144}
{"stage": "sequential-round-coordinate", "pid": 4080976, "time": 1789707517.476988, "cuda_visible_devices": "2", "allocated_gib": 5.225533962249756, "reserved_gib": 8.041015625, "peak_allocated_gib": 7.100478649139404, "gpu_time_budget": null, "module": "model.layers.10.mlp.down_proj", "step": 6272}
{"stage": "sequential-round-coordinate", "pid": 4080976, "time": 1789707518.435102, "cuda_visible_devices": "2", "allocated_gib": 5.225533962249756, "reserved_gib": 8.041015625, "peak_allocated_gib": 7.100478649139404, "gpu_time_budget": null, "module": "model.layers.10.mlp.down_proj", "step": 6400}
{"stage": "sequential-round-coordinate", "pid": 4080976, "time": 1789707519.3900826, "cuda_visible_devices": "2", "allocated_gib": 5.225533962249756, "reserved_gib": 8.041015625, "peak_allocated_gib": 7.100478649139404, "gpu_time_budget": null, "module": "model.layers.10.mlp.down_proj", "step": 6528}
{"stage": "sequential-round-coordinate", "pid": 4080976, "time": 1789707520.3484228, "cuda_visible_devices": "2", "allocated_gib": 5.225533962249756, "reserved_gib": 8.041015625, "peak_allocated_gib": 7.100478649139404, "gpu_time_budget": null, "module": "model.layers.10.mlp.down_proj", "step": 6656}
{"stage": "sequential-round-coordinate", "pid": 4080976, "time": 1789707521.3061776, "cuda_visible_devices": "2", "allocated_gib": 5.225533962249756, "reserved_gib": 8.041015625, "peak_allocated_gib": 7.100478649139404, "gpu_time_budget": null, "module": "model.layers.10.mlp.down_proj", "step": 6784}
{"stage": "sequential-round-coordinate", "pid": 4080976, "time": 1789707522.2626915, "cuda_visible_devices": "2", "allocated_gib": 5.225533962249756, "reserved_gib": 8.041015625, "peak_allocated_gib": 7.100478649139404, "gpu_time_budget": null, "module": "model.layers.10.mlp.down_proj", "step": 6912}
{"stage": "sequential-round-coordinate", "pid": 4080976, "time": 1789707523.2160194, "cuda_visible_devices": "2", "allocated_gib": 5.225533962249756, "reserved_gib": 8.041015625, "peak_allocated_gib": 7.100478649139404, "gpu_time_budget": null, "module": "model.layers.10.mlp.down_proj", "step": 7040}
{"stage": "sequential-round-coordinate", "pid": 4080976, "time": 1789707524.1723056, "cuda_visible_devices": "2", "allocated_gib": 5.225533962249756, "reserved_gib": 8.041015625, "peak_allocated_gib": 7.100478649139404, "gpu_time_budget": null, "module": "model.layers.10.mlp.down_proj", "step": 7168}
{"stage": "sequential-round-coordinate", "pid": 4080976, "time": 1789707525.128026, "cuda_visible_devices": "2", "allocated_gib": 5.225533962249756, "reserved_gib": 8.041015625, "peak_allocated_gib": 7.100478649139404, "gpu_time_budget": null, "module": "model.layers.10.mlp.down_proj", "step": 7296}
{"stage": "sequential-round-coordinate", "pid": 4080976, "time": 1789707526.0828168, "cuda_visible_devices": "2", "allocated_gib": 5.225533962249756, "reserved_gib": 8.041015625, "peak_allocated_gib": 7.100478649139404, "gpu_time_budget": null, "module": "model.layers.10.mlp.down_proj", "step": 7424}
{"stage": "sequential-round-coordinate", "pid": 4080976, "time": 1789707527.0334303, "cuda_visible_devices": "2", "allocated_gib": 5.225533962249756, "reserved_gib": 8.041015625, "peak_allocated_gib": 7.100478649139404, "gpu_time_budget": null, "module": "model.layers.10.mlp.down_proj", "step": 7552}
{"stage": "sequential-round-coordinate", "pid": 4080976, "time": 1789707527.9868102, "cuda_visible_devices": "2", "allocated_gib": 5.225533962249756, "reserved_gib": 8.041015625, "peak_allocated_gib": 7.100478649139404, "gpu_time_budget": null, "module": "model.layers.10.mlp.down_proj", "step": 7680}
{"stage": "sequential-round-coordinate", "pid": 4080976, "time": 1789707528.9357448, "cuda_visible_devices": "2", "allocated_gib": 5.225533962249756, "reserved_gib": 8.041015625, "peak_allocated_gib": 7.100478649139404, "gpu_time_budget": null, "module": "model.layers.10.mlp.down_proj", "step": 7808}
{"stage": "sequential-round-coordinate", "pid": 4080976, "time": 1789707529.88877, "cuda_visible_devices": "2", "allocated_gib": 5.225533962249756, "reserved_gib": 8.041015625, "peak_allocated_gib": 7.100478649139404, "gpu_time_budget": null, "module": "model.layers.10.mlp.down_proj", "step": 7936}
{"stage": "sequential-round-coordinate", "pid": 4080976, "time": 1789707530.841717, "cuda_visible_devices": "2", "allocated_gib": 5.225533962249756, "reserved_gib": 8.041015625, "peak_allocated_gib": 7.100478649139404, "gpu_time_budget": null, "module": "model.layers.10.mlp.down_proj", "step": 8064}
{"stage": "sequential-round-coordinate", "pid": 4080976, "time": 1789707531.8786108, "cuda_visible_devices": "2", "allocated_gib": 5.225533962249756, "reserved_gib": 8.041015625, "peak_allocated_gib": 7.100478649139404, "gpu_time_budget": null, "module": "model.layers.10.mlp.down_proj", "step": 8192}
{"stage": "sequential-round-train-nll", "pid": 4080976, "time": 1789707531.9268603, "cuda_visible_devices": "2", "allocated_gib": 3.795783519744873, "reserved_gib": 3.80078125, "peak_allocated_gib": 7.100478649139404, "gpu_time_budget": null, "module": "model.layers.10.mlp.down_proj", "step": 512}
Evaluation segment 1/1: start=0, windows=8, seqlen=2048
{"stage": "sequential-round-train-nll", "pid": 4080976, "time": 1789707537.6200464, "cuda_visible_devices": "2", "allocated_gib": 3.795783519744873, "reserved_gib": 5.791015625, "peak_allocated_gib": 7.100478649139404, "gpu_time_budget": null, "module": "model.layers.10.mlp.down_proj", "step": 2048}
Evaluation segment 1/1: start=0, windows=8, seqlen=2048
{"stage": "sequential-round-train-nll", "pid": 4080976, "time": 1789707543.3203788, "cuda_visible_devices": "2", "allocated_gib": 3.795783519744873, "reserved_gib": 5.791015625, "peak_allocated_gib": 7.100478649139404, "gpu_time_budget": null, "module": "model.layers.10.mlp.down_proj", "step": 8192}
Evaluation segment 1/1: start=0, windows=8, seqlen=2048
{"stage": "sequential-module-completed", "pid": 4080976, "time": 1789707548.8105927, "cuda_visible_devices": "2", "allocated_gib": 3.795783519744873, "reserved_gib": 5.791015625, "peak_allocated_gib": 7.100478649139404, "gpu_time_budget": null, "module": "model.layers.10.mlp.down_proj", "completed": 11, "total": 28, "selected_train_nll": 2.945028075955618, "elapsed_seconds": 721.7957402520115}
{"stage": "sequential-round-fit", "pid": 4080976, "time": 1789707553.280475, "cuda_visible_devices": "2", "allocated_gib": 3.795783519744873, "reserved_gib": 5.791015625, "peak_allocated_gib": 7.100478649139404, "gpu_time_budget": null, "module": "model.layers.11.mlp.down_proj", "fit_rows": 49152, "heldout_rows": 16384}
{"stage": "sequential-round-coordinate", "pid": 4080976, "time": 1789707554.2996173, "cuda_visible_devices": "2", "allocated_gib": 5.225533962249756, "reserved_gib": 8.041015625, "peak_allocated_gib": 7.100478649139404, "gpu_time_budget": null, "module": "model.layers.11.mlp.down_proj", "step": 128}
{"stage": "sequential-round-coordinate", "pid": 4080976, "time": 1789707555.033809, "cuda_visible_devices": "2", "allocated_gib": 5.225533962249756, "reserved_gib": 8.041015625, "peak_allocated_gib": 7.100478649139404, "gpu_time_budget": null, "module": "model.layers.11.mlp.down_proj", "step": 256}
{"stage": "sequential-round-coordinate", "pid": 4080976, "time": 1789707555.7899468, "cuda_visible_devices": "2", "allocated_gib": 5.225533962249756, "reserved_gib": 8.041015625, "peak_allocated_gib": 7.100478649139404, "gpu_time_budget": null, "module": "model.layers.11.mlp.down_proj", "step": 384}
{"stage": "sequential-round-coordinate", "pid": 4080976, "time": 1789707556.6058073, "cuda_visible_devices": "2", "allocated_gib": 5.225533962249756, "reserved_gib": 8.041015625, "peak_allocated_gib": 7.100478649139404, "gpu_time_budget": null, "module": "model.layers.11.mlp.down_proj", "step": 512}
{"stage": "sequential-round-coordinate", "pid": 4080976, "time": 1789707557.3854065, "cuda_visible_devices": "2", "allocated_gib": 5.225533962249756, "reserved_gib": 8.041015625, "peak_allocated_gib": 7.100478649139404, "gpu_time_budget": null, "module": "model.layers.11.mlp.down_proj", "step": 640}
{"stage": "sequential-round-coordinate", "pid": 4080976, "time": 1789707558.1821058, "cuda_visible_devices": "2", "allocated_gib": 5.225533962249756, "reserved_gib": 8.041015625, "peak_allocated_gib": 7.100478649139404, "gpu_time_budget": null, "module": "model.layers.11.mlp.down_proj", "step": 768}
{"stage": "sequential-round-coordinate", "pid": 4080976, "time": 1789707558.9657865, "cuda_visible_devices": "2", "allocated_gib": 5.225533962249756, "reserved_gib": 8.041015625, "peak_allocated_gib": 7.100478649139404, "gpu_time_budget": null, "module": "model.layers.11.mlp.down_proj", "step": 896}
{"stage": "sequential-round-coordinate", "pid": 4080976, "time": 1789707559.7206855, "cuda_visible_devices": "2", "allocated_gib": 5.225533962249756, "reserved_gib": 8.041015625, "peak_allocated_gib": 7.100478649139404, "gpu_time_budget": null, "module": "model.layers.11.mlp.down_proj", "step": 1024}
{"stage": "sequential-round-coordinate", "pid": 4080976, "time": 1789707560.439504, "cuda_visible_devices": "2", "allocated_gib": 5.225533962249756, "reserved_gib": 8.041015625, "peak_allocated_gib": 7.100478649139404, "gpu_time_budget": null, "module": "model.layers.11.mlp.down_proj", "step": 1152}
{"stage": "sequential-round-coordinate", "pid": 4080976, "time": 1789707561.0541747, "cuda_visible_devices": "2", "allocated_gib": 5.225533962249756, "reserved_gib": 8.041015625, "peak_allocated_gib": 7.100478649139404, "gpu_time_budget": null, "module": "model.layers.11.mlp.down_proj", "step": 1280}
{"stage": "sequential-round-coordinate", "pid": 4080976, "time": 1789707561.706248, "cuda_visible_devices": "2", "allocated_gib": 5.225533962249756, "reserved_gib": 8.041015625, "peak_allocated_gib": 7.100478649139404, "gpu_time_budget": null, "module": "model.layers.11.mlp.down_proj", "step": 1408}
{"stage": "sequential-round-coordinate", "pid": 4080976, "time": 1789707562.3582602, "cuda_visible_devices": "2", "allocated_gib": 5.225533962249756, "reserved_gib": 8.041015625, "peak_allocated_gib": 7.100478649139404, "gpu_time_budget": null, "module": "model.layers.11.mlp.down_proj", "step": 1536}
{"stage": "sequential-round-coordinate", "pid": 4080976, "time": 1789707563.010551, "cuda_visible_devices": "2", "allocated_gib": 5.225533962249756, "reserved_gib": 8.041015625, "peak_allocated_gib": 7.100478649139404, "gpu_time_budget": null, "module": "model.layers.11.mlp.down_proj", "step": 1664}
{"stage": "sequential-round-coordinate", "pid": 4080976, "time": 1789707563.659988, "cuda_visible_devices": "2", "allocated_gib": 5.225533962249756, "reserved_gib": 8.041015625, "peak_allocated_gib": 7.100478649139404, "gpu_time_budget": null, "module": "model.layers.11.mlp.down_proj", "step": 1792}
{"stage": "sequential-round-coordinate", "pid": 4080976, "time": 1789707564.3143723, "cuda_visible_devices": "2", "allocated_gib": 5.225533962249756, "reserved_gib": 8.041015625, "peak_allocated_gib": 7.100478649139404, "gpu_time_budget": null, "module": "model.layers.11.mlp.down_proj", "step": 1920}
{"stage": "sequential-round-coordinate", "pid": 4080976, "time": 1789707565.028117, "cuda_visible_devices": "2", "allocated_gib": 5.225533962249756, "reserved_gib": 8.041015625, "peak_allocated_gib": 7.100478649139404, "gpu_time_budget": null, "module": "model.layers.11.mlp.down_proj", "step": 2048}
{"stage": "sequential-round-coordinate", "pid": 4080976, "time": 1789707565.6867957, "cuda_visible_devices": "2", "allocated_gib": 5.225533962249756, "reserved_gib": 8.041015625, "peak_allocated_gib": 7.100478649139404, "gpu_time_budget": null, "module": "model.layers.11.mlp.down_proj", "step": 2176}
{"stage": "sequential-round-coordinate", "pid": 4080976, "time": 1789707566.3489568, "cuda_visible_devices": "2", "allocated_gib": 5.225533962249756, "reserved_gib": 8.041015625, "peak_allocated_gib": 7.100478649139404, "gpu_time_budget": null, "module": "model.layers.11.mlp.down_proj", "step": 2304}
{"stage": "sequential-round-coordinate", "pid": 4080976, "time": 1789707567.0017402, "cuda_visible_devices": "2", "allocated_gib": 5.225533962249756, "reserved_gib": 8.041015625, "peak_allocated_gib": 7.100478649139404, "gpu_time_budget": null, "module": "model.layers.11.mlp.down_proj", "step": 2432}
{"stage": "sequential-round-coordinate", "pid": 4080976, "time": 1789707567.6537588, "cuda_visible_devices": "2", "allocated_gib": 5.225533962249756, "reserved_gib": 8.041015625, "peak_allocated_gib": 7.100478649139404, "gpu_time_budget": null, "module": "model.layers.11.mlp.down_proj", "step": 2560}
{"stage": "sequential-round-coordinate", "pid": 4080976, "time": 1789707568.4744947, "cuda_visible_devices": "2", "allocated_gib": 5.225533962249756, "reserved_gib": 8.041015625, "peak_allocated_gib": 7.100478649139404, "gpu_time_budget": null, "module": "model.layers.11.mlp.down_proj", "step": 2688}
{"stage": "sequential-round-coordinate", "pid": 4080976, "time": 1789707569.4199207, "cuda_visible_devices": "2", "allocated_gib": 5.225533962249756, "reserved_gib": 8.041015625, "peak_allocated_gib": 7.100478649139404, "gpu_time_budget": null, "module": "model.layers.11.mlp.down_proj", "step": 2816}
{"stage": "sequential-round-coordinate", "pid": 4080976, "time": 1789707570.3730383, "cuda_visible_devices": "2", "allocated_gib": 5.225533962249756, "reserved_gib": 8.041015625, "peak_allocated_gib": 7.100478649139404, "gpu_time_budget": null, "module": "model.layers.11.mlp.down_proj", "step": 2944}
{"stage": "sequential-round-coordinate", "pid": 4080976, "time": 1789707571.3275812, "cuda_visible_devices": "2", "allocated_gib": 5.225533962249756, "reserved_gib": 8.041015625, "peak_allocated_gib": 7.100478649139404, "gpu_time_budget": null, "module": "model.layers.11.mlp.down_proj", "step": 3072}
{"stage": "sequential-round-coordinate", "pid": 4080976, "time": 1789707572.2841413, "cuda_visible_devices": "2", "allocated_gib": 5.225533962249756, "reserved_gib": 8.041015625, "peak_allocated_gib": 7.100478649139404, "gpu_time_budget": null, "module": "model.layers.11.mlp.down_proj", "step": 3200}
{"stage": "sequential-round-coordinate", "pid": 4080976, "time": 1789707573.2350311, "cuda_visible_devices": "2", "allocated_gib": 5.225533962249756, "reserved_gib": 8.041015625, "peak_allocated_gib": 7.100478649139404, "gpu_time_budget": null, "module": "model.layers.11.mlp.down_proj", "step": 3328}
{"stage": "sequential-round-coordinate", "pid": 4080976, "time": 1789707574.187879, "cuda_visible_devices": "2", "allocated_gib": 5.225533962249756, "reserved_gib": 8.041015625, "peak_allocated_gib": 7.100478649139404, "gpu_time_budget": null, "module": "model.layers.11.mlp.down_proj", "step": 3456}
{"stage": "sequential-round-coordinate", "pid": 4080976, "time": 1789707575.1420798, "cuda_visible_devices": "2", "allocated_gib": 5.225533962249756, "reserved_gib": 8.041015625, "peak_allocated_gib": 7.100478649139404, "gpu_time_budget": null, "module": "model.layers.11.mlp.down_proj", "step": 3584}
{"stage": "sequential-round-coordinate", "pid": 4080976, "time": 1789707576.1051705, "cuda_visible_devices": "2", "allocated_gib": 5.225533962249756, "reserved_gib": 8.041015625, "peak_allocated_gib": 7.100478649139404, "gpu_time_budget": null, "module": "model.layers.11.mlp.down_proj", "step": 3712}
{"stage": "sequential-round-coordinate", "pid": 4080976, "time": 1789707577.0690048, "cuda_visible_devices": "2", "allocated_gib": 5.225533962249756, "reserved_gib": 8.041015625, "peak_allocated_gib": 7.100478649139404, "gpu_time_budget": null, "module": "model.layers.11.mlp.down_proj", "step": 3840}
{"stage": "sequential-round-coordinate", "pid": 4080976, "time": 1789707578.0310836, "cuda_visible_devices": "2", "allocated_gib": 5.225533962249756, "reserved_gib": 8.041015625, "peak_allocated_gib": 7.100478649139404, "gpu_time_budget": null, "module": "model.layers.11.mlp.down_proj", "step": 3968}
{"stage": "sequential-round-coordinate", "pid": 4080976, "time": 1789707578.9931798, "cuda_visible_devices": "2", "allocated_gib": 5.225533962249756, "reserved_gib": 8.041015625, "peak_allocated_gib": 7.100478649139404, "gpu_time_budget": null, "module": "model.layers.11.mlp.down_proj", "step": 4096}
{"stage": "sequential-round-coordinate", "pid": 4080976, "time": 1789707579.9580255, "cuda_visible_devices": "2", "allocated_gib": 5.225533962249756, "reserved_gib": 8.041015625, "peak_allocated_gib": 7.100478649139404, "gpu_time_budget": null, "module": "model.layers.11.mlp.down_proj", "step": 4224}
{"stage": "sequential-round-coordinate", "pid": 4080976, "time": 1789707580.91693, "cuda_visible_devices": "2", "allocated_gib": 5.225533962249756, "reserved_gib": 8.041015625, "peak_allocated_gib": 7.100478649139404, "gpu_time_budget": null, "module": "model.layers.11.mlp.down_proj", "step": 4352}
{"stage": "sequential-round-coordinate", "pid": 4080976, "time": 1789707581.877186, "cuda_visible_devices": "2", "allocated_gib": 5.225533962249756, "reserved_gib": 8.041015625, "peak_allocated_gib": 7.100478649139404, "gpu_time_budget": null, "module": "model.layers.11.mlp.down_proj", "step": 4480}
{"stage": "sequential-round-coordinate", "pid": 4080976, "time": 1789707582.8320162, "cuda_visible_devices": "2", "allocated_gib": 5.225533962249756, "reserved_gib": 8.041015625, "peak_allocated_gib": 7.100478649139404, "gpu_time_budget": null, "module": "model.layers.11.mlp.down_proj", "step": 4608}
{"stage": "sequential-round-coordinate", "pid": 4080976, "time": 1789707583.7927155, "cuda_visible_devices": "2", "allocated_gib": 5.225533962249756, "reserved_gib": 8.041015625, "peak_allocated_gib": 7.100478649139404, "gpu_time_budget": null, "module": "model.layers.11.mlp.down_proj", "step": 4736}
{"stage": "sequential-round-coordinate", "pid": 4080976, "time": 1789707584.751421, "cuda_visible_devices": "2", "allocated_gib": 5.225533962249756, "reserved_gib": 8.041015625, "peak_allocated_gib": 7.100478649139404, "gpu_time_budget": null, "module": "model.layers.11.mlp.down_proj", "step": 4864}
{"stage": "sequential-round-coordinate", "pid": 4080976, "time": 1789707585.709089, "cuda_visible_devices": "2", "allocated_gib": 5.225533962249756, "reserved_gib": 8.041015625, "peak_allocated_gib": 7.100478649139404, "gpu_time_budget": null, "module": "model.layers.11.mlp.down_proj", "step": 4992}
{"stage": "sequential-round-coordinate", "pid": 4080976, "time": 1789707586.668099, "cuda_visible_devices": "2", "allocated_gib": 5.225533962249756, "reserved_gib": 8.041015625, "peak_allocated_gib": 7.100478649139404, "gpu_time_budget": null, "module": "model.layers.11.mlp.down_proj", "step": 5120}
{"stage": "sequential-round-coordinate", "pid": 4080976, "time": 1789707587.6271842, "cuda_visible_devices": "2", "allocated_gib": 5.225533962249756, "reserved_gib": 8.041015625, "peak_allocated_gib": 7.100478649139404, "gpu_time_budget": null, "module": "model.layers.11.mlp.down_proj", "step": 5248}
{"stage": "sequential-round-coordinate", "pid": 4080976, "time": 1789707588.5846586, "cuda_visible_devices": "2", "allocated_gib": 5.225533962249756, "reserved_gib": 8.041015625, "peak_allocated_gib": 7.100478649139404, "gpu_time_budget": null, "module": "model.layers.11.mlp.down_proj", "step": 5376}
{"stage": "sequential-round-coordinate", "pid": 4080976, "time": 1789707589.5365736, "cuda_visible_devices": "2", "allocated_gib": 5.225533962249756, "reserved_gib": 8.041015625, "peak_allocated_gib": 7.100478649139404, "gpu_time_budget": null, "module": "model.layers.11.mlp.down_proj", "step": 5504}
{"stage": "sequential-round-coordinate", "pid": 4080976, "time": 1789707590.4923, "cuda_visible_devices": "2", "allocated_gib": 5.225533962249756, "reserved_gib": 8.041015625, "peak_allocated_gib": 7.100478649139404, "gpu_time_budget": null, "module": "model.layers.11.mlp.down_proj", "step": 5632}
{"stage": "sequential-round-coordinate", "pid": 4080976, "time": 1789707591.4502943, "cuda_visible_devices": "2", "allocated_gib": 5.225533962249756, "reserved_gib": 8.041015625, "peak_allocated_gib": 7.100478649139404, "gpu_time_budget": null, "module": "model.layers.11.mlp.down_proj", "step": 5760}
{"stage": "sequential-round-coordinate", "pid": 4080976, "time": 1789707592.3999438, "cuda_visible_devices": "2", "allocated_gib": 5.225533962249756, "reserved_gib": 8.041015625, "peak_allocated_gib": 7.100478649139404, "gpu_time_budget": null, "module": "model.layers.11.mlp.down_proj", "step": 5888}
{"stage": "sequential-round-coordinate", "pid": 4080976, "time": 1789707593.3565722, "cuda_visible_devices": "2", "allocated_gib": 5.225533962249756, "reserved_gib": 8.041015625, "peak_allocated_gib": 7.100478649139404, "gpu_time_budget": null, "module": "model.layers.11.mlp.down_proj", "step": 6016}
{"stage": "sequential-round-coordinate", "pid": 4080976, "time": 1789707594.3088834, "cuda_visible_devices": "2", "allocated_gib": 5.225533962249756, "reserved_gib": 8.041015625, "peak_allocated_gib": 7.100478649139404, "gpu_time_budget": null, "module": "model.layers.11.mlp.down_proj", "step": 6144}
{"stage": "sequential-round-coordinate", "pid": 4080976, "time": 1789707595.259038, "cuda_visible_devices": "2", "allocated_gib": 5.225533962249756, "reserved_gib": 8.041015625, "peak_allocated_gib": 7.100478649139404, "gpu_time_budget": null, "module": "model.layers.11.mlp.down_proj", "step": 6272}
{"stage": "sequential-round-coordinate", "pid": 4080976, "time": 1789707596.2126026, "cuda_visible_devices": "2", "allocated_gib": 5.225533962249756, "reserved_gib": 8.041015625, "peak_allocated_gib": 7.100478649139404, "gpu_time_budget": null, "module": "model.layers.11.mlp.down_proj", "step": 6400}
{"stage": "sequential-round-coordinate", "pid": 4080976, "time": 1789707597.163625, "cuda_visible_devices": "2", "allocated_gib": 5.225533962249756, "reserved_gib": 8.041015625, "peak_allocated_gib": 7.100478649139404, "gpu_time_budget": null, "module": "model.layers.11.mlp.down_proj", "step": 6528}
{"stage": "sequential-round-coordinate", "pid": 4080976, "time": 1789707598.115802, "cuda_visible_devices": "2", "allocated_gib": 5.225533962249756, "reserved_gib": 8.041015625, "peak_allocated_gib": 7.100478649139404, "gpu_time_budget": null, "module": "model.layers.11.mlp.down_proj", "step": 6656}
{"stage": "sequential-round-coordinate", "pid": 4080976, "time": 1789707599.0655422, "cuda_visible_devices": "2", "allocated_gib": 5.225533962249756, "reserved_gib": 8.041015625, "peak_allocated_gib": 7.100478649139404, "gpu_time_budget": null, "module": "model.layers.11.mlp.down_proj", "step": 6784}
{"stage": "sequential-round-coordinate", "pid": 4080976, "time": 1789707600.018949, "cuda_visible_devices": "2", "allocated_gib": 5.225533962249756, "reserved_gib": 8.041015625, "peak_allocated_gib": 7.100478649139404, "gpu_time_budget": null, "module": "model.layers.11.mlp.down_proj", "step": 6912}
{"stage": "sequential-round-coordinate", "pid": 4080976, "time": 1789707600.9683795, "cuda_visible_devices": "2", "allocated_gib": 5.225533962249756, "reserved_gib": 8.041015625, "peak_allocated_gib": 7.100478649139404, "gpu_time_budget": null, "module": "model.layers.11.mlp.down_proj", "step": 7040}
{"stage": "sequential-round-coordinate", "pid": 4080976, "time": 1789707601.9265006, "cuda_visible_devices": "2", "allocated_gib": 5.225533962249756, "reserved_gib": 8.041015625, "peak_allocated_gib": 7.100478649139404, "gpu_time_budget": null, "module": "model.layers.11.mlp.down_proj", "step": 7168}
{"stage": "sequential-round-coordinate", "pid": 4080976, "time": 1789707602.8873644, "cuda_visible_devices": "2", "allocated_gib": 5.225533962249756, "reserved_gib": 8.041015625, "peak_allocated_gib": 7.100478649139404, "gpu_time_budget": null, "module": "model.layers.11.mlp.down_proj", "step": 7296}
{"stage": "sequential-round-coordinate", "pid": 4080976, "time": 1789707603.842785, "cuda_visible_devices": "2", "allocated_gib": 5.225533962249756, "reserved_gib": 8.041015625, "peak_allocated_gib": 7.100478649139404, "gpu_time_budget": null, "module": "model.layers.11.mlp.down_proj", "step": 7424}
{"stage": "sequential-round-coordinate", "pid": 4080976, "time": 1789707604.803395, "cuda_visible_devices": "2", "allocated_gib": 5.225533962249756, "reserved_gib": 8.041015625, "peak_allocated_gib": 7.100478649139404, "gpu_time_budget": null, "module": "model.layers.11.mlp.down_proj", "step": 7552}
{"stage": "sequential-round-coordinate", "pid": 4080976, "time": 1789707605.7588, "cuda_visible_devices": "2", "allocated_gib": 5.225533962249756, "reserved_gib": 8.041015625, "peak_allocated_gib": 7.100478649139404, "gpu_time_budget": null, "module": "model.layers.11.mlp.down_proj", "step": 7680}
{"stage": "sequential-round-coordinate", "pid": 4080976, "time": 1789707606.7097251, "cuda_visible_devices": "2", "allocated_gib": 5.225533962249756, "reserved_gib": 8.041015625, "peak_allocated_gib": 7.100478649139404, "gpu_time_budget": null, "module": "model.layers.11.mlp.down_proj", "step": 7808}
{"stage": "sequential-round-coordinate", "pid": 4080976, "time": 1789707607.6676567, "cuda_visible_devices": "2", "allocated_gib": 5.225533962249756, "reserved_gib": 8.041015625, "peak_allocated_gib": 7.100478649139404, "gpu_time_budget": null, "module": "model.layers.11.mlp.down_proj", "step": 7936}
{"stage": "sequential-round-coordinate", "pid": 4080976, "time": 1789707608.6259048, "cuda_visible_devices": "2", "allocated_gib": 5.225533962249756, "reserved_gib": 8.041015625, "peak_allocated_gib": 7.100478649139404, "gpu_time_budget": null, "module": "model.layers.11.mlp.down_proj", "step": 8064}
{"stage": "sequential-round-coordinate", "pid": 4080976, "time": 1789707609.6654406, "cuda_visible_devices": "2", "allocated_gib": 5.225533962249756, "reserved_gib": 8.041015625, "peak_allocated_gib": 7.100478649139404, "gpu_time_budget": null, "module": "model.layers.11.mlp.down_proj", "step": 8192}
{"stage": "sequential-round-train-nll", "pid": 4080976, "time": 1789707609.711687, "cuda_visible_devices": "2", "allocated_gib": 3.795783519744873, "reserved_gib": 3.80078125, "peak_allocated_gib": 7.100478649139404, "gpu_time_budget": null, "module": "model.layers.11.mlp.down_proj", "step": 512}
Evaluation segment 1/1: start=0, windows=8, seqlen=2048
{"stage": "sequential-round-train-nll", "pid": 4080976, "time": 1789707615.5087125, "cuda_visible_devices": "2", "allocated_gib": 3.795783519744873, "reserved_gib": 5.791015625, "peak_allocated_gib": 7.100478649139404, "gpu_time_budget": null, "module": "model.layers.11.mlp.down_proj", "step": 2048}
Evaluation segment 1/1: start=0, windows=8, seqlen=2048
{"stage": "sequential-round-train-nll", "pid": 4080976, "time": 1789707621.2391822, "cuda_visible_devices": "2", "allocated_gib": 3.795783519744873, "reserved_gib": 5.791015625, "peak_allocated_gib": 7.100478649139404, "gpu_time_budget": null, "module": "model.layers.11.mlp.down_proj", "step": 8192}
Evaluation segment 1/1: start=0, windows=8, seqlen=2048
{"stage": "sequential-module-completed", "pid": 4080976, "time": 1789707626.3690271, "cuda_visible_devices": "2", "allocated_gib": 3.795783519744873, "reserved_gib": 5.791015625, "peak_allocated_gib": 7.100478649139404, "gpu_time_budget": null, "module": "model.layers.11.mlp.down_proj", "completed": 12, "total": 28, "selected_train_nll": 2.945028075955618, "elapsed_seconds": 799.3541754530743}
{"stage": "sequential-round-fit", "pid": 4080976, "time": 1789707631.1637995, "cuda_visible_devices": "2", "allocated_gib": 3.795783519744873, "reserved_gib": 5.791015625, "peak_allocated_gib": 7.100478649139404, "gpu_time_budget": null, "module": "model.layers.12.mlp.down_proj", "fit_rows": 49152, "heldout_rows": 16384}
{"stage": "sequential-round-coordinate", "pid": 4080976, "time": 1789707632.2075984, "cuda_visible_devices": "2", "allocated_gib": 5.225533962249756, "reserved_gib": 8.041015625, "peak_allocated_gib": 7.100478649139404, "gpu_time_budget": null, "module": "model.layers.12.mlp.down_proj", "step": 128}
{"stage": "sequential-round-coordinate", "pid": 4080976, "time": 1789707632.9602275, "cuda_visible_devices": "2", "allocated_gib": 5.225533962249756, "reserved_gib": 8.041015625, "peak_allocated_gib": 7.100478649139404, "gpu_time_budget": null, "module": "model.layers.12.mlp.down_proj", "step": 256}
{"stage": "sequential-round-coordinate", "pid": 4080976, "time": 1789707633.7133834, "cuda_visible_devices": "2", "allocated_gib": 5.225533962249756, "reserved_gib": 8.041015625, "peak_allocated_gib": 7.100478649139404, "gpu_time_budget": null, "module": "model.layers.12.mlp.down_proj", "step": 384}
{"stage": "sequential-round-coordinate", "pid": 4080976, "time": 1789707634.5414987, "cuda_visible_devices": "2", "allocated_gib": 5.225533962249756, "reserved_gib": 8.041015625, "peak_allocated_gib": 7.100478649139404, "gpu_time_budget": null, "module": "model.layers.12.mlp.down_proj", "step": 512}
{"stage": "sequential-round-coordinate", "pid": 4080976, "time": 1789707635.335554, "cuda_visible_devices": "2", "allocated_gib": 5.225533962249756, "reserved_gib": 8.041015625, "peak_allocated_gib": 7.100478649139404, "gpu_time_budget": null, "module": "model.layers.12.mlp.down_proj", "step": 640}
{"stage": "sequential-round-coordinate", "pid": 4080976, "time": 1789707636.1205266, "cuda_visible_devices": "2", "allocated_gib": 5.225533962249756, "reserved_gib": 8.041015625, "peak_allocated_gib": 7.100478649139404, "gpu_time_budget": null, "module": "model.layers.12.mlp.down_proj", "step": 768}
{"stage": "sequential-round-coordinate", "pid": 4080976, "time": 1789707636.6877902, "cuda_visible_devices": "2", "allocated_gib": 5.225533962249756, "reserved_gib": 8.041015625, "peak_allocated_gib": 7.100478649139404, "gpu_time_budget": null, "module": "model.layers.12.mlp.down_proj", "step": 896}
{"stage": "sequential-round-coordinate", "pid": 4080976, "time": 1789707637.3356254, "cuda_visible_devices": "2", "allocated_gib": 5.225533962249756, "reserved_gib": 8.041015625, "peak_allocated_gib": 7.100478649139404, "gpu_time_budget": null, "module": "model.layers.12.mlp.down_proj", "step": 1024}
{"stage": "sequential-round-coordinate", "pid": 4080976, "time": 1789707637.9859698, "cuda_visible_devices": "2", "allocated_gib": 5.225533962249756, "reserved_gib": 8.041015625, "peak_allocated_gib": 7.100478649139404, "gpu_time_budget": null, "module": "model.layers.12.mlp.down_proj", "step": 1152}
{"stage": "sequential-round-coordinate", "pid": 4080976, "time": 1789707638.6343663, "cuda_visible_devices": "2", "allocated_gib": 5.225533962249756, "reserved_gib": 8.041015625, "peak_allocated_gib": 7.100478649139404, "gpu_time_budget": null, "module": "model.layers.12.mlp.down_proj", "step": 1280}
{"stage": "sequential-round-coordinate", "pid": 4080976, "time": 1789707639.2790513, "cuda_visible_devices": "2", "allocated_gib": 5.225533962249756, "reserved_gib": 8.041015625, "peak_allocated_gib": 7.100478649139404, "gpu_time_budget": null, "module": "model.layers.12.mlp.down_proj", "step": 1408}
{"stage": "sequential-round-coordinate", "pid": 4080976, "time": 1789707639.9258046, "cuda_visible_devices": "2", "allocated_gib": 5.225533962249756, "reserved_gib": 8.041015625, "peak_allocated_gib": 7.100478649139404, "gpu_time_budget": null, "module": "model.layers.12.mlp.down_proj", "step": 1536}
{"stage": "sequential-round-coordinate", "pid": 4080976, "time": 1789707640.5760512, "cuda_visible_devices": "2", "allocated_gib": 5.225533962249756, "reserved_gib": 8.041015625, "peak_allocated_gib": 7.100478649139404, "gpu_time_budget": null, "module": "model.layers.12.mlp.down_proj", "step": 1664}
{"stage": "sequential-round-coordinate", "pid": 4080976, "time": 1789707641.2206764, "cuda_visible_devices": "2", "allocated_gib": 5.225533962249756, "reserved_gib": 8.041015625, "peak_allocated_gib": 7.100478649139404, "gpu_time_budget": null, "module": "model.layers.12.mlp.down_proj", "step": 1792}
{"stage": "sequential-round-coordinate", "pid": 4080976, "time": 1789707641.8679957, "cuda_visible_devices": "2", "allocated_gib": 5.225533962249756, "reserved_gib": 8.041015625, "peak_allocated_gib": 7.100478649139404, "gpu_time_budget": null, "module": "model.layers.12.mlp.down_proj", "step": 1920}
{"stage": "sequential-round-coordinate", "pid": 4080976, "time": 1789707642.5739534, "cuda_visible_devices": "2", "allocated_gib": 5.225533962249756, "reserved_gib": 8.041015625, "peak_allocated_gib": 7.100478649139404, "gpu_time_budget": null, "module": "model.layers.12.mlp.down_proj", "step": 2048}
{"stage": "sequential-round-coordinate", "pid": 4080976, "time": 1789707643.220678, "cuda_visible_devices": "2", "allocated_gib": 5.225533962249756, "reserved_gib": 8.041015625, "peak_allocated_gib": 7.100478649139404, "gpu_time_budget": null, "module": "model.layers.12.mlp.down_proj", "step": 2176}
{"stage": "sequential-round-coordinate", "pid": 4080976, "time": 1789707643.8725734, "cuda_visible_devices": "2", "allocated_gib": 5.225533962249756, "reserved_gib": 8.041015625, "peak_allocated_gib": 7.100478649139404, "gpu_time_budget": null, "module": "model.layers.12.mlp.down_proj", "step": 2304}
{"stage": "sequential-round-coordinate", "pid": 4080976, "time": 1789707644.6842065, "cuda_visible_devices": "2", "allocated_gib": 5.225533962249756, "reserved_gib": 8.041015625, "peak_allocated_gib": 7.100478649139404, "gpu_time_budget": null, "module": "model.layers.12.mlp.down_proj", "step": 2432}
{"stage": "sequential-round-coordinate", "pid": 4080976, "time": 1789707645.633716, "cuda_visible_devices": "2", "allocated_gib": 5.225533962249756, "reserved_gib": 8.041015625, "peak_allocated_gib": 7.100478649139404, "gpu_time_budget": null, "module": "model.layers.12.mlp.down_proj", "step": 2560}
{"stage": "sequential-round-coordinate", "pid": 4080976, "time": 1789707646.585541, "cuda_visible_devices": "2", "allocated_gib": 5.225533962249756, "reserved_gib": 8.041015625, "peak_allocated_gib": 7.100478649139404, "gpu_time_budget": null, "module": "model.layers.12.mlp.down_proj", "step": 2688}
{"stage": "sequential-round-coordinate", "pid": 4080976, "time": 1789707647.536243, "cuda_visible_devices": "2", "allocated_gib": 5.225533962249756, "reserved_gib": 8.041015625, "peak_allocated_gib": 7.100478649139404, "gpu_time_budget": null, "module": "model.layers.12.mlp.down_proj", "step": 2816}
{"stage": "sequential-round-coordinate", "pid": 4080976, "time": 1789707648.4908211, "cuda_visible_devices": "2", "allocated_gib": 5.225533962249756, "reserved_gib": 8.041015625, "peak_allocated_gib": 7.100478649139404, "gpu_time_budget": null, "module": "model.layers.12.mlp.down_proj", "step": 2944}
{"stage": "sequential-round-coordinate", "pid": 4080976, "time": 1789707649.444296, "cuda_visible_devices": "2", "allocated_gib": 5.225533962249756, "reserved_gib": 8.041015625, "peak_allocated_gib": 7.100478649139404, "gpu_time_budget": null, "module": "model.layers.12.mlp.down_proj", "step": 3072}
{"stage": "sequential-round-coordinate", "pid": 4080976, "time": 1789707650.4012926, "cuda_visible_devices": "2", "allocated_gib": 5.225533962249756, "reserved_gib": 8.041015625, "peak_allocated_gib": 7.100478649139404, "gpu_time_budget": null, "module": "model.layers.12.mlp.down_proj", "step": 3200}
{"stage": "sequential-round-coordinate", "pid": 4080976, "time": 1789707651.3605278, "cuda_visible_devices": "2", "allocated_gib": 5.225533962249756, "reserved_gib": 8.041015625, "peak_allocated_gib": 7.100478649139404, "gpu_time_budget": null, "module": "model.layers.12.mlp.down_proj", "step": 3328}
{"stage": "sequential-round-coordinate", "pid": 4080976, "time": 1789707652.3190954, "cuda_visible_devices": "2", "allocated_gib": 5.225533962249756, "reserved_gib": 8.041015625, "peak_allocated_gib": 7.100478649139404, "gpu_time_budget": null, "module": "model.layers.12.mlp.down_proj", "step": 3456}
{"stage": "sequential-round-coordinate", "pid": 4080976, "time": 1789707653.2770221, "cuda_visible_devices": "2", "allocated_gib": 5.225533962249756, "reserved_gib": 8.041015625, "peak_allocated_gib": 7.100478649139404, "gpu_time_budget": null, "module": "model.layers.12.mlp.down_proj", "step": 3584}
{"stage": "sequential-round-coordinate", "pid": 4080976, "time": 1789707654.2297964, "cuda_visible_devices": "2", "allocated_gib": 5.225533962249756, "reserved_gib": 8.041015625, "peak_allocated_gib": 7.100478649139404, "gpu_time_budget": null, "module": "model.layers.12.mlp.down_proj", "step": 3712}
{"stage": "sequential-round-coordinate", "pid": 4080976, "time": 1789707655.1877182, "cuda_visible_devices": "2", "allocated_gib": 5.225533962249756, "reserved_gib": 8.041015625, "peak_allocated_gib": 7.100478649139404, "gpu_time_budget": null, "module": "model.layers.12.mlp.down_proj", "step": 3840}
{"stage": "sequential-round-coordinate", "pid": 4080976, "time": 1789707656.1444914, "cuda_visible_devices": "2", "allocated_gib": 5.225533962249756, "reserved_gib": 8.041015625, "peak_allocated_gib": 7.100478649139404, "gpu_time_budget": null, "module": "model.layers.12.mlp.down_proj", "step": 3968}
{"stage": "sequential-round-coordinate", "pid": 4080976, "time": 1789707657.1024315, "cuda_visible_devices": "2", "allocated_gib": 5.225533962249756, "reserved_gib": 8.041015625, "peak_allocated_gib": 7.100478649139404, "gpu_time_budget": null, "module": "model.layers.12.mlp.down_proj", "step": 4096}
{"stage": "sequential-round-coordinate", "pid": 4080976, "time": 1789707658.0616148, "cuda_visible_devices": "2", "allocated_gib": 5.225533962249756, "reserved_gib": 8.041015625, "peak_allocated_gib": 7.100478649139404, "gpu_time_budget": null, "module": "model.layers.12.mlp.down_proj", "step": 4224}
{"stage": "sequential-round-coordinate", "pid": 4080976, "time": 1789707659.020227, "cuda_visible_devices": "2", "allocated_gib": 5.225533962249756, "reserved_gib": 8.041015625, "peak_allocated_gib": 7.100478649139404, "gpu_time_budget": null, "module": "model.layers.12.mlp.down_proj", "step": 4352}
{"stage": "sequential-round-coordinate", "pid": 4080976, "time": 1789707659.9860332, "cuda_visible_devices": "2", "allocated_gib": 5.225533962249756, "reserved_gib": 8.041015625, "peak_allocated_gib": 7.100478649139404, "gpu_time_budget": null, "module": "model.layers.12.mlp.down_proj", "step": 4480}
{"stage": "sequential-round-coordinate", "pid": 4080976, "time": 1789707660.9409633, "cuda_visible_devices": "2", "allocated_gib": 5.225533962249756, "reserved_gib": 8.041015625, "peak_allocated_gib": 7.100478649139404, "gpu_time_budget": null, "module": "model.layers.12.mlp.down_proj", "step": 4608}
{"stage": "sequential-round-coordinate", "pid": 4080976, "time": 1789707661.8953822, "cuda_visible_devices": "2", "allocated_gib": 5.225533962249756, "reserved_gib": 8.041015625, "peak_allocated_gib": 7.100478649139404, "gpu_time_budget": null, "module": "model.layers.12.mlp.down_proj", "step": 4736}
{"stage": "sequential-round-coordinate", "pid": 4080976, "time": 1789707662.846833, "cuda_visible_devices": "2", "allocated_gib": 5.225533962249756, "reserved_gib": 8.041015625, "peak_allocated_gib": 7.100478649139404, "gpu_time_budget": null, "module": "model.layers.12.mlp.down_proj", "step": 4864}
{"stage": "sequential-round-coordinate", "pid": 4080976, "time": 1789707663.7984912, "cuda_visible_devices": "2", "allocated_gib": 5.225533962249756, "reserved_gib": 8.041015625, "peak_allocated_gib": 7.100478649139404, "gpu_time_budget": null, "module": "model.layers.12.mlp.down_proj", "step": 4992}
{"stage": "sequential-round-coordinate", "pid": 4080976, "time": 1789707664.7494383, "cuda_visible_devices": "2", "allocated_gib": 5.225533962249756, "reserved_gib": 8.041015625, "peak_allocated_gib": 7.100478649139404, "gpu_time_budget": null, "module": "model.layers.12.mlp.down_proj", "step": 5120}
{"stage": "sequential-round-coordinate", "pid": 4080976, "time": 1789707665.7051158, "cuda_visible_devices": "2", "allocated_gib": 5.225533962249756, "reserved_gib": 8.041015625, "peak_allocated_gib": 7.100478649139404, "gpu_time_budget": null, "module": "model.layers.12.mlp.down_proj", "step": 5248}
{"stage": "sequential-round-coordinate", "pid": 4080976, "time": 1789707666.665501, "cuda_visible_devices": "2", "allocated_gib": 5.225533962249756, "reserved_gib": 8.041015625, "peak_allocated_gib": 7.100478649139404, "gpu_time_budget": null, "module": "model.layers.12.mlp.down_proj", "step": 5376}
{"stage": "sequential-round-coordinate", "pid": 4080976, "time": 1789707667.6211252, "cuda_visible_devices": "2", "allocated_gib": 5.225533962249756, "reserved_gib": 8.041015625, "peak_allocated_gib": 7.100478649139404, "gpu_time_budget": null, "module": "model.layers.12.mlp.down_proj", "step": 5504}
{"stage": "sequential-round-coordinate", "pid": 4080976, "time": 1789707668.5757244, "cuda_visible_devices": "2", "allocated_gib": 5.225533962249756, "reserved_gib": 8.041015625, "peak_allocated_gib": 7.100478649139404, "gpu_time_budget": null, "module": "model.layers.12.mlp.down_proj", "step": 5632}
{"stage": "sequential-round-coordinate", "pid": 4080976, "time": 1789707669.5296555, "cuda_visible_devices": "2", "allocated_gib": 5.225533962249756, "reserved_gib": 8.041015625, "peak_allocated_gib": 7.100478649139404, "gpu_time_budget": null, "module": "model.layers.12.mlp.down_proj", "step": 5760}
{"stage": "sequential-round-coordinate", "pid": 4080976, "time": 1789707670.4870784, "cuda_visible_devices": "2", "allocated_gib": 5.225533962249756, "reserved_gib": 8.041015625, "peak_allocated_gib": 7.100478649139404, "gpu_time_budget": null, "module": "model.layers.12.mlp.down_proj", "step": 5888}
{"stage": "sequential-round-coordinate", "pid": 4080976, "time": 1789707671.4396448, "cuda_visible_devices": "2", "allocated_gib": 5.225533962249756, "reserved_gib": 8.041015625, "peak_allocated_gib": 7.100478649139404, "gpu_time_budget": null, "module": "model.layers.12.mlp.down_proj", "step": 6016}
{"stage": "sequential-round-coordinate", "pid": 4080976, "time": 1789707672.3942702, "cuda_visible_devices": "2", "allocated_gib": 5.225533962249756, "reserved_gib": 8.041015625, "peak_allocated_gib": 7.100478649139404, "gpu_time_budget": null, "module": "model.layers.12.mlp.down_proj", "step": 6144}
{"stage": "sequential-round-coordinate", "pid": 4080976, "time": 1789707673.3472238, "cuda_visible_devices": "2", "allocated_gib": 5.225533962249756, "reserved_gib": 8.041015625, "peak_allocated_gib": 7.100478649139404, "gpu_time_budget": null, "module": "model.layers.12.mlp.down_proj", "step": 6272}
{"stage": "sequential-round-coordinate", "pid": 4080976, "time": 1789707674.3044121, "cuda_visible_devices": "2", "allocated_gib": 5.225533962249756, "reserved_gib": 8.041015625, "peak_allocated_gib": 7.100478649139404, "gpu_time_budget": null, "module": "model.layers.12.mlp.down_proj", "step": 6400}
{"stage": "sequential-round-coordinate", "pid": 4080976, "time": 1789707675.2607892, "cuda_visible_devices": "2", "allocated_gib": 5.225533962249756, "reserved_gib": 8.041015625, "peak_allocated_gib": 7.100478649139404, "gpu_time_budget": null, "module": "model.layers.12.mlp.down_proj", "step": 6528}
{"stage": "sequential-round-coordinate", "pid": 4080976, "time": 1789707676.2099817, "cuda_visible_devices": "2", "allocated_gib": 5.225533962249756, "reserved_gib": 8.041015625, "peak_allocated_gib": 7.100478649139404, "gpu_time_budget": null, "module": "model.layers.12.mlp.down_proj", "step": 6656}
{"stage": "sequential-round-coordinate", "pid": 4080976, "time": 1789707677.1647022, "cuda_visible_devices": "2", "allocated_gib": 5.225533962249756, "reserved_gib": 8.041015625, "peak_allocated_gib": 7.100478649139404, "gpu_time_budget": null, "module": "model.layers.12.mlp.down_proj", "step": 6784}
{"stage": "sequential-round-coordinate", "pid": 4080976, "time": 1789707678.120098, "cuda_visible_devices": "2", "allocated_gib": 5.225533962249756, "reserved_gib": 8.041015625, "peak_allocated_gib": 7.100478649139404, "gpu_time_budget": null, "module": "model.layers.12.mlp.down_proj", "step": 6912}
{"stage": "sequential-round-coordinate", "pid": 4080976, "time": 1789707679.078657, "cuda_visible_devices": "2", "allocated_gib": 5.225533962249756, "reserved_gib": 8.041015625, "peak_allocated_gib": 7.100478649139404, "gpu_time_budget": null, "module": "model.layers.12.mlp.down_proj", "step": 7040}
{"stage": "sequential-round-coordinate", "pid": 4080976, "time": 1789707680.0398319, "cuda_visible_devices": "2", "allocated_gib": 5.225533962249756, "reserved_gib": 8.041015625, "peak_allocated_gib": 7.100478649139404, "gpu_time_budget": null, "module": "model.layers.12.mlp.down_proj", "step": 7168}
{"stage": "sequential-round-coordinate", "pid": 4080976, "time": 1789707680.9970596, "cuda_visible_devices": "2", "allocated_gib": 5.225533962249756, "reserved_gib": 8.041015625, "peak_allocated_gib": 7.100478649139404, "gpu_time_budget": null, "module": "model.layers.12.mlp.down_proj", "step": 7296}
{"stage": "sequential-round-coordinate", "pid": 4080976, "time": 1789707681.9599497, "cuda_visible_devices": "2", "allocated_gib": 5.225533962249756, "reserved_gib": 8.041015625, "peak_allocated_gib": 7.100478649139404, "gpu_time_budget": null, "module": "model.layers.12.mlp.down_proj", "step": 7424}
{"stage": "sequential-round-coordinate", "pid": 4080976, "time": 1789707682.9165952, "cuda_visible_devices": "2", "allocated_gib": 5.225533962249756, "reserved_gib": 8.041015625, "peak_allocated_gib": 7.100478649139404, "gpu_time_budget": null, "module": "model.layers.12.mlp.down_proj", "step": 7552}
{"stage": "sequential-round-coordinate", "pid": 4080976, "time": 1789707683.876859, "cuda_visible_devices": "2", "allocated_gib": 5.225533962249756, "reserved_gib": 8.041015625, "peak_allocated_gib": 7.100478649139404, "gpu_time_budget": null, "module": "model.layers.12.mlp.down_proj", "step": 7680}
{"stage": "sequential-round-coordinate", "pid": 4080976, "time": 1789707684.8364747, "cuda_visible_devices": "2", "allocated_gib": 5.225533962249756, "reserved_gib": 8.041015625, "peak_allocated_gib": 7.100478649139404, "gpu_time_budget": null, "module": "model.layers.12.mlp.down_proj", "step": 7808}
{"stage": "sequential-round-coordinate", "pid": 4080976, "time": 1789707685.791939, "cuda_visible_devices": "2", "allocated_gib": 5.225533962249756, "reserved_gib": 8.041015625, "peak_allocated_gib": 7.100478649139404, "gpu_time_budget": null, "module": "model.layers.12.mlp.down_proj", "step": 7936}
{"stage": "sequential-round-coordinate", "pid": 4080976, "time": 1789707686.7417753, "cuda_visible_devices": "2", "allocated_gib": 5.225533962249756, "reserved_gib": 8.041015625, "peak_allocated_gib": 7.100478649139404, "gpu_time_budget": null, "module": "model.layers.12.mlp.down_proj", "step": 8064}
{"stage": "sequential-round-coordinate", "pid": 4080976, "time": 1789707687.787945, "cuda_visible_devices": "2", "allocated_gib": 5.225533962249756, "reserved_gib": 8.041015625, "peak_allocated_gib": 7.100478649139404, "gpu_time_budget": null, "module": "model.layers.12.mlp.down_proj", "step": 8192}
{"stage": "sequential-round-train-nll", "pid": 4080976, "time": 1789707687.8328676, "cuda_visible_devices": "2", "allocated_gib": 3.795783519744873, "reserved_gib": 3.80078125, "peak_allocated_gib": 7.100478649139404, "gpu_time_budget": null, "module": "model.layers.12.mlp.down_proj", "step": 512}
Evaluation segment 1/1: start=0, windows=8, seqlen=2048
{"stage": "sequential-round-train-nll", "pid": 4080976, "time": 1789707693.6387799, "cuda_visible_devices": "2", "allocated_gib": 3.795783519744873, "reserved_gib": 5.791015625, "peak_allocated_gib": 7.100478649139404, "gpu_time_budget": null, "module": "model.layers.12.mlp.down_proj", "step": 2048}
Evaluation segment 1/1: start=0, windows=8, seqlen=2048
{"stage": "sequential-round-train-nll", "pid": 4080976, "time": 1789707699.3801842, "cuda_visible_devices": "2", "allocated_gib": 3.795783519744873, "reserved_gib": 5.791015625, "peak_allocated_gib": 7.100478649139404, "gpu_time_budget": null, "module": "model.layers.12.mlp.down_proj", "step": 8192}
Evaluation segment 1/1: start=0, windows=8, seqlen=2048
{"stage": "sequential-module-completed", "pid": 4080976, "time": 1789707704.1069725, "cuda_visible_devices": "2", "allocated_gib": 3.795783519744873, "reserved_gib": 5.791015625, "peak_allocated_gib": 7.100478649139404, "gpu_time_budget": null, "module": "model.layers.12.mlp.down_proj", "completed": 13, "total": 28, "selected_train_nll": 2.945028075955618, "elapsed_seconds": 877.0921253800625}
{"stage": "sequential-round-fit", "pid": 4080976, "time": 1789707709.3516212, "cuda_visible_devices": "2", "allocated_gib": 3.795783519744873, "reserved_gib": 5.791015625, "peak_allocated_gib": 7.100478649139404, "gpu_time_budget": null, "module": "model.layers.13.mlp.down_proj", "fit_rows": 49152, "heldout_rows": 16384}
{"stage": "sequential-round-coordinate", "pid": 4080976, "time": 1789707710.4279604, "cuda_visible_devices": "2", "allocated_gib": 5.225533962249756, "reserved_gib": 8.041015625, "peak_allocated_gib": 7.100478649139404, "gpu_time_budget": null, "module": "model.layers.13.mlp.down_proj", "step": 128}
{"stage": "sequential-round-coordinate", "pid": 4080976, "time": 1789707711.192202, "cuda_visible_devices": "2", "allocated_gib": 5.225533962249756, "reserved_gib": 8.041015625, "peak_allocated_gib": 7.100478649139404, "gpu_time_budget": null, "module": "model.layers.13.mlp.down_proj", "step": 256}
{"stage": "sequential-round-coordinate", "pid": 4080976, "time": 1789707711.9560895, "cuda_visible_devices": "2", "allocated_gib": 5.225533962249756, "reserved_gib": 8.041015625, "peak_allocated_gib": 7.100478649139404, "gpu_time_budget": null, "module": "model.layers.13.mlp.down_proj", "step": 384}
{"stage": "sequential-round-coordinate", "pid": 4080976, "time": 1789707712.7264094, "cuda_visible_devices": "2", "allocated_gib": 5.225533962249756, "reserved_gib": 8.041015625, "peak_allocated_gib": 7.100478649139404, "gpu_time_budget": null, "module": "model.layers.13.mlp.down_proj", "step": 512}
{"stage": "sequential-round-coordinate", "pid": 4080976, "time": 1789707713.389299, "cuda_visible_devices": "2", "allocated_gib": 5.225533962249756, "reserved_gib": 8.041015625, "peak_allocated_gib": 7.100478649139404, "gpu_time_budget": null, "module": "model.layers.13.mlp.down_proj", "step": 640}
{"stage": "sequential-round-coordinate", "pid": 4080976, "time": 1789707714.0448043, "cuda_visible_devices": "2", "allocated_gib": 5.225533962249756, "reserved_gib": 8.041015625, "peak_allocated_gib": 7.100478649139404, "gpu_time_budget": null, "module": "model.layers.13.mlp.down_proj", "step": 768}
{"stage": "sequential-round-coordinate", "pid": 4080976, "time": 1789707714.704729, "cuda_visible_devices": "2", "allocated_gib": 5.225533962249756, "reserved_gib": 8.041015625, "peak_allocated_gib": 7.100478649139404, "gpu_time_budget": null, "module": "model.layers.13.mlp.down_proj", "step": 896}
{"stage": "sequential-round-coordinate", "pid": 4080976, "time": 1789707715.361508, "cuda_visible_devices": "2", "allocated_gib": 5.225533962249756, "reserved_gib": 8.041015625, "peak_allocated_gib": 7.100478649139404, "gpu_time_budget": null, "module": "model.layers.13.mlp.down_proj", "step": 1024}
{"stage": "sequential-round-coordinate", "pid": 4080976, "time": 1789707716.0204256, "cuda_visible_devices": "2", "allocated_gib": 5.225533962249756, "reserved_gib": 8.041015625, "peak_allocated_gib": 7.100478649139404, "gpu_time_budget": null, "module": "model.layers.13.mlp.down_proj", "step": 1152}
{"stage": "sequential-round-coordinate", "pid": 4080976, "time": 1789707716.6776452, "cuda_visible_devices": "2", "allocated_gib": 5.225533962249756, "reserved_gib": 8.041015625, "peak_allocated_gib": 7.100478649139404, "gpu_time_budget": null, "module": "model.layers.13.mlp.down_proj", "step": 1280}
{"stage": "sequential-round-coordinate", "pid": 4080976, "time": 1789707717.336141, "cuda_visible_devices": "2", "allocated_gib": 5.225533962249756, "reserved_gib": 8.041015625, "peak_allocated_gib": 7.100478649139404, "gpu_time_budget": null, "module": "model.layers.13.mlp.down_proj", "step": 1408}
{"stage": "sequential-round-coordinate", "pid": 4080976, "time": 1789707717.9888513, "cuda_visible_devices": "2", "allocated_gib": 5.225533962249756, "reserved_gib": 8.041015625, "peak_allocated_gib": 7.100478649139404, "gpu_time_budget": null, "module": "model.layers.13.mlp.down_proj", "step": 1536}
{"stage": "sequential-round-coordinate", "pid": 4080976, "time": 1789707718.641021, "cuda_visible_devices": "2", "allocated_gib": 5.225533962249756, "reserved_gib": 8.041015625, "peak_allocated_gib": 7.100478649139404, "gpu_time_budget": null, "module": "model.layers.13.mlp.down_proj", "step": 1664}
{"stage": "sequential-round-coordinate", "pid": 4080976, "time": 1789707719.298149, "cuda_visible_devices": "2", "allocated_gib": 5.225533962249756, "reserved_gib": 8.041015625, "peak_allocated_gib": 7.100478649139404, "gpu_time_budget": null, "module": "model.layers.13.mlp.down_proj", "step": 1792}
{"stage": "sequential-round-coordinate", "pid": 4080976, "time": 1789707719.949614, "cuda_visible_devices": "2", "allocated_gib": 5.225533962249756, "reserved_gib": 8.041015625, "peak_allocated_gib": 7.100478649139404, "gpu_time_budget": null, "module": "model.layers.13.mlp.down_proj", "step": 1920}
{"stage": "sequential-round-coordinate", "pid": 4080976, "time": 1789707720.6649494, "cuda_visible_devices": "2", "allocated_gib": 5.225533962249756, "reserved_gib": 8.041015625, "peak_allocated_gib": 7.100478649139404, "gpu_time_budget": null, "module": "model.layers.13.mlp.down_proj", "step": 2048}
{"stage": "sequential-round-coordinate", "pid": 4080976, "time": 1789707721.53081, "cuda_visible_devices": "2", "allocated_gib": 5.225533962249756, "reserved_gib": 8.041015625, "peak_allocated_gib": 7.100478649139404, "gpu_time_budget": null, "module": "model.layers.13.mlp.down_proj", "step": 2176}
{"stage": "sequential-round-coordinate", "pid": 4080976, "time": 1789707722.4889183, "cuda_visible_devices": "2", "allocated_gib": 5.225533962249756, "reserved_gib": 8.041015625, "peak_allocated_gib": 7.100478649139404, "gpu_time_budget": null, "module": "model.layers.13.mlp.down_proj", "step": 2304}
{"stage": "sequential-round-coordinate", "pid": 4080976, "time": 1789707723.4452837, "cuda_visible_devices": "2", "allocated_gib": 5.225533962249756, "reserved_gib": 8.041015625, "peak_allocated_gib": 7.100478649139404, "gpu_time_budget": null, "module": "model.layers.13.mlp.down_proj", "step": 2432}
{"stage": "sequential-round-coordinate", "pid": 4080976, "time": 1789707724.400745, "cuda_visible_devices": "2", "allocated_gib": 5.225533962249756, "reserved_gib": 8.041015625, "peak_allocated_gib": 7.100478649139404, "gpu_time_budget": null, "module": "model.layers.13.mlp.down_proj", "step": 2560}
{"stage": "sequential-round-coordinate", "pid": 4080976, "time": 1789707725.3625948, "cuda_visible_devices": "2", "allocated_gib": 5.225533962249756, "reserved_gib": 8.041015625, "peak_allocated_gib": 7.100478649139404, "gpu_time_budget": null, "module": "model.layers.13.mlp.down_proj", "step": 2688}
{"stage": "sequential-round-coordinate", "pid": 4080976, "time": 1789707726.3199403, "cuda_visible_devices": "2", "allocated_gib": 5.225533962249756, "reserved_gib": 8.041015625, "peak_allocated_gib": 7.100478649139404, "gpu_time_budget": null, "module": "model.layers.13.mlp.down_proj", "step": 2816}
{"stage": "sequential-round-coordinate", "pid": 4080976, "time": 1789707727.2789128, "cuda_visible_devices": "2", "allocated_gib": 5.225533962249756, "reserved_gib": 8.041015625, "peak_allocated_gib": 7.100478649139404, "gpu_time_budget": null, "module": "model.layers.13.mlp.down_proj", "step": 2944}
{"stage": "sequential-round-coordinate", "pid": 4080976, "time": 1789707728.2373095, "cuda_visible_devices": "2", "allocated_gib": 5.225533962249756, "reserved_gib": 8.041015625, "peak_allocated_gib": 7.100478649139404, "gpu_time_budget": null, "module": "model.layers.13.mlp.down_proj", "step": 3072}
{"stage": "sequential-round-coordinate", "pid": 4080976, "time": 1789707729.1964872, "cuda_visible_devices": "2", "allocated_gib": 5.225533962249756, "reserved_gib": 8.041015625, "peak_allocated_gib": 7.100478649139404, "gpu_time_budget": null, "module": "model.layers.13.mlp.down_proj", "step": 3200}
{"stage": "sequential-round-coordinate", "pid": 4080976, "time": 1789707730.1513913, "cuda_visible_devices": "2", "allocated_gib": 5.225533962249756, "reserved_gib": 8.041015625, "peak_allocated_gib": 7.100478649139404, "gpu_time_budget": null, "module": "model.layers.13.mlp.down_proj", "step": 3328}
{"stage": "sequential-round-coordinate", "pid": 4080976, "time": 1789707731.10514, "cuda_visible_devices": "2", "allocated_gib": 5.225533962249756, "reserved_gib": 8.041015625, "peak_allocated_gib": 7.100478649139404, "gpu_time_budget": null, "module": "model.layers.13.mlp.down_proj", "step": 3456}
{"stage": "sequential-round-coordinate", "pid": 4080976, "time": 1789707732.0565116, "cuda_visible_devices": "2", "allocated_gib": 5.225533962249756, "reserved_gib": 8.041015625, "peak_allocated_gib": 7.100478649139404, "gpu_time_budget": null, "module": "model.layers.13.mlp.down_proj", "step": 3584}
{"stage": "sequential-round-coordinate", "pid": 4080976, "time": 1789707733.0133495, "cuda_visible_devices": "2", "allocated_gib": 5.225533962249756, "reserved_gib": 8.041015625, "peak_allocated_gib": 7.100478649139404, "gpu_time_budget": null, "module": "model.layers.13.mlp.down_proj", "step": 3712}
{"stage": "sequential-round-coordinate", "pid": 4080976, "time": 1789707733.976357, "cuda_visible_devices": "2", "allocated_gib": 5.225533962249756, "reserved_gib": 8.041015625, "peak_allocated_gib": 7.100478649139404, "gpu_time_budget": null, "module": "model.layers.13.mlp.down_proj", "step": 3840}
{"stage": "sequential-round-coordinate", "pid": 4080976, "time": 1789707734.935464, "cuda_visible_devices": "2", "allocated_gib": 5.225533962249756, "reserved_gib": 8.041015625, "peak_allocated_gib": 7.100478649139404, "gpu_time_budget": null, "module": "model.layers.13.mlp.down_proj", "step": 3968}
{"stage": "sequential-round-coordinate", "pid": 4080976, "time": 1789707735.898188, "cuda_visible_devices": "2", "allocated_gib": 5.225533962249756, "reserved_gib": 8.041015625, "peak_allocated_gib": 7.100478649139404, "gpu_time_budget": null, "module": "model.layers.13.mlp.down_proj", "step": 4096}
{"stage": "sequential-round-coordinate", "pid": 4080976, "time": 1789707736.8646767, "cuda_visible_devices": "2", "allocated_gib": 5.225533962249756, "reserved_gib": 8.041015625, "peak_allocated_gib": 7.100478649139404, "gpu_time_budget": null, "module": "model.layers.13.mlp.down_proj", "step": 4224}
{"stage": "sequential-round-coordinate", "pid": 4080976, "time": 1789707737.824639, "cuda_visible_devices": "2", "allocated_gib": 5.225533962249756, "reserved_gib": 8.041015625, "peak_allocated_gib": 7.100478649139404, "gpu_time_budget": null, "module": "model.layers.13.mlp.down_proj", "step": 4352}
{"stage": "sequential-round-coordinate", "pid": 4080976, "time": 1789707738.788006, "cuda_visible_devices": "2", "allocated_gib": 5.225533962249756, "reserved_gib": 8.041015625, "peak_allocated_gib": 7.100478649139404, "gpu_time_budget": null, "module": "model.layers.13.mlp.down_proj", "step": 4480}
{"stage": "sequential-round-coordinate", "pid": 4080976, "time": 1789707739.7514946, "cuda_visible_devices": "2", "allocated_gib": 5.225533962249756, "reserved_gib": 8.041015625, "peak_allocated_gib": 7.100478649139404, "gpu_time_budget": null, "module": "model.layers.13.mlp.down_proj", "step": 4608}
{"stage": "sequential-round-coordinate", "pid": 4080976, "time": 1789707740.7124996, "cuda_visible_devices": "2", "allocated_gib": 5.225533962249756, "reserved_gib": 8.041015625, "peak_allocated_gib": 7.100478649139404, "gpu_time_budget": null, "module": "model.layers.13.mlp.down_proj", "step": 4736}
{"stage": "sequential-round-coordinate", "pid": 4080976, "time": 1789707741.67401, "cuda_visible_devices": "2", "allocated_gib": 5.225533962249756, "reserved_gib": 8.041015625, "peak_allocated_gib": 7.100478649139404, "gpu_time_budget": null, "module": "model.layers.13.mlp.down_proj", "step": 4864}
{"stage": "sequential-round-coordinate", "pid": 4080976, "time": 1789707742.6371748, "cuda_visible_devices": "2", "allocated_gib": 5.225533962249756, "reserved_gib": 8.041015625, "peak_allocated_gib": 7.100478649139404, "gpu_time_budget": null, "module": "model.layers.13.mlp.down_proj", "step": 4992}
{"stage": "sequential-round-coordinate", "pid": 4080976, "time": 1789707743.5955439, "cuda_visible_devices": "2", "allocated_gib": 5.225533962249756, "reserved_gib": 8.041015625, "peak_allocated_gib": 7.100478649139404, "gpu_time_budget": null, "module": "model.layers.13.mlp.down_proj", "step": 5120}
{"stage": "sequential-round-coordinate", "pid": 4080976, "time": 1789707744.5588744, "cuda_visible_devices": "2", "allocated_gib": 5.225533962249756, "reserved_gib": 8.041015625, "peak_allocated_gib": 7.100478649139404, "gpu_time_budget": null, "module": "model.layers.13.mlp.down_proj", "step": 5248}
{"stage": "sequential-round-coordinate", "pid": 4080976, "time": 1789707745.5218637, "cuda_visible_devices": "2", "allocated_gib": 5.225533962249756, "reserved_gib": 8.041015625, "peak_allocated_gib": 7.100478649139404, "gpu_time_budget": null, "module": "model.layers.13.mlp.down_proj", "step": 5376}
{"stage": "sequential-round-coordinate", "pid": 4080976, "time": 1789707746.4827018, "cuda_visible_devices": "2", "allocated_gib": 5.225533962249756, "reserved_gib": 8.041015625, "peak_allocated_gib": 7.100478649139404, "gpu_time_budget": null, "module": "model.layers.13.mlp.down_proj", "step": 5504}
{"stage": "sequential-round-coordinate", "pid": 4080976, "time": 1789707747.4473095, "cuda_visible_devices": "2", "allocated_gib": 5.225533962249756, "reserved_gib": 8.041015625, "peak_allocated_gib": 7.100478649139404, "gpu_time_budget": null, "module": "model.layers.13.mlp.down_proj", "step": 5632}
{"stage": "sequential-round-coordinate", "pid": 4080976, "time": 1789707748.4089882, "cuda_visible_devices": "2", "allocated_gib": 5.225533962249756, "reserved_gib": 8.041015625, "peak_allocated_gib": 7.100478649139404, "gpu_time_budget": null, "module": "model.layers.13.mlp.down_proj", "step": 5760}
{"stage": "sequential-round-coordinate", "pid": 4080976, "time": 1789707749.3415432, "cuda_visible_devices": "2", "allocated_gib": 5.225533962249756, "reserved_gib": 8.041015625, "peak_allocated_gib": 7.100478649139404, "gpu_time_budget": null, "module": "model.layers.13.mlp.down_proj", "step": 5888}
{"stage": "sequential-round-coordinate", "pid": 4080976, "time": 1789707750.2714772, "cuda_visible_devices": "2", "allocated_gib": 5.225533962249756, "reserved_gib": 8.041015625, "peak_allocated_gib": 7.100478649139404, "gpu_time_budget": null, "module": "model.layers.13.mlp.down_proj", "step": 6016}
{"stage": "sequential-round-coordinate", "pid": 4080976, "time": 1789707751.2265658, "cuda_visible_devices": "2", "allocated_gib": 5.225533962249756, "reserved_gib": 8.041015625, "peak_allocated_gib": 7.100478649139404, "gpu_time_budget": null, "module": "model.layers.13.mlp.down_proj", "step": 6144}
{"stage": "sequential-round-coordinate", "pid": 4080976, "time": 1789707752.181416, "cuda_visible_devices": "2", "allocated_gib": 5.225533962249756, "reserved_gib": 8.041015625, "peak_allocated_gib": 7.100478649139404, "gpu_time_budget": null, "module": "model.layers.13.mlp.down_proj", "step": 6272}
{"stage": "sequential-round-coordinate", "pid": 4080976, "time": 1789707753.13286, "cuda_visible_devices": "2", "allocated_gib": 5.225533962249756, "reserved_gib": 8.041015625, "peak_allocated_gib": 7.100478649139404, "gpu_time_budget": null, "module": "model.layers.13.mlp.down_proj", "step": 6400}
{"stage": "sequential-round-coordinate", "pid": 4080976, "time": 1789707754.0846732, "cuda_visible_devices": "2", "allocated_gib": 5.225533962249756, "reserved_gib": 8.041015625, "peak_allocated_gib": 7.100478649139404, "gpu_time_budget": null, "module": "model.layers.13.mlp.down_proj", "step": 6528}
{"stage": "sequential-round-coordinate", "pid": 4080976, "time": 1789707755.0392392, "cuda_visible_devices": "2", "allocated_gib": 5.225533962249756, "reserved_gib": 8.041015625, "peak_allocated_gib": 7.100478649139404, "gpu_time_budget": null, "module": "model.layers.13.mlp.down_proj", "step": 6656}
{"stage": "sequential-round-coordinate", "pid": 4080976, "time": 1789707755.9916868, "cuda_visible_devices": "2", "allocated_gib": 5.225533962249756, "reserved_gib": 8.041015625, "peak_allocated_gib": 7.100478649139404, "gpu_time_budget": null, "module": "model.layers.13.mlp.down_proj", "step": 6784}
{"stage": "sequential-round-coordinate", "pid": 4080976, "time": 1789707756.9466112, "cuda_visible_devices": "2", "allocated_gib": 5.225533962249756, "reserved_gib": 8.041015625, "peak_allocated_gib": 7.100478649139404, "gpu_time_budget": null, "module": "model.layers.13.mlp.down_proj", "step": 6912}
{"stage": "sequential-round-coordinate", "pid": 4080976, "time": 1789707757.8952355, "cuda_visible_devices": "2", "allocated_gib": 5.225533962249756, "reserved_gib": 8.041015625, "peak_allocated_gib": 7.100478649139404, "gpu_time_budget": null, "module": "model.layers.13.mlp.down_proj", "step": 7040}
{"stage": "sequential-round-coordinate", "pid": 4080976, "time": 1789707758.851989, "cuda_visible_devices": "2", "allocated_gib": 5.225533962249756, "reserved_gib": 8.041015625, "peak_allocated_gib": 7.100478649139404, "gpu_time_budget": null, "module": "model.layers.13.mlp.down_proj", "step": 7168}
{"stage": "sequential-round-coordinate", "pid": 4080976, "time": 1789707759.8060143, "cuda_visible_devices": "2", "allocated_gib": 5.225533962249756, "reserved_gib": 8.041015625, "peak_allocated_gib": 7.100478649139404, "gpu_time_budget": null, "module": "model.layers.13.mlp.down_proj", "step": 7296}
{"stage": "sequential-round-coordinate", "pid": 4080976, "time": 1789707760.7621098, "cuda_visible_devices": "2", "allocated_gib": 5.225533962249756, "reserved_gib": 8.041015625, "peak_allocated_gib": 7.100478649139404, "gpu_time_budget": null, "module": "model.layers.13.mlp.down_proj", "step": 7424}
{"stage": "sequential-round-coordinate", "pid": 4080976, "time": 1789707761.7133343, "cuda_visible_devices": "2", "allocated_gib": 5.225533962249756, "reserved_gib": 8.041015625, "peak_allocated_gib": 7.100478649139404, "gpu_time_budget": null, "module": "model.layers.13.mlp.down_proj", "step": 7552}
{"stage": "sequential-round-coordinate", "pid": 4080976, "time": 1789707762.6593406, "cuda_visible_devices": "2", "allocated_gib": 5.225533962249756, "reserved_gib": 8.041015625, "peak_allocated_gib": 7.100478649139404, "gpu_time_budget": null, "module": "model.layers.13.mlp.down_proj", "step": 7680}
{"stage": "sequential-round-coordinate", "pid": 4080976, "time": 1789707763.6065602, "cuda_visible_devices": "2", "allocated_gib": 5.225533962249756, "reserved_gib": 8.041015625, "peak_allocated_gib": 7.100478649139404, "gpu_time_budget": null, "module": "model.layers.13.mlp.down_proj", "step": 7808}
{"stage": "sequential-round-coordinate", "pid": 4080976, "time": 1789707764.5690434, "cuda_visible_devices": "2", "allocated_gib": 5.225533962249756, "reserved_gib": 8.041015625, "peak_allocated_gib": 7.100478649139404, "gpu_time_budget": null, "module": "model.layers.13.mlp.down_proj", "step": 7936}
{"stage": "sequential-round-coordinate", "pid": 4080976, "time": 1789707765.519441, "cuda_visible_devices": "2", "allocated_gib": 5.225533962249756, "reserved_gib": 8.041015625, "peak_allocated_gib": 7.100478649139404, "gpu_time_budget": null, "module": "model.layers.13.mlp.down_proj", "step": 8064}
{"stage": "sequential-round-coordinate", "pid": 4080976, "time": 1789707766.573228, "cuda_visible_devices": "2", "allocated_gib": 5.225533962249756, "reserved_gib": 8.041015625, "peak_allocated_gib": 7.100478649139404, "gpu_time_budget": null, "module": "model.layers.13.mlp.down_proj", "step": 8192}
{"stage": "sequential-round-train-nll", "pid": 4080976, "time": 1789707766.627685, "cuda_visible_devices": "2", "allocated_gib": 3.795783519744873, "reserved_gib": 3.80078125, "peak_allocated_gib": 7.100478649139404, "gpu_time_budget": null, "module": "model.layers.13.mlp.down_proj", "step": 512}
Evaluation segment 1/1: start=0, windows=8, seqlen=2048
{"stage": "sequential-round-train-nll", "pid": 4080976, "time": 1789707772.3989549, "cuda_visible_devices": "2", "allocated_gib": 3.795783519744873, "reserved_gib": 5.791015625, "peak_allocated_gib": 7.100478649139404, "gpu_time_budget": null, "module": "model.layers.13.mlp.down_proj", "step": 2048}
Evaluation segment 1/1: start=0, windows=8, seqlen=2048
{"stage": "sequential-round-train-nll", "pid": 4080976, "time": 1789707778.1158333, "cuda_visible_devices": "2", "allocated_gib": 3.795783519744873, "reserved_gib": 5.791015625, "peak_allocated_gib": 7.100478649139404, "gpu_time_budget": null, "module": "model.layers.13.mlp.down_proj", "step": 8192}
Evaluation segment 1/1: start=0, windows=8, seqlen=2048
{"stage": "sequential-module-completed", "pid": 4080976, "time": 1789707782.5325103, "cuda_visible_devices": "2", "allocated_gib": 3.795783519744873, "reserved_gib": 5.791015625, "peak_allocated_gib": 7.100478649139404, "gpu_time_budget": null, "module": "model.layers.13.mlp.down_proj", "completed": 14, "total": 28, "selected_train_nll": 2.945028075955618, "elapsed_seconds": 955.5176667410415}
{"stage": "sequential-round-fit", "pid": 4080976, "time": 1789707788.216431, "cuda_visible_devices": "2", "allocated_gib": 3.795783519744873, "reserved_gib": 5.791015625, "peak_allocated_gib": 7.100478649139404, "gpu_time_budget": null, "module": "model.layers.14.mlp.down_proj", "fit_rows": 49152, "heldout_rows": 16384}
{"stage": "sequential-round-coordinate", "pid": 4080976, "time": 1789707789.248371, "cuda_visible_devices": "2", "allocated_gib": 5.225533962249756, "reserved_gib": 8.041015625, "peak_allocated_gib": 7.100478649139404, "gpu_time_budget": null, "module": "model.layers.14.mlp.down_proj", "step": 128}
{"stage": "sequential-round-coordinate", "pid": 4080976, "time": 1789707789.9036078, "cuda_visible_devices": "2", "allocated_gib": 5.225533962249756, "reserved_gib": 8.041015625, "peak_allocated_gib": 7.100478649139404, "gpu_time_budget": null, "module": "model.layers.14.mlp.down_proj", "step": 256}
{"stage": "sequential-round-coordinate", "pid": 4080976, "time": 1789707790.5816467, "cuda_visible_devices": "2", "allocated_gib": 5.225533962249756, "reserved_gib": 8.041015625, "peak_allocated_gib": 7.100478649139404, "gpu_time_budget": null, "module": "model.layers.14.mlp.down_proj", "step": 384}
{"stage": "sequential-round-coordinate", "pid": 4080976, "time": 1789707791.2947123, "cuda_visible_devices": "2", "allocated_gib": 5.225533962249756, "reserved_gib": 8.041015625, "peak_allocated_gib": 7.100478649139404, "gpu_time_budget": null, "module": "model.layers.14.mlp.down_proj", "step": 512}
{"stage": "sequential-round-coordinate", "pid": 4080976, "time": 1789707791.9537566, "cuda_visible_devices": "2", "allocated_gib": 5.225533962249756, "reserved_gib": 8.041015625, "peak_allocated_gib": 7.100478649139404, "gpu_time_budget": null, "module": "model.layers.14.mlp.down_proj", "step": 640}
{"stage": "sequential-round-coordinate", "pid": 4080976, "time": 1789707792.6098032, "cuda_visible_devices": "2", "allocated_gib": 5.225533962249756, "reserved_gib": 8.041015625, "peak_allocated_gib": 7.100478649139404, "gpu_time_budget": null, "module": "model.layers.14.mlp.down_proj", "step": 768}
{"stage": "sequential-round-coordinate", "pid": 4080976, "time": 1789707793.2683601, "cuda_visible_devices": "2", "allocated_gib": 5.225533962249756, "reserved_gib": 8.041015625, "peak_allocated_gib": 7.100478649139404, "gpu_time_budget": null, "module": "model.layers.14.mlp.down_proj", "step": 896}
{"stage": "sequential-round-coordinate", "pid": 4080976, "time": 1789707793.926409, "cuda_visible_devices": "2", "allocated_gib": 5.225533962249756, "reserved_gib": 8.041015625, "peak_allocated_gib": 7.100478649139404, "gpu_time_budget": null, "module": "model.layers.14.mlp.down_proj", "step": 1024}
{"stage": "sequential-round-coordinate", "pid": 4080976, "time": 1789707794.574407, "cuda_visible_devices": "2", "allocated_gib": 5.225533962249756, "reserved_gib": 8.041015625, "peak_allocated_gib": 7.100478649139404, "gpu_time_budget": null, "module": "model.layers.14.mlp.down_proj", "step": 1152}
{"stage": "sequential-round-coordinate", "pid": 4080976, "time": 1789707795.2293713, "cuda_visible_devices": "2", "allocated_gib": 5.225533962249756, "reserved_gib": 8.041015625, "peak_allocated_gib": 7.100478649139404, "gpu_time_budget": null, "module": "model.layers.14.mlp.down_proj", "step": 1280}
{"stage": "sequential-round-coordinate", "pid": 4080976, "time": 1789707795.8792162, "cuda_visible_devices": "2", "allocated_gib": 5.225533962249756, "reserved_gib": 8.041015625, "peak_allocated_gib": 7.100478649139404, "gpu_time_budget": null, "module": "model.layers.14.mlp.down_proj", "step": 1408}
{"stage": "sequential-round-coordinate", "pid": 4080976, "time": 1789707796.537698, "cuda_visible_devices": "2", "allocated_gib": 5.225533962249756, "reserved_gib": 8.041015625, "peak_allocated_gib": 7.100478649139404, "gpu_time_budget": null, "module": "model.layers.14.mlp.down_proj", "step": 1536}
{"stage": "sequential-round-coordinate", "pid": 4080976, "time": 1789707797.1898513, "cuda_visible_devices": "2", "allocated_gib": 5.225533962249756, "reserved_gib": 8.041015625, "peak_allocated_gib": 7.100478649139404, "gpu_time_budget": null, "module": "model.layers.14.mlp.down_proj", "step": 1664}
{"stage": "sequential-round-coordinate", "pid": 4080976, "time": 1789707797.949488, "cuda_visible_devices": "2", "allocated_gib": 5.225533962249756, "reserved_gib": 8.041015625, "peak_allocated_gib": 7.100478649139404, "gpu_time_budget": null, "module": "model.layers.14.mlp.down_proj", "step": 1792}
{"stage": "sequential-round-coordinate", "pid": 4080976, "time": 1789707798.9024143, "cuda_visible_devices": "2", "allocated_gib": 5.225533962249756, "reserved_gib": 8.041015625, "peak_allocated_gib": 7.100478649139404, "gpu_time_budget": null, "module": "model.layers.14.mlp.down_proj", "step": 1920}
{"stage": "sequential-round-coordinate", "pid": 4080976, "time": 1789707799.9396372, "cuda_visible_devices": "2", "allocated_gib": 5.225533962249756, "reserved_gib": 8.041015625, "peak_allocated_gib": 7.100478649139404, "gpu_time_budget": null, "module": "model.layers.14.mlp.down_proj", "step": 2048}
{"stage": "sequential-round-coordinate", "pid": 4080976, "time": 1789707800.889257, "cuda_visible_devices": "2", "allocated_gib": 5.225533962249756, "reserved_gib": 8.041015625, "peak_allocated_gib": 7.100478649139404, "gpu_time_budget": null, "module": "model.layers.14.mlp.down_proj", "step": 2176}
{"stage": "sequential-round-coordinate", "pid": 4080976, "time": 1789707801.8333435, "cuda_visible_devices": "2", "allocated_gib": 5.225533962249756, "reserved_gib": 8.041015625, "peak_allocated_gib": 7.100478649139404, "gpu_time_budget": null, "module": "model.layers.14.mlp.down_proj", "step": 2304}
{"stage": "sequential-round-coordinate", "pid": 4080976, "time": 1789707802.7880976, "cuda_visible_devices": "2", "allocated_gib": 5.225533962249756, "reserved_gib": 8.041015625, "peak_allocated_gib": 7.100478649139404, "gpu_time_budget": null, "module": "model.layers.14.mlp.down_proj", "step": 2432}
{"stage": "sequential-round-coordinate", "pid": 4080976, "time": 1789707803.7457085, "cuda_visible_devices": "2", "allocated_gib": 5.225533962249756, "reserved_gib": 8.041015625, "peak_allocated_gib": 7.100478649139404, "gpu_time_budget": null, "module": "model.layers.14.mlp.down_proj", "step": 2560}
{"stage": "sequential-round-coordinate", "pid": 4080976, "time": 1789707804.698948, "cuda_visible_devices": "2", "allocated_gib": 5.225533962249756, "reserved_gib": 8.041015625, "peak_allocated_gib": 7.100478649139404, "gpu_time_budget": null, "module": "model.layers.14.mlp.down_proj", "step": 2688}
{"stage": "sequential-round-coordinate", "pid": 4080976, "time": 1789707805.6514432, "cuda_visible_devices": "2", "allocated_gib": 5.225533962249756, "reserved_gib": 8.041015625, "peak_allocated_gib": 7.100478649139404, "gpu_time_budget": null, "module": "model.layers.14.mlp.down_proj", "step": 2816}
{"stage": "sequential-round-coordinate", "pid": 4080976, "time": 1789707806.6005557, "cuda_visible_devices": "2", "allocated_gib": 5.225533962249756, "reserved_gib": 8.041015625, "peak_allocated_gib": 7.100478649139404, "gpu_time_budget": null, "module": "model.layers.14.mlp.down_proj", "step": 2944}
{"stage": "sequential-round-coordinate", "pid": 4080976, "time": 1789707807.5503922, "cuda_visible_devices": "2", "allocated_gib": 5.225533962249756, "reserved_gib": 8.041015625, "peak_allocated_gib": 7.100478649139404, "gpu_time_budget": null, "module": "model.layers.14.mlp.down_proj", "step": 3072}
{"stage": "sequential-round-coordinate", "pid": 4080976, "time": 1789707808.4992726, "cuda_visible_devices": "2", "allocated_gib": 5.225533962249756, "reserved_gib": 8.041015625, "peak_allocated_gib": 7.100478649139404, "gpu_time_budget": null, "module": "model.layers.14.mlp.down_proj", "step": 3200}
{"stage": "sequential-round-coordinate", "pid": 4080976, "time": 1789707809.4540794, "cuda_visible_devices": "2", "allocated_gib": 5.225533962249756, "reserved_gib": 8.041015625, "peak_allocated_gib": 7.100478649139404, "gpu_time_budget": null, "module": "model.layers.14.mlp.down_proj", "step": 3328}
{"stage": "sequential-round-coordinate", "pid": 4080976, "time": 1789707810.405979, "cuda_visible_devices": "2", "allocated_gib": 5.225533962249756, "reserved_gib": 8.041015625, "peak_allocated_gib": 7.100478649139404, "gpu_time_budget": null, "module": "model.layers.14.mlp.down_proj", "step": 3456}
{"stage": "sequential-round-coordinate", "pid": 4080976, "time": 1789707811.356673, "cuda_visible_devices": "2", "allocated_gib": 5.225533962249756, "reserved_gib": 8.041015625, "peak_allocated_gib": 7.100478649139404, "gpu_time_budget": null, "module": "model.layers.14.mlp.down_proj", "step": 3584}
{"stage": "sequential-round-coordinate", "pid": 4080976, "time": 1789707812.316846, "cuda_visible_devices": "2", "allocated_gib": 5.225533962249756, "reserved_gib": 8.041015625, "peak_allocated_gib": 7.100478649139404, "gpu_time_budget": null, "module": "model.layers.14.mlp.down_proj", "step": 3712}
{"stage": "sequential-round-coordinate", "pid": 4080976, "time": 1789707813.2749476, "cuda_visible_devices": "2", "allocated_gib": 5.225533962249756, "reserved_gib": 8.041015625, "peak_allocated_gib": 7.100478649139404, "gpu_time_budget": null, "module": "model.layers.14.mlp.down_proj", "step": 3840}
{"stage": "sequential-round-coordinate", "pid": 4080976, "time": 1789707814.234272, "cuda_visible_devices": "2", "allocated_gib": 5.225533962249756, "reserved_gib": 8.041015625, "peak_allocated_gib": 7.100478649139404, "gpu_time_budget": null, "module": "model.layers.14.mlp.down_proj", "step": 3968}
{"stage": "sequential-round-coordinate", "pid": 4080976, "time": 1789707815.1922648, "cuda_visible_devices": "2", "allocated_gib": 5.225533962249756, "reserved_gib": 8.041015625, "peak_allocated_gib": 7.100478649139404, "gpu_time_budget": null, "module": "model.layers.14.mlp.down_proj", "step": 4096}
{"stage": "sequential-round-coordinate", "pid": 4080976, "time": 1789707816.1495612, "cuda_visible_devices": "2", "allocated_gib": 5.225533962249756, "reserved_gib": 8.041015625, "peak_allocated_gib": 7.100478649139404, "gpu_time_budget": null, "module": "model.layers.14.mlp.down_proj", "step": 4224}
{"stage": "sequential-round-coordinate", "pid": 4080976, "time": 1789707817.1031656, "cuda_visible_devices": "2", "allocated_gib": 5.225533962249756, "reserved_gib": 8.041015625, "peak_allocated_gib": 7.100478649139404, "gpu_time_budget": null, "module": "model.layers.14.mlp.down_proj", "step": 4352}
{"stage": "sequential-round-coordinate", "pid": 4080976, "time": 1789707818.0579667, "cuda_visible_devices": "2", "allocated_gib": 5.225533962249756, "reserved_gib": 8.041015625, "peak_allocated_gib": 7.100478649139404, "gpu_time_budget": null, "module": "model.layers.14.mlp.down_proj", "step": 4480}
{"stage": "sequential-round-coordinate", "pid": 4080976, "time": 1789707819.0138993, "cuda_visible_devices": "2", "allocated_gib": 5.225533962249756, "reserved_gib": 8.041015625, "peak_allocated_gib": 7.100478649139404, "gpu_time_budget": null, "module": "model.layers.14.mlp.down_proj", "step": 4608}
{"stage": "sequential-round-coordinate", "pid": 4080976, "time": 1789707819.9737222, "cuda_visible_devices": "2", "allocated_gib": 5.225533962249756, "reserved_gib": 8.041015625, "peak_allocated_gib": 7.100478649139404, "gpu_time_budget": null, "module": "model.layers.14.mlp.down_proj", "step": 4736}
{"stage": "sequential-round-coordinate", "pid": 4080976, "time": 1789707820.930911, "cuda_visible_devices": "2", "allocated_gib": 5.225533962249756, "reserved_gib": 8.041015625, "peak_allocated_gib": 7.100478649139404, "gpu_time_budget": null, "module": "model.layers.14.mlp.down_proj", "step": 4864}
{"stage": "sequential-round-coordinate", "pid": 4080976, "time": 1789707821.890466, "cuda_visible_devices": "2", "allocated_gib": 5.225533962249756, "reserved_gib": 8.041015625, "peak_allocated_gib": 7.100478649139404, "gpu_time_budget": null, "module": "model.layers.14.mlp.down_proj", "step": 4992}
{"stage": "sequential-round-coordinate", "pid": 4080976, "time": 1789707822.8432512, "cuda_visible_devices": "2", "allocated_gib": 5.225533962249756, "reserved_gib": 8.041015625, "peak_allocated_gib": 7.100478649139404, "gpu_time_budget": null, "module": "model.layers.14.mlp.down_proj", "step": 5120}
{"stage": "sequential-round-coordinate", "pid": 4080976, "time": 1789707823.798286, "cuda_visible_devices": "2", "allocated_gib": 5.225533962249756, "reserved_gib": 8.041015625, "peak_allocated_gib": 7.100478649139404, "gpu_time_budget": null, "module": "model.layers.14.mlp.down_proj", "step": 5248}
{"stage": "sequential-round-coordinate", "pid": 4080976, "time": 1789707824.7577398, "cuda_visible_devices": "2", "allocated_gib": 5.225533962249756, "reserved_gib": 8.041015625, "peak_allocated_gib": 7.100478649139404, "gpu_time_budget": null, "module": "model.layers.14.mlp.down_proj", "step": 5376}
{"stage": "sequential-round-coordinate", "pid": 4080976, "time": 1789707825.7052705, "cuda_visible_devices": "2", "allocated_gib": 5.225533962249756, "reserved_gib": 8.041015625, "peak_allocated_gib": 7.100478649139404, "gpu_time_budget": null, "module": "model.layers.14.mlp.down_proj", "step": 5504}
{"stage": "sequential-round-coordinate", "pid": 4080976, "time": 1789707826.6567006, "cuda_visible_devices": "2", "allocated_gib": 5.225533962249756, "reserved_gib": 8.041015625, "peak_allocated_gib": 7.100478649139404, "gpu_time_budget": null, "module": "model.layers.14.mlp.down_proj", "step": 5632}
{"stage": "sequential-round-coordinate", "pid": 4080976, "time": 1789707827.6050408, "cuda_visible_devices": "2", "allocated_gib": 5.225533962249756, "reserved_gib": 8.041015625, "peak_allocated_gib": 7.100478649139404, "gpu_time_budget": null, "module": "model.layers.14.mlp.down_proj", "step": 5760}
{"stage": "sequential-round-coordinate", "pid": 4080976, "time": 1789707828.5623262, "cuda_visible_devices": "2", "allocated_gib": 5.225533962249756, "reserved_gib": 8.041015625, "peak_allocated_gib": 7.100478649139404, "gpu_time_budget": null, "module": "model.layers.14.mlp.down_proj", "step": 5888}
{"stage": "sequential-round-coordinate", "pid": 4080976, "time": 1789707829.5077448, "cuda_visible_devices": "2", "allocated_gib": 5.225533962249756, "reserved_gib": 8.041015625, "peak_allocated_gib": 7.100478649139404, "gpu_time_budget": null, "module": "model.layers.14.mlp.down_proj", "step": 6016}
{"stage": "sequential-round-coordinate", "pid": 4080976, "time": 1789707830.456829, "cuda_visible_devices": "2", "allocated_gib": 5.225533962249756, "reserved_gib": 8.041015625, "peak_allocated_gib": 7.100478649139404, "gpu_time_budget": null, "module": "model.layers.14.mlp.down_proj", "step": 6144}
{"stage": "sequential-round-coordinate", "pid": 4080976, "time": 1789707831.4022083, "cuda_visible_devices": "2", "allocated_gib": 5.225533962249756, "reserved_gib": 8.041015625, "peak_allocated_gib": 7.100478649139404, "gpu_time_budget": null, "module": "model.layers.14.mlp.down_proj", "step": 6272}
{"stage": "sequential-round-coordinate", "pid": 4080976, "time": 1789707832.358782, "cuda_visible_devices": "2", "allocated_gib": 5.225533962249756, "reserved_gib": 8.041015625, "peak_allocated_gib": 7.100478649139404, "gpu_time_budget": null, "module": "model.layers.14.mlp.down_proj", "step": 6400}
{"stage": "sequential-round-coordinate", "pid": 4080976, "time": 1789707833.3062544, "cuda_visible_devices": "2", "allocated_gib": 5.225533962249756, "reserved_gib": 8.041015625, "peak_allocated_gib": 7.100478649139404, "gpu_time_budget": null, "module": "model.layers.14.mlp.down_proj", "step": 6528}
{"stage": "sequential-round-coordinate", "pid": 4080976, "time": 1789707834.2545853, "cuda_visible_devices": "2", "allocated_gib": 5.225533962249756, "reserved_gib": 8.041015625, "peak_allocated_gib": 7.100478649139404, "gpu_time_budget": null, "module": "model.layers.14.mlp.down_proj", "step": 6656}
{"stage": "sequential-round-coordinate", "pid": 4080976, "time": 1789707835.1907337, "cuda_visible_devices": "2", "allocated_gib": 5.225533962249756, "reserved_gib": 8.041015625, "peak_allocated_gib": 7.100478649139404, "gpu_time_budget": null, "module": "model.layers.14.mlp.down_proj", "step": 6784}
{"stage": "sequential-round-coordinate", "pid": 4080976, "time": 1789707836.140198, "cuda_visible_devices": "2", "allocated_gib": 5.225533962249756, "reserved_gib": 8.041015625, "peak_allocated_gib": 7.100478649139404, "gpu_time_budget": null, "module": "model.layers.14.mlp.down_proj", "step": 6912}
{"stage": "sequential-round-coordinate", "pid": 4080976, "time": 1789707837.0944293, "cuda_visible_devices": "2", "allocated_gib": 5.225533962249756, "reserved_gib": 8.041015625, "peak_allocated_gib": 7.100478649139404, "gpu_time_budget": null, "module": "model.layers.14.mlp.down_proj", "step": 7040}
{"stage": "sequential-round-coordinate", "pid": 4080976, "time": 1789707838.0486655, "cuda_visible_devices": "2", "allocated_gib": 5.225533962249756, "reserved_gib": 8.041015625, "peak_allocated_gib": 7.100478649139404, "gpu_time_budget": null, "module": "model.layers.14.mlp.down_proj", "step": 7168}
{"stage": "sequential-round-coordinate", "pid": 4080976, "time": 1789707839.0044298, "cuda_visible_devices": "2", "allocated_gib": 5.225533962249756, "reserved_gib": 8.041015625, "peak_allocated_gib": 7.100478649139404, "gpu_time_budget": null, "module": "model.layers.14.mlp.down_proj", "step": 7296}
{"stage": "sequential-round-coordinate", "pid": 4080976, "time": 1789707839.955075, "cuda_visible_devices": "2", "allocated_gib": 5.225533962249756, "reserved_gib": 8.041015625, "peak_allocated_gib": 7.100478649139404, "gpu_time_budget": null, "module": "model.layers.14.mlp.down_proj", "step": 7424}
{"stage": "sequential-round-coordinate", "pid": 4080976, "time": 1789707840.9054263, "cuda_visible_devices": "2", "allocated_gib": 5.225533962249756, "reserved_gib": 8.041015625, "peak_allocated_gib": 7.100478649139404, "gpu_time_budget": null, "module": "model.layers.14.mlp.down_proj", "step": 7552}
{"stage": "sequential-round-coordinate", "pid": 4080976, "time": 1789707841.8538315, "cuda_visible_devices": "2", "allocated_gib": 5.225533962249756, "reserved_gib": 8.041015625, "peak_allocated_gib": 7.100478649139404, "gpu_time_budget": null, "module": "model.layers.14.mlp.down_proj", "step": 7680}
{"stage": "sequential-round-coordinate", "pid": 4080976, "time": 1789707842.8016102, "cuda_visible_devices": "2", "allocated_gib": 5.225533962249756, "reserved_gib": 8.041015625, "peak_allocated_gib": 7.100478649139404, "gpu_time_budget": null, "module": "model.layers.14.mlp.down_proj", "step": 7808}
{"stage": "sequential-round-coordinate", "pid": 4080976, "time": 1789707843.7509456, "cuda_visible_devices": "2", "allocated_gib": 5.225533962249756, "reserved_gib": 8.041015625, "peak_allocated_gib": 7.100478649139404, "gpu_time_budget": null, "module": "model.layers.14.mlp.down_proj", "step": 7936}
{"stage": "sequential-round-coordinate", "pid": 4080976, "time": 1789707844.706145, "cuda_visible_devices": "2", "allocated_gib": 5.225533962249756, "reserved_gib": 8.041015625, "peak_allocated_gib": 7.100478649139404, "gpu_time_budget": null, "module": "model.layers.14.mlp.down_proj", "step": 8064}
{"stage": "sequential-round-coordinate", "pid": 4080976, "time": 1789707845.740504, "cuda_visible_devices": "2", "allocated_gib": 5.225533962249756, "reserved_gib": 8.041015625, "peak_allocated_gib": 7.100478649139404, "gpu_time_budget": null, "module": "model.layers.14.mlp.down_proj", "step": 8192}
{"stage": "sequential-round-train-nll", "pid": 4080976, "time": 1789707845.7994392, "cuda_visible_devices": "2", "allocated_gib": 3.795783519744873, "reserved_gib": 3.80078125, "peak_allocated_gib": 7.100478649139404, "gpu_time_budget": null, "module": "model.layers.14.mlp.down_proj", "step": 512}
Evaluation segment 1/1: start=0, windows=8, seqlen=2048
{"stage": "sequential-round-train-nll", "pid": 4080976, "time": 1789707851.5386074, "cuda_visible_devices": "2", "allocated_gib": 3.795783519744873, "reserved_gib": 5.791015625, "peak_allocated_gib": 7.100478649139404, "gpu_time_budget": null, "module": "model.layers.14.mlp.down_proj", "step": 2048}
Evaluation segment 1/1: start=0, windows=8, seqlen=2048
{"stage": "sequential-round-train-nll", "pid": 4080976, "time": 1789707856.807796, "cuda_visible_devices": "2", "allocated_gib": 3.795783519744873, "reserved_gib": 5.791015625, "peak_allocated_gib": 7.100478649139404, "gpu_time_budget": null, "module": "model.layers.14.mlp.down_proj", "step": 8192}
Evaluation segment 1/1: start=0, windows=8, seqlen=2048
{"stage": "sequential-module-completed", "pid": 4080976, "time": 1789707861.092064, "cuda_visible_devices": "2", "allocated_gib": 3.795783519744873, "reserved_gib": 5.791015625, "peak_allocated_gib": 7.100478649139404, "gpu_time_budget": null, "module": "model.layers.14.mlp.down_proj", "completed": 15, "total": 28, "selected_train_nll": 2.945028075955618, "elapsed_seconds": 1034.0772153660655}
{"stage": "sequential-round-fit", "pid": 4080976, "time": 1789707866.2738419, "cuda_visible_devices": "2", "allocated_gib": 3.795783519744873, "reserved_gib": 5.791015625, "peak_allocated_gib": 7.100478649139404, "gpu_time_budget": null, "module": "model.layers.15.mlp.down_proj", "fit_rows": 49152, "heldout_rows": 16384}
{"stage": "sequential-round-coordinate", "pid": 4080976, "time": 1789707867.1916502, "cuda_visible_devices": "2", "allocated_gib": 5.225533962249756, "reserved_gib": 8.041015625, "peak_allocated_gib": 7.100478649139404, "gpu_time_budget": null, "module": "model.layers.15.mlp.down_proj", "step": 128}
{"stage": "sequential-round-coordinate", "pid": 4080976, "time": 1789707867.84737, "cuda_visible_devices": "2", "allocated_gib": 5.225533962249756, "reserved_gib": 8.041015625, "peak_allocated_gib": 7.100478649139404, "gpu_time_budget": null, "module": "model.layers.15.mlp.down_proj", "step": 256}
{"stage": "sequential-round-coordinate", "pid": 4080976, "time": 1789707868.504562, "cuda_visible_devices": "2", "allocated_gib": 5.225533962249756, "reserved_gib": 8.041015625, "peak_allocated_gib": 7.100478649139404, "gpu_time_budget": null, "module": "model.layers.15.mlp.down_proj", "step": 384}
{"stage": "sequential-round-coordinate", "pid": 4080976, "time": 1789707869.2226434, "cuda_visible_devices": "2", "allocated_gib": 5.225533962249756, "reserved_gib": 8.041015625, "peak_allocated_gib": 7.100478649139404, "gpu_time_budget": null, "module": "model.layers.15.mlp.down_proj", "step": 512}
{"stage": "sequential-round-coordinate", "pid": 4080976, "time": 1789707869.8793347, "cuda_visible_devices": "2", "allocated_gib": 5.225533962249756, "reserved_gib": 8.041015625, "peak_allocated_gib": 7.100478649139404, "gpu_time_budget": null, "module": "model.layers.15.mlp.down_proj", "step": 640}
{"stage": "sequential-round-coordinate", "pid": 4080976, "time": 1789707870.5364957, "cuda_visible_devices": "2", "allocated_gib": 5.225533962249756, "reserved_gib": 8.041015625, "peak_allocated_gib": 7.100478649139404, "gpu_time_budget": null, "module": "model.layers.15.mlp.down_proj", "step": 768}
{"stage": "sequential-round-coordinate", "pid": 4080976, "time": 1789707871.1907432, "cuda_visible_devices": "2", "allocated_gib": 5.225533962249756, "reserved_gib": 8.041015625, "peak_allocated_gib": 7.100478649139404, "gpu_time_budget": null, "module": "model.layers.15.mlp.down_proj", "step": 896}
{"stage": "sequential-round-coordinate", "pid": 4080976, "time": 1789707871.8420045, "cuda_visible_devices": "2", "allocated_gib": 5.225533962249756, "reserved_gib": 8.041015625, "peak_allocated_gib": 7.100478649139404, "gpu_time_budget": null, "module": "model.layers.15.mlp.down_proj", "step": 1024}
{"stage": "sequential-round-coordinate", "pid": 4080976, "time": 1789707872.493602, "cuda_visible_devices": "2", "allocated_gib": 5.225533962249756, "reserved_gib": 8.041015625, "peak_allocated_gib": 7.100478649139404, "gpu_time_budget": null, "module": "model.layers.15.mlp.down_proj", "step": 1152}
{"stage": "sequential-round-coordinate", "pid": 4080976, "time": 1789707873.1448987, "cuda_visible_devices": "2", "allocated_gib": 5.225533962249756, "reserved_gib": 8.041015625, "peak_allocated_gib": 7.100478649139404, "gpu_time_budget": null, "module": "model.layers.15.mlp.down_proj", "step": 1280}
{"stage": "sequential-round-coordinate", "pid": 4080976, "time": 1789707873.7955563, "cuda_visible_devices": "2", "allocated_gib": 5.225533962249756, "reserved_gib": 8.041015625, "peak_allocated_gib": 7.100478649139404, "gpu_time_budget": null, "module": "model.layers.15.mlp.down_proj", "step": 1408}
{"stage": "sequential-round-coordinate", "pid": 4080976, "time": 1789707874.4510026, "cuda_visible_devices": "2", "allocated_gib": 5.225533962249756, "reserved_gib": 8.041015625, "peak_allocated_gib": 7.100478649139404, "gpu_time_budget": null, "module": "model.layers.15.mlp.down_proj", "step": 1536}
{"stage": "sequential-round-coordinate", "pid": 4080976, "time": 1789707875.0618162, "cuda_visible_devices": "2", "allocated_gib": 5.225533962249756, "reserved_gib": 8.041015625, "peak_allocated_gib": 7.100478649139404, "gpu_time_budget": null, "module": "model.layers.15.mlp.down_proj", "step": 1664}
{"stage": "sequential-round-coordinate", "pid": 4080976, "time": 1789707875.9861128, "cuda_visible_devices": "2", "allocated_gib": 5.225533962249756, "reserved_gib": 8.041015625, "peak_allocated_gib": 7.100478649139404, "gpu_time_budget": null, "module": "model.layers.15.mlp.down_proj", "step": 1792}
{"stage": "sequential-round-coordinate", "pid": 4080976, "time": 1789707876.939471, "cuda_visible_devices": "2", "allocated_gib": 5.225533962249756, "reserved_gib": 8.041015625, "peak_allocated_gib": 7.100478649139404, "gpu_time_budget": null, "module": "model.layers.15.mlp.down_proj", "step": 1920}
{"stage": "sequential-round-coordinate", "pid": 4080976, "time": 1789707877.981069, "cuda_visible_devices": "2", "allocated_gib": 5.225533962249756, "reserved_gib": 8.041015625, "peak_allocated_gib": 7.100478649139404, "gpu_time_budget": null, "module": "model.layers.15.mlp.down_proj", "step": 2048}
{"stage": "sequential-round-coordinate", "pid": 4080976, "time": 1789707878.9339101, "cuda_visible_devices": "2", "allocated_gib": 5.225533962249756, "reserved_gib": 8.041015625, "peak_allocated_gib": 7.100478649139404, "gpu_time_budget": null, "module": "model.layers.15.mlp.down_proj", "step": 2176}
{"stage": "sequential-round-coordinate", "pid": 4080976, "time": 1789707879.8927593, "cuda_visible_devices": "2", "allocated_gib": 5.225533962249756, "reserved_gib": 8.041015625, "peak_allocated_gib": 7.100478649139404, "gpu_time_budget": null, "module": "model.layers.15.mlp.down_proj", "step": 2304}
{"stage": "sequential-round-coordinate", "pid": 4080976, "time": 1789707880.8499842, "cuda_visible_devices": "2", "allocated_gib": 5.225533962249756, "reserved_gib": 8.041015625, "peak_allocated_gib": 7.100478649139404, "gpu_time_budget": null, "module": "model.layers.15.mlp.down_proj", "step": 2432}
{"stage": "sequential-round-coordinate", "pid": 4080976, "time": 1789707881.8059726, "cuda_visible_devices": "2", "allocated_gib": 5.225533962249756, "reserved_gib": 8.041015625, "peak_allocated_gib": 7.100478649139404, "gpu_time_budget": null, "module": "model.layers.15.mlp.down_proj", "step": 2560}
{"stage": "sequential-round-coordinate", "pid": 4080976, "time": 1789707882.7639565, "cuda_visible_devices": "2", "allocated_gib": 5.225533962249756, "reserved_gib": 8.041015625, "peak_allocated_gib": 7.100478649139404, "gpu_time_budget": null, "module": "model.layers.15.mlp.down_proj", "step": 2688}
{"stage": "sequential-round-coordinate", "pid": 4080976, "time": 1789707883.7175713, "cuda_visible_devices": "2", "allocated_gib": 5.225533962249756, "reserved_gib": 8.041015625, "peak_allocated_gib": 7.100478649139404, "gpu_time_budget": null, "module": "model.layers.15.mlp.down_proj", "step": 2816}
{"stage": "sequential-round-coordinate", "pid": 4080976, "time": 1789707884.6731777, "cuda_visible_devices": "2", "allocated_gib": 5.225533962249756, "reserved_gib": 8.041015625, "peak_allocated_gib": 7.100478649139404, "gpu_time_budget": null, "module": "model.layers.15.mlp.down_proj", "step": 2944}
{"stage": "sequential-round-coordinate", "pid": 4080976, "time": 1789707885.6311228, "cuda_visible_devices": "2", "allocated_gib": 5.225533962249756, "reserved_gib": 8.041015625, "peak_allocated_gib": 7.100478649139404, "gpu_time_budget": null, "module": "model.layers.15.mlp.down_proj", "step": 3072}
{"stage": "sequential-round-coordinate", "pid": 4080976, "time": 1789707886.5907655, "cuda_visible_devices": "2", "allocated_gib": 5.225533962249756, "reserved_gib": 8.041015625, "peak_allocated_gib": 7.100478649139404, "gpu_time_budget": null, "module": "model.layers.15.mlp.down_proj", "step": 3200}
{"stage": "sequential-round-coordinate", "pid": 4080976, "time": 1789707887.5474074, "cuda_visible_devices": "2", "allocated_gib": 5.225533962249756, "reserved_gib": 8.041015625, "peak_allocated_gib": 7.100478649139404, "gpu_time_budget": null, "module": "model.layers.15.mlp.down_proj", "step": 3328}
{"stage": "sequential-round-coordinate", "pid": 4080976, "time": 1789707888.5003402, "cuda_visible_devices": "2", "allocated_gib": 5.225533962249756, "reserved_gib": 8.041015625, "peak_allocated_gib": 7.100478649139404, "gpu_time_budget": null, "module": "model.layers.15.mlp.down_proj", "step": 3456}
{"stage": "sequential-round-coordinate", "pid": 4080976, "time": 1789707889.4572346, "cuda_visible_devices": "2", "allocated_gib": 5.225533962249756, "reserved_gib": 8.041015625, "peak_allocated_gib": 7.100478649139404, "gpu_time_budget": null, "module": "model.layers.15.mlp.down_proj", "step": 3584}
{"stage": "sequential-round-coordinate", "pid": 4080976, "time": 1789707890.413979, "cuda_visible_devices": "2", "allocated_gib": 5.225533962249756, "reserved_gib": 8.041015625, "peak_allocated_gib": 7.100478649139404, "gpu_time_budget": null, "module": "model.layers.15.mlp.down_proj", "step": 3712}
{"stage": "sequential-round-coordinate", "pid": 4080976, "time": 1789707891.3732805, "cuda_visible_devices": "2", "allocated_gib": 5.225533962249756, "reserved_gib": 8.041015625, "peak_allocated_gib": 7.100478649139404, "gpu_time_budget": null, "module": "model.layers.15.mlp.down_proj", "step": 3840}
{"stage": "sequential-round-coordinate", "pid": 4080976, "time": 1789707892.3277183, "cuda_visible_devices": "2", "allocated_gib": 5.225533962249756, "reserved_gib": 8.041015625, "peak_allocated_gib": 7.100478649139404, "gpu_time_budget": null, "module": "model.layers.15.mlp.down_proj", "step": 3968}
{"stage": "sequential-round-coordinate", "pid": 4080976, "time": 1789707893.2823172, "cuda_visible_devices": "2", "allocated_gib": 5.225533962249756, "reserved_gib": 8.041015625, "peak_allocated_gib": 7.100478649139404, "gpu_time_budget": null, "module": "model.layers.15.mlp.down_proj", "step": 4096}
{"stage": "sequential-round-coordinate", "pid": 4080976, "time": 1789707894.2411993, "cuda_visible_devices": "2", "allocated_gib": 5.225533962249756, "reserved_gib": 8.041015625, "peak_allocated_gib": 7.100478649139404, "gpu_time_budget": null, "module": "model.layers.15.mlp.down_proj", "step": 4224}
{"stage": "sequential-round-coordinate", "pid": 4080976, "time": 1789707895.1918771, "cuda_visible_devices": "2", "allocated_gib": 5.225533962249756, "reserved_gib": 8.041015625, "peak_allocated_gib": 7.100478649139404, "gpu_time_budget": null, "module": "model.layers.15.mlp.down_proj", "step": 4352}
{"stage": "sequential-round-coordinate", "pid": 4080976, "time": 1789707896.144938, "cuda_visible_devices": "2", "allocated_gib": 5.225533962249756, "reserved_gib": 8.041015625, "peak_allocated_gib": 7.100478649139404, "gpu_time_budget": null, "module": "model.layers.15.mlp.down_proj", "step": 4480}
{"stage": "sequential-round-coordinate", "pid": 4080976, "time": 1789707897.0954328, "cuda_visible_devices": "2", "allocated_gib": 5.225533962249756, "reserved_gib": 8.041015625, "peak_allocated_gib": 7.100478649139404, "gpu_time_budget": null, "module": "model.layers.15.mlp.down_proj", "step": 4608}
{"stage": "sequential-round-coordinate", "pid": 4080976, "time": 1789707898.046866, "cuda_visible_devices": "2", "allocated_gib": 5.225533962249756, "reserved_gib": 8.041015625, "peak_allocated_gib": 7.100478649139404, "gpu_time_budget": null, "module": "model.layers.15.mlp.down_proj", "step": 4736}
{"stage": "sequential-round-coordinate", "pid": 4080976, "time": 1789707898.9983168, "cuda_visible_devices": "2", "allocated_gib": 5.225533962249756, "reserved_gib": 8.041015625, "peak_allocated_gib": 7.100478649139404, "gpu_time_budget": null, "module": "model.layers.15.mlp.down_proj", "step": 4864}
{"stage": "sequential-round-coordinate", "pid": 4080976, "time": 1789707899.9506311, "cuda_visible_devices": "2", "allocated_gib": 5.225533962249756, "reserved_gib": 8.041015625, "peak_allocated_gib": 7.100478649139404, "gpu_time_budget": null, "module": "model.layers.15.mlp.down_proj", "step": 4992}
{"stage": "sequential-round-coordinate", "pid": 4080976, "time": 1789707900.9008167, "cuda_visible_devices": "2", "allocated_gib": 5.225533962249756, "reserved_gib": 8.041015625, "peak_allocated_gib": 7.100478649139404, "gpu_time_budget": null, "module": "model.layers.15.mlp.down_proj", "step": 5120}
{"stage": "sequential-round-coordinate", "pid": 4080976, "time": 1789707901.8497899, "cuda_visible_devices": "2", "allocated_gib": 5.225533962249756, "reserved_gib": 8.041015625, "peak_allocated_gib": 7.100478649139404, "gpu_time_budget": null, "module": "model.layers.15.mlp.down_proj", "step": 5248}
{"stage": "sequential-round-coordinate", "pid": 4080976, "time": 1789707902.8015754, "cuda_visible_devices": "2", "allocated_gib": 5.225533962249756, "reserved_gib": 8.041015625, "peak_allocated_gib": 7.100478649139404, "gpu_time_budget": null, "module": "model.layers.15.mlp.down_proj", "step": 5376}
{"stage": "sequential-round-coordinate", "pid": 4080976, "time": 1789707903.7492127, "cuda_visible_devices": "2", "allocated_gib": 5.225533962249756, "reserved_gib": 8.041015625, "peak_allocated_gib": 7.100478649139404, "gpu_time_budget": null, "module": "model.layers.15.mlp.down_proj", "step": 5504}
{"stage": "sequential-round-coordinate", "pid": 4080976, "time": 1789707904.7029085, "cuda_visible_devices": "2", "allocated_gib": 5.225533962249756, "reserved_gib": 8.041015625, "peak_allocated_gib": 7.100478649139404, "gpu_time_budget": null, "module": "model.layers.15.mlp.down_proj", "step": 5632}
{"stage": "sequential-round-coordinate", "pid": 4080976, "time": 1789707905.655336, "cuda_visible_devices": "2", "allocated_gib": 5.225533962249756, "reserved_gib": 8.041015625, "peak_allocated_gib": 7.100478649139404, "gpu_time_budget": null, "module": "model.layers.15.mlp.down_proj", "step": 5760}
{"stage": "sequential-round-coordinate", "pid": 4080976, "time": 1789707906.6134615, "cuda_visible_devices": "2", "allocated_gib": 5.225533962249756, "reserved_gib": 8.041015625, "peak_allocated_gib": 7.100478649139404, "gpu_time_budget": null, "module": "model.layers.15.mlp.down_proj", "step": 5888}
{"stage": "sequential-round-coordinate", "pid": 4080976, "time": 1789707907.5681336, "cuda_visible_devices": "2", "allocated_gib": 5.225533962249756, "reserved_gib": 8.041015625, "peak_allocated_gib": 7.100478649139404, "gpu_time_budget": null, "module": "model.layers.15.mlp.down_proj", "step": 6016}
{"stage": "sequential-round-coordinate", "pid": 4080976, "time": 1789707908.5202134, "cuda_visible_devices": "2", "allocated_gib": 5.225533962249756, "reserved_gib": 8.041015625, "peak_allocated_gib": 7.100478649139404, "gpu_time_budget": null, "module": "model.layers.15.mlp.down_proj", "step": 6144}
{"stage": "sequential-round-coordinate", "pid": 4080976, "time": 1789707909.4706087, "cuda_visible_devices": "2", "allocated_gib": 5.225533962249756, "reserved_gib": 8.041015625, "peak_allocated_gib": 7.100478649139404, "gpu_time_budget": null, "module": "model.layers.15.mlp.down_proj", "step": 6272}
{"stage": "sequential-round-coordinate", "pid": 4080976, "time": 1789707910.4273367, "cuda_visible_devices": "2", "allocated_gib": 5.225533962249756, "reserved_gib": 8.041015625, "peak_allocated_gib": 7.100478649139404, "gpu_time_budget": null, "module": "model.layers.15.mlp.down_proj", "step": 6400}
{"stage": "sequential-round-coordinate", "pid": 4080976, "time": 1789707911.3768241, "cuda_visible_devices": "2", "allocated_gib": 5.225533962249756, "reserved_gib": 8.041015625, "peak_allocated_gib": 7.100478649139404, "gpu_time_budget": null, "module": "model.layers.15.mlp.down_proj", "step": 6528}
{"stage": "sequential-round-coordinate", "pid": 4080976, "time": 1789707912.3282416, "cuda_visible_devices": "2", "allocated_gib": 5.225533962249756, "reserved_gib": 8.041015625, "peak_allocated_gib": 7.100478649139404, "gpu_time_budget": null, "module": "model.layers.15.mlp.down_proj", "step": 6656}
{"stage": "sequential-round-coordinate", "pid": 4080976, "time": 1789707913.2835119, "cuda_visible_devices": "2", "allocated_gib": 5.225533962249756, "reserved_gib": 8.041015625, "peak_allocated_gib": 7.100478649139404, "gpu_time_budget": null, "module": "model.layers.15.mlp.down_proj", "step": 6784}
{"stage": "sequential-round-coordinate", "pid": 4080976, "time": 1789707914.237445, "cuda_visible_devices": "2", "allocated_gib": 5.225533962249756, "reserved_gib": 8.041015625, "peak_allocated_gib": 7.100478649139404, "gpu_time_budget": null, "module": "model.layers.15.mlp.down_proj", "step": 6912}
{"stage": "sequential-round-coordinate", "pid": 4080976, "time": 1789707915.1922443, "cuda_visible_devices": "2", "allocated_gib": 5.225533962249756, "reserved_gib": 8.041015625, "peak_allocated_gib": 7.100478649139404, "gpu_time_budget": null, "module": "model.layers.15.mlp.down_proj", "step": 7040}
{"stage": "sequential-round-coordinate", "pid": 4080976, "time": 1789707916.1494648, "cuda_visible_devices": "2", "allocated_gib": 5.225533962249756, "reserved_gib": 8.041015625, "peak_allocated_gib": 7.100478649139404, "gpu_time_budget": null, "module": "model.layers.15.mlp.down_proj", "step": 7168}
{"stage": "sequential-round-coordinate", "pid": 4080976, "time": 1789707917.1053364, "cuda_visible_devices": "2", "allocated_gib": 5.225533962249756, "reserved_gib": 8.041015625, "peak_allocated_gib": 7.100478649139404, "gpu_time_budget": null, "module": "model.layers.15.mlp.down_proj", "step": 7296}
{"stage": "sequential-round-coordinate", "pid": 4080976, "time": 1789707918.0631547, "cuda_visible_devices": "2", "allocated_gib": 5.225533962249756, "reserved_gib": 8.041015625, "peak_allocated_gib": 7.100478649139404, "gpu_time_budget": null, "module": "model.layers.15.mlp.down_proj", "step": 7424}
{"stage": "sequential-round-coordinate", "pid": 4080976, "time": 1789707919.0266318, "cuda_visible_devices": "2", "allocated_gib": 5.225533962249756, "reserved_gib": 8.041015625, "peak_allocated_gib": 7.100478649139404, "gpu_time_budget": null, "module": "model.layers.15.mlp.down_proj", "step": 7552}
{"stage": "sequential-round-coordinate", "pid": 4080976, "time": 1789707919.9819338, "cuda_visible_devices": "2", "allocated_gib": 5.225533962249756, "reserved_gib": 8.041015625, "peak_allocated_gib": 7.100478649139404, "gpu_time_budget": null, "module": "model.layers.15.mlp.down_proj", "step": 7680}
{"stage": "sequential-round-coordinate", "pid": 4080976, "time": 1789707920.9387755, "cuda_visible_devices": "2", "allocated_gib": 5.225533962249756, "reserved_gib": 8.041015625, "peak_allocated_gib": 7.100478649139404, "gpu_time_budget": null, "module": "model.layers.15.mlp.down_proj", "step": 7808}
{"stage": "sequential-round-coordinate", "pid": 4080976, "time": 1789707921.8927555, "cuda_visible_devices": "2", "allocated_gib": 5.225533962249756, "reserved_gib": 8.041015625, "peak_allocated_gib": 7.100478649139404, "gpu_time_budget": null, "module": "model.layers.15.mlp.down_proj", "step": 7936}
{"stage": "sequential-round-coordinate", "pid": 4080976, "time": 1789707922.847943, "cuda_visible_devices": "2", "allocated_gib": 5.225533962249756, "reserved_gib": 8.041015625, "peak_allocated_gib": 7.100478649139404, "gpu_time_budget": null, "module": "model.layers.15.mlp.down_proj", "step": 8064}
{"stage": "sequential-round-coordinate", "pid": 4080976, "time": 1789707923.8942332, "cuda_visible_devices": "2", "allocated_gib": 5.225533962249756, "reserved_gib": 8.041015625, "peak_allocated_gib": 7.100478649139404, "gpu_time_budget": null, "module": "model.layers.15.mlp.down_proj", "step": 8192}
{"stage": "sequential-round-train-nll", "pid": 4080976, "time": 1789707924.3919642, "cuda_visible_devices": "2", "allocated_gib": 3.795783519744873, "reserved_gib": 3.80078125, "peak_allocated_gib": 7.100478649139404, "gpu_time_budget": null, "module": "model.layers.15.mlp.down_proj", "step": 512}
Evaluation segment 1/1: start=0, windows=8, seqlen=2048
{"stage": "sequential-round-train-nll", "pid": 4080976, "time": 1789707930.170813, "cuda_visible_devices": "2", "allocated_gib": 3.795783519744873, "reserved_gib": 5.791015625, "peak_allocated_gib": 7.100478649139404, "gpu_time_budget": null, "module": "model.layers.15.mlp.down_proj", "step": 2048}
Evaluation segment 1/1: start=0, windows=8, seqlen=2048
{"stage": "sequential-round-train-nll", "pid": 4080976, "time": 1789707935.1754506, "cuda_visible_devices": "2", "allocated_gib": 3.795783519744873, "reserved_gib": 5.791015625, "peak_allocated_gib": 7.100478649139404, "gpu_time_budget": null, "module": "model.layers.15.mlp.down_proj", "step": 8192}
Evaluation segment 1/1: start=0, windows=8, seqlen=2048
{"stage": "sequential-module-completed", "pid": 4080976, "time": 1789707939.588627, "cuda_visible_devices": "2", "allocated_gib": 3.795783519744873, "reserved_gib": 5.791015625, "peak_allocated_gib": 7.100478649139404, "gpu_time_budget": null, "module": "model.layers.15.mlp.down_proj", "completed": 16, "total": 28, "selected_train_nll": 2.945028075955618, "elapsed_seconds": 1112.5737790130079}
{"stage": "sequential-round-fit", "pid": 4080976, "time": 1789707944.9590356, "cuda_visible_devices": "2", "allocated_gib": 3.795783519744873, "reserved_gib": 5.791015625, "peak_allocated_gib": 7.100478649139404, "gpu_time_budget": null, "module": "model.layers.16.mlp.down_proj", "fit_rows": 49152, "heldout_rows": 16384}
{"stage": "sequential-round-coordinate", "pid": 4080976, "time": 1789707945.8857133, "cuda_visible_devices": "2", "allocated_gib": 5.225533962249756, "reserved_gib": 8.041015625, "peak_allocated_gib": 7.100478649139404, "gpu_time_budget": null, "module": "model.layers.16.mlp.down_proj", "step": 128}
{"stage": "sequential-round-coordinate", "pid": 4080976, "time": 1789707946.5393653, "cuda_visible_devices": "2", "allocated_gib": 5.225533962249756, "reserved_gib": 8.041015625, "peak_allocated_gib": 7.100478649139404, "gpu_time_budget": null, "module": "model.layers.16.mlp.down_proj", "step": 256}
{"stage": "sequential-round-coordinate", "pid": 4080976, "time": 1789707947.1938534, "cuda_visible_devices": "2", "allocated_gib": 5.225533962249756, "reserved_gib": 8.041015625, "peak_allocated_gib": 7.100478649139404, "gpu_time_budget": null, "module": "model.layers.16.mlp.down_proj", "step": 384}
{"stage": "sequential-round-coordinate", "pid": 4080976, "time": 1789707947.9073875, "cuda_visible_devices": "2", "allocated_gib": 5.225533962249756, "reserved_gib": 8.041015625, "peak_allocated_gib": 7.100478649139404, "gpu_time_budget": null, "module": "model.layers.16.mlp.down_proj", "step": 512}
{"stage": "sequential-round-coordinate", "pid": 4080976, "time": 1789707948.5608044, "cuda_visible_devices": "2", "allocated_gib": 5.225533962249756, "reserved_gib": 8.041015625, "peak_allocated_gib": 7.100478649139404, "gpu_time_budget": null, "module": "model.layers.16.mlp.down_proj", "step": 640}
{"stage": "sequential-round-coordinate", "pid": 4080976, "time": 1789707949.2133248, "cuda_visible_devices": "2", "allocated_gib": 5.225533962249756, "reserved_gib": 8.041015625, "peak_allocated_gib": 7.100478649139404, "gpu_time_budget": null, "module": "model.layers.16.mlp.down_proj", "step": 768}
{"stage": "sequential-round-coordinate", "pid": 4080976, "time": 1789707949.8601165, "cuda_visible_devices": "2", "allocated_gib": 5.225533962249756, "reserved_gib": 8.041015625, "peak_allocated_gib": 7.100478649139404, "gpu_time_budget": null, "module": "model.layers.16.mlp.down_proj", "step": 896}
{"stage": "sequential-round-coordinate", "pid": 4080976, "time": 1789707950.5150585, "cuda_visible_devices": "2", "allocated_gib": 5.225533962249756, "reserved_gib": 8.041015625, "peak_allocated_gib": 7.100478649139404, "gpu_time_budget": null, "module": "model.layers.16.mlp.down_proj", "step": 1024}
{"stage": "sequential-round-coordinate", "pid": 4080976, "time": 1789707951.1675012, "cuda_visible_devices": "2", "allocated_gib": 5.225533962249756, "reserved_gib": 8.041015625, "peak_allocated_gib": 7.100478649139404, "gpu_time_budget": null, "module": "model.layers.16.mlp.down_proj", "step": 1152}
{"stage": "sequential-round-coordinate", "pid": 4080976, "time": 1789707951.8213, "cuda_visible_devices": "2", "allocated_gib": 5.225533962249756, "reserved_gib": 8.041015625, "peak_allocated_gib": 7.100478649139404, "gpu_time_budget": null, "module": "model.layers.16.mlp.down_proj", "step": 1280}
{"stage": "sequential-round-coordinate", "pid": 4080976, "time": 1789707952.4763656, "cuda_visible_devices": "2", "allocated_gib": 5.225533962249756, "reserved_gib": 8.041015625, "peak_allocated_gib": 7.100478649139404, "gpu_time_budget": null, "module": "model.layers.16.mlp.down_proj", "step": 1408}
{"stage": "sequential-round-coordinate", "pid": 4080976, "time": 1789707953.2306488, "cuda_visible_devices": "2", "allocated_gib": 5.225533962249756, "reserved_gib": 8.041015625, "peak_allocated_gib": 7.100478649139404, "gpu_time_budget": null, "module": "model.layers.16.mlp.down_proj", "step": 1536}
{"stage": "sequential-round-coordinate", "pid": 4080976, "time": 1789707954.18564, "cuda_visible_devices": "2", "allocated_gib": 5.225533962249756, "reserved_gib": 8.041015625, "peak_allocated_gib": 7.100478649139404, "gpu_time_budget": null, "module": "model.layers.16.mlp.down_proj", "step": 1664}
{"stage": "sequential-round-coordinate", "pid": 4080976, "time": 1789707955.1414096, "cuda_visible_devices": "2", "allocated_gib": 5.225533962249756, "reserved_gib": 8.041015625, "peak_allocated_gib": 7.100478649139404, "gpu_time_budget": null, "module": "model.layers.16.mlp.down_proj", "step": 1792}
{"stage": "sequential-round-coordinate", "pid": 4080976, "time": 1789707956.0993352, "cuda_visible_devices": "2", "allocated_gib": 5.225533962249756, "reserved_gib": 8.041015625, "peak_allocated_gib": 7.100478649139404, "gpu_time_budget": null, "module": "model.layers.16.mlp.down_proj", "step": 1920}
{"stage": "sequential-round-coordinate", "pid": 4080976, "time": 1789707957.1398923, "cuda_visible_devices": "2", "allocated_gib": 5.225533962249756, "reserved_gib": 8.041015625, "peak_allocated_gib": 7.100478649139404, "gpu_time_budget": null, "module": "model.layers.16.mlp.down_proj", "step": 2048}
{"stage": "sequential-round-coordinate", "pid": 4080976, "time": 1789707958.0943117, "cuda_visible_devices": "2", "allocated_gib": 5.225533962249756, "reserved_gib": 8.041015625, "peak_allocated_gib": 7.100478649139404, "gpu_time_budget": null, "module": "model.layers.16.mlp.down_proj", "step": 2176}
{"stage": "sequential-round-coordinate", "pid": 4080976, "time": 1789707959.043212, "cuda_visible_devices": "2", "allocated_gib": 5.225533962249756, "reserved_gib": 8.041015625, "peak_allocated_gib": 7.100478649139404, "gpu_time_budget": null, "module": "model.layers.16.mlp.down_proj", "step": 2304}
{"stage": "sequential-round-coordinate", "pid": 4080976, "time": 1789707959.9917815, "cuda_visible_devices": "2", "allocated_gib": 5.225533962249756, "reserved_gib": 8.041015625, "peak_allocated_gib": 7.100478649139404, "gpu_time_budget": null, "module": "model.layers.16.mlp.down_proj", "step": 2432}
{"stage": "sequential-round-coordinate", "pid": 4080976, "time": 1789707960.9414272, "cuda_visible_devices": "2", "allocated_gib": 5.225533962249756, "reserved_gib": 8.041015625, "peak_allocated_gib": 7.100478649139404, "gpu_time_budget": null, "module": "model.layers.16.mlp.down_proj", "step": 2560}
{"stage": "sequential-round-coordinate", "pid": 4080976, "time": 1789707961.8971212, "cuda_visible_devices": "2", "allocated_gib": 5.225533962249756, "reserved_gib": 8.041015625, "peak_allocated_gib": 7.100478649139404, "gpu_time_budget": null, "module": "model.layers.16.mlp.down_proj", "step": 2688}
{"stage": "sequential-round-coordinate", "pid": 4080976, "time": 1789707962.8486304, "cuda_visible_devices": "2", "allocated_gib": 5.225533962249756, "reserved_gib": 8.041015625, "peak_allocated_gib": 7.100478649139404, "gpu_time_budget": null, "module": "model.layers.16.mlp.down_proj", "step": 2816}
{"stage": "sequential-round-coordinate", "pid": 4080976, "time": 1789707963.7990122, "cuda_visible_devices": "2", "allocated_gib": 5.225533962249756, "reserved_gib": 8.041015625, "peak_allocated_gib": 7.100478649139404, "gpu_time_budget": null, "module": "model.layers.16.mlp.down_proj", "step": 2944}
{"stage": "sequential-round-coordinate", "pid": 4080976, "time": 1789707964.7508092, "cuda_visible_devices": "2", "allocated_gib": 5.225533962249756, "reserved_gib": 8.041015625, "peak_allocated_gib": 7.100478649139404, "gpu_time_budget": null, "module": "model.layers.16.mlp.down_proj", "step": 3072}
{"stage": "sequential-round-coordinate", "pid": 4080976, "time": 1789707965.703636, "cuda_visible_devices": "2", "allocated_gib": 5.225533962249756, "reserved_gib": 8.041015625, "peak_allocated_gib": 7.100478649139404, "gpu_time_budget": null, "module": "model.layers.16.mlp.down_proj", "step": 3200}
{"stage": "sequential-round-coordinate", "pid": 4080976, "time": 1789707966.6572993, "cuda_visible_devices": "2", "allocated_gib": 5.225533962249756, "reserved_gib": 8.041015625, "peak_allocated_gib": 7.100478649139404, "gpu_time_budget": null, "module": "model.layers.16.mlp.down_proj", "step": 3328}
{"stage": "sequential-round-coordinate", "pid": 4080976, "time": 1789707967.611928, "cuda_visible_devices": "2", "allocated_gib": 5.225533962249756, "reserved_gib": 8.041015625, "peak_allocated_gib": 7.100478649139404, "gpu_time_budget": null, "module": "model.layers.16.mlp.down_proj", "step": 3456}
{"stage": "sequential-round-coordinate", "pid": 4080976, "time": 1789707968.5750175, "cuda_visible_devices": "2", "allocated_gib": 5.225533962249756, "reserved_gib": 8.041015625, "peak_allocated_gib": 7.100478649139404, "gpu_time_budget": null, "module": "model.layers.16.mlp.down_proj", "step": 3584}
{"stage": "sequential-round-coordinate", "pid": 4080976, "time": 1789707969.530868, "cuda_visible_devices": "2", "allocated_gib": 5.225533962249756, "reserved_gib": 8.041015625, "peak_allocated_gib": 7.100478649139404, "gpu_time_budget": null, "module": "model.layers.16.mlp.down_proj", "step": 3712}
{"stage": "sequential-round-coordinate", "pid": 4080976, "time": 1789707970.4889977, "cuda_visible_devices": "2", "allocated_gib": 5.225533962249756, "reserved_gib": 8.041015625, "peak_allocated_gib": 7.100478649139404, "gpu_time_budget": null, "module": "model.layers.16.mlp.down_proj", "step": 3840}
{"stage": "sequential-round-coordinate", "pid": 4080976, "time": 1789707971.4476342, "cuda_visible_devices": "2", "allocated_gib": 5.225533962249756, "reserved_gib": 8.041015625, "peak_allocated_gib": 7.100478649139404, "gpu_time_budget": null, "module": "model.layers.16.mlp.down_proj", "step": 3968}
{"stage": "sequential-round-coordinate", "pid": 4080976, "time": 1789707972.4045448, "cuda_visible_devices": "2", "allocated_gib": 5.225533962249756, "reserved_gib": 8.041015625, "peak_allocated_gib": 7.100478649139404, "gpu_time_budget": null, "module": "model.layers.16.mlp.down_proj", "step": 4096}
{"stage": "sequential-round-coordinate", "pid": 4080976, "time": 1789707973.3638458, "cuda_visible_devices": "2", "allocated_gib": 5.225533962249756, "reserved_gib": 8.041015625, "peak_allocated_gib": 7.100478649139404, "gpu_time_budget": null, "module": "model.layers.16.mlp.down_proj", "step": 4224}
{"stage": "sequential-round-coordinate", "pid": 4080976, "time": 1789707974.325299, "cuda_visible_devices": "2", "allocated_gib": 5.225533962249756, "reserved_gib": 8.041015625, "peak_allocated_gib": 7.100478649139404, "gpu_time_budget": null, "module": "model.layers.16.mlp.down_proj", "step": 4352}
{"stage": "sequential-round-coordinate", "pid": 4080976, "time": 1789707975.2837474, "cuda_visible_devices": "2", "allocated_gib": 5.225533962249756, "reserved_gib": 8.041015625, "peak_allocated_gib": 7.100478649139404, "gpu_time_budget": null, "module": "model.layers.16.mlp.down_proj", "step": 4480}
{"stage": "sequential-round-coordinate", "pid": 4080976, "time": 1789707976.2402682, "cuda_visible_devices": "2", "allocated_gib": 5.225533962249756, "reserved_gib": 8.041015625, "peak_allocated_gib": 7.100478649139404, "gpu_time_budget": null, "module": "model.layers.16.mlp.down_proj", "step": 4608}
{"stage": "sequential-round-coordinate", "pid": 4080976, "time": 1789707977.194776, "cuda_visible_devices": "2", "allocated_gib": 5.225533962249756, "reserved_gib": 8.041015625, "peak_allocated_gib": 7.100478649139404, "gpu_time_budget": null, "module": "model.layers.16.mlp.down_proj", "step": 4736}
{"stage": "sequential-round-coordinate", "pid": 4080976, "time": 1789707978.1471834, "cuda_visible_devices": "2", "allocated_gib": 5.225533962249756, "reserved_gib": 8.041015625, "peak_allocated_gib": 7.100478649139404, "gpu_time_budget": null, "module": "model.layers.16.mlp.down_proj", "step": 4864}
{"stage": "sequential-round-coordinate", "pid": 4080976, "time": 1789707979.1033995, "cuda_visible_devices": "2", "allocated_gib": 5.225533962249756, "reserved_gib": 8.041015625, "peak_allocated_gib": 7.100478649139404, "gpu_time_budget": null, "module": "model.layers.16.mlp.down_proj", "step": 4992}
{"stage": "sequential-round-coordinate", "pid": 4080976, "time": 1789707980.0605092, "cuda_visible_devices": "2", "allocated_gib": 5.225533962249756, "reserved_gib": 8.041015625, "peak_allocated_gib": 7.100478649139404, "gpu_time_budget": null, "module": "model.layers.16.mlp.down_proj", "step": 5120}
{"stage": "sequential-round-coordinate", "pid": 4080976, "time": 1789707981.0166152, "cuda_visible_devices": "2", "allocated_gib": 5.225533962249756, "reserved_gib": 8.041015625, "peak_allocated_gib": 7.100478649139404, "gpu_time_budget": null, "module": "model.layers.16.mlp.down_proj", "step": 5248}
{"stage": "sequential-round-coordinate", "pid": 4080976, "time": 1789707981.9729578, "cuda_visible_devices": "2", "allocated_gib": 5.225533962249756, "reserved_gib": 8.041015625, "peak_allocated_gib": 7.100478649139404, "gpu_time_budget": null, "module": "model.layers.16.mlp.down_proj", "step": 5376}
{"stage": "sequential-round-coordinate", "pid": 4080976, "time": 1789707982.927112, "cuda_visible_devices": "2", "allocated_gib": 5.225533962249756, "reserved_gib": 8.041015625, "peak_allocated_gib": 7.100478649139404, "gpu_time_budget": null, "module": "model.layers.16.mlp.down_proj", "step": 5504}
{"stage": "sequential-round-coordinate", "pid": 4080976, "time": 1789707983.8854358, "cuda_visible_devices": "2", "allocated_gib": 5.225533962249756, "reserved_gib": 8.041015625, "peak_allocated_gib": 7.100478649139404, "gpu_time_budget": null, "module": "model.layers.16.mlp.down_proj", "step": 5632}
{"stage": "sequential-round-coordinate", "pid": 4080976, "time": 1789707984.8426676, "cuda_visible_devices": "2", "allocated_gib": 5.225533962249756, "reserved_gib": 8.041015625, "peak_allocated_gib": 7.100478649139404, "gpu_time_budget": null, "module": "model.layers.16.mlp.down_proj", "step": 5760}
{"stage": "sequential-round-coordinate", "pid": 4080976, "time": 1789707985.7946954, "cuda_visible_devices": "2", "allocated_gib": 5.225533962249756, "reserved_gib": 8.041015625, "peak_allocated_gib": 7.100478649139404, "gpu_time_budget": null, "module": "model.layers.16.mlp.down_proj", "step": 5888}
{"stage": "sequential-round-coordinate", "pid": 4080976, "time": 1789707986.7510288, "cuda_visible_devices": "2", "allocated_gib": 5.225533962249756, "reserved_gib": 8.041015625, "peak_allocated_gib": 7.100478649139404, "gpu_time_budget": null, "module": "model.layers.16.mlp.down_proj", "step": 6016}
{"stage": "sequential-round-coordinate", "pid": 4080976, "time": 1789707987.7080104, "cuda_visible_devices": "2", "allocated_gib": 5.225533962249756, "reserved_gib": 8.041015625, "peak_allocated_gib": 7.100478649139404, "gpu_time_budget": null, "module": "model.layers.16.mlp.down_proj", "step": 6144}
{"stage": "sequential-round-coordinate", "pid": 4080976, "time": 1789707988.6642113, "cuda_visible_devices": "2", "allocated_gib": 5.225533962249756, "reserved_gib": 8.041015625, "peak_allocated_gib": 7.100478649139404, "gpu_time_budget": null, "module": "model.layers.16.mlp.down_proj", "step": 6272}
{"stage": "sequential-round-coordinate", "pid": 4080976, "time": 1789707989.6143332, "cuda_visible_devices": "2", "allocated_gib": 5.225533962249756, "reserved_gib": 8.041015625, "peak_allocated_gib": 7.100478649139404, "gpu_time_budget": null, "module": "model.layers.16.mlp.down_proj", "step": 6400}
{"stage": "sequential-round-coordinate", "pid": 4080976, "time": 1789707990.5708692, "cuda_visible_devices": "2", "allocated_gib": 5.225533962249756, "reserved_gib": 8.041015625, "peak_allocated_gib": 7.100478649139404, "gpu_time_budget": null, "module": "model.layers.16.mlp.down_proj", "step": 6528}
{"stage": "sequential-round-coordinate", "pid": 4080976, "time": 1789707991.5289233, "cuda_visible_devices": "2", "allocated_gib": 5.225533962249756, "reserved_gib": 8.041015625, "peak_allocated_gib": 7.100478649139404, "gpu_time_budget": null, "module": "model.layers.16.mlp.down_proj", "step": 6656}
{"stage": "sequential-round-coordinate", "pid": 4080976, "time": 1789707992.4795582, "cuda_visible_devices": "2", "allocated_gib": 5.225533962249756, "reserved_gib": 8.041015625, "peak_allocated_gib": 7.100478649139404, "gpu_time_budget": null, "module": "model.layers.16.mlp.down_proj", "step": 6784}
{"stage": "sequential-round-coordinate", "pid": 4080976, "time": 1789707993.4268842, "cuda_visible_devices": "2", "allocated_gib": 5.225533962249756, "reserved_gib": 8.041015625, "peak_allocated_gib": 7.100478649139404, "gpu_time_budget": null, "module": "model.layers.16.mlp.down_proj", "step": 6912}
{"stage": "sequential-round-coordinate", "pid": 4080976, "time": 1789707994.3808787, "cuda_visible_devices": "2", "allocated_gib": 5.225533962249756, "reserved_gib": 8.041015625, "peak_allocated_gib": 7.100478649139404, "gpu_time_budget": null, "module": "model.layers.16.mlp.down_proj", "step": 7040}
{"stage": "sequential-round-coordinate", "pid": 4080976, "time": 1789707995.3399024, "cuda_visible_devices": "2", "allocated_gib": 5.225533962249756, "reserved_gib": 8.041015625, "peak_allocated_gib": 7.100478649139404, "gpu_time_budget": null, "module": "model.layers.16.mlp.down_proj", "step": 7168}
{"stage": "sequential-round-coordinate", "pid": 4080976, "time": 1789707996.292897, "cuda_visible_devices": "2", "allocated_gib": 5.225533962249756, "reserved_gib": 8.041015625, "peak_allocated_gib": 7.100478649139404, "gpu_time_budget": null, "module": "model.layers.16.mlp.down_proj", "step": 7296}
{"stage": "sequential-round-coordinate", "pid": 4080976, "time": 1789707997.2460432, "cuda_visible_devices": "2", "allocated_gib": 5.225533962249756, "reserved_gib": 8.041015625, "peak_allocated_gib": 7.100478649139404, "gpu_time_budget": null, "module": "model.layers.16.mlp.down_proj", "step": 7424}
{"stage": "sequential-round-coordinate", "pid": 4080976, "time": 1789707998.201533, "cuda_visible_devices": "2", "allocated_gib": 5.225533962249756, "reserved_gib": 8.041015625, "peak_allocated_gib": 7.100478649139404, "gpu_time_budget": null, "module": "model.layers.16.mlp.down_proj", "step": 7552}
{"stage": "sequential-round-coordinate", "pid": 4080976, "time": 1789707999.1557841, "cuda_visible_devices": "2", "allocated_gib": 5.225533962249756, "reserved_gib": 8.041015625, "peak_allocated_gib": 7.100478649139404, "gpu_time_budget": null, "module": "model.layers.16.mlp.down_proj", "step": 7680}
{"stage": "sequential-round-coordinate", "pid": 4080976, "time": 1789708000.1208003, "cuda_visible_devices": "2", "allocated_gib": 5.225533962249756, "reserved_gib": 8.041015625, "peak_allocated_gib": 7.100478649139404, "gpu_time_budget": null, "module": "model.layers.16.mlp.down_proj", "step": 7808}
{"stage": "sequential-round-coordinate", "pid": 4080976, "time": 1789708001.0666845, "cuda_visible_devices": "2", "allocated_gib": 5.225533962249756, "reserved_gib": 8.041015625, "peak_allocated_gib": 7.100478649139404, "gpu_time_budget": null, "module": "model.layers.16.mlp.down_proj", "step": 7936}
{"stage": "sequential-round-coordinate", "pid": 4080976, "time": 1789708002.0213835, "cuda_visible_devices": "2", "allocated_gib": 5.225533962249756, "reserved_gib": 8.041015625, "peak_allocated_gib": 7.100478649139404, "gpu_time_budget": null, "module": "model.layers.16.mlp.down_proj", "step": 8064}
{"stage": "sequential-round-coordinate", "pid": 4080976, "time": 1789708003.0611086, "cuda_visible_devices": "2", "allocated_gib": 5.225533962249756, "reserved_gib": 8.041015625, "peak_allocated_gib": 7.100478649139404, "gpu_time_budget": null, "module": "model.layers.16.mlp.down_proj", "step": 8192}
{"stage": "sequential-round-train-nll", "pid": 4080976, "time": 1789708003.1092649, "cuda_visible_devices": "2", "allocated_gib": 3.795783519744873, "reserved_gib": 3.80078125, "peak_allocated_gib": 7.100478649139404, "gpu_time_budget": null, "module": "model.layers.16.mlp.down_proj", "step": 512}
Evaluation segment 1/1: start=0, windows=8, seqlen=2048
{"stage": "sequential-round-train-nll", "pid": 4080976, "time": 1789708008.7681158, "cuda_visible_devices": "2", "allocated_gib": 3.795783519744873, "reserved_gib": 5.791015625, "peak_allocated_gib": 7.100478649139404, "gpu_time_budget": null, "module": "model.layers.16.mlp.down_proj", "step": 2048}
Evaluation segment 1/1: start=0, windows=8, seqlen=2048
{"stage": "sequential-round-train-nll", "pid": 4080976, "time": 1789708013.1549592, "cuda_visible_devices": "2", "allocated_gib": 3.795783519744873, "reserved_gib": 5.791015625, "peak_allocated_gib": 7.100478649139404, "gpu_time_budget": null, "module": "model.layers.16.mlp.down_proj", "step": 8192}
Evaluation segment 1/1: start=0, windows=8, seqlen=2048
{"stage": "sequential-module-completed", "pid": 4080976, "time": 1789708017.0215986, "cuda_visible_devices": "2", "allocated_gib": 3.795783519744873, "reserved_gib": 5.791015625, "peak_allocated_gib": 7.100478649139404, "gpu_time_budget": null, "module": "model.layers.16.mlp.down_proj", "completed": 17, "total": 28, "selected_train_nll": 2.945028075955618, "elapsed_seconds": 1190.0067361370893}
{"stage": "sequential-round-fit", "pid": 4080976, "time": 1789708021.8769524, "cuda_visible_devices": "2", "allocated_gib": 3.795783519744873, "reserved_gib": 5.791015625, "peak_allocated_gib": 7.100478649139404, "gpu_time_budget": null, "module": "model.layers.17.mlp.down_proj", "fit_rows": 49152, "heldout_rows": 16384}
{"stage": "sequential-round-coordinate", "pid": 4080976, "time": 1789708022.7110586, "cuda_visible_devices": "2", "allocated_gib": 5.225533962249756, "reserved_gib": 8.041015625, "peak_allocated_gib": 7.100478649139404, "gpu_time_budget": null, "module": "model.layers.17.mlp.down_proj", "step": 128}
{"stage": "sequential-round-coordinate", "pid": 4080976, "time": 1789708023.2973323, "cuda_visible_devices": "2", "allocated_gib": 5.225533962249756, "reserved_gib": 8.041015625, "peak_allocated_gib": 7.100478649139404, "gpu_time_budget": null, "module": "model.layers.17.mlp.down_proj", "step": 256}
{"stage": "sequential-round-coordinate", "pid": 4080976, "time": 1789708023.8886518, "cuda_visible_devices": "2", "allocated_gib": 5.225533962249756, "reserved_gib": 8.041015625, "peak_allocated_gib": 7.100478649139404, "gpu_time_budget": null, "module": "model.layers.17.mlp.down_proj", "step": 384}
{"stage": "sequential-round-coordinate", "pid": 4080976, "time": 1789708024.5317545, "cuda_visible_devices": "2", "allocated_gib": 5.225533962249756, "reserved_gib": 8.041015625, "peak_allocated_gib": 7.100478649139404, "gpu_time_budget": null, "module": "model.layers.17.mlp.down_proj", "step": 512}
{"stage": "sequential-round-coordinate", "pid": 4080976, "time": 1789708025.1216755, "cuda_visible_devices": "2", "allocated_gib": 5.225533962249756, "reserved_gib": 8.041015625, "peak_allocated_gib": 7.100478649139404, "gpu_time_budget": null, "module": "model.layers.17.mlp.down_proj", "step": 640}
{"stage": "sequential-round-coordinate", "pid": 4080976, "time": 1789708025.7606676, "cuda_visible_devices": "2", "allocated_gib": 5.225533962249756, "reserved_gib": 8.041015625, "peak_allocated_gib": 7.100478649139404, "gpu_time_budget": null, "module": "model.layers.17.mlp.down_proj", "step": 768}
{"stage": "sequential-round-coordinate", "pid": 4080976, "time": 1789708026.3574665, "cuda_visible_devices": "2", "allocated_gib": 5.225533962249756, "reserved_gib": 8.041015625, "peak_allocated_gib": 7.100478649139404, "gpu_time_budget": null, "module": "model.layers.17.mlp.down_proj", "step": 896}
{"stage": "sequential-round-coordinate", "pid": 4080976, "time": 1789708026.9504402, "cuda_visible_devices": "2", "allocated_gib": 5.225533962249756, "reserved_gib": 8.041015625, "peak_allocated_gib": 7.100478649139404, "gpu_time_budget": null, "module": "model.layers.17.mlp.down_proj", "step": 1024}
{"stage": "sequential-round-coordinate", "pid": 4080976, "time": 1789708027.5431967, "cuda_visible_devices": "2", "allocated_gib": 5.225533962249756, "reserved_gib": 8.041015625, "peak_allocated_gib": 7.100478649139404, "gpu_time_budget": null, "module": "model.layers.17.mlp.down_proj", "step": 1152}
{"stage": "sequential-round-coordinate", "pid": 4080976, "time": 1789708028.2416124, "cuda_visible_devices": "2", "allocated_gib": 5.225533962249756, "reserved_gib": 8.041015625, "peak_allocated_gib": 7.100478649139404, "gpu_time_budget": null, "module": "model.layers.17.mlp.down_proj", "step": 1280}
{"stage": "sequential-round-coordinate", "pid": 4080976, "time": 1789708029.1293821, "cuda_visible_devices": "2", "allocated_gib": 5.225533962249756, "reserved_gib": 8.041015625, "peak_allocated_gib": 7.100478649139404, "gpu_time_budget": null, "module": "model.layers.17.mlp.down_proj", "step": 1408}
{"stage": "sequential-round-coordinate", "pid": 4080976, "time": 1789708030.0164468, "cuda_visible_devices": "2", "allocated_gib": 5.225533962249756, "reserved_gib": 8.041015625, "peak_allocated_gib": 7.100478649139404, "gpu_time_budget": null, "module": "model.layers.17.mlp.down_proj", "step": 1536}
{"stage": "sequential-round-coordinate", "pid": 4080976, "time": 1789708030.9057064, "cuda_visible_devices": "2", "allocated_gib": 5.225533962249756, "reserved_gib": 8.041015625, "peak_allocated_gib": 7.100478649139404, "gpu_time_budget": null, "module": "model.layers.17.mlp.down_proj", "step": 1664}
{"stage": "sequential-round-coordinate", "pid": 4080976, "time": 1789708031.7988951, "cuda_visible_devices": "2", "allocated_gib": 5.225533962249756, "reserved_gib": 8.041015625, "peak_allocated_gib": 7.100478649139404, "gpu_time_budget": null, "module": "model.layers.17.mlp.down_proj", "step": 1792}
{"stage": "sequential-round-coordinate", "pid": 4080976, "time": 1789708032.6837707, "cuda_visible_devices": "2", "allocated_gib": 5.225533962249756, "reserved_gib": 8.041015625, "peak_allocated_gib": 7.100478649139404, "gpu_time_budget": null, "module": "model.layers.17.mlp.down_proj", "step": 1920}
{"stage": "sequential-round-coordinate", "pid": 4080976, "time": 1789708033.6565294, "cuda_visible_devices": "2", "allocated_gib": 5.225533962249756, "reserved_gib": 8.041015625, "peak_allocated_gib": 7.100478649139404, "gpu_time_budget": null, "module": "model.layers.17.mlp.down_proj", "step": 2048}
{"stage": "sequential-round-coordinate", "pid": 4080976, "time": 1789708034.5444727, "cuda_visible_devices": "2", "allocated_gib": 5.225533962249756, "reserved_gib": 8.041015625, "peak_allocated_gib": 7.100478649139404, "gpu_time_budget": null, "module": "model.layers.17.mlp.down_proj", "step": 2176}
{"stage": "sequential-round-coordinate", "pid": 4080976, "time": 1789708035.4315784, "cuda_visible_devices": "2", "allocated_gib": 5.225533962249756, "reserved_gib": 8.041015625, "peak_allocated_gib": 7.100478649139404, "gpu_time_budget": null, "module": "model.layers.17.mlp.down_proj", "step": 2304}
{"stage": "sequential-round-coordinate", "pid": 4080976, "time": 1789708036.3769958, "cuda_visible_devices": "2", "allocated_gib": 5.225533962249756, "reserved_gib": 8.041015625, "peak_allocated_gib": 7.100478649139404, "gpu_time_budget": null, "module": "model.layers.17.mlp.down_proj", "step": 2432}
{"stage": "sequential-round-coordinate", "pid": 4080976, "time": 1789708037.2078044, "cuda_visible_devices": "2", "allocated_gib": 5.225533962249756, "reserved_gib": 8.041015625, "peak_allocated_gib": 7.100478649139404, "gpu_time_budget": null, "module": "model.layers.17.mlp.down_proj", "step": 2560}
{"stage": "sequential-round-coordinate", "pid": 4080976, "time": 1789708039.0826204, "cuda_visible_devices": "2", "allocated_gib": 5.225533962249756, "reserved_gib": 8.041015625, "peak_allocated_gib": 7.100478649139404, "gpu_time_budget": null, "module": "model.layers.17.mlp.down_proj", "step": 2688}
{"stage": "sequential-round-coordinate", "pid": 4080976, "time": 1789708040.0412974, "cuda_visible_devices": "2", "allocated_gib": 5.225533962249756, "reserved_gib": 8.041015625, "peak_allocated_gib": 7.100478649139404, "gpu_time_budget": null, "module": "model.layers.17.mlp.down_proj", "step": 2816}
{"stage": "sequential-round-coordinate", "pid": 4080976, "time": 1789708040.9976745, "cuda_visible_devices": "2", "allocated_gib": 5.225533962249756, "reserved_gib": 8.041015625, "peak_allocated_gib": 7.100478649139404, "gpu_time_budget": null, "module": "model.layers.17.mlp.down_proj", "step": 2944}
{"stage": "sequential-round-coordinate", "pid": 4080976, "time": 1789708041.953084, "cuda_visible_devices": "2", "allocated_gib": 5.225533962249756, "reserved_gib": 8.041015625, "peak_allocated_gib": 7.100478649139404, "gpu_time_budget": null, "module": "model.layers.17.mlp.down_proj", "step": 3072}
{"stage": "sequential-round-coordinate", "pid": 4080976, "time": 1789708042.9107862, "cuda_visible_devices": "2", "allocated_gib": 5.225533962249756, "reserved_gib": 8.041015625, "peak_allocated_gib": 7.100478649139404, "gpu_time_budget": null, "module": "model.layers.17.mlp.down_proj", "step": 3200}
{"stage": "sequential-round-coordinate", "pid": 4080976, "time": 1789708043.8675435, "cuda_visible_devices": "2", "allocated_gib": 5.225533962249756, "reserved_gib": 8.041015625, "peak_allocated_gib": 7.100478649139404, "gpu_time_budget": null, "module": "model.layers.17.mlp.down_proj", "step": 3328}
{"stage": "sequential-round-coordinate", "pid": 4080976, "time": 1789708044.8286452, "cuda_visible_devices": "2", "allocated_gib": 5.225533962249756, "reserved_gib": 8.041015625, "peak_allocated_gib": 7.100478649139404, "gpu_time_budget": null, "module": "model.layers.17.mlp.down_proj", "step": 3456}
{"stage": "sequential-round-coordinate", "pid": 4080976, "time": 1789708045.785336, "cuda_visible_devices": "2", "allocated_gib": 5.225533962249756, "reserved_gib": 8.041015625, "peak_allocated_gib": 7.100478649139404, "gpu_time_budget": null, "module": "model.layers.17.mlp.down_proj", "step": 3584}
{"stage": "sequential-round-coordinate", "pid": 4080976, "time": 1789708046.7422178, "cuda_visible_devices": "2", "allocated_gib": 5.225533962249756, "reserved_gib": 8.041015625, "peak_allocated_gib": 7.100478649139404, "gpu_time_budget": null, "module": "model.layers.17.mlp.down_proj", "step": 3712}
{"stage": "sequential-round-coordinate", "pid": 4080976, "time": 1789708047.6808097, "cuda_visible_devices": "2", "allocated_gib": 5.225533962249756, "reserved_gib": 8.041015625, "peak_allocated_gib": 7.100478649139404, "gpu_time_budget": null, "module": "model.layers.17.mlp.down_proj", "step": 3840}
{"stage": "sequential-round-coordinate", "pid": 4080976, "time": 1789708048.639994, "cuda_visible_devices": "2", "allocated_gib": 5.225533962249756, "reserved_gib": 8.041015625, "peak_allocated_gib": 7.100478649139404, "gpu_time_budget": null, "module": "model.layers.17.mlp.down_proj", "step": 3968}
{"stage": "sequential-round-coordinate", "pid": 4080976, "time": 1789708049.5996847, "cuda_visible_devices": "2", "allocated_gib": 5.225533962249756, "reserved_gib": 8.041015625, "peak_allocated_gib": 7.100478649139404, "gpu_time_budget": null, "module": "model.layers.17.mlp.down_proj", "step": 4096}
{"stage": "sequential-round-coordinate", "pid": 4080976, "time": 1789708050.553913, "cuda_visible_devices": "2", "allocated_gib": 5.225533962249756, "reserved_gib": 8.041015625, "peak_allocated_gib": 7.100478649139404, "gpu_time_budget": null, "module": "model.layers.17.mlp.down_proj", "step": 4224}
{"stage": "sequential-round-coordinate", "pid": 4080976, "time": 1789708051.5106537, "cuda_visible_devices": "2", "allocated_gib": 5.225533962249756, "reserved_gib": 8.041015625, "peak_allocated_gib": 7.100478649139404, "gpu_time_budget": null, "module": "model.layers.17.mlp.down_proj", "step": 4352}
{"stage": "sequential-round-coordinate", "pid": 4080976, "time": 1789708052.459775, "cuda_visible_devices": "2", "allocated_gib": 5.225533962249756, "reserved_gib": 8.041015625, "peak_allocated_gib": 7.100478649139404, "gpu_time_budget": null, "module": "model.layers.17.mlp.down_proj", "step": 4480}
{"stage": "sequential-round-coordinate", "pid": 4080976, "time": 1789708053.413359, "cuda_visible_devices": "2", "allocated_gib": 5.225533962249756, "reserved_gib": 8.041015625, "peak_allocated_gib": 7.100478649139404, "gpu_time_budget": null, "module": "model.layers.17.mlp.down_proj", "step": 4608}
{"stage": "sequential-round-coordinate", "pid": 4080976, "time": 1789708054.3716545, "cuda_visible_devices": "2", "allocated_gib": 5.225533962249756, "reserved_gib": 8.041015625, "peak_allocated_gib": 7.100478649139404, "gpu_time_budget": null, "module": "model.layers.17.mlp.down_proj", "step": 4736}
{"stage": "sequential-round-coordinate", "pid": 4080976, "time": 1789708055.3299346, "cuda_visible_devices": "2", "allocated_gib": 5.225533962249756, "reserved_gib": 8.041015625, "peak_allocated_gib": 7.100478649139404, "gpu_time_budget": null, "module": "model.layers.17.mlp.down_proj", "step": 4864}
{"stage": "sequential-round-coordinate", "pid": 4080976, "time": 1789708056.2762847, "cuda_visible_devices": "2", "allocated_gib": 5.225533962249756, "reserved_gib": 8.041015625, "peak_allocated_gib": 7.100478649139404, "gpu_time_budget": null, "module": "model.layers.17.mlp.down_proj", "step": 4992}
{"stage": "sequential-round-coordinate", "pid": 4080976, "time": 1789708057.234813, "cuda_visible_devices": "2", "allocated_gib": 5.225533962249756, "reserved_gib": 8.041015625, "peak_allocated_gib": 7.100478649139404, "gpu_time_budget": null, "module": "model.layers.17.mlp.down_proj", "step": 5120}
{"stage": "sequential-round-coordinate", "pid": 4080976, "time": 1789708058.1943965, "cuda_visible_devices": "2", "allocated_gib": 5.225533962249756, "reserved_gib": 8.041015625, "peak_allocated_gib": 7.100478649139404, "gpu_time_budget": null, "module": "model.layers.17.mlp.down_proj", "step": 5248}
{"stage": "sequential-round-coordinate", "pid": 4080976, "time": 1789708059.1518912, "cuda_visible_devices": "2", "allocated_gib": 5.225533962249756, "reserved_gib": 8.041015625, "peak_allocated_gib": 7.100478649139404, "gpu_time_budget": null, "module": "model.layers.17.mlp.down_proj", "step": 5376}
{"stage": "sequential-round-coordinate", "pid": 4080976, "time": 1789708060.1120865, "cuda_visible_devices": "2", "allocated_gib": 5.225533962249756, "reserved_gib": 8.041015625, "peak_allocated_gib": 7.100478649139404, "gpu_time_budget": null, "module": "model.layers.17.mlp.down_proj", "step": 5504}
{"stage": "sequential-round-coordinate", "pid": 4080976, "time": 1789708061.069905, "cuda_visible_devices": "2", "allocated_gib": 5.225533962249756, "reserved_gib": 8.041015625, "peak_allocated_gib": 7.100478649139404, "gpu_time_budget": null, "module": "model.layers.17.mlp.down_proj", "step": 5632}
{"stage": "sequential-round-coordinate", "pid": 4080976, "time": 1789708062.0262506, "cuda_visible_devices": "2", "allocated_gib": 5.225533962249756, "reserved_gib": 8.041015625, "peak_allocated_gib": 7.100478649139404, "gpu_time_budget": null, "module": "model.layers.17.mlp.down_proj", "step": 5760}
{"stage": "sequential-round-coordinate", "pid": 4080976, "time": 1789708062.979008, "cuda_visible_devices": "2", "allocated_gib": 5.225533962249756, "reserved_gib": 8.041015625, "peak_allocated_gib": 7.100478649139404, "gpu_time_budget": null, "module": "model.layers.17.mlp.down_proj", "step": 5888}
{"stage": "sequential-round-coordinate", "pid": 4080976, "time": 1789708063.9369526, "cuda_visible_devices": "2", "allocated_gib": 5.225533962249756, "reserved_gib": 8.041015625, "peak_allocated_gib": 7.100478649139404, "gpu_time_budget": null, "module": "model.layers.17.mlp.down_proj", "step": 6016}
{"stage": "sequential-round-coordinate", "pid": 4080976, "time": 1789708064.889735, "cuda_visible_devices": "2", "allocated_gib": 5.225533962249756, "reserved_gib": 8.041015625, "peak_allocated_gib": 7.100478649139404, "gpu_time_budget": null, "module": "model.layers.17.mlp.down_proj", "step": 6144}
{"stage": "sequential-round-coordinate", "pid": 4080976, "time": 1789708065.8478022, "cuda_visible_devices": "2", "allocated_gib": 5.225533962249756, "reserved_gib": 8.041015625, "peak_allocated_gib": 7.100478649139404, "gpu_time_budget": null, "module": "model.layers.17.mlp.down_proj", "step": 6272}
{"stage": "sequential-round-coordinate", "pid": 4080976, "time": 1789708066.8033516, "cuda_visible_devices": "2", "allocated_gib": 5.225533962249756, "reserved_gib": 8.041015625, "peak_allocated_gib": 7.100478649139404, "gpu_time_budget": null, "module": "model.layers.17.mlp.down_proj", "step": 6400}
{"stage": "sequential-round-coordinate", "pid": 4080976, "time": 1789708067.7631633, "cuda_visible_devices": "2", "allocated_gib": 5.225533962249756, "reserved_gib": 8.041015625, "peak_allocated_gib": 7.100478649139404, "gpu_time_budget": null, "module": "model.layers.17.mlp.down_proj", "step": 6528}
{"stage": "sequential-round-coordinate", "pid": 4080976, "time": 1789708068.721413, "cuda_visible_devices": "2", "allocated_gib": 5.225533962249756, "reserved_gib": 8.041015625, "peak_allocated_gib": 7.100478649139404, "gpu_time_budget": null, "module": "model.layers.17.mlp.down_proj", "step": 6656}
{"stage": "sequential-round-coordinate", "pid": 4080976, "time": 1789708069.6811135, "cuda_visible_devices": "2", "allocated_gib": 5.225533962249756, "reserved_gib": 8.041015625, "peak_allocated_gib": 7.100478649139404, "gpu_time_budget": null, "module": "model.layers.17.mlp.down_proj", "step": 6784}
{"stage": "sequential-round-coordinate", "pid": 4080976, "time": 1789708070.6342344, "cuda_visible_devices": "2", "allocated_gib": 5.225533962249756, "reserved_gib": 8.041015625, "peak_allocated_gib": 7.100478649139404, "gpu_time_budget": null, "module": "model.layers.17.mlp.down_proj", "step": 6912}
{"stage": "sequential-round-coordinate", "pid": 4080976, "time": 1789708071.5886538, "cuda_visible_devices": "2", "allocated_gib": 5.225533962249756, "reserved_gib": 8.041015625, "peak_allocated_gib": 7.100478649139404, "gpu_time_budget": null, "module": "model.layers.17.mlp.down_proj", "step": 7040}
{"stage": "sequential-round-coordinate", "pid": 4080976, "time": 1789708072.5503023, "cuda_visible_devices": "2", "allocated_gib": 5.225533962249756, "reserved_gib": 8.041015625, "peak_allocated_gib": 7.100478649139404, "gpu_time_budget": null, "module": "model.layers.17.mlp.down_proj", "step": 7168}
{"stage": "sequential-round-coordinate", "pid": 4080976, "time": 1789708073.505439, "cuda_visible_devices": "2", "allocated_gib": 5.225533962249756, "reserved_gib": 8.041015625, "peak_allocated_gib": 7.100478649139404, "gpu_time_budget": null, "module": "model.layers.17.mlp.down_proj", "step": 7296}
{"stage": "sequential-round-coordinate", "pid": 4080976, "time": 1789708074.462725, "cuda_visible_devices": "2", "allocated_gib": 5.225533962249756, "reserved_gib": 8.041015625, "peak_allocated_gib": 7.100478649139404, "gpu_time_budget": null, "module": "model.layers.17.mlp.down_proj", "step": 7424}
{"stage": "sequential-round-coordinate", "pid": 4080976, "time": 1789708075.4168546, "cuda_visible_devices": "2", "allocated_gib": 5.225533962249756, "reserved_gib": 8.041015625, "peak_allocated_gib": 7.100478649139404, "gpu_time_budget": null, "module": "model.layers.17.mlp.down_proj", "step": 7552}
{"stage": "sequential-round-coordinate", "pid": 4080976, "time": 1789708076.374353, "cuda_visible_devices": "2", "allocated_gib": 5.225533962249756, "reserved_gib": 8.041015625, "peak_allocated_gib": 7.100478649139404, "gpu_time_budget": null, "module": "model.layers.17.mlp.down_proj", "step": 7680}
{"stage": "sequential-round-coordinate", "pid": 4080976, "time": 1789708077.3365798, "cuda_visible_devices": "2", "allocated_gib": 5.225533962249756, "reserved_gib": 8.041015625, "peak_allocated_gib": 7.100478649139404, "gpu_time_budget": null, "module": "model.layers.17.mlp.down_proj", "step": 7808}
{"stage": "sequential-round-coordinate", "pid": 4080976, "time": 1789708078.292977, "cuda_visible_devices": "2", "allocated_gib": 5.225533962249756, "reserved_gib": 8.041015625, "peak_allocated_gib": 7.100478649139404, "gpu_time_budget": null, "module": "model.layers.17.mlp.down_proj", "step": 7936}
{"stage": "sequential-round-coordinate", "pid": 4080976, "time": 1789708079.2519805, "cuda_visible_devices": "2", "allocated_gib": 5.225533962249756, "reserved_gib": 8.041015625, "peak_allocated_gib": 7.100478649139404, "gpu_time_budget": null, "module": "model.layers.17.mlp.down_proj", "step": 8064}
{"stage": "sequential-round-coordinate", "pid": 4080976, "time": 1789708080.2931056, "cuda_visible_devices": "2", "allocated_gib": 5.225533962249756, "reserved_gib": 8.041015625, "peak_allocated_gib": 7.100478649139404, "gpu_time_budget": null, "module": "model.layers.17.mlp.down_proj", "step": 8192}
{"stage": "sequential-round-train-nll", "pid": 4080976, "time": 1789708080.34248, "cuda_visible_devices": "2", "allocated_gib": 3.795783519744873, "reserved_gib": 3.80078125, "peak_allocated_gib": 7.100478649139404, "gpu_time_budget": null, "module": "model.layers.17.mlp.down_proj", "step": 512}
Evaluation segment 1/1: start=0, windows=8, seqlen=2048
{"stage": "sequential-round-train-nll", "pid": 4080976, "time": 1789708086.2276993, "cuda_visible_devices": "2", "allocated_gib": 3.795783519744873, "reserved_gib": 5.791015625, "peak_allocated_gib": 7.100478649139404, "gpu_time_budget": null, "module": "model.layers.17.mlp.down_proj", "step": 2048}
Evaluation segment 1/1: start=0, windows=8, seqlen=2048
{"stage": "sequential-round-train-nll", "pid": 4080976, "time": 1789708090.7167332, "cuda_visible_devices": "2", "allocated_gib": 3.795783519744873, "reserved_gib": 5.791015625, "peak_allocated_gib": 7.100478649139404, "gpu_time_budget": null, "module": "model.layers.17.mlp.down_proj", "step": 8192}
Evaluation segment 1/1: start=0, windows=8, seqlen=2048
{"stage": "sequential-module-completed", "pid": 4080976, "time": 1789708094.9254355, "cuda_visible_devices": "2", "allocated_gib": 3.795783519744873, "reserved_gib": 5.791015625, "peak_allocated_gib": 7.100478649139404, "gpu_time_budget": null, "module": "model.layers.17.mlp.down_proj", "completed": 18, "total": 28, "selected_train_nll": 2.945028075955618, "elapsed_seconds": 1267.9105870720232}
{"stage": "sequential-round-fit", "pid": 4080976, "time": 1789708100.7399824, "cuda_visible_devices": "2", "allocated_gib": 3.795783519744873, "reserved_gib": 5.791015625, "peak_allocated_gib": 7.100478649139404, "gpu_time_budget": null, "module": "model.layers.18.mlp.down_proj", "fit_rows": 49152, "heldout_rows": 16384}
{"stage": "sequential-round-coordinate", "pid": 4080976, "time": 1789708101.6808827, "cuda_visible_devices": "2", "allocated_gib": 5.225533962249756, "reserved_gib": 8.041015625, "peak_allocated_gib": 7.100478649139404, "gpu_time_budget": null, "module": "model.layers.18.mlp.down_proj", "step": 128}
{"stage": "sequential-round-coordinate", "pid": 4080976, "time": 1789708102.3354454, "cuda_visible_devices": "2", "allocated_gib": 5.225533962249756, "reserved_gib": 8.041015625, "peak_allocated_gib": 7.100478649139404, "gpu_time_budget": null, "module": "model.layers.18.mlp.down_proj", "step": 256}
{"stage": "sequential-round-coordinate", "pid": 4080976, "time": 1789708102.9885137, "cuda_visible_devices": "2", "allocated_gib": 5.225533962249756, "reserved_gib": 8.041015625, "peak_allocated_gib": 7.100478649139404, "gpu_time_budget": null, "module": "model.layers.18.mlp.down_proj", "step": 384}
{"stage": "sequential-round-coordinate", "pid": 4080976, "time": 1789708103.6981623, "cuda_visible_devices": "2", "allocated_gib": 5.225533962249756, "reserved_gib": 8.041015625, "peak_allocated_gib": 7.100478649139404, "gpu_time_budget": null, "module": "model.layers.18.mlp.down_proj", "step": 512}
{"stage": "sequential-round-coordinate", "pid": 4080976, "time": 1789708104.3496351, "cuda_visible_devices": "2", "allocated_gib": 5.225533962249756, "reserved_gib": 8.041015625, "peak_allocated_gib": 7.100478649139404, "gpu_time_budget": null, "module": "model.layers.18.mlp.down_proj", "step": 640}
{"stage": "sequential-round-coordinate", "pid": 4080976, "time": 1789708105.0026107, "cuda_visible_devices": "2", "allocated_gib": 5.225533962249756, "reserved_gib": 8.041015625, "peak_allocated_gib": 7.100478649139404, "gpu_time_budget": null, "module": "model.layers.18.mlp.down_proj", "step": 768}
{"stage": "sequential-round-coordinate", "pid": 4080976, "time": 1789708105.656817, "cuda_visible_devices": "2", "allocated_gib": 5.225533962249756, "reserved_gib": 8.041015625, "peak_allocated_gib": 7.100478649139404, "gpu_time_budget": null, "module": "model.layers.18.mlp.down_proj", "step": 896}
{"stage": "sequential-round-coordinate", "pid": 4080976, "time": 1789708106.2973166, "cuda_visible_devices": "2", "allocated_gib": 5.225533962249756, "reserved_gib": 8.041015625, "peak_allocated_gib": 7.100478649139404, "gpu_time_budget": null, "module": "model.layers.18.mlp.down_proj", "step": 1024}
{"stage": "sequential-round-coordinate", "pid": 4080976, "time": 1789708107.2604992, "cuda_visible_devices": "2", "allocated_gib": 5.225533962249756, "reserved_gib": 8.041015625, "peak_allocated_gib": 7.100478649139404, "gpu_time_budget": null, "module": "model.layers.18.mlp.down_proj", "step": 1152}
{"stage": "sequential-round-coordinate", "pid": 4080976, "time": 1789708108.2179358, "cuda_visible_devices": "2", "allocated_gib": 5.225533962249756, "reserved_gib": 8.041015625, "peak_allocated_gib": 7.100478649139404, "gpu_time_budget": null, "module": "model.layers.18.mlp.down_proj", "step": 1280}
{"stage": "sequential-round-coordinate", "pid": 4080976, "time": 1789708109.172102, "cuda_visible_devices": "2", "allocated_gib": 5.225533962249756, "reserved_gib": 8.041015625, "peak_allocated_gib": 7.100478649139404, "gpu_time_budget": null, "module": "model.layers.18.mlp.down_proj", "step": 1408}
{"stage": "sequential-round-coordinate", "pid": 4080976, "time": 1789708110.1281674, "cuda_visible_devices": "2", "allocated_gib": 5.225533962249756, "reserved_gib": 8.041015625, "peak_allocated_gib": 7.100478649139404, "gpu_time_budget": null, "module": "model.layers.18.mlp.down_proj", "step": 1536}
{"stage": "sequential-round-coordinate", "pid": 4080976, "time": 1789708111.090365, "cuda_visible_devices": "2", "allocated_gib": 5.225533962249756, "reserved_gib": 8.041015625, "peak_allocated_gib": 7.100478649139404, "gpu_time_budget": null, "module": "model.layers.18.mlp.down_proj", "step": 1664}
{"stage": "sequential-round-coordinate", "pid": 4080976, "time": 1789708112.040828, "cuda_visible_devices": "2", "allocated_gib": 5.225533962249756, "reserved_gib": 8.041015625, "peak_allocated_gib": 7.100478649139404, "gpu_time_budget": null, "module": "model.layers.18.mlp.down_proj", "step": 1792}
{"stage": "sequential-round-coordinate", "pid": 4080976, "time": 1789708112.9871244, "cuda_visible_devices": "2", "allocated_gib": 5.225533962249756, "reserved_gib": 8.041015625, "peak_allocated_gib": 7.100478649139404, "gpu_time_budget": null, "module": "model.layers.18.mlp.down_proj", "step": 1920}
{"stage": "sequential-round-coordinate", "pid": 4080976, "time": 1789708114.0206206, "cuda_visible_devices": "2", "allocated_gib": 5.225533962249756, "reserved_gib": 8.041015625, "peak_allocated_gib": 7.100478649139404, "gpu_time_budget": null, "module": "model.layers.18.mlp.down_proj", "step": 2048}
{"stage": "sequential-round-coordinate", "pid": 4080976, "time": 1789708114.9715633, "cuda_visible_devices": "2", "allocated_gib": 5.225533962249756, "reserved_gib": 8.041015625, "peak_allocated_gib": 7.100478649139404, "gpu_time_budget": null, "module": "model.layers.18.mlp.down_proj", "step": 2176}
{"stage": "sequential-round-coordinate", "pid": 4080976, "time": 1789708115.9209502, "cuda_visible_devices": "2", "allocated_gib": 5.225533962249756, "reserved_gib": 8.041015625, "peak_allocated_gib": 7.100478649139404, "gpu_time_budget": null, "module": "model.layers.18.mlp.down_proj", "step": 2304}
{"stage": "sequential-round-coordinate", "pid": 4080976, "time": 1789708116.8709917, "cuda_visible_devices": "2", "allocated_gib": 5.225533962249756, "reserved_gib": 8.041015625, "peak_allocated_gib": 7.100478649139404, "gpu_time_budget": null, "module": "model.layers.18.mlp.down_proj", "step": 2432}
{"stage": "sequential-round-coordinate", "pid": 4080976, "time": 1789708117.8212776, "cuda_visible_devices": "2", "allocated_gib": 5.225533962249756, "reserved_gib": 8.041015625, "peak_allocated_gib": 7.100478649139404, "gpu_time_budget": null, "module": "model.layers.18.mlp.down_proj", "step": 2560}
{"stage": "sequential-round-coordinate", "pid": 4080976, "time": 1789708118.770483, "cuda_visible_devices": "2", "allocated_gib": 5.225533962249756, "reserved_gib": 8.041015625, "peak_allocated_gib": 7.100478649139404, "gpu_time_budget": null, "module": "model.layers.18.mlp.down_proj", "step": 2688}
{"stage": "sequential-round-coordinate", "pid": 4080976, "time": 1789708119.7183003, "cuda_visible_devices": "2", "allocated_gib": 5.225533962249756, "reserved_gib": 8.041015625, "peak_allocated_gib": 7.100478649139404, "gpu_time_budget": null, "module": "model.layers.18.mlp.down_proj", "step": 2816}
{"stage": "sequential-round-coordinate", "pid": 4080976, "time": 1789708120.6679828, "cuda_visible_devices": "2", "allocated_gib": 5.225533962249756, "reserved_gib": 8.041015625, "peak_allocated_gib": 7.100478649139404, "gpu_time_budget": null, "module": "model.layers.18.mlp.down_proj", "step": 2944}
{"stage": "sequential-round-coordinate", "pid": 4080976, "time": 1789708121.6184392, "cuda_visible_devices": "2", "allocated_gib": 5.225533962249756, "reserved_gib": 8.041015625, "peak_allocated_gib": 7.100478649139404, "gpu_time_budget": null, "module": "model.layers.18.mlp.down_proj", "step": 3072}
{"stage": "sequential-round-coordinate", "pid": 4080976, "time": 1789708122.5721686, "cuda_visible_devices": "2", "allocated_gib": 5.225533962249756, "reserved_gib": 8.041015625, "peak_allocated_gib": 7.100478649139404, "gpu_time_budget": null, "module": "model.layers.18.mlp.down_proj", "step": 3200}
{"stage": "sequential-round-coordinate", "pid": 4080976, "time": 1789708123.522627, "cuda_visible_devices": "2", "allocated_gib": 5.225533962249756, "reserved_gib": 8.041015625, "peak_allocated_gib": 7.100478649139404, "gpu_time_budget": null, "module": "model.layers.18.mlp.down_proj", "step": 3328}
{"stage": "sequential-round-coordinate", "pid": 4080976, "time": 1789708124.4753823, "cuda_visible_devices": "2", "allocated_gib": 5.225533962249756, "reserved_gib": 8.041015625, "peak_allocated_gib": 7.100478649139404, "gpu_time_budget": null, "module": "model.layers.18.mlp.down_proj", "step": 3456}
{"stage": "sequential-round-coordinate", "pid": 4080976, "time": 1789708125.4258943, "cuda_visible_devices": "2", "allocated_gib": 5.225533962249756, "reserved_gib": 8.041015625, "peak_allocated_gib": 7.100478649139404, "gpu_time_budget": null, "module": "model.layers.18.mlp.down_proj", "step": 3584}
{"stage": "sequential-round-coordinate", "pid": 4080976, "time": 1789708126.3770292, "cuda_visible_devices": "2", "allocated_gib": 5.225533962249756, "reserved_gib": 8.041015625, "peak_allocated_gib": 7.100478649139404, "gpu_time_budget": null, "module": "model.layers.18.mlp.down_proj", "step": 3712}
{"stage": "sequential-round-coordinate", "pid": 4080976, "time": 1789708127.3293436, "cuda_visible_devices": "2", "allocated_gib": 5.225533962249756, "reserved_gib": 8.041015625, "peak_allocated_gib": 7.100478649139404, "gpu_time_budget": null, "module": "model.layers.18.mlp.down_proj", "step": 3840}
{"stage": "sequential-round-coordinate", "pid": 4080976, "time": 1789708128.2761993, "cuda_visible_devices": "2", "allocated_gib": 5.225533962249756, "reserved_gib": 8.041015625, "peak_allocated_gib": 7.100478649139404, "gpu_time_budget": null, "module": "model.layers.18.mlp.down_proj", "step": 3968}
{"stage": "sequential-round-coordinate", "pid": 4080976, "time": 1789708129.226019, "cuda_visible_devices": "2", "allocated_gib": 5.225533962249756, "reserved_gib": 8.041015625, "peak_allocated_gib": 7.100478649139404, "gpu_time_budget": null, "module": "model.layers.18.mlp.down_proj", "step": 4096}
{"stage": "sequential-round-coordinate", "pid": 4080976, "time": 1789708130.1725523, "cuda_visible_devices": "2", "allocated_gib": 5.225533962249756, "reserved_gib": 8.041015625, "peak_allocated_gib": 7.100478649139404, "gpu_time_budget": null, "module": "model.layers.18.mlp.down_proj", "step": 4224}
{"stage": "sequential-round-coordinate", "pid": 4080976, "time": 1789708131.1234152, "cuda_visible_devices": "2", "allocated_gib": 5.225533962249756, "reserved_gib": 8.041015625, "peak_allocated_gib": 7.100478649139404, "gpu_time_budget": null, "module": "model.layers.18.mlp.down_proj", "step": 4352}
{"stage": "sequential-round-coordinate", "pid": 4080976, "time": 1789708132.0766613, "cuda_visible_devices": "2", "allocated_gib": 5.225533962249756, "reserved_gib": 8.041015625, "peak_allocated_gib": 7.100478649139404, "gpu_time_budget": null, "module": "model.layers.18.mlp.down_proj", "step": 4480}
{"stage": "sequential-round-coordinate", "pid": 4080976, "time": 1789708133.0279627, "cuda_visible_devices": "2", "allocated_gib": 5.225533962249756, "reserved_gib": 8.041015625, "peak_allocated_gib": 7.100478649139404, "gpu_time_budget": null, "module": "model.layers.18.mlp.down_proj", "step": 4608}
{"stage": "sequential-round-coordinate", "pid": 4080976, "time": 1789708133.9824905, "cuda_visible_devices": "2", "allocated_gib": 5.225533962249756, "reserved_gib": 8.041015625, "peak_allocated_gib": 7.100478649139404, "gpu_time_budget": null, "module": "model.layers.18.mlp.down_proj", "step": 4736}
{"stage": "sequential-round-coordinate", "pid": 4080976, "time": 1789708134.9337773, "cuda_visible_devices": "2", "allocated_gib": 5.225533962249756, "reserved_gib": 8.041015625, "peak_allocated_gib": 7.100478649139404, "gpu_time_budget": null, "module": "model.layers.18.mlp.down_proj", "step": 4864}
{"stage": "sequential-round-coordinate", "pid": 4080976, "time": 1789708135.8846314, "cuda_visible_devices": "2", "allocated_gib": 5.225533962249756, "reserved_gib": 8.041015625, "peak_allocated_gib": 7.100478649139404, "gpu_time_budget": null, "module": "model.layers.18.mlp.down_proj", "step": 4992}
{"stage": "sequential-round-coordinate", "pid": 4080976, "time": 1789708136.8414304, "cuda_visible_devices": "2", "allocated_gib": 5.225533962249756, "reserved_gib": 8.041015625, "peak_allocated_gib": 7.100478649139404, "gpu_time_budget": null, "module": "model.layers.18.mlp.down_proj", "step": 5120}
{"stage": "sequential-round-coordinate", "pid": 4080976, "time": 1789708137.7943022, "cuda_visible_devices": "2", "allocated_gib": 5.225533962249756, "reserved_gib": 8.041015625, "peak_allocated_gib": 7.100478649139404, "gpu_time_budget": null, "module": "model.layers.18.mlp.down_proj", "step": 5248}
{"stage": "sequential-round-coordinate", "pid": 4080976, "time": 1789708138.750313, "cuda_visible_devices": "2", "allocated_gib": 5.225533962249756, "reserved_gib": 8.041015625, "peak_allocated_gib": 7.100478649139404, "gpu_time_budget": null, "module": "model.layers.18.mlp.down_proj", "step": 5376}
{"stage": "sequential-round-coordinate", "pid": 4080976, "time": 1789708139.7107813, "cuda_visible_devices": "2", "allocated_gib": 5.225533962249756, "reserved_gib": 8.041015625, "peak_allocated_gib": 7.100478649139404, "gpu_time_budget": null, "module": "model.layers.18.mlp.down_proj", "step": 5504}
{"stage": "sequential-round-coordinate", "pid": 4080976, "time": 1789708140.6729863, "cuda_visible_devices": "2", "allocated_gib": 5.225533962249756, "reserved_gib": 8.041015625, "peak_allocated_gib": 7.100478649139404, "gpu_time_budget": null, "module": "model.layers.18.mlp.down_proj", "step": 5632}
{"stage": "sequential-round-coordinate", "pid": 4080976, "time": 1789708141.63424, "cuda_visible_devices": "2", "allocated_gib": 5.225533962249756, "reserved_gib": 8.041015625, "peak_allocated_gib": 7.100478649139404, "gpu_time_budget": null, "module": "model.layers.18.mlp.down_proj", "step": 5760}
{"stage": "sequential-round-coordinate", "pid": 4080976, "time": 1789708142.5975657, "cuda_visible_devices": "2", "allocated_gib": 5.225533962249756, "reserved_gib": 8.041015625, "peak_allocated_gib": 7.100478649139404, "gpu_time_budget": null, "module": "model.layers.18.mlp.down_proj", "step": 5888}
{"stage": "sequential-round-coordinate", "pid": 4080976, "time": 1789708143.5578096, "cuda_visible_devices": "2", "allocated_gib": 5.225533962249756, "reserved_gib": 8.041015625, "peak_allocated_gib": 7.100478649139404, "gpu_time_budget": null, "module": "model.layers.18.mlp.down_proj", "step": 6016}
{"stage": "sequential-round-coordinate", "pid": 4080976, "time": 1789708144.5197968, "cuda_visible_devices": "2", "allocated_gib": 5.225533962249756, "reserved_gib": 8.041015625, "peak_allocated_gib": 7.100478649139404, "gpu_time_budget": null, "module": "model.layers.18.mlp.down_proj", "step": 6144}
{"stage": "sequential-round-coordinate", "pid": 4080976, "time": 1789708145.4780407, "cuda_visible_devices": "2", "allocated_gib": 5.225533962249756, "reserved_gib": 8.041015625, "peak_allocated_gib": 7.100478649139404, "gpu_time_budget": null, "module": "model.layers.18.mlp.down_proj", "step": 6272}
{"stage": "sequential-round-coordinate", "pid": 4080976, "time": 1789708146.4365287, "cuda_visible_devices": "2", "allocated_gib": 5.225533962249756, "reserved_gib": 8.041015625, "peak_allocated_gib": 7.100478649139404, "gpu_time_budget": null, "module": "model.layers.18.mlp.down_proj", "step": 6400}
{"stage": "sequential-round-coordinate", "pid": 4080976, "time": 1789708147.393793, "cuda_visible_devices": "2", "allocated_gib": 5.225533962249756, "reserved_gib": 8.041015625, "peak_allocated_gib": 7.100478649139404, "gpu_time_budget": null, "module": "model.layers.18.mlp.down_proj", "step": 6528}
{"stage": "sequential-round-coordinate", "pid": 4080976, "time": 1789708148.3538816, "cuda_visible_devices": "2", "allocated_gib": 5.225533962249756, "reserved_gib": 8.041015625, "peak_allocated_gib": 7.100478649139404, "gpu_time_budget": null, "module": "model.layers.18.mlp.down_proj", "step": 6656}
{"stage": "sequential-round-coordinate", "pid": 4080976, "time": 1789708149.3147402, "cuda_visible_devices": "2", "allocated_gib": 5.225533962249756, "reserved_gib": 8.041015625, "peak_allocated_gib": 7.100478649139404, "gpu_time_budget": null, "module": "model.layers.18.mlp.down_proj", "step": 6784}
{"stage": "sequential-round-coordinate", "pid": 4080976, "time": 1789708150.271346, "cuda_visible_devices": "2", "allocated_gib": 5.225533962249756, "reserved_gib": 8.041015625, "peak_allocated_gib": 7.100478649139404, "gpu_time_budget": null, "module": "model.layers.18.mlp.down_proj", "step": 6912}
{"stage": "sequential-round-coordinate", "pid": 4080976, "time": 1789708151.228672, "cuda_visible_devices": "2", "allocated_gib": 5.225533962249756, "reserved_gib": 8.041015625, "peak_allocated_gib": 7.100478649139404, "gpu_time_budget": null, "module": "model.layers.18.mlp.down_proj", "step": 7040}
{"stage": "sequential-round-coordinate", "pid": 4080976, "time": 1789708152.1862524, "cuda_visible_devices": "2", "allocated_gib": 5.225533962249756, "reserved_gib": 8.041015625, "peak_allocated_gib": 7.100478649139404, "gpu_time_budget": null, "module": "model.layers.18.mlp.down_proj", "step": 7168}
{"stage": "sequential-round-coordinate", "pid": 4080976, "time": 1789708153.138906, "cuda_visible_devices": "2", "allocated_gib": 5.225533962249756, "reserved_gib": 8.041015625, "peak_allocated_gib": 7.100478649139404, "gpu_time_budget": null, "module": "model.layers.18.mlp.down_proj", "step": 7296}
{"stage": "sequential-round-coordinate", "pid": 4080976, "time": 1789708154.0942454, "cuda_visible_devices": "2", "allocated_gib": 5.225533962249756, "reserved_gib": 8.041015625, "peak_allocated_gib": 7.100478649139404, "gpu_time_budget": null, "module": "model.layers.18.mlp.down_proj", "step": 7424}
{"stage": "sequential-round-coordinate", "pid": 4080976, "time": 1789708155.0508437, "cuda_visible_devices": "2", "allocated_gib": 5.225533962249756, "reserved_gib": 8.041015625, "peak_allocated_gib": 7.100478649139404, "gpu_time_budget": null, "module": "model.layers.18.mlp.down_proj", "step": 7552}
{"stage": "sequential-round-coordinate", "pid": 4080976, "time": 1789708156.0012941, "cuda_visible_devices": "2", "allocated_gib": 5.225533962249756, "reserved_gib": 8.041015625, "peak_allocated_gib": 7.100478649139404, "gpu_time_budget": null, "module": "model.layers.18.mlp.down_proj", "step": 7680}
{"stage": "sequential-round-coordinate", "pid": 4080976, "time": 1789708156.9636703, "cuda_visible_devices": "2", "allocated_gib": 5.225533962249756, "reserved_gib": 8.041015625, "peak_allocated_gib": 7.100478649139404, "gpu_time_budget": null, "module": "model.layers.18.mlp.down_proj", "step": 7808}
{"stage": "sequential-round-coordinate", "pid": 4080976, "time": 1789708157.9285088, "cuda_visible_devices": "2", "allocated_gib": 5.225533962249756, "reserved_gib": 8.041015625, "peak_allocated_gib": 7.100478649139404, "gpu_time_budget": null, "module": "model.layers.18.mlp.down_proj", "step": 7936}
{"stage": "sequential-round-coordinate", "pid": 4080976, "time": 1789708158.8838181, "cuda_visible_devices": "2", "allocated_gib": 5.225533962249756, "reserved_gib": 8.041015625, "peak_allocated_gib": 7.100478649139404, "gpu_time_budget": null, "module": "model.layers.18.mlp.down_proj", "step": 8064}
{"stage": "sequential-round-coordinate", "pid": 4080976, "time": 1789708159.9200175, "cuda_visible_devices": "2", "allocated_gib": 5.225533962249756, "reserved_gib": 8.041015625, "peak_allocated_gib": 7.100478649139404, "gpu_time_budget": null, "module": "model.layers.18.mlp.down_proj", "step": 8192}
{"stage": "sequential-round-train-nll", "pid": 4080976, "time": 1789708159.965651, "cuda_visible_devices": "2", "allocated_gib": 3.795783519744873, "reserved_gib": 3.80078125, "peak_allocated_gib": 7.100478649139404, "gpu_time_budget": null, "module": "model.layers.18.mlp.down_proj", "step": 512}
Evaluation segment 1/1: start=0, windows=8, seqlen=2048
{"stage": "sequential-round-train-nll", "pid": 4080976, "time": 1789708165.8049746, "cuda_visible_devices": "2", "allocated_gib": 3.795783519744873, "reserved_gib": 5.791015625, "peak_allocated_gib": 7.100478649139404, "gpu_time_budget": null, "module": "model.layers.18.mlp.down_proj", "step": 2048}
Evaluation segment 1/1: start=0, windows=8, seqlen=2048
{"stage": "sequential-round-train-nll", "pid": 4080976, "time": 1789708169.901558, "cuda_visible_devices": "2", "allocated_gib": 3.795783519744873, "reserved_gib": 5.791015625, "peak_allocated_gib": 7.100478649139404, "gpu_time_budget": null, "module": "model.layers.18.mlp.down_proj", "step": 8192}
Evaluation segment 1/1: start=0, windows=8, seqlen=2048
{"stage": "sequential-module-completed", "pid": 4080976, "time": 1789708174.2223413, "cuda_visible_devices": "2", "allocated_gib": 3.795783519744873, "reserved_gib": 5.791015625, "peak_allocated_gib": 7.100478649139404, "gpu_time_budget": null, "module": "model.layers.18.mlp.down_proj", "completed": 19, "total": 28, "selected_train_nll": 2.945028075955618, "elapsed_seconds": 1347.207494116039}
{"stage": "sequential-round-fit", "pid": 4080976, "time": 1789708180.0444133, "cuda_visible_devices": "2", "allocated_gib": 3.795783519744873, "reserved_gib": 5.791015625, "peak_allocated_gib": 7.100478649139404, "gpu_time_budget": null, "module": "model.layers.19.mlp.down_proj", "fit_rows": 49152, "heldout_rows": 16384}
{"stage": "sequential-round-coordinate", "pid": 4080976, "time": 1789708180.9697177, "cuda_visible_devices": "2", "allocated_gib": 5.225533962249756, "reserved_gib": 8.041015625, "peak_allocated_gib": 7.100478649139404, "gpu_time_budget": null, "module": "model.layers.19.mlp.down_proj", "step": 128}
{"stage": "sequential-round-coordinate", "pid": 4080976, "time": 1789708181.6205552, "cuda_visible_devices": "2", "allocated_gib": 5.225533962249756, "reserved_gib": 8.041015625, "peak_allocated_gib": 7.100478649139404, "gpu_time_budget": null, "module": "model.layers.19.mlp.down_proj", "step": 256}
{"stage": "sequential-round-coordinate", "pid": 4080976, "time": 1789708182.2756598, "cuda_visible_devices": "2", "allocated_gib": 5.225533962249756, "reserved_gib": 8.041015625, "peak_allocated_gib": 7.100478649139404, "gpu_time_budget": null, "module": "model.layers.19.mlp.down_proj", "step": 384}
{"stage": "sequential-round-coordinate", "pid": 4080976, "time": 1789708182.9869998, "cuda_visible_devices": "2", "allocated_gib": 5.225533962249756, "reserved_gib": 8.041015625, "peak_allocated_gib": 7.100478649139404, "gpu_time_budget": null, "module": "model.layers.19.mlp.down_proj", "step": 512}
{"stage": "sequential-round-coordinate", "pid": 4080976, "time": 1789708183.6401868, "cuda_visible_devices": "2", "allocated_gib": 5.225533962249756, "reserved_gib": 8.041015625, "peak_allocated_gib": 7.100478649139404, "gpu_time_budget": null, "module": "model.layers.19.mlp.down_proj", "step": 640}
{"stage": "sequential-round-coordinate", "pid": 4080976, "time": 1789708184.269769, "cuda_visible_devices": "2", "allocated_gib": 5.225533962249756, "reserved_gib": 8.041015625, "peak_allocated_gib": 7.100478649139404, "gpu_time_budget": null, "module": "model.layers.19.mlp.down_proj", "step": 768}
{"stage": "sequential-round-coordinate", "pid": 4080976, "time": 1789708185.1769044, "cuda_visible_devices": "2", "allocated_gib": 5.225533962249756, "reserved_gib": 8.041015625, "peak_allocated_gib": 7.100478649139404, "gpu_time_budget": null, "module": "model.layers.19.mlp.down_proj", "step": 896}
{"stage": "sequential-round-coordinate", "pid": 4080976, "time": 1789708186.1278906, "cuda_visible_devices": "2", "allocated_gib": 5.225533962249756, "reserved_gib": 8.041015625, "peak_allocated_gib": 7.100478649139404, "gpu_time_budget": null, "module": "model.layers.19.mlp.down_proj", "step": 1024}
{"stage": "sequential-round-coordinate", "pid": 4080976, "time": 1789708187.0763683, "cuda_visible_devices": "2", "allocated_gib": 5.225533962249756, "reserved_gib": 8.041015625, "peak_allocated_gib": 7.100478649139404, "gpu_time_budget": null, "module": "model.layers.19.mlp.down_proj", "step": 1152}
{"stage": "sequential-round-coordinate", "pid": 4080976, "time": 1789708188.0271525, "cuda_visible_devices": "2", "allocated_gib": 5.225533962249756, "reserved_gib": 8.041015625, "peak_allocated_gib": 7.100478649139404, "gpu_time_budget": null, "module": "model.layers.19.mlp.down_proj", "step": 1280}
{"stage": "sequential-round-coordinate", "pid": 4080976, "time": 1789708188.9812946, "cuda_visible_devices": "2", "allocated_gib": 5.225533962249756, "reserved_gib": 8.041015625, "peak_allocated_gib": 7.100478649139404, "gpu_time_budget": null, "module": "model.layers.19.mlp.down_proj", "step": 1408}
{"stage": "sequential-round-coordinate", "pid": 4080976, "time": 1789708189.932258, "cuda_visible_devices": "2", "allocated_gib": 5.225533962249756, "reserved_gib": 8.041015625, "peak_allocated_gib": 7.100478649139404, "gpu_time_budget": null, "module": "model.layers.19.mlp.down_proj", "step": 1536}
{"stage": "sequential-round-coordinate", "pid": 4080976, "time": 1789708190.880616, "cuda_visible_devices": "2", "allocated_gib": 5.225533962249756, "reserved_gib": 8.041015625, "peak_allocated_gib": 7.100478649139404, "gpu_time_budget": null, "module": "model.layers.19.mlp.down_proj", "step": 1664}
{"stage": "sequential-round-coordinate", "pid": 4080976, "time": 1789708191.8317387, "cuda_visible_devices": "2", "allocated_gib": 5.225533962249756, "reserved_gib": 8.041015625, "peak_allocated_gib": 7.100478649139404, "gpu_time_budget": null, "module": "model.layers.19.mlp.down_proj", "step": 1792}
{"stage": "sequential-round-coordinate", "pid": 4080976, "time": 1789708192.7841077, "cuda_visible_devices": "2", "allocated_gib": 5.225533962249756, "reserved_gib": 8.041015625, "peak_allocated_gib": 7.100478649139404, "gpu_time_budget": null, "module": "model.layers.19.mlp.down_proj", "step": 1920}
{"stage": "sequential-round-coordinate", "pid": 4080976, "time": 1789708193.8190897, "cuda_visible_devices": "2", "allocated_gib": 5.225533962249756, "reserved_gib": 8.041015625, "peak_allocated_gib": 7.100478649139404, "gpu_time_budget": null, "module": "model.layers.19.mlp.down_proj", "step": 2048}
{"stage": "sequential-round-coordinate", "pid": 4080976, "time": 1789708194.7697225, "cuda_visible_devices": "2", "allocated_gib": 5.225533962249756, "reserved_gib": 8.041015625, "peak_allocated_gib": 7.100478649139404, "gpu_time_budget": null, "module": "model.layers.19.mlp.down_proj", "step": 2176}
{"stage": "sequential-round-coordinate", "pid": 4080976, "time": 1789708195.7248132, "cuda_visible_devices": "2", "allocated_gib": 5.225533962249756, "reserved_gib": 8.041015625, "peak_allocated_gib": 7.100478649139404, "gpu_time_budget": null, "module": "model.layers.19.mlp.down_proj", "step": 2304}
{"stage": "sequential-round-coordinate", "pid": 4080976, "time": 1789708196.6757495, "cuda_visible_devices": "2", "allocated_gib": 5.225533962249756, "reserved_gib": 8.041015625, "peak_allocated_gib": 7.100478649139404, "gpu_time_budget": null, "module": "model.layers.19.mlp.down_proj", "step": 2432}
{"stage": "sequential-round-coordinate", "pid": 4080976, "time": 1789708197.626463, "cuda_visible_devices": "2", "allocated_gib": 5.225533962249756, "reserved_gib": 8.041015625, "peak_allocated_gib": 7.100478649139404, "gpu_time_budget": null, "module": "model.layers.19.mlp.down_proj", "step": 2560}
{"stage": "sequential-round-coordinate", "pid": 4080976, "time": 1789708198.5790193, "cuda_visible_devices": "2", "allocated_gib": 5.225533962249756, "reserved_gib": 8.041015625, "peak_allocated_gib": 7.100478649139404, "gpu_time_budget": null, "module": "model.layers.19.mlp.down_proj", "step": 2688}
{"stage": "sequential-round-coordinate", "pid": 4080976, "time": 1789708199.5283182, "cuda_visible_devices": "2", "allocated_gib": 5.225533962249756, "reserved_gib": 8.041015625, "peak_allocated_gib": 7.100478649139404, "gpu_time_budget": null, "module": "model.layers.19.mlp.down_proj", "step": 2816}
{"stage": "sequential-round-coordinate", "pid": 4080976, "time": 1789708200.48222, "cuda_visible_devices": "2", "allocated_gib": 5.225533962249756, "reserved_gib": 8.041015625, "peak_allocated_gib": 7.100478649139404, "gpu_time_budget": null, "module": "model.layers.19.mlp.down_proj", "step": 2944}
{"stage": "sequential-round-coordinate", "pid": 4080976, "time": 1789708201.4341547, "cuda_visible_devices": "2", "allocated_gib": 5.225533962249756, "reserved_gib": 8.041015625, "peak_allocated_gib": 7.100478649139404, "gpu_time_budget": null, "module": "model.layers.19.mlp.down_proj", "step": 3072}
{"stage": "sequential-round-coordinate", "pid": 4080976, "time": 1789708202.3867085, "cuda_visible_devices": "2", "allocated_gib": 5.225533962249756, "reserved_gib": 8.041015625, "peak_allocated_gib": 7.100478649139404, "gpu_time_budget": null, "module": "model.layers.19.mlp.down_proj", "step": 3200}
{"stage": "sequential-round-coordinate", "pid": 4080976, "time": 1789708203.3352485, "cuda_visible_devices": "2", "allocated_gib": 5.225533962249756, "reserved_gib": 8.041015625, "peak_allocated_gib": 7.100478649139404, "gpu_time_budget": null, "module": "model.layers.19.mlp.down_proj", "step": 3328}
{"stage": "sequential-round-coordinate", "pid": 4080976, "time": 1789708204.2869096, "cuda_visible_devices": "2", "allocated_gib": 5.225533962249756, "reserved_gib": 8.041015625, "peak_allocated_gib": 7.100478649139404, "gpu_time_budget": null, "module": "model.layers.19.mlp.down_proj", "step": 3456}
{"stage": "sequential-round-coordinate", "pid": 4080976, "time": 1789708205.2387106, "cuda_visible_devices": "2", "allocated_gib": 5.225533962249756, "reserved_gib": 8.041015625, "peak_allocated_gib": 7.100478649139404, "gpu_time_budget": null, "module": "model.layers.19.mlp.down_proj", "step": 3584}
{"stage": "sequential-round-coordinate", "pid": 4080976, "time": 1789708206.1904292, "cuda_visible_devices": "2", "allocated_gib": 5.225533962249756, "reserved_gib": 8.041015625, "peak_allocated_gib": 7.100478649139404, "gpu_time_budget": null, "module": "model.layers.19.mlp.down_proj", "step": 3712}
{"stage": "sequential-round-coordinate", "pid": 4080976, "time": 1789708207.1463027, "cuda_visible_devices": "2", "allocated_gib": 5.225533962249756, "reserved_gib": 8.041015625, "peak_allocated_gib": 7.100478649139404, "gpu_time_budget": null, "module": "model.layers.19.mlp.down_proj", "step": 3840}
{"stage": "sequential-round-coordinate", "pid": 4080976, "time": 1789708208.0955222, "cuda_visible_devices": "2", "allocated_gib": 5.225533962249756, "reserved_gib": 8.041015625, "peak_allocated_gib": 7.100478649139404, "gpu_time_budget": null, "module": "model.layers.19.mlp.down_proj", "step": 3968}
{"stage": "sequential-round-coordinate", "pid": 4080976, "time": 1789708209.047116, "cuda_visible_devices": "2", "allocated_gib": 5.225533962249756, "reserved_gib": 8.041015625, "peak_allocated_gib": 7.100478649139404, "gpu_time_budget": null, "module": "model.layers.19.mlp.down_proj", "step": 4096}
{"stage": "sequential-round-coordinate", "pid": 4080976, "time": 1789708209.9990067, "cuda_visible_devices": "2", "allocated_gib": 5.225533962249756, "reserved_gib": 8.041015625, "peak_allocated_gib": 7.100478649139404, "gpu_time_budget": null, "module": "model.layers.19.mlp.down_proj", "step": 4224}
{"stage": "sequential-round-coordinate", "pid": 4080976, "time": 1789708210.9518585, "cuda_visible_devices": "2", "allocated_gib": 5.225533962249756, "reserved_gib": 8.041015625, "peak_allocated_gib": 7.100478649139404, "gpu_time_budget": null, "module": "model.layers.19.mlp.down_proj", "step": 4352}
{"stage": "sequential-round-coordinate", "pid": 4080976, "time": 1789708211.9030013, "cuda_visible_devices": "2", "allocated_gib": 5.225533962249756, "reserved_gib": 8.041015625, "peak_allocated_gib": 7.100478649139404, "gpu_time_budget": null, "module": "model.layers.19.mlp.down_proj", "step": 4480}
{"stage": "sequential-round-coordinate", "pid": 4080976, "time": 1789708212.8621209, "cuda_visible_devices": "2", "allocated_gib": 5.225533962249756, "reserved_gib": 8.041015625, "peak_allocated_gib": 7.100478649139404, "gpu_time_budget": null, "module": "model.layers.19.mlp.down_proj", "step": 4608}
{"stage": "sequential-round-coordinate", "pid": 4080976, "time": 1789708213.82379, "cuda_visible_devices": "2", "allocated_gib": 5.225533962249756, "reserved_gib": 8.041015625, "peak_allocated_gib": 7.100478649139404, "gpu_time_budget": null, "module": "model.layers.19.mlp.down_proj", "step": 4736}
{"stage": "sequential-round-coordinate", "pid": 4080976, "time": 1789708214.7860537, "cuda_visible_devices": "2", "allocated_gib": 5.225533962249756, "reserved_gib": 8.041015625, "peak_allocated_gib": 7.100478649139404, "gpu_time_budget": null, "module": "model.layers.19.mlp.down_proj", "step": 4864}
{"stage": "sequential-round-coordinate", "pid": 4080976, "time": 1789708215.7473264, "cuda_visible_devices": "2", "allocated_gib": 5.225533962249756, "reserved_gib": 8.041015625, "peak_allocated_gib": 7.100478649139404, "gpu_time_budget": null, "module": "model.layers.19.mlp.down_proj", "step": 4992}
{"stage": "sequential-round-coordinate", "pid": 4080976, "time": 1789708216.7100184, "cuda_visible_devices": "2", "allocated_gib": 5.225533962249756, "reserved_gib": 8.041015625, "peak_allocated_gib": 7.100478649139404, "gpu_time_budget": null, "module": "model.layers.19.mlp.down_proj", "step": 5120}
{"stage": "sequential-round-coordinate", "pid": 4080976, "time": 1789708217.6687233, "cuda_visible_devices": "2", "allocated_gib": 5.225533962249756, "reserved_gib": 8.041015625, "peak_allocated_gib": 7.100478649139404, "gpu_time_budget": null, "module": "model.layers.19.mlp.down_proj", "step": 5248}
{"stage": "sequential-round-coordinate", "pid": 4080976, "time": 1789708218.631438, "cuda_visible_devices": "2", "allocated_gib": 5.225533962249756, "reserved_gib": 8.041015625, "peak_allocated_gib": 7.100478649139404, "gpu_time_budget": null, "module": "model.layers.19.mlp.down_proj", "step": 5376}
{"stage": "sequential-round-coordinate", "pid": 4080976, "time": 1789708219.5855043, "cuda_visible_devices": "2", "allocated_gib": 5.225533962249756, "reserved_gib": 8.041015625, "peak_allocated_gib": 7.100478649139404, "gpu_time_budget": null, "module": "model.layers.19.mlp.down_proj", "step": 5504}
{"stage": "sequential-round-coordinate", "pid": 4080976, "time": 1789708220.5372698, "cuda_visible_devices": "2", "allocated_gib": 5.225533962249756, "reserved_gib": 8.041015625, "peak_allocated_gib": 7.100478649139404, "gpu_time_budget": null, "module": "model.layers.19.mlp.down_proj", "step": 5632}
{"stage": "sequential-round-coordinate", "pid": 4080976, "time": 1789708221.4931667, "cuda_visible_devices": "2", "allocated_gib": 5.225533962249756, "reserved_gib": 8.041015625, "peak_allocated_gib": 7.100478649139404, "gpu_time_budget": null, "module": "model.layers.19.mlp.down_proj", "step": 5760}
{"stage": "sequential-round-coordinate", "pid": 4080976, "time": 1789708222.4543831, "cuda_visible_devices": "2", "allocated_gib": 5.225533962249756, "reserved_gib": 8.041015625, "peak_allocated_gib": 7.100478649139404, "gpu_time_budget": null, "module": "model.layers.19.mlp.down_proj", "step": 5888}
{"stage": "sequential-round-coordinate", "pid": 4080976, "time": 1789708223.4142344, "cuda_visible_devices": "2", "allocated_gib": 5.225533962249756, "reserved_gib": 8.041015625, "peak_allocated_gib": 7.100478649139404, "gpu_time_budget": null, "module": "model.layers.19.mlp.down_proj", "step": 6016}
{"stage": "sequential-round-coordinate", "pid": 4080976, "time": 1789708224.371772, "cuda_visible_devices": "2", "allocated_gib": 5.225533962249756, "reserved_gib": 8.041015625, "peak_allocated_gib": 7.100478649139404, "gpu_time_budget": null, "module": "model.layers.19.mlp.down_proj", "step": 6144}
{"stage": "sequential-round-coordinate", "pid": 4080976, "time": 1789708225.3288016, "cuda_visible_devices": "2", "allocated_gib": 5.225533962249756, "reserved_gib": 8.041015625, "peak_allocated_gib": 7.100478649139404, "gpu_time_budget": null, "module": "model.layers.19.mlp.down_proj", "step": 6272}
{"stage": "sequential-round-coordinate", "pid": 4080976, "time": 1789708226.2872405, "cuda_visible_devices": "2", "allocated_gib": 5.225533962249756, "reserved_gib": 8.041015625, "peak_allocated_gib": 7.100478649139404, "gpu_time_budget": null, "module": "model.layers.19.mlp.down_proj", "step": 6400}
{"stage": "sequential-round-coordinate", "pid": 4080976, "time": 1789708227.246549, "cuda_visible_devices": "2", "allocated_gib": 5.225533962249756, "reserved_gib": 8.041015625, "peak_allocated_gib": 7.100478649139404, "gpu_time_budget": null, "module": "model.layers.19.mlp.down_proj", "step": 6528}
{"stage": "sequential-round-coordinate", "pid": 4080976, "time": 1789708228.2065525, "cuda_visible_devices": "2", "allocated_gib": 5.225533962249756, "reserved_gib": 8.041015625, "peak_allocated_gib": 7.100478649139404, "gpu_time_budget": null, "module": "model.layers.19.mlp.down_proj", "step": 6656}
{"stage": "sequential-round-coordinate", "pid": 4080976, "time": 1789708229.1705527, "cuda_visible_devices": "2", "allocated_gib": 5.225533962249756, "reserved_gib": 8.041015625, "peak_allocated_gib": 7.100478649139404, "gpu_time_budget": null, "module": "model.layers.19.mlp.down_proj", "step": 6784}
{"stage": "sequential-round-coordinate", "pid": 4080976, "time": 1789708230.1240034, "cuda_visible_devices": "2", "allocated_gib": 5.225533962249756, "reserved_gib": 8.041015625, "peak_allocated_gib": 7.100478649139404, "gpu_time_budget": null, "module": "model.layers.19.mlp.down_proj", "step": 6912}
{"stage": "sequential-round-coordinate", "pid": 4080976, "time": 1789708231.0742762, "cuda_visible_devices": "2", "allocated_gib": 5.225533962249756, "reserved_gib": 8.041015625, "peak_allocated_gib": 7.100478649139404, "gpu_time_budget": null, "module": "model.layers.19.mlp.down_proj", "step": 7040}
{"stage": "sequential-round-coordinate", "pid": 4080976, "time": 1789708232.02205, "cuda_visible_devices": "2", "allocated_gib": 5.225533962249756, "reserved_gib": 8.041015625, "peak_allocated_gib": 7.100478649139404, "gpu_time_budget": null, "module": "model.layers.19.mlp.down_proj", "step": 7168}
{"stage": "sequential-round-coordinate", "pid": 4080976, "time": 1789708232.97648, "cuda_visible_devices": "2", "allocated_gib": 5.225533962249756, "reserved_gib": 8.041015625, "peak_allocated_gib": 7.100478649139404, "gpu_time_budget": null, "module": "model.layers.19.mlp.down_proj", "step": 7296}
{"stage": "sequential-round-coordinate", "pid": 4080976, "time": 1789708233.9379795, "cuda_visible_devices": "2", "allocated_gib": 5.225533962249756, "reserved_gib": 8.041015625, "peak_allocated_gib": 7.100478649139404, "gpu_time_budget": null, "module": "model.layers.19.mlp.down_proj", "step": 7424}
{"stage": "sequential-round-coordinate", "pid": 4080976, "time": 1789708234.9004152, "cuda_visible_devices": "2", "allocated_gib": 5.225533962249756, "reserved_gib": 8.041015625, "peak_allocated_gib": 7.100478649139404, "gpu_time_budget": null, "module": "model.layers.19.mlp.down_proj", "step": 7552}
{"stage": "sequential-round-coordinate", "pid": 4080976, "time": 1789708235.8608937, "cuda_visible_devices": "2", "allocated_gib": 5.225533962249756, "reserved_gib": 8.041015625, "peak_allocated_gib": 7.100478649139404, "gpu_time_budget": null, "module": "model.layers.19.mlp.down_proj", "step": 7680}
{"stage": "sequential-round-coordinate", "pid": 4080976, "time": 1789708236.8204033, "cuda_visible_devices": "2", "allocated_gib": 5.225533962249756, "reserved_gib": 8.041015625, "peak_allocated_gib": 7.100478649139404, "gpu_time_budget": null, "module": "model.layers.19.mlp.down_proj", "step": 7808}
{"stage": "sequential-round-coordinate", "pid": 4080976, "time": 1789708237.7830803, "cuda_visible_devices": "2", "allocated_gib": 5.225533962249756, "reserved_gib": 8.041015625, "peak_allocated_gib": 7.100478649139404, "gpu_time_budget": null, "module": "model.layers.19.mlp.down_proj", "step": 7936}
{"stage": "sequential-round-coordinate", "pid": 4080976, "time": 1789708238.742475, "cuda_visible_devices": "2", "allocated_gib": 5.225533962249756, "reserved_gib": 8.041015625, "peak_allocated_gib": 7.100478649139404, "gpu_time_budget": null, "module": "model.layers.19.mlp.down_proj", "step": 8064}
{"stage": "sequential-round-coordinate", "pid": 4080976, "time": 1789708239.7846065, "cuda_visible_devices": "2", "allocated_gib": 5.225533962249756, "reserved_gib": 8.041015625, "peak_allocated_gib": 7.100478649139404, "gpu_time_budget": null, "module": "model.layers.19.mlp.down_proj", "step": 8192}
{"stage": "sequential-round-train-nll", "pid": 4080976, "time": 1789708239.8365762, "cuda_visible_devices": "2", "allocated_gib": 3.795783519744873, "reserved_gib": 3.80078125, "peak_allocated_gib": 7.100478649139404, "gpu_time_budget": null, "module": "model.layers.19.mlp.down_proj", "step": 512}
Evaluation segment 1/1: start=0, windows=8, seqlen=2048
{"stage": "sequential-round-train-nll", "pid": 4080976, "time": 1789708245.1919398, "cuda_visible_devices": "2", "allocated_gib": 3.795783519744873, "reserved_gib": 5.791015625, "peak_allocated_gib": 7.100478649139404, "gpu_time_budget": null, "module": "model.layers.19.mlp.down_proj", "step": 2048}
Evaluation segment 1/1: start=0, windows=8, seqlen=2048
{"stage": "sequential-round-train-nll", "pid": 4080976, "time": 1789708249.4809802, "cuda_visible_devices": "2", "allocated_gib": 3.795783519744873, "reserved_gib": 5.791015625, "peak_allocated_gib": 7.100478649139404, "gpu_time_budget": null, "module": "model.layers.19.mlp.down_proj", "step": 8192}
Evaluation segment 1/1: start=0, windows=8, seqlen=2048
{"stage": "sequential-module-completed", "pid": 4080976, "time": 1789708253.8756275, "cuda_visible_devices": "2", "allocated_gib": 3.795783519744873, "reserved_gib": 5.791015625, "peak_allocated_gib": 7.100478649139404, "gpu_time_budget": null, "module": "model.layers.19.mlp.down_proj", "completed": 20, "total": 28, "selected_train_nll": 2.945028075955618, "elapsed_seconds": 1426.8607784470078}
{"stage": "sequential-round-fit", "pid": 4080976, "time": 1789708259.7879903, "cuda_visible_devices": "2", "allocated_gib": 3.795783519744873, "reserved_gib": 5.791015625, "peak_allocated_gib": 7.100478649139404, "gpu_time_budget": null, "module": "model.layers.20.mlp.down_proj", "fit_rows": 49152, "heldout_rows": 16384}
{"stage": "sequential-round-coordinate", "pid": 4080976, "time": 1789708260.717834, "cuda_visible_devices": "2", "allocated_gib": 5.225533962249756, "reserved_gib": 8.041015625, "peak_allocated_gib": 7.100478649139404, "gpu_time_budget": null, "module": "model.layers.20.mlp.down_proj", "step": 128}
{"stage": "sequential-round-coordinate", "pid": 4080976, "time": 1789708261.3777974, "cuda_visible_devices": "2", "allocated_gib": 5.225533962249756, "reserved_gib": 8.041015625, "peak_allocated_gib": 7.100478649139404, "gpu_time_budget": null, "module": "model.layers.20.mlp.down_proj", "step": 256}
{"stage": "sequential-round-coordinate", "pid": 4080976, "time": 1789708262.0402696, "cuda_visible_devices": "2", "allocated_gib": 5.225533962249756, "reserved_gib": 8.041015625, "peak_allocated_gib": 7.100478649139404, "gpu_time_budget": null, "module": "model.layers.20.mlp.down_proj", "step": 384}
{"stage": "sequential-round-coordinate", "pid": 4080976, "time": 1789708262.7628455, "cuda_visible_devices": "2", "allocated_gib": 5.225533962249756, "reserved_gib": 8.041015625, "peak_allocated_gib": 7.100478649139404, "gpu_time_budget": null, "module": "model.layers.20.mlp.down_proj", "step": 512}
{"stage": "sequential-round-coordinate", "pid": 4080976, "time": 1789708263.6113904, "cuda_visible_devices": "2", "allocated_gib": 5.225533962249756, "reserved_gib": 8.041015625, "peak_allocated_gib": 7.100478649139404, "gpu_time_budget": null, "module": "model.layers.20.mlp.down_proj", "step": 640}
{"stage": "sequential-round-coordinate", "pid": 4080976, "time": 1789708264.5700777, "cuda_visible_devices": "2", "allocated_gib": 5.225533962249756, "reserved_gib": 8.041015625, "peak_allocated_gib": 7.100478649139404, "gpu_time_budget": null, "module": "model.layers.20.mlp.down_proj", "step": 768}
{"stage": "sequential-round-coordinate", "pid": 4080976, "time": 1789708265.5274248, "cuda_visible_devices": "2", "allocated_gib": 5.225533962249756, "reserved_gib": 8.041015625, "peak_allocated_gib": 7.100478649139404, "gpu_time_budget": null, "module": "model.layers.20.mlp.down_proj", "step": 896}
{"stage": "sequential-round-coordinate", "pid": 4080976, "time": 1789708266.483798, "cuda_visible_devices": "2", "allocated_gib": 5.225533962249756, "reserved_gib": 8.041015625, "peak_allocated_gib": 7.100478649139404, "gpu_time_budget": null, "module": "model.layers.20.mlp.down_proj", "step": 1024}
{"stage": "sequential-round-coordinate", "pid": 4080976, "time": 1789708267.4434423, "cuda_visible_devices": "2", "allocated_gib": 5.225533962249756, "reserved_gib": 8.041015625, "peak_allocated_gib": 7.100478649139404, "gpu_time_budget": null, "module": "model.layers.20.mlp.down_proj", "step": 1152}
{"stage": "sequential-round-coordinate", "pid": 4080976, "time": 1789708268.3992596, "cuda_visible_devices": "2", "allocated_gib": 5.225533962249756, "reserved_gib": 8.041015625, "peak_allocated_gib": 7.100478649139404, "gpu_time_budget": null, "module": "model.layers.20.mlp.down_proj", "step": 1280}
{"stage": "sequential-round-coordinate", "pid": 4080976, "time": 1789708269.353467, "cuda_visible_devices": "2", "allocated_gib": 5.225533962249756, "reserved_gib": 8.041015625, "peak_allocated_gib": 7.100478649139404, "gpu_time_budget": null, "module": "model.layers.20.mlp.down_proj", "step": 1408}
{"stage": "sequential-round-coordinate", "pid": 4080976, "time": 1789708270.3098269, "cuda_visible_devices": "2", "allocated_gib": 5.225533962249756, "reserved_gib": 8.041015625, "peak_allocated_gib": 7.100478649139404, "gpu_time_budget": null, "module": "model.layers.20.mlp.down_proj", "step": 1536}
{"stage": "sequential-round-coordinate", "pid": 4080976, "time": 1789708271.2609627, "cuda_visible_devices": "2", "allocated_gib": 5.225533962249756, "reserved_gib": 8.041015625, "peak_allocated_gib": 7.100478649139404, "gpu_time_budget": null, "module": "model.layers.20.mlp.down_proj", "step": 1664}
{"stage": "sequential-round-coordinate", "pid": 4080976, "time": 1789708272.2069438, "cuda_visible_devices": "2", "allocated_gib": 5.225533962249756, "reserved_gib": 8.041015625, "peak_allocated_gib": 7.100478649139404, "gpu_time_budget": null, "module": "model.layers.20.mlp.down_proj", "step": 1792}
{"stage": "sequential-round-coordinate", "pid": 4080976, "time": 1789708273.157516, "cuda_visible_devices": "2", "allocated_gib": 5.225533962249756, "reserved_gib": 8.041015625, "peak_allocated_gib": 7.100478649139404, "gpu_time_budget": null, "module": "model.layers.20.mlp.down_proj", "step": 1920}
{"stage": "sequential-round-coordinate", "pid": 4080976, "time": 1789708274.2005248, "cuda_visible_devices": "2", "allocated_gib": 5.225533962249756, "reserved_gib": 8.041015625, "peak_allocated_gib": 7.100478649139404, "gpu_time_budget": null, "module": "model.layers.20.mlp.down_proj", "step": 2048}
{"stage": "sequential-round-coordinate", "pid": 4080976, "time": 1789708275.1522694, "cuda_visible_devices": "2", "allocated_gib": 5.225533962249756, "reserved_gib": 8.041015625, "peak_allocated_gib": 7.100478649139404, "gpu_time_budget": null, "module": "model.layers.20.mlp.down_proj", "step": 2176}
{"stage": "sequential-round-coordinate", "pid": 4080976, "time": 1789708276.1035063, "cuda_visible_devices": "2", "allocated_gib": 5.225533962249756, "reserved_gib": 8.041015625, "peak_allocated_gib": 7.100478649139404, "gpu_time_budget": null, "module": "model.layers.20.mlp.down_proj", "step": 2304}
{"stage": "sequential-round-coordinate", "pid": 4080976, "time": 1789708277.057423, "cuda_visible_devices": "2", "allocated_gib": 5.225533962249756, "reserved_gib": 8.041015625, "peak_allocated_gib": 7.100478649139404, "gpu_time_budget": null, "module": "model.layers.20.mlp.down_proj", "step": 2432}
{"stage": "sequential-round-coordinate", "pid": 4080976, "time": 1789708278.0057547, "cuda_visible_devices": "2", "allocated_gib": 5.225533962249756, "reserved_gib": 8.041015625, "peak_allocated_gib": 7.100478649139404, "gpu_time_budget": null, "module": "model.layers.20.mlp.down_proj", "step": 2560}
{"stage": "sequential-round-coordinate", "pid": 4080976, "time": 1789708278.9589338, "cuda_visible_devices": "2", "allocated_gib": 5.225533962249756, "reserved_gib": 8.041015625, "peak_allocated_gib": 7.100478649139404, "gpu_time_budget": null, "module": "model.layers.20.mlp.down_proj", "step": 2688}
{"stage": "sequential-round-coordinate", "pid": 4080976, "time": 1789708279.9090497, "cuda_visible_devices": "2", "allocated_gib": 5.225533962249756, "reserved_gib": 8.041015625, "peak_allocated_gib": 7.100478649139404, "gpu_time_budget": null, "module": "model.layers.20.mlp.down_proj", "step": 2816}
{"stage": "sequential-round-coordinate", "pid": 4080976, "time": 1789708280.85918, "cuda_visible_devices": "2", "allocated_gib": 5.225533962249756, "reserved_gib": 8.041015625, "peak_allocated_gib": 7.100478649139404, "gpu_time_budget": null, "module": "model.layers.20.mlp.down_proj", "step": 2944}
{"stage": "sequential-round-coordinate", "pid": 4080976, "time": 1789708281.81289, "cuda_visible_devices": "2", "allocated_gib": 5.225533962249756, "reserved_gib": 8.041015625, "peak_allocated_gib": 7.100478649139404, "gpu_time_budget": null, "module": "model.layers.20.mlp.down_proj", "step": 3072}
{"stage": "sequential-round-coordinate", "pid": 4080976, "time": 1789708282.764486, "cuda_visible_devices": "2", "allocated_gib": 5.225533962249756, "reserved_gib": 8.041015625, "peak_allocated_gib": 7.100478649139404, "gpu_time_budget": null, "module": "model.layers.20.mlp.down_proj", "step": 3200}
{"stage": "sequential-round-coordinate", "pid": 4080976, "time": 1789708283.716047, "cuda_visible_devices": "2", "allocated_gib": 5.225533962249756, "reserved_gib": 8.041015625, "peak_allocated_gib": 7.100478649139404, "gpu_time_budget": null, "module": "model.layers.20.mlp.down_proj", "step": 3328}
{"stage": "sequential-round-coordinate", "pid": 4080976, "time": 1789708284.6691952, "cuda_visible_devices": "2", "allocated_gib": 5.225533962249756, "reserved_gib": 8.041015625, "peak_allocated_gib": 7.100478649139404, "gpu_time_budget": null, "module": "model.layers.20.mlp.down_proj", "step": 3456}
{"stage": "sequential-round-coordinate", "pid": 4080976, "time": 1789708285.6180289, "cuda_visible_devices": "2", "allocated_gib": 5.225533962249756, "reserved_gib": 8.041015625, "peak_allocated_gib": 7.100478649139404, "gpu_time_budget": null, "module": "model.layers.20.mlp.down_proj", "step": 3584}
{"stage": "sequential-round-coordinate", "pid": 4080976, "time": 1789708286.5696619, "cuda_visible_devices": "2", "allocated_gib": 5.225533962249756, "reserved_gib": 8.041015625, "peak_allocated_gib": 7.100478649139404, "gpu_time_budget": null, "module": "model.layers.20.mlp.down_proj", "step": 3712}
{"stage": "sequential-round-coordinate", "pid": 4080976, "time": 1789708287.5214314, "cuda_visible_devices": "2", "allocated_gib": 5.225533962249756, "reserved_gib": 8.041015625, "peak_allocated_gib": 7.100478649139404, "gpu_time_budget": null, "module": "model.layers.20.mlp.down_proj", "step": 3840}
{"stage": "sequential-round-coordinate", "pid": 4080976, "time": 1789708288.4724908, "cuda_visible_devices": "2", "allocated_gib": 5.225533962249756, "reserved_gib": 8.041015625, "peak_allocated_gib": 7.100478649139404, "gpu_time_budget": null, "module": "model.layers.20.mlp.down_proj", "step": 3968}
{"stage": "sequential-round-coordinate", "pid": 4080976, "time": 1789708289.4237947, "cuda_visible_devices": "2", "allocated_gib": 5.225533962249756, "reserved_gib": 8.041015625, "peak_allocated_gib": 7.100478649139404, "gpu_time_budget": null, "module": "model.layers.20.mlp.down_proj", "step": 4096}
{"stage": "sequential-round-coordinate", "pid": 4080976, "time": 1789708290.3729293, "cuda_visible_devices": "2", "allocated_gib": 5.225533962249756, "reserved_gib": 8.041015625, "peak_allocated_gib": 7.100478649139404, "gpu_time_budget": null, "module": "model.layers.20.mlp.down_proj", "step": 4224}
{"stage": "sequential-round-coordinate", "pid": 4080976, "time": 1789708291.3225825, "cuda_visible_devices": "2", "allocated_gib": 5.225533962249756, "reserved_gib": 8.041015625, "peak_allocated_gib": 7.100478649139404, "gpu_time_budget": null, "module": "model.layers.20.mlp.down_proj", "step": 4352}
{"stage": "sequential-round-coordinate", "pid": 4080976, "time": 1789708292.273688, "cuda_visible_devices": "2", "allocated_gib": 5.225533962249756, "reserved_gib": 8.041015625, "peak_allocated_gib": 7.100478649139404, "gpu_time_budget": null, "module": "model.layers.20.mlp.down_proj", "step": 4480}
{"stage": "sequential-round-coordinate", "pid": 4080976, "time": 1789708293.226091, "cuda_visible_devices": "2", "allocated_gib": 5.225533962249756, "reserved_gib": 8.041015625, "peak_allocated_gib": 7.100478649139404, "gpu_time_budget": null, "module": "model.layers.20.mlp.down_proj", "step": 4608}
{"stage": "sequential-round-coordinate", "pid": 4080976, "time": 1789708294.177275, "cuda_visible_devices": "2", "allocated_gib": 5.225533962249756, "reserved_gib": 8.041015625, "peak_allocated_gib": 7.100478649139404, "gpu_time_budget": null, "module": "model.layers.20.mlp.down_proj", "step": 4736}
{"stage": "sequential-round-coordinate", "pid": 4080976, "time": 1789708295.125941, "cuda_visible_devices": "2", "allocated_gib": 5.225533962249756, "reserved_gib": 8.041015625, "peak_allocated_gib": 7.100478649139404, "gpu_time_budget": null, "module": "model.layers.20.mlp.down_proj", "step": 4864}
{"stage": "sequential-round-coordinate", "pid": 4080976, "time": 1789708296.0764906, "cuda_visible_devices": "2", "allocated_gib": 5.225533962249756, "reserved_gib": 8.041015625, "peak_allocated_gib": 7.100478649139404, "gpu_time_budget": null, "module": "model.layers.20.mlp.down_proj", "step": 4992}
{"stage": "sequential-round-coordinate", "pid": 4080976, "time": 1789708297.028704, "cuda_visible_devices": "2", "allocated_gib": 5.225533962249756, "reserved_gib": 8.041015625, "peak_allocated_gib": 7.100478649139404, "gpu_time_budget": null, "module": "model.layers.20.mlp.down_proj", "step": 5120}
{"stage": "sequential-round-coordinate", "pid": 4080976, "time": 1789708297.978521, "cuda_visible_devices": "2", "allocated_gib": 5.225533962249756, "reserved_gib": 8.041015625, "peak_allocated_gib": 7.100478649139404, "gpu_time_budget": null, "module": "model.layers.20.mlp.down_proj", "step": 5248}
{"stage": "sequential-round-coordinate", "pid": 4080976, "time": 1789708298.930588, "cuda_visible_devices": "2", "allocated_gib": 5.225533962249756, "reserved_gib": 8.041015625, "peak_allocated_gib": 7.100478649139404, "gpu_time_budget": null, "module": "model.layers.20.mlp.down_proj", "step": 5376}
{"stage": "sequential-round-coordinate", "pid": 4080976, "time": 1789708299.880981, "cuda_visible_devices": "2", "allocated_gib": 5.225533962249756, "reserved_gib": 8.041015625, "peak_allocated_gib": 7.100478649139404, "gpu_time_budget": null, "module": "model.layers.20.mlp.down_proj", "step": 5504}
{"stage": "sequential-round-coordinate", "pid": 4080976, "time": 1789708300.8327627, "cuda_visible_devices": "2", "allocated_gib": 5.225533962249756, "reserved_gib": 8.041015625, "peak_allocated_gib": 7.100478649139404, "gpu_time_budget": null, "module": "model.layers.20.mlp.down_proj", "step": 5632}
{"stage": "sequential-round-coordinate", "pid": 4080976, "time": 1789708301.784592, "cuda_visible_devices": "2", "allocated_gib": 5.225533962249756, "reserved_gib": 8.041015625, "peak_allocated_gib": 7.100478649139404, "gpu_time_budget": null, "module": "model.layers.20.mlp.down_proj", "step": 5760}
{"stage": "sequential-round-coordinate", "pid": 4080976, "time": 1789708302.737724, "cuda_visible_devices": "2", "allocated_gib": 5.225533962249756, "reserved_gib": 8.041015625, "peak_allocated_gib": 7.100478649139404, "gpu_time_budget": null, "module": "model.layers.20.mlp.down_proj", "step": 5888}
{"stage": "sequential-round-coordinate", "pid": 4080976, "time": 1789708303.688021, "cuda_visible_devices": "2", "allocated_gib": 5.225533962249756, "reserved_gib": 8.041015625, "peak_allocated_gib": 7.100478649139404, "gpu_time_budget": null, "module": "model.layers.20.mlp.down_proj", "step": 6016}
{"stage": "sequential-round-coordinate", "pid": 4080976, "time": 1789708304.636508, "cuda_visible_devices": "2", "allocated_gib": 5.225533962249756, "reserved_gib": 8.041015625, "peak_allocated_gib": 7.100478649139404, "gpu_time_budget": null, "module": "model.layers.20.mlp.down_proj", "step": 6144}
{"stage": "sequential-round-coordinate", "pid": 4080976, "time": 1789708305.5888257, "cuda_visible_devices": "2", "allocated_gib": 5.225533962249756, "reserved_gib": 8.041015625, "peak_allocated_gib": 7.100478649139404, "gpu_time_budget": null, "module": "model.layers.20.mlp.down_proj", "step": 6272}
{"stage": "sequential-round-coordinate", "pid": 4080976, "time": 1789708306.539705, "cuda_visible_devices": "2", "allocated_gib": 5.225533962249756, "reserved_gib": 8.041015625, "peak_allocated_gib": 7.100478649139404, "gpu_time_budget": null, "module": "model.layers.20.mlp.down_proj", "step": 6400}
{"stage": "sequential-round-coordinate", "pid": 4080976, "time": 1789708307.4914215, "cuda_visible_devices": "2", "allocated_gib": 5.225533962249756, "reserved_gib": 8.041015625, "peak_allocated_gib": 7.100478649139404, "gpu_time_budget": null, "module": "model.layers.20.mlp.down_proj", "step": 6528}
{"stage": "sequential-round-coordinate", "pid": 4080976, "time": 1789708308.4433782, "cuda_visible_devices": "2", "allocated_gib": 5.225533962249756, "reserved_gib": 8.041015625, "peak_allocated_gib": 7.100478649139404, "gpu_time_budget": null, "module": "model.layers.20.mlp.down_proj", "step": 6656}
{"stage": "sequential-round-coordinate", "pid": 4080976, "time": 1789708309.3971999, "cuda_visible_devices": "2", "allocated_gib": 5.225533962249756, "reserved_gib": 8.041015625, "peak_allocated_gib": 7.100478649139404, "gpu_time_budget": null, "module": "model.layers.20.mlp.down_proj", "step": 6784}
{"stage": "sequential-round-coordinate", "pid": 4080976, "time": 1789708310.349421, "cuda_visible_devices": "2", "allocated_gib": 5.225533962249756, "reserved_gib": 8.041015625, "peak_allocated_gib": 7.100478649139404, "gpu_time_budget": null, "module": "model.layers.20.mlp.down_proj", "step": 6912}
{"stage": "sequential-round-coordinate", "pid": 4080976, "time": 1789708311.297294, "cuda_visible_devices": "2", "allocated_gib": 5.225533962249756, "reserved_gib": 8.041015625, "peak_allocated_gib": 7.100478649139404, "gpu_time_budget": null, "module": "model.layers.20.mlp.down_proj", "step": 7040}
{"stage": "sequential-round-coordinate", "pid": 4080976, "time": 1789708312.252429, "cuda_visible_devices": "2", "allocated_gib": 5.225533962249756, "reserved_gib": 8.041015625, "peak_allocated_gib": 7.100478649139404, "gpu_time_budget": null, "module": "model.layers.20.mlp.down_proj", "step": 7168}
{"stage": "sequential-round-coordinate", "pid": 4080976, "time": 1789708313.2041, "cuda_visible_devices": "2", "allocated_gib": 5.225533962249756, "reserved_gib": 8.041015625, "peak_allocated_gib": 7.100478649139404, "gpu_time_budget": null, "module": "model.layers.20.mlp.down_proj", "step": 7296}
{"stage": "sequential-round-coordinate", "pid": 4080976, "time": 1789708314.1528637, "cuda_visible_devices": "2", "allocated_gib": 5.225533962249756, "reserved_gib": 8.041015625, "peak_allocated_gib": 7.100478649139404, "gpu_time_budget": null, "module": "model.layers.20.mlp.down_proj", "step": 7424}
{"stage": "sequential-round-coordinate", "pid": 4080976, "time": 1789708315.1076345, "cuda_visible_devices": "2", "allocated_gib": 5.225533962249756, "reserved_gib": 8.041015625, "peak_allocated_gib": 7.100478649139404, "gpu_time_budget": null, "module": "model.layers.20.mlp.down_proj", "step": 7552}
{"stage": "sequential-round-coordinate", "pid": 4080976, "time": 1789708316.0681584, "cuda_visible_devices": "2", "allocated_gib": 5.225533962249756, "reserved_gib": 8.041015625, "peak_allocated_gib": 7.100478649139404, "gpu_time_budget": null, "module": "model.layers.20.mlp.down_proj", "step": 7680}
{"stage": "sequential-round-coordinate", "pid": 4080976, "time": 1789708317.0188854, "cuda_visible_devices": "2", "allocated_gib": 5.225533962249756, "reserved_gib": 8.041015625, "peak_allocated_gib": 7.100478649139404, "gpu_time_budget": null, "module": "model.layers.20.mlp.down_proj", "step": 7808}
{"stage": "sequential-round-coordinate", "pid": 4080976, "time": 1789708317.9786313, "cuda_visible_devices": "2", "allocated_gib": 5.225533962249756, "reserved_gib": 8.041015625, "peak_allocated_gib": 7.100478649139404, "gpu_time_budget": null, "module": "model.layers.20.mlp.down_proj", "step": 7936}
{"stage": "sequential-round-coordinate", "pid": 4080976, "time": 1789708318.9403937, "cuda_visible_devices": "2", "allocated_gib": 5.225533962249756, "reserved_gib": 8.041015625, "peak_allocated_gib": 7.100478649139404, "gpu_time_budget": null, "module": "model.layers.20.mlp.down_proj", "step": 8064}
{"stage": "sequential-round-coordinate", "pid": 4080976, "time": 1789708319.9868975, "cuda_visible_devices": "2", "allocated_gib": 5.225533962249756, "reserved_gib": 8.041015625, "peak_allocated_gib": 7.100478649139404, "gpu_time_budget": null, "module": "model.layers.20.mlp.down_proj", "step": 8192}
{"stage": "sequential-round-train-nll", "pid": 4080976, "time": 1789708320.0315614, "cuda_visible_devices": "2", "allocated_gib": 3.795783519744873, "reserved_gib": 3.80078125, "peak_allocated_gib": 7.100478649139404, "gpu_time_budget": null, "module": "model.layers.20.mlp.down_proj", "step": 512}
Evaluation segment 1/1: start=0, windows=8, seqlen=2048
{"stage": "sequential-round-train-nll", "pid": 4080976, "time": 1789708325.0965998, "cuda_visible_devices": "2", "allocated_gib": 3.795783519744873, "reserved_gib": 5.791015625, "peak_allocated_gib": 7.100478649139404, "gpu_time_budget": null, "module": "model.layers.20.mlp.down_proj", "step": 2048}
Evaluation segment 1/1: start=0, windows=8, seqlen=2048
{"stage": "sequential-round-train-nll", "pid": 4080976, "time": 1789708329.3898745, "cuda_visible_devices": "2", "allocated_gib": 3.795783519744873, "reserved_gib": 5.791015625, "peak_allocated_gib": 7.100478649139404, "gpu_time_budget": null, "module": "model.layers.20.mlp.down_proj", "step": 8192}
Evaluation segment 1/1: start=0, windows=8, seqlen=2048
{"stage": "sequential-module-completed", "pid": 4080976, "time": 1789708333.789131, "cuda_visible_devices": "2", "allocated_gib": 3.795783519744873, "reserved_gib": 5.791015625, "peak_allocated_gib": 7.100478649139404, "gpu_time_budget": null, "module": "model.layers.20.mlp.down_proj", "completed": 21, "total": 28, "selected_train_nll": 2.945028075955618, "elapsed_seconds": 1506.7742847900372}
{"stage": "sequential-round-fit", "pid": 4080976, "time": 1789708339.8077338, "cuda_visible_devices": "2", "allocated_gib": 3.795783519744873, "reserved_gib": 5.791015625, "peak_allocated_gib": 7.100478649139404, "gpu_time_budget": null, "module": "model.layers.21.mlp.down_proj", "fit_rows": 49152, "heldout_rows": 16384}
{"stage": "sequential-round-coordinate", "pid": 4080976, "time": 1789708340.7806892, "cuda_visible_devices": "2", "allocated_gib": 5.225533962249756, "reserved_gib": 8.041015625, "peak_allocated_gib": 7.100478649139404, "gpu_time_budget": null, "module": "model.layers.21.mlp.down_proj", "step": 128}
{"stage": "sequential-round-coordinate", "pid": 4080976, "time": 1789708341.5476744, "cuda_visible_devices": "2", "allocated_gib": 5.225533962249756, "reserved_gib": 8.041015625, "peak_allocated_gib": 7.100478649139404, "gpu_time_budget": null, "module": "model.layers.21.mlp.down_proj", "step": 256}
{"stage": "sequential-round-coordinate", "pid": 4080976, "time": 1789708342.5023994, "cuda_visible_devices": "2", "allocated_gib": 5.225533962249756, "reserved_gib": 8.041015625, "peak_allocated_gib": 7.100478649139404, "gpu_time_budget": null, "module": "model.layers.21.mlp.down_proj", "step": 384}
{"stage": "sequential-round-coordinate", "pid": 4080976, "time": 1789708343.5450425, "cuda_visible_devices": "2", "allocated_gib": 5.225533962249756, "reserved_gib": 8.041015625, "peak_allocated_gib": 7.100478649139404, "gpu_time_budget": null, "module": "model.layers.21.mlp.down_proj", "step": 512}
{"stage": "sequential-round-coordinate", "pid": 4080976, "time": 1789708344.5047812, "cuda_visible_devices": "2", "allocated_gib": 5.225533962249756, "reserved_gib": 8.041015625, "peak_allocated_gib": 7.100478649139404, "gpu_time_budget": null, "module": "model.layers.21.mlp.down_proj", "step": 640}
{"stage": "sequential-round-coordinate", "pid": 4080976, "time": 1789708345.4624953, "cuda_visible_devices": "2", "allocated_gib": 5.225533962249756, "reserved_gib": 8.041015625, "peak_allocated_gib": 7.100478649139404, "gpu_time_budget": null, "module": "model.layers.21.mlp.down_proj", "step": 768}
{"stage": "sequential-round-coordinate", "pid": 4080976, "time": 1789708346.4205153, "cuda_visible_devices": "2", "allocated_gib": 5.225533962249756, "reserved_gib": 8.041015625, "peak_allocated_gib": 7.100478649139404, "gpu_time_budget": null, "module": "model.layers.21.mlp.down_proj", "step": 896}
{"stage": "sequential-round-coordinate", "pid": 4080976, "time": 1789708347.3798695, "cuda_visible_devices": "2", "allocated_gib": 5.225533962249756, "reserved_gib": 8.041015625, "peak_allocated_gib": 7.100478649139404, "gpu_time_budget": null, "module": "model.layers.21.mlp.down_proj", "step": 1024}
{"stage": "sequential-round-coordinate", "pid": 4080976, "time": 1789708348.3348603, "cuda_visible_devices": "2", "allocated_gib": 5.225533962249756, "reserved_gib": 8.041015625, "peak_allocated_gib": 7.100478649139404, "gpu_time_budget": null, "module": "model.layers.21.mlp.down_proj", "step": 1152}
{"stage": "sequential-round-coordinate", "pid": 4080976, "time": 1789708349.2943237, "cuda_visible_devices": "2", "allocated_gib": 5.225533962249756, "reserved_gib": 8.041015625, "peak_allocated_gib": 7.100478649139404, "gpu_time_budget": null, "module": "model.layers.21.mlp.down_proj", "step": 1280}
{"stage": "sequential-round-coordinate", "pid": 4080976, "time": 1789708350.2505975, "cuda_visible_devices": "2", "allocated_gib": 5.225533962249756, "reserved_gib": 8.041015625, "peak_allocated_gib": 7.100478649139404, "gpu_time_budget": null, "module": "model.layers.21.mlp.down_proj", "step": 1408}
{"stage": "sequential-round-coordinate", "pid": 4080976, "time": 1789708351.215124, "cuda_visible_devices": "2", "allocated_gib": 5.225533962249756, "reserved_gib": 8.041015625, "peak_allocated_gib": 7.100478649139404, "gpu_time_budget": null, "module": "model.layers.21.mlp.down_proj", "step": 1536}
{"stage": "sequential-round-coordinate", "pid": 4080976, "time": 1789708352.1714578, "cuda_visible_devices": "2", "allocated_gib": 5.225533962249756, "reserved_gib": 8.041015625, "peak_allocated_gib": 7.100478649139404, "gpu_time_budget": null, "module": "model.layers.21.mlp.down_proj", "step": 1664}
{"stage": "sequential-round-coordinate", "pid": 4080976, "time": 1789708353.126609, "cuda_visible_devices": "2", "allocated_gib": 5.225533962249756, "reserved_gib": 8.041015625, "peak_allocated_gib": 7.100478649139404, "gpu_time_budget": null, "module": "model.layers.21.mlp.down_proj", "step": 1792}
{"stage": "sequential-round-coordinate", "pid": 4080976, "time": 1789708354.0770466, "cuda_visible_devices": "2", "allocated_gib": 5.225533962249756, "reserved_gib": 8.041015625, "peak_allocated_gib": 7.100478649139404, "gpu_time_budget": null, "module": "model.layers.21.mlp.down_proj", "step": 1920}
{"stage": "sequential-round-coordinate", "pid": 4080976, "time": 1789708355.1223214, "cuda_visible_devices": "2", "allocated_gib": 5.225533962249756, "reserved_gib": 8.041015625, "peak_allocated_gib": 7.100478649139404, "gpu_time_budget": null, "module": "model.layers.21.mlp.down_proj", "step": 2048}
{"stage": "sequential-round-coordinate", "pid": 4080976, "time": 1789708356.080657, "cuda_visible_devices": "2", "allocated_gib": 5.225533962249756, "reserved_gib": 8.041015625, "peak_allocated_gib": 7.100478649139404, "gpu_time_budget": null, "module": "model.layers.21.mlp.down_proj", "step": 2176}
{"stage": "sequential-round-coordinate", "pid": 4080976, "time": 1789708357.0376499, "cuda_visible_devices": "2", "allocated_gib": 5.225533962249756, "reserved_gib": 8.041015625, "peak_allocated_gib": 7.100478649139404, "gpu_time_budget": null, "module": "model.layers.21.mlp.down_proj", "step": 2304}
{"stage": "sequential-round-coordinate", "pid": 4080976, "time": 1789708357.9922934, "cuda_visible_devices": "2", "allocated_gib": 5.225533962249756, "reserved_gib": 8.041015625, "peak_allocated_gib": 7.100478649139404, "gpu_time_budget": null, "module": "model.layers.21.mlp.down_proj", "step": 2432}
{"stage": "sequential-round-coordinate", "pid": 4080976, "time": 1789708358.9493659, "cuda_visible_devices": "2", "allocated_gib": 5.225533962249756, "reserved_gib": 8.041015625, "peak_allocated_gib": 7.100478649139404, "gpu_time_budget": null, "module": "model.layers.21.mlp.down_proj", "step": 2560}
{"stage": "sequential-round-coordinate", "pid": 4080976, "time": 1789708359.9247665, "cuda_visible_devices": "2", "allocated_gib": 5.225533962249756, "reserved_gib": 8.041015625, "peak_allocated_gib": 7.100478649139404, "gpu_time_budget": null, "module": "model.layers.21.mlp.down_proj", "step": 2688}
{"stage": "sequential-round-coordinate", "pid": 4080976, "time": 1789708360.8829281, "cuda_visible_devices": "2", "allocated_gib": 5.225533962249756, "reserved_gib": 8.041015625, "peak_allocated_gib": 7.100478649139404, "gpu_time_budget": null, "module": "model.layers.21.mlp.down_proj", "step": 2816}
{"stage": "sequential-round-coordinate", "pid": 4080976, "time": 1789708361.8401418, "cuda_visible_devices": "2", "allocated_gib": 5.225533962249756, "reserved_gib": 8.041015625, "peak_allocated_gib": 7.100478649139404, "gpu_time_budget": null, "module": "model.layers.21.mlp.down_proj", "step": 2944}
{"stage": "sequential-round-coordinate", "pid": 4080976, "time": 1789708362.7971876, "cuda_visible_devices": "2", "allocated_gib": 5.225533962249756, "reserved_gib": 8.041015625, "peak_allocated_gib": 7.100478649139404, "gpu_time_budget": null, "module": "model.layers.21.mlp.down_proj", "step": 3072}
{"stage": "sequential-round-coordinate", "pid": 4080976, "time": 1789708363.7532725, "cuda_visible_devices": "2", "allocated_gib": 5.225533962249756, "reserved_gib": 8.041015625, "peak_allocated_gib": 7.100478649139404, "gpu_time_budget": null, "module": "model.layers.21.mlp.down_proj", "step": 3200}
{"stage": "sequential-round-coordinate", "pid": 4080976, "time": 1789708364.7104506, "cuda_visible_devices": "2", "allocated_gib": 5.225533962249756, "reserved_gib": 8.041015625, "peak_allocated_gib": 7.100478649139404, "gpu_time_budget": null, "module": "model.layers.21.mlp.down_proj", "step": 3328}
{"stage": "sequential-round-coordinate", "pid": 4080976, "time": 1789708365.6643658, "cuda_visible_devices": "2", "allocated_gib": 5.225533962249756, "reserved_gib": 8.041015625, "peak_allocated_gib": 7.100478649139404, "gpu_time_budget": null, "module": "model.layers.21.mlp.down_proj", "step": 3456}
{"stage": "sequential-round-coordinate", "pid": 4080976, "time": 1789708366.6212928, "cuda_visible_devices": "2", "allocated_gib": 5.225533962249756, "reserved_gib": 8.041015625, "peak_allocated_gib": 7.100478649139404, "gpu_time_budget": null, "module": "model.layers.21.mlp.down_proj", "step": 3584}
{"stage": "sequential-round-coordinate", "pid": 4080976, "time": 1789708367.5769303, "cuda_visible_devices": "2", "allocated_gib": 5.225533962249756, "reserved_gib": 8.041015625, "peak_allocated_gib": 7.100478649139404, "gpu_time_budget": null, "module": "model.layers.21.mlp.down_proj", "step": 3712}
{"stage": "sequential-round-coordinate", "pid": 4080976, "time": 1789708368.5350363, "cuda_visible_devices": "2", "allocated_gib": 5.225533962249756, "reserved_gib": 8.041015625, "peak_allocated_gib": 7.100478649139404, "gpu_time_budget": null, "module": "model.layers.21.mlp.down_proj", "step": 3840}
{"stage": "sequential-round-coordinate", "pid": 4080976, "time": 1789708369.4865658, "cuda_visible_devices": "2", "allocated_gib": 5.225533962249756, "reserved_gib": 8.041015625, "peak_allocated_gib": 7.100478649139404, "gpu_time_budget": null, "module": "model.layers.21.mlp.down_proj", "step": 3968}
{"stage": "sequential-round-coordinate", "pid": 4080976, "time": 1789708370.4393697, "cuda_visible_devices": "2", "allocated_gib": 5.225533962249756, "reserved_gib": 8.041015625, "peak_allocated_gib": 7.100478649139404, "gpu_time_budget": null, "module": "model.layers.21.mlp.down_proj", "step": 4096}
{"stage": "sequential-round-coordinate", "pid": 4080976, "time": 1789708371.3945637, "cuda_visible_devices": "2", "allocated_gib": 5.225533962249756, "reserved_gib": 8.041015625, "peak_allocated_gib": 7.100478649139404, "gpu_time_budget": null, "module": "model.layers.21.mlp.down_proj", "step": 4224}
{"stage": "sequential-round-coordinate", "pid": 4080976, "time": 1789708372.3453944, "cuda_visible_devices": "2", "allocated_gib": 5.225533962249756, "reserved_gib": 8.041015625, "peak_allocated_gib": 7.100478649139404, "gpu_time_budget": null, "module": "model.layers.21.mlp.down_proj", "step": 4352}
{"stage": "sequential-round-coordinate", "pid": 4080976, "time": 1789708373.2966661, "cuda_visible_devices": "2", "allocated_gib": 5.225533962249756, "reserved_gib": 8.041015625, "peak_allocated_gib": 7.100478649139404, "gpu_time_budget": null, "module": "model.layers.21.mlp.down_proj", "step": 4480}
{"stage": "sequential-round-coordinate", "pid": 4080976, "time": 1789708374.2533915, "cuda_visible_devices": "2", "allocated_gib": 5.225533962249756, "reserved_gib": 8.041015625, "peak_allocated_gib": 7.100478649139404, "gpu_time_budget": null, "module": "model.layers.21.mlp.down_proj", "step": 4608}
{"stage": "sequential-round-coordinate", "pid": 4080976, "time": 1789708375.2114341, "cuda_visible_devices": "2", "allocated_gib": 5.225533962249756, "reserved_gib": 8.041015625, "peak_allocated_gib": 7.100478649139404, "gpu_time_budget": null, "module": "model.layers.21.mlp.down_proj", "step": 4736}
{"stage": "sequential-round-coordinate", "pid": 4080976, "time": 1789708376.1679168, "cuda_visible_devices": "2", "allocated_gib": 5.225533962249756, "reserved_gib": 8.041015625, "peak_allocated_gib": 7.100478649139404, "gpu_time_budget": null, "module": "model.layers.21.mlp.down_proj", "step": 4864}
{"stage": "sequential-round-coordinate", "pid": 4080976, "time": 1789708377.124636, "cuda_visible_devices": "2", "allocated_gib": 5.225533962249756, "reserved_gib": 8.041015625, "peak_allocated_gib": 7.100478649139404, "gpu_time_budget": null, "module": "model.layers.21.mlp.down_proj", "step": 4992}
{"stage": "sequential-round-coordinate", "pid": 4080976, "time": 1789708378.0822654, "cuda_visible_devices": "2", "allocated_gib": 5.225533962249756, "reserved_gib": 8.041015625, "peak_allocated_gib": 7.100478649139404, "gpu_time_budget": null, "module": "model.layers.21.mlp.down_proj", "step": 5120}
{"stage": "sequential-round-coordinate", "pid": 4080976, "time": 1789708379.039253, "cuda_visible_devices": "2", "allocated_gib": 5.225533962249756, "reserved_gib": 8.041015625, "peak_allocated_gib": 7.100478649139404, "gpu_time_budget": null, "module": "model.layers.21.mlp.down_proj", "step": 5248}
{"stage": "sequential-round-coordinate", "pid": 4080976, "time": 1789708379.995972, "cuda_visible_devices": "2", "allocated_gib": 5.225533962249756, "reserved_gib": 8.041015625, "peak_allocated_gib": 7.100478649139404, "gpu_time_budget": null, "module": "model.layers.21.mlp.down_proj", "step": 5376}
{"stage": "sequential-round-coordinate", "pid": 4080976, "time": 1789708380.9552603, "cuda_visible_devices": "2", "allocated_gib": 5.225533962249756, "reserved_gib": 8.041015625, "peak_allocated_gib": 7.100478649139404, "gpu_time_budget": null, "module": "model.layers.21.mlp.down_proj", "step": 5504}
{"stage": "sequential-round-coordinate", "pid": 4080976, "time": 1789708381.9154694, "cuda_visible_devices": "2", "allocated_gib": 5.225533962249756, "reserved_gib": 8.041015625, "peak_allocated_gib": 7.100478649139404, "gpu_time_budget": null, "module": "model.layers.21.mlp.down_proj", "step": 5632}
{"stage": "sequential-round-coordinate", "pid": 4080976, "time": 1789708382.868105, "cuda_visible_devices": "2", "allocated_gib": 5.225533962249756, "reserved_gib": 8.041015625, "peak_allocated_gib": 7.100478649139404, "gpu_time_budget": null, "module": "model.layers.21.mlp.down_proj", "step": 5760}
{"stage": "sequential-round-coordinate", "pid": 4080976, "time": 1789708383.8197443, "cuda_visible_devices": "2", "allocated_gib": 5.225533962249756, "reserved_gib": 8.041015625, "peak_allocated_gib": 7.100478649139404, "gpu_time_budget": null, "module": "model.layers.21.mlp.down_proj", "step": 5888}
{"stage": "sequential-round-coordinate", "pid": 4080976, "time": 1789708384.764958, "cuda_visible_devices": "2", "allocated_gib": 5.225533962249756, "reserved_gib": 8.041015625, "peak_allocated_gib": 7.100478649139404, "gpu_time_budget": null, "module": "model.layers.21.mlp.down_proj", "step": 6016}
{"stage": "sequential-round-coordinate", "pid": 4080976, "time": 1789708385.7168388, "cuda_visible_devices": "2", "allocated_gib": 5.225533962249756, "reserved_gib": 8.041015625, "peak_allocated_gib": 7.100478649139404, "gpu_time_budget": null, "module": "model.layers.21.mlp.down_proj", "step": 6144}
{"stage": "sequential-round-coordinate", "pid": 4080976, "time": 1789708386.656072, "cuda_visible_devices": "2", "allocated_gib": 5.225533962249756, "reserved_gib": 8.041015625, "peak_allocated_gib": 7.100478649139404, "gpu_time_budget": null, "module": "model.layers.21.mlp.down_proj", "step": 6272}
{"stage": "sequential-round-coordinate", "pid": 4080976, "time": 1789708387.6058483, "cuda_visible_devices": "2", "allocated_gib": 5.225533962249756, "reserved_gib": 8.041015625, "peak_allocated_gib": 7.100478649139404, "gpu_time_budget": null, "module": "model.layers.21.mlp.down_proj", "step": 6400}
{"stage": "sequential-round-coordinate", "pid": 4080976, "time": 1789708388.5572095, "cuda_visible_devices": "2", "allocated_gib": 5.225533962249756, "reserved_gib": 8.041015625, "peak_allocated_gib": 7.100478649139404, "gpu_time_budget": null, "module": "model.layers.21.mlp.down_proj", "step": 6528}
{"stage": "sequential-round-coordinate", "pid": 4080976, "time": 1789708389.5088274, "cuda_visible_devices": "2", "allocated_gib": 5.225533962249756, "reserved_gib": 8.041015625, "peak_allocated_gib": 7.100478649139404, "gpu_time_budget": null, "module": "model.layers.21.mlp.down_proj", "step": 6656}
{"stage": "sequential-round-coordinate", "pid": 4080976, "time": 1789708390.460126, "cuda_visible_devices": "2", "allocated_gib": 5.225533962249756, "reserved_gib": 8.041015625, "peak_allocated_gib": 7.100478649139404, "gpu_time_budget": null, "module": "model.layers.21.mlp.down_proj", "step": 6784}
{"stage": "sequential-round-coordinate", "pid": 4080976, "time": 1789708391.415096, "cuda_visible_devices": "2", "allocated_gib": 5.225533962249756, "reserved_gib": 8.041015625, "peak_allocated_gib": 7.100478649139404, "gpu_time_budget": null, "module": "model.layers.21.mlp.down_proj", "step": 6912}
{"stage": "sequential-round-coordinate", "pid": 4080976, "time": 1789708392.3711684, "cuda_visible_devices": "2", "allocated_gib": 5.225533962249756, "reserved_gib": 8.041015625, "peak_allocated_gib": 7.100478649139404, "gpu_time_budget": null, "module": "model.layers.21.mlp.down_proj", "step": 7040}
{"stage": "sequential-round-coordinate", "pid": 4080976, "time": 1789708393.3287256, "cuda_visible_devices": "2", "allocated_gib": 5.225533962249756, "reserved_gib": 8.041015625, "peak_allocated_gib": 7.100478649139404, "gpu_time_budget": null, "module": "model.layers.21.mlp.down_proj", "step": 7168}
{"stage": "sequential-round-coordinate", "pid": 4080976, "time": 1789708394.2772288, "cuda_visible_devices": "2", "allocated_gib": 5.225533962249756, "reserved_gib": 8.041015625, "peak_allocated_gib": 7.100478649139404, "gpu_time_budget": null, "module": "model.layers.21.mlp.down_proj", "step": 7296}
{"stage": "sequential-round-coordinate", "pid": 4080976, "time": 1789708395.2301955, "cuda_visible_devices": "2", "allocated_gib": 5.225533962249756, "reserved_gib": 8.041015625, "peak_allocated_gib": 7.100478649139404, "gpu_time_budget": null, "module": "model.layers.21.mlp.down_proj", "step": 7424}
{"stage": "sequential-round-coordinate", "pid": 4080976, "time": 1789708396.1886384, "cuda_visible_devices": "2", "allocated_gib": 5.225533962249756, "reserved_gib": 8.041015625, "peak_allocated_gib": 7.100478649139404, "gpu_time_budget": null, "module": "model.layers.21.mlp.down_proj", "step": 7552}
{"stage": "sequential-round-coordinate", "pid": 4080976, "time": 1789708397.1428194, "cuda_visible_devices": "2", "allocated_gib": 5.225533962249756, "reserved_gib": 8.041015625, "peak_allocated_gib": 7.100478649139404, "gpu_time_budget": null, "module": "model.layers.21.mlp.down_proj", "step": 7680}
{"stage": "sequential-round-coordinate", "pid": 4080976, "time": 1789708398.0953012, "cuda_visible_devices": "2", "allocated_gib": 5.225533962249756, "reserved_gib": 8.041015625, "peak_allocated_gib": 7.100478649139404, "gpu_time_budget": null, "module": "model.layers.21.mlp.down_proj", "step": 7808}
{"stage": "sequential-round-coordinate", "pid": 4080976, "time": 1789708399.0506308, "cuda_visible_devices": "2", "allocated_gib": 5.225533962249756, "reserved_gib": 8.041015625, "peak_allocated_gib": 7.100478649139404, "gpu_time_budget": null, "module": "model.layers.21.mlp.down_proj", "step": 7936}
{"stage": "sequential-round-coordinate", "pid": 4080976, "time": 1789708400.0054255, "cuda_visible_devices": "2", "allocated_gib": 5.225533962249756, "reserved_gib": 8.041015625, "peak_allocated_gib": 7.100478649139404, "gpu_time_budget": null, "module": "model.layers.21.mlp.down_proj", "step": 8064}
{"stage": "sequential-round-coordinate", "pid": 4080976, "time": 1789708401.044971, "cuda_visible_devices": "2", "allocated_gib": 5.225533962249756, "reserved_gib": 8.041015625, "peak_allocated_gib": 7.100478649139404, "gpu_time_budget": null, "module": "model.layers.21.mlp.down_proj", "step": 8192}
{"stage": "sequential-round-train-nll", "pid": 4080976, "time": 1789708401.0912979, "cuda_visible_devices": "2", "allocated_gib": 3.795783519744873, "reserved_gib": 3.80078125, "peak_allocated_gib": 7.100478649139404, "gpu_time_budget": null, "module": "model.layers.21.mlp.down_proj", "step": 512}
Evaluation segment 1/1: start=0, windows=8, seqlen=2048
{"stage": "sequential-round-train-nll", "pid": 4080976, "time": 1789708405.5719569, "cuda_visible_devices": "2", "allocated_gib": 3.795783519744873, "reserved_gib": 5.791015625, "peak_allocated_gib": 7.100478649139404, "gpu_time_budget": null, "module": "model.layers.21.mlp.down_proj", "step": 2048}
Evaluation segment 1/1: start=0, windows=8, seqlen=2048
{"stage": "sequential-round-train-nll", "pid": 4080976, "time": 1789708409.7192075, "cuda_visible_devices": "2", "allocated_gib": 3.795783519744873, "reserved_gib": 5.791015625, "peak_allocated_gib": 7.100478649139404, "gpu_time_budget": null, "module": "model.layers.21.mlp.down_proj", "step": 8192}
Evaluation segment 1/1: start=0, windows=8, seqlen=2048
{"stage": "sequential-module-completed", "pid": 4080976, "time": 1789708413.9863305, "cuda_visible_devices": "2", "allocated_gib": 3.795783519744873, "reserved_gib": 5.791015625, "peak_allocated_gib": 7.100478649139404, "gpu_time_budget": null, "module": "model.layers.21.mlp.down_proj", "completed": 22, "total": 28, "selected_train_nll": 2.9444268322934795, "elapsed_seconds": 1586.9714829660952}
{"stage": "sequential-round-fit", "pid": 4080976, "time": 1789708419.860708, "cuda_visible_devices": "2", "allocated_gib": 3.795783519744873, "reserved_gib": 5.791015625, "peak_allocated_gib": 7.100478649139404, "gpu_time_budget": null, "module": "model.layers.22.mlp.down_proj", "fit_rows": 49152, "heldout_rows": 16384}
{"stage": "sequential-round-coordinate", "pid": 4080976, "time": 1789708420.9197857, "cuda_visible_devices": "2", "allocated_gib": 5.225533962249756, "reserved_gib": 8.041015625, "peak_allocated_gib": 7.100478649139404, "gpu_time_budget": null, "module": "model.layers.22.mlp.down_proj", "step": 128}
{"stage": "sequential-round-coordinate", "pid": 4080976, "time": 1789708421.8734226, "cuda_visible_devices": "2", "allocated_gib": 5.225533962249756, "reserved_gib": 8.041015625, "peak_allocated_gib": 7.100478649139404, "gpu_time_budget": null, "module": "model.layers.22.mlp.down_proj", "step": 256}
{"stage": "sequential-round-coordinate", "pid": 4080976, "time": 1789708422.8265593, "cuda_visible_devices": "2", "allocated_gib": 5.225533962249756, "reserved_gib": 8.041015625, "peak_allocated_gib": 7.100478649139404, "gpu_time_budget": null, "module": "model.layers.22.mlp.down_proj", "step": 384}
{"stage": "sequential-round-coordinate", "pid": 4080976, "time": 1789708423.8623693, "cuda_visible_devices": "2", "allocated_gib": 5.225533962249756, "reserved_gib": 8.041015625, "peak_allocated_gib": 7.100478649139404, "gpu_time_budget": null, "module": "model.layers.22.mlp.down_proj", "step": 512}
{"stage": "sequential-round-coordinate", "pid": 4080976, "time": 1789708424.8199885, "cuda_visible_devices": "2", "allocated_gib": 5.225533962249756, "reserved_gib": 8.041015625, "peak_allocated_gib": 7.100478649139404, "gpu_time_budget": null, "module": "model.layers.22.mlp.down_proj", "step": 640}
{"stage": "sequential-round-coordinate", "pid": 4080976, "time": 1789708425.7719817, "cuda_visible_devices": "2", "allocated_gib": 5.225533962249756, "reserved_gib": 8.041015625, "peak_allocated_gib": 7.100478649139404, "gpu_time_budget": null, "module": "model.layers.22.mlp.down_proj", "step": 768}
{"stage": "sequential-round-coordinate", "pid": 4080976, "time": 1789708426.7259765, "cuda_visible_devices": "2", "allocated_gib": 5.225533962249756, "reserved_gib": 8.041015625, "peak_allocated_gib": 7.100478649139404, "gpu_time_budget": null, "module": "model.layers.22.mlp.down_proj", "step": 896}
{"stage": "sequential-round-coordinate", "pid": 4080976, "time": 1789708427.6759992, "cuda_visible_devices": "2", "allocated_gib": 5.225533962249756, "reserved_gib": 8.041015625, "peak_allocated_gib": 7.100478649139404, "gpu_time_budget": null, "module": "model.layers.22.mlp.down_proj", "step": 1024}
{"stage": "sequential-round-coordinate", "pid": 4080976, "time": 1789708428.6237204, "cuda_visible_devices": "2", "allocated_gib": 5.225533962249756, "reserved_gib": 8.041015625, "peak_allocated_gib": 7.100478649139404, "gpu_time_budget": null, "module": "model.layers.22.mlp.down_proj", "step": 1152}
{"stage": "sequential-round-coordinate", "pid": 4080976, "time": 1789708429.5771468, "cuda_visible_devices": "2", "allocated_gib": 5.225533962249756, "reserved_gib": 8.041015625, "peak_allocated_gib": 7.100478649139404, "gpu_time_budget": null, "module": "model.layers.22.mlp.down_proj", "step": 1280}
{"stage": "sequential-round-coordinate", "pid": 4080976, "time": 1789708430.5254695, "cuda_visible_devices": "2", "allocated_gib": 5.225533962249756, "reserved_gib": 8.041015625, "peak_allocated_gib": 7.100478649139404, "gpu_time_budget": null, "module": "model.layers.22.mlp.down_proj", "step": 1408}
{"stage": "sequential-round-coordinate", "pid": 4080976, "time": 1789708431.4790187, "cuda_visible_devices": "2", "allocated_gib": 5.225533962249756, "reserved_gib": 8.041015625, "peak_allocated_gib": 7.100478649139404, "gpu_time_budget": null, "module": "model.layers.22.mlp.down_proj", "step": 1536}
{"stage": "sequential-round-coordinate", "pid": 4080976, "time": 1789708432.426369, "cuda_visible_devices": "2", "allocated_gib": 5.225533962249756, "reserved_gib": 8.041015625, "peak_allocated_gib": 7.100478649139404, "gpu_time_budget": null, "module": "model.layers.22.mlp.down_proj", "step": 1664}
{"stage": "sequential-round-coordinate", "pid": 4080976, "time": 1789708433.3849287, "cuda_visible_devices": "2", "allocated_gib": 5.225533962249756, "reserved_gib": 8.041015625, "peak_allocated_gib": 7.100478649139404, "gpu_time_budget": null, "module": "model.layers.22.mlp.down_proj", "step": 1792}
{"stage": "sequential-round-coordinate", "pid": 4080976, "time": 1789708434.337491, "cuda_visible_devices": "2", "allocated_gib": 5.225533962249756, "reserved_gib": 8.041015625, "peak_allocated_gib": 7.100478649139404, "gpu_time_budget": null, "module": "model.layers.22.mlp.down_proj", "step": 1920}
{"stage": "sequential-round-coordinate", "pid": 4080976, "time": 1789708435.3780932, "cuda_visible_devices": "2", "allocated_gib": 5.225533962249756, "reserved_gib": 8.041015625, "peak_allocated_gib": 7.100478649139404, "gpu_time_budget": null, "module": "model.layers.22.mlp.down_proj", "step": 2048}
{"stage": "sequential-round-coordinate", "pid": 4080976, "time": 1789708436.338435, "cuda_visible_devices": "2", "allocated_gib": 5.225533962249756, "reserved_gib": 8.041015625, "peak_allocated_gib": 7.100478649139404, "gpu_time_budget": null, "module": "model.layers.22.mlp.down_proj", "step": 2176}
{"stage": "sequential-round-coordinate", "pid": 4080976, "time": 1789708437.2956398, "cuda_visible_devices": "2", "allocated_gib": 5.225533962249756, "reserved_gib": 8.041015625, "peak_allocated_gib": 7.100478649139404, "gpu_time_budget": null, "module": "model.layers.22.mlp.down_proj", "step": 2304}
{"stage": "sequential-round-coordinate", "pid": 4080976, "time": 1789708438.2522867, "cuda_visible_devices": "2", "allocated_gib": 5.225533962249756, "reserved_gib": 8.041015625, "peak_allocated_gib": 7.100478649139404, "gpu_time_budget": null, "module": "model.layers.22.mlp.down_proj", "step": 2432}
{"stage": "sequential-round-coordinate", "pid": 4080976, "time": 1789708439.21073, "cuda_visible_devices": "2", "allocated_gib": 5.225533962249756, "reserved_gib": 8.041015625, "peak_allocated_gib": 7.100478649139404, "gpu_time_budget": null, "module": "model.layers.22.mlp.down_proj", "step": 2560}
{"stage": "sequential-round-coordinate", "pid": 4080976, "time": 1789708440.1665742, "cuda_visible_devices": "2", "allocated_gib": 5.225533962249756, "reserved_gib": 8.041015625, "peak_allocated_gib": 7.100478649139404, "gpu_time_budget": null, "module": "model.layers.22.mlp.down_proj", "step": 2688}
{"stage": "sequential-round-coordinate", "pid": 4080976, "time": 1789708441.11951, "cuda_visible_devices": "2", "allocated_gib": 5.225533962249756, "reserved_gib": 8.041015625, "peak_allocated_gib": 7.100478649139404, "gpu_time_budget": null, "module": "model.layers.22.mlp.down_proj", "step": 2816}
{"stage": "sequential-round-coordinate", "pid": 4080976, "time": 1789708442.0721662, "cuda_visible_devices": "2", "allocated_gib": 5.225533962249756, "reserved_gib": 8.041015625, "peak_allocated_gib": 7.100478649139404, "gpu_time_budget": null, "module": "model.layers.22.mlp.down_proj", "step": 2944}
{"stage": "sequential-round-coordinate", "pid": 4080976, "time": 1789708443.0275683, "cuda_visible_devices": "2", "allocated_gib": 5.225533962249756, "reserved_gib": 8.041015625, "peak_allocated_gib": 7.100478649139404, "gpu_time_budget": null, "module": "model.layers.22.mlp.down_proj", "step": 3072}
{"stage": "sequential-round-coordinate", "pid": 4080976, "time": 1789708443.9887815, "cuda_visible_devices": "2", "allocated_gib": 5.225533962249756, "reserved_gib": 8.041015625, "peak_allocated_gib": 7.100478649139404, "gpu_time_budget": null, "module": "model.layers.22.mlp.down_proj", "step": 3200}
{"stage": "sequential-round-coordinate", "pid": 4080976, "time": 1789708444.9488237, "cuda_visible_devices": "2", "allocated_gib": 5.225533962249756, "reserved_gib": 8.041015625, "peak_allocated_gib": 7.100478649139404, "gpu_time_budget": null, "module": "model.layers.22.mlp.down_proj", "step": 3328}
{"stage": "sequential-round-coordinate", "pid": 4080976, "time": 1789708445.909659, "cuda_visible_devices": "2", "allocated_gib": 5.225533962249756, "reserved_gib": 8.041015625, "peak_allocated_gib": 7.100478649139404, "gpu_time_budget": null, "module": "model.layers.22.mlp.down_proj", "step": 3456}
{"stage": "sequential-round-coordinate", "pid": 4080976, "time": 1789708446.8722937, "cuda_visible_devices": "2", "allocated_gib": 5.225533962249756, "reserved_gib": 8.041015625, "peak_allocated_gib": 7.100478649139404, "gpu_time_budget": null, "module": "model.layers.22.mlp.down_proj", "step": 3584}
{"stage": "sequential-round-coordinate", "pid": 4080976, "time": 1789708447.833152, "cuda_visible_devices": "2", "allocated_gib": 5.225533962249756, "reserved_gib": 8.041015625, "peak_allocated_gib": 7.100478649139404, "gpu_time_budget": null, "module": "model.layers.22.mlp.down_proj", "step": 3712}
{"stage": "sequential-round-coordinate", "pid": 4080976, "time": 1789708448.7932937, "cuda_visible_devices": "2", "allocated_gib": 5.225533962249756, "reserved_gib": 8.041015625, "peak_allocated_gib": 7.100478649139404, "gpu_time_budget": null, "module": "model.layers.22.mlp.down_proj", "step": 3840}
{"stage": "sequential-round-coordinate", "pid": 4080976, "time": 1789708449.7515454, "cuda_visible_devices": "2", "allocated_gib": 5.225533962249756, "reserved_gib": 8.041015625, "peak_allocated_gib": 7.100478649139404, "gpu_time_budget": null, "module": "model.layers.22.mlp.down_proj", "step": 3968}
{"stage": "sequential-round-coordinate", "pid": 4080976, "time": 1789708450.7154243, "cuda_visible_devices": "2", "allocated_gib": 5.225533962249756, "reserved_gib": 8.041015625, "peak_allocated_gib": 7.100478649139404, "gpu_time_budget": null, "module": "model.layers.22.mlp.down_proj", "step": 4096}
{"stage": "sequential-round-coordinate", "pid": 4080976, "time": 1789708451.6739523, "cuda_visible_devices": "2", "allocated_gib": 5.225533962249756, "reserved_gib": 8.041015625, "peak_allocated_gib": 7.100478649139404, "gpu_time_budget": null, "module": "model.layers.22.mlp.down_proj", "step": 4224}
{"stage": "sequential-round-coordinate", "pid": 4080976, "time": 1789708452.6349733, "cuda_visible_devices": "2", "allocated_gib": 5.225533962249756, "reserved_gib": 8.041015625, "peak_allocated_gib": 7.100478649139404, "gpu_time_budget": null, "module": "model.layers.22.mlp.down_proj", "step": 4352}
{"stage": "sequential-round-coordinate", "pid": 4080976, "time": 1789708453.5977058, "cuda_visible_devices": "2", "allocated_gib": 5.225533962249756, "reserved_gib": 8.041015625, "peak_allocated_gib": 7.100478649139404, "gpu_time_budget": null, "module": "model.layers.22.mlp.down_proj", "step": 4480}
{"stage": "sequential-round-coordinate", "pid": 4080976, "time": 1789708454.5546331, "cuda_visible_devices": "2", "allocated_gib": 5.225533962249756, "reserved_gib": 8.041015625, "peak_allocated_gib": 7.100478649139404, "gpu_time_budget": null, "module": "model.layers.22.mlp.down_proj", "step": 4608}
{"stage": "sequential-round-coordinate", "pid": 4080976, "time": 1789708455.5169597, "cuda_visible_devices": "2", "allocated_gib": 5.225533962249756, "reserved_gib": 8.041015625, "peak_allocated_gib": 7.100478649139404, "gpu_time_budget": null, "module": "model.layers.22.mlp.down_proj", "step": 4736}
{"stage": "sequential-round-coordinate", "pid": 4080976, "time": 1789708456.4733846, "cuda_visible_devices": "2", "allocated_gib": 5.225533962249756, "reserved_gib": 8.041015625, "peak_allocated_gib": 7.100478649139404, "gpu_time_budget": null, "module": "model.layers.22.mlp.down_proj", "step": 4864}
{"stage": "sequential-round-coordinate", "pid": 4080976, "time": 1789708457.4315684, "cuda_visible_devices": "2", "allocated_gib": 5.225533962249756, "reserved_gib": 8.041015625, "peak_allocated_gib": 7.100478649139404, "gpu_time_budget": null, "module": "model.layers.22.mlp.down_proj", "step": 4992}
{"stage": "sequential-round-coordinate", "pid": 4080976, "time": 1789708458.3857937, "cuda_visible_devices": "2", "allocated_gib": 5.225533962249756, "reserved_gib": 8.041015625, "peak_allocated_gib": 7.100478649139404, "gpu_time_budget": null, "module": "model.layers.22.mlp.down_proj", "step": 5120}
{"stage": "sequential-round-coordinate", "pid": 4080976, "time": 1789708459.344306, "cuda_visible_devices": "2", "allocated_gib": 5.225533962249756, "reserved_gib": 8.041015625, "peak_allocated_gib": 7.100478649139404, "gpu_time_budget": null, "module": "model.layers.22.mlp.down_proj", "step": 5248}
{"stage": "sequential-round-coordinate", "pid": 4080976, "time": 1789708460.3039126, "cuda_visible_devices": "2", "allocated_gib": 5.225533962249756, "reserved_gib": 8.041015625, "peak_allocated_gib": 7.100478649139404, "gpu_time_budget": null, "module": "model.layers.22.mlp.down_proj", "step": 5376}
{"stage": "sequential-round-coordinate", "pid": 4080976, "time": 1789708461.2618418, "cuda_visible_devices": "2", "allocated_gib": 5.225533962249756, "reserved_gib": 8.041015625, "peak_allocated_gib": 7.100478649139404, "gpu_time_budget": null, "module": "model.layers.22.mlp.down_proj", "step": 5504}
{"stage": "sequential-round-coordinate", "pid": 4080976, "time": 1789708462.2189724, "cuda_visible_devices": "2", "allocated_gib": 5.225533962249756, "reserved_gib": 8.041015625, "peak_allocated_gib": 7.100478649139404, "gpu_time_budget": null, "module": "model.layers.22.mlp.down_proj", "step": 5632}
{"stage": "sequential-round-coordinate", "pid": 4080976, "time": 1789708463.175673, "cuda_visible_devices": "2", "allocated_gib": 5.225533962249756, "reserved_gib": 8.041015625, "peak_allocated_gib": 7.100478649139404, "gpu_time_budget": null, "module": "model.layers.22.mlp.down_proj", "step": 5760}
{"stage": "sequential-round-coordinate", "pid": 4080976, "time": 1789708464.1316743, "cuda_visible_devices": "2", "allocated_gib": 5.225533962249756, "reserved_gib": 8.041015625, "peak_allocated_gib": 7.100478649139404, "gpu_time_budget": null, "module": "model.layers.22.mlp.down_proj", "step": 5888}
{"stage": "sequential-round-coordinate", "pid": 4080976, "time": 1789708465.0865393, "cuda_visible_devices": "2", "allocated_gib": 5.225533962249756, "reserved_gib": 8.041015625, "peak_allocated_gib": 7.100478649139404, "gpu_time_budget": null, "module": "model.layers.22.mlp.down_proj", "step": 6016}
{"stage": "sequential-round-coordinate", "pid": 4080976, "time": 1789708466.0485282, "cuda_visible_devices": "2", "allocated_gib": 5.225533962249756, "reserved_gib": 8.041015625, "peak_allocated_gib": 7.100478649139404, "gpu_time_budget": null, "module": "model.layers.22.mlp.down_proj", "step": 6144}
{"stage": "sequential-round-coordinate", "pid": 4080976, "time": 1789708467.0093212, "cuda_visible_devices": "2", "allocated_gib": 5.225533962249756, "reserved_gib": 8.041015625, "peak_allocated_gib": 7.100478649139404, "gpu_time_budget": null, "module": "model.layers.22.mlp.down_proj", "step": 6272}
{"stage": "sequential-round-coordinate", "pid": 4080976, "time": 1789708467.9626343, "cuda_visible_devices": "2", "allocated_gib": 5.225533962249756, "reserved_gib": 8.041015625, "peak_allocated_gib": 7.100478649139404, "gpu_time_budget": null, "module": "model.layers.22.mlp.down_proj", "step": 6400}
{"stage": "sequential-round-coordinate", "pid": 4080976, "time": 1789708468.9175754, "cuda_visible_devices": "2", "allocated_gib": 5.225533962249756, "reserved_gib": 8.041015625, "peak_allocated_gib": 7.100478649139404, "gpu_time_budget": null, "module": "model.layers.22.mlp.down_proj", "step": 6528}
{"stage": "sequential-round-coordinate", "pid": 4080976, "time": 1789708469.8782136, "cuda_visible_devices": "2", "allocated_gib": 5.225533962249756, "reserved_gib": 8.041015625, "peak_allocated_gib": 7.100478649139404, "gpu_time_budget": null, "module": "model.layers.22.mlp.down_proj", "step": 6656}
{"stage": "sequential-round-coordinate", "pid": 4080976, "time": 1789708470.833112, "cuda_visible_devices": "2", "allocated_gib": 5.225533962249756, "reserved_gib": 8.041015625, "peak_allocated_gib": 7.100478649139404, "gpu_time_budget": null, "module": "model.layers.22.mlp.down_proj", "step": 6784}
{"stage": "sequential-round-coordinate", "pid": 4080976, "time": 1789708471.788713, "cuda_visible_devices": "2", "allocated_gib": 5.225533962249756, "reserved_gib": 8.041015625, "peak_allocated_gib": 7.100478649139404, "gpu_time_budget": null, "module": "model.layers.22.mlp.down_proj", "step": 6912}
{"stage": "sequential-round-coordinate", "pid": 4080976, "time": 1789708472.7486997, "cuda_visible_devices": "2", "allocated_gib": 5.225533962249756, "reserved_gib": 8.041015625, "peak_allocated_gib": 7.100478649139404, "gpu_time_budget": null, "module": "model.layers.22.mlp.down_proj", "step": 7040}
{"stage": "sequential-round-coordinate", "pid": 4080976, "time": 1789708473.7062519, "cuda_visible_devices": "2", "allocated_gib": 5.225533962249756, "reserved_gib": 8.041015625, "peak_allocated_gib": 7.100478649139404, "gpu_time_budget": null, "module": "model.layers.22.mlp.down_proj", "step": 7168}
{"stage": "sequential-round-coordinate", "pid": 4080976, "time": 1789708474.6623633, "cuda_visible_devices": "2", "allocated_gib": 5.225533962249756, "reserved_gib": 8.041015625, "peak_allocated_gib": 7.100478649139404, "gpu_time_budget": null, "module": "model.layers.22.mlp.down_proj", "step": 7296}
{"stage": "sequential-round-coordinate", "pid": 4080976, "time": 1789708475.6196816, "cuda_visible_devices": "2", "allocated_gib": 5.225533962249756, "reserved_gib": 8.041015625, "peak_allocated_gib": 7.100478649139404, "gpu_time_budget": null, "module": "model.layers.22.mlp.down_proj", "step": 7424}
{"stage": "sequential-round-coordinate", "pid": 4080976, "time": 1789708476.5803406, "cuda_visible_devices": "2", "allocated_gib": 5.225533962249756, "reserved_gib": 8.041015625, "peak_allocated_gib": 7.100478649139404, "gpu_time_budget": null, "module": "model.layers.22.mlp.down_proj", "step": 7552}
{"stage": "sequential-round-coordinate", "pid": 4080976, "time": 1789708477.5330918, "cuda_visible_devices": "2", "allocated_gib": 5.225533962249756, "reserved_gib": 8.041015625, "peak_allocated_gib": 7.100478649139404, "gpu_time_budget": null, "module": "model.layers.22.mlp.down_proj", "step": 7680}
{"stage": "sequential-round-coordinate", "pid": 4080976, "time": 1789708478.4930437, "cuda_visible_devices": "2", "allocated_gib": 5.225533962249756, "reserved_gib": 8.041015625, "peak_allocated_gib": 7.100478649139404, "gpu_time_budget": null, "module": "model.layers.22.mlp.down_proj", "step": 7808}
{"stage": "sequential-round-coordinate", "pid": 4080976, "time": 1789708479.4539783, "cuda_visible_devices": "2", "allocated_gib": 5.225533962249756, "reserved_gib": 8.041015625, "peak_allocated_gib": 7.100478649139404, "gpu_time_budget": null, "module": "model.layers.22.mlp.down_proj", "step": 7936}
{"stage": "sequential-round-coordinate", "pid": 4080976, "time": 1789708480.4064717, "cuda_visible_devices": "2", "allocated_gib": 5.225533962249756, "reserved_gib": 8.041015625, "peak_allocated_gib": 7.100478649139404, "gpu_time_budget": null, "module": "model.layers.22.mlp.down_proj", "step": 8064}
{"stage": "sequential-round-coordinate", "pid": 4080976, "time": 1789708481.4456198, "cuda_visible_devices": "2", "allocated_gib": 5.225533962249756, "reserved_gib": 8.041015625, "peak_allocated_gib": 7.100478649139404, "gpu_time_budget": null, "module": "model.layers.22.mlp.down_proj", "step": 8192}
{"stage": "sequential-round-train-nll", "pid": 4080976, "time": 1789708481.4894354, "cuda_visible_devices": "2", "allocated_gib": 3.795783519744873, "reserved_gib": 3.80078125, "peak_allocated_gib": 7.100478649139404, "gpu_time_budget": null, "module": "model.layers.22.mlp.down_proj", "step": 512}
Evaluation segment 1/1: start=0, windows=8, seqlen=2048
{"stage": "sequential-round-train-nll", "pid": 4080976, "time": 1789708485.8214478, "cuda_visible_devices": "2", "allocated_gib": 3.795783519744873, "reserved_gib": 5.791015625, "peak_allocated_gib": 7.100478649139404, "gpu_time_budget": null, "module": "model.layers.22.mlp.down_proj", "step": 2048}
Evaluation segment 1/1: start=0, windows=8, seqlen=2048
{"stage": "sequential-round-train-nll", "pid": 4080976, "time": 1789708489.907549, "cuda_visible_devices": "2", "allocated_gib": 3.795783519744873, "reserved_gib": 5.791015625, "peak_allocated_gib": 7.100478649139404, "gpu_time_budget": null, "module": "model.layers.22.mlp.down_proj", "step": 8192}
Evaluation segment 1/1: start=0, windows=8, seqlen=2048
{"stage": "sequential-module-completed", "pid": 4080976, "time": 1789708493.9626982, "cuda_visible_devices": "2", "allocated_gib": 3.795783519744873, "reserved_gib": 5.791015625, "peak_allocated_gib": 7.100478649139404, "gpu_time_budget": null, "module": "model.layers.22.mlp.down_proj", "completed": 23, "total": 28, "selected_train_nll": 2.9444268322934795, "elapsed_seconds": 1666.9478463589912}
{"stage": "sequential-round-fit", "pid": 4080976, "time": 1789708500.2399955, "cuda_visible_devices": "2", "allocated_gib": 3.795783519744873, "reserved_gib": 5.791015625, "peak_allocated_gib": 7.100478649139404, "gpu_time_budget": null, "module": "model.layers.23.mlp.down_proj", "fit_rows": 49152, "heldout_rows": 16384}
{"stage": "sequential-round-coordinate", "pid": 4080976, "time": 1789708501.546259, "cuda_visible_devices": "2", "allocated_gib": 5.225533962249756, "reserved_gib": 8.041015625, "peak_allocated_gib": 7.100478649139404, "gpu_time_budget": null, "module": "model.layers.23.mlp.down_proj", "step": 128}
{"stage": "sequential-round-coordinate", "pid": 4080976, "time": 1789708502.4980106, "cuda_visible_devices": "2", "allocated_gib": 5.225533962249756, "reserved_gib": 8.041015625, "peak_allocated_gib": 7.100478649139404, "gpu_time_budget": null, "module": "model.layers.23.mlp.down_proj", "step": 256}
{"stage": "sequential-round-coordinate", "pid": 4080976, "time": 1789708503.4520235, "cuda_visible_devices": "2", "allocated_gib": 5.225533962249756, "reserved_gib": 8.041015625, "peak_allocated_gib": 7.100478649139404, "gpu_time_budget": null, "module": "model.layers.23.mlp.down_proj", "step": 384}
{"stage": "sequential-round-coordinate", "pid": 4080976, "time": 1789708504.4994643, "cuda_visible_devices": "2", "allocated_gib": 5.225533962249756, "reserved_gib": 8.041015625, "peak_allocated_gib": 7.100478649139404, "gpu_time_budget": null, "module": "model.layers.23.mlp.down_proj", "step": 512}
{"stage": "sequential-round-coordinate", "pid": 4080976, "time": 1789708505.4646401, "cuda_visible_devices": "2", "allocated_gib": 5.225533962249756, "reserved_gib": 8.041015625, "peak_allocated_gib": 7.100478649139404, "gpu_time_budget": null, "module": "model.layers.23.mlp.down_proj", "step": 640}
{"stage": "sequential-round-coordinate", "pid": 4080976, "time": 1789708506.4260092, "cuda_visible_devices": "2", "allocated_gib": 5.225533962249756, "reserved_gib": 8.041015625, "peak_allocated_gib": 7.100478649139404, "gpu_time_budget": null, "module": "model.layers.23.mlp.down_proj", "step": 768}
{"stage": "sequential-round-coordinate", "pid": 4080976, "time": 1789708507.3888056, "cuda_visible_devices": "2", "allocated_gib": 5.225533962249756, "reserved_gib": 8.041015625, "peak_allocated_gib": 7.100478649139404, "gpu_time_budget": null, "module": "model.layers.23.mlp.down_proj", "step": 896}
{"stage": "sequential-round-coordinate", "pid": 4080976, "time": 1789708508.351026, "cuda_visible_devices": "2", "allocated_gib": 5.225533962249756, "reserved_gib": 8.041015625, "peak_allocated_gib": 7.100478649139404, "gpu_time_budget": null, "module": "model.layers.23.mlp.down_proj", "step": 1024}
{"stage": "sequential-round-coordinate", "pid": 4080976, "time": 1789708509.314022, "cuda_visible_devices": "2", "allocated_gib": 5.225533962249756, "reserved_gib": 8.041015625, "peak_allocated_gib": 7.100478649139404, "gpu_time_budget": null, "module": "model.layers.23.mlp.down_proj", "step": 1152}
{"stage": "sequential-round-coordinate", "pid": 4080976, "time": 1789708510.2689025, "cuda_visible_devices": "2", "allocated_gib": 5.225533962249756, "reserved_gib": 8.041015625, "peak_allocated_gib": 7.100478649139404, "gpu_time_budget": null, "module": "model.layers.23.mlp.down_proj", "step": 1280}
{"stage": "sequential-round-coordinate", "pid": 4080976, "time": 1789708511.2293181, "cuda_visible_devices": "2", "allocated_gib": 5.225533962249756, "reserved_gib": 8.041015625, "peak_allocated_gib": 7.100478649139404, "gpu_time_budget": null, "module": "model.layers.23.mlp.down_proj", "step": 1408}
{"stage": "sequential-round-coordinate", "pid": 4080976, "time": 1789708512.188412, "cuda_visible_devices": "2", "allocated_gib": 5.225533962249756, "reserved_gib": 8.041015625, "peak_allocated_gib": 7.100478649139404, "gpu_time_budget": null, "module": "model.layers.23.mlp.down_proj", "step": 1536}
{"stage": "sequential-round-coordinate", "pid": 4080976, "time": 1789708513.1478245, "cuda_visible_devices": "2", "allocated_gib": 5.225533962249756, "reserved_gib": 8.041015625, "peak_allocated_gib": 7.100478649139404, "gpu_time_budget": null, "module": "model.layers.23.mlp.down_proj", "step": 1664}
{"stage": "sequential-round-coordinate", "pid": 4080976, "time": 1789708514.1087484, "cuda_visible_devices": "2", "allocated_gib": 5.225533962249756, "reserved_gib": 8.041015625, "peak_allocated_gib": 7.100478649139404, "gpu_time_budget": null, "module": "model.layers.23.mlp.down_proj", "step": 1792}
{"stage": "sequential-round-coordinate", "pid": 4080976, "time": 1789708515.0734272, "cuda_visible_devices": "2", "allocated_gib": 5.225533962249756, "reserved_gib": 8.041015625, "peak_allocated_gib": 7.100478649139404, "gpu_time_budget": null, "module": "model.layers.23.mlp.down_proj", "step": 1920}
{"stage": "sequential-round-coordinate", "pid": 4080976, "time": 1789708516.1237128, "cuda_visible_devices": "2", "allocated_gib": 5.225533962249756, "reserved_gib": 8.041015625, "peak_allocated_gib": 7.100478649139404, "gpu_time_budget": null, "module": "model.layers.23.mlp.down_proj", "step": 2048}
{"stage": "sequential-round-coordinate", "pid": 4080976, "time": 1789708517.0838754, "cuda_visible_devices": "2", "allocated_gib": 5.225533962249756, "reserved_gib": 8.041015625, "peak_allocated_gib": 7.100478649139404, "gpu_time_budget": null, "module": "model.layers.23.mlp.down_proj", "step": 2176}
{"stage": "sequential-round-coordinate", "pid": 4080976, "time": 1789708518.0420508, "cuda_visible_devices": "2", "allocated_gib": 5.225533962249756, "reserved_gib": 8.041015625, "peak_allocated_gib": 7.100478649139404, "gpu_time_budget": null, "module": "model.layers.23.mlp.down_proj", "step": 2304}
{"stage": "sequential-round-coordinate", "pid": 4080976, "time": 1789708518.9986742, "cuda_visible_devices": "2", "allocated_gib": 5.225533962249756, "reserved_gib": 8.041015625, "peak_allocated_gib": 7.100478649139404, "gpu_time_budget": null, "module": "model.layers.23.mlp.down_proj", "step": 2432}
{"stage": "sequential-round-coordinate", "pid": 4080976, "time": 1789708519.9584188, "cuda_visible_devices": "2", "allocated_gib": 5.225533962249756, "reserved_gib": 8.041015625, "peak_allocated_gib": 7.100478649139404, "gpu_time_budget": null, "module": "model.layers.23.mlp.down_proj", "step": 2560}
{"stage": "sequential-round-coordinate", "pid": 4080976, "time": 1789708520.9168115, "cuda_visible_devices": "2", "allocated_gib": 5.225533962249756, "reserved_gib": 8.041015625, "peak_allocated_gib": 7.100478649139404, "gpu_time_budget": null, "module": "model.layers.23.mlp.down_proj", "step": 2688}
{"stage": "sequential-round-coordinate", "pid": 4080976, "time": 1789708521.876158, "cuda_visible_devices": "2", "allocated_gib": 5.225533962249756, "reserved_gib": 8.041015625, "peak_allocated_gib": 7.100478649139404, "gpu_time_budget": null, "module": "model.layers.23.mlp.down_proj", "step": 2816}
{"stage": "sequential-round-coordinate", "pid": 4080976, "time": 1789708522.8368251, "cuda_visible_devices": "2", "allocated_gib": 5.225533962249756, "reserved_gib": 8.041015625, "peak_allocated_gib": 7.100478649139404, "gpu_time_budget": null, "module": "model.layers.23.mlp.down_proj", "step": 2944}
{"stage": "sequential-round-coordinate", "pid": 4080976, "time": 1789708523.7994013, "cuda_visible_devices": "2", "allocated_gib": 5.225533962249756, "reserved_gib": 8.041015625, "peak_allocated_gib": 7.100478649139404, "gpu_time_budget": null, "module": "model.layers.23.mlp.down_proj", "step": 3072}
{"stage": "sequential-round-coordinate", "pid": 4080976, "time": 1789708524.7552414, "cuda_visible_devices": "2", "allocated_gib": 5.225533962249756, "reserved_gib": 8.041015625, "peak_allocated_gib": 7.100478649139404, "gpu_time_budget": null, "module": "model.layers.23.mlp.down_proj", "step": 3200}
{"stage": "sequential-round-coordinate", "pid": 4080976, "time": 1789708525.7172186, "cuda_visible_devices": "2", "allocated_gib": 5.225533962249756, "reserved_gib": 8.041015625, "peak_allocated_gib": 7.100478649139404, "gpu_time_budget": null, "module": "model.layers.23.mlp.down_proj", "step": 3328}
{"stage": "sequential-round-coordinate", "pid": 4080976, "time": 1789708526.6731477, "cuda_visible_devices": "2", "allocated_gib": 5.225533962249756, "reserved_gib": 8.041015625, "peak_allocated_gib": 7.100478649139404, "gpu_time_budget": null, "module": "model.layers.23.mlp.down_proj", "step": 3456}
{"stage": "sequential-round-coordinate", "pid": 4080976, "time": 1789708527.6305535, "cuda_visible_devices": "2", "allocated_gib": 5.225533962249756, "reserved_gib": 8.041015625, "peak_allocated_gib": 7.100478649139404, "gpu_time_budget": null, "module": "model.layers.23.mlp.down_proj", "step": 3584}
{"stage": "sequential-round-coordinate", "pid": 4080976, "time": 1789708528.587106, "cuda_visible_devices": "2", "allocated_gib": 5.225533962249756, "reserved_gib": 8.041015625, "peak_allocated_gib": 7.100478649139404, "gpu_time_budget": null, "module": "model.layers.23.mlp.down_proj", "step": 3712}
{"stage": "sequential-round-coordinate", "pid": 4080976, "time": 1789708529.5450652, "cuda_visible_devices": "2", "allocated_gib": 5.225533962249756, "reserved_gib": 8.041015625, "peak_allocated_gib": 7.100478649139404, "gpu_time_budget": null, "module": "model.layers.23.mlp.down_proj", "step": 3840}
{"stage": "sequential-round-coordinate", "pid": 4080976, "time": 1789708530.5033908, "cuda_visible_devices": "2", "allocated_gib": 5.225533962249756, "reserved_gib": 8.041015625, "peak_allocated_gib": 7.100478649139404, "gpu_time_budget": null, "module": "model.layers.23.mlp.down_proj", "step": 3968}
{"stage": "sequential-round-coordinate", "pid": 4080976, "time": 1789708531.4627151, "cuda_visible_devices": "2", "allocated_gib": 5.225533962249756, "reserved_gib": 8.041015625, "peak_allocated_gib": 7.100478649139404, "gpu_time_budget": null, "module": "model.layers.23.mlp.down_proj", "step": 4096}
{"stage": "sequential-round-coordinate", "pid": 4080976, "time": 1789708532.4172666, "cuda_visible_devices": "2", "allocated_gib": 5.225533962249756, "reserved_gib": 8.041015625, "peak_allocated_gib": 7.100478649139404, "gpu_time_budget": null, "module": "model.layers.23.mlp.down_proj", "step": 4224}
{"stage": "sequential-round-coordinate", "pid": 4080976, "time": 1789708533.3766708, "cuda_visible_devices": "2", "allocated_gib": 5.225533962249756, "reserved_gib": 8.041015625, "peak_allocated_gib": 7.100478649139404, "gpu_time_budget": null, "module": "model.layers.23.mlp.down_proj", "step": 4352}
{"stage": "sequential-round-coordinate", "pid": 4080976, "time": 1789708534.3297617, "cuda_visible_devices": "2", "allocated_gib": 5.225533962249756, "reserved_gib": 8.041015625, "peak_allocated_gib": 7.100478649139404, "gpu_time_budget": null, "module": "model.layers.23.mlp.down_proj", "step": 4480}
{"stage": "sequential-round-coordinate", "pid": 4080976, "time": 1789708535.2884212, "cuda_visible_devices": "2", "allocated_gib": 5.225533962249756, "reserved_gib": 8.041015625, "peak_allocated_gib": 7.100478649139404, "gpu_time_budget": null, "module": "model.layers.23.mlp.down_proj", "step": 4608}
{"stage": "sequential-round-coordinate", "pid": 4080976, "time": 1789708536.2473445, "cuda_visible_devices": "2", "allocated_gib": 5.225533962249756, "reserved_gib": 8.041015625, "peak_allocated_gib": 7.100478649139404, "gpu_time_budget": null, "module": "model.layers.23.mlp.down_proj", "step": 4736}
{"stage": "sequential-round-coordinate", "pid": 4080976, "time": 1789708537.2061682, "cuda_visible_devices": "2", "allocated_gib": 5.225533962249756, "reserved_gib": 8.041015625, "peak_allocated_gib": 7.100478649139404, "gpu_time_budget": null, "module": "model.layers.23.mlp.down_proj", "step": 4864}
{"stage": "sequential-round-coordinate", "pid": 4080976, "time": 1789708538.1609, "cuda_visible_devices": "2", "allocated_gib": 5.225533962249756, "reserved_gib": 8.041015625, "peak_allocated_gib": 7.100478649139404, "gpu_time_budget": null, "module": "model.layers.23.mlp.down_proj", "step": 4992}
{"stage": "sequential-round-coordinate", "pid": 4080976, "time": 1789708539.120498, "cuda_visible_devices": "2", "allocated_gib": 5.225533962249756, "reserved_gib": 8.041015625, "peak_allocated_gib": 7.100478649139404, "gpu_time_budget": null, "module": "model.layers.23.mlp.down_proj", "step": 5120}
{"stage": "sequential-round-coordinate", "pid": 4080976, "time": 1789708540.0801032, "cuda_visible_devices": "2", "allocated_gib": 5.225533962249756, "reserved_gib": 8.041015625, "peak_allocated_gib": 7.100478649139404, "gpu_time_budget": null, "module": "model.layers.23.mlp.down_proj", "step": 5248}
{"stage": "sequential-round-coordinate", "pid": 4080976, "time": 1789708541.0340827, "cuda_visible_devices": "2", "allocated_gib": 5.225533962249756, "reserved_gib": 8.041015625, "peak_allocated_gib": 7.100478649139404, "gpu_time_budget": null, "module": "model.layers.23.mlp.down_proj", "step": 5376}
{"stage": "sequential-round-coordinate", "pid": 4080976, "time": 1789708541.9881866, "cuda_visible_devices": "2", "allocated_gib": 5.225533962249756, "reserved_gib": 8.041015625, "peak_allocated_gib": 7.100478649139404, "gpu_time_budget": null, "module": "model.layers.23.mlp.down_proj", "step": 5504}
{"stage": "sequential-round-coordinate", "pid": 4080976, "time": 1789708542.9434693, "cuda_visible_devices": "2", "allocated_gib": 5.225533962249756, "reserved_gib": 8.041015625, "peak_allocated_gib": 7.100478649139404, "gpu_time_budget": null, "module": "model.layers.23.mlp.down_proj", "step": 5632}
{"stage": "sequential-round-coordinate", "pid": 4080976, "time": 1789708543.8968763, "cuda_visible_devices": "2", "allocated_gib": 5.225533962249756, "reserved_gib": 8.041015625, "peak_allocated_gib": 7.100478649139404, "gpu_time_budget": null, "module": "model.layers.23.mlp.down_proj", "step": 5760}
{"stage": "sequential-round-coordinate", "pid": 4080976, "time": 1789708544.8495016, "cuda_visible_devices": "2", "allocated_gib": 5.225533962249756, "reserved_gib": 8.041015625, "peak_allocated_gib": 7.100478649139404, "gpu_time_budget": null, "module": "model.layers.23.mlp.down_proj", "step": 5888}
{"stage": "sequential-round-coordinate", "pid": 4080976, "time": 1789708545.8122706, "cuda_visible_devices": "2", "allocated_gib": 5.225533962249756, "reserved_gib": 8.041015625, "peak_allocated_gib": 7.100478649139404, "gpu_time_budget": null, "module": "model.layers.23.mlp.down_proj", "step": 6016}
{"stage": "sequential-round-coordinate", "pid": 4080976, "time": 1789708546.767591, "cuda_visible_devices": "2", "allocated_gib": 5.225533962249756, "reserved_gib": 8.041015625, "peak_allocated_gib": 7.100478649139404, "gpu_time_budget": null, "module": "model.layers.23.mlp.down_proj", "step": 6144}
{"stage": "sequential-round-coordinate", "pid": 4080976, "time": 1789708547.7255425, "cuda_visible_devices": "2", "allocated_gib": 5.225533962249756, "reserved_gib": 8.041015625, "peak_allocated_gib": 7.100478649139404, "gpu_time_budget": null, "module": "model.layers.23.mlp.down_proj", "step": 6272}
{"stage": "sequential-round-coordinate", "pid": 4080976, "time": 1789708548.6829703, "cuda_visible_devices": "2", "allocated_gib": 5.225533962249756, "reserved_gib": 8.041015625, "peak_allocated_gib": 7.100478649139404, "gpu_time_budget": null, "module": "model.layers.23.mlp.down_proj", "step": 6400}
{"stage": "sequential-round-coordinate", "pid": 4080976, "time": 1789708549.6357, "cuda_visible_devices": "2", "allocated_gib": 5.225533962249756, "reserved_gib": 8.041015625, "peak_allocated_gib": 7.100478649139404, "gpu_time_budget": null, "module": "model.layers.23.mlp.down_proj", "step": 6528}
{"stage": "sequential-round-coordinate", "pid": 4080976, "time": 1789708550.587081, "cuda_visible_devices": "2", "allocated_gib": 5.225533962249756, "reserved_gib": 8.041015625, "peak_allocated_gib": 7.100478649139404, "gpu_time_budget": null, "module": "model.layers.23.mlp.down_proj", "step": 6656}
{"stage": "sequential-round-coordinate", "pid": 4080976, "time": 1789708551.5468593, "cuda_visible_devices": "2", "allocated_gib": 5.225533962249756, "reserved_gib": 8.041015625, "peak_allocated_gib": 7.100478649139404, "gpu_time_budget": null, "module": "model.layers.23.mlp.down_proj", "step": 6784}
{"stage": "sequential-round-coordinate", "pid": 4080976, "time": 1789708552.5056636, "cuda_visible_devices": "2", "allocated_gib": 5.225533962249756, "reserved_gib": 8.041015625, "peak_allocated_gib": 7.100478649139404, "gpu_time_budget": null, "module": "model.layers.23.mlp.down_proj", "step": 6912}
{"stage": "sequential-round-coordinate", "pid": 4080976, "time": 1789708553.4677558, "cuda_visible_devices": "2", "allocated_gib": 5.225533962249756, "reserved_gib": 8.041015625, "peak_allocated_gib": 7.100478649139404, "gpu_time_budget": null, "module": "model.layers.23.mlp.down_proj", "step": 7040}
{"stage": "sequential-round-coordinate", "pid": 4080976, "time": 1789708554.4264677, "cuda_visible_devices": "2", "allocated_gib": 5.225533962249756, "reserved_gib": 8.041015625, "peak_allocated_gib": 7.100478649139404, "gpu_time_budget": null, "module": "model.layers.23.mlp.down_proj", "step": 7168}
{"stage": "sequential-round-coordinate", "pid": 4080976, "time": 1789708555.3897502, "cuda_visible_devices": "2", "allocated_gib": 5.225533962249756, "reserved_gib": 8.041015625, "peak_allocated_gib": 7.100478649139404, "gpu_time_budget": null, "module": "model.layers.23.mlp.down_proj", "step": 7296}
{"stage": "sequential-round-coordinate", "pid": 4080976, "time": 1789708556.346882, "cuda_visible_devices": "2", "allocated_gib": 5.225533962249756, "reserved_gib": 8.041015625, "peak_allocated_gib": 7.100478649139404, "gpu_time_budget": null, "module": "model.layers.23.mlp.down_proj", "step": 7424}
{"stage": "sequential-round-coordinate", "pid": 4080976, "time": 1789708557.3057175, "cuda_visible_devices": "2", "allocated_gib": 5.225533962249756, "reserved_gib": 8.041015625, "peak_allocated_gib": 7.100478649139404, "gpu_time_budget": null, "module": "model.layers.23.mlp.down_proj", "step": 7552}
{"stage": "sequential-round-coordinate", "pid": 4080976, "time": 1789708558.2622356, "cuda_visible_devices": "2", "allocated_gib": 5.225533962249756, "reserved_gib": 8.041015625, "peak_allocated_gib": 7.100478649139404, "gpu_time_budget": null, "module": "model.layers.23.mlp.down_proj", "step": 7680}
{"stage": "sequential-round-coordinate", "pid": 4080976, "time": 1789708559.2223506, "cuda_visible_devices": "2", "allocated_gib": 5.225533962249756, "reserved_gib": 8.041015625, "peak_allocated_gib": 7.100478649139404, "gpu_time_budget": null, "module": "model.layers.23.mlp.down_proj", "step": 7808}
{"stage": "sequential-round-coordinate", "pid": 4080976, "time": 1789708560.1812198, "cuda_visible_devices": "2", "allocated_gib": 5.225533962249756, "reserved_gib": 8.041015625, "peak_allocated_gib": 7.100478649139404, "gpu_time_budget": null, "module": "model.layers.23.mlp.down_proj", "step": 7936}
{"stage": "sequential-round-coordinate", "pid": 4080976, "time": 1789708561.141101, "cuda_visible_devices": "2", "allocated_gib": 5.225533962249756, "reserved_gib": 8.041015625, "peak_allocated_gib": 7.100478649139404, "gpu_time_budget": null, "module": "model.layers.23.mlp.down_proj", "step": 8064}
{"stage": "sequential-round-coordinate", "pid": 4080976, "time": 1789708562.0510476, "cuda_visible_devices": "2", "allocated_gib": 5.225533962249756, "reserved_gib": 8.041015625, "peak_allocated_gib": 7.100478649139404, "gpu_time_budget": null, "module": "model.layers.23.mlp.down_proj", "step": 8192}
{"stage": "sequential-round-train-nll", "pid": 4080976, "time": 1789708562.091927, "cuda_visible_devices": "2", "allocated_gib": 3.795783519744873, "reserved_gib": 3.80078125, "peak_allocated_gib": 7.100478649139404, "gpu_time_budget": null, "module": "model.layers.23.mlp.down_proj", "step": 512}
Evaluation segment 1/1: start=0, windows=8, seqlen=2048
{"stage": "sequential-round-train-nll", "pid": 4080976, "time": 1789708566.3685079, "cuda_visible_devices": "2", "allocated_gib": 3.795783519744873, "reserved_gib": 5.791015625, "peak_allocated_gib": 7.100478649139404, "gpu_time_budget": null, "module": "model.layers.23.mlp.down_proj", "step": 2048}
Evaluation segment 1/1: start=0, windows=8, seqlen=2048
{"stage": "sequential-round-train-nll", "pid": 4080976, "time": 1789708570.6301694, "cuda_visible_devices": "2", "allocated_gib": 3.795783519744873, "reserved_gib": 5.791015625, "peak_allocated_gib": 7.100478649139404, "gpu_time_budget": null, "module": "model.layers.23.mlp.down_proj", "step": 8192}
Evaluation segment 1/1: start=0, windows=8, seqlen=2048
{"stage": "sequential-module-completed", "pid": 4080976, "time": 1789708574.5050526, "cuda_visible_devices": "2", "allocated_gib": 3.795783519744873, "reserved_gib": 5.791015625, "peak_allocated_gib": 7.100478649139404, "gpu_time_budget": null, "module": "model.layers.23.mlp.down_proj", "completed": 24, "total": 28, "selected_train_nll": 2.9444268322934795, "elapsed_seconds": 1747.4902066430077}
{"stage": "sequential-round-fit", "pid": 4080976, "time": 1789708581.0839753, "cuda_visible_devices": "2", "allocated_gib": 3.795783519744873, "reserved_gib": 5.791015625, "peak_allocated_gib": 7.100478649139404, "gpu_time_budget": null, "module": "model.layers.24.mlp.down_proj", "fit_rows": 49152, "heldout_rows": 16384}
{"stage": "sequential-round-coordinate", "pid": 4080976, "time": 1789708582.36406, "cuda_visible_devices": "2", "allocated_gib": 5.225533962249756, "reserved_gib": 8.041015625, "peak_allocated_gib": 7.100478649139404, "gpu_time_budget": null, "module": "model.layers.24.mlp.down_proj", "step": 128}
{"stage": "sequential-round-coordinate", "pid": 4080976, "time": 1789708583.3103461, "cuda_visible_devices": "2", "allocated_gib": 5.225533962249756, "reserved_gib": 8.041015625, "peak_allocated_gib": 7.100478649139404, "gpu_time_budget": null, "module": "model.layers.24.mlp.down_proj", "step": 256}
{"stage": "sequential-round-coordinate", "pid": 4080976, "time": 1789708584.2629786, "cuda_visible_devices": "2", "allocated_gib": 5.225533962249756, "reserved_gib": 8.041015625, "peak_allocated_gib": 7.100478649139404, "gpu_time_budget": null, "module": "model.layers.24.mlp.down_proj", "step": 384}
{"stage": "sequential-round-coordinate", "pid": 4080976, "time": 1789708585.3061125, "cuda_visible_devices": "2", "allocated_gib": 5.225533962249756, "reserved_gib": 8.041015625, "peak_allocated_gib": 7.100478649139404, "gpu_time_budget": null, "module": "model.layers.24.mlp.down_proj", "step": 512}
{"stage": "sequential-round-coordinate", "pid": 4080976, "time": 1789708586.267805, "cuda_visible_devices": "2", "allocated_gib": 5.225533962249756, "reserved_gib": 8.041015625, "peak_allocated_gib": 7.100478649139404, "gpu_time_budget": null, "module": "model.layers.24.mlp.down_proj", "step": 640}
{"stage": "sequential-round-coordinate", "pid": 4080976, "time": 1789708587.2267237, "cuda_visible_devices": "2", "allocated_gib": 5.225533962249756, "reserved_gib": 8.041015625, "peak_allocated_gib": 7.100478649139404, "gpu_time_budget": null, "module": "model.layers.24.mlp.down_proj", "step": 768}
{"stage": "sequential-round-coordinate", "pid": 4080976, "time": 1789708588.1815717, "cuda_visible_devices": "2", "allocated_gib": 5.225533962249756, "reserved_gib": 8.041015625, "peak_allocated_gib": 7.100478649139404, "gpu_time_budget": null, "module": "model.layers.24.mlp.down_proj", "step": 896}
{"stage": "sequential-round-coordinate", "pid": 4080976, "time": 1789708589.1409886, "cuda_visible_devices": "2", "allocated_gib": 5.225533962249756, "reserved_gib": 8.041015625, "peak_allocated_gib": 7.100478649139404, "gpu_time_budget": null, "module": "model.layers.24.mlp.down_proj", "step": 1024}
{"stage": "sequential-round-coordinate", "pid": 4080976, "time": 1789708590.0961397, "cuda_visible_devices": "2", "allocated_gib": 5.225533962249756, "reserved_gib": 8.041015625, "peak_allocated_gib": 7.100478649139404, "gpu_time_budget": null, "module": "model.layers.24.mlp.down_proj", "step": 1152}
{"stage": "sequential-round-coordinate", "pid": 4080976, "time": 1789708591.0478873, "cuda_visible_devices": "2", "allocated_gib": 5.225533962249756, "reserved_gib": 8.041015625, "peak_allocated_gib": 7.100478649139404, "gpu_time_budget": null, "module": "model.layers.24.mlp.down_proj", "step": 1280}
{"stage": "sequential-round-coordinate", "pid": 4080976, "time": 1789708591.9981685, "cuda_visible_devices": "2", "allocated_gib": 5.225533962249756, "reserved_gib": 8.041015625, "peak_allocated_gib": 7.100478649139404, "gpu_time_budget": null, "module": "model.layers.24.mlp.down_proj", "step": 1408}
{"stage": "sequential-round-coordinate", "pid": 4080976, "time": 1789708592.954285, "cuda_visible_devices": "2", "allocated_gib": 5.225533962249756, "reserved_gib": 8.041015625, "peak_allocated_gib": 7.100478649139404, "gpu_time_budget": null, "module": "model.layers.24.mlp.down_proj", "step": 1536}
{"stage": "sequential-round-coordinate", "pid": 4080976, "time": 1789708593.908914, "cuda_visible_devices": "2", "allocated_gib": 5.225533962249756, "reserved_gib": 8.041015625, "peak_allocated_gib": 7.100478649139404, "gpu_time_budget": null, "module": "model.layers.24.mlp.down_proj", "step": 1664}
{"stage": "sequential-round-coordinate", "pid": 4080976, "time": 1789708594.8589072, "cuda_visible_devices": "2", "allocated_gib": 5.225533962249756, "reserved_gib": 8.041015625, "peak_allocated_gib": 7.100478649139404, "gpu_time_budget": null, "module": "model.layers.24.mlp.down_proj", "step": 1792}
{"stage": "sequential-round-coordinate", "pid": 4080976, "time": 1789708595.8127432, "cuda_visible_devices": "2", "allocated_gib": 5.225533962249756, "reserved_gib": 8.041015625, "peak_allocated_gib": 7.100478649139404, "gpu_time_budget": null, "module": "model.layers.24.mlp.down_proj", "step": 1920}
{"stage": "sequential-round-coordinate", "pid": 4080976, "time": 1789708596.8514607, "cuda_visible_devices": "2", "allocated_gib": 5.225533962249756, "reserved_gib": 8.041015625, "peak_allocated_gib": 7.100478649139404, "gpu_time_budget": null, "module": "model.layers.24.mlp.down_proj", "step": 2048}
{"stage": "sequential-round-coordinate", "pid": 4080976, "time": 1789708597.8071353, "cuda_visible_devices": "2", "allocated_gib": 5.225533962249756, "reserved_gib": 8.041015625, "peak_allocated_gib": 7.100478649139404, "gpu_time_budget": null, "module": "model.layers.24.mlp.down_proj", "step": 2176}
{"stage": "sequential-round-coordinate", "pid": 4080976, "time": 1789708598.7697053, "cuda_visible_devices": "2", "allocated_gib": 5.225533962249756, "reserved_gib": 8.041015625, "peak_allocated_gib": 7.100478649139404, "gpu_time_budget": null, "module": "model.layers.24.mlp.down_proj", "step": 2304}
{"stage": "sequential-round-coordinate", "pid": 4080976, "time": 1789708599.7299073, "cuda_visible_devices": "2", "allocated_gib": 5.225533962249756, "reserved_gib": 8.041015625, "peak_allocated_gib": 7.100478649139404, "gpu_time_budget": null, "module": "model.layers.24.mlp.down_proj", "step": 2432}
{"stage": "sequential-round-coordinate", "pid": 4080976, "time": 1789708600.6854954, "cuda_visible_devices": "2", "allocated_gib": 5.225533962249756, "reserved_gib": 8.041015625, "peak_allocated_gib": 7.100478649139404, "gpu_time_budget": null, "module": "model.layers.24.mlp.down_proj", "step": 2560}
{"stage": "sequential-round-coordinate", "pid": 4080976, "time": 1789708601.6421576, "cuda_visible_devices": "2", "allocated_gib": 5.225533962249756, "reserved_gib": 8.041015625, "peak_allocated_gib": 7.100478649139404, "gpu_time_budget": null, "module": "model.layers.24.mlp.down_proj", "step": 2688}
{"stage": "sequential-round-coordinate", "pid": 4080976, "time": 1789708602.597238, "cuda_visible_devices": "2", "allocated_gib": 5.225533962249756, "reserved_gib": 8.041015625, "peak_allocated_gib": 7.100478649139404, "gpu_time_budget": null, "module": "model.layers.24.mlp.down_proj", "step": 2816}
{"stage": "sequential-round-coordinate", "pid": 4080976, "time": 1789708603.5563161, "cuda_visible_devices": "2", "allocated_gib": 5.225533962249756, "reserved_gib": 8.041015625, "peak_allocated_gib": 7.100478649139404, "gpu_time_budget": null, "module": "model.layers.24.mlp.down_proj", "step": 2944}
{"stage": "sequential-round-coordinate", "pid": 4080976, "time": 1789708604.513904, "cuda_visible_devices": "2", "allocated_gib": 5.225533962249756, "reserved_gib": 8.041015625, "peak_allocated_gib": 7.100478649139404, "gpu_time_budget": null, "module": "model.layers.24.mlp.down_proj", "step": 3072}
{"stage": "sequential-round-coordinate", "pid": 4080976, "time": 1789708605.473672, "cuda_visible_devices": "2", "allocated_gib": 5.225533962249756, "reserved_gib": 8.041015625, "peak_allocated_gib": 7.100478649139404, "gpu_time_budget": null, "module": "model.layers.24.mlp.down_proj", "step": 3200}
{"stage": "sequential-round-coordinate", "pid": 4080976, "time": 1789708606.4296517, "cuda_visible_devices": "2", "allocated_gib": 5.225533962249756, "reserved_gib": 8.041015625, "peak_allocated_gib": 7.100478649139404, "gpu_time_budget": null, "module": "model.layers.24.mlp.down_proj", "step": 3328}
{"stage": "sequential-round-coordinate", "pid": 4080976, "time": 1789708607.388815, "cuda_visible_devices": "2", "allocated_gib": 5.225533962249756, "reserved_gib": 8.041015625, "peak_allocated_gib": 7.100478649139404, "gpu_time_budget": null, "module": "model.layers.24.mlp.down_proj", "step": 3456}
{"stage": "sequential-round-coordinate", "pid": 4080976, "time": 1789708608.339324, "cuda_visible_devices": "2", "allocated_gib": 5.225533962249756, "reserved_gib": 8.041015625, "peak_allocated_gib": 7.100478649139404, "gpu_time_budget": null, "module": "model.layers.24.mlp.down_proj", "step": 3584}
{"stage": "sequential-round-coordinate", "pid": 4080976, "time": 1789708609.293019, "cuda_visible_devices": "2", "allocated_gib": 5.225533962249756, "reserved_gib": 8.041015625, "peak_allocated_gib": 7.100478649139404, "gpu_time_budget": null, "module": "model.layers.24.mlp.down_proj", "step": 3712}
{"stage": "sequential-round-coordinate", "pid": 4080976, "time": 1789708610.2502925, "cuda_visible_devices": "2", "allocated_gib": 5.225533962249756, "reserved_gib": 8.041015625, "peak_allocated_gib": 7.100478649139404, "gpu_time_budget": null, "module": "model.layers.24.mlp.down_proj", "step": 3840}
{"stage": "sequential-round-coordinate", "pid": 4080976, "time": 1789708611.208997, "cuda_visible_devices": "2", "allocated_gib": 5.225533962249756, "reserved_gib": 8.041015625, "peak_allocated_gib": 7.100478649139404, "gpu_time_budget": null, "module": "model.layers.24.mlp.down_proj", "step": 3968}
{"stage": "sequential-round-coordinate", "pid": 4080976, "time": 1789708612.1657217, "cuda_visible_devices": "2", "allocated_gib": 5.225533962249756, "reserved_gib": 8.041015625, "peak_allocated_gib": 7.100478649139404, "gpu_time_budget": null, "module": "model.layers.24.mlp.down_proj", "step": 4096}
{"stage": "sequential-round-coordinate", "pid": 4080976, "time": 1789708613.1219134, "cuda_visible_devices": "2", "allocated_gib": 5.225533962249756, "reserved_gib": 8.041015625, "peak_allocated_gib": 7.100478649139404, "gpu_time_budget": null, "module": "model.layers.24.mlp.down_proj", "step": 4224}
{"stage": "sequential-round-coordinate", "pid": 4080976, "time": 1789708614.0845463, "cuda_visible_devices": "2", "allocated_gib": 5.225533962249756, "reserved_gib": 8.041015625, "peak_allocated_gib": 7.100478649139404, "gpu_time_budget": null, "module": "model.layers.24.mlp.down_proj", "step": 4352}
{"stage": "sequential-round-coordinate", "pid": 4080976, "time": 1789708615.0417993, "cuda_visible_devices": "2", "allocated_gib": 5.225533962249756, "reserved_gib": 8.041015625, "peak_allocated_gib": 7.100478649139404, "gpu_time_budget": null, "module": "model.layers.24.mlp.down_proj", "step": 4480}
{"stage": "sequential-round-coordinate", "pid": 4080976, "time": 1789708615.9992254, "cuda_visible_devices": "2", "allocated_gib": 5.225533962249756, "reserved_gib": 8.041015625, "peak_allocated_gib": 7.100478649139404, "gpu_time_budget": null, "module": "model.layers.24.mlp.down_proj", "step": 4608}
{"stage": "sequential-round-coordinate", "pid": 4080976, "time": 1789708616.9567664, "cuda_visible_devices": "2", "allocated_gib": 5.225533962249756, "reserved_gib": 8.041015625, "peak_allocated_gib": 7.100478649139404, "gpu_time_budget": null, "module": "model.layers.24.mlp.down_proj", "step": 4736}
{"stage": "sequential-round-coordinate", "pid": 4080976, "time": 1789708617.9130418, "cuda_visible_devices": "2", "allocated_gib": 5.225533962249756, "reserved_gib": 8.041015625, "peak_allocated_gib": 7.100478649139404, "gpu_time_budget": null, "module": "model.layers.24.mlp.down_proj", "step": 4864}
{"stage": "sequential-round-coordinate", "pid": 4080976, "time": 1789708618.8682256, "cuda_visible_devices": "2", "allocated_gib": 5.225533962249756, "reserved_gib": 8.041015625, "peak_allocated_gib": 7.100478649139404, "gpu_time_budget": null, "module": "model.layers.24.mlp.down_proj", "step": 4992}
{"stage": "sequential-round-coordinate", "pid": 4080976, "time": 1789708619.8241742, "cuda_visible_devices": "2", "allocated_gib": 5.225533962249756, "reserved_gib": 8.041015625, "peak_allocated_gib": 7.100478649139404, "gpu_time_budget": null, "module": "model.layers.24.mlp.down_proj", "step": 5120}
{"stage": "sequential-round-coordinate", "pid": 4080976, "time": 1789708620.7775836, "cuda_visible_devices": "2", "allocated_gib": 5.225533962249756, "reserved_gib": 8.041015625, "peak_allocated_gib": 7.100478649139404, "gpu_time_budget": null, "module": "model.layers.24.mlp.down_proj", "step": 5248}
{"stage": "sequential-round-coordinate", "pid": 4080976, "time": 1789708621.7333417, "cuda_visible_devices": "2", "allocated_gib": 5.225533962249756, "reserved_gib": 8.041015625, "peak_allocated_gib": 7.100478649139404, "gpu_time_budget": null, "module": "model.layers.24.mlp.down_proj", "step": 5376}
{"stage": "sequential-round-coordinate", "pid": 4080976, "time": 1789708622.6906145, "cuda_visible_devices": "2", "allocated_gib": 5.225533962249756, "reserved_gib": 8.041015625, "peak_allocated_gib": 7.100478649139404, "gpu_time_budget": null, "module": "model.layers.24.mlp.down_proj", "step": 5504}
{"stage": "sequential-round-coordinate", "pid": 4080976, "time": 1789708623.6415708, "cuda_visible_devices": "2", "allocated_gib": 5.225533962249756, "reserved_gib": 8.041015625, "peak_allocated_gib": 7.100478649139404, "gpu_time_budget": null, "module": "model.layers.24.mlp.down_proj", "step": 5632}
{"stage": "sequential-round-coordinate", "pid": 4080976, "time": 1789708624.5980332, "cuda_visible_devices": "2", "allocated_gib": 5.225533962249756, "reserved_gib": 8.041015625, "peak_allocated_gib": 7.100478649139404, "gpu_time_budget": null, "module": "model.layers.24.mlp.down_proj", "step": 5760}
{"stage": "sequential-round-coordinate", "pid": 4080976, "time": 1789708625.5545094, "cuda_visible_devices": "2", "allocated_gib": 5.225533962249756, "reserved_gib": 8.041015625, "peak_allocated_gib": 7.100478649139404, "gpu_time_budget": null, "module": "model.layers.24.mlp.down_proj", "step": 5888}
{"stage": "sequential-round-coordinate", "pid": 4080976, "time": 1789708626.5095994, "cuda_visible_devices": "2", "allocated_gib": 5.225533962249756, "reserved_gib": 8.041015625, "peak_allocated_gib": 7.100478649139404, "gpu_time_budget": null, "module": "model.layers.24.mlp.down_proj", "step": 6016}
{"stage": "sequential-round-coordinate", "pid": 4080976, "time": 1789708627.466561, "cuda_visible_devices": "2", "allocated_gib": 5.225533962249756, "reserved_gib": 8.041015625, "peak_allocated_gib": 7.100478649139404, "gpu_time_budget": null, "module": "model.layers.24.mlp.down_proj", "step": 6144}
{"stage": "sequential-round-coordinate", "pid": 4080976, "time": 1789708628.4246047, "cuda_visible_devices": "2", "allocated_gib": 5.225533962249756, "reserved_gib": 8.041015625, "peak_allocated_gib": 7.100478649139404, "gpu_time_budget": null, "module": "model.layers.24.mlp.down_proj", "step": 6272}
{"stage": "sequential-round-coordinate", "pid": 4080976, "time": 1789708629.3848152, "cuda_visible_devices": "2", "allocated_gib": 5.225533962249756, "reserved_gib": 8.041015625, "peak_allocated_gib": 7.100478649139404, "gpu_time_budget": null, "module": "model.layers.24.mlp.down_proj", "step": 6400}
{"stage": "sequential-round-coordinate", "pid": 4080976, "time": 1789708630.3431537, "cuda_visible_devices": "2", "allocated_gib": 5.225533962249756, "reserved_gib": 8.041015625, "peak_allocated_gib": 7.100478649139404, "gpu_time_budget": null, "module": "model.layers.24.mlp.down_proj", "step": 6528}
{"stage": "sequential-round-coordinate", "pid": 4080976, "time": 1789708631.2998476, "cuda_visible_devices": "2", "allocated_gib": 5.225533962249756, "reserved_gib": 8.041015625, "peak_allocated_gib": 7.100478649139404, "gpu_time_budget": null, "module": "model.layers.24.mlp.down_proj", "step": 6656}
{"stage": "sequential-round-coordinate", "pid": 4080976, "time": 1789708632.2584665, "cuda_visible_devices": "2", "allocated_gib": 5.225533962249756, "reserved_gib": 8.041015625, "peak_allocated_gib": 7.100478649139404, "gpu_time_budget": null, "module": "model.layers.24.mlp.down_proj", "step": 6784}
{"stage": "sequential-round-coordinate", "pid": 4080976, "time": 1789708633.2141814, "cuda_visible_devices": "2", "allocated_gib": 5.225533962249756, "reserved_gib": 8.041015625, "peak_allocated_gib": 7.100478649139404, "gpu_time_budget": null, "module": "model.layers.24.mlp.down_proj", "step": 6912}
{"stage": "sequential-round-coordinate", "pid": 4080976, "time": 1789708634.1708999, "cuda_visible_devices": "2", "allocated_gib": 5.225533962249756, "reserved_gib": 8.041015625, "peak_allocated_gib": 7.100478649139404, "gpu_time_budget": null, "module": "model.layers.24.mlp.down_proj", "step": 7040}
{"stage": "sequential-round-coordinate", "pid": 4080976, "time": 1789708635.1271462, "cuda_visible_devices": "2", "allocated_gib": 5.225533962249756, "reserved_gib": 8.041015625, "peak_allocated_gib": 7.100478649139404, "gpu_time_budget": null, "module": "model.layers.24.mlp.down_proj", "step": 7168}
{"stage": "sequential-round-coordinate", "pid": 4080976, "time": 1789708636.0825584, "cuda_visible_devices": "2", "allocated_gib": 5.225533962249756, "reserved_gib": 8.041015625, "peak_allocated_gib": 7.100478649139404, "gpu_time_budget": null, "module": "model.layers.24.mlp.down_proj", "step": 7296}
{"stage": "sequential-round-coordinate", "pid": 4080976, "time": 1789708637.0388465, "cuda_visible_devices": "2", "allocated_gib": 5.225533962249756, "reserved_gib": 8.041015625, "peak_allocated_gib": 7.100478649139404, "gpu_time_budget": null, "module": "model.layers.24.mlp.down_proj", "step": 7424}
{"stage": "sequential-round-coordinate", "pid": 4080976, "time": 1789708637.9946675, "cuda_visible_devices": "2", "allocated_gib": 5.225533962249756, "reserved_gib": 8.041015625, "peak_allocated_gib": 7.100478649139404, "gpu_time_budget": null, "module": "model.layers.24.mlp.down_proj", "step": 7552}
{"stage": "sequential-round-coordinate", "pid": 4080976, "time": 1789708638.9522507, "cuda_visible_devices": "2", "allocated_gib": 5.225533962249756, "reserved_gib": 8.041015625, "peak_allocated_gib": 7.100478649139404, "gpu_time_budget": null, "module": "model.layers.24.mlp.down_proj", "step": 7680}
{"stage": "sequential-round-coordinate", "pid": 4080976, "time": 1789708639.9082942, "cuda_visible_devices": "2", "allocated_gib": 5.225533962249756, "reserved_gib": 8.041015625, "peak_allocated_gib": 7.100478649139404, "gpu_time_budget": null, "module": "model.layers.24.mlp.down_proj", "step": 7808}
{"stage": "sequential-round-coordinate", "pid": 4080976, "time": 1789708640.8653333, "cuda_visible_devices": "2", "allocated_gib": 5.225533962249756, "reserved_gib": 8.041015625, "peak_allocated_gib": 7.100478649139404, "gpu_time_budget": null, "module": "model.layers.24.mlp.down_proj", "step": 7936}
{"stage": "sequential-round-coordinate", "pid": 4080976, "time": 1789708641.8237996, "cuda_visible_devices": "2", "allocated_gib": 5.225533962249756, "reserved_gib": 8.041015625, "peak_allocated_gib": 7.100478649139404, "gpu_time_budget": null, "module": "model.layers.24.mlp.down_proj", "step": 8064}
{"stage": "sequential-round-coordinate", "pid": 4080976, "time": 1789708642.616124, "cuda_visible_devices": "2", "allocated_gib": 5.225533962249756, "reserved_gib": 8.041015625, "peak_allocated_gib": 7.100478649139404, "gpu_time_budget": null, "module": "model.layers.24.mlp.down_proj", "step": 8192}
{"stage": "sequential-round-train-nll", "pid": 4080976, "time": 1789708642.6619399, "cuda_visible_devices": "2", "allocated_gib": 3.795783519744873, "reserved_gib": 3.80078125, "peak_allocated_gib": 7.100478649139404, "gpu_time_budget": null, "module": "model.layers.24.mlp.down_proj", "step": 512}
Evaluation segment 1/1: start=0, windows=8, seqlen=2048
{"stage": "sequential-round-train-nll", "pid": 4080976, "time": 1789708646.9706206, "cuda_visible_devices": "2", "allocated_gib": 3.795783519744873, "reserved_gib": 5.791015625, "peak_allocated_gib": 7.100478649139404, "gpu_time_budget": null, "module": "model.layers.24.mlp.down_proj", "step": 2048}
Evaluation segment 1/1: start=0, windows=8, seqlen=2048
{"stage": "sequential-round-train-nll", "pid": 4080976, "time": 1789708651.2417073, "cuda_visible_devices": "2", "allocated_gib": 3.795783519744873, "reserved_gib": 5.791015625, "peak_allocated_gib": 7.100478649139404, "gpu_time_budget": null, "module": "model.layers.24.mlp.down_proj", "step": 8192}
Evaluation segment 1/1: start=0, windows=8, seqlen=2048
{"stage": "sequential-module-completed", "pid": 4080976, "time": 1789708654.9267132, "cuda_visible_devices": "2", "allocated_gib": 3.795783519744873, "reserved_gib": 5.791015625, "peak_allocated_gib": 7.100478649139404, "gpu_time_budget": null, "module": "model.layers.24.mlp.down_proj", "completed": 25, "total": 28, "selected_train_nll": 2.943270296452082, "elapsed_seconds": 1827.9118684860878}
{"stage": "sequential-round-fit", "pid": 4080976, "time": 1789708661.9453607, "cuda_visible_devices": "2", "allocated_gib": 3.795783519744873, "reserved_gib": 5.791015625, "peak_allocated_gib": 7.100478649139404, "gpu_time_budget": null, "module": "model.layers.25.mlp.down_proj", "fit_rows": 49152, "heldout_rows": 16384}
{"stage": "sequential-round-coordinate", "pid": 4080976, "time": 1789708663.2350242, "cuda_visible_devices": "2", "allocated_gib": 5.225533962249756, "reserved_gib": 8.041015625, "peak_allocated_gib": 7.100478649139404, "gpu_time_budget": null, "module": "model.layers.25.mlp.down_proj", "step": 128}
{"stage": "sequential-round-coordinate", "pid": 4080976, "time": 1789708664.1942382, "cuda_visible_devices": "2", "allocated_gib": 5.225533962249756, "reserved_gib": 8.041015625, "peak_allocated_gib": 7.100478649139404, "gpu_time_budget": null, "module": "model.layers.25.mlp.down_proj", "step": 256}
{"stage": "sequential-round-coordinate", "pid": 4080976, "time": 1789708665.1565597, "cuda_visible_devices": "2", "allocated_gib": 5.225533962249756, "reserved_gib": 8.041015625, "peak_allocated_gib": 7.100478649139404, "gpu_time_budget": null, "module": "model.layers.25.mlp.down_proj", "step": 384}
{"stage": "sequential-round-coordinate", "pid": 4080976, "time": 1789708666.1904092, "cuda_visible_devices": "2", "allocated_gib": 5.225533962249756, "reserved_gib": 8.041015625, "peak_allocated_gib": 7.100478649139404, "gpu_time_budget": null, "module": "model.layers.25.mlp.down_proj", "step": 512}
{"stage": "sequential-round-coordinate", "pid": 4080976, "time": 1789708667.14361, "cuda_visible_devices": "2", "allocated_gib": 5.225533962249756, "reserved_gib": 8.041015625, "peak_allocated_gib": 7.100478649139404, "gpu_time_budget": null, "module": "model.layers.25.mlp.down_proj", "step": 640}
{"stage": "sequential-round-coordinate", "pid": 4080976, "time": 1789708668.098125, "cuda_visible_devices": "2", "allocated_gib": 5.225533962249756, "reserved_gib": 8.041015625, "peak_allocated_gib": 7.100478649139404, "gpu_time_budget": null, "module": "model.layers.25.mlp.down_proj", "step": 768}
{"stage": "sequential-round-coordinate", "pid": 4080976, "time": 1789708669.0542858, "cuda_visible_devices": "2", "allocated_gib": 5.225533962249756, "reserved_gib": 8.041015625, "peak_allocated_gib": 7.100478649139404, "gpu_time_budget": null, "module": "model.layers.25.mlp.down_proj", "step": 896}
{"stage": "sequential-round-coordinate", "pid": 4080976, "time": 1789708670.0121949, "cuda_visible_devices": "2", "allocated_gib": 5.225533962249756, "reserved_gib": 8.041015625, "peak_allocated_gib": 7.100478649139404, "gpu_time_budget": null, "module": "model.layers.25.mlp.down_proj", "step": 1024}
{"stage": "sequential-round-coordinate", "pid": 4080976, "time": 1789708670.9698637, "cuda_visible_devices": "2", "allocated_gib": 5.225533962249756, "reserved_gib": 8.041015625, "peak_allocated_gib": 7.100478649139404, "gpu_time_budget": null, "module": "model.layers.25.mlp.down_proj", "step": 1152}
{"stage": "sequential-round-coordinate", "pid": 4080976, "time": 1789708671.923413, "cuda_visible_devices": "2", "allocated_gib": 5.225533962249756, "reserved_gib": 8.041015625, "peak_allocated_gib": 7.100478649139404, "gpu_time_budget": null, "module": "model.layers.25.mlp.down_proj", "step": 1280}
{"stage": "sequential-round-coordinate", "pid": 4080976, "time": 1789708672.8812735, "cuda_visible_devices": "2", "allocated_gib": 5.225533962249756, "reserved_gib": 8.041015625, "peak_allocated_gib": 7.100478649139404, "gpu_time_budget": null, "module": "model.layers.25.mlp.down_proj", "step": 1408}
{"stage": "sequential-round-coordinate", "pid": 4080976, "time": 1789708673.8345122, "cuda_visible_devices": "2", "allocated_gib": 5.225533962249756, "reserved_gib": 8.041015625, "peak_allocated_gib": 7.100478649139404, "gpu_time_budget": null, "module": "model.layers.25.mlp.down_proj", "step": 1536}
{"stage": "sequential-round-coordinate", "pid": 4080976, "time": 1789708674.7941122, "cuda_visible_devices": "2", "allocated_gib": 5.225533962249756, "reserved_gib": 8.041015625, "peak_allocated_gib": 7.100478649139404, "gpu_time_budget": null, "module": "model.layers.25.mlp.down_proj", "step": 1664}
{"stage": "sequential-round-coordinate", "pid": 4080976, "time": 1789708675.7385643, "cuda_visible_devices": "2", "allocated_gib": 5.225533962249756, "reserved_gib": 8.041015625, "peak_allocated_gib": 7.100478649139404, "gpu_time_budget": null, "module": "model.layers.25.mlp.down_proj", "step": 1792}
{"stage": "sequential-round-coordinate", "pid": 4080976, "time": 1789708676.690854, "cuda_visible_devices": "2", "allocated_gib": 5.225533962249756, "reserved_gib": 8.041015625, "peak_allocated_gib": 7.100478649139404, "gpu_time_budget": null, "module": "model.layers.25.mlp.down_proj", "step": 1920}
{"stage": "sequential-round-coordinate", "pid": 4080976, "time": 1789708677.731752, "cuda_visible_devices": "2", "allocated_gib": 5.225533962249756, "reserved_gib": 8.041015625, "peak_allocated_gib": 7.100478649139404, "gpu_time_budget": null, "module": "model.layers.25.mlp.down_proj", "step": 2048}
{"stage": "sequential-round-coordinate", "pid": 4080976, "time": 1789708678.6862078, "cuda_visible_devices": "2", "allocated_gib": 5.225533962249756, "reserved_gib": 8.041015625, "peak_allocated_gib": 7.100478649139404, "gpu_time_budget": null, "module": "model.layers.25.mlp.down_proj", "step": 2176}
{"stage": "sequential-round-coordinate", "pid": 4080976, "time": 1789708679.642373, "cuda_visible_devices": "2", "allocated_gib": 5.225533962249756, "reserved_gib": 8.041015625, "peak_allocated_gib": 7.100478649139404, "gpu_time_budget": null, "module": "model.layers.25.mlp.down_proj", "step": 2304}
{"stage": "sequential-round-coordinate", "pid": 4080976, "time": 1789708680.5966008, "cuda_visible_devices": "2", "allocated_gib": 5.225533962249756, "reserved_gib": 8.041015625, "peak_allocated_gib": 7.100478649139404, "gpu_time_budget": null, "module": "model.layers.25.mlp.down_proj", "step": 2432}
{"stage": "sequential-round-coordinate", "pid": 4080976, "time": 1789708681.5416157, "cuda_visible_devices": "2", "allocated_gib": 5.225533962249756, "reserved_gib": 8.041015625, "peak_allocated_gib": 7.100478649139404, "gpu_time_budget": null, "module": "model.layers.25.mlp.down_proj", "step": 2560}
{"stage": "sequential-round-coordinate", "pid": 4080976, "time": 1789708682.4979768, "cuda_visible_devices": "2", "allocated_gib": 5.225533962249756, "reserved_gib": 8.041015625, "peak_allocated_gib": 7.100478649139404, "gpu_time_budget": null, "module": "model.layers.25.mlp.down_proj", "step": 2688}
{"stage": "sequential-round-coordinate", "pid": 4080976, "time": 1789708683.452325, "cuda_visible_devices": "2", "allocated_gib": 5.225533962249756, "reserved_gib": 8.041015625, "peak_allocated_gib": 7.100478649139404, "gpu_time_budget": null, "module": "model.layers.25.mlp.down_proj", "step": 2816}
{"stage": "sequential-round-coordinate", "pid": 4080976, "time": 1789708684.4097333, "cuda_visible_devices": "2", "allocated_gib": 5.225533962249756, "reserved_gib": 8.041015625, "peak_allocated_gib": 7.100478649139404, "gpu_time_budget": null, "module": "model.layers.25.mlp.down_proj", "step": 2944}
{"stage": "sequential-round-coordinate", "pid": 4080976, "time": 1789708685.3670602, "cuda_visible_devices": "2", "allocated_gib": 5.225533962249756, "reserved_gib": 8.041015625, "peak_allocated_gib": 7.100478649139404, "gpu_time_budget": null, "module": "model.layers.25.mlp.down_proj", "step": 3072}
{"stage": "sequential-round-coordinate", "pid": 4080976, "time": 1789708686.3273082, "cuda_visible_devices": "2", "allocated_gib": 5.225533962249756, "reserved_gib": 8.041015625, "peak_allocated_gib": 7.100478649139404, "gpu_time_budget": null, "module": "model.layers.25.mlp.down_proj", "step": 3200}
{"stage": "sequential-round-coordinate", "pid": 4080976, "time": 1789708687.2775774, "cuda_visible_devices": "2", "allocated_gib": 5.225533962249756, "reserved_gib": 8.041015625, "peak_allocated_gib": 7.100478649139404, "gpu_time_budget": null, "module": "model.layers.25.mlp.down_proj", "step": 3328}
{"stage": "sequential-round-coordinate", "pid": 4080976, "time": 1789708688.2310996, "cuda_visible_devices": "2", "allocated_gib": 5.225533962249756, "reserved_gib": 8.041015625, "peak_allocated_gib": 7.100478649139404, "gpu_time_budget": null, "module": "model.layers.25.mlp.down_proj", "step": 3456}
{"stage": "sequential-round-coordinate", "pid": 4080976, "time": 1789708689.184697, "cuda_visible_devices": "2", "allocated_gib": 5.225533962249756, "reserved_gib": 8.041015625, "peak_allocated_gib": 7.100478649139404, "gpu_time_budget": null, "module": "model.layers.25.mlp.down_proj", "step": 3584}
{"stage": "sequential-round-coordinate", "pid": 4080976, "time": 1789708690.143316, "cuda_visible_devices": "2", "allocated_gib": 5.225533962249756, "reserved_gib": 8.041015625, "peak_allocated_gib": 7.100478649139404, "gpu_time_budget": null, "module": "model.layers.25.mlp.down_proj", "step": 3712}
{"stage": "sequential-round-coordinate", "pid": 4080976, "time": 1789708691.0986362, "cuda_visible_devices": "2", "allocated_gib": 5.225533962249756, "reserved_gib": 8.041015625, "peak_allocated_gib": 7.100478649139404, "gpu_time_budget": null, "module": "model.layers.25.mlp.down_proj", "step": 3840}
{"stage": "sequential-round-coordinate", "pid": 4080976, "time": 1789708692.0523489, "cuda_visible_devices": "2", "allocated_gib": 5.225533962249756, "reserved_gib": 8.041015625, "peak_allocated_gib": 7.100478649139404, "gpu_time_budget": null, "module": "model.layers.25.mlp.down_proj", "step": 3968}
{"stage": "sequential-round-coordinate", "pid": 4080976, "time": 1789708693.0095086, "cuda_visible_devices": "2", "allocated_gib": 5.225533962249756, "reserved_gib": 8.041015625, "peak_allocated_gib": 7.100478649139404, "gpu_time_budget": null, "module": "model.layers.25.mlp.down_proj", "step": 4096}
{"stage": "sequential-round-coordinate", "pid": 4080976, "time": 1789708693.9622257, "cuda_visible_devices": "2", "allocated_gib": 5.225533962249756, "reserved_gib": 8.041015625, "peak_allocated_gib": 7.100478649139404, "gpu_time_budget": null, "module": "model.layers.25.mlp.down_proj", "step": 4224}
{"stage": "sequential-round-coordinate", "pid": 4080976, "time": 1789708694.917544, "cuda_visible_devices": "2", "allocated_gib": 5.225533962249756, "reserved_gib": 8.041015625, "peak_allocated_gib": 7.100478649139404, "gpu_time_budget": null, "module": "model.layers.25.mlp.down_proj", "step": 4352}
{"stage": "sequential-round-coordinate", "pid": 4080976, "time": 1789708695.8743575, "cuda_visible_devices": "2", "allocated_gib": 5.225533962249756, "reserved_gib": 8.041015625, "peak_allocated_gib": 7.100478649139404, "gpu_time_budget": null, "module": "model.layers.25.mlp.down_proj", "step": 4480}
{"stage": "sequential-round-coordinate", "pid": 4080976, "time": 1789708696.829559, "cuda_visible_devices": "2", "allocated_gib": 5.225533962249756, "reserved_gib": 8.041015625, "peak_allocated_gib": 7.100478649139404, "gpu_time_budget": null, "module": "model.layers.25.mlp.down_proj", "step": 4608}
{"stage": "sequential-round-coordinate", "pid": 4080976, "time": 1789708697.7821171, "cuda_visible_devices": "2", "allocated_gib": 5.225533962249756, "reserved_gib": 8.041015625, "peak_allocated_gib": 7.100478649139404, "gpu_time_budget": null, "module": "model.layers.25.mlp.down_proj", "step": 4736}
{"stage": "sequential-round-coordinate", "pid": 4080976, "time": 1789708698.736593, "cuda_visible_devices": "2", "allocated_gib": 5.225533962249756, "reserved_gib": 8.041015625, "peak_allocated_gib": 7.100478649139404, "gpu_time_budget": null, "module": "model.layers.25.mlp.down_proj", "step": 4864}
{"stage": "sequential-round-coordinate", "pid": 4080976, "time": 1789708699.6966667, "cuda_visible_devices": "2", "allocated_gib": 5.225533962249756, "reserved_gib": 8.041015625, "peak_allocated_gib": 7.100478649139404, "gpu_time_budget": null, "module": "model.layers.25.mlp.down_proj", "step": 4992}
{"stage": "sequential-round-coordinate", "pid": 4080976, "time": 1789708700.6605637, "cuda_visible_devices": "2", "allocated_gib": 5.225533962249756, "reserved_gib": 8.041015625, "peak_allocated_gib": 7.100478649139404, "gpu_time_budget": null, "module": "model.layers.25.mlp.down_proj", "step": 5120}
{"stage": "sequential-round-coordinate", "pid": 4080976, "time": 1789708701.6157432, "cuda_visible_devices": "2", "allocated_gib": 5.225533962249756, "reserved_gib": 8.041015625, "peak_allocated_gib": 7.100478649139404, "gpu_time_budget": null, "module": "model.layers.25.mlp.down_proj", "step": 5248}
{"stage": "sequential-round-coordinate", "pid": 4080976, "time": 1789708702.5712433, "cuda_visible_devices": "2", "allocated_gib": 5.225533962249756, "reserved_gib": 8.041015625, "peak_allocated_gib": 7.100478649139404, "gpu_time_budget": null, "module": "model.layers.25.mlp.down_proj", "step": 5376}
{"stage": "sequential-round-coordinate", "pid": 4080976, "time": 1789708703.5253901, "cuda_visible_devices": "2", "allocated_gib": 5.225533962249756, "reserved_gib": 8.041015625, "peak_allocated_gib": 7.100478649139404, "gpu_time_budget": null, "module": "model.layers.25.mlp.down_proj", "step": 5504}
{"stage": "sequential-round-coordinate", "pid": 4080976, "time": 1789708704.4822855, "cuda_visible_devices": "2", "allocated_gib": 5.225533962249756, "reserved_gib": 8.041015625, "peak_allocated_gib": 7.100478649139404, "gpu_time_budget": null, "module": "model.layers.25.mlp.down_proj", "step": 5632}
{"stage": "sequential-round-coordinate", "pid": 4080976, "time": 1789708705.4386342, "cuda_visible_devices": "2", "allocated_gib": 5.225533962249756, "reserved_gib": 8.041015625, "peak_allocated_gib": 7.100478649139404, "gpu_time_budget": null, "module": "model.layers.25.mlp.down_proj", "step": 5760}
{"stage": "sequential-round-coordinate", "pid": 4080976, "time": 1789708706.3789222, "cuda_visible_devices": "2", "allocated_gib": 5.225533962249756, "reserved_gib": 8.041015625, "peak_allocated_gib": 7.100478649139404, "gpu_time_budget": null, "module": "model.layers.25.mlp.down_proj", "step": 5888}
{"stage": "sequential-round-coordinate", "pid": 4080976, "time": 1789708707.2538311, "cuda_visible_devices": "2", "allocated_gib": 5.225533962249756, "reserved_gib": 8.041015625, "peak_allocated_gib": 7.100478649139404, "gpu_time_budget": null, "module": "model.layers.25.mlp.down_proj", "step": 6016}
{"stage": "sequential-round-coordinate", "pid": 4080976, "time": 1789708708.141488, "cuda_visible_devices": "2", "allocated_gib": 5.225533962249756, "reserved_gib": 8.041015625, "peak_allocated_gib": 7.100478649139404, "gpu_time_budget": null, "module": "model.layers.25.mlp.down_proj", "step": 6144}
{"stage": "sequential-round-coordinate", "pid": 4080976, "time": 1789708709.028783, "cuda_visible_devices": "2", "allocated_gib": 5.225533962249756, "reserved_gib": 8.041015625, "peak_allocated_gib": 7.100478649139404, "gpu_time_budget": null, "module": "model.layers.25.mlp.down_proj", "step": 6272}
{"stage": "sequential-round-coordinate", "pid": 4080976, "time": 1789708709.9147081, "cuda_visible_devices": "2", "allocated_gib": 5.225533962249756, "reserved_gib": 8.041015625, "peak_allocated_gib": 7.100478649139404, "gpu_time_budget": null, "module": "model.layers.25.mlp.down_proj", "step": 6400}
{"stage": "sequential-round-coordinate", "pid": 4080976, "time": 1789708710.8008428, "cuda_visible_devices": "2", "allocated_gib": 5.225533962249756, "reserved_gib": 8.041015625, "peak_allocated_gib": 7.100478649139404, "gpu_time_budget": null, "module": "model.layers.25.mlp.down_proj", "step": 6528}
{"stage": "sequential-round-coordinate", "pid": 4080976, "time": 1789708711.6836572, "cuda_visible_devices": "2", "allocated_gib": 5.225533962249756, "reserved_gib": 8.041015625, "peak_allocated_gib": 7.100478649139404, "gpu_time_budget": null, "module": "model.layers.25.mlp.down_proj", "step": 6656}
{"stage": "sequential-round-coordinate", "pid": 4080976, "time": 1789708712.5711102, "cuda_visible_devices": "2", "allocated_gib": 5.225533962249756, "reserved_gib": 8.041015625, "peak_allocated_gib": 7.100478649139404, "gpu_time_budget": null, "module": "model.layers.25.mlp.down_proj", "step": 6784}
{"stage": "sequential-round-coordinate", "pid": 4080976, "time": 1789708713.4614177, "cuda_visible_devices": "2", "allocated_gib": 5.225533962249756, "reserved_gib": 8.041015625, "peak_allocated_gib": 7.100478649139404, "gpu_time_budget": null, "module": "model.layers.25.mlp.down_proj", "step": 6912}
{"stage": "sequential-round-coordinate", "pid": 4080976, "time": 1789708714.346081, "cuda_visible_devices": "2", "allocated_gib": 5.225533962249756, "reserved_gib": 8.041015625, "peak_allocated_gib": 7.100478649139404, "gpu_time_budget": null, "module": "model.layers.25.mlp.down_proj", "step": 7040}
{"stage": "sequential-round-coordinate", "pid": 4080976, "time": 1789708715.2574055, "cuda_visible_devices": "2", "allocated_gib": 5.225533962249756, "reserved_gib": 8.041015625, "peak_allocated_gib": 7.100478649139404, "gpu_time_budget": null, "module": "model.layers.25.mlp.down_proj", "step": 7168}
{"stage": "sequential-round-coordinate", "pid": 4080976, "time": 1789708716.216654, "cuda_visible_devices": "2", "allocated_gib": 5.225533962249756, "reserved_gib": 8.041015625, "peak_allocated_gib": 7.100478649139404, "gpu_time_budget": null, "module": "model.layers.25.mlp.down_proj", "step": 7296}
{"stage": "sequential-round-coordinate", "pid": 4080976, "time": 1789708717.1748185, "cuda_visible_devices": "2", "allocated_gib": 5.225533962249756, "reserved_gib": 8.041015625, "peak_allocated_gib": 7.100478649139404, "gpu_time_budget": null, "module": "model.layers.25.mlp.down_proj", "step": 7424}
{"stage": "sequential-round-coordinate", "pid": 4080976, "time": 1789708718.1241453, "cuda_visible_devices": "2", "allocated_gib": 5.225533962249756, "reserved_gib": 8.041015625, "peak_allocated_gib": 7.100478649139404, "gpu_time_budget": null, "module": "model.layers.25.mlp.down_proj", "step": 7552}
{"stage": "sequential-round-coordinate", "pid": 4080976, "time": 1789708719.074324, "cuda_visible_devices": "2", "allocated_gib": 5.225533962249756, "reserved_gib": 8.041015625, "peak_allocated_gib": 7.100478649139404, "gpu_time_budget": null, "module": "model.layers.25.mlp.down_proj", "step": 7680}
{"stage": "sequential-round-coordinate", "pid": 4080976, "time": 1789708720.024236, "cuda_visible_devices": "2", "allocated_gib": 5.225533962249756, "reserved_gib": 8.041015625, "peak_allocated_gib": 7.100478649139404, "gpu_time_budget": null, "module": "model.layers.25.mlp.down_proj", "step": 7808}
{"stage": "sequential-round-coordinate", "pid": 4080976, "time": 1789708720.9758422, "cuda_visible_devices": "2", "allocated_gib": 5.225533962249756, "reserved_gib": 8.041015625, "peak_allocated_gib": 7.100478649139404, "gpu_time_budget": null, "module": "model.layers.25.mlp.down_proj", "step": 7936}
{"stage": "sequential-round-coordinate", "pid": 4080976, "time": 1789708721.904733, "cuda_visible_devices": "2", "allocated_gib": 5.225533962249756, "reserved_gib": 8.041015625, "peak_allocated_gib": 7.100478649139404, "gpu_time_budget": null, "module": "model.layers.25.mlp.down_proj", "step": 8064}
{"stage": "sequential-round-coordinate", "pid": 4080976, "time": 1789708722.7021258, "cuda_visible_devices": "2", "allocated_gib": 5.225533962249756, "reserved_gib": 8.041015625, "peak_allocated_gib": 7.100478649139404, "gpu_time_budget": null, "module": "model.layers.25.mlp.down_proj", "step": 8192}
{"stage": "sequential-round-train-nll", "pid": 4080976, "time": 1789708722.747825, "cuda_visible_devices": "2", "allocated_gib": 3.795783519744873, "reserved_gib": 3.80078125, "peak_allocated_gib": 7.100478649139404, "gpu_time_budget": null, "module": "model.layers.25.mlp.down_proj", "step": 512}
Evaluation segment 1/1: start=0, windows=8, seqlen=2048
{"stage": "sequential-round-train-nll", "pid": 4080976, "time": 1789708727.0338137, "cuda_visible_devices": "2", "allocated_gib": 3.795783519744873, "reserved_gib": 5.791015625, "peak_allocated_gib": 7.100478649139404, "gpu_time_budget": null, "module": "model.layers.25.mlp.down_proj", "step": 2048}
Evaluation segment 1/1: start=0, windows=8, seqlen=2048
{"stage": "sequential-round-train-nll", "pid": 4080976, "time": 1789708731.257369, "cuda_visible_devices": "2", "allocated_gib": 3.795783519744873, "reserved_gib": 5.791015625, "peak_allocated_gib": 7.100478649139404, "gpu_time_budget": null, "module": "model.layers.25.mlp.down_proj", "step": 8192}
Evaluation segment 1/1: start=0, windows=8, seqlen=2048
{"stage": "sequential-module-completed", "pid": 4080976, "time": 1789708734.5760055, "cuda_visible_devices": "2", "allocated_gib": 3.795783519744873, "reserved_gib": 5.791015625, "peak_allocated_gib": 7.100478649139404, "gpu_time_budget": null, "module": "model.layers.25.mlp.down_proj", "completed": 26, "total": 28, "selected_train_nll": 2.9432687888885605, "elapsed_seconds": 1907.56115829607}
{"stage": "sequential-round-fit", "pid": 4080976, "time": 1789708738.180116, "cuda_visible_devices": "2", "allocated_gib": 3.795783519744873, "reserved_gib": 5.791015625, "peak_allocated_gib": 7.100478649139404, "gpu_time_budget": null, "module": "model.layers.26.mlp.down_proj", "fit_rows": 49152, "heldout_rows": 16384}
{"stage": "sequential-round-coordinate", "pid": 4080976, "time": 1789708738.9308527, "cuda_visible_devices": "2", "allocated_gib": 5.225533962249756, "reserved_gib": 8.041015625, "peak_allocated_gib": 7.100478649139404, "gpu_time_budget": null, "module": "model.layers.26.mlp.down_proj", "step": 128}
{"stage": "sequential-round-coordinate", "pid": 4080976, "time": 1789708739.4278955, "cuda_visible_devices": "2", "allocated_gib": 5.225533962249756, "reserved_gib": 8.041015625, "peak_allocated_gib": 7.100478649139404, "gpu_time_budget": null, "module": "model.layers.26.mlp.down_proj", "step": 256}
{"stage": "sequential-round-coordinate", "pid": 4080976, "time": 1789708739.9258888, "cuda_visible_devices": "2", "allocated_gib": 5.225533962249756, "reserved_gib": 8.041015625, "peak_allocated_gib": 7.100478649139404, "gpu_time_budget": null, "module": "model.layers.26.mlp.down_proj", "step": 384}
{"stage": "sequential-round-coordinate", "pid": 4080976, "time": 1789708740.487589, "cuda_visible_devices": "2", "allocated_gib": 5.225533962249756, "reserved_gib": 8.041015625, "peak_allocated_gib": 7.100478649139404, "gpu_time_budget": null, "module": "model.layers.26.mlp.down_proj", "step": 512}
{"stage": "sequential-round-coordinate", "pid": 4080976, "time": 1789708741.001566, "cuda_visible_devices": "2", "allocated_gib": 5.225533962249756, "reserved_gib": 8.041015625, "peak_allocated_gib": 7.100478649139404, "gpu_time_budget": null, "module": "model.layers.26.mlp.down_proj", "step": 640}
{"stage": "sequential-round-coordinate", "pid": 4080976, "time": 1789708741.5136745, "cuda_visible_devices": "2", "allocated_gib": 5.225533962249756, "reserved_gib": 8.041015625, "peak_allocated_gib": 7.100478649139404, "gpu_time_budget": null, "module": "model.layers.26.mlp.down_proj", "step": 768}
{"stage": "sequential-round-coordinate", "pid": 4080976, "time": 1789708742.0298147, "cuda_visible_devices": "2", "allocated_gib": 5.225533962249756, "reserved_gib": 8.041015625, "peak_allocated_gib": 7.100478649139404, "gpu_time_budget": null, "module": "model.layers.26.mlp.down_proj", "step": 896}
{"stage": "sequential-round-coordinate", "pid": 4080976, "time": 1789708742.5433273, "cuda_visible_devices": "2", "allocated_gib": 5.225533962249756, "reserved_gib": 8.041015625, "peak_allocated_gib": 7.100478649139404, "gpu_time_budget": null, "module": "model.layers.26.mlp.down_proj", "step": 1024}
{"stage": "sequential-round-coordinate", "pid": 4080976, "time": 1789708743.0484393, "cuda_visible_devices": "2", "allocated_gib": 5.225533962249756, "reserved_gib": 8.041015625, "peak_allocated_gib": 7.100478649139404, "gpu_time_budget": null, "module": "model.layers.26.mlp.down_proj", "step": 1152}
{"stage": "sequential-round-coordinate", "pid": 4080976, "time": 1789708743.5511336, "cuda_visible_devices": "2", "allocated_gib": 5.225533962249756, "reserved_gib": 8.041015625, "peak_allocated_gib": 7.100478649139404, "gpu_time_budget": null, "module": "model.layers.26.mlp.down_proj", "step": 1280}
{"stage": "sequential-round-coordinate", "pid": 4080976, "time": 1789708744.0520635, "cuda_visible_devices": "2", "allocated_gib": 5.225533962249756, "reserved_gib": 8.041015625, "peak_allocated_gib": 7.100478649139404, "gpu_time_budget": null, "module": "model.layers.26.mlp.down_proj", "step": 1408}
{"stage": "sequential-round-coordinate", "pid": 4080976, "time": 1789708744.556537, "cuda_visible_devices": "2", "allocated_gib": 5.225533962249756, "reserved_gib": 8.041015625, "peak_allocated_gib": 7.100478649139404, "gpu_time_budget": null, "module": "model.layers.26.mlp.down_proj", "step": 1536}
{"stage": "sequential-round-coordinate", "pid": 4080976, "time": 1789708745.0619066, "cuda_visible_devices": "2", "allocated_gib": 5.225533962249756, "reserved_gib": 8.041015625, "peak_allocated_gib": 7.100478649139404, "gpu_time_budget": null, "module": "model.layers.26.mlp.down_proj", "step": 1664}
{"stage": "sequential-round-coordinate", "pid": 4080976, "time": 1789708745.5686986, "cuda_visible_devices": "2", "allocated_gib": 5.225533962249756, "reserved_gib": 8.041015625, "peak_allocated_gib": 7.100478649139404, "gpu_time_budget": null, "module": "model.layers.26.mlp.down_proj", "step": 1792}
{"stage": "sequential-round-coordinate", "pid": 4080976, "time": 1789708746.0733335, "cuda_visible_devices": "2", "allocated_gib": 5.225533962249756, "reserved_gib": 8.041015625, "peak_allocated_gib": 7.100478649139404, "gpu_time_budget": null, "module": "model.layers.26.mlp.down_proj", "step": 1920}
{"stage": "sequential-round-coordinate", "pid": 4080976, "time": 1789708746.6226346, "cuda_visible_devices": "2", "allocated_gib": 5.225533962249756, "reserved_gib": 8.041015625, "peak_allocated_gib": 7.100478649139404, "gpu_time_budget": null, "module": "model.layers.26.mlp.down_proj", "step": 2048}
{"stage": "sequential-round-coordinate", "pid": 4080976, "time": 1789708747.123748, "cuda_visible_devices": "2", "allocated_gib": 5.225533962249756, "reserved_gib": 8.041015625, "peak_allocated_gib": 7.100478649139404, "gpu_time_budget": null, "module": "model.layers.26.mlp.down_proj", "step": 2176}
{"stage": "sequential-round-coordinate", "pid": 4080976, "time": 1789708747.6330974, "cuda_visible_devices": "2", "allocated_gib": 5.225533962249756, "reserved_gib": 8.041015625, "peak_allocated_gib": 7.100478649139404, "gpu_time_budget": null, "module": "model.layers.26.mlp.down_proj", "step": 2304}
{"stage": "sequential-round-coordinate", "pid": 4080976, "time": 1789708748.140632, "cuda_visible_devices": "2", "allocated_gib": 5.225533962249756, "reserved_gib": 8.041015625, "peak_allocated_gib": 7.100478649139404, "gpu_time_budget": null, "module": "model.layers.26.mlp.down_proj", "step": 2432}
{"stage": "sequential-round-coordinate", "pid": 4080976, "time": 1789708748.6607404, "cuda_visible_devices": "2", "allocated_gib": 5.225533962249756, "reserved_gib": 8.041015625, "peak_allocated_gib": 7.100478649139404, "gpu_time_budget": null, "module": "model.layers.26.mlp.down_proj", "step": 2560}
{"stage": "sequential-round-coordinate", "pid": 4080976, "time": 1789708749.1659787, "cuda_visible_devices": "2", "allocated_gib": 5.225533962249756, "reserved_gib": 8.041015625, "peak_allocated_gib": 7.100478649139404, "gpu_time_budget": null, "module": "model.layers.26.mlp.down_proj", "step": 2688}
{"stage": "sequential-round-coordinate", "pid": 4080976, "time": 1789708749.6824567, "cuda_visible_devices": "2", "allocated_gib": 5.225533962249756, "reserved_gib": 8.041015625, "peak_allocated_gib": 7.100478649139404, "gpu_time_budget": null, "module": "model.layers.26.mlp.down_proj", "step": 2816}
{"stage": "sequential-round-coordinate", "pid": 4080976, "time": 1789708750.1966922, "cuda_visible_devices": "2", "allocated_gib": 5.225533962249756, "reserved_gib": 8.041015625, "peak_allocated_gib": 7.100478649139404, "gpu_time_budget": null, "module": "model.layers.26.mlp.down_proj", "step": 2944}
{"stage": "sequential-round-coordinate", "pid": 4080976, "time": 1789708750.7086601, "cuda_visible_devices": "2", "allocated_gib": 5.225533962249756, "reserved_gib": 8.041015625, "peak_allocated_gib": 7.100478649139404, "gpu_time_budget": null, "module": "model.layers.26.mlp.down_proj", "step": 3072}
{"stage": "sequential-round-coordinate", "pid": 4080976, "time": 1789708751.2206542, "cuda_visible_devices": "2", "allocated_gib": 5.225533962249756, "reserved_gib": 8.041015625, "peak_allocated_gib": 7.100478649139404, "gpu_time_budget": null, "module": "model.layers.26.mlp.down_proj", "step": 3200}
{"stage": "sequential-round-coordinate", "pid": 4080976, "time": 1789708751.732225, "cuda_visible_devices": "2", "allocated_gib": 5.225533962249756, "reserved_gib": 8.041015625, "peak_allocated_gib": 7.100478649139404, "gpu_time_budget": null, "module": "model.layers.26.mlp.down_proj", "step": 3328}
{"stage": "sequential-round-coordinate", "pid": 4080976, "time": 1789708752.2519994, "cuda_visible_devices": "2", "allocated_gib": 5.225533962249756, "reserved_gib": 8.041015625, "peak_allocated_gib": 7.100478649139404, "gpu_time_budget": null, "module": "model.layers.26.mlp.down_proj", "step": 3456}
{"stage": "sequential-round-coordinate", "pid": 4080976, "time": 1789708752.7658274, "cuda_visible_devices": "2", "allocated_gib": 5.225533962249756, "reserved_gib": 8.041015625, "peak_allocated_gib": 7.100478649139404, "gpu_time_budget": null, "module": "model.layers.26.mlp.down_proj", "step": 3584}
{"stage": "sequential-round-coordinate", "pid": 4080976, "time": 1789708753.2785735, "cuda_visible_devices": "2", "allocated_gib": 5.225533962249756, "reserved_gib": 8.041015625, "peak_allocated_gib": 7.100478649139404, "gpu_time_budget": null, "module": "model.layers.26.mlp.down_proj", "step": 3712}
{"stage": "sequential-round-coordinate", "pid": 4080976, "time": 1789708753.7936316, "cuda_visible_devices": "2", "allocated_gib": 5.225533962249756, "reserved_gib": 8.041015625, "peak_allocated_gib": 7.100478649139404, "gpu_time_budget": null, "module": "model.layers.26.mlp.down_proj", "step": 3840}
{"stage": "sequential-round-coordinate", "pid": 4080976, "time": 1789708754.3082538, "cuda_visible_devices": "2", "allocated_gib": 5.225533962249756, "reserved_gib": 8.041015625, "peak_allocated_gib": 7.100478649139404, "gpu_time_budget": null, "module": "model.layers.26.mlp.down_proj", "step": 3968}
{"stage": "sequential-round-coordinate", "pid": 4080976, "time": 1789708754.8195958, "cuda_visible_devices": "2", "allocated_gib": 5.225533962249756, "reserved_gib": 8.041015625, "peak_allocated_gib": 7.100478649139404, "gpu_time_budget": null, "module": "model.layers.26.mlp.down_proj", "step": 4096}
{"stage": "sequential-round-coordinate", "pid": 4080976, "time": 1789708755.335091, "cuda_visible_devices": "2", "allocated_gib": 5.225533962249756, "reserved_gib": 8.041015625, "peak_allocated_gib": 7.100478649139404, "gpu_time_budget": null, "module": "model.layers.26.mlp.down_proj", "step": 4224}
{"stage": "sequential-round-coordinate", "pid": 4080976, "time": 1789708755.8515668, "cuda_visible_devices": "2", "allocated_gib": 5.225533962249756, "reserved_gib": 8.041015625, "peak_allocated_gib": 7.100478649139404, "gpu_time_budget": null, "module": "model.layers.26.mlp.down_proj", "step": 4352}
{"stage": "sequential-round-coordinate", "pid": 4080976, "time": 1789708756.3693697, "cuda_visible_devices": "2", "allocated_gib": 5.225533962249756, "reserved_gib": 8.041015625, "peak_allocated_gib": 7.100478649139404, "gpu_time_budget": null, "module": "model.layers.26.mlp.down_proj", "step": 4480}
{"stage": "sequential-round-coordinate", "pid": 4080976, "time": 1789708756.8884742, "cuda_visible_devices": "2", "allocated_gib": 5.225533962249756, "reserved_gib": 8.041015625, "peak_allocated_gib": 7.100478649139404, "gpu_time_budget": null, "module": "model.layers.26.mlp.down_proj", "step": 4608}
{"stage": "sequential-round-coordinate", "pid": 4080976, "time": 1789708757.4102933, "cuda_visible_devices": "2", "allocated_gib": 5.225533962249756, "reserved_gib": 8.041015625, "peak_allocated_gib": 7.100478649139404, "gpu_time_budget": null, "module": "model.layers.26.mlp.down_proj", "step": 4736}
{"stage": "sequential-round-coordinate", "pid": 4080976, "time": 1789708757.9264817, "cuda_visible_devices": "2", "allocated_gib": 5.225533962249756, "reserved_gib": 8.041015625, "peak_allocated_gib": 7.100478649139404, "gpu_time_budget": null, "module": "model.layers.26.mlp.down_proj", "step": 4864}
{"stage": "sequential-round-coordinate", "pid": 4080976, "time": 1789708758.4364033, "cuda_visible_devices": "2", "allocated_gib": 5.225533962249756, "reserved_gib": 8.041015625, "peak_allocated_gib": 7.100478649139404, "gpu_time_budget": null, "module": "model.layers.26.mlp.down_proj", "step": 4992}
{"stage": "sequential-round-coordinate", "pid": 4080976, "time": 1789708758.9520795, "cuda_visible_devices": "2", "allocated_gib": 5.225533962249756, "reserved_gib": 8.041015625, "peak_allocated_gib": 7.100478649139404, "gpu_time_budget": null, "module": "model.layers.26.mlp.down_proj", "step": 5120}
{"stage": "sequential-round-coordinate", "pid": 4080976, "time": 1789708759.4654295, "cuda_visible_devices": "2", "allocated_gib": 5.225533962249756, "reserved_gib": 8.041015625, "peak_allocated_gib": 7.100478649139404, "gpu_time_budget": null, "module": "model.layers.26.mlp.down_proj", "step": 5248}
{"stage": "sequential-round-coordinate", "pid": 4080976, "time": 1789708759.9787357, "cuda_visible_devices": "2", "allocated_gib": 5.225533962249756, "reserved_gib": 8.041015625, "peak_allocated_gib": 7.100478649139404, "gpu_time_budget": null, "module": "model.layers.26.mlp.down_proj", "step": 5376}
{"stage": "sequential-round-coordinate", "pid": 4080976, "time": 1789708760.501565, "cuda_visible_devices": "2", "allocated_gib": 5.225533962249756, "reserved_gib": 8.041015625, "peak_allocated_gib": 7.100478649139404, "gpu_time_budget": null, "module": "model.layers.26.mlp.down_proj", "step": 5504}
{"stage": "sequential-round-coordinate", "pid": 4080976, "time": 1789708761.015937, "cuda_visible_devices": "2", "allocated_gib": 5.225533962249756, "reserved_gib": 8.041015625, "peak_allocated_gib": 7.100478649139404, "gpu_time_budget": null, "module": "model.layers.26.mlp.down_proj", "step": 5632}
{"stage": "sequential-round-coordinate", "pid": 4080976, "time": 1789708761.533259, "cuda_visible_devices": "2", "allocated_gib": 5.225533962249756, "reserved_gib": 8.041015625, "peak_allocated_gib": 7.100478649139404, "gpu_time_budget": null, "module": "model.layers.26.mlp.down_proj", "step": 5760}
{"stage": "sequential-round-coordinate", "pid": 4080976, "time": 1789708762.0492964, "cuda_visible_devices": "2", "allocated_gib": 5.225533962249756, "reserved_gib": 8.041015625, "peak_allocated_gib": 7.100478649139404, "gpu_time_budget": null, "module": "model.layers.26.mlp.down_proj", "step": 5888}
{"stage": "sequential-round-coordinate", "pid": 4080976, "time": 1789708762.5630658, "cuda_visible_devices": "2", "allocated_gib": 5.225533962249756, "reserved_gib": 8.041015625, "peak_allocated_gib": 7.100478649139404, "gpu_time_budget": null, "module": "model.layers.26.mlp.down_proj", "step": 6016}
{"stage": "sequential-round-coordinate", "pid": 4080976, "time": 1789708763.0787487, "cuda_visible_devices": "2", "allocated_gib": 5.225533962249756, "reserved_gib": 8.041015625, "peak_allocated_gib": 7.100478649139404, "gpu_time_budget": null, "module": "model.layers.26.mlp.down_proj", "step": 6144}
{"stage": "sequential-round-coordinate", "pid": 4080976, "time": 1789708763.5847273, "cuda_visible_devices": "2", "allocated_gib": 5.225533962249756, "reserved_gib": 8.041015625, "peak_allocated_gib": 7.100478649139404, "gpu_time_budget": null, "module": "model.layers.26.mlp.down_proj", "step": 6272}
{"stage": "sequential-round-coordinate", "pid": 4080976, "time": 1789708764.0907855, "cuda_visible_devices": "2", "allocated_gib": 5.225533962249756, "reserved_gib": 8.041015625, "peak_allocated_gib": 7.100478649139404, "gpu_time_budget": null, "module": "model.layers.26.mlp.down_proj", "step": 6400}
{"stage": "sequential-round-coordinate", "pid": 4080976, "time": 1789708764.596944, "cuda_visible_devices": "2", "allocated_gib": 5.225533962249756, "reserved_gib": 8.041015625, "peak_allocated_gib": 7.100478649139404, "gpu_time_budget": null, "module": "model.layers.26.mlp.down_proj", "step": 6528}
{"stage": "sequential-round-coordinate", "pid": 4080976, "time": 1789708765.107796, "cuda_visible_devices": "2", "allocated_gib": 5.225533962249756, "reserved_gib": 8.041015625, "peak_allocated_gib": 7.100478649139404, "gpu_time_budget": null, "module": "model.layers.26.mlp.down_proj", "step": 6656}
{"stage": "sequential-round-coordinate", "pid": 4080976, "time": 1789708765.6218543, "cuda_visible_devices": "2", "allocated_gib": 5.225533962249756, "reserved_gib": 8.041015625, "peak_allocated_gib": 7.100478649139404, "gpu_time_budget": null, "module": "model.layers.26.mlp.down_proj", "step": 6784}
{"stage": "sequential-round-coordinate", "pid": 4080976, "time": 1789708766.1292768, "cuda_visible_devices": "2", "allocated_gib": 5.225533962249756, "reserved_gib": 8.041015625, "peak_allocated_gib": 7.100478649139404, "gpu_time_budget": null, "module": "model.layers.26.mlp.down_proj", "step": 6912}
{"stage": "sequential-round-coordinate", "pid": 4080976, "time": 1789708766.6487257, "cuda_visible_devices": "2", "allocated_gib": 5.225533962249756, "reserved_gib": 8.041015625, "peak_allocated_gib": 7.100478649139404, "gpu_time_budget": null, "module": "model.layers.26.mlp.down_proj", "step": 7040}
{"stage": "sequential-round-coordinate", "pid": 4080976, "time": 1789708767.1593647, "cuda_visible_devices": "2", "allocated_gib": 5.225533962249756, "reserved_gib": 8.041015625, "peak_allocated_gib": 7.100478649139404, "gpu_time_budget": null, "module": "model.layers.26.mlp.down_proj", "step": 7168}
{"stage": "sequential-round-coordinate", "pid": 4080976, "time": 1789708767.6727014, "cuda_visible_devices": "2", "allocated_gib": 5.225533962249756, "reserved_gib": 8.041015625, "peak_allocated_gib": 7.100478649139404, "gpu_time_budget": null, "module": "model.layers.26.mlp.down_proj", "step": 7296}
{"stage": "sequential-round-coordinate", "pid": 4080976, "time": 1789708768.1827798, "cuda_visible_devices": "2", "allocated_gib": 5.225533962249756, "reserved_gib": 8.041015625, "peak_allocated_gib": 7.100478649139404, "gpu_time_budget": null, "module": "model.layers.26.mlp.down_proj", "step": 7424}
{"stage": "sequential-round-coordinate", "pid": 4080976, "time": 1789708768.692102, "cuda_visible_devices": "2", "allocated_gib": 5.225533962249756, "reserved_gib": 8.041015625, "peak_allocated_gib": 7.100478649139404, "gpu_time_budget": null, "module": "model.layers.26.mlp.down_proj", "step": 7552}
{"stage": "sequential-round-coordinate", "pid": 4080976, "time": 1789708769.2006805, "cuda_visible_devices": "2", "allocated_gib": 5.225533962249756, "reserved_gib": 8.041015625, "peak_allocated_gib": 7.100478649139404, "gpu_time_budget": null, "module": "model.layers.26.mlp.down_proj", "step": 7680}
{"stage": "sequential-round-coordinate", "pid": 4080976, "time": 1789708769.7071154, "cuda_visible_devices": "2", "allocated_gib": 5.225533962249756, "reserved_gib": 8.041015625, "peak_allocated_gib": 7.100478649139404, "gpu_time_budget": null, "module": "model.layers.26.mlp.down_proj", "step": 7808}
{"stage": "sequential-round-coordinate", "pid": 4080976, "time": 1789708770.2172112, "cuda_visible_devices": "2", "allocated_gib": 5.225533962249756, "reserved_gib": 8.041015625, "peak_allocated_gib": 7.100478649139404, "gpu_time_budget": null, "module": "model.layers.26.mlp.down_proj", "step": 7936}
{"stage": "sequential-round-coordinate", "pid": 4080976, "time": 1789708770.7288518, "cuda_visible_devices": "2", "allocated_gib": 5.225533962249756, "reserved_gib": 8.041015625, "peak_allocated_gib": 7.100478649139404, "gpu_time_budget": null, "module": "model.layers.26.mlp.down_proj", "step": 8064}
{"stage": "sequential-round-coordinate", "pid": 4080976, "time": 1789708771.3671465, "cuda_visible_devices": "2", "allocated_gib": 5.225533962249756, "reserved_gib": 8.041015625, "peak_allocated_gib": 7.100478649139404, "gpu_time_budget": null, "module": "model.layers.26.mlp.down_proj", "step": 8192}
{"stage": "sequential-round-train-nll", "pid": 4080976, "time": 1789708771.4052887, "cuda_visible_devices": "2", "allocated_gib": 3.795783519744873, "reserved_gib": 3.80078125, "peak_allocated_gib": 7.100478649139404, "gpu_time_budget": null, "module": "model.layers.26.mlp.down_proj", "step": 512}
Evaluation segment 1/1: start=0, windows=8, seqlen=2048
{"stage": "sequential-round-train-nll", "pid": 4080976, "time": 1789708775.7011957, "cuda_visible_devices": "2", "allocated_gib": 3.795783519744873, "reserved_gib": 5.791015625, "peak_allocated_gib": 7.100478649139404, "gpu_time_budget": null, "module": "model.layers.26.mlp.down_proj", "step": 2048}
Evaluation segment 1/1: start=0, windows=8, seqlen=2048
{"stage": "sequential-round-train-nll", "pid": 4080976, "time": 1789708780.0018191, "cuda_visible_devices": "2", "allocated_gib": 3.795783519744873, "reserved_gib": 5.791015625, "peak_allocated_gib": 7.100478649139404, "gpu_time_budget": null, "module": "model.layers.26.mlp.down_proj", "step": 8192}
Evaluation segment 1/1: start=0, windows=8, seqlen=2048
{"stage": "sequential-module-completed", "pid": 4080976, "time": 1789708784.5339003, "cuda_visible_devices": "2", "allocated_gib": 3.795783519744873, "reserved_gib": 5.791015625, "peak_allocated_gib": 7.100478649139404, "gpu_time_budget": null, "module": "model.layers.26.mlp.down_proj", "completed": 27, "total": 28, "selected_train_nll": 2.9412856828638385, "elapsed_seconds": 1957.5190508260857}
{"stage": "sequential-round-fit", "pid": 4080976, "time": 1789708795.065724, "cuda_visible_devices": "2", "allocated_gib": 3.795783519744873, "reserved_gib": 5.791015625, "peak_allocated_gib": 7.100478649139404, "gpu_time_budget": null, "module": "model.layers.27.mlp.down_proj", "fit_rows": 49152, "heldout_rows": 16384}
{"stage": "sequential-round-coordinate", "pid": 4080976, "time": 1789708796.1885755, "cuda_visible_devices": "2", "allocated_gib": 5.225533962249756, "reserved_gib": 8.041015625, "peak_allocated_gib": 7.100478649139404, "gpu_time_budget": null, "module": "model.layers.27.mlp.down_proj", "step": 128}
{"stage": "sequential-round-coordinate", "pid": 4080976, "time": 1789708796.9485867, "cuda_visible_devices": "2", "allocated_gib": 5.225533962249756, "reserved_gib": 8.041015625, "peak_allocated_gib": 7.100478649139404, "gpu_time_budget": null, "module": "model.layers.27.mlp.down_proj", "step": 256}
{"stage": "sequential-round-coordinate", "pid": 4080976, "time": 1789708797.7109046, "cuda_visible_devices": "2", "allocated_gib": 5.225533962249756, "reserved_gib": 8.041015625, "peak_allocated_gib": 7.100478649139404, "gpu_time_budget": null, "module": "model.layers.27.mlp.down_proj", "step": 384}
{"stage": "sequential-round-coordinate", "pid": 4080976, "time": 1789708798.5307305, "cuda_visible_devices": "2", "allocated_gib": 5.225533962249756, "reserved_gib": 8.041015625, "peak_allocated_gib": 7.100478649139404, "gpu_time_budget": null, "module": "model.layers.27.mlp.down_proj", "step": 512}
{"stage": "sequential-round-coordinate", "pid": 4080976, "time": 1789708799.3013422, "cuda_visible_devices": "2", "allocated_gib": 5.225533962249756, "reserved_gib": 8.041015625, "peak_allocated_gib": 7.100478649139404, "gpu_time_budget": null, "module": "model.layers.27.mlp.down_proj", "step": 640}
{"stage": "sequential-round-coordinate", "pid": 4080976, "time": 1789708800.1037025, "cuda_visible_devices": "2", "allocated_gib": 5.225533962249756, "reserved_gib": 8.041015625, "peak_allocated_gib": 7.100478649139404, "gpu_time_budget": null, "module": "model.layers.27.mlp.down_proj", "step": 768}
{"stage": "sequential-round-coordinate", "pid": 4080976, "time": 1789708800.9037364, "cuda_visible_devices": "2", "allocated_gib": 5.225533962249756, "reserved_gib": 8.041015625, "peak_allocated_gib": 7.100478649139404, "gpu_time_budget": null, "module": "model.layers.27.mlp.down_proj", "step": 896}
{"stage": "sequential-round-coordinate", "pid": 4080976, "time": 1789708801.6655169, "cuda_visible_devices": "2", "allocated_gib": 5.225533962249756, "reserved_gib": 8.041015625, "peak_allocated_gib": 7.100478649139404, "gpu_time_budget": null, "module": "model.layers.27.mlp.down_proj", "step": 1024}
{"stage": "sequential-round-coordinate", "pid": 4080976, "time": 1789708802.4260788, "cuda_visible_devices": "2", "allocated_gib": 5.225533962249756, "reserved_gib": 8.041015625, "peak_allocated_gib": 7.100478649139404, "gpu_time_budget": null, "module": "model.layers.27.mlp.down_proj", "step": 1152}
{"stage": "sequential-round-coordinate", "pid": 4080976, "time": 1789708803.1886477, "cuda_visible_devices": "2", "allocated_gib": 5.225533962249756, "reserved_gib": 8.041015625, "peak_allocated_gib": 7.100478649139404, "gpu_time_budget": null, "module": "model.layers.27.mlp.down_proj", "step": 1280}
{"stage": "sequential-round-coordinate", "pid": 4080976, "time": 1789708803.9486256, "cuda_visible_devices": "2", "allocated_gib": 5.225533962249756, "reserved_gib": 8.041015625, "peak_allocated_gib": 7.100478649139404, "gpu_time_budget": null, "module": "model.layers.27.mlp.down_proj", "step": 1408}
{"stage": "sequential-round-coordinate", "pid": 4080976, "time": 1789708804.7105849, "cuda_visible_devices": "2", "allocated_gib": 5.225533962249756, "reserved_gib": 8.041015625, "peak_allocated_gib": 7.100478649139404, "gpu_time_budget": null, "module": "model.layers.27.mlp.down_proj", "step": 1536}
{"stage": "sequential-round-coordinate", "pid": 4080976, "time": 1789708805.4918115, "cuda_visible_devices": "2", "allocated_gib": 5.225533962249756, "reserved_gib": 8.041015625, "peak_allocated_gib": 7.100478649139404, "gpu_time_budget": null, "module": "model.layers.27.mlp.down_proj", "step": 1664}
{"stage": "sequential-round-coordinate", "pid": 4080976, "time": 1789708806.294845, "cuda_visible_devices": "2", "allocated_gib": 5.225533962249756, "reserved_gib": 8.041015625, "peak_allocated_gib": 7.100478649139404, "gpu_time_budget": null, "module": "model.layers.27.mlp.down_proj", "step": 1792}
{"stage": "sequential-round-coordinate", "pid": 4080976, "time": 1789708807.0883574, "cuda_visible_devices": "2", "allocated_gib": 5.225533962249756, "reserved_gib": 8.041015625, "peak_allocated_gib": 7.100478649139404, "gpu_time_budget": null, "module": "model.layers.27.mlp.down_proj", "step": 1920}
{"stage": "sequential-round-coordinate", "pid": 4080976, "time": 1789708807.9129472, "cuda_visible_devices": "2", "allocated_gib": 5.225533962249756, "reserved_gib": 8.041015625, "peak_allocated_gib": 7.100478649139404, "gpu_time_budget": null, "module": "model.layers.27.mlp.down_proj", "step": 2048}
{"stage": "sequential-round-coordinate", "pid": 4080976, "time": 1789708808.6727269, "cuda_visible_devices": "2", "allocated_gib": 5.225533962249756, "reserved_gib": 8.041015625, "peak_allocated_gib": 7.100478649139404, "gpu_time_budget": null, "module": "model.layers.27.mlp.down_proj", "step": 2176}
{"stage": "sequential-round-coordinate", "pid": 4080976, "time": 1789708809.4282973, "cuda_visible_devices": "2", "allocated_gib": 5.225533962249756, "reserved_gib": 8.041015625, "peak_allocated_gib": 7.100478649139404, "gpu_time_budget": null, "module": "model.layers.27.mlp.down_proj", "step": 2304}
{"stage": "sequential-round-coordinate", "pid": 4080976, "time": 1789708810.1898596, "cuda_visible_devices": "2", "allocated_gib": 5.225533962249756, "reserved_gib": 8.041015625, "peak_allocated_gib": 7.100478649139404, "gpu_time_budget": null, "module": "model.layers.27.mlp.down_proj", "step": 2432}
{"stage": "sequential-round-coordinate", "pid": 4080976, "time": 1789708810.9635067, "cuda_visible_devices": "2", "allocated_gib": 5.225533962249756, "reserved_gib": 8.041015625, "peak_allocated_gib": 7.100478649139404, "gpu_time_budget": null, "module": "model.layers.27.mlp.down_proj", "step": 2560}
{"stage": "sequential-round-coordinate", "pid": 4080976, "time": 1789708811.7686317, "cuda_visible_devices": "2", "allocated_gib": 5.225533962249756, "reserved_gib": 8.041015625, "peak_allocated_gib": 7.100478649139404, "gpu_time_budget": null, "module": "model.layers.27.mlp.down_proj", "step": 2688}
{"stage": "sequential-round-coordinate", "pid": 4080976, "time": 1789708812.5647926, "cuda_visible_devices": "2", "allocated_gib": 5.225533962249756, "reserved_gib": 8.041015625, "peak_allocated_gib": 7.100478649139404, "gpu_time_budget": null, "module": "model.layers.27.mlp.down_proj", "step": 2816}
{"stage": "sequential-round-coordinate", "pid": 4080976, "time": 1789708813.3260837, "cuda_visible_devices": "2", "allocated_gib": 5.225533962249756, "reserved_gib": 8.041015625, "peak_allocated_gib": 7.100478649139404, "gpu_time_budget": null, "module": "model.layers.27.mlp.down_proj", "step": 2944}
{"stage": "sequential-round-coordinate", "pid": 4080976, "time": 1789708814.0855925, "cuda_visible_devices": "2", "allocated_gib": 5.225533962249756, "reserved_gib": 8.041015625, "peak_allocated_gib": 7.100478649139404, "gpu_time_budget": null, "module": "model.layers.27.mlp.down_proj", "step": 3072}
{"stage": "sequential-round-coordinate", "pid": 4080976, "time": 1789708814.847455, "cuda_visible_devices": "2", "allocated_gib": 5.225533962249756, "reserved_gib": 8.041015625, "peak_allocated_gib": 7.100478649139404, "gpu_time_budget": null, "module": "model.layers.27.mlp.down_proj", "step": 3200}
{"stage": "sequential-round-coordinate", "pid": 4080976, "time": 1789708815.6071053, "cuda_visible_devices": "2", "allocated_gib": 5.225533962249756, "reserved_gib": 8.041015625, "peak_allocated_gib": 7.100478649139404, "gpu_time_budget": null, "module": "model.layers.27.mlp.down_proj", "step": 3328}
{"stage": "sequential-round-coordinate", "pid": 4080976, "time": 1789708816.3678906, "cuda_visible_devices": "2", "allocated_gib": 5.225533962249756, "reserved_gib": 8.041015625, "peak_allocated_gib": 7.100478649139404, "gpu_time_budget": null, "module": "model.layers.27.mlp.down_proj", "step": 3456}
{"stage": "sequential-round-coordinate", "pid": 4080976, "time": 1789708817.1540065, "cuda_visible_devices": "2", "allocated_gib": 5.225533962249756, "reserved_gib": 8.041015625, "peak_allocated_gib": 7.100478649139404, "gpu_time_budget": null, "module": "model.layers.27.mlp.down_proj", "step": 3584}
{"stage": "sequential-round-coordinate", "pid": 4080976, "time": 1789708817.9559994, "cuda_visible_devices": "2", "allocated_gib": 5.225533962249756, "reserved_gib": 8.041015625, "peak_allocated_gib": 7.100478649139404, "gpu_time_budget": null, "module": "model.layers.27.mlp.down_proj", "step": 3712}
{"stage": "sequential-round-coordinate", "pid": 4080976, "time": 1789708818.743557, "cuda_visible_devices": "2", "allocated_gib": 5.225533962249756, "reserved_gib": 8.041015625, "peak_allocated_gib": 7.100478649139404, "gpu_time_budget": null, "module": "model.layers.27.mlp.down_proj", "step": 3840}
{"stage": "sequential-round-coordinate", "pid": 4080976, "time": 1789708819.5089154, "cuda_visible_devices": "2", "allocated_gib": 5.225533962249756, "reserved_gib": 8.041015625, "peak_allocated_gib": 7.100478649139404, "gpu_time_budget": null, "module": "model.layers.27.mlp.down_proj", "step": 3968}
{"stage": "sequential-round-coordinate", "pid": 4080976, "time": 1789708820.2726512, "cuda_visible_devices": "2", "allocated_gib": 5.225533962249756, "reserved_gib": 8.041015625, "peak_allocated_gib": 7.100478649139404, "gpu_time_budget": null, "module": "model.layers.27.mlp.down_proj", "step": 4096}
{"stage": "sequential-round-coordinate", "pid": 4080976, "time": 1789708821.0263922, "cuda_visible_devices": "2", "allocated_gib": 5.225533962249756, "reserved_gib": 8.041015625, "peak_allocated_gib": 7.100478649139404, "gpu_time_budget": null, "module": "model.layers.27.mlp.down_proj", "step": 4224}
{"stage": "sequential-round-coordinate", "pid": 4080976, "time": 1789708821.7798743, "cuda_visible_devices": "2", "allocated_gib": 5.225533962249756, "reserved_gib": 8.041015625, "peak_allocated_gib": 7.100478649139404, "gpu_time_budget": null, "module": "model.layers.27.mlp.down_proj", "step": 4352}
{"stage": "sequential-round-coordinate", "pid": 4080976, "time": 1789708822.5346627, "cuda_visible_devices": "2", "allocated_gib": 5.225533962249756, "reserved_gib": 8.041015625, "peak_allocated_gib": 7.100478649139404, "gpu_time_budget": null, "module": "model.layers.27.mlp.down_proj", "step": 4480}
{"stage": "sequential-round-coordinate", "pid": 4080976, "time": 1789708823.3333492, "cuda_visible_devices": "2", "allocated_gib": 5.225533962249756, "reserved_gib": 8.041015625, "peak_allocated_gib": 7.100478649139404, "gpu_time_budget": null, "module": "model.layers.27.mlp.down_proj", "step": 4608}
{"stage": "sequential-round-coordinate", "pid": 4080976, "time": 1789708824.127316, "cuda_visible_devices": "2", "allocated_gib": 5.225533962249756, "reserved_gib": 8.041015625, "peak_allocated_gib": 7.100478649139404, "gpu_time_budget": null, "module": "model.layers.27.mlp.down_proj", "step": 4736}
{"stage": "sequential-round-coordinate", "pid": 4080976, "time": 1789708824.8902628, "cuda_visible_devices": "2", "allocated_gib": 5.225533962249756, "reserved_gib": 8.041015625, "peak_allocated_gib": 7.100478649139404, "gpu_time_budget": null, "module": "model.layers.27.mlp.down_proj", "step": 4864}
{"stage": "sequential-round-coordinate", "pid": 4080976, "time": 1789708825.6433785, "cuda_visible_devices": "2", "allocated_gib": 5.225533962249756, "reserved_gib": 8.041015625, "peak_allocated_gib": 7.100478649139404, "gpu_time_budget": null, "module": "model.layers.27.mlp.down_proj", "step": 4992}
{"stage": "sequential-round-coordinate", "pid": 4080976, "time": 1789708826.3958828, "cuda_visible_devices": "2", "allocated_gib": 5.225533962249756, "reserved_gib": 8.041015625, "peak_allocated_gib": 7.100478649139404, "gpu_time_budget": null, "module": "model.layers.27.mlp.down_proj", "step": 5120}
{"stage": "sequential-round-coordinate", "pid": 4080976, "time": 1789708827.1502938, "cuda_visible_devices": "2", "allocated_gib": 5.225533962249756, "reserved_gib": 8.041015625, "peak_allocated_gib": 7.100478649139404, "gpu_time_budget": null, "module": "model.layers.27.mlp.down_proj", "step": 5248}
{"stage": "sequential-round-coordinate", "pid": 4080976, "time": 1789708827.9030974, "cuda_visible_devices": "2", "allocated_gib": 5.225533962249756, "reserved_gib": 8.041015625, "peak_allocated_gib": 7.100478649139404, "gpu_time_budget": null, "module": "model.layers.27.mlp.down_proj", "step": 5376}
{"stage": "sequential-round-coordinate", "pid": 4080976, "time": 1789708828.6579967, "cuda_visible_devices": "2", "allocated_gib": 5.225533962249756, "reserved_gib": 8.041015625, "peak_allocated_gib": 7.100478649139404, "gpu_time_budget": null, "module": "model.layers.27.mlp.down_proj", "step": 5504}
{"stage": "sequential-round-coordinate", "pid": 4080976, "time": 1789708829.4557865, "cuda_visible_devices": "2", "allocated_gib": 5.225533962249756, "reserved_gib": 8.041015625, "peak_allocated_gib": 7.100478649139404, "gpu_time_budget": null, "module": "model.layers.27.mlp.down_proj", "step": 5632}
{"stage": "sequential-round-coordinate", "pid": 4080976, "time": 1789708830.2524698, "cuda_visible_devices": "2", "allocated_gib": 5.225533962249756, "reserved_gib": 8.041015625, "peak_allocated_gib": 7.100478649139404, "gpu_time_budget": null, "module": "model.layers.27.mlp.down_proj", "step": 5760}
{"stage": "sequential-round-coordinate", "pid": 4080976, "time": 1789708831.0190866, "cuda_visible_devices": "2", "allocated_gib": 5.225533962249756, "reserved_gib": 8.041015625, "peak_allocated_gib": 7.100478649139404, "gpu_time_budget": null, "module": "model.layers.27.mlp.down_proj", "step": 5888}
{"stage": "sequential-round-coordinate", "pid": 4080976, "time": 1789708831.774518, "cuda_visible_devices": "2", "allocated_gib": 5.225533962249756, "reserved_gib": 8.041015625, "peak_allocated_gib": 7.100478649139404, "gpu_time_budget": null, "module": "model.layers.27.mlp.down_proj", "step": 6016}
{"stage": "sequential-round-coordinate", "pid": 4080976, "time": 1789708832.530491, "cuda_visible_devices": "2", "allocated_gib": 5.225533962249756, "reserved_gib": 8.041015625, "peak_allocated_gib": 7.100478649139404, "gpu_time_budget": null, "module": "model.layers.27.mlp.down_proj", "step": 6144}
{"stage": "sequential-round-coordinate", "pid": 4080976, "time": 1789708833.2877665, "cuda_visible_devices": "2", "allocated_gib": 5.225533962249756, "reserved_gib": 8.041015625, "peak_allocated_gib": 7.100478649139404, "gpu_time_budget": null, "module": "model.layers.27.mlp.down_proj", "step": 6272}
{"stage": "sequential-round-coordinate", "pid": 4080976, "time": 1789708834.043647, "cuda_visible_devices": "2", "allocated_gib": 5.225533962249756, "reserved_gib": 8.041015625, "peak_allocated_gib": 7.100478649139404, "gpu_time_budget": null, "module": "model.layers.27.mlp.down_proj", "step": 6400}
{"stage": "sequential-round-coordinate", "pid": 4080976, "time": 1789708834.8028708, "cuda_visible_devices": "2", "allocated_gib": 5.225533962249756, "reserved_gib": 8.041015625, "peak_allocated_gib": 7.100478649139404, "gpu_time_budget": null, "module": "model.layers.27.mlp.down_proj", "step": 6528}
{"stage": "sequential-round-coordinate", "pid": 4080976, "time": 1789708835.600424, "cuda_visible_devices": "2", "allocated_gib": 5.225533962249756, "reserved_gib": 8.041015625, "peak_allocated_gib": 7.100478649139404, "gpu_time_budget": null, "module": "model.layers.27.mlp.down_proj", "step": 6656}
{"stage": "sequential-round-coordinate", "pid": 4080976, "time": 1789708836.3986537, "cuda_visible_devices": "2", "allocated_gib": 5.225533962249756, "reserved_gib": 8.041015625, "peak_allocated_gib": 7.100478649139404, "gpu_time_budget": null, "module": "model.layers.27.mlp.down_proj", "step": 6784}
{"stage": "sequential-round-coordinate", "pid": 4080976, "time": 1789708837.161512, "cuda_visible_devices": "2", "allocated_gib": 5.225533962249756, "reserved_gib": 8.041015625, "peak_allocated_gib": 7.100478649139404, "gpu_time_budget": null, "module": "model.layers.27.mlp.down_proj", "step": 6912}
{"stage": "sequential-round-coordinate", "pid": 4080976, "time": 1789708837.9172251, "cuda_visible_devices": "2", "allocated_gib": 5.225533962249756, "reserved_gib": 8.041015625, "peak_allocated_gib": 7.100478649139404, "gpu_time_budget": null, "module": "model.layers.27.mlp.down_proj", "step": 7040}
{"stage": "sequential-round-coordinate", "pid": 4080976, "time": 1789708838.6751723, "cuda_visible_devices": "2", "allocated_gib": 5.225533962249756, "reserved_gib": 8.041015625, "peak_allocated_gib": 7.100478649139404, "gpu_time_budget": null, "module": "model.layers.27.mlp.down_proj", "step": 7168}
{"stage": "sequential-round-coordinate", "pid": 4080976, "time": 1789708839.4311666, "cuda_visible_devices": "2", "allocated_gib": 5.225533962249756, "reserved_gib": 8.041015625, "peak_allocated_gib": 7.100478649139404, "gpu_time_budget": null, "module": "model.layers.27.mlp.down_proj", "step": 7296}
{"stage": "sequential-round-coordinate", "pid": 4080976, "time": 1789708840.188017, "cuda_visible_devices": "2", "allocated_gib": 5.225533962249756, "reserved_gib": 8.041015625, "peak_allocated_gib": 7.100478649139404, "gpu_time_budget": null, "module": "model.layers.27.mlp.down_proj", "step": 7424}
{"stage": "sequential-round-coordinate", "pid": 4080976, "time": 1789708840.945269, "cuda_visible_devices": "2", "allocated_gib": 5.225533962249756, "reserved_gib": 8.041015625, "peak_allocated_gib": 7.100478649139404, "gpu_time_budget": null, "module": "model.layers.27.mlp.down_proj", "step": 7552}
{"stage": "sequential-round-coordinate", "pid": 4080976, "time": 1789708841.7412186, "cuda_visible_devices": "2", "allocated_gib": 5.225533962249756, "reserved_gib": 8.041015625, "peak_allocated_gib": 7.100478649139404, "gpu_time_budget": null, "module": "model.layers.27.mlp.down_proj", "step": 7680}
{"stage": "sequential-round-coordinate", "pid": 4080976, "time": 1789708842.53573, "cuda_visible_devices": "2", "allocated_gib": 5.225533962249756, "reserved_gib": 8.041015625, "peak_allocated_gib": 7.100478649139404, "gpu_time_budget": null, "module": "model.layers.27.mlp.down_proj", "step": 7808}
{"stage": "sequential-round-coordinate", "pid": 4080976, "time": 1789708843.2828045, "cuda_visible_devices": "2", "allocated_gib": 5.225533962249756, "reserved_gib": 8.041015625, "peak_allocated_gib": 7.100478649139404, "gpu_time_budget": null, "module": "model.layers.27.mlp.down_proj", "step": 7936}
{"stage": "sequential-round-coordinate", "pid": 4080976, "time": 1789708843.9214993, "cuda_visible_devices": "2", "allocated_gib": 5.225533962249756, "reserved_gib": 8.041015625, "peak_allocated_gib": 7.100478649139404, "gpu_time_budget": null, "module": "model.layers.27.mlp.down_proj", "step": 8064}
{"stage": "sequential-round-coordinate", "pid": 4080976, "time": 1789708844.467454, "cuda_visible_devices": "2", "allocated_gib": 5.225533962249756, "reserved_gib": 8.041015625, "peak_allocated_gib": 7.100478649139404, "gpu_time_budget": null, "module": "model.layers.27.mlp.down_proj", "step": 8192}
{"stage": "sequential-round-train-nll", "pid": 4080976, "time": 1789708844.5106857, "cuda_visible_devices": "2", "allocated_gib": 3.795783519744873, "reserved_gib": 3.80078125, "peak_allocated_gib": 7.100478649139404, "gpu_time_budget": null, "module": "model.layers.27.mlp.down_proj", "step": 512}
Evaluation segment 1/1: start=0, windows=8, seqlen=2048
{"stage": "sequential-round-train-nll", "pid": 4080976, "time": 1789708846.5876932, "cuda_visible_devices": "2", "allocated_gib": 3.795783519744873, "reserved_gib": 5.791015625, "peak_allocated_gib": 7.100478649139404, "gpu_time_budget": null, "module": "model.layers.27.mlp.down_proj", "step": 2048}
Evaluation segment 1/1: start=0, windows=8, seqlen=2048
{"stage": "sequential-round-train-nll", "pid": 4080976, "time": 1789708848.6872919, "cuda_visible_devices": "2", "allocated_gib": 3.795783519744873, "reserved_gib": 5.791015625, "peak_allocated_gib": 7.100478649139404, "gpu_time_budget": null, "module": "model.layers.27.mlp.down_proj", "step": 8192}
Evaluation segment 1/1: start=0, windows=8, seqlen=2048
{"stage": "sequential-module-completed", "pid": 4080976, "time": 1789708850.9924924, "cuda_visible_devices": "2", "allocated_gib": 3.795783519744873, "reserved_gib": 5.791015625, "peak_allocated_gib": 7.100478649139404, "gpu_time_budget": null, "module": "model.layers.27.mlp.down_proj", "completed": 28, "total": 28, "selected_train_nll": 2.9412856828638385, "elapsed_seconds": 2023.9776453190716}
Loading checkpoint shards:   0%|          | 0/2 [00:00<?, ?it/s]Loading checkpoint shards:  50%|█████     | 1/2 [00:00<00:00,  1.34it/s]Loading checkpoint shards: 100%|██████████| 2/2 [00:00<00:00,  2.67it/s]
{"stage": "sequential-full-validation", "pid": 4080976, "time": 1789708871.6676497, "cuda_visible_devices": "2", "allocated_gib": 3.795783519744873, "reserved_gib": 3.83984375, "peak_allocated_gib": 7.100478649139404, "gpu_time_budget": null}
Evaluation segment 1/2: start=0, windows=128, seqlen=2048
Evaluation segment 2/2: start=262144, windows=1, seqlen=193
{"stage": "completed", "pid": 4080976, "time": 1789708904.233348, "cuda_visible_devices": "2", "allocated_gib": 3.795783519744873, "reserved_gib": 5.79296875, "peak_allocated_gib": 7.100478649139404, "gpu_time_budget": null, "elapsed_seconds": 2077.218491923064, "result": {"parent": "/home/dongpeiyan/projects/rotation-quant/runs/phase5/qwen3-1p7b/uniform-initial-s43/static_w4a8.pt", "parent_metadata": {"parent": "/home/dongpeiyan/projects/rotation-quant/runs/phase5/qwen3-1p7b/joint100-s43/checkpoint-0100/static_w4a8.pt", "method": "matched Joint100 down INT8 initialization; no postprocessing or QAT yet"}, "mode": "round", "initial_train_nll": 2.94840331490133, "selected_train_nll": 2.9412856828638385, "completed_targets": ["model.layers.0.mlp.down_proj", "model.layers.1.mlp.down_proj", "model.layers.2.mlp.down_proj", "model.layers.3.mlp.down_proj", "model.layers.4.mlp.down_proj", "model.layers.5.mlp.down_proj", "model.layers.6.mlp.down_proj", "model.layers.7.mlp.down_proj", "model.layers.8.mlp.down_proj", "model.layers.9.mlp.down_proj", "model.layers.10.mlp.down_proj", "model.layers.11.mlp.down_proj", "model.layers.12.mlp.down_proj", "model.layers.13.mlp.down_proj", "model.layers.14.mlp.down_proj", "model.layers.15.mlp.down_proj", "model.layers.16.mlp.down_proj", "model.layers.17.mlp.down_proj", "model.layers.18.mlp.down_proj", "model.layers.19.mlp.down_proj", "model.layers.20.mlp.down_proj", "model.layers.21.mlp.down_proj", "model.layers.22.mlp.down_proj", "model.layers.23.mlp.down_proj", "model.layers.24.mlp.down_proj", "model.layers.25.mlp.down_proj", "model.layers.26.mlp.down_proj", "model.layers.27.mlp.down_proj"], "new_module_results": [{"module": "model.layers.0.mlp.down_proj", "selected_step": 8192, "previous_train_nll": 2.94840331490133, "selected_train_nll": 2.945441039609602, "trials": [{"step": 0, "fit_mse": 0.0009904378093779087, "heldout_mse": 0.000985357677564025, "changed_codes": 0, "train_nll": 2.94840331490133}, {"step": 512, "fit_mse": 0.0006734623457305133, "heldout_mse": 0.0007215315708890557, "changed_codes": 392932, "train_nll": 2.9501881351958485}, {"step": 2048, "fit_mse": 0.0005455400096252561, "heldout_mse": 0.0006665991968475282, "changed_codes": 1155797, "train_nll": 2.947533126944752}, {"step": 8192, "fit_mse": 0.00044693960808217525, "heldout_mse": 0.0006175210000947118, "changed_codes": 1638648, "train_nll": 2.945441039609602}]}, {"module": "model.layers.1.mlp.down_proj", "selected_step": 0, "previous_train_nll": 2.945441039609602, "selected_train_nll": 2.945441039609602, "trials": [{"step": 0, "fit_mse": 0.0015232018195092678, "heldout_mse": 0.0015636901371181011, "changed_codes": 0, "train_nll": 2.945441039609602}, {"step": 512, "fit_mse": 0.0011213887482881546, "heldout_mse": 0.0012690918520092964, "changed_codes": 396824, "train_nll": 2.9503645859825554}, {"step": 2048, "fit_mse": 0.000989411724731326, "heldout_mse": 0.0012994655407965183, "changed_codes": 1449013, "train_nll": 2.948178813070697}, {"step": 8192, "fit_mse": 0.0008707338711246848, "heldout_mse": 0.0013408081140369177, "changed_codes": 2570541, "train_nll": 2.950684972148904}]}, {"module": "model.layers.2.mlp.down_proj", "selected_step": 0, "previous_train_nll": 2.945441039609602, "selected_train_nll": 2.945441039609602, "trials": [{"step": 0, "fit_mse": 2.25539493560791, "heldout_mse": 2.1717491149902344, "changed_codes": 0, "train_nll": 2.945441039609602}, {"step": 13, "fit_mse": 2.2148566246032715, "heldout_mse": 2.1717491149902344, "changed_codes": 2010, "train_nll": null}]}, {"module": "model.layers.3.mlp.down_proj", "selected_step": 0, "previous_train_nll": 2.945441039609602, "selected_train_nll": 2.945441039609602, "trials": [{"step": 0, "fit_mse": 0.006249546073377132, "heldout_mse": 0.005911823362112045, "changed_codes": 0, "train_nll": 2.945441039609602}, {"step": 512, "fit_mse": 0.004173451568931341, "heldout_mse": 0.0045378003269433975, "changed_codes": 461939, "train_nll": 2.9469056497507986}, {"step": 2048, "fit_mse": 0.0035941447131335735, "heldout_mse": 0.004431517329066992, "changed_codes": 1345547, "train_nll": 2.946586554544244}, {"step": 8192, "fit_mse": 0.003124625189229846, "heldout_mse": 0.004333882592618465, "changed_codes": 1843217, "train_nll": 2.948441010266689}]}, {"module": "model.layers.4.mlp.down_proj", "selected_step": 0, "previous_train_nll": 2.945441039609602, "selected_train_nll": 2.945441039609602, "trials": [{"step": 0, "fit_mse": 0.0058555398136377335, "heldout_mse": 0.005851073190569878, "changed_codes": 0, "train_nll": 2.945441039609602}, {"step": 512, "fit_mse": 0.004044979810714722, "heldout_mse": 0.004285723902285099, "changed_codes": 459338, "train_nll": 2.947530825179413}, {"step": 2048, "fit_mse": 0.0034784721210598946, "heldout_mse": 0.003984921611845493, "changed_codes": 1260271, "train_nll": 2.945456583853962}, {"step": 8192, "fit_mse": 0.003052022773772478, "heldout_mse": 0.0037675979547202587, "changed_codes": 1608088, "train_nll": 2.9485201959024563}]}, {"module": "model.layers.5.mlp.down_proj", "selected_step": 0, "previous_train_nll": 2.945441039609602, "selected_train_nll": 2.945441039609602, "trials": [{"step": 0, "fit_mse": 0.006651240400969982, "heldout_mse": 0.006630260962992907, "changed_codes": 0, "train_nll": 2.945441039609602}, {"step": 512, "fit_mse": 0.004982384853065014, "heldout_mse": 0.005159349180757999, "changed_codes": 404736, "train_nll": 2.951149255109128}, {"step": 2048, "fit_mse": 0.004349641501903534, "heldout_mse": 0.004781685769557953, "changed_codes": 854067, "train_nll": 2.948905036775507}, {"step": 8192, "fit_mse": 0.003798545803874731, "heldout_mse": 0.004493490792810917, "changed_codes": 1231460, "train_nll": 2.9488792520684153}]}, {"module": "model.layers.6.mlp.down_proj", "selected_step": 0, "previous_train_nll": 2.945441039609602, "selected_train_nll": 2.945441039609602, "trials": [{"step": 0, "fit_mse": 0.007543537300080061, "heldout_mse": 0.007664955221116543, "changed_codes": 0, "train_nll": 2.945441039609602}, {"step": 512, "fit_mse": 0.0056142969988286495, "heldout_mse": 0.005963686853647232, "changed_codes": 430147, "train_nll": 2.946808609911462}, {"step": 2048, "fit_mse": 0.004881114698946476, "heldout_mse": 0.0054670218378305435, "changed_codes": 926427, "train_nll": 2.949225691012816}, {"step": 8192, "fit_mse": 0.004282778594642878, "heldout_mse": 0.005127499811351299, "changed_codes": 1288434, "train_nll": 2.9464135435478966}]}, {"module": "model.layers.7.mlp.down_proj", "selected_step": 8192, "previous_train_nll": 2.945441039609602, "selected_train_nll": 2.945028075955618, "trials": [{"step": 0, "fit_mse": 0.008896881714463234, "heldout_mse": 0.009025836363434792, "changed_codes": 0, "train_nll": 2.945441039609602}, {"step": 512, "fit_mse": 0.006614638492465019, "heldout_mse": 0.007010772358626127, "changed_codes": 428729, "train_nll": 2.9491658446919558}, {"step": 2048, "fit_mse": 0.0057667396031320095, "heldout_mse": 0.006439774297177792, "changed_codes": 965776, "train_nll": 2.9456499140045014}, {"step": 8192, "fit_mse": 0.0050865779630839825, "heldout_mse": 0.006057738326489925, "changed_codes": 1310423, "train_nll": 2.945028075955618}]}, {"module": "model.layers.8.mlp.down_proj", "selected_step": 0, "previous_train_nll": 2.945028075955618, "selected_train_nll": 2.945028075955618, "trials": [{"step": 0, "fit_mse": 0.010832607746124268, "heldout_mse": 0.011017486453056335, "changed_codes": 0, "train_nll": 2.945028075955618}, {"step": 512, "fit_mse": 0.007813697680830956, "heldout_mse": 0.008301165886223316, "changed_codes": 443221, "train_nll": 2.945897137627346}, {"step": 2048, "fit_mse": 0.006783866789191961, "heldout_mse": 0.00764087401330471, "changed_codes": 983284, "train_nll": 2.9460944916903458}, {"step": 8192, "fit_mse": 0.0059509677812457085, "heldout_mse": 0.007186957634985447, "changed_codes": 1359883, "train_nll": 2.9467554292869638}]}, {"module": "model.layers.9.mlp.down_proj", "selected_step": 0, "previous_train_nll": 2.945028075955618, "selected_train_nll": 2.945028075955618, "trials": [{"step": 0, "fit_mse": 0.018097005784511566, "heldout_mse": 0.018370693549513817, "changed_codes": 0, "train_nll": 2.945028075955618}, {"step": 512, "fit_mse": 0.011841273866593838, "heldout_mse": 0.012819737195968628, "changed_codes": 478289, "train_nll": 2.9488701573038165}, {"step": 2048, "fit_mse": 0.010104376822710037, "heldout_mse": 0.011671802029013634, "changed_codes": 1131067, "train_nll": 2.9473844020006523}, {"step": 8192, "fit_mse": 0.008792086504399776, "heldout_mse": 0.01089903712272644, "changed_codes": 1554425, "train_nll": 2.9481573102506013}]}, {"module": "model.layers.10.mlp.down_proj", "selected_step": 0, "previous_train_nll": 2.945028075955618, "selected_train_nll": 2.945028075955618, "trials": [{"step": 0, "fit_mse": 0.02561132237315178, "heldout_mse": 0.026163950562477112, "changed_codes": 0, "train_nll": 2.945028075955618}, {"step": 512, "fit_mse": 0.017497729510068893, "heldout_mse": 0.018692975863814354, "changed_codes": 527291, "train_nll": 2.946404927278657}, {"step": 2048, "fit_mse": 0.014728299342095852, "heldout_mse": 0.016778936609625816, "changed_codes": 1330496, "train_nll": 2.948437210798235}, {"step": 8192, "fit_mse": 0.012709124013781548, "heldout_mse": 0.01565225049853325, "changed_codes": 1816548, "train_nll": 2.945904455156854}]}, {"module": "model.layers.11.mlp.down_proj", "selected_step": 0, "previous_train_nll": 2.945028075955618, "selected_train_nll": 2.945028075955618, "trials": [{"step": 0, "fit_mse": 0.029937518760561943, "heldout_mse": 0.030333664268255234, "changed_codes": 0, "train_nll": 2.945028075955618}, {"step": 512, "fit_mse": 0.020504562184214592, "heldout_mse": 0.021615341305732727, "changed_codes": 517618, "train_nll": 2.9466963363869985}, {"step": 2048, "fit_mse": 0.017326120287179947, "heldout_mse": 0.019465716555714607, "changed_codes": 1266444, "train_nll": 2.947128535335019}, {"step": 8192, "fit_mse": 0.014921783469617367, "heldout_mse": 0.01817813329398632, "changed_codes": 1768884, "train_nll": 2.948946710652243}]}, {"module": "model.layers.12.mlp.down_proj", "selected_step": 0, "previous_train_nll": 2.945028075955618, "selected_train_nll": 2.945028075955618, "trials": [{"step": 0, "fit_mse": 0.037105560302734375, "heldout_mse": 0.03724481165409088, "changed_codes": 0, "train_nll": 2.945028075955618}, {"step": 512, "fit_mse": 0.025287657976150513, "heldout_mse": 0.02636011317372322, "changed_codes": 543311, "train_nll": 2.9475853655856863}, {"step": 2048, "fit_mse": 0.021064624190330505, "heldout_mse": 0.02331167459487915, "changed_codes": 1374617, "train_nll": 2.950950103621453}, {"step": 8192, "fit_mse": 0.017991073429584503, "heldout_mse": 0.021622566506266594, "changed_codes": 1908754, "train_nll": 2.9488568648067663}]}, {"module": "model.layers.13.mlp.down_proj", "selected_step": 0, "previous_train_nll": 2.945028075955618, "selected_train_nll": 2.945028075955618, "trials": [{"step": 0, "fit_mse": 0.04476622864603996, "heldout_mse": 0.04490065947175026, "changed_codes": 0, "train_nll": 2.945028075955618}, {"step": 512, "fit_mse": 0.031476378440856934, "heldout_mse": 0.03256142884492874, "changed_codes": 532767, "train_nll": 2.9475929709839983}, {"step": 2048, "fit_mse": 0.026485299691557884, "heldout_mse": 0.029119383543729782, "changed_codes": 1367408, "train_nll": 2.9498436271090047}, {"step": 8192, "fit_mse": 0.022700093686580658, "heldout_mse": 0.02714306116104126, "changed_codes": 1909921, "train_nll": 2.950164080386415}]}, {"module": "model.layers.14.mlp.down_proj", "selected_step": 0, "previous_train_nll": 2.945028075955618, "selected_train_nll": 2.945028075955618, "trials": [{"step": 0, "fit_mse": 0.06361894309520721, "heldout_mse": 0.06365413218736649, "changed_codes": 0, "train_nll": 2.945028075955618}, {"step": 512, "fit_mse": 0.04454454779624939, "heldout_mse": 0.04579417034983635, "changed_codes": 513552, "train_nll": 2.945619633430921}, {"step": 2048, "fit_mse": 0.037613850086927414, "heldout_mse": 0.04107385873794556, "changed_codes": 1384180, "train_nll": 2.946056106419381}, {"step": 8192, "fit_mse": 0.03220512717962265, "heldout_mse": 0.03837575018405914, "changed_codes": 1985100, "train_nll": 2.9478311107731794}]}, {"module": "model.layers.15.mlp.down_proj", "selected_step": 0, "previous_train_nll": 2.945028075955618, "selected_train_nll": 2.945028075955618, "trials": [{"step": 0, "fit_mse": 0.09815561771392822, "heldout_mse": 0.09831210970878601, "changed_codes": 0, "train_nll": 2.945028075955618}, {"step": 512, "fit_mse": 0.0646548643708229, "heldout_mse": 0.0668647438287735, "changed_codes": 508271, "train_nll": 2.9488737552425572}, {"step": 2048, "fit_mse": 0.05409150943160057, "heldout_mse": 0.05944637209177017, "changed_codes": 1504787, "train_nll": 2.9456101078953414}, {"step": 8192, "fit_mse": 0.046168066561222076, "heldout_mse": 0.055318403989076614, "changed_codes": 2117712, "train_nll": 2.9479032419302635}]}, {"module": "model.layers.16.mlp.down_proj", "selected_step": 0, "previous_train_nll": 2.945028075955618, "selected_train_nll": 2.945028075955618, "trials": [{"step": 0, "fit_mse": 0.2726093828678131, "heldout_mse": 0.272821843624115, "changed_codes": 0, "train_nll": 2.945028075955618}, {"step": 512, "fit_mse": 0.17370566725730896, "heldout_mse": 0.18042922019958496, "changed_codes": 388668, "train_nll": 2.9471600717359125}, {"step": 2048, "fit_mse": 0.14473535120487213, "heldout_mse": 0.16018235683441162, "changed_codes": 1641443, "train_nll": 2.946451213806701}, {"step": 8192, "fit_mse": 0.12276774644851685, "heldout_mse": 0.14909112453460693, "changed_codes": 2499296, "train_nll": 2.9489274229587554}]}, {"module": "model.layers.17.mlp.down_proj", "selected_step": 0, "previous_train_nll": 2.945028075955618, "selected_train_nll": 2.945028075955618, "trials": [{"step": 0, "fit_mse": 0.3530580699443817, "heldout_mse": 0.35085779428482056, "changed_codes": 0, "train_nll": 2.945028075955618}, {"step": 512, "fit_mse": 0.23040315508842468, "heldout_mse": 0.2375255525112152, "changed_codes": 369830, "train_nll": 2.9479255505134923}, {"step": 2048, "fit_mse": 0.1946830004453659, "heldout_mse": 0.21494057774543762, "changed_codes": 1570639, "train_nll": 2.948749518919725}, {"step": 8192, "fit_mse": 0.16632133722305298, "heldout_mse": 0.2020094394683838, "changed_codes": 2413749, "train_nll": 2.947411326258064}]}, {"module": "model.layers.18.mlp.down_proj", "selected_step": 0, "previous_train_nll": 2.945028075955618, "selected_train_nll": 2.945028075955618, "trials": [{"step": 0, "fit_mse": 0.576830267906189, "heldout_mse": 0.575775146484375, "changed_codes": 0, "train_nll": 2.945028075955618}, {"step": 512, "fit_mse": 0.3986743092536926, "heldout_mse": 0.413064181804657, "changed_codes": 354568, "train_nll": 2.9472947159737553}, {"step": 2048, "fit_mse": 0.34046268463134766, "heldout_mse": 0.3788030743598938, "changed_codes": 1522353, "train_nll": 2.9464745566326176}, {"step": 8192, "fit_mse": 0.2914826571941376, "heldout_mse": 0.359083890914917, "changed_codes": 2618469, "train_nll": 2.9475212177538337}]}, {"module": "model.layers.19.mlp.down_proj", "selected_step": 0, "previous_train_nll": 2.945028075955618, "selected_train_nll": 2.945028075955618, "trials": [{"step": 0, "fit_mse": 1.3469665050506592, "heldout_mse": 1.3458807468414307, "changed_codes": 0, "train_nll": 2.945028075955618}, {"step": 512, "fit_mse": 0.8607920408248901, "heldout_mse": 0.894218921661377, "changed_codes": 362560, "train_nll": 2.9476514105359035}, {"step": 2048, "fit_mse": 0.7333115935325623, "heldout_mse": 0.823604166507721, "changed_codes": 1345259, "train_nll": 2.946959523325953}, {"step": 8192, "fit_mse": 0.6282519698143005, "heldout_mse": 0.7879544496536255, "changed_codes": 2752375, "train_nll": 2.947433045298061}]}, {"module": "model.layers.20.mlp.down_proj", "selected_step": 0, "previous_train_nll": 2.945028075955618, "selected_train_nll": 2.945028075955618, "trials": [{"step": 0, "fit_mse": 1.9885940551757812, "heldout_mse": 2.028574228286743, "changed_codes": 0, "train_nll": 2.945028075955618}, {"step": 512, "fit_mse": 1.310046672821045, "heldout_mse": 1.4396932125091553, "changed_codes": 349785, "train_nll": 2.945943447664634}, {"step": 2048, "fit_mse": 1.1190192699432373, "heldout_mse": 1.3620734214782715, "changed_codes": 1228414, "train_nll": 2.9461429973405115}, {"step": 8192, "fit_mse": 0.964533805847168, "heldout_mse": 1.3327903747558594, "changed_codes": 3000035, "train_nll": 2.9475936714783018}]}, {"module": "model.layers.21.mlp.down_proj", "selected_step": 512, "previous_train_nll": 2.945028075955618, "selected_train_nll": 2.9444268322934795, "trials": [{"step": 0, "fit_mse": 2.8537826538085938, "heldout_mse": 2.948751449584961, "changed_codes": 0, "train_nll": 2.945028075955618}, {"step": 512, "fit_mse": 1.9040603637695312, "heldout_mse": 2.152979850769043, "changed_codes": 346260, "train_nll": 2.9444268322934795}, {"step": 2048, "fit_mse": 1.637819766998291, "heldout_mse": 2.101722240447998, "changed_codes": 1261004, "train_nll": 2.946170355894659}, {"step": 8192, "fit_mse": 1.415682077407837, "heldout_mse": 2.218593120574951, "changed_codes": 3390033, "train_nll": 2.9455260787141033}]}, {"module": "model.layers.22.mlp.down_proj", "selected_step": 0, "previous_train_nll": 2.9444268322934795, "selected_train_nll": 2.9444268322934795, "trials": [{"step": 0, "fit_mse": 3.7963149547576904, "heldout_mse": 3.9097743034362793, "changed_codes": 0, "train_nll": 2.9444268322934795}, {"step": 512, "fit_mse": 2.317211627960205, "heldout_mse": 2.8449020385742188, "changed_codes": 347423, "train_nll": 2.9462861955438546}, {"step": 2048, "fit_mse": 1.9898713827133179, "heldout_mse": 2.770643711090088, "changed_codes": 1296154, "train_nll": 2.948021481753574}, {"step": 8192, "fit_mse": 1.713322401046753, "heldout_mse": 2.9129467010498047, "changed_codes": 3476605, "train_nll": 2.9473633825597707}]}, {"module": "model.layers.23.mlp.down_proj", "selected_step": 0, "previous_train_nll": 2.9444268322934795, "selected_train_nll": 2.9444268322934795, "trials": [{"step": 0, "fit_mse": 3.8859801292419434, "heldout_mse": 3.938432455062866, "changed_codes": 0, "train_nll": 2.9444268322934795}, {"step": 512, "fit_mse": 2.5822410583496094, "heldout_mse": 3.013122320175171, "changed_codes": 339320, "train_nll": 2.9447250405419054}, {"step": 2048, "fit_mse": 2.2208211421966553, "heldout_mse": 3.011625051498413, "changed_codes": 1243101, "train_nll": 2.944442492697223}, {"step": 8192, "fit_mse": 1.9066288471221924, "heldout_mse": 3.168731927871704, "changed_codes": 3160644, "train_nll": 2.946026840418694}]}, {"module": "model.layers.24.mlp.down_proj", "selected_step": 512, "previous_train_nll": 2.9444268322934795, "selected_train_nll": 2.943270296452082, "trials": [{"step": 0, "fit_mse": 5.896839141845703, "heldout_mse": 6.146148681640625, "changed_codes": 0, "train_nll": 2.9444268322934795}, {"step": 512, "fit_mse": 3.164783477783203, "heldout_mse": 3.8213412761688232, "changed_codes": 358561, "train_nll": 2.943270296452082}, {"step": 2048, "fit_mse": 2.690234661102295, "heldout_mse": 3.8972764015197754, "changed_codes": 1334853, "train_nll": 2.9437692755949385}, {"step": 8192, "fit_mse": 2.2868313789367676, "heldout_mse": 4.299837589263916, "changed_codes": 3016914, "train_nll": 2.943869825015742}]}, {"module": "model.layers.25.mlp.down_proj", "selected_step": 512, "previous_train_nll": 2.943270296452082, "selected_train_nll": 2.9432687888885605, "trials": [{"step": 0, "fit_mse": 7.302548885345459, "heldout_mse": 7.667600631713867, "changed_codes": 0, "train_nll": 2.943270296452082}, {"step": 512, "fit_mse": 4.0167975425720215, "heldout_mse": 4.958134651184082, "changed_codes": 371956, "train_nll": 2.9432687888885605}, {"step": 2048, "fit_mse": 3.3860385417938232, "heldout_mse": 5.034993648529053, "changed_codes": 1423663, "train_nll": 2.9443363786240937}, {"step": 8192, "fit_mse": 2.874180555343628, "heldout_mse": 5.350990295410156, "changed_codes": 2791879, "train_nll": 2.94397257386906}]}, {"module": "model.layers.26.mlp.down_proj", "selected_step": 8192, "previous_train_nll": 2.9432687888885605, "selected_train_nll": 2.9412856828638385, "trials": [{"step": 0, "fit_mse": 12.225873947143555, "heldout_mse": 12.683703422546387, "changed_codes": 0, "train_nll": 2.9432687888885605}, {"step": 512, "fit_mse": 4.8976335525512695, "heldout_mse": 6.142796516418457, "changed_codes": 392117, "train_nll": 2.9413232446828683}, {"step": 2048, "fit_mse": 4.064977169036865, "heldout_mse": 6.251859664916992, "changed_codes": 1493941, "train_nll": 2.941521906120281}, {"step": 8192, "fit_mse": 3.4227235317230225, "heldout_mse": 6.543678283691406, "changed_codes": 2704550, "train_nll": 2.9412856828638385}]}, {"module": "model.layers.27.mlp.down_proj", "selected_step": 0, "previous_train_nll": 2.9412856828638385, "selected_train_nll": 2.9412856828638385, "trials": [{"step": 0, "fit_mse": 108.93363952636719, "heldout_mse": 107.31663513183594, "changed_codes": 0, "train_nll": 2.9412856828638385}, {"step": 512, "fit_mse": 8.5283842086792, "heldout_mse": 10.260660171508789, "changed_codes": 422444, "train_nll": 2.9566218906178183}, {"step": 2048, "fit_mse": 7.209651947021484, "heldout_mse": 10.31745433807373, "changed_codes": 1584617, "train_nll": 2.9572606465258833}, {"step": 8192, "fit_mse": 6.209360122680664, "heldout_mse": 11.64763069152832, "changed_codes": 3739564, "train_nll": 2.95735499275859}]}], "validation_status": "completed", "validation": {"token_count": 262337, "predicted_tokens": 262208, "segments": [{"start_token": 0, "seqlen": 2048, "windows": 128, "predicted_tokens": 262016, "ppl": 20.16746711730957, "nll": 3.0040707673484053}, {"start_token": 262144, "seqlen": 193, "windows": 1, "predicted_tokens": 192, "ppl": 25.32338523864746, "nll": 3.231728286547992}], "unscored_tail_tokens": 0, "nll": 3.0042374679970743, "ppl": 20.170829327393548, "evaluation_precision": "existing evaluator: BF16 logits CE, per-token loss to FP32; log(float32 PPL), weighted by predicted tokens", "acceptance_source": "/home/dongpeiyan/projects/rotation-quant/scripts/phase2/validation_acceptance.py", "evaluator_source": "/home/dongpeiyan/projects/rotation-quant/worktrees/SpinQuant-multimodel/experiments/phase3/architecture.py", "parent": "/home/dongpeiyan/projects/rotation-quant/runs/phase5/qwen3-1p7b/uniform-initial-s43/static_w4a8.pt", "parent_metadata": {"parent": "/home/dongpeiyan/projects/rotation-quant/runs/phase5/qwen3-1p7b/joint100-s43/checkpoint-0100/static_w4a8.pt", "method": "matched Joint100 down INT8 initialization; no postprocessing or QAT yet"}, "method": "sequential frozen-package postprocessing; no gradient training in this stage", "format": "196 W4 / 196 static INT8; BF16 KV16 prefill"}}}
