Token indices sequence length is longer than the specified maximum sequence length for this model (262337 > 2048). Running this sequence through the model will result in indexing errors
Loading checkpoint shards:   0%|          | 0/2 [00:00<?, ?it/s]Loading checkpoint shards:  50%|█████     | 1/2 [00:00<00:00,  1.61it/s]Loading checkpoint shards: 100%|██████████| 2/2 [00:00<00:00,  3.20it/s]
`loss_type=None` was set in the config but it is unrecognised.Using the default loss: `ForCausalLMLoss`.
Loading checkpoint shards:   0%|          | 0/2 [00:00<?, ?it/s]Loading checkpoint shards:  50%|█████     | 1/2 [00:01<00:01,  1.54s/it]Loading checkpoint shards: 100%|██████████| 2/2 [00:01<00:00,  1.30it/s]
Evaluation segment 1/1: start=0, windows=8, seqlen=2048
{"stage": "sequential-round-fit", "pid": 2308657, "time": 1789682230.5266643, "cuda_visible_devices": "0", "allocated_gib": 3.795783519744873, "reserved_gib": 5.794921875, "peak_allocated_gib": 5.543848991394043, "gpu_time_budget": null, "module": "model.layers.0.mlp.down_proj", "fit_rows": 49152, "heldout_rows": 16384}
{"stage": "sequential-round-coordinate", "pid": 2308657, "time": 1789682231.1713572, "cuda_visible_devices": "0", "allocated_gib": 5.225533962249756, "reserved_gib": 8.044921875, "peak_allocated_gib": 7.100478649139404, "gpu_time_budget": null, "module": "model.layers.0.mlp.down_proj", "step": 128}
{"stage": "sequential-round-coordinate", "pid": 2308657, "time": 1789682231.6037662, "cuda_visible_devices": "0", "allocated_gib": 5.225533962249756, "reserved_gib": 8.044921875, "peak_allocated_gib": 7.100478649139404, "gpu_time_budget": null, "module": "model.layers.0.mlp.down_proj", "step": 256}
{"stage": "sequential-round-coordinate", "pid": 2308657, "time": 1789682232.0368714, "cuda_visible_devices": "0", "allocated_gib": 5.225533962249756, "reserved_gib": 8.044921875, "peak_allocated_gib": 7.100478649139404, "gpu_time_budget": null, "module": "model.layers.0.mlp.down_proj", "step": 384}
{"stage": "sequential-round-coordinate", "pid": 2308657, "time": 1789682232.517253, "cuda_visible_devices": "0", "allocated_gib": 5.225533962249756, "reserved_gib": 8.044921875, "peak_allocated_gib": 7.100478649139404, "gpu_time_budget": null, "module": "model.layers.0.mlp.down_proj", "step": 512}
{"stage": "sequential-round-coordinate", "pid": 2308657, "time": 1789682232.9505055, "cuda_visible_devices": "0", "allocated_gib": 5.225533962249756, "reserved_gib": 8.044921875, "peak_allocated_gib": 7.100478649139404, "gpu_time_budget": null, "module": "model.layers.0.mlp.down_proj", "step": 640}
{"stage": "sequential-round-coordinate", "pid": 2308657, "time": 1789682233.383514, "cuda_visible_devices": "0", "allocated_gib": 5.225533962249756, "reserved_gib": 8.044921875, "peak_allocated_gib": 7.100478649139404, "gpu_time_budget": null, "module": "model.layers.0.mlp.down_proj", "step": 768}
{"stage": "sequential-round-coordinate", "pid": 2308657, "time": 1789682233.8165185, "cuda_visible_devices": "0", "allocated_gib": 5.225533962249756, "reserved_gib": 8.044921875, "peak_allocated_gib": 7.100478649139404, "gpu_time_budget": null, "module": "model.layers.0.mlp.down_proj", "step": 896}
{"stage": "sequential-round-coordinate", "pid": 2308657, "time": 1789682234.249842, "cuda_visible_devices": "0", "allocated_gib": 5.225533962249756, "reserved_gib": 8.044921875, "peak_allocated_gib": 7.100478649139404, "gpu_time_budget": null, "module": "model.layers.0.mlp.down_proj", "step": 1024}
{"stage": "sequential-round-coordinate", "pid": 2308657, "time": 1789682234.682956, "cuda_visible_devices": "0", "allocated_gib": 5.225533962249756, "reserved_gib": 8.044921875, "peak_allocated_gib": 7.100478649139404, "gpu_time_budget": null, "module": "model.layers.0.mlp.down_proj", "step": 1152}
{"stage": "sequential-round-coordinate", "pid": 2308657, "time": 1789682235.1155672, "cuda_visible_devices": "0", "allocated_gib": 5.225533962249756, "reserved_gib": 8.044921875, "peak_allocated_gib": 7.100478649139404, "gpu_time_budget": null, "module": "model.layers.0.mlp.down_proj", "step": 1280}
{"stage": "sequential-round-coordinate", "pid": 2308657, "time": 1789682235.551989, "cuda_visible_devices": "0", "allocated_gib": 5.225533962249756, "reserved_gib": 8.044921875, "peak_allocated_gib": 7.100478649139404, "gpu_time_budget": null, "module": "model.layers.0.mlp.down_proj", "step": 1408}
{"stage": "sequential-round-coordinate", "pid": 2308657, "time": 1789682235.9810288, "cuda_visible_devices": "0", "allocated_gib": 5.225533962249756, "reserved_gib": 8.044921875, "peak_allocated_gib": 7.100478649139404, "gpu_time_budget": null, "module": "model.layers.0.mlp.down_proj", "step": 1536}
{"stage": "sequential-round-coordinate", "pid": 2308657, "time": 1789682236.4098434, "cuda_visible_devices": "0", "allocated_gib": 5.225533962249756, "reserved_gib": 8.044921875, "peak_allocated_gib": 7.100478649139404, "gpu_time_budget": null, "module": "model.layers.0.mlp.down_proj", "step": 1664}
{"stage": "sequential-round-coordinate", "pid": 2308657, "time": 1789682236.8399596, "cuda_visible_devices": "0", "allocated_gib": 5.225533962249756, "reserved_gib": 8.044921875, "peak_allocated_gib": 7.100478649139404, "gpu_time_budget": null, "module": "model.layers.0.mlp.down_proj", "step": 1792}
{"stage": "sequential-round-coordinate", "pid": 2308657, "time": 1789682237.2723074, "cuda_visible_devices": "0", "allocated_gib": 5.225533962249756, "reserved_gib": 8.044921875, "peak_allocated_gib": 7.100478649139404, "gpu_time_budget": null, "module": "model.layers.0.mlp.down_proj", "step": 1920}
{"stage": "sequential-round-coordinate", "pid": 2308657, "time": 1789682237.7535102, "cuda_visible_devices": "0", "allocated_gib": 5.225533962249756, "reserved_gib": 8.044921875, "peak_allocated_gib": 7.100478649139404, "gpu_time_budget": null, "module": "model.layers.0.mlp.down_proj", "step": 2048}
{"stage": "sequential-round-coordinate", "pid": 2308657, "time": 1789682238.1871204, "cuda_visible_devices": "0", "allocated_gib": 5.225533962249756, "reserved_gib": 8.044921875, "peak_allocated_gib": 7.100478649139404, "gpu_time_budget": null, "module": "model.layers.0.mlp.down_proj", "step": 2176}
{"stage": "sequential-round-coordinate", "pid": 2308657, "time": 1789682238.619756, "cuda_visible_devices": "0", "allocated_gib": 5.225533962249756, "reserved_gib": 8.044921875, "peak_allocated_gib": 7.100478649139404, "gpu_time_budget": null, "module": "model.layers.0.mlp.down_proj", "step": 2304}
{"stage": "sequential-round-coordinate", "pid": 2308657, "time": 1789682239.048641, "cuda_visible_devices": "0", "allocated_gib": 5.225533962249756, "reserved_gib": 8.044921875, "peak_allocated_gib": 7.100478649139404, "gpu_time_budget": null, "module": "model.layers.0.mlp.down_proj", "step": 2432}
{"stage": "sequential-round-coordinate", "pid": 2308657, "time": 1789682239.478012, "cuda_visible_devices": "0", "allocated_gib": 5.225533962249756, "reserved_gib": 8.044921875, "peak_allocated_gib": 7.100478649139404, "gpu_time_budget": null, "module": "model.layers.0.mlp.down_proj", "step": 2560}
{"stage": "sequential-round-coordinate", "pid": 2308657, "time": 1789682239.908299, "cuda_visible_devices": "0", "allocated_gib": 5.225533962249756, "reserved_gib": 8.044921875, "peak_allocated_gib": 7.100478649139404, "gpu_time_budget": null, "module": "model.layers.0.mlp.down_proj", "step": 2688}
{"stage": "sequential-round-coordinate", "pid": 2308657, "time": 1789682240.336998, "cuda_visible_devices": "0", "allocated_gib": 5.225533962249756, "reserved_gib": 8.044921875, "peak_allocated_gib": 7.100478649139404, "gpu_time_budget": null, "module": "model.layers.0.mlp.down_proj", "step": 2816}
{"stage": "sequential-round-coordinate", "pid": 2308657, "time": 1789682240.7648454, "cuda_visible_devices": "0", "allocated_gib": 5.225533962249756, "reserved_gib": 8.044921875, "peak_allocated_gib": 7.100478649139404, "gpu_time_budget": null, "module": "model.layers.0.mlp.down_proj", "step": 2944}
{"stage": "sequential-round-coordinate", "pid": 2308657, "time": 1789682241.195261, "cuda_visible_devices": "0", "allocated_gib": 5.225533962249756, "reserved_gib": 8.044921875, "peak_allocated_gib": 7.100478649139404, "gpu_time_budget": null, "module": "model.layers.0.mlp.down_proj", "step": 3072}
{"stage": "sequential-round-coordinate", "pid": 2308657, "time": 1789682241.6241443, "cuda_visible_devices": "0", "allocated_gib": 5.225533962249756, "reserved_gib": 8.044921875, "peak_allocated_gib": 7.100478649139404, "gpu_time_budget": null, "module": "model.layers.0.mlp.down_proj", "step": 3200}
{"stage": "sequential-round-coordinate", "pid": 2308657, "time": 1789682242.0559063, "cuda_visible_devices": "0", "allocated_gib": 5.225533962249756, "reserved_gib": 8.044921875, "peak_allocated_gib": 7.100478649139404, "gpu_time_budget": null, "module": "model.layers.0.mlp.down_proj", "step": 3328}
{"stage": "sequential-round-coordinate", "pid": 2308657, "time": 1789682242.4851842, "cuda_visible_devices": "0", "allocated_gib": 5.225533962249756, "reserved_gib": 8.044921875, "peak_allocated_gib": 7.100478649139404, "gpu_time_budget": null, "module": "model.layers.0.mlp.down_proj", "step": 3456}
{"stage": "sequential-round-coordinate", "pid": 2308657, "time": 1789682242.9138587, "cuda_visible_devices": "0", "allocated_gib": 5.225533962249756, "reserved_gib": 8.044921875, "peak_allocated_gib": 7.100478649139404, "gpu_time_budget": null, "module": "model.layers.0.mlp.down_proj", "step": 3584}
{"stage": "sequential-round-coordinate", "pid": 2308657, "time": 1789682243.3448386, "cuda_visible_devices": "0", "allocated_gib": 5.225533962249756, "reserved_gib": 8.044921875, "peak_allocated_gib": 7.100478649139404, "gpu_time_budget": null, "module": "model.layers.0.mlp.down_proj", "step": 3712}
{"stage": "sequential-round-coordinate", "pid": 2308657, "time": 1789682243.7768059, "cuda_visible_devices": "0", "allocated_gib": 5.225533962249756, "reserved_gib": 8.044921875, "peak_allocated_gib": 7.100478649139404, "gpu_time_budget": null, "module": "model.layers.0.mlp.down_proj", "step": 3840}
{"stage": "sequential-round-coordinate", "pid": 2308657, "time": 1789682244.2104256, "cuda_visible_devices": "0", "allocated_gib": 5.225533962249756, "reserved_gib": 8.044921875, "peak_allocated_gib": 7.100478649139404, "gpu_time_budget": null, "module": "model.layers.0.mlp.down_proj", "step": 3968}
{"stage": "sequential-round-coordinate", "pid": 2308657, "time": 1789682244.6433089, "cuda_visible_devices": "0", "allocated_gib": 5.225533962249756, "reserved_gib": 8.044921875, "peak_allocated_gib": 7.100478649139404, "gpu_time_budget": null, "module": "model.layers.0.mlp.down_proj", "step": 4096}
{"stage": "sequential-round-coordinate", "pid": 2308657, "time": 1789682245.076026, "cuda_visible_devices": "0", "allocated_gib": 5.225533962249756, "reserved_gib": 8.044921875, "peak_allocated_gib": 7.100478649139404, "gpu_time_budget": null, "module": "model.layers.0.mlp.down_proj", "step": 4224}
{"stage": "sequential-round-coordinate", "pid": 2308657, "time": 1789682245.508162, "cuda_visible_devices": "0", "allocated_gib": 5.225533962249756, "reserved_gib": 8.044921875, "peak_allocated_gib": 7.100478649139404, "gpu_time_budget": null, "module": "model.layers.0.mlp.down_proj", "step": 4352}
{"stage": "sequential-round-coordinate", "pid": 2308657, "time": 1789682245.94143, "cuda_visible_devices": "0", "allocated_gib": 5.225533962249756, "reserved_gib": 8.044921875, "peak_allocated_gib": 7.100478649139404, "gpu_time_budget": null, "module": "model.layers.0.mlp.down_proj", "step": 4480}
{"stage": "sequential-round-coordinate", "pid": 2308657, "time": 1789682246.3743854, "cuda_visible_devices": "0", "allocated_gib": 5.225533962249756, "reserved_gib": 8.044921875, "peak_allocated_gib": 7.100478649139404, "gpu_time_budget": null, "module": "model.layers.0.mlp.down_proj", "step": 4608}
{"stage": "sequential-round-coordinate", "pid": 2308657, "time": 1789682246.8084893, "cuda_visible_devices": "0", "allocated_gib": 5.225533962249756, "reserved_gib": 8.044921875, "peak_allocated_gib": 7.100478649139404, "gpu_time_budget": null, "module": "model.layers.0.mlp.down_proj", "step": 4736}
{"stage": "sequential-round-coordinate", "pid": 2308657, "time": 1789682247.2450156, "cuda_visible_devices": "0", "allocated_gib": 5.225533962249756, "reserved_gib": 8.044921875, "peak_allocated_gib": 7.100478649139404, "gpu_time_budget": null, "module": "model.layers.0.mlp.down_proj", "step": 4864}
{"stage": "sequential-round-coordinate", "pid": 2308657, "time": 1789682247.6780446, "cuda_visible_devices": "0", "allocated_gib": 5.225533962249756, "reserved_gib": 8.044921875, "peak_allocated_gib": 7.100478649139404, "gpu_time_budget": null, "module": "model.layers.0.mlp.down_proj", "step": 4992}
{"stage": "sequential-round-coordinate", "pid": 2308657, "time": 1789682248.1089802, "cuda_visible_devices": "0", "allocated_gib": 5.225533962249756, "reserved_gib": 8.044921875, "peak_allocated_gib": 7.100478649139404, "gpu_time_budget": null, "module": "model.layers.0.mlp.down_proj", "step": 5120}
{"stage": "sequential-round-coordinate", "pid": 2308657, "time": 1789682248.5368583, "cuda_visible_devices": "0", "allocated_gib": 5.225533962249756, "reserved_gib": 8.044921875, "peak_allocated_gib": 7.100478649139404, "gpu_time_budget": null, "module": "model.layers.0.mlp.down_proj", "step": 5248}
{"stage": "sequential-round-coordinate", "pid": 2308657, "time": 1789682248.9681022, "cuda_visible_devices": "0", "allocated_gib": 5.225533962249756, "reserved_gib": 8.044921875, "peak_allocated_gib": 7.100478649139404, "gpu_time_budget": null, "module": "model.layers.0.mlp.down_proj", "step": 5376}
{"stage": "sequential-round-coordinate", "pid": 2308657, "time": 1789682249.3965678, "cuda_visible_devices": "0", "allocated_gib": 5.225533962249756, "reserved_gib": 8.044921875, "peak_allocated_gib": 7.100478649139404, "gpu_time_budget": null, "module": "model.layers.0.mlp.down_proj", "step": 5504}
{"stage": "sequential-round-coordinate", "pid": 2308657, "time": 1789682249.8283556, "cuda_visible_devices": "0", "allocated_gib": 5.225533962249756, "reserved_gib": 8.044921875, "peak_allocated_gib": 7.100478649139404, "gpu_time_budget": null, "module": "model.layers.0.mlp.down_proj", "step": 5632}
{"stage": "sequential-round-coordinate", "pid": 2308657, "time": 1789682250.2564907, "cuda_visible_devices": "0", "allocated_gib": 5.225533962249756, "reserved_gib": 8.044921875, "peak_allocated_gib": 7.100478649139404, "gpu_time_budget": null, "module": "model.layers.0.mlp.down_proj", "step": 5760}
{"stage": "sequential-round-coordinate", "pid": 2308657, "time": 1789682250.6884482, "cuda_visible_devices": "0", "allocated_gib": 5.225533962249756, "reserved_gib": 8.044921875, "peak_allocated_gib": 7.100478649139404, "gpu_time_budget": null, "module": "model.layers.0.mlp.down_proj", "step": 5888}
{"stage": "sequential-round-coordinate", "pid": 2308657, "time": 1789682251.1188135, "cuda_visible_devices": "0", "allocated_gib": 5.225533962249756, "reserved_gib": 8.044921875, "peak_allocated_gib": 7.100478649139404, "gpu_time_budget": null, "module": "model.layers.0.mlp.down_proj", "step": 6016}
{"stage": "sequential-round-coordinate", "pid": 2308657, "time": 1789682251.5469258, "cuda_visible_devices": "0", "allocated_gib": 5.225533962249756, "reserved_gib": 8.044921875, "peak_allocated_gib": 7.100478649139404, "gpu_time_budget": null, "module": "model.layers.0.mlp.down_proj", "step": 6144}
{"stage": "sequential-round-coordinate", "pid": 2308657, "time": 1789682251.9746902, "cuda_visible_devices": "0", "allocated_gib": 5.225533962249756, "reserved_gib": 8.044921875, "peak_allocated_gib": 7.100478649139404, "gpu_time_budget": null, "module": "model.layers.0.mlp.down_proj", "step": 6272}
{"stage": "sequential-round-coordinate", "pid": 2308657, "time": 1789682252.4029827, "cuda_visible_devices": "0", "allocated_gib": 5.225533962249756, "reserved_gib": 8.044921875, "peak_allocated_gib": 7.100478649139404, "gpu_time_budget": null, "module": "model.layers.0.mlp.down_proj", "step": 6400}
{"stage": "sequential-round-coordinate", "pid": 2308657, "time": 1789682252.8322918, "cuda_visible_devices": "0", "allocated_gib": 5.225533962249756, "reserved_gib": 8.044921875, "peak_allocated_gib": 7.100478649139404, "gpu_time_budget": null, "module": "model.layers.0.mlp.down_proj", "step": 6528}
{"stage": "sequential-round-coordinate", "pid": 2308657, "time": 1789682253.2610636, "cuda_visible_devices": "0", "allocated_gib": 5.225533962249756, "reserved_gib": 8.044921875, "peak_allocated_gib": 7.100478649139404, "gpu_time_budget": null, "module": "model.layers.0.mlp.down_proj", "step": 6656}
{"stage": "sequential-round-coordinate", "pid": 2308657, "time": 1789682253.6893568, "cuda_visible_devices": "0", "allocated_gib": 5.225533962249756, "reserved_gib": 8.044921875, "peak_allocated_gib": 7.100478649139404, "gpu_time_budget": null, "module": "model.layers.0.mlp.down_proj", "step": 6784}
{"stage": "sequential-round-coordinate", "pid": 2308657, "time": 1789682254.1198394, "cuda_visible_devices": "0", "allocated_gib": 5.225533962249756, "reserved_gib": 8.044921875, "peak_allocated_gib": 7.100478649139404, "gpu_time_budget": null, "module": "model.layers.0.mlp.down_proj", "step": 6912}
{"stage": "sequential-round-coordinate", "pid": 2308657, "time": 1789682254.5477347, "cuda_visible_devices": "0", "allocated_gib": 5.225533962249756, "reserved_gib": 8.044921875, "peak_allocated_gib": 7.100478649139404, "gpu_time_budget": null, "module": "model.layers.0.mlp.down_proj", "step": 7040}
{"stage": "sequential-round-coordinate", "pid": 2308657, "time": 1789682254.9766252, "cuda_visible_devices": "0", "allocated_gib": 5.225533962249756, "reserved_gib": 8.044921875, "peak_allocated_gib": 7.100478649139404, "gpu_time_budget": null, "module": "model.layers.0.mlp.down_proj", "step": 7168}
{"stage": "sequential-round-coordinate", "pid": 2308657, "time": 1789682255.4067168, "cuda_visible_devices": "0", "allocated_gib": 5.225533962249756, "reserved_gib": 8.044921875, "peak_allocated_gib": 7.100478649139404, "gpu_time_budget": null, "module": "model.layers.0.mlp.down_proj", "step": 7296}
{"stage": "sequential-round-coordinate", "pid": 2308657, "time": 1789682255.8361375, "cuda_visible_devices": "0", "allocated_gib": 5.225533962249756, "reserved_gib": 8.044921875, "peak_allocated_gib": 7.100478649139404, "gpu_time_budget": null, "module": "model.layers.0.mlp.down_proj", "step": 7424}
{"stage": "sequential-round-coordinate", "pid": 2308657, "time": 1789682256.2646089, "cuda_visible_devices": "0", "allocated_gib": 5.225533962249756, "reserved_gib": 8.044921875, "peak_allocated_gib": 7.100478649139404, "gpu_time_budget": null, "module": "model.layers.0.mlp.down_proj", "step": 7552}
{"stage": "sequential-round-coordinate", "pid": 2308657, "time": 1789682256.6934555, "cuda_visible_devices": "0", "allocated_gib": 5.225533962249756, "reserved_gib": 8.044921875, "peak_allocated_gib": 7.100478649139404, "gpu_time_budget": null, "module": "model.layers.0.mlp.down_proj", "step": 7680}
{"stage": "sequential-round-coordinate", "pid": 2308657, "time": 1789682257.1210258, "cuda_visible_devices": "0", "allocated_gib": 5.225533962249756, "reserved_gib": 8.044921875, "peak_allocated_gib": 7.100478649139404, "gpu_time_budget": null, "module": "model.layers.0.mlp.down_proj", "step": 7808}
{"stage": "sequential-round-coordinate", "pid": 2308657, "time": 1789682257.5483131, "cuda_visible_devices": "0", "allocated_gib": 5.225533962249756, "reserved_gib": 8.044921875, "peak_allocated_gib": 7.100478649139404, "gpu_time_budget": null, "module": "model.layers.0.mlp.down_proj", "step": 7936}
{"stage": "sequential-round-coordinate", "pid": 2308657, "time": 1789682257.978409, "cuda_visible_devices": "0", "allocated_gib": 5.225533962249756, "reserved_gib": 8.044921875, "peak_allocated_gib": 7.100478649139404, "gpu_time_budget": null, "module": "model.layers.0.mlp.down_proj", "step": 8064}
{"stage": "sequential-round-coordinate", "pid": 2308657, "time": 1789682258.4543755, "cuda_visible_devices": "0", "allocated_gib": 5.225533962249756, "reserved_gib": 8.044921875, "peak_allocated_gib": 7.100478649139404, "gpu_time_budget": null, "module": "model.layers.0.mlp.down_proj", "step": 8192}
{"stage": "sequential-round-train-nll", "pid": 2308657, "time": 1789682258.4957542, "cuda_visible_devices": "0", "allocated_gib": 3.795783519744873, "reserved_gib": 3.80078125, "peak_allocated_gib": 7.100478649139404, "gpu_time_budget": null, "module": "model.layers.0.mlp.down_proj", "step": 512}
Evaluation segment 1/1: start=0, windows=8, seqlen=2048
{"stage": "sequential-round-train-nll", "pid": 2308657, "time": 1789682260.1961842, "cuda_visible_devices": "0", "allocated_gib": 3.795783519744873, "reserved_gib": 5.791015625, "peak_allocated_gib": 7.100478649139404, "gpu_time_budget": null, "module": "model.layers.0.mlp.down_proj", "step": 2048}
Evaluation segment 1/1: start=0, windows=8, seqlen=2048
{"stage": "sequential-round-train-nll", "pid": 2308657, "time": 1789682261.885939, "cuda_visible_devices": "0", "allocated_gib": 3.795783519744873, "reserved_gib": 5.791015625, "peak_allocated_gib": 7.100478649139404, "gpu_time_budget": null, "module": "model.layers.0.mlp.down_proj", "step": 8192}
Evaluation segment 1/1: start=0, windows=8, seqlen=2048
{"stage": "sequential-module-completed", "pid": 2308657, "time": 1789682263.5753248, "cuda_visible_devices": "0", "allocated_gib": 3.795783519744873, "reserved_gib": 5.791015625, "peak_allocated_gib": 7.100478649139404, "gpu_time_budget": null, "module": "model.layers.0.mlp.down_proj", "completed": 1, "total": 28, "selected_train_nll": 3.0333426037460383, "elapsed_seconds": 33.4482562020421}
{"stage": "sequential-round-fit", "pid": 2308657, "time": 1789682263.951238, "cuda_visible_devices": "0", "allocated_gib": 3.795783519744873, "reserved_gib": 5.791015625, "peak_allocated_gib": 7.100478649139404, "gpu_time_budget": null, "module": "model.layers.1.mlp.down_proj", "fit_rows": 49152, "heldout_rows": 16384}
{"stage": "sequential-round-coordinate", "pid": 2308657, "time": 1789682264.5767329, "cuda_visible_devices": "0", "allocated_gib": 5.225533962249756, "reserved_gib": 8.041015625, "peak_allocated_gib": 7.100478649139404, "gpu_time_budget": null, "module": "model.layers.1.mlp.down_proj", "step": 128}
{"stage": "sequential-round-coordinate", "pid": 2308657, "time": 1789682265.008347, "cuda_visible_devices": "0", "allocated_gib": 5.225533962249756, "reserved_gib": 8.041015625, "peak_allocated_gib": 7.100478649139404, "gpu_time_budget": null, "module": "model.layers.1.mlp.down_proj", "step": 256}
{"stage": "sequential-round-coordinate", "pid": 2308657, "time": 1789682265.4393046, "cuda_visible_devices": "0", "allocated_gib": 5.225533962249756, "reserved_gib": 8.041015625, "peak_allocated_gib": 7.100478649139404, "gpu_time_budget": null, "module": "model.layers.1.mlp.down_proj", "step": 384}
{"stage": "sequential-round-coordinate", "pid": 2308657, "time": 1789682265.9226267, "cuda_visible_devices": "0", "allocated_gib": 5.225533962249756, "reserved_gib": 8.041015625, "peak_allocated_gib": 7.100478649139404, "gpu_time_budget": null, "module": "model.layers.1.mlp.down_proj", "step": 512}
{"stage": "sequential-round-coordinate", "pid": 2308657, "time": 1789682266.354704, "cuda_visible_devices": "0", "allocated_gib": 5.225533962249756, "reserved_gib": 8.041015625, "peak_allocated_gib": 7.100478649139404, "gpu_time_budget": null, "module": "model.layers.1.mlp.down_proj", "step": 640}
{"stage": "sequential-round-coordinate", "pid": 2308657, "time": 1789682266.7852457, "cuda_visible_devices": "0", "allocated_gib": 5.225533962249756, "reserved_gib": 8.041015625, "peak_allocated_gib": 7.100478649139404, "gpu_time_budget": null, "module": "model.layers.1.mlp.down_proj", "step": 768}
{"stage": "sequential-round-coordinate", "pid": 2308657, "time": 1789682267.2184606, "cuda_visible_devices": "0", "allocated_gib": 5.225533962249756, "reserved_gib": 8.041015625, "peak_allocated_gib": 7.100478649139404, "gpu_time_budget": null, "module": "model.layers.1.mlp.down_proj", "step": 896}
{"stage": "sequential-round-coordinate", "pid": 2308657, "time": 1789682267.650256, "cuda_visible_devices": "0", "allocated_gib": 5.225533962249756, "reserved_gib": 8.041015625, "peak_allocated_gib": 7.100478649139404, "gpu_time_budget": null, "module": "model.layers.1.mlp.down_proj", "step": 1024}
{"stage": "sequential-round-coordinate", "pid": 2308657, "time": 1789682268.0807765, "cuda_visible_devices": "0", "allocated_gib": 5.225533962249756, "reserved_gib": 8.041015625, "peak_allocated_gib": 7.100478649139404, "gpu_time_budget": null, "module": "model.layers.1.mlp.down_proj", "step": 1152}
{"stage": "sequential-round-coordinate", "pid": 2308657, "time": 1789682268.5122597, "cuda_visible_devices": "0", "allocated_gib": 5.225533962249756, "reserved_gib": 8.041015625, "peak_allocated_gib": 7.100478649139404, "gpu_time_budget": null, "module": "model.layers.1.mlp.down_proj", "step": 1280}
{"stage": "sequential-round-coordinate", "pid": 2308657, "time": 1789682268.9431, "cuda_visible_devices": "0", "allocated_gib": 5.225533962249756, "reserved_gib": 8.041015625, "peak_allocated_gib": 7.100478649139404, "gpu_time_budget": null, "module": "model.layers.1.mlp.down_proj", "step": 1408}
{"stage": "sequential-round-coordinate", "pid": 2308657, "time": 1789682269.3741488, "cuda_visible_devices": "0", "allocated_gib": 5.225533962249756, "reserved_gib": 8.041015625, "peak_allocated_gib": 7.100478649139404, "gpu_time_budget": null, "module": "model.layers.1.mlp.down_proj", "step": 1536}
{"stage": "sequential-round-coordinate", "pid": 2308657, "time": 1789682269.8051705, "cuda_visible_devices": "0", "allocated_gib": 5.225533962249756, "reserved_gib": 8.041015625, "peak_allocated_gib": 7.100478649139404, "gpu_time_budget": null, "module": "model.layers.1.mlp.down_proj", "step": 1664}
{"stage": "sequential-round-coordinate", "pid": 2308657, "time": 1789682270.236575, "cuda_visible_devices": "0", "allocated_gib": 5.225533962249756, "reserved_gib": 8.041015625, "peak_allocated_gib": 7.100478649139404, "gpu_time_budget": null, "module": "model.layers.1.mlp.down_proj", "step": 1792}
{"stage": "sequential-round-coordinate", "pid": 2308657, "time": 1789682270.669436, "cuda_visible_devices": "0", "allocated_gib": 5.225533962249756, "reserved_gib": 8.041015625, "peak_allocated_gib": 7.100478649139404, "gpu_time_budget": null, "module": "model.layers.1.mlp.down_proj", "step": 1920}
{"stage": "sequential-round-coordinate", "pid": 2308657, "time": 1789682271.1422155, "cuda_visible_devices": "0", "allocated_gib": 5.225533962249756, "reserved_gib": 8.041015625, "peak_allocated_gib": 7.100478649139404, "gpu_time_budget": null, "module": "model.layers.1.mlp.down_proj", "step": 2048}
{"stage": "sequential-round-coordinate", "pid": 2308657, "time": 1789682271.5762517, "cuda_visible_devices": "0", "allocated_gib": 5.225533962249756, "reserved_gib": 8.041015625, "peak_allocated_gib": 7.100478649139404, "gpu_time_budget": null, "module": "model.layers.1.mlp.down_proj", "step": 2176}
{"stage": "sequential-round-coordinate", "pid": 2308657, "time": 1789682272.011289, "cuda_visible_devices": "0", "allocated_gib": 5.225533962249756, "reserved_gib": 8.041015625, "peak_allocated_gib": 7.100478649139404, "gpu_time_budget": null, "module": "model.layers.1.mlp.down_proj", "step": 2304}
{"stage": "sequential-round-coordinate", "pid": 2308657, "time": 1789682272.4459634, "cuda_visible_devices": "0", "allocated_gib": 5.225533962249756, "reserved_gib": 8.041015625, "peak_allocated_gib": 7.100478649139404, "gpu_time_budget": null, "module": "model.layers.1.mlp.down_proj", "step": 2432}
{"stage": "sequential-round-coordinate", "pid": 2308657, "time": 1789682272.880049, "cuda_visible_devices": "0", "allocated_gib": 5.225533962249756, "reserved_gib": 8.041015625, "peak_allocated_gib": 7.100478649139404, "gpu_time_budget": null, "module": "model.layers.1.mlp.down_proj", "step": 2560}
{"stage": "sequential-round-coordinate", "pid": 2308657, "time": 1789682273.3159091, "cuda_visible_devices": "0", "allocated_gib": 5.225533962249756, "reserved_gib": 8.041015625, "peak_allocated_gib": 7.100478649139404, "gpu_time_budget": null, "module": "model.layers.1.mlp.down_proj", "step": 2688}
{"stage": "sequential-round-coordinate", "pid": 2308657, "time": 1789682273.7499378, "cuda_visible_devices": "0", "allocated_gib": 5.225533962249756, "reserved_gib": 8.041015625, "peak_allocated_gib": 7.100478649139404, "gpu_time_budget": null, "module": "model.layers.1.mlp.down_proj", "step": 2816}
{"stage": "sequential-round-coordinate", "pid": 2308657, "time": 1789682274.184981, "cuda_visible_devices": "0", "allocated_gib": 5.225533962249756, "reserved_gib": 8.041015625, "peak_allocated_gib": 7.100478649139404, "gpu_time_budget": null, "module": "model.layers.1.mlp.down_proj", "step": 2944}
{"stage": "sequential-round-coordinate", "pid": 2308657, "time": 1789682274.6285605, "cuda_visible_devices": "0", "allocated_gib": 5.225533962249756, "reserved_gib": 8.041015625, "peak_allocated_gib": 7.100478649139404, "gpu_time_budget": null, "module": "model.layers.1.mlp.down_proj", "step": 3072}
{"stage": "sequential-round-coordinate", "pid": 2308657, "time": 1789682275.0606139, "cuda_visible_devices": "0", "allocated_gib": 5.225533962249756, "reserved_gib": 8.041015625, "peak_allocated_gib": 7.100478649139404, "gpu_time_budget": null, "module": "model.layers.1.mlp.down_proj", "step": 3200}
{"stage": "sequential-round-coordinate", "pid": 2308657, "time": 1789682275.4973118, "cuda_visible_devices": "0", "allocated_gib": 5.225533962249756, "reserved_gib": 8.041015625, "peak_allocated_gib": 7.100478649139404, "gpu_time_budget": null, "module": "model.layers.1.mlp.down_proj", "step": 3328}
{"stage": "sequential-round-coordinate", "pid": 2308657, "time": 1789682275.9313586, "cuda_visible_devices": "0", "allocated_gib": 5.225533962249756, "reserved_gib": 8.041015625, "peak_allocated_gib": 7.100478649139404, "gpu_time_budget": null, "module": "model.layers.1.mlp.down_proj", "step": 3456}
{"stage": "sequential-round-coordinate", "pid": 2308657, "time": 1789682276.3644054, "cuda_visible_devices": "0", "allocated_gib": 5.225533962249756, "reserved_gib": 8.041015625, "peak_allocated_gib": 7.100478649139404, "gpu_time_budget": null, "module": "model.layers.1.mlp.down_proj", "step": 3584}
{"stage": "sequential-round-coordinate", "pid": 2308657, "time": 1789682276.7979093, "cuda_visible_devices": "0", "allocated_gib": 5.225533962249756, "reserved_gib": 8.041015625, "peak_allocated_gib": 7.100478649139404, "gpu_time_budget": null, "module": "model.layers.1.mlp.down_proj", "step": 3712}
{"stage": "sequential-round-coordinate", "pid": 2308657, "time": 1789682277.2316766, "cuda_visible_devices": "0", "allocated_gib": 5.225533962249756, "reserved_gib": 8.041015625, "peak_allocated_gib": 7.100478649139404, "gpu_time_budget": null, "module": "model.layers.1.mlp.down_proj", "step": 3840}
{"stage": "sequential-round-coordinate", "pid": 2308657, "time": 1789682277.6657245, "cuda_visible_devices": "0", "allocated_gib": 5.225533962249756, "reserved_gib": 8.041015625, "peak_allocated_gib": 7.100478649139404, "gpu_time_budget": null, "module": "model.layers.1.mlp.down_proj", "step": 3968}
{"stage": "sequential-round-coordinate", "pid": 2308657, "time": 1789682278.1004827, "cuda_visible_devices": "0", "allocated_gib": 5.225533962249756, "reserved_gib": 8.041015625, "peak_allocated_gib": 7.100478649139404, "gpu_time_budget": null, "module": "model.layers.1.mlp.down_proj", "step": 4096}
{"stage": "sequential-round-coordinate", "pid": 2308657, "time": 1789682278.535987, "cuda_visible_devices": "0", "allocated_gib": 5.225533962249756, "reserved_gib": 8.041015625, "peak_allocated_gib": 7.100478649139404, "gpu_time_budget": null, "module": "model.layers.1.mlp.down_proj", "step": 4224}
{"stage": "sequential-round-coordinate", "pid": 2308657, "time": 1789682278.9704828, "cuda_visible_devices": "0", "allocated_gib": 5.225533962249756, "reserved_gib": 8.041015625, "peak_allocated_gib": 7.100478649139404, "gpu_time_budget": null, "module": "model.layers.1.mlp.down_proj", "step": 4352}
{"stage": "sequential-round-coordinate", "pid": 2308657, "time": 1789682279.4086318, "cuda_visible_devices": "0", "allocated_gib": 5.225533962249756, "reserved_gib": 8.041015625, "peak_allocated_gib": 7.100478649139404, "gpu_time_budget": null, "module": "model.layers.1.mlp.down_proj", "step": 4480}
{"stage": "sequential-round-coordinate", "pid": 2308657, "time": 1789682279.840025, "cuda_visible_devices": "0", "allocated_gib": 5.225533962249756, "reserved_gib": 8.041015625, "peak_allocated_gib": 7.100478649139404, "gpu_time_budget": null, "module": "model.layers.1.mlp.down_proj", "step": 4608}
{"stage": "sequential-round-coordinate", "pid": 2308657, "time": 1789682280.271206, "cuda_visible_devices": "0", "allocated_gib": 5.225533962249756, "reserved_gib": 8.041015625, "peak_allocated_gib": 7.100478649139404, "gpu_time_budget": null, "module": "model.layers.1.mlp.down_proj", "step": 4736}
{"stage": "sequential-round-coordinate", "pid": 2308657, "time": 1789682280.7037442, "cuda_visible_devices": "0", "allocated_gib": 5.225533962249756, "reserved_gib": 8.041015625, "peak_allocated_gib": 7.100478649139404, "gpu_time_budget": null, "module": "model.layers.1.mlp.down_proj", "step": 4864}
{"stage": "sequential-round-coordinate", "pid": 2308657, "time": 1789682281.1337268, "cuda_visible_devices": "0", "allocated_gib": 5.225533962249756, "reserved_gib": 8.041015625, "peak_allocated_gib": 7.100478649139404, "gpu_time_budget": null, "module": "model.layers.1.mlp.down_proj", "step": 4992}
{"stage": "sequential-round-coordinate", "pid": 2308657, "time": 1789682281.5682914, "cuda_visible_devices": "0", "allocated_gib": 5.225533962249756, "reserved_gib": 8.041015625, "peak_allocated_gib": 7.100478649139404, "gpu_time_budget": null, "module": "model.layers.1.mlp.down_proj", "step": 5120}
{"stage": "sequential-round-coordinate", "pid": 2308657, "time": 1789682282.002464, "cuda_visible_devices": "0", "allocated_gib": 5.225533962249756, "reserved_gib": 8.041015625, "peak_allocated_gib": 7.100478649139404, "gpu_time_budget": null, "module": "model.layers.1.mlp.down_proj", "step": 5248}
{"stage": "sequential-round-coordinate", "pid": 2308657, "time": 1789682282.4374347, "cuda_visible_devices": "0", "allocated_gib": 5.225533962249756, "reserved_gib": 8.041015625, "peak_allocated_gib": 7.100478649139404, "gpu_time_budget": null, "module": "model.layers.1.mlp.down_proj", "step": 5376}
{"stage": "sequential-round-coordinate", "pid": 2308657, "time": 1789682282.8693995, "cuda_visible_devices": "0", "allocated_gib": 5.225533962249756, "reserved_gib": 8.041015625, "peak_allocated_gib": 7.100478649139404, "gpu_time_budget": null, "module": "model.layers.1.mlp.down_proj", "step": 5504}
{"stage": "sequential-round-coordinate", "pid": 2308657, "time": 1789682283.3032837, "cuda_visible_devices": "0", "allocated_gib": 5.225533962249756, "reserved_gib": 8.041015625, "peak_allocated_gib": 7.100478649139404, "gpu_time_budget": null, "module": "model.layers.1.mlp.down_proj", "step": 5632}
{"stage": "sequential-round-coordinate", "pid": 2308657, "time": 1789682283.73746, "cuda_visible_devices": "0", "allocated_gib": 5.225533962249756, "reserved_gib": 8.041015625, "peak_allocated_gib": 7.100478649139404, "gpu_time_budget": null, "module": "model.layers.1.mlp.down_proj", "step": 5760}
{"stage": "sequential-round-coordinate", "pid": 2308657, "time": 1789682284.169387, "cuda_visible_devices": "0", "allocated_gib": 5.225533962249756, "reserved_gib": 8.041015625, "peak_allocated_gib": 7.100478649139404, "gpu_time_budget": null, "module": "model.layers.1.mlp.down_proj", "step": 5888}
{"stage": "sequential-round-coordinate", "pid": 2308657, "time": 1789682284.601948, "cuda_visible_devices": "0", "allocated_gib": 5.225533962249756, "reserved_gib": 8.041015625, "peak_allocated_gib": 7.100478649139404, "gpu_time_budget": null, "module": "model.layers.1.mlp.down_proj", "step": 6016}
{"stage": "sequential-round-coordinate", "pid": 2308657, "time": 1789682285.0348217, "cuda_visible_devices": "0", "allocated_gib": 5.225533962249756, "reserved_gib": 8.041015625, "peak_allocated_gib": 7.100478649139404, "gpu_time_budget": null, "module": "model.layers.1.mlp.down_proj", "step": 6144}
{"stage": "sequential-round-coordinate", "pid": 2308657, "time": 1789682285.4631824, "cuda_visible_devices": "0", "allocated_gib": 5.225533962249756, "reserved_gib": 8.041015625, "peak_allocated_gib": 7.100478649139404, "gpu_time_budget": null, "module": "model.layers.1.mlp.down_proj", "step": 6272}
{"stage": "sequential-round-coordinate", "pid": 2308657, "time": 1789682285.8948095, "cuda_visible_devices": "0", "allocated_gib": 5.225533962249756, "reserved_gib": 8.041015625, "peak_allocated_gib": 7.100478649139404, "gpu_time_budget": null, "module": "model.layers.1.mlp.down_proj", "step": 6400}
{"stage": "sequential-round-coordinate", "pid": 2308657, "time": 1789682286.327105, "cuda_visible_devices": "0", "allocated_gib": 5.225533962249756, "reserved_gib": 8.041015625, "peak_allocated_gib": 7.100478649139404, "gpu_time_budget": null, "module": "model.layers.1.mlp.down_proj", "step": 6528}
{"stage": "sequential-round-coordinate", "pid": 2308657, "time": 1789682286.7592885, "cuda_visible_devices": "0", "allocated_gib": 5.225533962249756, "reserved_gib": 8.041015625, "peak_allocated_gib": 7.100478649139404, "gpu_time_budget": null, "module": "model.layers.1.mlp.down_proj", "step": 6656}
{"stage": "sequential-round-coordinate", "pid": 2308657, "time": 1789682287.1944969, "cuda_visible_devices": "0", "allocated_gib": 5.225533962249756, "reserved_gib": 8.041015625, "peak_allocated_gib": 7.100478649139404, "gpu_time_budget": null, "module": "model.layers.1.mlp.down_proj", "step": 6784}
{"stage": "sequential-round-coordinate", "pid": 2308657, "time": 1789682287.6288295, "cuda_visible_devices": "0", "allocated_gib": 5.225533962249756, "reserved_gib": 8.041015625, "peak_allocated_gib": 7.100478649139404, "gpu_time_budget": null, "module": "model.layers.1.mlp.down_proj", "step": 6912}
{"stage": "sequential-round-coordinate", "pid": 2308657, "time": 1789682288.0661402, "cuda_visible_devices": "0", "allocated_gib": 5.225533962249756, "reserved_gib": 8.041015625, "peak_allocated_gib": 7.100478649139404, "gpu_time_budget": null, "module": "model.layers.1.mlp.down_proj", "step": 7040}
{"stage": "sequential-round-coordinate", "pid": 2308657, "time": 1789682288.5094807, "cuda_visible_devices": "0", "allocated_gib": 5.225533962249756, "reserved_gib": 8.041015625, "peak_allocated_gib": 7.100478649139404, "gpu_time_budget": null, "module": "model.layers.1.mlp.down_proj", "step": 7168}
{"stage": "sequential-round-coordinate", "pid": 2308657, "time": 1789682288.942252, "cuda_visible_devices": "0", "allocated_gib": 5.225533962249756, "reserved_gib": 8.041015625, "peak_allocated_gib": 7.100478649139404, "gpu_time_budget": null, "module": "model.layers.1.mlp.down_proj", "step": 7296}
{"stage": "sequential-round-coordinate", "pid": 2308657, "time": 1789682289.374641, "cuda_visible_devices": "0", "allocated_gib": 5.225533962249756, "reserved_gib": 8.041015625, "peak_allocated_gib": 7.100478649139404, "gpu_time_budget": null, "module": "model.layers.1.mlp.down_proj", "step": 7424}
{"stage": "sequential-round-coordinate", "pid": 2308657, "time": 1789682289.8088722, "cuda_visible_devices": "0", "allocated_gib": 5.225533962249756, "reserved_gib": 8.041015625, "peak_allocated_gib": 7.100478649139404, "gpu_time_budget": null, "module": "model.layers.1.mlp.down_proj", "step": 7552}
{"stage": "sequential-round-coordinate", "pid": 2308657, "time": 1789682290.2412035, "cuda_visible_devices": "0", "allocated_gib": 5.225533962249756, "reserved_gib": 8.041015625, "peak_allocated_gib": 7.100478649139404, "gpu_time_budget": null, "module": "model.layers.1.mlp.down_proj", "step": 7680}
{"stage": "sequential-round-coordinate", "pid": 2308657, "time": 1789682290.6758864, "cuda_visible_devices": "0", "allocated_gib": 5.225533962249756, "reserved_gib": 8.041015625, "peak_allocated_gib": 7.100478649139404, "gpu_time_budget": null, "module": "model.layers.1.mlp.down_proj", "step": 7808}
{"stage": "sequential-round-coordinate", "pid": 2308657, "time": 1789682291.1116762, "cuda_visible_devices": "0", "allocated_gib": 5.225533962249756, "reserved_gib": 8.041015625, "peak_allocated_gib": 7.100478649139404, "gpu_time_budget": null, "module": "model.layers.1.mlp.down_proj", "step": 7936}
{"stage": "sequential-round-coordinate", "pid": 2308657, "time": 1789682291.5478446, "cuda_visible_devices": "0", "allocated_gib": 5.225533962249756, "reserved_gib": 8.041015625, "peak_allocated_gib": 7.100478649139404, "gpu_time_budget": null, "module": "model.layers.1.mlp.down_proj", "step": 8064}
{"stage": "sequential-round-coordinate", "pid": 2308657, "time": 1789682292.0245104, "cuda_visible_devices": "0", "allocated_gib": 5.225533962249756, "reserved_gib": 8.041015625, "peak_allocated_gib": 7.100478649139404, "gpu_time_budget": null, "module": "model.layers.1.mlp.down_proj", "step": 8192}
{"stage": "sequential-round-train-nll", "pid": 2308657, "time": 1789682292.0668974, "cuda_visible_devices": "0", "allocated_gib": 3.795783519744873, "reserved_gib": 3.80078125, "peak_allocated_gib": 7.100478649139404, "gpu_time_budget": null, "module": "model.layers.1.mlp.down_proj", "step": 512}
Evaluation segment 1/1: start=0, windows=8, seqlen=2048
{"stage": "sequential-round-train-nll", "pid": 2308657, "time": 1789682293.8437269, "cuda_visible_devices": "0", "allocated_gib": 3.795783519744873, "reserved_gib": 5.791015625, "peak_allocated_gib": 7.100478649139404, "gpu_time_budget": null, "module": "model.layers.1.mlp.down_proj", "step": 2048}
Evaluation segment 1/1: start=0, windows=8, seqlen=2048
{"stage": "sequential-round-train-nll", "pid": 2308657, "time": 1789682295.5743563, "cuda_visible_devices": "0", "allocated_gib": 3.795783519744873, "reserved_gib": 5.791015625, "peak_allocated_gib": 7.100478649139404, "gpu_time_budget": null, "module": "model.layers.1.mlp.down_proj", "step": 8192}
Evaluation segment 1/1: start=0, windows=8, seqlen=2048
{"stage": "sequential-module-completed", "pid": 2308657, "time": 1789682297.352548, "cuda_visible_devices": "0", "allocated_gib": 3.795783519744873, "reserved_gib": 5.791015625, "peak_allocated_gib": 7.100478649139404, "gpu_time_budget": null, "module": "model.layers.1.mlp.down_proj", "completed": 2, "total": 28, "selected_train_nll": 3.031097359072782, "elapsed_seconds": 67.22547965601552}
{"stage": "sequential-round-fit", "pid": 2308657, "time": 1789682297.8482504, "cuda_visible_devices": "0", "allocated_gib": 3.795783519744873, "reserved_gib": 5.791015625, "peak_allocated_gib": 7.100478649139404, "gpu_time_budget": null, "module": "model.layers.2.mlp.down_proj", "fit_rows": 49152, "heldout_rows": 16384}
{"stage": "sequential-round-train-nll", "pid": 2308657, "time": 1789682298.1708827, "cuda_visible_devices": "0", "allocated_gib": 3.795783519744873, "reserved_gib": 3.80078125, "peak_allocated_gib": 7.100478649139404, "gpu_time_budget": null, "module": "model.layers.2.mlp.down_proj", "step": 14}
Evaluation segment 1/1: start=0, windows=8, seqlen=2048
{"stage": "sequential-module-completed", "pid": 2308657, "time": 1789682300.0614834, "cuda_visible_devices": "0", "allocated_gib": 3.795783519744873, "reserved_gib": 5.791015625, "peak_allocated_gib": 7.100478649139404, "gpu_time_budget": null, "module": "model.layers.2.mlp.down_proj", "completed": 3, "total": 28, "selected_train_nll": 3.027613693663862, "elapsed_seconds": 69.93441370502114}
{"stage": "sequential-round-fit", "pid": 2308657, "time": 1789682300.6359127, "cuda_visible_devices": "0", "allocated_gib": 3.795783519744873, "reserved_gib": 5.791015625, "peak_allocated_gib": 7.100478649139404, "gpu_time_budget": null, "module": "model.layers.3.mlp.down_proj", "fit_rows": 49152, "heldout_rows": 16384}
{"stage": "sequential-round-coordinate", "pid": 2308657, "time": 1789682301.2453663, "cuda_visible_devices": "0", "allocated_gib": 5.225533962249756, "reserved_gib": 8.041015625, "peak_allocated_gib": 7.100478649139404, "gpu_time_budget": null, "module": "model.layers.3.mlp.down_proj", "step": 128}
{"stage": "sequential-round-coordinate", "pid": 2308657, "time": 1789682301.6794882, "cuda_visible_devices": "0", "allocated_gib": 5.225533962249756, "reserved_gib": 8.041015625, "peak_allocated_gib": 7.100478649139404, "gpu_time_budget": null, "module": "model.layers.3.mlp.down_proj", "step": 256}
{"stage": "sequential-round-coordinate", "pid": 2308657, "time": 1789682302.1131532, "cuda_visible_devices": "0", "allocated_gib": 5.225533962249756, "reserved_gib": 8.041015625, "peak_allocated_gib": 7.100478649139404, "gpu_time_budget": null, "module": "model.layers.3.mlp.down_proj", "step": 384}
{"stage": "sequential-round-coordinate", "pid": 2308657, "time": 1789682302.5883837, "cuda_visible_devices": "0", "allocated_gib": 5.225533962249756, "reserved_gib": 8.041015625, "peak_allocated_gib": 7.100478649139404, "gpu_time_budget": null, "module": "model.layers.3.mlp.down_proj", "step": 512}
{"stage": "sequential-round-coordinate", "pid": 2308657, "time": 1789682303.0215511, "cuda_visible_devices": "0", "allocated_gib": 5.225533962249756, "reserved_gib": 8.041015625, "peak_allocated_gib": 7.100478649139404, "gpu_time_budget": null, "module": "model.layers.3.mlp.down_proj", "step": 640}
{"stage": "sequential-round-coordinate", "pid": 2308657, "time": 1789682303.45578, "cuda_visible_devices": "0", "allocated_gib": 5.225533962249756, "reserved_gib": 8.041015625, "peak_allocated_gib": 7.100478649139404, "gpu_time_budget": null, "module": "model.layers.3.mlp.down_proj", "step": 768}
{"stage": "sequential-round-coordinate", "pid": 2308657, "time": 1789682303.8895082, "cuda_visible_devices": "0", "allocated_gib": 5.225533962249756, "reserved_gib": 8.041015625, "peak_allocated_gib": 7.100478649139404, "gpu_time_budget": null, "module": "model.layers.3.mlp.down_proj", "step": 896}
{"stage": "sequential-round-coordinate", "pid": 2308657, "time": 1789682304.3237343, "cuda_visible_devices": "0", "allocated_gib": 5.225533962249756, "reserved_gib": 8.041015625, "peak_allocated_gib": 7.100478649139404, "gpu_time_budget": null, "module": "model.layers.3.mlp.down_proj", "step": 1024}
{"stage": "sequential-round-coordinate", "pid": 2308657, "time": 1789682304.7574148, "cuda_visible_devices": "0", "allocated_gib": 5.225533962249756, "reserved_gib": 8.041015625, "peak_allocated_gib": 7.100478649139404, "gpu_time_budget": null, "module": "model.layers.3.mlp.down_proj", "step": 1152}
{"stage": "sequential-round-coordinate", "pid": 2308657, "time": 1789682305.1917753, "cuda_visible_devices": "0", "allocated_gib": 5.225533962249756, "reserved_gib": 8.041015625, "peak_allocated_gib": 7.100478649139404, "gpu_time_budget": null, "module": "model.layers.3.mlp.down_proj", "step": 1280}
{"stage": "sequential-round-coordinate", "pid": 2308657, "time": 1789682305.6252003, "cuda_visible_devices": "0", "allocated_gib": 5.225533962249756, "reserved_gib": 8.041015625, "peak_allocated_gib": 7.100478649139404, "gpu_time_budget": null, "module": "model.layers.3.mlp.down_proj", "step": 1408}
{"stage": "sequential-round-coordinate", "pid": 2308657, "time": 1789682306.0594459, "cuda_visible_devices": "0", "allocated_gib": 5.225533962249756, "reserved_gib": 8.041015625, "peak_allocated_gib": 7.100478649139404, "gpu_time_budget": null, "module": "model.layers.3.mlp.down_proj", "step": 1536}
{"stage": "sequential-round-coordinate", "pid": 2308657, "time": 1789682306.4931269, "cuda_visible_devices": "0", "allocated_gib": 5.225533962249756, "reserved_gib": 8.041015625, "peak_allocated_gib": 7.100478649139404, "gpu_time_budget": null, "module": "model.layers.3.mlp.down_proj", "step": 1664}
{"stage": "sequential-round-coordinate", "pid": 2308657, "time": 1789682306.926352, "cuda_visible_devices": "0", "allocated_gib": 5.225533962249756, "reserved_gib": 8.041015625, "peak_allocated_gib": 7.100478649139404, "gpu_time_budget": null, "module": "model.layers.3.mlp.down_proj", "step": 1792}
{"stage": "sequential-round-coordinate", "pid": 2308657, "time": 1789682307.3547661, "cuda_visible_devices": "0", "allocated_gib": 5.225533962249756, "reserved_gib": 8.041015625, "peak_allocated_gib": 7.100478649139404, "gpu_time_budget": null, "module": "model.layers.3.mlp.down_proj", "step": 1920}
{"stage": "sequential-round-coordinate", "pid": 2308657, "time": 1789682307.831762, "cuda_visible_devices": "0", "allocated_gib": 5.225533962249756, "reserved_gib": 8.041015625, "peak_allocated_gib": 7.100478649139404, "gpu_time_budget": null, "module": "model.layers.3.mlp.down_proj", "step": 2048}
{"stage": "sequential-round-coordinate", "pid": 2308657, "time": 1789682308.261281, "cuda_visible_devices": "0", "allocated_gib": 5.225533962249756, "reserved_gib": 8.041015625, "peak_allocated_gib": 7.100478649139404, "gpu_time_budget": null, "module": "model.layers.3.mlp.down_proj", "step": 2176}
{"stage": "sequential-round-coordinate", "pid": 2308657, "time": 1789682308.6901925, "cuda_visible_devices": "0", "allocated_gib": 5.225533962249756, "reserved_gib": 8.041015625, "peak_allocated_gib": 7.100478649139404, "gpu_time_budget": null, "module": "model.layers.3.mlp.down_proj", "step": 2304}
{"stage": "sequential-round-coordinate", "pid": 2308657, "time": 1789682309.119545, "cuda_visible_devices": "0", "allocated_gib": 5.225533962249756, "reserved_gib": 8.041015625, "peak_allocated_gib": 7.100478649139404, "gpu_time_budget": null, "module": "model.layers.3.mlp.down_proj", "step": 2432}
{"stage": "sequential-round-coordinate", "pid": 2308657, "time": 1789682309.5480623, "cuda_visible_devices": "0", "allocated_gib": 5.225533962249756, "reserved_gib": 8.041015625, "peak_allocated_gib": 7.100478649139404, "gpu_time_budget": null, "module": "model.layers.3.mlp.down_proj", "step": 2560}
{"stage": "sequential-round-coordinate", "pid": 2308657, "time": 1789682309.977439, "cuda_visible_devices": "0", "allocated_gib": 5.225533962249756, "reserved_gib": 8.041015625, "peak_allocated_gib": 7.100478649139404, "gpu_time_budget": null, "module": "model.layers.3.mlp.down_proj", "step": 2688}
{"stage": "sequential-round-coordinate", "pid": 2308657, "time": 1789682310.405416, "cuda_visible_devices": "0", "allocated_gib": 5.225533962249756, "reserved_gib": 8.041015625, "peak_allocated_gib": 7.100478649139404, "gpu_time_budget": null, "module": "model.layers.3.mlp.down_proj", "step": 2816}
{"stage": "sequential-round-coordinate", "pid": 2308657, "time": 1789682310.8337474, "cuda_visible_devices": "0", "allocated_gib": 5.225533962249756, "reserved_gib": 8.041015625, "peak_allocated_gib": 7.100478649139404, "gpu_time_budget": null, "module": "model.layers.3.mlp.down_proj", "step": 2944}
{"stage": "sequential-round-coordinate", "pid": 2308657, "time": 1789682311.2657137, "cuda_visible_devices": "0", "allocated_gib": 5.225533962249756, "reserved_gib": 8.041015625, "peak_allocated_gib": 7.100478649139404, "gpu_time_budget": null, "module": "model.layers.3.mlp.down_proj", "step": 3072}
{"stage": "sequential-round-coordinate", "pid": 2308657, "time": 1789682311.6960497, "cuda_visible_devices": "0", "allocated_gib": 5.225533962249756, "reserved_gib": 8.041015625, "peak_allocated_gib": 7.100478649139404, "gpu_time_budget": null, "module": "model.layers.3.mlp.down_proj", "step": 3200}
{"stage": "sequential-round-coordinate", "pid": 2308657, "time": 1789682312.1254704, "cuda_visible_devices": "0", "allocated_gib": 5.225533962249756, "reserved_gib": 8.041015625, "peak_allocated_gib": 7.100478649139404, "gpu_time_budget": null, "module": "model.layers.3.mlp.down_proj", "step": 3328}
{"stage": "sequential-round-coordinate", "pid": 2308657, "time": 1789682312.5544856, "cuda_visible_devices": "0", "allocated_gib": 5.225533962249756, "reserved_gib": 8.041015625, "peak_allocated_gib": 7.100478649139404, "gpu_time_budget": null, "module": "model.layers.3.mlp.down_proj", "step": 3456}
{"stage": "sequential-round-coordinate", "pid": 2308657, "time": 1789682312.986442, "cuda_visible_devices": "0", "allocated_gib": 5.225533962249756, "reserved_gib": 8.041015625, "peak_allocated_gib": 7.100478649139404, "gpu_time_budget": null, "module": "model.layers.3.mlp.down_proj", "step": 3584}
{"stage": "sequential-round-coordinate", "pid": 2308657, "time": 1789682313.4204617, "cuda_visible_devices": "0", "allocated_gib": 5.225533962249756, "reserved_gib": 8.041015625, "peak_allocated_gib": 7.100478649139404, "gpu_time_budget": null, "module": "model.layers.3.mlp.down_proj", "step": 3712}
{"stage": "sequential-round-coordinate", "pid": 2308657, "time": 1789682313.8485312, "cuda_visible_devices": "0", "allocated_gib": 5.225533962249756, "reserved_gib": 8.041015625, "peak_allocated_gib": 7.100478649139404, "gpu_time_budget": null, "module": "model.layers.3.mlp.down_proj", "step": 3840}
{"stage": "sequential-round-coordinate", "pid": 2308657, "time": 1789682314.2774942, "cuda_visible_devices": "0", "allocated_gib": 5.225533962249756, "reserved_gib": 8.041015625, "peak_allocated_gib": 7.100478649139404, "gpu_time_budget": null, "module": "model.layers.3.mlp.down_proj", "step": 3968}
{"stage": "sequential-round-coordinate", "pid": 2308657, "time": 1789682314.7059042, "cuda_visible_devices": "0", "allocated_gib": 5.225533962249756, "reserved_gib": 8.041015625, "peak_allocated_gib": 7.100478649139404, "gpu_time_budget": null, "module": "model.layers.3.mlp.down_proj", "step": 4096}
{"stage": "sequential-round-coordinate", "pid": 2308657, "time": 1789682315.1346636, "cuda_visible_devices": "0", "allocated_gib": 5.225533962249756, "reserved_gib": 8.041015625, "peak_allocated_gib": 7.100478649139404, "gpu_time_budget": null, "module": "model.layers.3.mlp.down_proj", "step": 4224}
{"stage": "sequential-round-coordinate", "pid": 2308657, "time": 1789682315.5638795, "cuda_visible_devices": "0", "allocated_gib": 5.225533962249756, "reserved_gib": 8.041015625, "peak_allocated_gib": 7.100478649139404, "gpu_time_budget": null, "module": "model.layers.3.mlp.down_proj", "step": 4352}
{"stage": "sequential-round-coordinate", "pid": 2308657, "time": 1789682315.9923763, "cuda_visible_devices": "0", "allocated_gib": 5.225533962249756, "reserved_gib": 8.041015625, "peak_allocated_gib": 7.100478649139404, "gpu_time_budget": null, "module": "model.layers.3.mlp.down_proj", "step": 4480}
{"stage": "sequential-round-coordinate", "pid": 2308657, "time": 1789682316.4210281, "cuda_visible_devices": "0", "allocated_gib": 5.225533962249756, "reserved_gib": 8.041015625, "peak_allocated_gib": 7.100478649139404, "gpu_time_budget": null, "module": "model.layers.3.mlp.down_proj", "step": 4608}
{"stage": "sequential-round-coordinate", "pid": 2308657, "time": 1789682316.849271, "cuda_visible_devices": "0", "allocated_gib": 5.225533962249756, "reserved_gib": 8.041015625, "peak_allocated_gib": 7.100478649139404, "gpu_time_budget": null, "module": "model.layers.3.mlp.down_proj", "step": 4736}
{"stage": "sequential-round-coordinate", "pid": 2308657, "time": 1789682317.2807014, "cuda_visible_devices": "0", "allocated_gib": 5.225533962249756, "reserved_gib": 8.041015625, "peak_allocated_gib": 7.100478649139404, "gpu_time_budget": null, "module": "model.layers.3.mlp.down_proj", "step": 4864}
{"stage": "sequential-round-coordinate", "pid": 2308657, "time": 1789682317.7099028, "cuda_visible_devices": "0", "allocated_gib": 5.225533962249756, "reserved_gib": 8.041015625, "peak_allocated_gib": 7.100478649139404, "gpu_time_budget": null, "module": "model.layers.3.mlp.down_proj", "step": 4992}
{"stage": "sequential-round-coordinate", "pid": 2308657, "time": 1789682318.1378627, "cuda_visible_devices": "0", "allocated_gib": 5.225533962249756, "reserved_gib": 8.041015625, "peak_allocated_gib": 7.100478649139404, "gpu_time_budget": null, "module": "model.layers.3.mlp.down_proj", "step": 5120}
{"stage": "sequential-round-coordinate", "pid": 2308657, "time": 1789682318.5672572, "cuda_visible_devices": "0", "allocated_gib": 5.225533962249756, "reserved_gib": 8.041015625, "peak_allocated_gib": 7.100478649139404, "gpu_time_budget": null, "module": "model.layers.3.mlp.down_proj", "step": 5248}
{"stage": "sequential-round-coordinate", "pid": 2308657, "time": 1789682318.9960349, "cuda_visible_devices": "0", "allocated_gib": 5.225533962249756, "reserved_gib": 8.041015625, "peak_allocated_gib": 7.100478649139404, "gpu_time_budget": null, "module": "model.layers.3.mlp.down_proj", "step": 5376}
{"stage": "sequential-round-coordinate", "pid": 2308657, "time": 1789682319.4274063, "cuda_visible_devices": "0", "allocated_gib": 5.225533962249756, "reserved_gib": 8.041015625, "peak_allocated_gib": 7.100478649139404, "gpu_time_budget": null, "module": "model.layers.3.mlp.down_proj", "step": 5504}
{"stage": "sequential-round-coordinate", "pid": 2308657, "time": 1789682319.8568199, "cuda_visible_devices": "0", "allocated_gib": 5.225533962249756, "reserved_gib": 8.041015625, "peak_allocated_gib": 7.100478649139404, "gpu_time_budget": null, "module": "model.layers.3.mlp.down_proj", "step": 5632}
{"stage": "sequential-round-coordinate", "pid": 2308657, "time": 1789682320.287138, "cuda_visible_devices": "0", "allocated_gib": 5.225533962249756, "reserved_gib": 8.041015625, "peak_allocated_gib": 7.100478649139404, "gpu_time_budget": null, "module": "model.layers.3.mlp.down_proj", "step": 5760}
{"stage": "sequential-round-coordinate", "pid": 2308657, "time": 1789682320.71622, "cuda_visible_devices": "0", "allocated_gib": 5.225533962249756, "reserved_gib": 8.041015625, "peak_allocated_gib": 7.100478649139404, "gpu_time_budget": null, "module": "model.layers.3.mlp.down_proj", "step": 5888}
{"stage": "sequential-round-coordinate", "pid": 2308657, "time": 1789682321.1457233, "cuda_visible_devices": "0", "allocated_gib": 5.225533962249756, "reserved_gib": 8.041015625, "peak_allocated_gib": 7.100478649139404, "gpu_time_budget": null, "module": "model.layers.3.mlp.down_proj", "step": 6016}
{"stage": "sequential-round-coordinate", "pid": 2308657, "time": 1789682321.5742388, "cuda_visible_devices": "0", "allocated_gib": 5.225533962249756, "reserved_gib": 8.041015625, "peak_allocated_gib": 7.100478649139404, "gpu_time_budget": null, "module": "model.layers.3.mlp.down_proj", "step": 6144}
{"stage": "sequential-round-coordinate", "pid": 2308657, "time": 1789682322.0065806, "cuda_visible_devices": "0", "allocated_gib": 5.225533962249756, "reserved_gib": 8.041015625, "peak_allocated_gib": 7.100478649139404, "gpu_time_budget": null, "module": "model.layers.3.mlp.down_proj", "step": 6272}
{"stage": "sequential-round-coordinate", "pid": 2308657, "time": 1789682322.435341, "cuda_visible_devices": "0", "allocated_gib": 5.225533962249756, "reserved_gib": 8.041015625, "peak_allocated_gib": 7.100478649139404, "gpu_time_budget": null, "module": "model.layers.3.mlp.down_proj", "step": 6400}
{"stage": "sequential-round-coordinate", "pid": 2308657, "time": 1789682322.8648891, "cuda_visible_devices": "0", "allocated_gib": 5.225533962249756, "reserved_gib": 8.041015625, "peak_allocated_gib": 7.100478649139404, "gpu_time_budget": null, "module": "model.layers.3.mlp.down_proj", "step": 6528}
{"stage": "sequential-round-coordinate", "pid": 2308657, "time": 1789682323.294717, "cuda_visible_devices": "0", "allocated_gib": 5.225533962249756, "reserved_gib": 8.041015625, "peak_allocated_gib": 7.100478649139404, "gpu_time_budget": null, "module": "model.layers.3.mlp.down_proj", "step": 6656}
{"stage": "sequential-round-coordinate", "pid": 2308657, "time": 1789682323.7242713, "cuda_visible_devices": "0", "allocated_gib": 5.225533962249756, "reserved_gib": 8.041015625, "peak_allocated_gib": 7.100478649139404, "gpu_time_budget": null, "module": "model.layers.3.mlp.down_proj", "step": 6784}
{"stage": "sequential-round-coordinate", "pid": 2308657, "time": 1789682324.1534193, "cuda_visible_devices": "0", "allocated_gib": 5.225533962249756, "reserved_gib": 8.041015625, "peak_allocated_gib": 7.100478649139404, "gpu_time_budget": null, "module": "model.layers.3.mlp.down_proj", "step": 6912}
{"stage": "sequential-round-coordinate", "pid": 2308657, "time": 1789682324.5823212, "cuda_visible_devices": "0", "allocated_gib": 5.225533962249756, "reserved_gib": 8.041015625, "peak_allocated_gib": 7.100478649139404, "gpu_time_budget": null, "module": "model.layers.3.mlp.down_proj", "step": 7040}
{"stage": "sequential-round-coordinate", "pid": 2308657, "time": 1789682325.0107007, "cuda_visible_devices": "0", "allocated_gib": 5.225533962249756, "reserved_gib": 8.041015625, "peak_allocated_gib": 7.100478649139404, "gpu_time_budget": null, "module": "model.layers.3.mlp.down_proj", "step": 7168}
{"stage": "sequential-round-coordinate", "pid": 2308657, "time": 1789682325.4400146, "cuda_visible_devices": "0", "allocated_gib": 5.225533962249756, "reserved_gib": 8.041015625, "peak_allocated_gib": 7.100478649139404, "gpu_time_budget": null, "module": "model.layers.3.mlp.down_proj", "step": 7296}
{"stage": "sequential-round-coordinate", "pid": 2308657, "time": 1789682325.8725367, "cuda_visible_devices": "0", "allocated_gib": 5.225533962249756, "reserved_gib": 8.041015625, "peak_allocated_gib": 7.100478649139404, "gpu_time_budget": null, "module": "model.layers.3.mlp.down_proj", "step": 7424}
{"stage": "sequential-round-coordinate", "pid": 2308657, "time": 1789682326.307775, "cuda_visible_devices": "0", "allocated_gib": 5.225533962249756, "reserved_gib": 8.041015625, "peak_allocated_gib": 7.100478649139404, "gpu_time_budget": null, "module": "model.layers.3.mlp.down_proj", "step": 7552}
{"stage": "sequential-round-coordinate", "pid": 2308657, "time": 1789682326.7406595, "cuda_visible_devices": "0", "allocated_gib": 5.225533962249756, "reserved_gib": 8.041015625, "peak_allocated_gib": 7.100478649139404, "gpu_time_budget": null, "module": "model.layers.3.mlp.down_proj", "step": 7680}
{"stage": "sequential-round-coordinate", "pid": 2308657, "time": 1789682327.1748915, "cuda_visible_devices": "0", "allocated_gib": 5.225533962249756, "reserved_gib": 8.041015625, "peak_allocated_gib": 7.100478649139404, "gpu_time_budget": null, "module": "model.layers.3.mlp.down_proj", "step": 7808}
{"stage": "sequential-round-coordinate", "pid": 2308657, "time": 1789682327.6078203, "cuda_visible_devices": "0", "allocated_gib": 5.225533962249756, "reserved_gib": 8.041015625, "peak_allocated_gib": 7.100478649139404, "gpu_time_budget": null, "module": "model.layers.3.mlp.down_proj", "step": 7936}
{"stage": "sequential-round-coordinate", "pid": 2308657, "time": 1789682328.040499, "cuda_visible_devices": "0", "allocated_gib": 5.225533962249756, "reserved_gib": 8.041015625, "peak_allocated_gib": 7.100478649139404, "gpu_time_budget": null, "module": "model.layers.3.mlp.down_proj", "step": 8064}
{"stage": "sequential-round-coordinate", "pid": 2308657, "time": 1789682328.5147288, "cuda_visible_devices": "0", "allocated_gib": 5.225533962249756, "reserved_gib": 8.041015625, "peak_allocated_gib": 7.100478649139404, "gpu_time_budget": null, "module": "model.layers.3.mlp.down_proj", "step": 8192}
{"stage": "sequential-round-train-nll", "pid": 2308657, "time": 1789682328.5553272, "cuda_visible_devices": "0", "allocated_gib": 3.795783519744873, "reserved_gib": 3.80078125, "peak_allocated_gib": 7.100478649139404, "gpu_time_budget": null, "module": "model.layers.3.mlp.down_proj", "step": 512}
Evaluation segment 1/1: start=0, windows=8, seqlen=2048
{"stage": "sequential-round-train-nll", "pid": 2308657, "time": 1789682330.302432, "cuda_visible_devices": "0", "allocated_gib": 3.795783519744873, "reserved_gib": 5.791015625, "peak_allocated_gib": 7.100478649139404, "gpu_time_budget": null, "module": "model.layers.3.mlp.down_proj", "step": 2048}
Evaluation segment 1/1: start=0, windows=8, seqlen=2048
{"stage": "sequential-round-train-nll", "pid": 2308657, "time": 1789682332.0044415, "cuda_visible_devices": "0", "allocated_gib": 3.795783519744873, "reserved_gib": 5.791015625, "peak_allocated_gib": 7.100478649139404, "gpu_time_budget": null, "module": "model.layers.3.mlp.down_proj", "step": 8192}
Evaluation segment 1/1: start=0, windows=8, seqlen=2048
{"stage": "sequential-module-completed", "pid": 2308657, "time": 1789682333.8876212, "cuda_visible_devices": "0", "allocated_gib": 3.795783519744873, "reserved_gib": 5.791015625, "peak_allocated_gib": 7.100478649139404, "gpu_time_budget": null, "module": "model.layers.3.mlp.down_proj", "completed": 4, "total": 28, "selected_train_nll": 3.0269689859391318, "elapsed_seconds": 103.76055253006052}
{"stage": "sequential-round-fit", "pid": 2308657, "time": 1789682334.5953116, "cuda_visible_devices": "0", "allocated_gib": 3.795783519744873, "reserved_gib": 5.791015625, "peak_allocated_gib": 7.100478649139404, "gpu_time_budget": null, "module": "model.layers.4.mlp.down_proj", "fit_rows": 49152, "heldout_rows": 16384}
{"stage": "sequential-round-coordinate", "pid": 2308657, "time": 1789682335.2260342, "cuda_visible_devices": "0", "allocated_gib": 5.225533962249756, "reserved_gib": 8.041015625, "peak_allocated_gib": 7.100478649139404, "gpu_time_budget": null, "module": "model.layers.4.mlp.down_proj", "step": 128}
{"stage": "sequential-round-coordinate", "pid": 2308657, "time": 1789682335.6740625, "cuda_visible_devices": "0", "allocated_gib": 5.225533962249756, "reserved_gib": 8.041015625, "peak_allocated_gib": 7.100478649139404, "gpu_time_budget": null, "module": "model.layers.4.mlp.down_proj", "step": 256}
{"stage": "sequential-round-coordinate", "pid": 2308657, "time": 1789682336.110364, "cuda_visible_devices": "0", "allocated_gib": 5.225533962249756, "reserved_gib": 8.041015625, "peak_allocated_gib": 7.100478649139404, "gpu_time_budget": null, "module": "model.layers.4.mlp.down_proj", "step": 384}
{"stage": "sequential-round-coordinate", "pid": 2308657, "time": 1789682336.6010153, "cuda_visible_devices": "0", "allocated_gib": 5.225533962249756, "reserved_gib": 8.041015625, "peak_allocated_gib": 7.100478649139404, "gpu_time_budget": null, "module": "model.layers.4.mlp.down_proj", "step": 512}
{"stage": "sequential-round-coordinate", "pid": 2308657, "time": 1789682337.0383525, "cuda_visible_devices": "0", "allocated_gib": 5.225533962249756, "reserved_gib": 8.041015625, "peak_allocated_gib": 7.100478649139404, "gpu_time_budget": null, "module": "model.layers.4.mlp.down_proj", "step": 640}
{"stage": "sequential-round-coordinate", "pid": 2308657, "time": 1789682337.476191, "cuda_visible_devices": "0", "allocated_gib": 5.225533962249756, "reserved_gib": 8.041015625, "peak_allocated_gib": 7.100478649139404, "gpu_time_budget": null, "module": "model.layers.4.mlp.down_proj", "step": 768}
{"stage": "sequential-round-coordinate", "pid": 2308657, "time": 1789682337.909214, "cuda_visible_devices": "0", "allocated_gib": 5.225533962249756, "reserved_gib": 8.041015625, "peak_allocated_gib": 7.100478649139404, "gpu_time_budget": null, "module": "model.layers.4.mlp.down_proj", "step": 896}
{"stage": "sequential-round-coordinate", "pid": 2308657, "time": 1789682338.344138, "cuda_visible_devices": "0", "allocated_gib": 5.225533962249756, "reserved_gib": 8.041015625, "peak_allocated_gib": 7.100478649139404, "gpu_time_budget": null, "module": "model.layers.4.mlp.down_proj", "step": 1024}
{"stage": "sequential-round-coordinate", "pid": 2308657, "time": 1789682338.7848594, "cuda_visible_devices": "0", "allocated_gib": 5.225533962249756, "reserved_gib": 8.041015625, "peak_allocated_gib": 7.100478649139404, "gpu_time_budget": null, "module": "model.layers.4.mlp.down_proj", "step": 1152}
{"stage": "sequential-round-coordinate", "pid": 2308657, "time": 1789682339.2207947, "cuda_visible_devices": "0", "allocated_gib": 5.225533962249756, "reserved_gib": 8.041015625, "peak_allocated_gib": 7.100478649139404, "gpu_time_budget": null, "module": "model.layers.4.mlp.down_proj", "step": 1280}
{"stage": "sequential-round-coordinate", "pid": 2308657, "time": 1789682339.6579492, "cuda_visible_devices": "0", "allocated_gib": 5.225533962249756, "reserved_gib": 8.041015625, "peak_allocated_gib": 7.100478649139404, "gpu_time_budget": null, "module": "model.layers.4.mlp.down_proj", "step": 1408}
{"stage": "sequential-round-coordinate", "pid": 2308657, "time": 1789682340.0947797, "cuda_visible_devices": "0", "allocated_gib": 5.225533962249756, "reserved_gib": 8.041015625, "peak_allocated_gib": 7.100478649139404, "gpu_time_budget": null, "module": "model.layers.4.mlp.down_proj", "step": 1536}
{"stage": "sequential-round-coordinate", "pid": 2308657, "time": 1789682340.5347462, "cuda_visible_devices": "0", "allocated_gib": 5.225533962249756, "reserved_gib": 8.041015625, "peak_allocated_gib": 7.100478649139404, "gpu_time_budget": null, "module": "model.layers.4.mlp.down_proj", "step": 1664}
{"stage": "sequential-round-coordinate", "pid": 2308657, "time": 1789682340.9690099, "cuda_visible_devices": "0", "allocated_gib": 5.225533962249756, "reserved_gib": 8.041015625, "peak_allocated_gib": 7.100478649139404, "gpu_time_budget": null, "module": "model.layers.4.mlp.down_proj", "step": 1792}
{"stage": "sequential-round-coordinate", "pid": 2308657, "time": 1789682341.4051867, "cuda_visible_devices": "0", "allocated_gib": 5.225533962249756, "reserved_gib": 8.041015625, "peak_allocated_gib": 7.100478649139404, "gpu_time_budget": null, "module": "model.layers.4.mlp.down_proj", "step": 1920}
{"stage": "sequential-round-coordinate", "pid": 2308657, "time": 1789682341.8780718, "cuda_visible_devices": "0", "allocated_gib": 5.225533962249756, "reserved_gib": 8.041015625, "peak_allocated_gib": 7.100478649139404, "gpu_time_budget": null, "module": "model.layers.4.mlp.down_proj", "step": 2048}
{"stage": "sequential-round-coordinate", "pid": 2308657, "time": 1789682342.316297, "cuda_visible_devices": "0", "allocated_gib": 5.225533962249756, "reserved_gib": 8.041015625, "peak_allocated_gib": 7.100478649139404, "gpu_time_budget": null, "module": "model.layers.4.mlp.down_proj", "step": 2176}
{"stage": "sequential-round-coordinate", "pid": 2308657, "time": 1789682342.7519898, "cuda_visible_devices": "0", "allocated_gib": 5.225533962249756, "reserved_gib": 8.041015625, "peak_allocated_gib": 7.100478649139404, "gpu_time_budget": null, "module": "model.layers.4.mlp.down_proj", "step": 2304}
{"stage": "sequential-round-coordinate", "pid": 2308657, "time": 1789682343.1873739, "cuda_visible_devices": "0", "allocated_gib": 5.225533962249756, "reserved_gib": 8.041015625, "peak_allocated_gib": 7.100478649139404, "gpu_time_budget": null, "module": "model.layers.4.mlp.down_proj", "step": 2432}
{"stage": "sequential-round-coordinate", "pid": 2308657, "time": 1789682343.6214905, "cuda_visible_devices": "0", "allocated_gib": 5.225533962249756, "reserved_gib": 8.041015625, "peak_allocated_gib": 7.100478649139404, "gpu_time_budget": null, "module": "model.layers.4.mlp.down_proj", "step": 2560}
{"stage": "sequential-round-coordinate", "pid": 2308657, "time": 1789682344.0537708, "cuda_visible_devices": "0", "allocated_gib": 5.225533962249756, "reserved_gib": 8.041015625, "peak_allocated_gib": 7.100478649139404, "gpu_time_budget": null, "module": "model.layers.4.mlp.down_proj", "step": 2688}
{"stage": "sequential-round-coordinate", "pid": 2308657, "time": 1789682344.4852333, "cuda_visible_devices": "0", "allocated_gib": 5.225533962249756, "reserved_gib": 8.041015625, "peak_allocated_gib": 7.100478649139404, "gpu_time_budget": null, "module": "model.layers.4.mlp.down_proj", "step": 2816}
{"stage": "sequential-round-coordinate", "pid": 2308657, "time": 1789682344.919145, "cuda_visible_devices": "0", "allocated_gib": 5.225533962249756, "reserved_gib": 8.041015625, "peak_allocated_gib": 7.100478649139404, "gpu_time_budget": null, "module": "model.layers.4.mlp.down_proj", "step": 2944}
{"stage": "sequential-round-coordinate", "pid": 2308657, "time": 1789682345.352683, "cuda_visible_devices": "0", "allocated_gib": 5.225533962249756, "reserved_gib": 8.041015625, "peak_allocated_gib": 7.100478649139404, "gpu_time_budget": null, "module": "model.layers.4.mlp.down_proj", "step": 3072}
{"stage": "sequential-round-coordinate", "pid": 2308657, "time": 1789682345.7844412, "cuda_visible_devices": "0", "allocated_gib": 5.225533962249756, "reserved_gib": 8.041015625, "peak_allocated_gib": 7.100478649139404, "gpu_time_budget": null, "module": "model.layers.4.mlp.down_proj", "step": 3200}
{"stage": "sequential-round-coordinate", "pid": 2308657, "time": 1789682346.220043, "cuda_visible_devices": "0", "allocated_gib": 5.225533962249756, "reserved_gib": 8.041015625, "peak_allocated_gib": 7.100478649139404, "gpu_time_budget": null, "module": "model.layers.4.mlp.down_proj", "step": 3328}
{"stage": "sequential-round-coordinate", "pid": 2308657, "time": 1789682346.6540828, "cuda_visible_devices": "0", "allocated_gib": 5.225533962249756, "reserved_gib": 8.041015625, "peak_allocated_gib": 7.100478649139404, "gpu_time_budget": null, "module": "model.layers.4.mlp.down_proj", "step": 3456}
{"stage": "sequential-round-coordinate", "pid": 2308657, "time": 1789682347.0880692, "cuda_visible_devices": "0", "allocated_gib": 5.225533962249756, "reserved_gib": 8.041015625, "peak_allocated_gib": 7.100478649139404, "gpu_time_budget": null, "module": "model.layers.4.mlp.down_proj", "step": 3584}
{"stage": "sequential-round-coordinate", "pid": 2308657, "time": 1789682347.5218985, "cuda_visible_devices": "0", "allocated_gib": 5.225533962249756, "reserved_gib": 8.041015625, "peak_allocated_gib": 7.100478649139404, "gpu_time_budget": null, "module": "model.layers.4.mlp.down_proj", "step": 3712}
{"stage": "sequential-round-coordinate", "pid": 2308657, "time": 1789682347.9571936, "cuda_visible_devices": "0", "allocated_gib": 5.225533962249756, "reserved_gib": 8.041015625, "peak_allocated_gib": 7.100478649139404, "gpu_time_budget": null, "module": "model.layers.4.mlp.down_proj", "step": 3840}
{"stage": "sequential-round-coordinate", "pid": 2308657, "time": 1789682348.391233, "cuda_visible_devices": "0", "allocated_gib": 5.225533962249756, "reserved_gib": 8.041015625, "peak_allocated_gib": 7.100478649139404, "gpu_time_budget": null, "module": "model.layers.4.mlp.down_proj", "step": 3968}
{"stage": "sequential-round-coordinate", "pid": 2308657, "time": 1789682348.82518, "cuda_visible_devices": "0", "allocated_gib": 5.225533962249756, "reserved_gib": 8.041015625, "peak_allocated_gib": 7.100478649139404, "gpu_time_budget": null, "module": "model.layers.4.mlp.down_proj", "step": 4096}
{"stage": "sequential-round-coordinate", "pid": 2308657, "time": 1789682349.2603722, "cuda_visible_devices": "0", "allocated_gib": 5.225533962249756, "reserved_gib": 8.041015625, "peak_allocated_gib": 7.100478649139404, "gpu_time_budget": null, "module": "model.layers.4.mlp.down_proj", "step": 4224}
{"stage": "sequential-round-coordinate", "pid": 2308657, "time": 1789682349.694435, "cuda_visible_devices": "0", "allocated_gib": 5.225533962249756, "reserved_gib": 8.041015625, "peak_allocated_gib": 7.100478649139404, "gpu_time_budget": null, "module": "model.layers.4.mlp.down_proj", "step": 4352}
{"stage": "sequential-round-coordinate", "pid": 2308657, "time": 1789682350.1296258, "cuda_visible_devices": "0", "allocated_gib": 5.225533962249756, "reserved_gib": 8.041015625, "peak_allocated_gib": 7.100478649139404, "gpu_time_budget": null, "module": "model.layers.4.mlp.down_proj", "step": 4480}
{"stage": "sequential-round-coordinate", "pid": 2308657, "time": 1789682350.5639343, "cuda_visible_devices": "0", "allocated_gib": 5.225533962249756, "reserved_gib": 8.041015625, "peak_allocated_gib": 7.100478649139404, "gpu_time_budget": null, "module": "model.layers.4.mlp.down_proj", "step": 4608}
{"stage": "sequential-round-coordinate", "pid": 2308657, "time": 1789682350.9985807, "cuda_visible_devices": "0", "allocated_gib": 5.225533962249756, "reserved_gib": 8.041015625, "peak_allocated_gib": 7.100478649139404, "gpu_time_budget": null, "module": "model.layers.4.mlp.down_proj", "step": 4736}
{"stage": "sequential-round-coordinate", "pid": 2308657, "time": 1789682351.4330611, "cuda_visible_devices": "0", "allocated_gib": 5.225533962249756, "reserved_gib": 8.041015625, "peak_allocated_gib": 7.100478649139404, "gpu_time_budget": null, "module": "model.layers.4.mlp.down_proj", "step": 4864}
{"stage": "sequential-round-coordinate", "pid": 2308657, "time": 1789682351.868084, "cuda_visible_devices": "0", "allocated_gib": 5.225533962249756, "reserved_gib": 8.041015625, "peak_allocated_gib": 7.100478649139404, "gpu_time_budget": null, "module": "model.layers.4.mlp.down_proj", "step": 4992}
{"stage": "sequential-round-coordinate", "pid": 2308657, "time": 1789682352.3022413, "cuda_visible_devices": "0", "allocated_gib": 5.225533962249756, "reserved_gib": 8.041015625, "peak_allocated_gib": 7.100478649139404, "gpu_time_budget": null, "module": "model.layers.4.mlp.down_proj", "step": 5120}
{"stage": "sequential-round-coordinate", "pid": 2308657, "time": 1789682352.7408254, "cuda_visible_devices": "0", "allocated_gib": 5.225533962249756, "reserved_gib": 8.041015625, "peak_allocated_gib": 7.100478649139404, "gpu_time_budget": null, "module": "model.layers.4.mlp.down_proj", "step": 5248}
{"stage": "sequential-round-coordinate", "pid": 2308657, "time": 1789682353.203101, "cuda_visible_devices": "0", "allocated_gib": 5.225533962249756, "reserved_gib": 8.041015625, "peak_allocated_gib": 7.100478649139404, "gpu_time_budget": null, "module": "model.layers.4.mlp.down_proj", "step": 5376}
{"stage": "sequential-round-coordinate", "pid": 2308657, "time": 1789682353.6452754, "cuda_visible_devices": "0", "allocated_gib": 5.225533962249756, "reserved_gib": 8.041015625, "peak_allocated_gib": 7.100478649139404, "gpu_time_budget": null, "module": "model.layers.4.mlp.down_proj", "step": 5504}
{"stage": "sequential-round-coordinate", "pid": 2308657, "time": 1789682354.081764, "cuda_visible_devices": "0", "allocated_gib": 5.225533962249756, "reserved_gib": 8.041015625, "peak_allocated_gib": 7.100478649139404, "gpu_time_budget": null, "module": "model.layers.4.mlp.down_proj", "step": 5632}
{"stage": "sequential-round-coordinate", "pid": 2308657, "time": 1789682354.5163846, "cuda_visible_devices": "0", "allocated_gib": 5.225533962249756, "reserved_gib": 8.041015625, "peak_allocated_gib": 7.100478649139404, "gpu_time_budget": null, "module": "model.layers.4.mlp.down_proj", "step": 5760}
{"stage": "sequential-round-coordinate", "pid": 2308657, "time": 1789682354.9496934, "cuda_visible_devices": "0", "allocated_gib": 5.225533962249756, "reserved_gib": 8.041015625, "peak_allocated_gib": 7.100478649139404, "gpu_time_budget": null, "module": "model.layers.4.mlp.down_proj", "step": 5888}
{"stage": "sequential-round-coordinate", "pid": 2308657, "time": 1789682355.3846436, "cuda_visible_devices": "0", "allocated_gib": 5.225533962249756, "reserved_gib": 8.041015625, "peak_allocated_gib": 7.100478649139404, "gpu_time_budget": null, "module": "model.layers.4.mlp.down_proj", "step": 6016}
{"stage": "sequential-round-coordinate", "pid": 2308657, "time": 1789682355.8191252, "cuda_visible_devices": "0", "allocated_gib": 5.225533962249756, "reserved_gib": 8.041015625, "peak_allocated_gib": 7.100478649139404, "gpu_time_budget": null, "module": "model.layers.4.mlp.down_proj", "step": 6144}
{"stage": "sequential-round-coordinate", "pid": 2308657, "time": 1789682356.2543595, "cuda_visible_devices": "0", "allocated_gib": 5.225533962249756, "reserved_gib": 8.041015625, "peak_allocated_gib": 7.100478649139404, "gpu_time_budget": null, "module": "model.layers.4.mlp.down_proj", "step": 6272}
{"stage": "sequential-round-coordinate", "pid": 2308657, "time": 1789682356.6881797, "cuda_visible_devices": "0", "allocated_gib": 5.225533962249756, "reserved_gib": 8.041015625, "peak_allocated_gib": 7.100478649139404, "gpu_time_budget": null, "module": "model.layers.4.mlp.down_proj", "step": 6400}
{"stage": "sequential-round-coordinate", "pid": 2308657, "time": 1789682357.124168, "cuda_visible_devices": "0", "allocated_gib": 5.225533962249756, "reserved_gib": 8.041015625, "peak_allocated_gib": 7.100478649139404, "gpu_time_budget": null, "module": "model.layers.4.mlp.down_proj", "step": 6528}
{"stage": "sequential-round-coordinate", "pid": 2308657, "time": 1789682357.559299, "cuda_visible_devices": "0", "allocated_gib": 5.225533962249756, "reserved_gib": 8.041015625, "peak_allocated_gib": 7.100478649139404, "gpu_time_budget": null, "module": "model.layers.4.mlp.down_proj", "step": 6656}
{"stage": "sequential-round-coordinate", "pid": 2308657, "time": 1789682357.9940374, "cuda_visible_devices": "0", "allocated_gib": 5.225533962249756, "reserved_gib": 8.041015625, "peak_allocated_gib": 7.100478649139404, "gpu_time_budget": null, "module": "model.layers.4.mlp.down_proj", "step": 6784}
{"stage": "sequential-round-coordinate", "pid": 2308657, "time": 1789682358.432742, "cuda_visible_devices": "0", "allocated_gib": 5.225533962249756, "reserved_gib": 8.041015625, "peak_allocated_gib": 7.100478649139404, "gpu_time_budget": null, "module": "model.layers.4.mlp.down_proj", "step": 6912}
{"stage": "sequential-round-coordinate", "pid": 2308657, "time": 1789682358.8687842, "cuda_visible_devices": "0", "allocated_gib": 5.225533962249756, "reserved_gib": 8.041015625, "peak_allocated_gib": 7.100478649139404, "gpu_time_budget": null, "module": "model.layers.4.mlp.down_proj", "step": 7040}
{"stage": "sequential-round-coordinate", "pid": 2308657, "time": 1789682359.3007867, "cuda_visible_devices": "0", "allocated_gib": 5.225533962249756, "reserved_gib": 8.041015625, "peak_allocated_gib": 7.100478649139404, "gpu_time_budget": null, "module": "model.layers.4.mlp.down_proj", "step": 7168}
{"stage": "sequential-round-coordinate", "pid": 2308657, "time": 1789682359.7346067, "cuda_visible_devices": "0", "allocated_gib": 5.225533962249756, "reserved_gib": 8.041015625, "peak_allocated_gib": 7.100478649139404, "gpu_time_budget": null, "module": "model.layers.4.mlp.down_proj", "step": 7296}
{"stage": "sequential-round-coordinate", "pid": 2308657, "time": 1789682360.1710627, "cuda_visible_devices": "0", "allocated_gib": 5.225533962249756, "reserved_gib": 8.041015625, "peak_allocated_gib": 7.100478649139404, "gpu_time_budget": null, "module": "model.layers.4.mlp.down_proj", "step": 7424}
{"stage": "sequential-round-coordinate", "pid": 2308657, "time": 1789682360.6077514, "cuda_visible_devices": "0", "allocated_gib": 5.225533962249756, "reserved_gib": 8.041015625, "peak_allocated_gib": 7.100478649139404, "gpu_time_budget": null, "module": "model.layers.4.mlp.down_proj", "step": 7552}
{"stage": "sequential-round-coordinate", "pid": 2308657, "time": 1789682361.043767, "cuda_visible_devices": "0", "allocated_gib": 5.225533962249756, "reserved_gib": 8.041015625, "peak_allocated_gib": 7.100478649139404, "gpu_time_budget": null, "module": "model.layers.4.mlp.down_proj", "step": 7680}
{"stage": "sequential-round-coordinate", "pid": 2308657, "time": 1789682361.483945, "cuda_visible_devices": "0", "allocated_gib": 5.225533962249756, "reserved_gib": 8.041015625, "peak_allocated_gib": 7.100478649139404, "gpu_time_budget": null, "module": "model.layers.4.mlp.down_proj", "step": 7808}
{"stage": "sequential-round-coordinate", "pid": 2308657, "time": 1789682361.920753, "cuda_visible_devices": "0", "allocated_gib": 5.225533962249756, "reserved_gib": 8.041015625, "peak_allocated_gib": 7.100478649139404, "gpu_time_budget": null, "module": "model.layers.4.mlp.down_proj", "step": 7936}
{"stage": "sequential-round-coordinate", "pid": 2308657, "time": 1789682362.3585882, "cuda_visible_devices": "0", "allocated_gib": 5.225533962249756, "reserved_gib": 8.041015625, "peak_allocated_gib": 7.100478649139404, "gpu_time_budget": null, "module": "model.layers.4.mlp.down_proj", "step": 8064}
{"stage": "sequential-round-coordinate", "pid": 2308657, "time": 1789682362.841324, "cuda_visible_devices": "0", "allocated_gib": 5.225533962249756, "reserved_gib": 8.041015625, "peak_allocated_gib": 7.100478649139404, "gpu_time_budget": null, "module": "model.layers.4.mlp.down_proj", "step": 8192}
{"stage": "sequential-round-train-nll", "pid": 2308657, "time": 1789682362.8805323, "cuda_visible_devices": "0", "allocated_gib": 3.795783519744873, "reserved_gib": 3.80078125, "peak_allocated_gib": 7.100478649139404, "gpu_time_budget": null, "module": "model.layers.4.mlp.down_proj", "step": 512}
Evaluation segment 1/1: start=0, windows=8, seqlen=2048
{"stage": "sequential-round-train-nll", "pid": 2308657, "time": 1789682364.6627219, "cuda_visible_devices": "0", "allocated_gib": 3.795783519744873, "reserved_gib": 5.791015625, "peak_allocated_gib": 7.100478649139404, "gpu_time_budget": null, "module": "model.layers.4.mlp.down_proj", "step": 2048}
Evaluation segment 1/1: start=0, windows=8, seqlen=2048
{"stage": "sequential-round-train-nll", "pid": 2308657, "time": 1789682366.433015, "cuda_visible_devices": "0", "allocated_gib": 3.795783519744873, "reserved_gib": 5.791015625, "peak_allocated_gib": 7.100478649139404, "gpu_time_budget": null, "module": "model.layers.4.mlp.down_proj", "step": 8192}
Evaluation segment 1/1: start=0, windows=8, seqlen=2048
{"stage": "sequential-module-completed", "pid": 2308657, "time": 1789682368.3141072, "cuda_visible_devices": "0", "allocated_gib": 3.795783519744873, "reserved_gib": 5.791015625, "peak_allocated_gib": 7.100478649139404, "gpu_time_budget": null, "module": "model.layers.4.mlp.down_proj", "completed": 5, "total": 28, "selected_train_nll": 3.0269689859391318, "elapsed_seconds": 138.1870362230111}
{"stage": "sequential-round-fit", "pid": 2308657, "time": 1789682369.2743316, "cuda_visible_devices": "0", "allocated_gib": 3.795783519744873, "reserved_gib": 5.791015625, "peak_allocated_gib": 7.100478649139404, "gpu_time_budget": null, "module": "model.layers.5.mlp.down_proj", "fit_rows": 49152, "heldout_rows": 16384}
{"stage": "sequential-round-coordinate", "pid": 2308657, "time": 1789682369.9904265, "cuda_visible_devices": "0", "allocated_gib": 5.225533962249756, "reserved_gib": 8.041015625, "peak_allocated_gib": 7.100478649139404, "gpu_time_budget": null, "module": "model.layers.5.mlp.down_proj", "step": 128}
{"stage": "sequential-round-coordinate", "pid": 2308657, "time": 1789682370.4341016, "cuda_visible_devices": "0", "allocated_gib": 5.225533962249756, "reserved_gib": 8.041015625, "peak_allocated_gib": 7.100478649139404, "gpu_time_budget": null, "module": "model.layers.5.mlp.down_proj", "step": 256}
{"stage": "sequential-round-coordinate", "pid": 2308657, "time": 1789682370.8722558, "cuda_visible_devices": "0", "allocated_gib": 5.225533962249756, "reserved_gib": 8.041015625, "peak_allocated_gib": 7.100478649139404, "gpu_time_budget": null, "module": "model.layers.5.mlp.down_proj", "step": 384}
{"stage": "sequential-round-coordinate", "pid": 2308657, "time": 1789682371.3653448, "cuda_visible_devices": "0", "allocated_gib": 5.225533962249756, "reserved_gib": 8.041015625, "peak_allocated_gib": 7.100478649139404, "gpu_time_budget": null, "module": "model.layers.5.mlp.down_proj", "step": 512}
{"stage": "sequential-round-coordinate", "pid": 2308657, "time": 1789682371.8057332, "cuda_visible_devices": "0", "allocated_gib": 5.225533962249756, "reserved_gib": 8.041015625, "peak_allocated_gib": 7.100478649139404, "gpu_time_budget": null, "module": "model.layers.5.mlp.down_proj", "step": 640}
{"stage": "sequential-round-coordinate", "pid": 2308657, "time": 1789682372.2421584, "cuda_visible_devices": "0", "allocated_gib": 5.225533962249756, "reserved_gib": 8.041015625, "peak_allocated_gib": 7.100478649139404, "gpu_time_budget": null, "module": "model.layers.5.mlp.down_proj", "step": 768}
{"stage": "sequential-round-coordinate", "pid": 2308657, "time": 1789682372.682052, "cuda_visible_devices": "0", "allocated_gib": 5.225533962249756, "reserved_gib": 8.041015625, "peak_allocated_gib": 7.100478649139404, "gpu_time_budget": null, "module": "model.layers.5.mlp.down_proj", "step": 896}
{"stage": "sequential-round-coordinate", "pid": 2308657, "time": 1789682373.11914, "cuda_visible_devices": "0", "allocated_gib": 5.225533962249756, "reserved_gib": 8.041015625, "peak_allocated_gib": 7.100478649139404, "gpu_time_budget": null, "module": "model.layers.5.mlp.down_proj", "step": 1024}
{"stage": "sequential-round-coordinate", "pid": 2308657, "time": 1789682373.557033, "cuda_visible_devices": "0", "allocated_gib": 5.225533962249756, "reserved_gib": 8.041015625, "peak_allocated_gib": 7.100478649139404, "gpu_time_budget": null, "module": "model.layers.5.mlp.down_proj", "step": 1152}
{"stage": "sequential-round-coordinate", "pid": 2308657, "time": 1789682373.987953, "cuda_visible_devices": "0", "allocated_gib": 5.225533962249756, "reserved_gib": 8.041015625, "peak_allocated_gib": 7.100478649139404, "gpu_time_budget": null, "module": "model.layers.5.mlp.down_proj", "step": 1280}
{"stage": "sequential-round-coordinate", "pid": 2308657, "time": 1789682374.4207513, "cuda_visible_devices": "0", "allocated_gib": 5.225533962249756, "reserved_gib": 8.041015625, "peak_allocated_gib": 7.100478649139404, "gpu_time_budget": null, "module": "model.layers.5.mlp.down_proj", "step": 1408}
{"stage": "sequential-round-coordinate", "pid": 2308657, "time": 1789682374.852947, "cuda_visible_devices": "0", "allocated_gib": 5.225533962249756, "reserved_gib": 8.041015625, "peak_allocated_gib": 7.100478649139404, "gpu_time_budget": null, "module": "model.layers.5.mlp.down_proj", "step": 1536}
{"stage": "sequential-round-coordinate", "pid": 2308657, "time": 1789682375.28645, "cuda_visible_devices": "0", "allocated_gib": 5.225533962249756, "reserved_gib": 8.041015625, "peak_allocated_gib": 7.100478649139404, "gpu_time_budget": null, "module": "model.layers.5.mlp.down_proj", "step": 1664}
{"stage": "sequential-round-coordinate", "pid": 2308657, "time": 1789682375.7196174, "cuda_visible_devices": "0", "allocated_gib": 5.225533962249756, "reserved_gib": 8.041015625, "peak_allocated_gib": 7.100478649139404, "gpu_time_budget": null, "module": "model.layers.5.mlp.down_proj", "step": 1792}
{"stage": "sequential-round-coordinate", "pid": 2308657, "time": 1789682376.1563592, "cuda_visible_devices": "0", "allocated_gib": 5.225533962249756, "reserved_gib": 8.041015625, "peak_allocated_gib": 7.100478649139404, "gpu_time_budget": null, "module": "model.layers.5.mlp.down_proj", "step": 1920}
{"stage": "sequential-round-coordinate", "pid": 2308657, "time": 1789682376.6378841, "cuda_visible_devices": "0", "allocated_gib": 5.225533962249756, "reserved_gib": 8.041015625, "peak_allocated_gib": 7.100478649139404, "gpu_time_budget": null, "module": "model.layers.5.mlp.down_proj", "step": 2048}
{"stage": "sequential-round-coordinate", "pid": 2308657, "time": 1789682377.0721006, "cuda_visible_devices": "0", "allocated_gib": 5.225533962249756, "reserved_gib": 8.041015625, "peak_allocated_gib": 7.100478649139404, "gpu_time_budget": null, "module": "model.layers.5.mlp.down_proj", "step": 2176}
{"stage": "sequential-round-coordinate", "pid": 2308657, "time": 1789682377.5038154, "cuda_visible_devices": "0", "allocated_gib": 5.225533962249756, "reserved_gib": 8.041015625, "peak_allocated_gib": 7.100478649139404, "gpu_time_budget": null, "module": "model.layers.5.mlp.down_proj", "step": 2304}
{"stage": "sequential-round-coordinate", "pid": 2308657, "time": 1789682377.9343877, "cuda_visible_devices": "0", "allocated_gib": 5.225533962249756, "reserved_gib": 8.041015625, "peak_allocated_gib": 7.100478649139404, "gpu_time_budget": null, "module": "model.layers.5.mlp.down_proj", "step": 2432}
{"stage": "sequential-round-coordinate", "pid": 2308657, "time": 1789682378.3661711, "cuda_visible_devices": "0", "allocated_gib": 5.225533962249756, "reserved_gib": 8.041015625, "peak_allocated_gib": 7.100478649139404, "gpu_time_budget": null, "module": "model.layers.5.mlp.down_proj", "step": 2560}
{"stage": "sequential-round-coordinate", "pid": 2308657, "time": 1789682378.7993135, "cuda_visible_devices": "0", "allocated_gib": 5.225533962249756, "reserved_gib": 8.041015625, "peak_allocated_gib": 7.100478649139404, "gpu_time_budget": null, "module": "model.layers.5.mlp.down_proj", "step": 2688}
{"stage": "sequential-round-coordinate", "pid": 2308657, "time": 1789682379.2487578, "cuda_visible_devices": "0", "allocated_gib": 5.225533962249756, "reserved_gib": 8.041015625, "peak_allocated_gib": 7.100478649139404, "gpu_time_budget": null, "module": "model.layers.5.mlp.down_proj", "step": 2816}
{"stage": "sequential-round-coordinate", "pid": 2308657, "time": 1789682379.6903393, "cuda_visible_devices": "0", "allocated_gib": 5.225533962249756, "reserved_gib": 8.041015625, "peak_allocated_gib": 7.100478649139404, "gpu_time_budget": null, "module": "model.layers.5.mlp.down_proj", "step": 2944}
{"stage": "sequential-round-coordinate", "pid": 2308657, "time": 1789682380.128256, "cuda_visible_devices": "0", "allocated_gib": 5.225533962249756, "reserved_gib": 8.041015625, "peak_allocated_gib": 7.100478649139404, "gpu_time_budget": null, "module": "model.layers.5.mlp.down_proj", "step": 3072}
{"stage": "sequential-round-coordinate", "pid": 2308657, "time": 1789682380.5634842, "cuda_visible_devices": "0", "allocated_gib": 5.225533962249756, "reserved_gib": 8.041015625, "peak_allocated_gib": 7.100478649139404, "gpu_time_budget": null, "module": "model.layers.5.mlp.down_proj", "step": 3200}
{"stage": "sequential-round-coordinate", "pid": 2308657, "time": 1789682380.9958003, "cuda_visible_devices": "0", "allocated_gib": 5.225533962249756, "reserved_gib": 8.041015625, "peak_allocated_gib": 7.100478649139404, "gpu_time_budget": null, "module": "model.layers.5.mlp.down_proj", "step": 3328}
{"stage": "sequential-round-coordinate", "pid": 2308657, "time": 1789682381.4265985, "cuda_visible_devices": "0", "allocated_gib": 5.225533962249756, "reserved_gib": 8.041015625, "peak_allocated_gib": 7.100478649139404, "gpu_time_budget": null, "module": "model.layers.5.mlp.down_proj", "step": 3456}
{"stage": "sequential-round-coordinate", "pid": 2308657, "time": 1789682381.8588388, "cuda_visible_devices": "0", "allocated_gib": 5.225533962249756, "reserved_gib": 8.041015625, "peak_allocated_gib": 7.100478649139404, "gpu_time_budget": null, "module": "model.layers.5.mlp.down_proj", "step": 3584}
{"stage": "sequential-round-coordinate", "pid": 2308657, "time": 1789682382.289694, "cuda_visible_devices": "0", "allocated_gib": 5.225533962249756, "reserved_gib": 8.041015625, "peak_allocated_gib": 7.100478649139404, "gpu_time_budget": null, "module": "model.layers.5.mlp.down_proj", "step": 3712}
{"stage": "sequential-round-coordinate", "pid": 2308657, "time": 1789682382.7231188, "cuda_visible_devices": "0", "allocated_gib": 5.225533962249756, "reserved_gib": 8.041015625, "peak_allocated_gib": 7.100478649139404, "gpu_time_budget": null, "module": "model.layers.5.mlp.down_proj", "step": 3840}
{"stage": "sequential-round-coordinate", "pid": 2308657, "time": 1789682383.1603143, "cuda_visible_devices": "0", "allocated_gib": 5.225533962249756, "reserved_gib": 8.041015625, "peak_allocated_gib": 7.100478649139404, "gpu_time_budget": null, "module": "model.layers.5.mlp.down_proj", "step": 3968}
{"stage": "sequential-round-coordinate", "pid": 2308657, "time": 1789682383.5918794, "cuda_visible_devices": "0", "allocated_gib": 5.225533962249756, "reserved_gib": 8.041015625, "peak_allocated_gib": 7.100478649139404, "gpu_time_budget": null, "module": "model.layers.5.mlp.down_proj", "step": 4096}
{"stage": "sequential-round-coordinate", "pid": 2308657, "time": 1789682384.0232208, "cuda_visible_devices": "0", "allocated_gib": 5.225533962249756, "reserved_gib": 8.041015625, "peak_allocated_gib": 7.100478649139404, "gpu_time_budget": null, "module": "model.layers.5.mlp.down_proj", "step": 4224}
{"stage": "sequential-round-coordinate", "pid": 2308657, "time": 1789682384.4556236, "cuda_visible_devices": "0", "allocated_gib": 5.225533962249756, "reserved_gib": 8.041015625, "peak_allocated_gib": 7.100478649139404, "gpu_time_budget": null, "module": "model.layers.5.mlp.down_proj", "step": 4352}
{"stage": "sequential-round-coordinate", "pid": 2308657, "time": 1789682384.8872132, "cuda_visible_devices": "0", "allocated_gib": 5.225533962249756, "reserved_gib": 8.041015625, "peak_allocated_gib": 7.100478649139404, "gpu_time_budget": null, "module": "model.layers.5.mlp.down_proj", "step": 4480}
{"stage": "sequential-round-coordinate", "pid": 2308657, "time": 1789682385.3179312, "cuda_visible_devices": "0", "allocated_gib": 5.225533962249756, "reserved_gib": 8.041015625, "peak_allocated_gib": 7.100478649139404, "gpu_time_budget": null, "module": "model.layers.5.mlp.down_proj", "step": 4608}
{"stage": "sequential-round-coordinate", "pid": 2308657, "time": 1789682385.7479417, "cuda_visible_devices": "0", "allocated_gib": 5.225533962249756, "reserved_gib": 8.041015625, "peak_allocated_gib": 7.100478649139404, "gpu_time_budget": null, "module": "model.layers.5.mlp.down_proj", "step": 4736}
{"stage": "sequential-round-coordinate", "pid": 2308657, "time": 1789682386.1776567, "cuda_visible_devices": "0", "allocated_gib": 5.225533962249756, "reserved_gib": 8.041015625, "peak_allocated_gib": 7.100478649139404, "gpu_time_budget": null, "module": "model.layers.5.mlp.down_proj", "step": 4864}
{"stage": "sequential-round-coordinate", "pid": 2308657, "time": 1789682386.6073084, "cuda_visible_devices": "0", "allocated_gib": 5.225533962249756, "reserved_gib": 8.041015625, "peak_allocated_gib": 7.100478649139404, "gpu_time_budget": null, "module": "model.layers.5.mlp.down_proj", "step": 4992}
{"stage": "sequential-round-coordinate", "pid": 2308657, "time": 1789682387.036637, "cuda_visible_devices": "0", "allocated_gib": 5.225533962249756, "reserved_gib": 8.041015625, "peak_allocated_gib": 7.100478649139404, "gpu_time_budget": null, "module": "model.layers.5.mlp.down_proj", "step": 5120}
{"stage": "sequential-round-coordinate", "pid": 2308657, "time": 1789682387.4666011, "cuda_visible_devices": "0", "allocated_gib": 5.225533962249756, "reserved_gib": 8.041015625, "peak_allocated_gib": 7.100478649139404, "gpu_time_budget": null, "module": "model.layers.5.mlp.down_proj", "step": 5248}
{"stage": "sequential-round-coordinate", "pid": 2308657, "time": 1789682387.89815, "cuda_visible_devices": "0", "allocated_gib": 5.225533962249756, "reserved_gib": 8.041015625, "peak_allocated_gib": 7.100478649139404, "gpu_time_budget": null, "module": "model.layers.5.mlp.down_proj", "step": 5376}
{"stage": "sequential-round-coordinate", "pid": 2308657, "time": 1789682388.330908, "cuda_visible_devices": "0", "allocated_gib": 5.225533962249756, "reserved_gib": 8.041015625, "peak_allocated_gib": 7.100478649139404, "gpu_time_budget": null, "module": "model.layers.5.mlp.down_proj", "step": 5504}
{"stage": "sequential-round-coordinate", "pid": 2308657, "time": 1789682388.7639468, "cuda_visible_devices": "0", "allocated_gib": 5.225533962249756, "reserved_gib": 8.041015625, "peak_allocated_gib": 7.100478649139404, "gpu_time_budget": null, "module": "model.layers.5.mlp.down_proj", "step": 5632}
{"stage": "sequential-round-coordinate", "pid": 2308657, "time": 1789682389.1932995, "cuda_visible_devices": "0", "allocated_gib": 5.225533962249756, "reserved_gib": 8.041015625, "peak_allocated_gib": 7.100478649139404, "gpu_time_budget": null, "module": "model.layers.5.mlp.down_proj", "step": 5760}
{"stage": "sequential-round-coordinate", "pid": 2308657, "time": 1789682389.6222694, "cuda_visible_devices": "0", "allocated_gib": 5.225533962249756, "reserved_gib": 8.041015625, "peak_allocated_gib": 7.100478649139404, "gpu_time_budget": null, "module": "model.layers.5.mlp.down_proj", "step": 5888}
{"stage": "sequential-round-coordinate", "pid": 2308657, "time": 1789682390.0511813, "cuda_visible_devices": "0", "allocated_gib": 5.225533962249756, "reserved_gib": 8.041015625, "peak_allocated_gib": 7.100478649139404, "gpu_time_budget": null, "module": "model.layers.5.mlp.down_proj", "step": 6016}
{"stage": "sequential-round-coordinate", "pid": 2308657, "time": 1789682390.4809065, "cuda_visible_devices": "0", "allocated_gib": 5.225533962249756, "reserved_gib": 8.041015625, "peak_allocated_gib": 7.100478649139404, "gpu_time_budget": null, "module": "model.layers.5.mlp.down_proj", "step": 6144}
{"stage": "sequential-round-coordinate", "pid": 2308657, "time": 1789682390.9105856, "cuda_visible_devices": "0", "allocated_gib": 5.225533962249756, "reserved_gib": 8.041015625, "peak_allocated_gib": 7.100478649139404, "gpu_time_budget": null, "module": "model.layers.5.mlp.down_proj", "step": 6272}
{"stage": "sequential-round-coordinate", "pid": 2308657, "time": 1789682391.339402, "cuda_visible_devices": "0", "allocated_gib": 5.225533962249756, "reserved_gib": 8.041015625, "peak_allocated_gib": 7.100478649139404, "gpu_time_budget": null, "module": "model.layers.5.mlp.down_proj", "step": 6400}
{"stage": "sequential-round-coordinate", "pid": 2308657, "time": 1789682391.7693417, "cuda_visible_devices": "0", "allocated_gib": 5.225533962249756, "reserved_gib": 8.041015625, "peak_allocated_gib": 7.100478649139404, "gpu_time_budget": null, "module": "model.layers.5.mlp.down_proj", "step": 6528}
{"stage": "sequential-round-coordinate", "pid": 2308657, "time": 1789682392.199695, "cuda_visible_devices": "0", "allocated_gib": 5.225533962249756, "reserved_gib": 8.041015625, "peak_allocated_gib": 7.100478649139404, "gpu_time_budget": null, "module": "model.layers.5.mlp.down_proj", "step": 6656}
{"stage": "sequential-round-coordinate", "pid": 2308657, "time": 1789682392.6300209, "cuda_visible_devices": "0", "allocated_gib": 5.225533962249756, "reserved_gib": 8.041015625, "peak_allocated_gib": 7.100478649139404, "gpu_time_budget": null, "module": "model.layers.5.mlp.down_proj", "step": 6784}
{"stage": "sequential-round-coordinate", "pid": 2308657, "time": 1789682393.0594096, "cuda_visible_devices": "0", "allocated_gib": 5.225533962249756, "reserved_gib": 8.041015625, "peak_allocated_gib": 7.100478649139404, "gpu_time_budget": null, "module": "model.layers.5.mlp.down_proj", "step": 6912}
{"stage": "sequential-round-coordinate", "pid": 2308657, "time": 1789682393.4911494, "cuda_visible_devices": "0", "allocated_gib": 5.225533962249756, "reserved_gib": 8.041015625, "peak_allocated_gib": 7.100478649139404, "gpu_time_budget": null, "module": "model.layers.5.mlp.down_proj", "step": 7040}
{"stage": "sequential-round-coordinate", "pid": 2308657, "time": 1789682393.925434, "cuda_visible_devices": "0", "allocated_gib": 5.225533962249756, "reserved_gib": 8.041015625, "peak_allocated_gib": 7.100478649139404, "gpu_time_budget": null, "module": "model.layers.5.mlp.down_proj", "step": 7168}
{"stage": "sequential-round-coordinate", "pid": 2308657, "time": 1789682394.3556998, "cuda_visible_devices": "0", "allocated_gib": 5.225533962249756, "reserved_gib": 8.041015625, "peak_allocated_gib": 7.100478649139404, "gpu_time_budget": null, "module": "model.layers.5.mlp.down_proj", "step": 7296}
{"stage": "sequential-round-coordinate", "pid": 2308657, "time": 1789682394.7868278, "cuda_visible_devices": "0", "allocated_gib": 5.225533962249756, "reserved_gib": 8.041015625, "peak_allocated_gib": 7.100478649139404, "gpu_time_budget": null, "module": "model.layers.5.mlp.down_proj", "step": 7424}
{"stage": "sequential-round-coordinate", "pid": 2308657, "time": 1789682395.223467, "cuda_visible_devices": "0", "allocated_gib": 5.225533962249756, "reserved_gib": 8.041015625, "peak_allocated_gib": 7.100478649139404, "gpu_time_budget": null, "module": "model.layers.5.mlp.down_proj", "step": 7552}
{"stage": "sequential-round-coordinate", "pid": 2308657, "time": 1789682395.6710105, "cuda_visible_devices": "0", "allocated_gib": 5.225533962249756, "reserved_gib": 8.041015625, "peak_allocated_gib": 7.100478649139404, "gpu_time_budget": null, "module": "model.layers.5.mlp.down_proj", "step": 7680}
{"stage": "sequential-round-coordinate", "pid": 2308657, "time": 1789682396.1056538, "cuda_visible_devices": "0", "allocated_gib": 5.225533962249756, "reserved_gib": 8.041015625, "peak_allocated_gib": 7.100478649139404, "gpu_time_budget": null, "module": "model.layers.5.mlp.down_proj", "step": 7808}
{"stage": "sequential-round-coordinate", "pid": 2308657, "time": 1789682396.547609, "cuda_visible_devices": "0", "allocated_gib": 5.225533962249756, "reserved_gib": 8.041015625, "peak_allocated_gib": 7.100478649139404, "gpu_time_budget": null, "module": "model.layers.5.mlp.down_proj", "step": 7936}
{"stage": "sequential-round-coordinate", "pid": 2308657, "time": 1789682396.981866, "cuda_visible_devices": "0", "allocated_gib": 5.225533962249756, "reserved_gib": 8.041015625, "peak_allocated_gib": 7.100478649139404, "gpu_time_budget": null, "module": "model.layers.5.mlp.down_proj", "step": 8064}
{"stage": "sequential-round-coordinate", "pid": 2308657, "time": 1789682397.474108, "cuda_visible_devices": "0", "allocated_gib": 5.225533962249756, "reserved_gib": 8.041015625, "peak_allocated_gib": 7.100478649139404, "gpu_time_budget": null, "module": "model.layers.5.mlp.down_proj", "step": 8192}
{"stage": "sequential-round-train-nll", "pid": 2308657, "time": 1789682397.524149, "cuda_visible_devices": "0", "allocated_gib": 3.795783519744873, "reserved_gib": 3.80078125, "peak_allocated_gib": 7.100478649139404, "gpu_time_budget": null, "module": "model.layers.5.mlp.down_proj", "step": 512}
Evaluation segment 1/1: start=0, windows=8, seqlen=2048
{"stage": "sequential-round-train-nll", "pid": 2308657, "time": 1789682399.2875156, "cuda_visible_devices": "0", "allocated_gib": 3.795783519744873, "reserved_gib": 5.791015625, "peak_allocated_gib": 7.100478649139404, "gpu_time_budget": null, "module": "model.layers.5.mlp.down_proj", "step": 2048}
Evaluation segment 1/1: start=0, windows=8, seqlen=2048
{"stage": "sequential-round-train-nll", "pid": 2308657, "time": 1789682401.1582181, "cuda_visible_devices": "0", "allocated_gib": 3.795783519744873, "reserved_gib": 5.791015625, "peak_allocated_gib": 7.100478649139404, "gpu_time_budget": null, "module": "model.layers.5.mlp.down_proj", "step": 8192}
Evaluation segment 1/1: start=0, windows=8, seqlen=2048
{"stage": "sequential-module-completed", "pid": 2308657, "time": 1789682403.0719907, "cuda_visible_devices": "0", "allocated_gib": 3.795783519744873, "reserved_gib": 5.791015625, "peak_allocated_gib": 7.100478649139404, "gpu_time_budget": null, "module": "model.layers.5.mlp.down_proj", "completed": 6, "total": 28, "selected_train_nll": 3.0269689859391318, "elapsed_seconds": 172.94492136407644}
{"stage": "sequential-round-fit", "pid": 2308657, "time": 1789682403.9968846, "cuda_visible_devices": "0", "allocated_gib": 3.795783519744873, "reserved_gib": 5.791015625, "peak_allocated_gib": 7.100478649139404, "gpu_time_budget": null, "module": "model.layers.6.mlp.down_proj", "fit_rows": 49152, "heldout_rows": 16384}
{"stage": "sequential-round-coordinate", "pid": 2308657, "time": 1789682404.6577344, "cuda_visible_devices": "0", "allocated_gib": 5.225533962249756, "reserved_gib": 8.041015625, "peak_allocated_gib": 7.100478649139404, "gpu_time_budget": null, "module": "model.layers.6.mlp.down_proj", "step": 128}
{"stage": "sequential-round-coordinate", "pid": 2308657, "time": 1789682405.0939686, "cuda_visible_devices": "0", "allocated_gib": 5.225533962249756, "reserved_gib": 8.041015625, "peak_allocated_gib": 7.100478649139404, "gpu_time_budget": null, "module": "model.layers.6.mlp.down_proj", "step": 256}
{"stage": "sequential-round-coordinate", "pid": 2308657, "time": 1789682405.5342178, "cuda_visible_devices": "0", "allocated_gib": 5.225533962249756, "reserved_gib": 8.041015625, "peak_allocated_gib": 7.100478649139404, "gpu_time_budget": null, "module": "model.layers.6.mlp.down_proj", "step": 384}
{"stage": "sequential-round-coordinate", "pid": 2308657, "time": 1789682406.0244792, "cuda_visible_devices": "0", "allocated_gib": 5.225533962249756, "reserved_gib": 8.041015625, "peak_allocated_gib": 7.100478649139404, "gpu_time_budget": null, "module": "model.layers.6.mlp.down_proj", "step": 512}
{"stage": "sequential-round-coordinate", "pid": 2308657, "time": 1789682406.4602017, "cuda_visible_devices": "0", "allocated_gib": 5.225533962249756, "reserved_gib": 8.041015625, "peak_allocated_gib": 7.100478649139404, "gpu_time_budget": null, "module": "model.layers.6.mlp.down_proj", "step": 640}
{"stage": "sequential-round-coordinate", "pid": 2308657, "time": 1789682406.896591, "cuda_visible_devices": "0", "allocated_gib": 5.225533962249756, "reserved_gib": 8.041015625, "peak_allocated_gib": 7.100478649139404, "gpu_time_budget": null, "module": "model.layers.6.mlp.down_proj", "step": 768}
{"stage": "sequential-round-coordinate", "pid": 2308657, "time": 1789682407.333317, "cuda_visible_devices": "0", "allocated_gib": 5.225533962249756, "reserved_gib": 8.041015625, "peak_allocated_gib": 7.100478649139404, "gpu_time_budget": null, "module": "model.layers.6.mlp.down_proj", "step": 896}
{"stage": "sequential-round-coordinate", "pid": 2308657, "time": 1789682407.7702441, "cuda_visible_devices": "0", "allocated_gib": 5.225533962249756, "reserved_gib": 8.041015625, "peak_allocated_gib": 7.100478649139404, "gpu_time_budget": null, "module": "model.layers.6.mlp.down_proj", "step": 1024}
{"stage": "sequential-round-coordinate", "pid": 2308657, "time": 1789682408.2058437, "cuda_visible_devices": "0", "allocated_gib": 5.225533962249756, "reserved_gib": 8.041015625, "peak_allocated_gib": 7.100478649139404, "gpu_time_budget": null, "module": "model.layers.6.mlp.down_proj", "step": 1152}
{"stage": "sequential-round-coordinate", "pid": 2308657, "time": 1789682408.6442542, "cuda_visible_devices": "0", "allocated_gib": 5.225533962249756, "reserved_gib": 8.041015625, "peak_allocated_gib": 7.100478649139404, "gpu_time_budget": null, "module": "model.layers.6.mlp.down_proj", "step": 1280}
{"stage": "sequential-round-coordinate", "pid": 2308657, "time": 1789682409.0822587, "cuda_visible_devices": "0", "allocated_gib": 5.225533962249756, "reserved_gib": 8.041015625, "peak_allocated_gib": 7.100478649139404, "gpu_time_budget": null, "module": "model.layers.6.mlp.down_proj", "step": 1408}
{"stage": "sequential-round-coordinate", "pid": 2308657, "time": 1789682409.5192478, "cuda_visible_devices": "0", "allocated_gib": 5.225533962249756, "reserved_gib": 8.041015625, "peak_allocated_gib": 7.100478649139404, "gpu_time_budget": null, "module": "model.layers.6.mlp.down_proj", "step": 1536}
{"stage": "sequential-round-coordinate", "pid": 2308657, "time": 1789682409.9541905, "cuda_visible_devices": "0", "allocated_gib": 5.225533962249756, "reserved_gib": 8.041015625, "peak_allocated_gib": 7.100478649139404, "gpu_time_budget": null, "module": "model.layers.6.mlp.down_proj", "step": 1664}
{"stage": "sequential-round-coordinate", "pid": 2308657, "time": 1789682410.3907866, "cuda_visible_devices": "0", "allocated_gib": 5.225533962249756, "reserved_gib": 8.041015625, "peak_allocated_gib": 7.100478649139404, "gpu_time_budget": null, "module": "model.layers.6.mlp.down_proj", "step": 1792}
{"stage": "sequential-round-coordinate", "pid": 2308657, "time": 1789682410.8265498, "cuda_visible_devices": "0", "allocated_gib": 5.225533962249756, "reserved_gib": 8.041015625, "peak_allocated_gib": 7.100478649139404, "gpu_time_budget": null, "module": "model.layers.6.mlp.down_proj", "step": 1920}
{"stage": "sequential-round-coordinate", "pid": 2308657, "time": 1789682411.3154786, "cuda_visible_devices": "0", "allocated_gib": 5.225533962249756, "reserved_gib": 8.041015625, "peak_allocated_gib": 7.100478649139404, "gpu_time_budget": null, "module": "model.layers.6.mlp.down_proj", "step": 2048}
{"stage": "sequential-round-coordinate", "pid": 2308657, "time": 1789682411.755777, "cuda_visible_devices": "0", "allocated_gib": 5.225533962249756, "reserved_gib": 8.041015625, "peak_allocated_gib": 7.100478649139404, "gpu_time_budget": null, "module": "model.layers.6.mlp.down_proj", "step": 2176}
{"stage": "sequential-round-coordinate", "pid": 2308657, "time": 1789682412.1916144, "cuda_visible_devices": "0", "allocated_gib": 5.225533962249756, "reserved_gib": 8.041015625, "peak_allocated_gib": 7.100478649139404, "gpu_time_budget": null, "module": "model.layers.6.mlp.down_proj", "step": 2304}
{"stage": "sequential-round-coordinate", "pid": 2308657, "time": 1789682412.6274571, "cuda_visible_devices": "0", "allocated_gib": 5.225533962249756, "reserved_gib": 8.041015625, "peak_allocated_gib": 7.100478649139404, "gpu_time_budget": null, "module": "model.layers.6.mlp.down_proj", "step": 2432}
{"stage": "sequential-round-coordinate", "pid": 2308657, "time": 1789682413.0645916, "cuda_visible_devices": "0", "allocated_gib": 5.225533962249756, "reserved_gib": 8.041015625, "peak_allocated_gib": 7.100478649139404, "gpu_time_budget": null, "module": "model.layers.6.mlp.down_proj", "step": 2560}
{"stage": "sequential-round-coordinate", "pid": 2308657, "time": 1789682413.500088, "cuda_visible_devices": "0", "allocated_gib": 5.225533962249756, "reserved_gib": 8.041015625, "peak_allocated_gib": 7.100478649139404, "gpu_time_budget": null, "module": "model.layers.6.mlp.down_proj", "step": 2688}
{"stage": "sequential-round-coordinate", "pid": 2308657, "time": 1789682413.9308639, "cuda_visible_devices": "0", "allocated_gib": 5.225533962249756, "reserved_gib": 8.041015625, "peak_allocated_gib": 7.100478649139404, "gpu_time_budget": null, "module": "model.layers.6.mlp.down_proj", "step": 2816}
{"stage": "sequential-round-coordinate", "pid": 2308657, "time": 1789682414.361218, "cuda_visible_devices": "0", "allocated_gib": 5.225533962249756, "reserved_gib": 8.041015625, "peak_allocated_gib": 7.100478649139404, "gpu_time_budget": null, "module": "model.layers.6.mlp.down_proj", "step": 2944}
{"stage": "sequential-round-coordinate", "pid": 2308657, "time": 1789682414.7927883, "cuda_visible_devices": "0", "allocated_gib": 5.225533962249756, "reserved_gib": 8.041015625, "peak_allocated_gib": 7.100478649139404, "gpu_time_budget": null, "module": "model.layers.6.mlp.down_proj", "step": 3072}
{"stage": "sequential-round-coordinate", "pid": 2308657, "time": 1789682415.2246273, "cuda_visible_devices": "0", "allocated_gib": 5.225533962249756, "reserved_gib": 8.041015625, "peak_allocated_gib": 7.100478649139404, "gpu_time_budget": null, "module": "model.layers.6.mlp.down_proj", "step": 3200}
{"stage": "sequential-round-coordinate", "pid": 2308657, "time": 1789682415.6567762, "cuda_visible_devices": "0", "allocated_gib": 5.225533962249756, "reserved_gib": 8.041015625, "peak_allocated_gib": 7.100478649139404, "gpu_time_budget": null, "module": "model.layers.6.mlp.down_proj", "step": 3328}
{"stage": "sequential-round-coordinate", "pid": 2308657, "time": 1789682416.09005, "cuda_visible_devices": "0", "allocated_gib": 5.225533962249756, "reserved_gib": 8.041015625, "peak_allocated_gib": 7.100478649139404, "gpu_time_budget": null, "module": "model.layers.6.mlp.down_proj", "step": 3456}
{"stage": "sequential-round-coordinate", "pid": 2308657, "time": 1789682416.5211232, "cuda_visible_devices": "0", "allocated_gib": 5.225533962249756, "reserved_gib": 8.041015625, "peak_allocated_gib": 7.100478649139404, "gpu_time_budget": null, "module": "model.layers.6.mlp.down_proj", "step": 3584}
{"stage": "sequential-round-coordinate", "pid": 2308657, "time": 1789682416.952545, "cuda_visible_devices": "0", "allocated_gib": 5.225533962249756, "reserved_gib": 8.041015625, "peak_allocated_gib": 7.100478649139404, "gpu_time_budget": null, "module": "model.layers.6.mlp.down_proj", "step": 3712}
{"stage": "sequential-round-coordinate", "pid": 2308657, "time": 1789682417.3846352, "cuda_visible_devices": "0", "allocated_gib": 5.225533962249756, "reserved_gib": 8.041015625, "peak_allocated_gib": 7.100478649139404, "gpu_time_budget": null, "module": "model.layers.6.mlp.down_proj", "step": 3840}
{"stage": "sequential-round-coordinate", "pid": 2308657, "time": 1789682417.8171272, "cuda_visible_devices": "0", "allocated_gib": 5.225533962249756, "reserved_gib": 8.041015625, "peak_allocated_gib": 7.100478649139404, "gpu_time_budget": null, "module": "model.layers.6.mlp.down_proj", "step": 3968}
{"stage": "sequential-round-coordinate", "pid": 2308657, "time": 1789682418.2504723, "cuda_visible_devices": "0", "allocated_gib": 5.225533962249756, "reserved_gib": 8.041015625, "peak_allocated_gib": 7.100478649139404, "gpu_time_budget": null, "module": "model.layers.6.mlp.down_proj", "step": 4096}
{"stage": "sequential-round-coordinate", "pid": 2308657, "time": 1789682418.6826081, "cuda_visible_devices": "0", "allocated_gib": 5.225533962249756, "reserved_gib": 8.041015625, "peak_allocated_gib": 7.100478649139404, "gpu_time_budget": null, "module": "model.layers.6.mlp.down_proj", "step": 4224}
{"stage": "sequential-round-coordinate", "pid": 2308657, "time": 1789682419.1140125, "cuda_visible_devices": "0", "allocated_gib": 5.225533962249756, "reserved_gib": 8.041015625, "peak_allocated_gib": 7.100478649139404, "gpu_time_budget": null, "module": "model.layers.6.mlp.down_proj", "step": 4352}
{"stage": "sequential-round-coordinate", "pid": 2308657, "time": 1789682419.5469246, "cuda_visible_devices": "0", "allocated_gib": 5.225533962249756, "reserved_gib": 8.041015625, "peak_allocated_gib": 7.100478649139404, "gpu_time_budget": null, "module": "model.layers.6.mlp.down_proj", "step": 4480}
{"stage": "sequential-round-coordinate", "pid": 2308657, "time": 1789682419.9795246, "cuda_visible_devices": "0", "allocated_gib": 5.225533962249756, "reserved_gib": 8.041015625, "peak_allocated_gib": 7.100478649139404, "gpu_time_budget": null, "module": "model.layers.6.mlp.down_proj", "step": 4608}
{"stage": "sequential-round-coordinate", "pid": 2308657, "time": 1789682420.412052, "cuda_visible_devices": "0", "allocated_gib": 5.225533962249756, "reserved_gib": 8.041015625, "peak_allocated_gib": 7.100478649139404, "gpu_time_budget": null, "module": "model.layers.6.mlp.down_proj", "step": 4736}
{"stage": "sequential-round-coordinate", "pid": 2308657, "time": 1789682420.8520646, "cuda_visible_devices": "0", "allocated_gib": 5.225533962249756, "reserved_gib": 8.041015625, "peak_allocated_gib": 7.100478649139404, "gpu_time_budget": null, "module": "model.layers.6.mlp.down_proj", "step": 4864}
{"stage": "sequential-round-coordinate", "pid": 2308657, "time": 1789682421.2936225, "cuda_visible_devices": "0", "allocated_gib": 5.225533962249756, "reserved_gib": 8.041015625, "peak_allocated_gib": 7.100478649139404, "gpu_time_budget": null, "module": "model.layers.6.mlp.down_proj", "step": 4992}
{"stage": "sequential-round-coordinate", "pid": 2308657, "time": 1789682421.73604, "cuda_visible_devices": "0", "allocated_gib": 5.225533962249756, "reserved_gib": 8.041015625, "peak_allocated_gib": 7.100478649139404, "gpu_time_budget": null, "module": "model.layers.6.mlp.down_proj", "step": 5120}
{"stage": "sequential-round-coordinate", "pid": 2308657, "time": 1789682422.1768582, "cuda_visible_devices": "0", "allocated_gib": 5.225533962249756, "reserved_gib": 8.041015625, "peak_allocated_gib": 7.100478649139404, "gpu_time_budget": null, "module": "model.layers.6.mlp.down_proj", "step": 5248}
{"stage": "sequential-round-coordinate", "pid": 2308657, "time": 1789682422.618514, "cuda_visible_devices": "0", "allocated_gib": 5.225533962249756, "reserved_gib": 8.041015625, "peak_allocated_gib": 7.100478649139404, "gpu_time_budget": null, "module": "model.layers.6.mlp.down_proj", "step": 5376}
{"stage": "sequential-round-coordinate", "pid": 2308657, "time": 1789682423.0594397, "cuda_visible_devices": "0", "allocated_gib": 5.225533962249756, "reserved_gib": 8.041015625, "peak_allocated_gib": 7.100478649139404, "gpu_time_budget": null, "module": "model.layers.6.mlp.down_proj", "step": 5504}
{"stage": "sequential-round-coordinate", "pid": 2308657, "time": 1789682423.5006886, "cuda_visible_devices": "0", "allocated_gib": 5.225533962249756, "reserved_gib": 8.041015625, "peak_allocated_gib": 7.100478649139404, "gpu_time_budget": null, "module": "model.layers.6.mlp.down_proj", "step": 5632}
{"stage": "sequential-round-coordinate", "pid": 2308657, "time": 1789682423.9419436, "cuda_visible_devices": "0", "allocated_gib": 5.225533962249756, "reserved_gib": 8.041015625, "peak_allocated_gib": 7.100478649139404, "gpu_time_budget": null, "module": "model.layers.6.mlp.down_proj", "step": 5760}
{"stage": "sequential-round-coordinate", "pid": 2308657, "time": 1789682424.3836045, "cuda_visible_devices": "0", "allocated_gib": 5.225533962249756, "reserved_gib": 8.041015625, "peak_allocated_gib": 7.100478649139404, "gpu_time_budget": null, "module": "model.layers.6.mlp.down_proj", "step": 5888}
{"stage": "sequential-round-coordinate", "pid": 2308657, "time": 1789682424.827073, "cuda_visible_devices": "0", "allocated_gib": 5.225533962249756, "reserved_gib": 8.041015625, "peak_allocated_gib": 7.100478649139404, "gpu_time_budget": null, "module": "model.layers.6.mlp.down_proj", "step": 6016}
{"stage": "sequential-round-coordinate", "pid": 2308657, "time": 1789682425.2655578, "cuda_visible_devices": "0", "allocated_gib": 5.225533962249756, "reserved_gib": 8.041015625, "peak_allocated_gib": 7.100478649139404, "gpu_time_budget": null, "module": "model.layers.6.mlp.down_proj", "step": 6144}
{"stage": "sequential-round-coordinate", "pid": 2308657, "time": 1789682425.7049906, "cuda_visible_devices": "0", "allocated_gib": 5.225533962249756, "reserved_gib": 8.041015625, "peak_allocated_gib": 7.100478649139404, "gpu_time_budget": null, "module": "model.layers.6.mlp.down_proj", "step": 6272}
{"stage": "sequential-round-coordinate", "pid": 2308657, "time": 1789682426.1435857, "cuda_visible_devices": "0", "allocated_gib": 5.225533962249756, "reserved_gib": 8.041015625, "peak_allocated_gib": 7.100478649139404, "gpu_time_budget": null, "module": "model.layers.6.mlp.down_proj", "step": 6400}
{"stage": "sequential-round-coordinate", "pid": 2308657, "time": 1789682426.586525, "cuda_visible_devices": "0", "allocated_gib": 5.225533962249756, "reserved_gib": 8.041015625, "peak_allocated_gib": 7.100478649139404, "gpu_time_budget": null, "module": "model.layers.6.mlp.down_proj", "step": 6528}
{"stage": "sequential-round-coordinate", "pid": 2308657, "time": 1789682427.0247371, "cuda_visible_devices": "0", "allocated_gib": 5.225533962249756, "reserved_gib": 8.041015625, "peak_allocated_gib": 7.100478649139404, "gpu_time_budget": null, "module": "model.layers.6.mlp.down_proj", "step": 6656}
{"stage": "sequential-round-coordinate", "pid": 2308657, "time": 1789682427.46535, "cuda_visible_devices": "0", "allocated_gib": 5.225533962249756, "reserved_gib": 8.041015625, "peak_allocated_gib": 7.100478649139404, "gpu_time_budget": null, "module": "model.layers.6.mlp.down_proj", "step": 6784}
{"stage": "sequential-round-coordinate", "pid": 2308657, "time": 1789682427.904542, "cuda_visible_devices": "0", "allocated_gib": 5.225533962249756, "reserved_gib": 8.041015625, "peak_allocated_gib": 7.100478649139404, "gpu_time_budget": null, "module": "model.layers.6.mlp.down_proj", "step": 6912}
{"stage": "sequential-round-coordinate", "pid": 2308657, "time": 1789682428.337617, "cuda_visible_devices": "0", "allocated_gib": 5.225533962249756, "reserved_gib": 8.041015625, "peak_allocated_gib": 7.100478649139404, "gpu_time_budget": null, "module": "model.layers.6.mlp.down_proj", "step": 7040}
{"stage": "sequential-round-coordinate", "pid": 2308657, "time": 1789682428.7693758, "cuda_visible_devices": "0", "allocated_gib": 5.225533962249756, "reserved_gib": 8.041015625, "peak_allocated_gib": 7.100478649139404, "gpu_time_budget": null, "module": "model.layers.6.mlp.down_proj", "step": 7168}
{"stage": "sequential-round-coordinate", "pid": 2308657, "time": 1789682429.2006059, "cuda_visible_devices": "0", "allocated_gib": 5.225533962249756, "reserved_gib": 8.041015625, "peak_allocated_gib": 7.100478649139404, "gpu_time_budget": null, "module": "model.layers.6.mlp.down_proj", "step": 7296}
{"stage": "sequential-round-coordinate", "pid": 2308657, "time": 1789682429.6342676, "cuda_visible_devices": "0", "allocated_gib": 5.225533962249756, "reserved_gib": 8.041015625, "peak_allocated_gib": 7.100478649139404, "gpu_time_budget": null, "module": "model.layers.6.mlp.down_proj", "step": 7424}
{"stage": "sequential-round-coordinate", "pid": 2308657, "time": 1789682430.0685658, "cuda_visible_devices": "0", "allocated_gib": 5.225533962249756, "reserved_gib": 8.041015625, "peak_allocated_gib": 7.100478649139404, "gpu_time_budget": null, "module": "model.layers.6.mlp.down_proj", "step": 7552}
{"stage": "sequential-round-coordinate", "pid": 2308657, "time": 1789682430.503354, "cuda_visible_devices": "0", "allocated_gib": 5.225533962249756, "reserved_gib": 8.041015625, "peak_allocated_gib": 7.100478649139404, "gpu_time_budget": null, "module": "model.layers.6.mlp.down_proj", "step": 7680}
{"stage": "sequential-round-coordinate", "pid": 2308657, "time": 1789682430.93665, "cuda_visible_devices": "0", "allocated_gib": 5.225533962249756, "reserved_gib": 8.041015625, "peak_allocated_gib": 7.100478649139404, "gpu_time_budget": null, "module": "model.layers.6.mlp.down_proj", "step": 7808}
{"stage": "sequential-round-coordinate", "pid": 2308657, "time": 1789682431.3696787, "cuda_visible_devices": "0", "allocated_gib": 5.225533962249756, "reserved_gib": 8.041015625, "peak_allocated_gib": 7.100478649139404, "gpu_time_budget": null, "module": "model.layers.6.mlp.down_proj", "step": 7936}
{"stage": "sequential-round-coordinate", "pid": 2308657, "time": 1789682431.8045688, "cuda_visible_devices": "0", "allocated_gib": 5.225533962249756, "reserved_gib": 8.041015625, "peak_allocated_gib": 7.100478649139404, "gpu_time_budget": null, "module": "model.layers.6.mlp.down_proj", "step": 8064}
{"stage": "sequential-round-coordinate", "pid": 2308657, "time": 1789682432.289258, "cuda_visible_devices": "0", "allocated_gib": 5.225533962249756, "reserved_gib": 8.041015625, "peak_allocated_gib": 7.100478649139404, "gpu_time_budget": null, "module": "model.layers.6.mlp.down_proj", "step": 8192}
{"stage": "sequential-round-train-nll", "pid": 2308657, "time": 1789682432.3375742, "cuda_visible_devices": "0", "allocated_gib": 3.795783519744873, "reserved_gib": 3.80078125, "peak_allocated_gib": 7.100478649139404, "gpu_time_budget": null, "module": "model.layers.6.mlp.down_proj", "step": 512}
Evaluation segment 1/1: start=0, windows=8, seqlen=2048
{"stage": "sequential-round-train-nll", "pid": 2308657, "time": 1789682434.106619, "cuda_visible_devices": "0", "allocated_gib": 3.795783519744873, "reserved_gib": 5.791015625, "peak_allocated_gib": 7.100478649139404, "gpu_time_budget": null, "module": "model.layers.6.mlp.down_proj", "step": 2048}
Evaluation segment 1/1: start=0, windows=8, seqlen=2048
{"stage": "sequential-round-train-nll", "pid": 2308657, "time": 1789682435.931238, "cuda_visible_devices": "0", "allocated_gib": 3.795783519744873, "reserved_gib": 5.791015625, "peak_allocated_gib": 7.100478649139404, "gpu_time_budget": null, "module": "model.layers.6.mlp.down_proj", "step": 8192}
Evaluation segment 1/1: start=0, windows=8, seqlen=2048
{"stage": "sequential-module-completed", "pid": 2308657, "time": 1789682437.8769183, "cuda_visible_devices": "0", "allocated_gib": 3.795783519744873, "reserved_gib": 5.791015625, "peak_allocated_gib": 7.100478649139404, "gpu_time_budget": null, "module": "model.layers.6.mlp.down_proj", "completed": 7, "total": 28, "selected_train_nll": 3.0269689859391318, "elapsed_seconds": 207.74984185001813}
{"stage": "sequential-round-fit", "pid": 2308657, "time": 1789682438.881963, "cuda_visible_devices": "0", "allocated_gib": 3.795783519744873, "reserved_gib": 5.791015625, "peak_allocated_gib": 7.100478649139404, "gpu_time_budget": null, "module": "model.layers.7.mlp.down_proj", "fit_rows": 49152, "heldout_rows": 16384}
{"stage": "sequential-round-coordinate", "pid": 2308657, "time": 1789682439.520273, "cuda_visible_devices": "0", "allocated_gib": 5.225533962249756, "reserved_gib": 8.041015625, "peak_allocated_gib": 7.100478649139404, "gpu_time_budget": null, "module": "model.layers.7.mlp.down_proj", "step": 128}
{"stage": "sequential-round-coordinate", "pid": 2308657, "time": 1789682439.9581609, "cuda_visible_devices": "0", "allocated_gib": 5.225533962249756, "reserved_gib": 8.041015625, "peak_allocated_gib": 7.100478649139404, "gpu_time_budget": null, "module": "model.layers.7.mlp.down_proj", "step": 256}
{"stage": "sequential-round-coordinate", "pid": 2308657, "time": 1789682440.3963554, "cuda_visible_devices": "0", "allocated_gib": 5.225533962249756, "reserved_gib": 8.041015625, "peak_allocated_gib": 7.100478649139404, "gpu_time_budget": null, "module": "model.layers.7.mlp.down_proj", "step": 384}
{"stage": "sequential-round-coordinate", "pid": 2308657, "time": 1789682440.889037, "cuda_visible_devices": "0", "allocated_gib": 5.225533962249756, "reserved_gib": 8.041015625, "peak_allocated_gib": 7.100478649139404, "gpu_time_budget": null, "module": "model.layers.7.mlp.down_proj", "step": 512}
{"stage": "sequential-round-coordinate", "pid": 2308657, "time": 1789682441.3236518, "cuda_visible_devices": "0", "allocated_gib": 5.225533962249756, "reserved_gib": 8.041015625, "peak_allocated_gib": 7.100478649139404, "gpu_time_budget": null, "module": "model.layers.7.mlp.down_proj", "step": 640}
{"stage": "sequential-round-coordinate", "pid": 2308657, "time": 1789682441.759288, "cuda_visible_devices": "0", "allocated_gib": 5.225533962249756, "reserved_gib": 8.041015625, "peak_allocated_gib": 7.100478649139404, "gpu_time_budget": null, "module": "model.layers.7.mlp.down_proj", "step": 768}
{"stage": "sequential-round-coordinate", "pid": 2308657, "time": 1789682442.1961763, "cuda_visible_devices": "0", "allocated_gib": 5.225533962249756, "reserved_gib": 8.041015625, "peak_allocated_gib": 7.100478649139404, "gpu_time_budget": null, "module": "model.layers.7.mlp.down_proj", "step": 896}
{"stage": "sequential-round-coordinate", "pid": 2308657, "time": 1789682442.6351078, "cuda_visible_devices": "0", "allocated_gib": 5.225533962249756, "reserved_gib": 8.041015625, "peak_allocated_gib": 7.100478649139404, "gpu_time_budget": null, "module": "model.layers.7.mlp.down_proj", "step": 1024}
{"stage": "sequential-round-coordinate", "pid": 2308657, "time": 1789682443.0728078, "cuda_visible_devices": "0", "allocated_gib": 5.225533962249756, "reserved_gib": 8.041015625, "peak_allocated_gib": 7.100478649139404, "gpu_time_budget": null, "module": "model.layers.7.mlp.down_proj", "step": 1152}
{"stage": "sequential-round-coordinate", "pid": 2308657, "time": 1789682443.5103006, "cuda_visible_devices": "0", "allocated_gib": 5.225533962249756, "reserved_gib": 8.041015625, "peak_allocated_gib": 7.100478649139404, "gpu_time_budget": null, "module": "model.layers.7.mlp.down_proj", "step": 1280}
{"stage": "sequential-round-coordinate", "pid": 2308657, "time": 1789682443.9538395, "cuda_visible_devices": "0", "allocated_gib": 5.225533962249756, "reserved_gib": 8.041015625, "peak_allocated_gib": 7.100478649139404, "gpu_time_budget": null, "module": "model.layers.7.mlp.down_proj", "step": 1408}
{"stage": "sequential-round-coordinate", "pid": 2308657, "time": 1789682444.3964438, "cuda_visible_devices": "0", "allocated_gib": 5.225533962249756, "reserved_gib": 8.041015625, "peak_allocated_gib": 7.100478649139404, "gpu_time_budget": null, "module": "model.layers.7.mlp.down_proj", "step": 1536}
{"stage": "sequential-round-coordinate", "pid": 2308657, "time": 1789682444.8360317, "cuda_visible_devices": "0", "allocated_gib": 5.225533962249756, "reserved_gib": 8.041015625, "peak_allocated_gib": 7.100478649139404, "gpu_time_budget": null, "module": "model.layers.7.mlp.down_proj", "step": 1664}
{"stage": "sequential-round-coordinate", "pid": 2308657, "time": 1789682445.274516, "cuda_visible_devices": "0", "allocated_gib": 5.225533962249756, "reserved_gib": 8.041015625, "peak_allocated_gib": 7.100478649139404, "gpu_time_budget": null, "module": "model.layers.7.mlp.down_proj", "step": 1792}
{"stage": "sequential-round-coordinate", "pid": 2308657, "time": 1789682445.7109983, "cuda_visible_devices": "0", "allocated_gib": 5.225533962249756, "reserved_gib": 8.041015625, "peak_allocated_gib": 7.100478649139404, "gpu_time_budget": null, "module": "model.layers.7.mlp.down_proj", "step": 1920}
{"stage": "sequential-round-coordinate", "pid": 2308657, "time": 1789682446.1997252, "cuda_visible_devices": "0", "allocated_gib": 5.225533962249756, "reserved_gib": 8.041015625, "peak_allocated_gib": 7.100478649139404, "gpu_time_budget": null, "module": "model.layers.7.mlp.down_proj", "step": 2048}
{"stage": "sequential-round-coordinate", "pid": 2308657, "time": 1789682446.641823, "cuda_visible_devices": "0", "allocated_gib": 5.225533962249756, "reserved_gib": 8.041015625, "peak_allocated_gib": 7.100478649139404, "gpu_time_budget": null, "module": "model.layers.7.mlp.down_proj", "step": 2176}
{"stage": "sequential-round-coordinate", "pid": 2308657, "time": 1789682447.0814352, "cuda_visible_devices": "0", "allocated_gib": 5.225533962249756, "reserved_gib": 8.041015625, "peak_allocated_gib": 7.100478649139404, "gpu_time_budget": null, "module": "model.layers.7.mlp.down_proj", "step": 2304}
{"stage": "sequential-round-coordinate", "pid": 2308657, "time": 1789682447.517802, "cuda_visible_devices": "0", "allocated_gib": 5.225533962249756, "reserved_gib": 8.041015625, "peak_allocated_gib": 7.100478649139404, "gpu_time_budget": null, "module": "model.layers.7.mlp.down_proj", "step": 2432}
{"stage": "sequential-round-coordinate", "pid": 2308657, "time": 1789682447.9558175, "cuda_visible_devices": "0", "allocated_gib": 5.225533962249756, "reserved_gib": 8.041015625, "peak_allocated_gib": 7.100478649139404, "gpu_time_budget": null, "module": "model.layers.7.mlp.down_proj", "step": 2560}
{"stage": "sequential-round-coordinate", "pid": 2308657, "time": 1789682448.392359, "cuda_visible_devices": "0", "allocated_gib": 5.225533962249756, "reserved_gib": 8.041015625, "peak_allocated_gib": 7.100478649139404, "gpu_time_budget": null, "module": "model.layers.7.mlp.down_proj", "step": 2688}
{"stage": "sequential-round-coordinate", "pid": 2308657, "time": 1789682448.8303814, "cuda_visible_devices": "0", "allocated_gib": 5.225533962249756, "reserved_gib": 8.041015625, "peak_allocated_gib": 7.100478649139404, "gpu_time_budget": null, "module": "model.layers.7.mlp.down_proj", "step": 2816}
{"stage": "sequential-round-coordinate", "pid": 2308657, "time": 1789682449.2757745, "cuda_visible_devices": "0", "allocated_gib": 5.225533962249756, "reserved_gib": 8.041015625, "peak_allocated_gib": 7.100478649139404, "gpu_time_budget": null, "module": "model.layers.7.mlp.down_proj", "step": 2944}
{"stage": "sequential-round-coordinate", "pid": 2308657, "time": 1789682449.711178, "cuda_visible_devices": "0", "allocated_gib": 5.225533962249756, "reserved_gib": 8.041015625, "peak_allocated_gib": 7.100478649139404, "gpu_time_budget": null, "module": "model.layers.7.mlp.down_proj", "step": 3072}
{"stage": "sequential-round-coordinate", "pid": 2308657, "time": 1789682450.1466134, "cuda_visible_devices": "0", "allocated_gib": 5.225533962249756, "reserved_gib": 8.041015625, "peak_allocated_gib": 7.100478649139404, "gpu_time_budget": null, "module": "model.layers.7.mlp.down_proj", "step": 3200}
{"stage": "sequential-round-coordinate", "pid": 2308657, "time": 1789682450.5841367, "cuda_visible_devices": "0", "allocated_gib": 5.225533962249756, "reserved_gib": 8.041015625, "peak_allocated_gib": 7.100478649139404, "gpu_time_budget": null, "module": "model.layers.7.mlp.down_proj", "step": 3328}
{"stage": "sequential-round-coordinate", "pid": 2308657, "time": 1789682451.0167146, "cuda_visible_devices": "0", "allocated_gib": 5.225533962249756, "reserved_gib": 8.041015625, "peak_allocated_gib": 7.100478649139404, "gpu_time_budget": null, "module": "model.layers.7.mlp.down_proj", "step": 3456}
{"stage": "sequential-round-coordinate", "pid": 2308657, "time": 1789682451.4478176, "cuda_visible_devices": "0", "allocated_gib": 5.225533962249756, "reserved_gib": 8.041015625, "peak_allocated_gib": 7.100478649139404, "gpu_time_budget": null, "module": "model.layers.7.mlp.down_proj", "step": 3584}
{"stage": "sequential-round-coordinate", "pid": 2308657, "time": 1789682451.8786175, "cuda_visible_devices": "0", "allocated_gib": 5.225533962249756, "reserved_gib": 8.041015625, "peak_allocated_gib": 7.100478649139404, "gpu_time_budget": null, "module": "model.layers.7.mlp.down_proj", "step": 3712}
{"stage": "sequential-round-coordinate", "pid": 2308657, "time": 1789682452.3114152, "cuda_visible_devices": "0", "allocated_gib": 5.225533962249756, "reserved_gib": 8.041015625, "peak_allocated_gib": 7.100478649139404, "gpu_time_budget": null, "module": "model.layers.7.mlp.down_proj", "step": 3840}
{"stage": "sequential-round-coordinate", "pid": 2308657, "time": 1789682452.7430162, "cuda_visible_devices": "0", "allocated_gib": 5.225533962249756, "reserved_gib": 8.041015625, "peak_allocated_gib": 7.100478649139404, "gpu_time_budget": null, "module": "model.layers.7.mlp.down_proj", "step": 3968}
{"stage": "sequential-round-coordinate", "pid": 2308657, "time": 1789682453.1771023, "cuda_visible_devices": "0", "allocated_gib": 5.225533962249756, "reserved_gib": 8.041015625, "peak_allocated_gib": 7.100478649139404, "gpu_time_budget": null, "module": "model.layers.7.mlp.down_proj", "step": 4096}
{"stage": "sequential-round-coordinate", "pid": 2308657, "time": 1789682453.6086836, "cuda_visible_devices": "0", "allocated_gib": 5.225533962249756, "reserved_gib": 8.041015625, "peak_allocated_gib": 7.100478649139404, "gpu_time_budget": null, "module": "model.layers.7.mlp.down_proj", "step": 4224}
{"stage": "sequential-round-coordinate", "pid": 2308657, "time": 1789682454.0422747, "cuda_visible_devices": "0", "allocated_gib": 5.225533962249756, "reserved_gib": 8.041015625, "peak_allocated_gib": 7.100478649139404, "gpu_time_budget": null, "module": "model.layers.7.mlp.down_proj", "step": 4352}
{"stage": "sequential-round-coordinate", "pid": 2308657, "time": 1789682454.4742281, "cuda_visible_devices": "0", "allocated_gib": 5.225533962249756, "reserved_gib": 8.041015625, "peak_allocated_gib": 7.100478649139404, "gpu_time_budget": null, "module": "model.layers.7.mlp.down_proj", "step": 4480}
{"stage": "sequential-round-coordinate", "pid": 2308657, "time": 1789682454.9051008, "cuda_visible_devices": "0", "allocated_gib": 5.225533962249756, "reserved_gib": 8.041015625, "peak_allocated_gib": 7.100478649139404, "gpu_time_budget": null, "module": "model.layers.7.mlp.down_proj", "step": 4608}
{"stage": "sequential-round-coordinate", "pid": 2308657, "time": 1789682455.3378568, "cuda_visible_devices": "0", "allocated_gib": 5.225533962249756, "reserved_gib": 8.041015625, "peak_allocated_gib": 7.100478649139404, "gpu_time_budget": null, "module": "model.layers.7.mlp.down_proj", "step": 4736}
{"stage": "sequential-round-coordinate", "pid": 2308657, "time": 1789682455.7688308, "cuda_visible_devices": "0", "allocated_gib": 5.225533962249756, "reserved_gib": 8.041015625, "peak_allocated_gib": 7.100478649139404, "gpu_time_budget": null, "module": "model.layers.7.mlp.down_proj", "step": 4864}
{"stage": "sequential-round-coordinate", "pid": 2308657, "time": 1789682456.2000608, "cuda_visible_devices": "0", "allocated_gib": 5.225533962249756, "reserved_gib": 8.041015625, "peak_allocated_gib": 7.100478649139404, "gpu_time_budget": null, "module": "model.layers.7.mlp.down_proj", "step": 4992}
{"stage": "sequential-round-coordinate", "pid": 2308657, "time": 1789682456.6359406, "cuda_visible_devices": "0", "allocated_gib": 5.225533962249756, "reserved_gib": 8.041015625, "peak_allocated_gib": 7.100478649139404, "gpu_time_budget": null, "module": "model.layers.7.mlp.down_proj", "step": 5120}
{"stage": "sequential-round-coordinate", "pid": 2308657, "time": 1789682457.0700827, "cuda_visible_devices": "0", "allocated_gib": 5.225533962249756, "reserved_gib": 8.041015625, "peak_allocated_gib": 7.100478649139404, "gpu_time_budget": null, "module": "model.layers.7.mlp.down_proj", "step": 5248}
{"stage": "sequential-round-coordinate", "pid": 2308657, "time": 1789682457.5026155, "cuda_visible_devices": "0", "allocated_gib": 5.225533962249756, "reserved_gib": 8.041015625, "peak_allocated_gib": 7.100478649139404, "gpu_time_budget": null, "module": "model.layers.7.mlp.down_proj", "step": 5376}
{"stage": "sequential-round-coordinate", "pid": 2308657, "time": 1789682457.936182, "cuda_visible_devices": "0", "allocated_gib": 5.225533962249756, "reserved_gib": 8.041015625, "peak_allocated_gib": 7.100478649139404, "gpu_time_budget": null, "module": "model.layers.7.mlp.down_proj", "step": 5504}
{"stage": "sequential-round-coordinate", "pid": 2308657, "time": 1789682458.370031, "cuda_visible_devices": "0", "allocated_gib": 5.225533962249756, "reserved_gib": 8.041015625, "peak_allocated_gib": 7.100478649139404, "gpu_time_budget": null, "module": "model.layers.7.mlp.down_proj", "step": 5632}
{"stage": "sequential-round-coordinate", "pid": 2308657, "time": 1789682458.8016706, "cuda_visible_devices": "0", "allocated_gib": 5.225533962249756, "reserved_gib": 8.041015625, "peak_allocated_gib": 7.100478649139404, "gpu_time_budget": null, "module": "model.layers.7.mlp.down_proj", "step": 5760}
{"stage": "sequential-round-coordinate", "pid": 2308657, "time": 1789682459.2322636, "cuda_visible_devices": "0", "allocated_gib": 5.225533962249756, "reserved_gib": 8.041015625, "peak_allocated_gib": 7.100478649139404, "gpu_time_budget": null, "module": "model.layers.7.mlp.down_proj", "step": 5888}
{"stage": "sequential-round-coordinate", "pid": 2308657, "time": 1789682459.665254, "cuda_visible_devices": "0", "allocated_gib": 5.225533962249756, "reserved_gib": 8.041015625, "peak_allocated_gib": 7.100478649139404, "gpu_time_budget": null, "module": "model.layers.7.mlp.down_proj", "step": 6016}
{"stage": "sequential-round-coordinate", "pid": 2308657, "time": 1789682460.0975392, "cuda_visible_devices": "0", "allocated_gib": 5.225533962249756, "reserved_gib": 8.041015625, "peak_allocated_gib": 7.100478649139404, "gpu_time_budget": null, "module": "model.layers.7.mlp.down_proj", "step": 6144}
{"stage": "sequential-round-coordinate", "pid": 2308657, "time": 1789682460.528659, "cuda_visible_devices": "0", "allocated_gib": 5.225533962249756, "reserved_gib": 8.041015625, "peak_allocated_gib": 7.100478649139404, "gpu_time_budget": null, "module": "model.layers.7.mlp.down_proj", "step": 6272}
{"stage": "sequential-round-coordinate", "pid": 2308657, "time": 1789682460.9610388, "cuda_visible_devices": "0", "allocated_gib": 5.225533962249756, "reserved_gib": 8.041015625, "peak_allocated_gib": 7.100478649139404, "gpu_time_budget": null, "module": "model.layers.7.mlp.down_proj", "step": 6400}
{"stage": "sequential-round-coordinate", "pid": 2308657, "time": 1789682461.3918803, "cuda_visible_devices": "0", "allocated_gib": 5.225533962249756, "reserved_gib": 8.041015625, "peak_allocated_gib": 7.100478649139404, "gpu_time_budget": null, "module": "model.layers.7.mlp.down_proj", "step": 6528}
{"stage": "sequential-round-coordinate", "pid": 2308657, "time": 1789682461.8261137, "cuda_visible_devices": "0", "allocated_gib": 5.225533962249756, "reserved_gib": 8.041015625, "peak_allocated_gib": 7.100478649139404, "gpu_time_budget": null, "module": "model.layers.7.mlp.down_proj", "step": 6656}
{"stage": "sequential-round-coordinate", "pid": 2308657, "time": 1789682462.258967, "cuda_visible_devices": "0", "allocated_gib": 5.225533962249756, "reserved_gib": 8.041015625, "peak_allocated_gib": 7.100478649139404, "gpu_time_budget": null, "module": "model.layers.7.mlp.down_proj", "step": 6784}
{"stage": "sequential-round-coordinate", "pid": 2308657, "time": 1789682462.6897624, "cuda_visible_devices": "0", "allocated_gib": 5.225533962249756, "reserved_gib": 8.041015625, "peak_allocated_gib": 7.100478649139404, "gpu_time_budget": null, "module": "model.layers.7.mlp.down_proj", "step": 6912}
{"stage": "sequential-round-coordinate", "pid": 2308657, "time": 1789682463.1223984, "cuda_visible_devices": "0", "allocated_gib": 5.225533962249756, "reserved_gib": 8.041015625, "peak_allocated_gib": 7.100478649139404, "gpu_time_budget": null, "module": "model.layers.7.mlp.down_proj", "step": 7040}
{"stage": "sequential-round-coordinate", "pid": 2308657, "time": 1789682463.554366, "cuda_visible_devices": "0", "allocated_gib": 5.225533962249756, "reserved_gib": 8.041015625, "peak_allocated_gib": 7.100478649139404, "gpu_time_budget": null, "module": "model.layers.7.mlp.down_proj", "step": 7168}
{"stage": "sequential-round-coordinate", "pid": 2308657, "time": 1789682463.9869406, "cuda_visible_devices": "0", "allocated_gib": 5.225533962249756, "reserved_gib": 8.041015625, "peak_allocated_gib": 7.100478649139404, "gpu_time_budget": null, "module": "model.layers.7.mlp.down_proj", "step": 7296}
{"stage": "sequential-round-coordinate", "pid": 2308657, "time": 1789682464.419272, "cuda_visible_devices": "0", "allocated_gib": 5.225533962249756, "reserved_gib": 8.041015625, "peak_allocated_gib": 7.100478649139404, "gpu_time_budget": null, "module": "model.layers.7.mlp.down_proj", "step": 7424}
{"stage": "sequential-round-coordinate", "pid": 2308657, "time": 1789682464.8549023, "cuda_visible_devices": "0", "allocated_gib": 5.225533962249756, "reserved_gib": 8.041015625, "peak_allocated_gib": 7.100478649139404, "gpu_time_budget": null, "module": "model.layers.7.mlp.down_proj", "step": 7552}
{"stage": "sequential-round-coordinate", "pid": 2308657, "time": 1789682465.2917633, "cuda_visible_devices": "0", "allocated_gib": 5.225533962249756, "reserved_gib": 8.041015625, "peak_allocated_gib": 7.100478649139404, "gpu_time_budget": null, "module": "model.layers.7.mlp.down_proj", "step": 7680}
{"stage": "sequential-round-coordinate", "pid": 2308657, "time": 1789682465.7294648, "cuda_visible_devices": "0", "allocated_gib": 5.225533962249756, "reserved_gib": 8.041015625, "peak_allocated_gib": 7.100478649139404, "gpu_time_budget": null, "module": "model.layers.7.mlp.down_proj", "step": 7808}
{"stage": "sequential-round-coordinate", "pid": 2308657, "time": 1789682466.1585302, "cuda_visible_devices": "0", "allocated_gib": 5.225533962249756, "reserved_gib": 8.041015625, "peak_allocated_gib": 7.100478649139404, "gpu_time_budget": null, "module": "model.layers.7.mlp.down_proj", "step": 7936}
{"stage": "sequential-round-coordinate", "pid": 2308657, "time": 1789682466.5983782, "cuda_visible_devices": "0", "allocated_gib": 5.225533962249756, "reserved_gib": 8.041015625, "peak_allocated_gib": 7.100478649139404, "gpu_time_budget": null, "module": "model.layers.7.mlp.down_proj", "step": 8064}
{"stage": "sequential-round-coordinate", "pid": 2308657, "time": 1789682467.081074, "cuda_visible_devices": "0", "allocated_gib": 5.225533962249756, "reserved_gib": 8.041015625, "peak_allocated_gib": 7.100478649139404, "gpu_time_budget": null, "module": "model.layers.7.mlp.down_proj", "step": 8192}
{"stage": "sequential-round-train-nll", "pid": 2308657, "time": 1789682467.1242943, "cuda_visible_devices": "0", "allocated_gib": 3.795783519744873, "reserved_gib": 3.80078125, "peak_allocated_gib": 7.100478649139404, "gpu_time_budget": null, "module": "model.layers.7.mlp.down_proj", "step": 512}
Evaluation segment 1/1: start=0, windows=8, seqlen=2048
{"stage": "sequential-round-train-nll", "pid": 2308657, "time": 1789682468.8638864, "cuda_visible_devices": "0", "allocated_gib": 3.795783519744873, "reserved_gib": 5.791015625, "peak_allocated_gib": 7.100478649139404, "gpu_time_budget": null, "module": "model.layers.7.mlp.down_proj", "step": 2048}
Evaluation segment 1/1: start=0, windows=8, seqlen=2048
{"stage": "sequential-round-train-nll", "pid": 2308657, "time": 1789682470.5848248, "cuda_visible_devices": "0", "allocated_gib": 3.795783519744873, "reserved_gib": 5.791015625, "peak_allocated_gib": 7.100478649139404, "gpu_time_budget": null, "module": "model.layers.7.mlp.down_proj", "step": 8192}
Evaluation segment 1/1: start=0, windows=8, seqlen=2048
{"stage": "sequential-module-completed", "pid": 2308657, "time": 1789682472.4172635, "cuda_visible_devices": "0", "allocated_gib": 3.795783519744873, "reserved_gib": 5.791015625, "peak_allocated_gib": 7.100478649139404, "gpu_time_budget": null, "module": "model.layers.7.mlp.down_proj", "completed": 8, "total": 28, "selected_train_nll": 3.0269689859391318, "elapsed_seconds": 242.29017971199937}
{"stage": "sequential-round-fit", "pid": 2308657, "time": 1789682473.4299543, "cuda_visible_devices": "0", "allocated_gib": 3.795783519744873, "reserved_gib": 5.791015625, "peak_allocated_gib": 7.100478649139404, "gpu_time_budget": null, "module": "model.layers.8.mlp.down_proj", "fit_rows": 49152, "heldout_rows": 16384}
{"stage": "sequential-round-coordinate", "pid": 2308657, "time": 1789682474.0423164, "cuda_visible_devices": "0", "allocated_gib": 5.225533962249756, "reserved_gib": 8.041015625, "peak_allocated_gib": 7.100478649139404, "gpu_time_budget": null, "module": "model.layers.8.mlp.down_proj", "step": 128}
{"stage": "sequential-round-coordinate", "pid": 2308657, "time": 1789682474.473182, "cuda_visible_devices": "0", "allocated_gib": 5.225533962249756, "reserved_gib": 8.041015625, "peak_allocated_gib": 7.100478649139404, "gpu_time_budget": null, "module": "model.layers.8.mlp.down_proj", "step": 256}
{"stage": "sequential-round-coordinate", "pid": 2308657, "time": 1789682474.9037774, "cuda_visible_devices": "0", "allocated_gib": 5.225533962249756, "reserved_gib": 8.041015625, "peak_allocated_gib": 7.100478649139404, "gpu_time_budget": null, "module": "model.layers.8.mlp.down_proj", "step": 384}
{"stage": "sequential-round-coordinate", "pid": 2308657, "time": 1789682475.3884327, "cuda_visible_devices": "0", "allocated_gib": 5.225533962249756, "reserved_gib": 8.041015625, "peak_allocated_gib": 7.100478649139404, "gpu_time_budget": null, "module": "model.layers.8.mlp.down_proj", "step": 512}
{"stage": "sequential-round-coordinate", "pid": 2308657, "time": 1789682475.8248146, "cuda_visible_devices": "0", "allocated_gib": 5.225533962249756, "reserved_gib": 8.041015625, "peak_allocated_gib": 7.100478649139404, "gpu_time_budget": null, "module": "model.layers.8.mlp.down_proj", "step": 640}
{"stage": "sequential-round-coordinate", "pid": 2308657, "time": 1789682476.2595942, "cuda_visible_devices": "0", "allocated_gib": 5.225533962249756, "reserved_gib": 8.041015625, "peak_allocated_gib": 7.100478649139404, "gpu_time_budget": null, "module": "model.layers.8.mlp.down_proj", "step": 768}
{"stage": "sequential-round-coordinate", "pid": 2308657, "time": 1789682476.6930768, "cuda_visible_devices": "0", "allocated_gib": 5.225533962249756, "reserved_gib": 8.041015625, "peak_allocated_gib": 7.100478649139404, "gpu_time_budget": null, "module": "model.layers.8.mlp.down_proj", "step": 896}
{"stage": "sequential-round-coordinate", "pid": 2308657, "time": 1789682477.1251066, "cuda_visible_devices": "0", "allocated_gib": 5.225533962249756, "reserved_gib": 8.041015625, "peak_allocated_gib": 7.100478649139404, "gpu_time_budget": null, "module": "model.layers.8.mlp.down_proj", "step": 1024}
{"stage": "sequential-round-coordinate", "pid": 2308657, "time": 1789682477.5621853, "cuda_visible_devices": "0", "allocated_gib": 5.225533962249756, "reserved_gib": 8.041015625, "peak_allocated_gib": 7.100478649139404, "gpu_time_budget": null, "module": "model.layers.8.mlp.down_proj", "step": 1152}
{"stage": "sequential-round-coordinate", "pid": 2308657, "time": 1789682477.9924898, "cuda_visible_devices": "0", "allocated_gib": 5.225533962249756, "reserved_gib": 8.041015625, "peak_allocated_gib": 7.100478649139404, "gpu_time_budget": null, "module": "model.layers.8.mlp.down_proj", "step": 1280}
{"stage": "sequential-round-coordinate", "pid": 2308657, "time": 1789682478.4252098, "cuda_visible_devices": "0", "allocated_gib": 5.225533962249756, "reserved_gib": 8.041015625, "peak_allocated_gib": 7.100478649139404, "gpu_time_budget": null, "module": "model.layers.8.mlp.down_proj", "step": 1408}
{"stage": "sequential-round-coordinate", "pid": 2308657, "time": 1789682478.85895, "cuda_visible_devices": "0", "allocated_gib": 5.225533962249756, "reserved_gib": 8.041015625, "peak_allocated_gib": 7.100478649139404, "gpu_time_budget": null, "module": "model.layers.8.mlp.down_proj", "step": 1536}
{"stage": "sequential-round-coordinate", "pid": 2308657, "time": 1789682479.2944422, "cuda_visible_devices": "0", "allocated_gib": 5.225533962249756, "reserved_gib": 8.041015625, "peak_allocated_gib": 7.100478649139404, "gpu_time_budget": null, "module": "model.layers.8.mlp.down_proj", "step": 1664}
{"stage": "sequential-round-coordinate", "pid": 2308657, "time": 1789682479.7301521, "cuda_visible_devices": "0", "allocated_gib": 5.225533962249756, "reserved_gib": 8.041015625, "peak_allocated_gib": 7.100478649139404, "gpu_time_budget": null, "module": "model.layers.8.mlp.down_proj", "step": 1792}
{"stage": "sequential-round-coordinate", "pid": 2308657, "time": 1789682480.1657197, "cuda_visible_devices": "0", "allocated_gib": 5.225533962249756, "reserved_gib": 8.041015625, "peak_allocated_gib": 7.100478649139404, "gpu_time_budget": null, "module": "model.layers.8.mlp.down_proj", "step": 1920}
{"stage": "sequential-round-coordinate", "pid": 2308657, "time": 1789682480.6453152, "cuda_visible_devices": "0", "allocated_gib": 5.225533962249756, "reserved_gib": 8.041015625, "peak_allocated_gib": 7.100478649139404, "gpu_time_budget": null, "module": "model.layers.8.mlp.down_proj", "step": 2048}
{"stage": "sequential-round-coordinate", "pid": 2308657, "time": 1789682481.0799434, "cuda_visible_devices": "0", "allocated_gib": 5.225533962249756, "reserved_gib": 8.041015625, "peak_allocated_gib": 7.100478649139404, "gpu_time_budget": null, "module": "model.layers.8.mlp.down_proj", "step": 2176}
{"stage": "sequential-round-coordinate", "pid": 2308657, "time": 1789682481.513279, "cuda_visible_devices": "0", "allocated_gib": 5.225533962249756, "reserved_gib": 8.041015625, "peak_allocated_gib": 7.100478649139404, "gpu_time_budget": null, "module": "model.layers.8.mlp.down_proj", "step": 2304}
{"stage": "sequential-round-coordinate", "pid": 2308657, "time": 1789682481.9481227, "cuda_visible_devices": "0", "allocated_gib": 5.225533962249756, "reserved_gib": 8.041015625, "peak_allocated_gib": 7.100478649139404, "gpu_time_budget": null, "module": "model.layers.8.mlp.down_proj", "step": 2432}
{"stage": "sequential-round-coordinate", "pid": 2308657, "time": 1789682482.3828127, "cuda_visible_devices": "0", "allocated_gib": 5.225533962249756, "reserved_gib": 8.041015625, "peak_allocated_gib": 7.100478649139404, "gpu_time_budget": null, "module": "model.layers.8.mlp.down_proj", "step": 2560}
{"stage": "sequential-round-coordinate", "pid": 2308657, "time": 1789682482.8156343, "cuda_visible_devices": "0", "allocated_gib": 5.225533962249756, "reserved_gib": 8.041015625, "peak_allocated_gib": 7.100478649139404, "gpu_time_budget": null, "module": "model.layers.8.mlp.down_proj", "step": 2688}
{"stage": "sequential-round-coordinate", "pid": 2308657, "time": 1789682483.251116, "cuda_visible_devices": "0", "allocated_gib": 5.225533962249756, "reserved_gib": 8.041015625, "peak_allocated_gib": 7.100478649139404, "gpu_time_budget": null, "module": "model.layers.8.mlp.down_proj", "step": 2816}
{"stage": "sequential-round-coordinate", "pid": 2308657, "time": 1789682483.687202, "cuda_visible_devices": "0", "allocated_gib": 5.225533962249756, "reserved_gib": 8.041015625, "peak_allocated_gib": 7.100478649139404, "gpu_time_budget": null, "module": "model.layers.8.mlp.down_proj", "step": 2944}
{"stage": "sequential-round-coordinate", "pid": 2308657, "time": 1789682484.1221302, "cuda_visible_devices": "0", "allocated_gib": 5.225533962249756, "reserved_gib": 8.041015625, "peak_allocated_gib": 7.100478649139404, "gpu_time_budget": null, "module": "model.layers.8.mlp.down_proj", "step": 3072}
{"stage": "sequential-round-coordinate", "pid": 2308657, "time": 1789682484.5565956, "cuda_visible_devices": "0", "allocated_gib": 5.225533962249756, "reserved_gib": 8.041015625, "peak_allocated_gib": 7.100478649139404, "gpu_time_budget": null, "module": "model.layers.8.mlp.down_proj", "step": 3200}
{"stage": "sequential-round-coordinate", "pid": 2308657, "time": 1789682484.9878607, "cuda_visible_devices": "0", "allocated_gib": 5.225533962249756, "reserved_gib": 8.041015625, "peak_allocated_gib": 7.100478649139404, "gpu_time_budget": null, "module": "model.layers.8.mlp.down_proj", "step": 3328}
{"stage": "sequential-round-coordinate", "pid": 2308657, "time": 1789682485.4229357, "cuda_visible_devices": "0", "allocated_gib": 5.225533962249756, "reserved_gib": 8.041015625, "peak_allocated_gib": 7.100478649139404, "gpu_time_budget": null, "module": "model.layers.8.mlp.down_proj", "step": 3456}
{"stage": "sequential-round-coordinate", "pid": 2308657, "time": 1789682485.8625898, "cuda_visible_devices": "0", "allocated_gib": 5.225533962249756, "reserved_gib": 8.041015625, "peak_allocated_gib": 7.100478649139404, "gpu_time_budget": null, "module": "model.layers.8.mlp.down_proj", "step": 3584}
{"stage": "sequential-round-coordinate", "pid": 2308657, "time": 1789682486.3162026, "cuda_visible_devices": "0", "allocated_gib": 5.225533962249756, "reserved_gib": 8.041015625, "peak_allocated_gib": 7.100478649139404, "gpu_time_budget": null, "module": "model.layers.8.mlp.down_proj", "step": 3712}
{"stage": "sequential-round-coordinate", "pid": 2308657, "time": 1789682486.7508686, "cuda_visible_devices": "0", "allocated_gib": 5.225533962249756, "reserved_gib": 8.041015625, "peak_allocated_gib": 7.100478649139404, "gpu_time_budget": null, "module": "model.layers.8.mlp.down_proj", "step": 3840}
{"stage": "sequential-round-coordinate", "pid": 2308657, "time": 1789682487.1997776, "cuda_visible_devices": "0", "allocated_gib": 5.225533962249756, "reserved_gib": 8.041015625, "peak_allocated_gib": 7.100478649139404, "gpu_time_budget": null, "module": "model.layers.8.mlp.down_proj", "step": 3968}
{"stage": "sequential-round-coordinate", "pid": 2308657, "time": 1789682487.635151, "cuda_visible_devices": "0", "allocated_gib": 5.225533962249756, "reserved_gib": 8.041015625, "peak_allocated_gib": 7.100478649139404, "gpu_time_budget": null, "module": "model.layers.8.mlp.down_proj", "step": 4096}
{"stage": "sequential-round-coordinate", "pid": 2308657, "time": 1789682488.068295, "cuda_visible_devices": "0", "allocated_gib": 5.225533962249756, "reserved_gib": 8.041015625, "peak_allocated_gib": 7.100478649139404, "gpu_time_budget": null, "module": "model.layers.8.mlp.down_proj", "step": 4224}
{"stage": "sequential-round-coordinate", "pid": 2308657, "time": 1789682488.507848, "cuda_visible_devices": "0", "allocated_gib": 5.225533962249756, "reserved_gib": 8.041015625, "peak_allocated_gib": 7.100478649139404, "gpu_time_budget": null, "module": "model.layers.8.mlp.down_proj", "step": 4352}
{"stage": "sequential-round-coordinate", "pid": 2308657, "time": 1789682488.946782, "cuda_visible_devices": "0", "allocated_gib": 5.225533962249756, "reserved_gib": 8.041015625, "peak_allocated_gib": 7.100478649139404, "gpu_time_budget": null, "module": "model.layers.8.mlp.down_proj", "step": 4480}
{"stage": "sequential-round-coordinate", "pid": 2308657, "time": 1789682489.3786569, "cuda_visible_devices": "0", "allocated_gib": 5.225533962249756, "reserved_gib": 8.041015625, "peak_allocated_gib": 7.100478649139404, "gpu_time_budget": null, "module": "model.layers.8.mlp.down_proj", "step": 4608}
{"stage": "sequential-round-coordinate", "pid": 2308657, "time": 1789682489.8128731, "cuda_visible_devices": "0", "allocated_gib": 5.225533962249756, "reserved_gib": 8.041015625, "peak_allocated_gib": 7.100478649139404, "gpu_time_budget": null, "module": "model.layers.8.mlp.down_proj", "step": 4736}
{"stage": "sequential-round-coordinate", "pid": 2308657, "time": 1789682490.2464335, "cuda_visible_devices": "0", "allocated_gib": 5.225533962249756, "reserved_gib": 8.041015625, "peak_allocated_gib": 7.100478649139404, "gpu_time_budget": null, "module": "model.layers.8.mlp.down_proj", "step": 4864}
{"stage": "sequential-round-coordinate", "pid": 2308657, "time": 1789682490.6817436, "cuda_visible_devices": "0", "allocated_gib": 5.225533962249756, "reserved_gib": 8.041015625, "peak_allocated_gib": 7.100478649139404, "gpu_time_budget": null, "module": "model.layers.8.mlp.down_proj", "step": 4992}
{"stage": "sequential-round-coordinate", "pid": 2308657, "time": 1789682491.1179428, "cuda_visible_devices": "0", "allocated_gib": 5.225533962249756, "reserved_gib": 8.041015625, "peak_allocated_gib": 7.100478649139404, "gpu_time_budget": null, "module": "model.layers.8.mlp.down_proj", "step": 5120}
{"stage": "sequential-round-coordinate", "pid": 2308657, "time": 1789682491.5489957, "cuda_visible_devices": "0", "allocated_gib": 5.225533962249756, "reserved_gib": 8.041015625, "peak_allocated_gib": 7.100478649139404, "gpu_time_budget": null, "module": "model.layers.8.mlp.down_proj", "step": 5248}
{"stage": "sequential-round-coordinate", "pid": 2308657, "time": 1789682491.9798858, "cuda_visible_devices": "0", "allocated_gib": 5.225533962249756, "reserved_gib": 8.041015625, "peak_allocated_gib": 7.100478649139404, "gpu_time_budget": null, "module": "model.layers.8.mlp.down_proj", "step": 5376}
{"stage": "sequential-round-coordinate", "pid": 2308657, "time": 1789682492.415473, "cuda_visible_devices": "0", "allocated_gib": 5.225533962249756, "reserved_gib": 8.041015625, "peak_allocated_gib": 7.100478649139404, "gpu_time_budget": null, "module": "model.layers.8.mlp.down_proj", "step": 5504}
{"stage": "sequential-round-coordinate", "pid": 2308657, "time": 1789682492.8473291, "cuda_visible_devices": "0", "allocated_gib": 5.225533962249756, "reserved_gib": 8.041015625, "peak_allocated_gib": 7.100478649139404, "gpu_time_budget": null, "module": "model.layers.8.mlp.down_proj", "step": 5632}
{"stage": "sequential-round-coordinate", "pid": 2308657, "time": 1789682493.279325, "cuda_visible_devices": "0", "allocated_gib": 5.225533962249756, "reserved_gib": 8.041015625, "peak_allocated_gib": 7.100478649139404, "gpu_time_budget": null, "module": "model.layers.8.mlp.down_proj", "step": 5760}
{"stage": "sequential-round-coordinate", "pid": 2308657, "time": 1789682493.7150102, "cuda_visible_devices": "0", "allocated_gib": 5.225533962249756, "reserved_gib": 8.041015625, "peak_allocated_gib": 7.100478649139404, "gpu_time_budget": null, "module": "model.layers.8.mlp.down_proj", "step": 5888}
{"stage": "sequential-round-coordinate", "pid": 2308657, "time": 1789682494.1489475, "cuda_visible_devices": "0", "allocated_gib": 5.225533962249756, "reserved_gib": 8.041015625, "peak_allocated_gib": 7.100478649139404, "gpu_time_budget": null, "module": "model.layers.8.mlp.down_proj", "step": 6016}
{"stage": "sequential-round-coordinate", "pid": 2308657, "time": 1789682494.5838735, "cuda_visible_devices": "0", "allocated_gib": 5.225533962249756, "reserved_gib": 8.041015625, "peak_allocated_gib": 7.100478649139404, "gpu_time_budget": null, "module": "model.layers.8.mlp.down_proj", "step": 6144}
{"stage": "sequential-round-coordinate", "pid": 2308657, "time": 1789682495.0197651, "cuda_visible_devices": "0", "allocated_gib": 5.225533962249756, "reserved_gib": 8.041015625, "peak_allocated_gib": 7.100478649139404, "gpu_time_budget": null, "module": "model.layers.8.mlp.down_proj", "step": 6272}
{"stage": "sequential-round-coordinate", "pid": 2308657, "time": 1789682495.4553893, "cuda_visible_devices": "0", "allocated_gib": 5.225533962249756, "reserved_gib": 8.041015625, "peak_allocated_gib": 7.100478649139404, "gpu_time_budget": null, "module": "model.layers.8.mlp.down_proj", "step": 6400}
{"stage": "sequential-round-coordinate", "pid": 2308657, "time": 1789682495.891016, "cuda_visible_devices": "0", "allocated_gib": 5.225533962249756, "reserved_gib": 8.041015625, "peak_allocated_gib": 7.100478649139404, "gpu_time_budget": null, "module": "model.layers.8.mlp.down_proj", "step": 6528}
{"stage": "sequential-round-coordinate", "pid": 2308657, "time": 1789682496.3255212, "cuda_visible_devices": "0", "allocated_gib": 5.225533962249756, "reserved_gib": 8.041015625, "peak_allocated_gib": 7.100478649139404, "gpu_time_budget": null, "module": "model.layers.8.mlp.down_proj", "step": 6656}
{"stage": "sequential-round-coordinate", "pid": 2308657, "time": 1789682496.7663345, "cuda_visible_devices": "0", "allocated_gib": 5.225533962249756, "reserved_gib": 8.041015625, "peak_allocated_gib": 7.100478649139404, "gpu_time_budget": null, "module": "model.layers.8.mlp.down_proj", "step": 6784}
{"stage": "sequential-round-coordinate", "pid": 2308657, "time": 1789682497.2033644, "cuda_visible_devices": "0", "allocated_gib": 5.225533962249756, "reserved_gib": 8.041015625, "peak_allocated_gib": 7.100478649139404, "gpu_time_budget": null, "module": "model.layers.8.mlp.down_proj", "step": 6912}
{"stage": "sequential-round-coordinate", "pid": 2308657, "time": 1789682497.640144, "cuda_visible_devices": "0", "allocated_gib": 5.225533962249756, "reserved_gib": 8.041015625, "peak_allocated_gib": 7.100478649139404, "gpu_time_budget": null, "module": "model.layers.8.mlp.down_proj", "step": 7040}
{"stage": "sequential-round-coordinate", "pid": 2308657, "time": 1789682498.0747926, "cuda_visible_devices": "0", "allocated_gib": 5.225533962249756, "reserved_gib": 8.041015625, "peak_allocated_gib": 7.100478649139404, "gpu_time_budget": null, "module": "model.layers.8.mlp.down_proj", "step": 7168}
{"stage": "sequential-round-coordinate", "pid": 2308657, "time": 1789682498.5091064, "cuda_visible_devices": "0", "allocated_gib": 5.225533962249756, "reserved_gib": 8.041015625, "peak_allocated_gib": 7.100478649139404, "gpu_time_budget": null, "module": "model.layers.8.mlp.down_proj", "step": 7296}
{"stage": "sequential-round-coordinate", "pid": 2308657, "time": 1789682498.9439125, "cuda_visible_devices": "0", "allocated_gib": 5.225533962249756, "reserved_gib": 8.041015625, "peak_allocated_gib": 7.100478649139404, "gpu_time_budget": null, "module": "model.layers.8.mlp.down_proj", "step": 7424}
{"stage": "sequential-round-coordinate", "pid": 2308657, "time": 1789682499.3790138, "cuda_visible_devices": "0", "allocated_gib": 5.225533962249756, "reserved_gib": 8.041015625, "peak_allocated_gib": 7.100478649139404, "gpu_time_budget": null, "module": "model.layers.8.mlp.down_proj", "step": 7552}
{"stage": "sequential-round-coordinate", "pid": 2308657, "time": 1789682499.8162227, "cuda_visible_devices": "0", "allocated_gib": 5.225533962249756, "reserved_gib": 8.041015625, "peak_allocated_gib": 7.100478649139404, "gpu_time_budget": null, "module": "model.layers.8.mlp.down_proj", "step": 7680}
{"stage": "sequential-round-coordinate", "pid": 2308657, "time": 1789682500.2524796, "cuda_visible_devices": "0", "allocated_gib": 5.225533962249756, "reserved_gib": 8.041015625, "peak_allocated_gib": 7.100478649139404, "gpu_time_budget": null, "module": "model.layers.8.mlp.down_proj", "step": 7808}
{"stage": "sequential-round-coordinate", "pid": 2308657, "time": 1789682500.6865373, "cuda_visible_devices": "0", "allocated_gib": 5.225533962249756, "reserved_gib": 8.041015625, "peak_allocated_gib": 7.100478649139404, "gpu_time_budget": null, "module": "model.layers.8.mlp.down_proj", "step": 7936}
{"stage": "sequential-round-coordinate", "pid": 2308657, "time": 1789682501.1218085, "cuda_visible_devices": "0", "allocated_gib": 5.225533962249756, "reserved_gib": 8.041015625, "peak_allocated_gib": 7.100478649139404, "gpu_time_budget": null, "module": "model.layers.8.mlp.down_proj", "step": 8064}
{"stage": "sequential-round-coordinate", "pid": 2308657, "time": 1789682501.6073256, "cuda_visible_devices": "0", "allocated_gib": 5.225533962249756, "reserved_gib": 8.041015625, "peak_allocated_gib": 7.100478649139404, "gpu_time_budget": null, "module": "model.layers.8.mlp.down_proj", "step": 8192}
{"stage": "sequential-round-train-nll", "pid": 2308657, "time": 1789682501.6471865, "cuda_visible_devices": "0", "allocated_gib": 3.795783519744873, "reserved_gib": 3.80078125, "peak_allocated_gib": 7.100478649139404, "gpu_time_budget": null, "module": "model.layers.8.mlp.down_proj", "step": 512}
Evaluation segment 1/1: start=0, windows=8, seqlen=2048
{"stage": "sequential-round-train-nll", "pid": 2308657, "time": 1789682503.421339, "cuda_visible_devices": "0", "allocated_gib": 3.795783519744873, "reserved_gib": 5.791015625, "peak_allocated_gib": 7.100478649139404, "gpu_time_budget": null, "module": "model.layers.8.mlp.down_proj", "step": 2048}
Evaluation segment 1/1: start=0, windows=8, seqlen=2048
{"stage": "sequential-round-train-nll", "pid": 2308657, "time": 1789682505.178346, "cuda_visible_devices": "0", "allocated_gib": 3.795783519744873, "reserved_gib": 5.791015625, "peak_allocated_gib": 7.100478649139404, "gpu_time_budget": null, "module": "model.layers.8.mlp.down_proj", "step": 8192}
Evaluation segment 1/1: start=0, windows=8, seqlen=2048
{"stage": "sequential-module-completed", "pid": 2308657, "time": 1789682507.0734122, "cuda_visible_devices": "0", "allocated_gib": 3.795783519744873, "reserved_gib": 5.791015625, "peak_allocated_gib": 7.100478649139404, "gpu_time_budget": null, "module": "model.layers.8.mlp.down_proj", "completed": 9, "total": 28, "selected_train_nll": 3.0269689859391318, "elapsed_seconds": 276.94633549801074}
{"stage": "sequential-round-fit", "pid": 2308657, "time": 1789682508.5056622, "cuda_visible_devices": "0", "allocated_gib": 3.795783519744873, "reserved_gib": 5.791015625, "peak_allocated_gib": 7.100478649139404, "gpu_time_budget": null, "module": "model.layers.9.mlp.down_proj", "fit_rows": 49152, "heldout_rows": 16384}
{"stage": "sequential-round-coordinate", "pid": 2308657, "time": 1789682509.2190776, "cuda_visible_devices": "0", "allocated_gib": 5.225533962249756, "reserved_gib": 8.041015625, "peak_allocated_gib": 7.100478649139404, "gpu_time_budget": null, "module": "model.layers.9.mlp.down_proj", "step": 128}
{"stage": "sequential-round-coordinate", "pid": 2308657, "time": 1789682509.653922, "cuda_visible_devices": "0", "allocated_gib": 5.225533962249756, "reserved_gib": 8.041015625, "peak_allocated_gib": 7.100478649139404, "gpu_time_budget": null, "module": "model.layers.9.mlp.down_proj", "step": 256}
{"stage": "sequential-round-coordinate", "pid": 2308657, "time": 1789682510.0920234, "cuda_visible_devices": "0", "allocated_gib": 5.225533962249756, "reserved_gib": 8.041015625, "peak_allocated_gib": 7.100478649139404, "gpu_time_budget": null, "module": "model.layers.9.mlp.down_proj", "step": 384}
{"stage": "sequential-round-coordinate", "pid": 2308657, "time": 1789682510.5833013, "cuda_visible_devices": "0", "allocated_gib": 5.225533962249756, "reserved_gib": 8.041015625, "peak_allocated_gib": 7.100478649139404, "gpu_time_budget": null, "module": "model.layers.9.mlp.down_proj", "step": 512}
{"stage": "sequential-round-coordinate", "pid": 2308657, "time": 1789682511.0203054, "cuda_visible_devices": "0", "allocated_gib": 5.225533962249756, "reserved_gib": 8.041015625, "peak_allocated_gib": 7.100478649139404, "gpu_time_budget": null, "module": "model.layers.9.mlp.down_proj", "step": 640}
{"stage": "sequential-round-coordinate", "pid": 2308657, "time": 1789682511.4559598, "cuda_visible_devices": "0", "allocated_gib": 5.225533962249756, "reserved_gib": 8.041015625, "peak_allocated_gib": 7.100478649139404, "gpu_time_budget": null, "module": "model.layers.9.mlp.down_proj", "step": 768}
{"stage": "sequential-round-coordinate", "pid": 2308657, "time": 1789682511.890072, "cuda_visible_devices": "0", "allocated_gib": 5.225533962249756, "reserved_gib": 8.041015625, "peak_allocated_gib": 7.100478649139404, "gpu_time_budget": null, "module": "model.layers.9.mlp.down_proj", "step": 896}
{"stage": "sequential-round-coordinate", "pid": 2308657, "time": 1789682512.324057, "cuda_visible_devices": "0", "allocated_gib": 5.225533962249756, "reserved_gib": 8.041015625, "peak_allocated_gib": 7.100478649139404, "gpu_time_budget": null, "module": "model.layers.9.mlp.down_proj", "step": 1024}
{"stage": "sequential-round-coordinate", "pid": 2308657, "time": 1789682512.7595177, "cuda_visible_devices": "0", "allocated_gib": 5.225533962249756, "reserved_gib": 8.041015625, "peak_allocated_gib": 7.100478649139404, "gpu_time_budget": null, "module": "model.layers.9.mlp.down_proj", "step": 1152}
{"stage": "sequential-round-coordinate", "pid": 2308657, "time": 1789682513.1919456, "cuda_visible_devices": "0", "allocated_gib": 5.225533962249756, "reserved_gib": 8.041015625, "peak_allocated_gib": 7.100478649139404, "gpu_time_budget": null, "module": "model.layers.9.mlp.down_proj", "step": 1280}
{"stage": "sequential-round-coordinate", "pid": 2308657, "time": 1789682513.6243007, "cuda_visible_devices": "0", "allocated_gib": 5.225533962249756, "reserved_gib": 8.041015625, "peak_allocated_gib": 7.100478649139404, "gpu_time_budget": null, "module": "model.layers.9.mlp.down_proj", "step": 1408}
{"stage": "sequential-round-coordinate", "pid": 2308657, "time": 1789682514.0555522, "cuda_visible_devices": "0", "allocated_gib": 5.225533962249756, "reserved_gib": 8.041015625, "peak_allocated_gib": 7.100478649139404, "gpu_time_budget": null, "module": "model.layers.9.mlp.down_proj", "step": 1536}
{"stage": "sequential-round-coordinate", "pid": 2308657, "time": 1789682514.4872918, "cuda_visible_devices": "0", "allocated_gib": 5.225533962249756, "reserved_gib": 8.041015625, "peak_allocated_gib": 7.100478649139404, "gpu_time_budget": null, "module": "model.layers.9.mlp.down_proj", "step": 1664}
{"stage": "sequential-round-coordinate", "pid": 2308657, "time": 1789682514.918207, "cuda_visible_devices": "0", "allocated_gib": 5.225533962249756, "reserved_gib": 8.041015625, "peak_allocated_gib": 7.100478649139404, "gpu_time_budget": null, "module": "model.layers.9.mlp.down_proj", "step": 1792}
{"stage": "sequential-round-coordinate", "pid": 2308657, "time": 1789682515.3532505, "cuda_visible_devices": "0", "allocated_gib": 5.225533962249756, "reserved_gib": 8.041015625, "peak_allocated_gib": 7.100478649139404, "gpu_time_budget": null, "module": "model.layers.9.mlp.down_proj", "step": 1920}
{"stage": "sequential-round-coordinate", "pid": 2308657, "time": 1789682515.830799, "cuda_visible_devices": "0", "allocated_gib": 5.225533962249756, "reserved_gib": 8.041015625, "peak_allocated_gib": 7.100478649139404, "gpu_time_budget": null, "module": "model.layers.9.mlp.down_proj", "step": 2048}
{"stage": "sequential-round-coordinate", "pid": 2308657, "time": 1789682516.2707152, "cuda_visible_devices": "0", "allocated_gib": 5.225533962249756, "reserved_gib": 8.041015625, "peak_allocated_gib": 7.100478649139404, "gpu_time_budget": null, "module": "model.layers.9.mlp.down_proj", "step": 2176}
{"stage": "sequential-round-coordinate", "pid": 2308657, "time": 1789682516.7051833, "cuda_visible_devices": "0", "allocated_gib": 5.225533962249756, "reserved_gib": 8.041015625, "peak_allocated_gib": 7.100478649139404, "gpu_time_budget": null, "module": "model.layers.9.mlp.down_proj", "step": 2304}
{"stage": "sequential-round-coordinate", "pid": 2308657, "time": 1789682517.1370184, "cuda_visible_devices": "0", "allocated_gib": 5.225533962249756, "reserved_gib": 8.041015625, "peak_allocated_gib": 7.100478649139404, "gpu_time_budget": null, "module": "model.layers.9.mlp.down_proj", "step": 2432}
{"stage": "sequential-round-coordinate", "pid": 2308657, "time": 1789682517.5702085, "cuda_visible_devices": "0", "allocated_gib": 5.225533962249756, "reserved_gib": 8.041015625, "peak_allocated_gib": 7.100478649139404, "gpu_time_budget": null, "module": "model.layers.9.mlp.down_proj", "step": 2560}
{"stage": "sequential-round-coordinate", "pid": 2308657, "time": 1789682518.0051234, "cuda_visible_devices": "0", "allocated_gib": 5.225533962249756, "reserved_gib": 8.041015625, "peak_allocated_gib": 7.100478649139404, "gpu_time_budget": null, "module": "model.layers.9.mlp.down_proj", "step": 2688}
{"stage": "sequential-round-coordinate", "pid": 2308657, "time": 1789682518.439686, "cuda_visible_devices": "0", "allocated_gib": 5.225533962249756, "reserved_gib": 8.041015625, "peak_allocated_gib": 7.100478649139404, "gpu_time_budget": null, "module": "model.layers.9.mlp.down_proj", "step": 2816}
{"stage": "sequential-round-coordinate", "pid": 2308657, "time": 1789682518.8743296, "cuda_visible_devices": "0", "allocated_gib": 5.225533962249756, "reserved_gib": 8.041015625, "peak_allocated_gib": 7.100478649139404, "gpu_time_budget": null, "module": "model.layers.9.mlp.down_proj", "step": 2944}
{"stage": "sequential-round-coordinate", "pid": 2308657, "time": 1789682519.3099456, "cuda_visible_devices": "0", "allocated_gib": 5.225533962249756, "reserved_gib": 8.041015625, "peak_allocated_gib": 7.100478649139404, "gpu_time_budget": null, "module": "model.layers.9.mlp.down_proj", "step": 3072}
{"stage": "sequential-round-coordinate", "pid": 2308657, "time": 1789682519.7510304, "cuda_visible_devices": "0", "allocated_gib": 5.225533962249756, "reserved_gib": 8.041015625, "peak_allocated_gib": 7.100478649139404, "gpu_time_budget": null, "module": "model.layers.9.mlp.down_proj", "step": 3200}
{"stage": "sequential-round-coordinate", "pid": 2308657, "time": 1789682520.1924508, "cuda_visible_devices": "0", "allocated_gib": 5.225533962249756, "reserved_gib": 8.041015625, "peak_allocated_gib": 7.100478649139404, "gpu_time_budget": null, "module": "model.layers.9.mlp.down_proj", "step": 3328}
{"stage": "sequential-round-coordinate", "pid": 2308657, "time": 1789682520.6327105, "cuda_visible_devices": "0", "allocated_gib": 5.225533962249756, "reserved_gib": 8.041015625, "peak_allocated_gib": 7.100478649139404, "gpu_time_budget": null, "module": "model.layers.9.mlp.down_proj", "step": 3456}
{"stage": "sequential-round-coordinate", "pid": 2308657, "time": 1789682521.0709672, "cuda_visible_devices": "0", "allocated_gib": 5.225533962249756, "reserved_gib": 8.041015625, "peak_allocated_gib": 7.100478649139404, "gpu_time_budget": null, "module": "model.layers.9.mlp.down_proj", "step": 3584}
{"stage": "sequential-round-coordinate", "pid": 2308657, "time": 1789682521.5073771, "cuda_visible_devices": "0", "allocated_gib": 5.225533962249756, "reserved_gib": 8.041015625, "peak_allocated_gib": 7.100478649139404, "gpu_time_budget": null, "module": "model.layers.9.mlp.down_proj", "step": 3712}
{"stage": "sequential-round-coordinate", "pid": 2308657, "time": 1789682521.9452593, "cuda_visible_devices": "0", "allocated_gib": 5.225533962249756, "reserved_gib": 8.041015625, "peak_allocated_gib": 7.100478649139404, "gpu_time_budget": null, "module": "model.layers.9.mlp.down_proj", "step": 3840}
{"stage": "sequential-round-coordinate", "pid": 2308657, "time": 1789682522.3784142, "cuda_visible_devices": "0", "allocated_gib": 5.225533962249756, "reserved_gib": 8.041015625, "peak_allocated_gib": 7.100478649139404, "gpu_time_budget": null, "module": "model.layers.9.mlp.down_proj", "step": 3968}
{"stage": "sequential-round-coordinate", "pid": 2308657, "time": 1789682522.816206, "cuda_visible_devices": "0", "allocated_gib": 5.225533962249756, "reserved_gib": 8.041015625, "peak_allocated_gib": 7.100478649139404, "gpu_time_budget": null, "module": "model.layers.9.mlp.down_proj", "step": 4096}
{"stage": "sequential-round-coordinate", "pid": 2308657, "time": 1789682523.2510471, "cuda_visible_devices": "0", "allocated_gib": 5.225533962249756, "reserved_gib": 8.041015625, "peak_allocated_gib": 7.100478649139404, "gpu_time_budget": null, "module": "model.layers.9.mlp.down_proj", "step": 4224}
{"stage": "sequential-round-coordinate", "pid": 2308657, "time": 1789682523.6864815, "cuda_visible_devices": "0", "allocated_gib": 5.225533962249756, "reserved_gib": 8.041015625, "peak_allocated_gib": 7.100478649139404, "gpu_time_budget": null, "module": "model.layers.9.mlp.down_proj", "step": 4352}
{"stage": "sequential-round-coordinate", "pid": 2308657, "time": 1789682524.1220999, "cuda_visible_devices": "0", "allocated_gib": 5.225533962249756, "reserved_gib": 8.041015625, "peak_allocated_gib": 7.100478649139404, "gpu_time_budget": null, "module": "model.layers.9.mlp.down_proj", "step": 4480}
{"stage": "sequential-round-coordinate", "pid": 2308657, "time": 1789682524.5591924, "cuda_visible_devices": "0", "allocated_gib": 5.225533962249756, "reserved_gib": 8.041015625, "peak_allocated_gib": 7.100478649139404, "gpu_time_budget": null, "module": "model.layers.9.mlp.down_proj", "step": 4608}
{"stage": "sequential-round-coordinate", "pid": 2308657, "time": 1789682524.9944487, "cuda_visible_devices": "0", "allocated_gib": 5.225533962249756, "reserved_gib": 8.041015625, "peak_allocated_gib": 7.100478649139404, "gpu_time_budget": null, "module": "model.layers.9.mlp.down_proj", "step": 4736}
{"stage": "sequential-round-coordinate", "pid": 2308657, "time": 1789682525.4339097, "cuda_visible_devices": "0", "allocated_gib": 5.225533962249756, "reserved_gib": 8.041015625, "peak_allocated_gib": 7.100478649139404, "gpu_time_budget": null, "module": "model.layers.9.mlp.down_proj", "step": 4864}
{"stage": "sequential-round-coordinate", "pid": 2308657, "time": 1789682525.872364, "cuda_visible_devices": "0", "allocated_gib": 5.225533962249756, "reserved_gib": 8.041015625, "peak_allocated_gib": 7.100478649139404, "gpu_time_budget": null, "module": "model.layers.9.mlp.down_proj", "step": 4992}
{"stage": "sequential-round-coordinate", "pid": 2308657, "time": 1789682526.3050709, "cuda_visible_devices": "0", "allocated_gib": 5.225533962249756, "reserved_gib": 8.041015625, "peak_allocated_gib": 7.100478649139404, "gpu_time_budget": null, "module": "model.layers.9.mlp.down_proj", "step": 5120}
{"stage": "sequential-round-coordinate", "pid": 2308657, "time": 1789682526.7412848, "cuda_visible_devices": "0", "allocated_gib": 5.225533962249756, "reserved_gib": 8.041015625, "peak_allocated_gib": 7.100478649139404, "gpu_time_budget": null, "module": "model.layers.9.mlp.down_proj", "step": 5248}
{"stage": "sequential-round-coordinate", "pid": 2308657, "time": 1789682527.1744416, "cuda_visible_devices": "0", "allocated_gib": 5.225533962249756, "reserved_gib": 8.041015625, "peak_allocated_gib": 7.100478649139404, "gpu_time_budget": null, "module": "model.layers.9.mlp.down_proj", "step": 5376}
{"stage": "sequential-round-coordinate", "pid": 2308657, "time": 1789682527.6129162, "cuda_visible_devices": "0", "allocated_gib": 5.225533962249756, "reserved_gib": 8.041015625, "peak_allocated_gib": 7.100478649139404, "gpu_time_budget": null, "module": "model.layers.9.mlp.down_proj", "step": 5504}
{"stage": "sequential-round-coordinate", "pid": 2308657, "time": 1789682528.0460443, "cuda_visible_devices": "0", "allocated_gib": 5.225533962249756, "reserved_gib": 8.041015625, "peak_allocated_gib": 7.100478649139404, "gpu_time_budget": null, "module": "model.layers.9.mlp.down_proj", "step": 5632}
{"stage": "sequential-round-coordinate", "pid": 2308657, "time": 1789682528.4842372, "cuda_visible_devices": "0", "allocated_gib": 5.225533962249756, "reserved_gib": 8.041015625, "peak_allocated_gib": 7.100478649139404, "gpu_time_budget": null, "module": "model.layers.9.mlp.down_proj", "step": 5760}
{"stage": "sequential-round-coordinate", "pid": 2308657, "time": 1789682528.9186292, "cuda_visible_devices": "0", "allocated_gib": 5.225533962249756, "reserved_gib": 8.041015625, "peak_allocated_gib": 7.100478649139404, "gpu_time_budget": null, "module": "model.layers.9.mlp.down_proj", "step": 5888}
{"stage": "sequential-round-coordinate", "pid": 2308657, "time": 1789682529.3557293, "cuda_visible_devices": "0", "allocated_gib": 5.225533962249756, "reserved_gib": 8.041015625, "peak_allocated_gib": 7.100478649139404, "gpu_time_budget": null, "module": "model.layers.9.mlp.down_proj", "step": 6016}
{"stage": "sequential-round-coordinate", "pid": 2308657, "time": 1789682529.791174, "cuda_visible_devices": "0", "allocated_gib": 5.225533962249756, "reserved_gib": 8.041015625, "peak_allocated_gib": 7.100478649139404, "gpu_time_budget": null, "module": "model.layers.9.mlp.down_proj", "step": 6144}
{"stage": "sequential-round-coordinate", "pid": 2308657, "time": 1789682530.2282913, "cuda_visible_devices": "0", "allocated_gib": 5.225533962249756, "reserved_gib": 8.041015625, "peak_allocated_gib": 7.100478649139404, "gpu_time_budget": null, "module": "model.layers.9.mlp.down_proj", "step": 6272}
{"stage": "sequential-round-coordinate", "pid": 2308657, "time": 1789682530.667056, "cuda_visible_devices": "0", "allocated_gib": 5.225533962249756, "reserved_gib": 8.041015625, "peak_allocated_gib": 7.100478649139404, "gpu_time_budget": null, "module": "model.layers.9.mlp.down_proj", "step": 6400}
{"stage": "sequential-round-coordinate", "pid": 2308657, "time": 1789682531.103989, "cuda_visible_devices": "0", "allocated_gib": 5.225533962249756, "reserved_gib": 8.041015625, "peak_allocated_gib": 7.100478649139404, "gpu_time_budget": null, "module": "model.layers.9.mlp.down_proj", "step": 6528}
{"stage": "sequential-round-coordinate", "pid": 2308657, "time": 1789682531.5387313, "cuda_visible_devices": "0", "allocated_gib": 5.225533962249756, "reserved_gib": 8.041015625, "peak_allocated_gib": 7.100478649139404, "gpu_time_budget": null, "module": "model.layers.9.mlp.down_proj", "step": 6656}
{"stage": "sequential-round-coordinate", "pid": 2308657, "time": 1789682531.9819047, "cuda_visible_devices": "0", "allocated_gib": 5.225533962249756, "reserved_gib": 8.041015625, "peak_allocated_gib": 7.100478649139404, "gpu_time_budget": null, "module": "model.layers.9.mlp.down_proj", "step": 6784}
{"stage": "sequential-round-coordinate", "pid": 2308657, "time": 1789682532.421987, "cuda_visible_devices": "0", "allocated_gib": 5.225533962249756, "reserved_gib": 8.041015625, "peak_allocated_gib": 7.100478649139404, "gpu_time_budget": null, "module": "model.layers.9.mlp.down_proj", "step": 6912}
{"stage": "sequential-round-coordinate", "pid": 2308657, "time": 1789682532.8635983, "cuda_visible_devices": "0", "allocated_gib": 5.225533962249756, "reserved_gib": 8.041015625, "peak_allocated_gib": 7.100478649139404, "gpu_time_budget": null, "module": "model.layers.9.mlp.down_proj", "step": 7040}
{"stage": "sequential-round-coordinate", "pid": 2308657, "time": 1789682533.3057392, "cuda_visible_devices": "0", "allocated_gib": 5.225533962249756, "reserved_gib": 8.041015625, "peak_allocated_gib": 7.100478649139404, "gpu_time_budget": null, "module": "model.layers.9.mlp.down_proj", "step": 7168}
{"stage": "sequential-round-coordinate", "pid": 2308657, "time": 1789682533.749974, "cuda_visible_devices": "0", "allocated_gib": 5.225533962249756, "reserved_gib": 8.041015625, "peak_allocated_gib": 7.100478649139404, "gpu_time_budget": null, "module": "model.layers.9.mlp.down_proj", "step": 7296}
{"stage": "sequential-round-coordinate", "pid": 2308657, "time": 1789682534.1845305, "cuda_visible_devices": "0", "allocated_gib": 5.225533962249756, "reserved_gib": 8.041015625, "peak_allocated_gib": 7.100478649139404, "gpu_time_budget": null, "module": "model.layers.9.mlp.down_proj", "step": 7424}
{"stage": "sequential-round-coordinate", "pid": 2308657, "time": 1789682534.617817, "cuda_visible_devices": "0", "allocated_gib": 5.225533962249756, "reserved_gib": 8.041015625, "peak_allocated_gib": 7.100478649139404, "gpu_time_budget": null, "module": "model.layers.9.mlp.down_proj", "step": 7552}
{"stage": "sequential-round-coordinate", "pid": 2308657, "time": 1789682535.0508432, "cuda_visible_devices": "0", "allocated_gib": 5.225533962249756, "reserved_gib": 8.041015625, "peak_allocated_gib": 7.100478649139404, "gpu_time_budget": null, "module": "model.layers.9.mlp.down_proj", "step": 7680}
{"stage": "sequential-round-coordinate", "pid": 2308657, "time": 1789682535.4857543, "cuda_visible_devices": "0", "allocated_gib": 5.225533962249756, "reserved_gib": 8.041015625, "peak_allocated_gib": 7.100478649139404, "gpu_time_budget": null, "module": "model.layers.9.mlp.down_proj", "step": 7808}
{"stage": "sequential-round-coordinate", "pid": 2308657, "time": 1789682535.9176476, "cuda_visible_devices": "0", "allocated_gib": 5.225533962249756, "reserved_gib": 8.041015625, "peak_allocated_gib": 7.100478649139404, "gpu_time_budget": null, "module": "model.layers.9.mlp.down_proj", "step": 7936}
{"stage": "sequential-round-coordinate", "pid": 2308657, "time": 1789682536.3518653, "cuda_visible_devices": "0", "allocated_gib": 5.225533962249756, "reserved_gib": 8.041015625, "peak_allocated_gib": 7.100478649139404, "gpu_time_budget": null, "module": "model.layers.9.mlp.down_proj", "step": 8064}
{"stage": "sequential-round-coordinate", "pid": 2308657, "time": 1789682536.8383813, "cuda_visible_devices": "0", "allocated_gib": 5.225533962249756, "reserved_gib": 8.041015625, "peak_allocated_gib": 7.100478649139404, "gpu_time_budget": null, "module": "model.layers.9.mlp.down_proj", "step": 8192}
{"stage": "sequential-round-train-nll", "pid": 2308657, "time": 1789682536.8875482, "cuda_visible_devices": "0", "allocated_gib": 3.795783519744873, "reserved_gib": 3.80078125, "peak_allocated_gib": 7.100478649139404, "gpu_time_budget": null, "module": "model.layers.9.mlp.down_proj", "step": 512}
Evaluation segment 1/1: start=0, windows=8, seqlen=2048
{"stage": "sequential-round-train-nll", "pid": 2308657, "time": 1789682538.6561675, "cuda_visible_devices": "0", "allocated_gib": 3.795783519744873, "reserved_gib": 5.791015625, "peak_allocated_gib": 7.100478649139404, "gpu_time_budget": null, "module": "model.layers.9.mlp.down_proj", "step": 2048}
Evaluation segment 1/1: start=0, windows=8, seqlen=2048
{"stage": "sequential-round-train-nll", "pid": 2308657, "time": 1789682540.3984149, "cuda_visible_devices": "0", "allocated_gib": 3.795783519744873, "reserved_gib": 5.791015625, "peak_allocated_gib": 7.100478649139404, "gpu_time_budget": null, "module": "model.layers.9.mlp.down_proj", "step": 8192}
Evaluation segment 1/1: start=0, windows=8, seqlen=2048
{"stage": "sequential-module-completed", "pid": 2308657, "time": 1789682542.2510884, "cuda_visible_devices": "0", "allocated_gib": 3.795783519744873, "reserved_gib": 5.791015625, "peak_allocated_gib": 7.100478649139404, "gpu_time_budget": null, "module": "model.layers.9.mlp.down_proj", "completed": 10, "total": 28, "selected_train_nll": 3.0269689859391318, "elapsed_seconds": 312.12401259702165}
{"stage": "sequential-round-fit", "pid": 2308657, "time": 1789682543.520025, "cuda_visible_devices": "0", "allocated_gib": 3.795783519744873, "reserved_gib": 5.791015625, "peak_allocated_gib": 7.100478649139404, "gpu_time_budget": null, "module": "model.layers.10.mlp.down_proj", "fit_rows": 49152, "heldout_rows": 16384}
{"stage": "sequential-round-coordinate", "pid": 2308657, "time": 1789682544.1440043, "cuda_visible_devices": "0", "allocated_gib": 5.225533962249756, "reserved_gib": 8.041015625, "peak_allocated_gib": 7.100478649139404, "gpu_time_budget": null, "module": "model.layers.10.mlp.down_proj", "step": 128}
{"stage": "sequential-round-coordinate", "pid": 2308657, "time": 1789682544.5779757, "cuda_visible_devices": "0", "allocated_gib": 5.225533962249756, "reserved_gib": 8.041015625, "peak_allocated_gib": 7.100478649139404, "gpu_time_budget": null, "module": "model.layers.10.mlp.down_proj", "step": 256}
{"stage": "sequential-round-coordinate", "pid": 2308657, "time": 1789682545.0106933, "cuda_visible_devices": "0", "allocated_gib": 5.225533962249756, "reserved_gib": 8.041015625, "peak_allocated_gib": 7.100478649139404, "gpu_time_budget": null, "module": "model.layers.10.mlp.down_proj", "step": 384}
{"stage": "sequential-round-coordinate", "pid": 2308657, "time": 1789682545.493431, "cuda_visible_devices": "0", "allocated_gib": 5.225533962249756, "reserved_gib": 8.041015625, "peak_allocated_gib": 7.100478649139404, "gpu_time_budget": null, "module": "model.layers.10.mlp.down_proj", "step": 512}
{"stage": "sequential-round-coordinate", "pid": 2308657, "time": 1789682545.9269292, "cuda_visible_devices": "0", "allocated_gib": 5.225533962249756, "reserved_gib": 8.041015625, "peak_allocated_gib": 7.100478649139404, "gpu_time_budget": null, "module": "model.layers.10.mlp.down_proj", "step": 640}
{"stage": "sequential-round-coordinate", "pid": 2308657, "time": 1789682546.3628056, "cuda_visible_devices": "0", "allocated_gib": 5.225533962249756, "reserved_gib": 8.041015625, "peak_allocated_gib": 7.100478649139404, "gpu_time_budget": null, "module": "model.layers.10.mlp.down_proj", "step": 768}
{"stage": "sequential-round-coordinate", "pid": 2308657, "time": 1789682546.792402, "cuda_visible_devices": "0", "allocated_gib": 5.225533962249756, "reserved_gib": 8.041015625, "peak_allocated_gib": 7.100478649139404, "gpu_time_budget": null, "module": "model.layers.10.mlp.down_proj", "step": 896}
{"stage": "sequential-round-coordinate", "pid": 2308657, "time": 1789682547.2212334, "cuda_visible_devices": "0", "allocated_gib": 5.225533962249756, "reserved_gib": 8.041015625, "peak_allocated_gib": 7.100478649139404, "gpu_time_budget": null, "module": "model.layers.10.mlp.down_proj", "step": 1024}
{"stage": "sequential-round-coordinate", "pid": 2308657, "time": 1789682547.6498137, "cuda_visible_devices": "0", "allocated_gib": 5.225533962249756, "reserved_gib": 8.041015625, "peak_allocated_gib": 7.100478649139404, "gpu_time_budget": null, "module": "model.layers.10.mlp.down_proj", "step": 1152}
{"stage": "sequential-round-coordinate", "pid": 2308657, "time": 1789682548.081934, "cuda_visible_devices": "0", "allocated_gib": 5.225533962249756, "reserved_gib": 8.041015625, "peak_allocated_gib": 7.100478649139404, "gpu_time_budget": null, "module": "model.layers.10.mlp.down_proj", "step": 1280}
{"stage": "sequential-round-coordinate", "pid": 2308657, "time": 1789682548.5147626, "cuda_visible_devices": "0", "allocated_gib": 5.225533962249756, "reserved_gib": 8.041015625, "peak_allocated_gib": 7.100478649139404, "gpu_time_budget": null, "module": "model.layers.10.mlp.down_proj", "step": 1408}
{"stage": "sequential-round-coordinate", "pid": 2308657, "time": 1789682548.9497852, "cuda_visible_devices": "0", "allocated_gib": 5.225533962249756, "reserved_gib": 8.041015625, "peak_allocated_gib": 7.100478649139404, "gpu_time_budget": null, "module": "model.layers.10.mlp.down_proj", "step": 1536}
{"stage": "sequential-round-coordinate", "pid": 2308657, "time": 1789682549.3830914, "cuda_visible_devices": "0", "allocated_gib": 5.225533962249756, "reserved_gib": 8.041015625, "peak_allocated_gib": 7.100478649139404, "gpu_time_budget": null, "module": "model.layers.10.mlp.down_proj", "step": 1664}
{"stage": "sequential-round-coordinate", "pid": 2308657, "time": 1789682549.8142118, "cuda_visible_devices": "0", "allocated_gib": 5.225533962249756, "reserved_gib": 8.041015625, "peak_allocated_gib": 7.100478649139404, "gpu_time_budget": null, "module": "model.layers.10.mlp.down_proj", "step": 1792}
{"stage": "sequential-round-coordinate", "pid": 2308657, "time": 1789682550.2515342, "cuda_visible_devices": "0", "allocated_gib": 5.225533962249756, "reserved_gib": 8.041015625, "peak_allocated_gib": 7.100478649139404, "gpu_time_budget": null, "module": "model.layers.10.mlp.down_proj", "step": 1920}
{"stage": "sequential-round-coordinate", "pid": 2308657, "time": 1789682550.724377, "cuda_visible_devices": "0", "allocated_gib": 5.225533962249756, "reserved_gib": 8.041015625, "peak_allocated_gib": 7.100478649139404, "gpu_time_budget": null, "module": "model.layers.10.mlp.down_proj", "step": 2048}
{"stage": "sequential-round-coordinate", "pid": 2308657, "time": 1789682551.1587584, "cuda_visible_devices": "0", "allocated_gib": 5.225533962249756, "reserved_gib": 8.041015625, "peak_allocated_gib": 7.100478649139404, "gpu_time_budget": null, "module": "model.layers.10.mlp.down_proj", "step": 2176}
{"stage": "sequential-round-coordinate", "pid": 2308657, "time": 1789682551.592398, "cuda_visible_devices": "0", "allocated_gib": 5.225533962249756, "reserved_gib": 8.041015625, "peak_allocated_gib": 7.100478649139404, "gpu_time_budget": null, "module": "model.layers.10.mlp.down_proj", "step": 2304}
{"stage": "sequential-round-coordinate", "pid": 2308657, "time": 1789682552.025715, "cuda_visible_devices": "0", "allocated_gib": 5.225533962249756, "reserved_gib": 8.041015625, "peak_allocated_gib": 7.100478649139404, "gpu_time_budget": null, "module": "model.layers.10.mlp.down_proj", "step": 2432}
{"stage": "sequential-round-coordinate", "pid": 2308657, "time": 1789682552.4574177, "cuda_visible_devices": "0", "allocated_gib": 5.225533962249756, "reserved_gib": 8.041015625, "peak_allocated_gib": 7.100478649139404, "gpu_time_budget": null, "module": "model.layers.10.mlp.down_proj", "step": 2560}
{"stage": "sequential-round-coordinate", "pid": 2308657, "time": 1789682552.889907, "cuda_visible_devices": "0", "allocated_gib": 5.225533962249756, "reserved_gib": 8.041015625, "peak_allocated_gib": 7.100478649139404, "gpu_time_budget": null, "module": "model.layers.10.mlp.down_proj", "step": 2688}
{"stage": "sequential-round-coordinate", "pid": 2308657, "time": 1789682553.3229003, "cuda_visible_devices": "0", "allocated_gib": 5.225533962249756, "reserved_gib": 8.041015625, "peak_allocated_gib": 7.100478649139404, "gpu_time_budget": null, "module": "model.layers.10.mlp.down_proj", "step": 2816}
{"stage": "sequential-round-coordinate", "pid": 2308657, "time": 1789682553.7524073, "cuda_visible_devices": "0", "allocated_gib": 5.225533962249756, "reserved_gib": 8.041015625, "peak_allocated_gib": 7.100478649139404, "gpu_time_budget": null, "module": "model.layers.10.mlp.down_proj", "step": 2944}
{"stage": "sequential-round-coordinate", "pid": 2308657, "time": 1789682554.1840289, "cuda_visible_devices": "0", "allocated_gib": 5.225533962249756, "reserved_gib": 8.041015625, "peak_allocated_gib": 7.100478649139404, "gpu_time_budget": null, "module": "model.layers.10.mlp.down_proj", "step": 3072}
{"stage": "sequential-round-coordinate", "pid": 2308657, "time": 1789682554.6184416, "cuda_visible_devices": "0", "allocated_gib": 5.225533962249756, "reserved_gib": 8.041015625, "peak_allocated_gib": 7.100478649139404, "gpu_time_budget": null, "module": "model.layers.10.mlp.down_proj", "step": 3200}
{"stage": "sequential-round-coordinate", "pid": 2308657, "time": 1789682555.053456, "cuda_visible_devices": "0", "allocated_gib": 5.225533962249756, "reserved_gib": 8.041015625, "peak_allocated_gib": 7.100478649139404, "gpu_time_budget": null, "module": "model.layers.10.mlp.down_proj", "step": 3328}
{"stage": "sequential-round-coordinate", "pid": 2308657, "time": 1789682555.4950576, "cuda_visible_devices": "0", "allocated_gib": 5.225533962249756, "reserved_gib": 8.041015625, "peak_allocated_gib": 7.100478649139404, "gpu_time_budget": null, "module": "model.layers.10.mlp.down_proj", "step": 3456}
{"stage": "sequential-round-coordinate", "pid": 2308657, "time": 1789682555.9330897, "cuda_visible_devices": "0", "allocated_gib": 5.225533962249756, "reserved_gib": 8.041015625, "peak_allocated_gib": 7.100478649139404, "gpu_time_budget": null, "module": "model.layers.10.mlp.down_proj", "step": 3584}
{"stage": "sequential-round-coordinate", "pid": 2308657, "time": 1789682556.3699744, "cuda_visible_devices": "0", "allocated_gib": 5.225533962249756, "reserved_gib": 8.041015625, "peak_allocated_gib": 7.100478649139404, "gpu_time_budget": null, "module": "model.layers.10.mlp.down_proj", "step": 3712}
{"stage": "sequential-round-coordinate", "pid": 2308657, "time": 1789682556.8052359, "cuda_visible_devices": "0", "allocated_gib": 5.225533962249756, "reserved_gib": 8.041015625, "peak_allocated_gib": 7.100478649139404, "gpu_time_budget": null, "module": "model.layers.10.mlp.down_proj", "step": 3840}
{"stage": "sequential-round-coordinate", "pid": 2308657, "time": 1789682557.2419503, "cuda_visible_devices": "0", "allocated_gib": 5.225533962249756, "reserved_gib": 8.041015625, "peak_allocated_gib": 7.100478649139404, "gpu_time_budget": null, "module": "model.layers.10.mlp.down_proj", "step": 3968}
{"stage": "sequential-round-coordinate", "pid": 2308657, "time": 1789682557.674618, "cuda_visible_devices": "0", "allocated_gib": 5.225533962249756, "reserved_gib": 8.041015625, "peak_allocated_gib": 7.100478649139404, "gpu_time_budget": null, "module": "model.layers.10.mlp.down_proj", "step": 4096}
{"stage": "sequential-round-coordinate", "pid": 2308657, "time": 1789682558.1099188, "cuda_visible_devices": "0", "allocated_gib": 5.225533962249756, "reserved_gib": 8.041015625, "peak_allocated_gib": 7.100478649139404, "gpu_time_budget": null, "module": "model.layers.10.mlp.down_proj", "step": 4224}
{"stage": "sequential-round-coordinate", "pid": 2308657, "time": 1789682558.5635972, "cuda_visible_devices": "0", "allocated_gib": 5.225533962249756, "reserved_gib": 8.041015625, "peak_allocated_gib": 7.100478649139404, "gpu_time_budget": null, "module": "model.layers.10.mlp.down_proj", "step": 4352}
{"stage": "sequential-round-coordinate", "pid": 2308657, "time": 1789682558.9967518, "cuda_visible_devices": "0", "allocated_gib": 5.225533962249756, "reserved_gib": 8.041015625, "peak_allocated_gib": 7.100478649139404, "gpu_time_budget": null, "module": "model.layers.10.mlp.down_proj", "step": 4480}
{"stage": "sequential-round-coordinate", "pid": 2308657, "time": 1789682559.4308555, "cuda_visible_devices": "0", "allocated_gib": 5.225533962249756, "reserved_gib": 8.041015625, "peak_allocated_gib": 7.100478649139404, "gpu_time_budget": null, "module": "model.layers.10.mlp.down_proj", "step": 4608}
{"stage": "sequential-round-coordinate", "pid": 2308657, "time": 1789682559.863373, "cuda_visible_devices": "0", "allocated_gib": 5.225533962249756, "reserved_gib": 8.041015625, "peak_allocated_gib": 7.100478649139404, "gpu_time_budget": null, "module": "model.layers.10.mlp.down_proj", "step": 4736}
{"stage": "sequential-round-coordinate", "pid": 2308657, "time": 1789682560.294624, "cuda_visible_devices": "0", "allocated_gib": 5.225533962249756, "reserved_gib": 8.041015625, "peak_allocated_gib": 7.100478649139404, "gpu_time_budget": null, "module": "model.layers.10.mlp.down_proj", "step": 4864}
{"stage": "sequential-round-coordinate", "pid": 2308657, "time": 1789682560.7274604, "cuda_visible_devices": "0", "allocated_gib": 5.225533962249756, "reserved_gib": 8.041015625, "peak_allocated_gib": 7.100478649139404, "gpu_time_budget": null, "module": "model.layers.10.mlp.down_proj", "step": 4992}
{"stage": "sequential-round-coordinate", "pid": 2308657, "time": 1789682561.159246, "cuda_visible_devices": "0", "allocated_gib": 5.225533962249756, "reserved_gib": 8.041015625, "peak_allocated_gib": 7.100478649139404, "gpu_time_budget": null, "module": "model.layers.10.mlp.down_proj", "step": 5120}
{"stage": "sequential-round-coordinate", "pid": 2308657, "time": 1789682561.5905147, "cuda_visible_devices": "0", "allocated_gib": 5.225533962249756, "reserved_gib": 8.041015625, "peak_allocated_gib": 7.100478649139404, "gpu_time_budget": null, "module": "model.layers.10.mlp.down_proj", "step": 5248}
{"stage": "sequential-round-coordinate", "pid": 2308657, "time": 1789682562.019532, "cuda_visible_devices": "0", "allocated_gib": 5.225533962249756, "reserved_gib": 8.041015625, "peak_allocated_gib": 7.100478649139404, "gpu_time_budget": null, "module": "model.layers.10.mlp.down_proj", "step": 5376}
{"stage": "sequential-round-coordinate", "pid": 2308657, "time": 1789682562.4509795, "cuda_visible_devices": "0", "allocated_gib": 5.225533962249756, "reserved_gib": 8.041015625, "peak_allocated_gib": 7.100478649139404, "gpu_time_budget": null, "module": "model.layers.10.mlp.down_proj", "step": 5504}
{"stage": "sequential-round-coordinate", "pid": 2308657, "time": 1789682562.8822265, "cuda_visible_devices": "0", "allocated_gib": 5.225533962249756, "reserved_gib": 8.041015625, "peak_allocated_gib": 7.100478649139404, "gpu_time_budget": null, "module": "model.layers.10.mlp.down_proj", "step": 5632}
{"stage": "sequential-round-coordinate", "pid": 2308657, "time": 1789682563.3151157, "cuda_visible_devices": "0", "allocated_gib": 5.225533962249756, "reserved_gib": 8.041015625, "peak_allocated_gib": 7.100478649139404, "gpu_time_budget": null, "module": "model.layers.10.mlp.down_proj", "step": 5760}
{"stage": "sequential-round-coordinate", "pid": 2308657, "time": 1789682563.75014, "cuda_visible_devices": "0", "allocated_gib": 5.225533962249756, "reserved_gib": 8.041015625, "peak_allocated_gib": 7.100478649139404, "gpu_time_budget": null, "module": "model.layers.10.mlp.down_proj", "step": 5888}
{"stage": "sequential-round-coordinate", "pid": 2308657, "time": 1789682564.181004, "cuda_visible_devices": "0", "allocated_gib": 5.225533962249756, "reserved_gib": 8.041015625, "peak_allocated_gib": 7.100478649139404, "gpu_time_budget": null, "module": "model.layers.10.mlp.down_proj", "step": 6016}
{"stage": "sequential-round-coordinate", "pid": 2308657, "time": 1789682564.6095502, "cuda_visible_devices": "0", "allocated_gib": 5.225533962249756, "reserved_gib": 8.041015625, "peak_allocated_gib": 7.100478649139404, "gpu_time_budget": null, "module": "model.layers.10.mlp.down_proj", "step": 6144}
{"stage": "sequential-round-coordinate", "pid": 2308657, "time": 1789682565.0394857, "cuda_visible_devices": "0", "allocated_gib": 5.225533962249756, "reserved_gib": 8.041015625, "peak_allocated_gib": 7.100478649139404, "gpu_time_budget": null, "module": "model.layers.10.mlp.down_proj", "step": 6272}
{"stage": "sequential-round-coordinate", "pid": 2308657, "time": 1789682565.4726903, "cuda_visible_devices": "0", "allocated_gib": 5.225533962249756, "reserved_gib": 8.041015625, "peak_allocated_gib": 7.100478649139404, "gpu_time_budget": null, "module": "model.layers.10.mlp.down_proj", "step": 6400}
{"stage": "sequential-round-coordinate", "pid": 2308657, "time": 1789682565.906237, "cuda_visible_devices": "0", "allocated_gib": 5.225533962249756, "reserved_gib": 8.041015625, "peak_allocated_gib": 7.100478649139404, "gpu_time_budget": null, "module": "model.layers.10.mlp.down_proj", "step": 6528}
{"stage": "sequential-round-coordinate", "pid": 2308657, "time": 1789682566.3406413, "cuda_visible_devices": "0", "allocated_gib": 5.225533962249756, "reserved_gib": 8.041015625, "peak_allocated_gib": 7.100478649139404, "gpu_time_budget": null, "module": "model.layers.10.mlp.down_proj", "step": 6656}
{"stage": "sequential-round-coordinate", "pid": 2308657, "time": 1789682566.775101, "cuda_visible_devices": "0", "allocated_gib": 5.225533962249756, "reserved_gib": 8.041015625, "peak_allocated_gib": 7.100478649139404, "gpu_time_budget": null, "module": "model.layers.10.mlp.down_proj", "step": 6784}
{"stage": "sequential-round-coordinate", "pid": 2308657, "time": 1789682567.2147248, "cuda_visible_devices": "0", "allocated_gib": 5.225533962249756, "reserved_gib": 8.041015625, "peak_allocated_gib": 7.100478649139404, "gpu_time_budget": null, "module": "model.layers.10.mlp.down_proj", "step": 6912}
{"stage": "sequential-round-coordinate", "pid": 2308657, "time": 1789682567.6485333, "cuda_visible_devices": "0", "allocated_gib": 5.225533962249756, "reserved_gib": 8.041015625, "peak_allocated_gib": 7.100478649139404, "gpu_time_budget": null, "module": "model.layers.10.mlp.down_proj", "step": 7040}
{"stage": "sequential-round-coordinate", "pid": 2308657, "time": 1789682568.0825167, "cuda_visible_devices": "0", "allocated_gib": 5.225533962249756, "reserved_gib": 8.041015625, "peak_allocated_gib": 7.100478649139404, "gpu_time_budget": null, "module": "model.layers.10.mlp.down_proj", "step": 7168}
{"stage": "sequential-round-coordinate", "pid": 2308657, "time": 1789682568.5196114, "cuda_visible_devices": "0", "allocated_gib": 5.225533962249756, "reserved_gib": 8.041015625, "peak_allocated_gib": 7.100478649139404, "gpu_time_budget": null, "module": "model.layers.10.mlp.down_proj", "step": 7296}
{"stage": "sequential-round-coordinate", "pid": 2308657, "time": 1789682568.9564285, "cuda_visible_devices": "0", "allocated_gib": 5.225533962249756, "reserved_gib": 8.041015625, "peak_allocated_gib": 7.100478649139404, "gpu_time_budget": null, "module": "model.layers.10.mlp.down_proj", "step": 7424}
{"stage": "sequential-round-coordinate", "pid": 2308657, "time": 1789682569.395179, "cuda_visible_devices": "0", "allocated_gib": 5.225533962249756, "reserved_gib": 8.041015625, "peak_allocated_gib": 7.100478649139404, "gpu_time_budget": null, "module": "model.layers.10.mlp.down_proj", "step": 7552}
{"stage": "sequential-round-coordinate", "pid": 2308657, "time": 1789682569.828676, "cuda_visible_devices": "0", "allocated_gib": 5.225533962249756, "reserved_gib": 8.041015625, "peak_allocated_gib": 7.100478649139404, "gpu_time_budget": null, "module": "model.layers.10.mlp.down_proj", "step": 7680}
{"stage": "sequential-round-coordinate", "pid": 2308657, "time": 1789682570.2641494, "cuda_visible_devices": "0", "allocated_gib": 5.225533962249756, "reserved_gib": 8.041015625, "peak_allocated_gib": 7.100478649139404, "gpu_time_budget": null, "module": "model.layers.10.mlp.down_proj", "step": 7808}
{"stage": "sequential-round-coordinate", "pid": 2308657, "time": 1789682570.6991084, "cuda_visible_devices": "0", "allocated_gib": 5.225533962249756, "reserved_gib": 8.041015625, "peak_allocated_gib": 7.100478649139404, "gpu_time_budget": null, "module": "model.layers.10.mlp.down_proj", "step": 7936}
{"stage": "sequential-round-coordinate", "pid": 2308657, "time": 1789682571.1329458, "cuda_visible_devices": "0", "allocated_gib": 5.225533962249756, "reserved_gib": 8.041015625, "peak_allocated_gib": 7.100478649139404, "gpu_time_budget": null, "module": "model.layers.10.mlp.down_proj", "step": 8064}
{"stage": "sequential-round-coordinate", "pid": 2308657, "time": 1789682571.6288881, "cuda_visible_devices": "0", "allocated_gib": 5.225533962249756, "reserved_gib": 8.041015625, "peak_allocated_gib": 7.100478649139404, "gpu_time_budget": null, "module": "model.layers.10.mlp.down_proj", "step": 8192}
{"stage": "sequential-round-train-nll", "pid": 2308657, "time": 1789682571.8042667, "cuda_visible_devices": "0", "allocated_gib": 3.795783519744873, "reserved_gib": 3.80078125, "peak_allocated_gib": 7.100478649139404, "gpu_time_budget": null, "module": "model.layers.10.mlp.down_proj", "step": 512}
Evaluation segment 1/1: start=0, windows=8, seqlen=2048
{"stage": "sequential-round-train-nll", "pid": 2308657, "time": 1789682573.6645389, "cuda_visible_devices": "0", "allocated_gib": 3.795783519744873, "reserved_gib": 5.791015625, "peak_allocated_gib": 7.100478649139404, "gpu_time_budget": null, "module": "model.layers.10.mlp.down_proj", "step": 2048}
Evaluation segment 1/1: start=0, windows=8, seqlen=2048
{"stage": "sequential-round-train-nll", "pid": 2308657, "time": 1789682575.4145112, "cuda_visible_devices": "0", "allocated_gib": 3.795783519744873, "reserved_gib": 5.791015625, "peak_allocated_gib": 7.100478649139404, "gpu_time_budget": null, "module": "model.layers.10.mlp.down_proj", "step": 8192}
Evaluation segment 1/1: start=0, windows=8, seqlen=2048
{"stage": "sequential-module-completed", "pid": 2308657, "time": 1789682577.2681522, "cuda_visible_devices": "0", "allocated_gib": 3.795783519744873, "reserved_gib": 5.791015625, "peak_allocated_gib": 7.100478649139404, "gpu_time_budget": null, "module": "model.layers.10.mlp.down_proj", "completed": 11, "total": 28, "selected_train_nll": 3.0269689859391318, "elapsed_seconds": 347.1410843200283}
{"stage": "sequential-round-fit", "pid": 2308657, "time": 1789682578.5960221, "cuda_visible_devices": "0", "allocated_gib": 3.795783519744873, "reserved_gib": 5.791015625, "peak_allocated_gib": 7.100478649139404, "gpu_time_budget": null, "module": "model.layers.11.mlp.down_proj", "fit_rows": 49152, "heldout_rows": 16384}
{"stage": "sequential-round-coordinate", "pid": 2308657, "time": 1789682579.2561738, "cuda_visible_devices": "0", "allocated_gib": 5.225533962249756, "reserved_gib": 8.041015625, "peak_allocated_gib": 7.100478649139404, "gpu_time_budget": null, "module": "model.layers.11.mlp.down_proj", "step": 128}
{"stage": "sequential-round-coordinate", "pid": 2308657, "time": 1789682579.68863, "cuda_visible_devices": "0", "allocated_gib": 5.225533962249756, "reserved_gib": 8.041015625, "peak_allocated_gib": 7.100478649139404, "gpu_time_budget": null, "module": "model.layers.11.mlp.down_proj", "step": 256}
{"stage": "sequential-round-coordinate", "pid": 2308657, "time": 1789682580.1208766, "cuda_visible_devices": "0", "allocated_gib": 5.225533962249756, "reserved_gib": 8.041015625, "peak_allocated_gib": 7.100478649139404, "gpu_time_budget": null, "module": "model.layers.11.mlp.down_proj", "step": 384}
{"stage": "sequential-round-coordinate", "pid": 2308657, "time": 1789682580.6042416, "cuda_visible_devices": "0", "allocated_gib": 5.225533962249756, "reserved_gib": 8.041015625, "peak_allocated_gib": 7.100478649139404, "gpu_time_budget": null, "module": "model.layers.11.mlp.down_proj", "step": 512}
{"stage": "sequential-round-coordinate", "pid": 2308657, "time": 1789682581.0379596, "cuda_visible_devices": "0", "allocated_gib": 5.225533962249756, "reserved_gib": 8.041015625, "peak_allocated_gib": 7.100478649139404, "gpu_time_budget": null, "module": "model.layers.11.mlp.down_proj", "step": 640}
{"stage": "sequential-round-coordinate", "pid": 2308657, "time": 1789682581.4714973, "cuda_visible_devices": "0", "allocated_gib": 5.225533962249756, "reserved_gib": 8.041015625, "peak_allocated_gib": 7.100478649139404, "gpu_time_budget": null, "module": "model.layers.11.mlp.down_proj", "step": 768}
{"stage": "sequential-round-coordinate", "pid": 2308657, "time": 1789682581.9017997, "cuda_visible_devices": "0", "allocated_gib": 5.225533962249756, "reserved_gib": 8.041015625, "peak_allocated_gib": 7.100478649139404, "gpu_time_budget": null, "module": "model.layers.11.mlp.down_proj", "step": 896}
{"stage": "sequential-round-coordinate", "pid": 2308657, "time": 1789682582.3345895, "cuda_visible_devices": "0", "allocated_gib": 5.225533962249756, "reserved_gib": 8.041015625, "peak_allocated_gib": 7.100478649139404, "gpu_time_budget": null, "module": "model.layers.11.mlp.down_proj", "step": 1024}
{"stage": "sequential-round-coordinate", "pid": 2308657, "time": 1789682582.765093, "cuda_visible_devices": "0", "allocated_gib": 5.225533962249756, "reserved_gib": 8.041015625, "peak_allocated_gib": 7.100478649139404, "gpu_time_budget": null, "module": "model.layers.11.mlp.down_proj", "step": 1152}
{"stage": "sequential-round-coordinate", "pid": 2308657, "time": 1789682583.1975656, "cuda_visible_devices": "0", "allocated_gib": 5.225533962249756, "reserved_gib": 8.041015625, "peak_allocated_gib": 7.100478649139404, "gpu_time_budget": null, "module": "model.layers.11.mlp.down_proj", "step": 1280}
{"stage": "sequential-round-coordinate", "pid": 2308657, "time": 1789682583.6311047, "cuda_visible_devices": "0", "allocated_gib": 5.225533962249756, "reserved_gib": 8.041015625, "peak_allocated_gib": 7.100478649139404, "gpu_time_budget": null, "module": "model.layers.11.mlp.down_proj", "step": 1408}
{"stage": "sequential-round-coordinate", "pid": 2308657, "time": 1789682584.0641427, "cuda_visible_devices": "0", "allocated_gib": 5.225533962249756, "reserved_gib": 8.041015625, "peak_allocated_gib": 7.100478649139404, "gpu_time_budget": null, "module": "model.layers.11.mlp.down_proj", "step": 1536}
{"stage": "sequential-round-coordinate", "pid": 2308657, "time": 1789682584.4968014, "cuda_visible_devices": "0", "allocated_gib": 5.225533962249756, "reserved_gib": 8.041015625, "peak_allocated_gib": 7.100478649139404, "gpu_time_budget": null, "module": "model.layers.11.mlp.down_proj", "step": 1664}
{"stage": "sequential-round-coordinate", "pid": 2308657, "time": 1789682584.9298463, "cuda_visible_devices": "0", "allocated_gib": 5.225533962249756, "reserved_gib": 8.041015625, "peak_allocated_gib": 7.100478649139404, "gpu_time_budget": null, "module": "model.layers.11.mlp.down_proj", "step": 1792}
{"stage": "sequential-round-coordinate", "pid": 2308657, "time": 1789682585.3637109, "cuda_visible_devices": "0", "allocated_gib": 5.225533962249756, "reserved_gib": 8.041015625, "peak_allocated_gib": 7.100478649139404, "gpu_time_budget": null, "module": "model.layers.11.mlp.down_proj", "step": 1920}
{"stage": "sequential-round-coordinate", "pid": 2308657, "time": 1789682585.8409302, "cuda_visible_devices": "0", "allocated_gib": 5.225533962249756, "reserved_gib": 8.041015625, "peak_allocated_gib": 7.100478649139404, "gpu_time_budget": null, "module": "model.layers.11.mlp.down_proj", "step": 2048}
{"stage": "sequential-round-coordinate", "pid": 2308657, "time": 1789682586.2765672, "cuda_visible_devices": "0", "allocated_gib": 5.225533962249756, "reserved_gib": 8.041015625, "peak_allocated_gib": 7.100478649139404, "gpu_time_budget": null, "module": "model.layers.11.mlp.down_proj", "step": 2176}
{"stage": "sequential-round-coordinate", "pid": 2308657, "time": 1789682586.7108285, "cuda_visible_devices": "0", "allocated_gib": 5.225533962249756, "reserved_gib": 8.041015625, "peak_allocated_gib": 7.100478649139404, "gpu_time_budget": null, "module": "model.layers.11.mlp.down_proj", "step": 2304}
{"stage": "sequential-round-coordinate", "pid": 2308657, "time": 1789682587.1438892, "cuda_visible_devices": "0", "allocated_gib": 5.225533962249756, "reserved_gib": 8.041015625, "peak_allocated_gib": 7.100478649139404, "gpu_time_budget": null, "module": "model.layers.11.mlp.down_proj", "step": 2432}
{"stage": "sequential-round-coordinate", "pid": 2308657, "time": 1789682587.5771725, "cuda_visible_devices": "0", "allocated_gib": 5.225533962249756, "reserved_gib": 8.041015625, "peak_allocated_gib": 7.100478649139404, "gpu_time_budget": null, "module": "model.layers.11.mlp.down_proj", "step": 2560}
{"stage": "sequential-round-coordinate", "pid": 2308657, "time": 1789682588.01001, "cuda_visible_devices": "0", "allocated_gib": 5.225533962249756, "reserved_gib": 8.041015625, "peak_allocated_gib": 7.100478649139404, "gpu_time_budget": null, "module": "model.layers.11.mlp.down_proj", "step": 2688}
{"stage": "sequential-round-coordinate", "pid": 2308657, "time": 1789682588.4434788, "cuda_visible_devices": "0", "allocated_gib": 5.225533962249756, "reserved_gib": 8.041015625, "peak_allocated_gib": 7.100478649139404, "gpu_time_budget": null, "module": "model.layers.11.mlp.down_proj", "step": 2816}
{"stage": "sequential-round-coordinate", "pid": 2308657, "time": 1789682588.8785675, "cuda_visible_devices": "0", "allocated_gib": 5.225533962249756, "reserved_gib": 8.041015625, "peak_allocated_gib": 7.100478649139404, "gpu_time_budget": null, "module": "model.layers.11.mlp.down_proj", "step": 2944}
{"stage": "sequential-round-coordinate", "pid": 2308657, "time": 1789682589.3103268, "cuda_visible_devices": "0", "allocated_gib": 5.225533962249756, "reserved_gib": 8.041015625, "peak_allocated_gib": 7.100478649139404, "gpu_time_budget": null, "module": "model.layers.11.mlp.down_proj", "step": 3072}
{"stage": "sequential-round-coordinate", "pid": 2308657, "time": 1789682589.743663, "cuda_visible_devices": "0", "allocated_gib": 5.225533962249756, "reserved_gib": 8.041015625, "peak_allocated_gib": 7.100478649139404, "gpu_time_budget": null, "module": "model.layers.11.mlp.down_proj", "step": 3200}
{"stage": "sequential-round-coordinate", "pid": 2308657, "time": 1789682590.1775036, "cuda_visible_devices": "0", "allocated_gib": 5.225533962249756, "reserved_gib": 8.041015625, "peak_allocated_gib": 7.100478649139404, "gpu_time_budget": null, "module": "model.layers.11.mlp.down_proj", "step": 3328}
{"stage": "sequential-round-coordinate", "pid": 2308657, "time": 1789682590.6099336, "cuda_visible_devices": "0", "allocated_gib": 5.225533962249756, "reserved_gib": 8.041015625, "peak_allocated_gib": 7.100478649139404, "gpu_time_budget": null, "module": "model.layers.11.mlp.down_proj", "step": 3456}
{"stage": "sequential-round-coordinate", "pid": 2308657, "time": 1789682591.0398543, "cuda_visible_devices": "0", "allocated_gib": 5.225533962249756, "reserved_gib": 8.041015625, "peak_allocated_gib": 7.100478649139404, "gpu_time_budget": null, "module": "model.layers.11.mlp.down_proj", "step": 3584}
{"stage": "sequential-round-coordinate", "pid": 2308657, "time": 1789682591.4709165, "cuda_visible_devices": "0", "allocated_gib": 5.225533962249756, "reserved_gib": 8.041015625, "peak_allocated_gib": 7.100478649139404, "gpu_time_budget": null, "module": "model.layers.11.mlp.down_proj", "step": 3712}
{"stage": "sequential-round-coordinate", "pid": 2308657, "time": 1789682591.9009182, "cuda_visible_devices": "0", "allocated_gib": 5.225533962249756, "reserved_gib": 8.041015625, "peak_allocated_gib": 7.100478649139404, "gpu_time_budget": null, "module": "model.layers.11.mlp.down_proj", "step": 3840}
{"stage": "sequential-round-coordinate", "pid": 2308657, "time": 1789682592.3327467, "cuda_visible_devices": "0", "allocated_gib": 5.225533962249756, "reserved_gib": 8.041015625, "peak_allocated_gib": 7.100478649139404, "gpu_time_budget": null, "module": "model.layers.11.mlp.down_proj", "step": 3968}
{"stage": "sequential-round-coordinate", "pid": 2308657, "time": 1789682592.7653742, "cuda_visible_devices": "0", "allocated_gib": 5.225533962249756, "reserved_gib": 8.041015625, "peak_allocated_gib": 7.100478649139404, "gpu_time_budget": null, "module": "model.layers.11.mlp.down_proj", "step": 4096}
{"stage": "sequential-round-coordinate", "pid": 2308657, "time": 1789682593.1972423, "cuda_visible_devices": "0", "allocated_gib": 5.225533962249756, "reserved_gib": 8.041015625, "peak_allocated_gib": 7.100478649139404, "gpu_time_budget": null, "module": "model.layers.11.mlp.down_proj", "step": 4224}
{"stage": "sequential-round-coordinate", "pid": 2308657, "time": 1789682593.6309686, "cuda_visible_devices": "0", "allocated_gib": 5.225533962249756, "reserved_gib": 8.041015625, "peak_allocated_gib": 7.100478649139404, "gpu_time_budget": null, "module": "model.layers.11.mlp.down_proj", "step": 4352}
{"stage": "sequential-round-coordinate", "pid": 2308657, "time": 1789682594.0648015, "cuda_visible_devices": "0", "allocated_gib": 5.225533962249756, "reserved_gib": 8.041015625, "peak_allocated_gib": 7.100478649139404, "gpu_time_budget": null, "module": "model.layers.11.mlp.down_proj", "step": 4480}
{"stage": "sequential-round-coordinate", "pid": 2308657, "time": 1789682594.4956775, "cuda_visible_devices": "0", "allocated_gib": 5.225533962249756, "reserved_gib": 8.041015625, "peak_allocated_gib": 7.100478649139404, "gpu_time_budget": null, "module": "model.layers.11.mlp.down_proj", "step": 4608}
{"stage": "sequential-round-coordinate", "pid": 2308657, "time": 1789682594.9276538, "cuda_visible_devices": "0", "allocated_gib": 5.225533962249756, "reserved_gib": 8.041015625, "peak_allocated_gib": 7.100478649139404, "gpu_time_budget": null, "module": "model.layers.11.mlp.down_proj", "step": 4736}
{"stage": "sequential-round-coordinate", "pid": 2308657, "time": 1789682595.3586426, "cuda_visible_devices": "0", "allocated_gib": 5.225533962249756, "reserved_gib": 8.041015625, "peak_allocated_gib": 7.100478649139404, "gpu_time_budget": null, "module": "model.layers.11.mlp.down_proj", "step": 4864}
{"stage": "sequential-round-coordinate", "pid": 2308657, "time": 1789682595.7900207, "cuda_visible_devices": "0", "allocated_gib": 5.225533962249756, "reserved_gib": 8.041015625, "peak_allocated_gib": 7.100478649139404, "gpu_time_budget": null, "module": "model.layers.11.mlp.down_proj", "step": 4992}
{"stage": "sequential-round-coordinate", "pid": 2308657, "time": 1789682596.2210205, "cuda_visible_devices": "0", "allocated_gib": 5.225533962249756, "reserved_gib": 8.041015625, "peak_allocated_gib": 7.100478649139404, "gpu_time_budget": null, "module": "model.layers.11.mlp.down_proj", "step": 5120}
{"stage": "sequential-round-coordinate", "pid": 2308657, "time": 1789682596.6512976, "cuda_visible_devices": "0", "allocated_gib": 5.225533962249756, "reserved_gib": 8.041015625, "peak_allocated_gib": 7.100478649139404, "gpu_time_budget": null, "module": "model.layers.11.mlp.down_proj", "step": 5248}
{"stage": "sequential-round-coordinate", "pid": 2308657, "time": 1789682597.0817811, "cuda_visible_devices": "0", "allocated_gib": 5.225533962249756, "reserved_gib": 8.041015625, "peak_allocated_gib": 7.100478649139404, "gpu_time_budget": null, "module": "model.layers.11.mlp.down_proj", "step": 5376}
{"stage": "sequential-round-coordinate", "pid": 2308657, "time": 1789682597.5152206, "cuda_visible_devices": "0", "allocated_gib": 5.225533962249756, "reserved_gib": 8.041015625, "peak_allocated_gib": 7.100478649139404, "gpu_time_budget": null, "module": "model.layers.11.mlp.down_proj", "step": 5504}
{"stage": "sequential-round-coordinate", "pid": 2308657, "time": 1789682597.9452686, "cuda_visible_devices": "0", "allocated_gib": 5.225533962249756, "reserved_gib": 8.041015625, "peak_allocated_gib": 7.100478649139404, "gpu_time_budget": null, "module": "model.layers.11.mlp.down_proj", "step": 5632}
{"stage": "sequential-round-coordinate", "pid": 2308657, "time": 1789682598.376336, "cuda_visible_devices": "0", "allocated_gib": 5.225533962249756, "reserved_gib": 8.041015625, "peak_allocated_gib": 7.100478649139404, "gpu_time_budget": null, "module": "model.layers.11.mlp.down_proj", "step": 5760}
{"stage": "sequential-round-coordinate", "pid": 2308657, "time": 1789682598.8059323, "cuda_visible_devices": "0", "allocated_gib": 5.225533962249756, "reserved_gib": 8.041015625, "peak_allocated_gib": 7.100478649139404, "gpu_time_budget": null, "module": "model.layers.11.mlp.down_proj", "step": 5888}
{"stage": "sequential-round-coordinate", "pid": 2308657, "time": 1789682599.2357848, "cuda_visible_devices": "0", "allocated_gib": 5.225533962249756, "reserved_gib": 8.041015625, "peak_allocated_gib": 7.100478649139404, "gpu_time_budget": null, "module": "model.layers.11.mlp.down_proj", "step": 6016}
{"stage": "sequential-round-coordinate", "pid": 2308657, "time": 1789682599.6662323, "cuda_visible_devices": "0", "allocated_gib": 5.225533962249756, "reserved_gib": 8.041015625, "peak_allocated_gib": 7.100478649139404, "gpu_time_budget": null, "module": "model.layers.11.mlp.down_proj", "step": 6144}
{"stage": "sequential-round-coordinate", "pid": 2308657, "time": 1789682600.0966408, "cuda_visible_devices": "0", "allocated_gib": 5.225533962249756, "reserved_gib": 8.041015625, "peak_allocated_gib": 7.100478649139404, "gpu_time_budget": null, "module": "model.layers.11.mlp.down_proj", "step": 6272}
{"stage": "sequential-round-coordinate", "pid": 2308657, "time": 1789682600.5278075, "cuda_visible_devices": "0", "allocated_gib": 5.225533962249756, "reserved_gib": 8.041015625, "peak_allocated_gib": 7.100478649139404, "gpu_time_budget": null, "module": "model.layers.11.mlp.down_proj", "step": 6400}
{"stage": "sequential-round-coordinate", "pid": 2308657, "time": 1789682600.958343, "cuda_visible_devices": "0", "allocated_gib": 5.225533962249756, "reserved_gib": 8.041015625, "peak_allocated_gib": 7.100478649139404, "gpu_time_budget": null, "module": "model.layers.11.mlp.down_proj", "step": 6528}
{"stage": "sequential-round-coordinate", "pid": 2308657, "time": 1789682601.3890853, "cuda_visible_devices": "0", "allocated_gib": 5.225533962249756, "reserved_gib": 8.041015625, "peak_allocated_gib": 7.100478649139404, "gpu_time_budget": null, "module": "model.layers.11.mlp.down_proj", "step": 6656}
{"stage": "sequential-round-coordinate", "pid": 2308657, "time": 1789682601.8233662, "cuda_visible_devices": "0", "allocated_gib": 5.225533962249756, "reserved_gib": 8.041015625, "peak_allocated_gib": 7.100478649139404, "gpu_time_budget": null, "module": "model.layers.11.mlp.down_proj", "step": 6784}
{"stage": "sequential-round-coordinate", "pid": 2308657, "time": 1789682602.2524817, "cuda_visible_devices": "0", "allocated_gib": 5.225533962249756, "reserved_gib": 8.041015625, "peak_allocated_gib": 7.100478649139404, "gpu_time_budget": null, "module": "model.layers.11.mlp.down_proj", "step": 6912}
{"stage": "sequential-round-coordinate", "pid": 2308657, "time": 1789682602.6854556, "cuda_visible_devices": "0", "allocated_gib": 5.225533962249756, "reserved_gib": 8.041015625, "peak_allocated_gib": 7.100478649139404, "gpu_time_budget": null, "module": "model.layers.11.mlp.down_proj", "step": 7040}
{"stage": "sequential-round-coordinate", "pid": 2308657, "time": 1789682603.1166599, "cuda_visible_devices": "0", "allocated_gib": 5.225533962249756, "reserved_gib": 8.041015625, "peak_allocated_gib": 7.100478649139404, "gpu_time_budget": null, "module": "model.layers.11.mlp.down_proj", "step": 7168}
{"stage": "sequential-round-coordinate", "pid": 2308657, "time": 1789682603.5480044, "cuda_visible_devices": "0", "allocated_gib": 5.225533962249756, "reserved_gib": 8.041015625, "peak_allocated_gib": 7.100478649139404, "gpu_time_budget": null, "module": "model.layers.11.mlp.down_proj", "step": 7296}
{"stage": "sequential-round-coordinate", "pid": 2308657, "time": 1789682603.9770215, "cuda_visible_devices": "0", "allocated_gib": 5.225533962249756, "reserved_gib": 8.041015625, "peak_allocated_gib": 7.100478649139404, "gpu_time_budget": null, "module": "model.layers.11.mlp.down_proj", "step": 7424}
{"stage": "sequential-round-coordinate", "pid": 2308657, "time": 1789682604.4107645, "cuda_visible_devices": "0", "allocated_gib": 5.225533962249756, "reserved_gib": 8.041015625, "peak_allocated_gib": 7.100478649139404, "gpu_time_budget": null, "module": "model.layers.11.mlp.down_proj", "step": 7552}
{"stage": "sequential-round-coordinate", "pid": 2308657, "time": 1789682604.8443687, "cuda_visible_devices": "0", "allocated_gib": 5.225533962249756, "reserved_gib": 8.041015625, "peak_allocated_gib": 7.100478649139404, "gpu_time_budget": null, "module": "model.layers.11.mlp.down_proj", "step": 7680}
{"stage": "sequential-round-coordinate", "pid": 2308657, "time": 1789682605.2741497, "cuda_visible_devices": "0", "allocated_gib": 5.225533962249756, "reserved_gib": 8.041015625, "peak_allocated_gib": 7.100478649139404, "gpu_time_budget": null, "module": "model.layers.11.mlp.down_proj", "step": 7808}
{"stage": "sequential-round-coordinate", "pid": 2308657, "time": 1789682605.7085297, "cuda_visible_devices": "0", "allocated_gib": 5.225533962249756, "reserved_gib": 8.041015625, "peak_allocated_gib": 7.100478649139404, "gpu_time_budget": null, "module": "model.layers.11.mlp.down_proj", "step": 7936}
{"stage": "sequential-round-coordinate", "pid": 2308657, "time": 1789682606.1414382, "cuda_visible_devices": "0", "allocated_gib": 5.225533962249756, "reserved_gib": 8.041015625, "peak_allocated_gib": 7.100478649139404, "gpu_time_budget": null, "module": "model.layers.11.mlp.down_proj", "step": 8064}
{"stage": "sequential-round-coordinate", "pid": 2308657, "time": 1789682606.6184561, "cuda_visible_devices": "0", "allocated_gib": 5.225533962249756, "reserved_gib": 8.041015625, "peak_allocated_gib": 7.100478649139404, "gpu_time_budget": null, "module": "model.layers.11.mlp.down_proj", "step": 8192}
{"stage": "sequential-round-train-nll", "pid": 2308657, "time": 1789682606.6621904, "cuda_visible_devices": "0", "allocated_gib": 3.795783519744873, "reserved_gib": 3.80078125, "peak_allocated_gib": 7.100478649139404, "gpu_time_budget": null, "module": "model.layers.11.mlp.down_proj", "step": 512}
Evaluation segment 1/1: start=0, windows=8, seqlen=2048
{"stage": "sequential-round-train-nll", "pid": 2308657, "time": 1789682608.4412048, "cuda_visible_devices": "0", "allocated_gib": 3.795783519744873, "reserved_gib": 5.791015625, "peak_allocated_gib": 7.100478649139404, "gpu_time_budget": null, "module": "model.layers.11.mlp.down_proj", "step": 2048}
Evaluation segment 1/1: start=0, windows=8, seqlen=2048
{"stage": "sequential-round-train-nll", "pid": 2308657, "time": 1789682610.1775632, "cuda_visible_devices": "0", "allocated_gib": 3.795783519744873, "reserved_gib": 5.791015625, "peak_allocated_gib": 7.100478649139404, "gpu_time_budget": null, "module": "model.layers.11.mlp.down_proj", "step": 8192}
Evaluation segment 1/1: start=0, windows=8, seqlen=2048
{"stage": "sequential-module-completed", "pid": 2308657, "time": 1789682612.1340547, "cuda_visible_devices": "0", "allocated_gib": 3.795783519744873, "reserved_gib": 5.791015625, "peak_allocated_gib": 7.100478649139404, "gpu_time_budget": null, "module": "model.layers.11.mlp.down_proj", "completed": 12, "total": 28, "selected_train_nll": 3.0258937644537864, "elapsed_seconds": 382.00697753205895}
{"stage": "sequential-round-fit", "pid": 2308657, "time": 1789682613.7065008, "cuda_visible_devices": "0", "allocated_gib": 3.795783519744873, "reserved_gib": 5.791015625, "peak_allocated_gib": 7.100478649139404, "gpu_time_budget": null, "module": "model.layers.12.mlp.down_proj", "fit_rows": 49152, "heldout_rows": 16384}
{"stage": "sequential-round-coordinate", "pid": 2308657, "time": 1789682614.3890467, "cuda_visible_devices": "0", "allocated_gib": 5.225533962249756, "reserved_gib": 8.041015625, "peak_allocated_gib": 7.100478649139404, "gpu_time_budget": null, "module": "model.layers.12.mlp.down_proj", "step": 128}
{"stage": "sequential-round-coordinate", "pid": 2308657, "time": 1789682614.8231833, "cuda_visible_devices": "0", "allocated_gib": 5.225533962249756, "reserved_gib": 8.041015625, "peak_allocated_gib": 7.100478649139404, "gpu_time_budget": null, "module": "model.layers.12.mlp.down_proj", "step": 256}
{"stage": "sequential-round-coordinate", "pid": 2308657, "time": 1789682615.2573085, "cuda_visible_devices": "0", "allocated_gib": 5.225533962249756, "reserved_gib": 8.041015625, "peak_allocated_gib": 7.100478649139404, "gpu_time_budget": null, "module": "model.layers.12.mlp.down_proj", "step": 384}
{"stage": "sequential-round-coordinate", "pid": 2308657, "time": 1789682615.7394388, "cuda_visible_devices": "0", "allocated_gib": 5.225533962249756, "reserved_gib": 8.041015625, "peak_allocated_gib": 7.100478649139404, "gpu_time_budget": null, "module": "model.layers.12.mlp.down_proj", "step": 512}
{"stage": "sequential-round-coordinate", "pid": 2308657, "time": 1789682616.1786718, "cuda_visible_devices": "0", "allocated_gib": 5.225533962249756, "reserved_gib": 8.041015625, "peak_allocated_gib": 7.100478649139404, "gpu_time_budget": null, "module": "model.layers.12.mlp.down_proj", "step": 640}
{"stage": "sequential-round-coordinate", "pid": 2308657, "time": 1789682616.612727, "cuda_visible_devices": "0", "allocated_gib": 5.225533962249756, "reserved_gib": 8.041015625, "peak_allocated_gib": 7.100478649139404, "gpu_time_budget": null, "module": "model.layers.12.mlp.down_proj", "step": 768}
{"stage": "sequential-round-coordinate", "pid": 2308657, "time": 1789682617.0479848, "cuda_visible_devices": "0", "allocated_gib": 5.225533962249756, "reserved_gib": 8.041015625, "peak_allocated_gib": 7.100478649139404, "gpu_time_budget": null, "module": "model.layers.12.mlp.down_proj", "step": 896}
{"stage": "sequential-round-coordinate", "pid": 2308657, "time": 1789682617.4787889, "cuda_visible_devices": "0", "allocated_gib": 5.225533962249756, "reserved_gib": 8.041015625, "peak_allocated_gib": 7.100478649139404, "gpu_time_budget": null, "module": "model.layers.12.mlp.down_proj", "step": 1024}
{"stage": "sequential-round-coordinate", "pid": 2308657, "time": 1789682617.9137414, "cuda_visible_devices": "0", "allocated_gib": 5.225533962249756, "reserved_gib": 8.041015625, "peak_allocated_gib": 7.100478649139404, "gpu_time_budget": null, "module": "model.layers.12.mlp.down_proj", "step": 1152}
{"stage": "sequential-round-coordinate", "pid": 2308657, "time": 1789682618.3473594, "cuda_visible_devices": "0", "allocated_gib": 5.225533962249756, "reserved_gib": 8.041015625, "peak_allocated_gib": 7.100478649139404, "gpu_time_budget": null, "module": "model.layers.12.mlp.down_proj", "step": 1280}
{"stage": "sequential-round-coordinate", "pid": 2308657, "time": 1789682618.7814536, "cuda_visible_devices": "0", "allocated_gib": 5.225533962249756, "reserved_gib": 8.041015625, "peak_allocated_gib": 7.100478649139404, "gpu_time_budget": null, "module": "model.layers.12.mlp.down_proj", "step": 1408}
{"stage": "sequential-round-coordinate", "pid": 2308657, "time": 1789682619.2142634, "cuda_visible_devices": "0", "allocated_gib": 5.225533962249756, "reserved_gib": 8.041015625, "peak_allocated_gib": 7.100478649139404, "gpu_time_budget": null, "module": "model.layers.12.mlp.down_proj", "step": 1536}
{"stage": "sequential-round-coordinate", "pid": 2308657, "time": 1789682619.6483529, "cuda_visible_devices": "0", "allocated_gib": 5.225533962249756, "reserved_gib": 8.041015625, "peak_allocated_gib": 7.100478649139404, "gpu_time_budget": null, "module": "model.layers.12.mlp.down_proj", "step": 1664}
{"stage": "sequential-round-coordinate", "pid": 2308657, "time": 1789682620.0809598, "cuda_visible_devices": "0", "allocated_gib": 5.225533962249756, "reserved_gib": 8.041015625, "peak_allocated_gib": 7.100478649139404, "gpu_time_budget": null, "module": "model.layers.12.mlp.down_proj", "step": 1792}
{"stage": "sequential-round-coordinate", "pid": 2308657, "time": 1789682620.5125904, "cuda_visible_devices": "0", "allocated_gib": 5.225533962249756, "reserved_gib": 8.041015625, "peak_allocated_gib": 7.100478649139404, "gpu_time_budget": null, "module": "model.layers.12.mlp.down_proj", "step": 1920}
{"stage": "sequential-round-coordinate", "pid": 2308657, "time": 1789682620.9892106, "cuda_visible_devices": "0", "allocated_gib": 5.225533962249756, "reserved_gib": 8.041015625, "peak_allocated_gib": 7.100478649139404, "gpu_time_budget": null, "module": "model.layers.12.mlp.down_proj", "step": 2048}
{"stage": "sequential-round-coordinate", "pid": 2308657, "time": 1789682621.4219937, "cuda_visible_devices": "0", "allocated_gib": 5.225533962249756, "reserved_gib": 8.041015625, "peak_allocated_gib": 7.100478649139404, "gpu_time_budget": null, "module": "model.layers.12.mlp.down_proj", "step": 2176}
{"stage": "sequential-round-coordinate", "pid": 2308657, "time": 1789682621.8555784, "cuda_visible_devices": "0", "allocated_gib": 5.225533962249756, "reserved_gib": 8.041015625, "peak_allocated_gib": 7.100478649139404, "gpu_time_budget": null, "module": "model.layers.12.mlp.down_proj", "step": 2304}
{"stage": "sequential-round-coordinate", "pid": 2308657, "time": 1789682622.2879736, "cuda_visible_devices": "0", "allocated_gib": 5.225533962249756, "reserved_gib": 8.041015625, "peak_allocated_gib": 7.100478649139404, "gpu_time_budget": null, "module": "model.layers.12.mlp.down_proj", "step": 2432}
{"stage": "sequential-round-coordinate", "pid": 2308657, "time": 1789682622.7214694, "cuda_visible_devices": "0", "allocated_gib": 5.225533962249756, "reserved_gib": 8.041015625, "peak_allocated_gib": 7.100478649139404, "gpu_time_budget": null, "module": "model.layers.12.mlp.down_proj", "step": 2560}
{"stage": "sequential-round-coordinate", "pid": 2308657, "time": 1789682623.1529527, "cuda_visible_devices": "0", "allocated_gib": 5.225533962249756, "reserved_gib": 8.041015625, "peak_allocated_gib": 7.100478649139404, "gpu_time_budget": null, "module": "model.layers.12.mlp.down_proj", "step": 2688}
{"stage": "sequential-round-coordinate", "pid": 2308657, "time": 1789682623.5840507, "cuda_visible_devices": "0", "allocated_gib": 5.225533962249756, "reserved_gib": 8.041015625, "peak_allocated_gib": 7.100478649139404, "gpu_time_budget": null, "module": "model.layers.12.mlp.down_proj", "step": 2816}
{"stage": "sequential-round-coordinate", "pid": 2308657, "time": 1789682624.0176127, "cuda_visible_devices": "0", "allocated_gib": 5.225533962249756, "reserved_gib": 8.041015625, "peak_allocated_gib": 7.100478649139404, "gpu_time_budget": null, "module": "model.layers.12.mlp.down_proj", "step": 2944}
{"stage": "sequential-round-coordinate", "pid": 2308657, "time": 1789682624.4507523, "cuda_visible_devices": "0", "allocated_gib": 5.225533962249756, "reserved_gib": 8.041015625, "peak_allocated_gib": 7.100478649139404, "gpu_time_budget": null, "module": "model.layers.12.mlp.down_proj", "step": 3072}
{"stage": "sequential-round-coordinate", "pid": 2308657, "time": 1789682624.8830893, "cuda_visible_devices": "0", "allocated_gib": 5.225533962249756, "reserved_gib": 8.041015625, "peak_allocated_gib": 7.100478649139404, "gpu_time_budget": null, "module": "model.layers.12.mlp.down_proj", "step": 3200}
{"stage": "sequential-round-coordinate", "pid": 2308657, "time": 1789682625.3159533, "cuda_visible_devices": "0", "allocated_gib": 5.225533962249756, "reserved_gib": 8.041015625, "peak_allocated_gib": 7.100478649139404, "gpu_time_budget": null, "module": "model.layers.12.mlp.down_proj", "step": 3328}
{"stage": "sequential-round-coordinate", "pid": 2308657, "time": 1789682625.7495093, "cuda_visible_devices": "0", "allocated_gib": 5.225533962249756, "reserved_gib": 8.041015625, "peak_allocated_gib": 7.100478649139404, "gpu_time_budget": null, "module": "model.layers.12.mlp.down_proj", "step": 3456}
{"stage": "sequential-round-coordinate", "pid": 2308657, "time": 1789682626.1836255, "cuda_visible_devices": "0", "allocated_gib": 5.225533962249756, "reserved_gib": 8.041015625, "peak_allocated_gib": 7.100478649139404, "gpu_time_budget": null, "module": "model.layers.12.mlp.down_proj", "step": 3584}
{"stage": "sequential-round-coordinate", "pid": 2308657, "time": 1789682626.616086, "cuda_visible_devices": "0", "allocated_gib": 5.225533962249756, "reserved_gib": 8.041015625, "peak_allocated_gib": 7.100478649139404, "gpu_time_budget": null, "module": "model.layers.12.mlp.down_proj", "step": 3712}
{"stage": "sequential-round-coordinate", "pid": 2308657, "time": 1789682627.050859, "cuda_visible_devices": "0", "allocated_gib": 5.225533962249756, "reserved_gib": 8.041015625, "peak_allocated_gib": 7.100478649139404, "gpu_time_budget": null, "module": "model.layers.12.mlp.down_proj", "step": 3840}
{"stage": "sequential-round-coordinate", "pid": 2308657, "time": 1789682627.4847887, "cuda_visible_devices": "0", "allocated_gib": 5.225533962249756, "reserved_gib": 8.041015625, "peak_allocated_gib": 7.100478649139404, "gpu_time_budget": null, "module": "model.layers.12.mlp.down_proj", "step": 3968}
{"stage": "sequential-round-coordinate", "pid": 2308657, "time": 1789682627.9186466, "cuda_visible_devices": "0", "allocated_gib": 5.225533962249756, "reserved_gib": 8.041015625, "peak_allocated_gib": 7.100478649139404, "gpu_time_budget": null, "module": "model.layers.12.mlp.down_proj", "step": 4096}
{"stage": "sequential-round-coordinate", "pid": 2308657, "time": 1789682628.3553126, "cuda_visible_devices": "0", "allocated_gib": 5.225533962249756, "reserved_gib": 8.041015625, "peak_allocated_gib": 7.100478649139404, "gpu_time_budget": null, "module": "model.layers.12.mlp.down_proj", "step": 4224}
{"stage": "sequential-round-coordinate", "pid": 2308657, "time": 1789682628.791182, "cuda_visible_devices": "0", "allocated_gib": 5.225533962249756, "reserved_gib": 8.041015625, "peak_allocated_gib": 7.100478649139404, "gpu_time_budget": null, "module": "model.layers.12.mlp.down_proj", "step": 4352}
{"stage": "sequential-round-coordinate", "pid": 2308657, "time": 1789682629.2277079, "cuda_visible_devices": "0", "allocated_gib": 5.225533962249756, "reserved_gib": 8.041015625, "peak_allocated_gib": 7.100478649139404, "gpu_time_budget": null, "module": "model.layers.12.mlp.down_proj", "step": 4480}
{"stage": "sequential-round-coordinate", "pid": 2308657, "time": 1789682629.662988, "cuda_visible_devices": "0", "allocated_gib": 5.225533962249756, "reserved_gib": 8.041015625, "peak_allocated_gib": 7.100478649139404, "gpu_time_budget": null, "module": "model.layers.12.mlp.down_proj", "step": 4608}
{"stage": "sequential-round-coordinate", "pid": 2308657, "time": 1789682630.0982697, "cuda_visible_devices": "0", "allocated_gib": 5.225533962249756, "reserved_gib": 8.041015625, "peak_allocated_gib": 7.100478649139404, "gpu_time_budget": null, "module": "model.layers.12.mlp.down_proj", "step": 4736}
{"stage": "sequential-round-coordinate", "pid": 2308657, "time": 1789682630.5398114, "cuda_visible_devices": "0", "allocated_gib": 5.225533962249756, "reserved_gib": 8.041015625, "peak_allocated_gib": 7.100478649139404, "gpu_time_budget": null, "module": "model.layers.12.mlp.down_proj", "step": 4864}
{"stage": "sequential-round-coordinate", "pid": 2308657, "time": 1789682630.978018, "cuda_visible_devices": "0", "allocated_gib": 5.225533962249756, "reserved_gib": 8.041015625, "peak_allocated_gib": 7.100478649139404, "gpu_time_budget": null, "module": "model.layers.12.mlp.down_proj", "step": 4992}
{"stage": "sequential-round-coordinate", "pid": 2308657, "time": 1789682631.4179323, "cuda_visible_devices": "0", "allocated_gib": 5.225533962249756, "reserved_gib": 8.041015625, "peak_allocated_gib": 7.100478649139404, "gpu_time_budget": null, "module": "model.layers.12.mlp.down_proj", "step": 5120}
{"stage": "sequential-round-coordinate", "pid": 2308657, "time": 1789682631.8516314, "cuda_visible_devices": "0", "allocated_gib": 5.225533962249756, "reserved_gib": 8.041015625, "peak_allocated_gib": 7.100478649139404, "gpu_time_budget": null, "module": "model.layers.12.mlp.down_proj", "step": 5248}
{"stage": "sequential-round-coordinate", "pid": 2308657, "time": 1789682632.2878914, "cuda_visible_devices": "0", "allocated_gib": 5.225533962249756, "reserved_gib": 8.041015625, "peak_allocated_gib": 7.100478649139404, "gpu_time_budget": null, "module": "model.layers.12.mlp.down_proj", "step": 5376}
{"stage": "sequential-round-coordinate", "pid": 2308657, "time": 1789682632.7226293, "cuda_visible_devices": "0", "allocated_gib": 5.225533962249756, "reserved_gib": 8.041015625, "peak_allocated_gib": 7.100478649139404, "gpu_time_budget": null, "module": "model.layers.12.mlp.down_proj", "step": 5504}
{"stage": "sequential-round-coordinate", "pid": 2308657, "time": 1789682633.157401, "cuda_visible_devices": "0", "allocated_gib": 5.225533962249756, "reserved_gib": 8.041015625, "peak_allocated_gib": 7.100478649139404, "gpu_time_budget": null, "module": "model.layers.12.mlp.down_proj", "step": 5632}
{"stage": "sequential-round-coordinate", "pid": 2308657, "time": 1789682633.5915797, "cuda_visible_devices": "0", "allocated_gib": 5.225533962249756, "reserved_gib": 8.041015625, "peak_allocated_gib": 7.100478649139404, "gpu_time_budget": null, "module": "model.layers.12.mlp.down_proj", "step": 5760}
{"stage": "sequential-round-coordinate", "pid": 2308657, "time": 1789682634.0278034, "cuda_visible_devices": "0", "allocated_gib": 5.225533962249756, "reserved_gib": 8.041015625, "peak_allocated_gib": 7.100478649139404, "gpu_time_budget": null, "module": "model.layers.12.mlp.down_proj", "step": 5888}
{"stage": "sequential-round-coordinate", "pid": 2308657, "time": 1789682634.4634125, "cuda_visible_devices": "0", "allocated_gib": 5.225533962249756, "reserved_gib": 8.041015625, "peak_allocated_gib": 7.100478649139404, "gpu_time_budget": null, "module": "model.layers.12.mlp.down_proj", "step": 6016}
{"stage": "sequential-round-coordinate", "pid": 2308657, "time": 1789682634.9014947, "cuda_visible_devices": "0", "allocated_gib": 5.225533962249756, "reserved_gib": 8.041015625, "peak_allocated_gib": 7.100478649139404, "gpu_time_budget": null, "module": "model.layers.12.mlp.down_proj", "step": 6144}
{"stage": "sequential-round-coordinate", "pid": 2308657, "time": 1789682635.3405535, "cuda_visible_devices": "0", "allocated_gib": 5.225533962249756, "reserved_gib": 8.041015625, "peak_allocated_gib": 7.100478649139404, "gpu_time_budget": null, "module": "model.layers.12.mlp.down_proj", "step": 6272}
{"stage": "sequential-round-coordinate", "pid": 2308657, "time": 1789682635.77799, "cuda_visible_devices": "0", "allocated_gib": 5.225533962249756, "reserved_gib": 8.041015625, "peak_allocated_gib": 7.100478649139404, "gpu_time_budget": null, "module": "model.layers.12.mlp.down_proj", "step": 6400}
{"stage": "sequential-round-coordinate", "pid": 2308657, "time": 1789682636.2170863, "cuda_visible_devices": "0", "allocated_gib": 5.225533962249756, "reserved_gib": 8.041015625, "peak_allocated_gib": 7.100478649139404, "gpu_time_budget": null, "module": "model.layers.12.mlp.down_proj", "step": 6528}
{"stage": "sequential-round-coordinate", "pid": 2308657, "time": 1789682636.653045, "cuda_visible_devices": "0", "allocated_gib": 5.225533962249756, "reserved_gib": 8.041015625, "peak_allocated_gib": 7.100478649139404, "gpu_time_budget": null, "module": "model.layers.12.mlp.down_proj", "step": 6656}
{"stage": "sequential-round-coordinate", "pid": 2308657, "time": 1789682637.091316, "cuda_visible_devices": "0", "allocated_gib": 5.225533962249756, "reserved_gib": 8.041015625, "peak_allocated_gib": 7.100478649139404, "gpu_time_budget": null, "module": "model.layers.12.mlp.down_proj", "step": 6784}
{"stage": "sequential-round-coordinate", "pid": 2308657, "time": 1789682637.528835, "cuda_visible_devices": "0", "allocated_gib": 5.225533962249756, "reserved_gib": 8.041015625, "peak_allocated_gib": 7.100478649139404, "gpu_time_budget": null, "module": "model.layers.12.mlp.down_proj", "step": 6912}
{"stage": "sequential-round-coordinate", "pid": 2308657, "time": 1789682637.972485, "cuda_visible_devices": "0", "allocated_gib": 5.225533962249756, "reserved_gib": 8.041015625, "peak_allocated_gib": 7.100478649139404, "gpu_time_budget": null, "module": "model.layers.12.mlp.down_proj", "step": 7040}
{"stage": "sequential-round-coordinate", "pid": 2308657, "time": 1789682638.401987, "cuda_visible_devices": "0", "allocated_gib": 5.225533962249756, "reserved_gib": 8.041015625, "peak_allocated_gib": 7.100478649139404, "gpu_time_budget": null, "module": "model.layers.12.mlp.down_proj", "step": 7168}
{"stage": "sequential-round-coordinate", "pid": 2308657, "time": 1789682638.8336349, "cuda_visible_devices": "0", "allocated_gib": 5.225533962249756, "reserved_gib": 8.041015625, "peak_allocated_gib": 7.100478649139404, "gpu_time_budget": null, "module": "model.layers.12.mlp.down_proj", "step": 7296}
{"stage": "sequential-round-coordinate", "pid": 2308657, "time": 1789682639.2653184, "cuda_visible_devices": "0", "allocated_gib": 5.225533962249756, "reserved_gib": 8.041015625, "peak_allocated_gib": 7.100478649139404, "gpu_time_budget": null, "module": "model.layers.12.mlp.down_proj", "step": 7424}
{"stage": "sequential-round-coordinate", "pid": 2308657, "time": 1789682639.695069, "cuda_visible_devices": "0", "allocated_gib": 5.225533962249756, "reserved_gib": 8.041015625, "peak_allocated_gib": 7.100478649139404, "gpu_time_budget": null, "module": "model.layers.12.mlp.down_proj", "step": 7552}
{"stage": "sequential-round-coordinate", "pid": 2308657, "time": 1789682640.1296868, "cuda_visible_devices": "0", "allocated_gib": 5.225533962249756, "reserved_gib": 8.041015625, "peak_allocated_gib": 7.100478649139404, "gpu_time_budget": null, "module": "model.layers.12.mlp.down_proj", "step": 7680}
{"stage": "sequential-round-coordinate", "pid": 2308657, "time": 1789682640.560995, "cuda_visible_devices": "0", "allocated_gib": 5.225533962249756, "reserved_gib": 8.041015625, "peak_allocated_gib": 7.100478649139404, "gpu_time_budget": null, "module": "model.layers.12.mlp.down_proj", "step": 7808}
{"stage": "sequential-round-coordinate", "pid": 2308657, "time": 1789682640.9908848, "cuda_visible_devices": "0", "allocated_gib": 5.225533962249756, "reserved_gib": 8.041015625, "peak_allocated_gib": 7.100478649139404, "gpu_time_budget": null, "module": "model.layers.12.mlp.down_proj", "step": 7936}
{"stage": "sequential-round-coordinate", "pid": 2308657, "time": 1789682641.4209015, "cuda_visible_devices": "0", "allocated_gib": 5.225533962249756, "reserved_gib": 8.041015625, "peak_allocated_gib": 7.100478649139404, "gpu_time_budget": null, "module": "model.layers.12.mlp.down_proj", "step": 8064}
{"stage": "sequential-round-coordinate", "pid": 2308657, "time": 1789682641.897668, "cuda_visible_devices": "0", "allocated_gib": 5.225533962249756, "reserved_gib": 8.041015625, "peak_allocated_gib": 7.100478649139404, "gpu_time_budget": null, "module": "model.layers.12.mlp.down_proj", "step": 8192}
{"stage": "sequential-round-train-nll", "pid": 2308657, "time": 1789682641.9392138, "cuda_visible_devices": "0", "allocated_gib": 3.795783519744873, "reserved_gib": 3.80078125, "peak_allocated_gib": 7.100478649139404, "gpu_time_budget": null, "module": "model.layers.12.mlp.down_proj", "step": 512}
Evaluation segment 1/1: start=0, windows=8, seqlen=2048
{"stage": "sequential-round-train-nll", "pid": 2308657, "time": 1789682643.7070632, "cuda_visible_devices": "0", "allocated_gib": 3.795783519744873, "reserved_gib": 5.791015625, "peak_allocated_gib": 7.100478649139404, "gpu_time_budget": null, "module": "model.layers.12.mlp.down_proj", "step": 2048}
Evaluation segment 1/1: start=0, windows=8, seqlen=2048
{"stage": "sequential-round-train-nll", "pid": 2308657, "time": 1789682645.4265049, "cuda_visible_devices": "0", "allocated_gib": 3.795783519744873, "reserved_gib": 5.791015625, "peak_allocated_gib": 7.100478649139404, "gpu_time_budget": null, "module": "model.layers.12.mlp.down_proj", "step": 8192}
Evaluation segment 1/1: start=0, windows=8, seqlen=2048
{"stage": "sequential-module-completed", "pid": 2308657, "time": 1789682647.2419596, "cuda_visible_devices": "0", "allocated_gib": 3.795783519744873, "reserved_gib": 5.791015625, "peak_allocated_gib": 7.100478649139404, "gpu_time_budget": null, "module": "model.layers.12.mlp.down_proj", "completed": 13, "total": 28, "selected_train_nll": 3.0258937644537864, "elapsed_seconds": 417.11488140106667}
{"stage": "sequential-round-fit", "pid": 2308657, "time": 1789682648.7719228, "cuda_visible_devices": "0", "allocated_gib": 3.795783519744873, "reserved_gib": 5.791015625, "peak_allocated_gib": 7.100478649139404, "gpu_time_budget": null, "module": "model.layers.13.mlp.down_proj", "fit_rows": 49152, "heldout_rows": 16384}
{"stage": "sequential-round-coordinate", "pid": 2308657, "time": 1789682649.4433603, "cuda_visible_devices": "0", "allocated_gib": 5.225533962249756, "reserved_gib": 8.041015625, "peak_allocated_gib": 7.100478649139404, "gpu_time_budget": null, "module": "model.layers.13.mlp.down_proj", "step": 128}
{"stage": "sequential-round-coordinate", "pid": 2308657, "time": 1789682649.874285, "cuda_visible_devices": "0", "allocated_gib": 5.225533962249756, "reserved_gib": 8.041015625, "peak_allocated_gib": 7.100478649139404, "gpu_time_budget": null, "module": "model.layers.13.mlp.down_proj", "step": 256}
{"stage": "sequential-round-coordinate", "pid": 2308657, "time": 1789682650.3059094, "cuda_visible_devices": "0", "allocated_gib": 5.225533962249756, "reserved_gib": 8.041015625, "peak_allocated_gib": 7.100478649139404, "gpu_time_budget": null, "module": "model.layers.13.mlp.down_proj", "step": 384}
{"stage": "sequential-round-coordinate", "pid": 2308657, "time": 1789682650.7763426, "cuda_visible_devices": "0", "allocated_gib": 5.225533962249756, "reserved_gib": 8.041015625, "peak_allocated_gib": 7.100478649139404, "gpu_time_budget": null, "module": "model.layers.13.mlp.down_proj", "step": 512}
{"stage": "sequential-round-coordinate", "pid": 2308657, "time": 1789682651.2049344, "cuda_visible_devices": "0", "allocated_gib": 5.225533962249756, "reserved_gib": 8.041015625, "peak_allocated_gib": 7.100478649139404, "gpu_time_budget": null, "module": "model.layers.13.mlp.down_proj", "step": 640}
{"stage": "sequential-round-coordinate", "pid": 2308657, "time": 1789682651.6338449, "cuda_visible_devices": "0", "allocated_gib": 5.225533962249756, "reserved_gib": 8.041015625, "peak_allocated_gib": 7.100478649139404, "gpu_time_budget": null, "module": "model.layers.13.mlp.down_proj", "step": 768}
{"stage": "sequential-round-coordinate", "pid": 2308657, "time": 1789682652.0634305, "cuda_visible_devices": "0", "allocated_gib": 5.225533962249756, "reserved_gib": 8.041015625, "peak_allocated_gib": 7.100478649139404, "gpu_time_budget": null, "module": "model.layers.13.mlp.down_proj", "step": 896}
{"stage": "sequential-round-coordinate", "pid": 2308657, "time": 1789682652.4930284, "cuda_visible_devices": "0", "allocated_gib": 5.225533962249756, "reserved_gib": 8.041015625, "peak_allocated_gib": 7.100478649139404, "gpu_time_budget": null, "module": "model.layers.13.mlp.down_proj", "step": 1024}
{"stage": "sequential-round-coordinate", "pid": 2308657, "time": 1789682652.9218972, "cuda_visible_devices": "0", "allocated_gib": 5.225533962249756, "reserved_gib": 8.041015625, "peak_allocated_gib": 7.100478649139404, "gpu_time_budget": null, "module": "model.layers.13.mlp.down_proj", "step": 1152}
{"stage": "sequential-round-coordinate", "pid": 2308657, "time": 1789682653.3508592, "cuda_visible_devices": "0", "allocated_gib": 5.225533962249756, "reserved_gib": 8.041015625, "peak_allocated_gib": 7.100478649139404, "gpu_time_budget": null, "module": "model.layers.13.mlp.down_proj", "step": 1280}
{"stage": "sequential-round-coordinate", "pid": 2308657, "time": 1789682653.7805529, "cuda_visible_devices": "0", "allocated_gib": 5.225533962249756, "reserved_gib": 8.041015625, "peak_allocated_gib": 7.100478649139404, "gpu_time_budget": null, "module": "model.layers.13.mlp.down_proj", "step": 1408}
{"stage": "sequential-round-coordinate", "pid": 2308657, "time": 1789682654.2124088, "cuda_visible_devices": "0", "allocated_gib": 5.225533962249756, "reserved_gib": 8.041015625, "peak_allocated_gib": 7.100478649139404, "gpu_time_budget": null, "module": "model.layers.13.mlp.down_proj", "step": 1536}
{"stage": "sequential-round-coordinate", "pid": 2308657, "time": 1789682654.6462162, "cuda_visible_devices": "0", "allocated_gib": 5.225533962249756, "reserved_gib": 8.041015625, "peak_allocated_gib": 7.100478649139404, "gpu_time_budget": null, "module": "model.layers.13.mlp.down_proj", "step": 1664}
{"stage": "sequential-round-coordinate", "pid": 2308657, "time": 1789682655.0760174, "cuda_visible_devices": "0", "allocated_gib": 5.225533962249756, "reserved_gib": 8.041015625, "peak_allocated_gib": 7.100478649139404, "gpu_time_budget": null, "module": "model.layers.13.mlp.down_proj", "step": 1792}
{"stage": "sequential-round-coordinate", "pid": 2308657, "time": 1789682655.5055487, "cuda_visible_devices": "0", "allocated_gib": 5.225533962249756, "reserved_gib": 8.041015625, "peak_allocated_gib": 7.100478649139404, "gpu_time_budget": null, "module": "model.layers.13.mlp.down_proj", "step": 1920}
{"stage": "sequential-round-coordinate", "pid": 2308657, "time": 1789682655.9885375, "cuda_visible_devices": "0", "allocated_gib": 5.225533962249756, "reserved_gib": 8.041015625, "peak_allocated_gib": 7.100478649139404, "gpu_time_budget": null, "module": "model.layers.13.mlp.down_proj", "step": 2048}
{"stage": "sequential-round-coordinate", "pid": 2308657, "time": 1789682656.417244, "cuda_visible_devices": "0", "allocated_gib": 5.225533962249756, "reserved_gib": 8.041015625, "peak_allocated_gib": 7.100478649139404, "gpu_time_budget": null, "module": "model.layers.13.mlp.down_proj", "step": 2176}
{"stage": "sequential-round-coordinate", "pid": 2308657, "time": 1789682656.8460374, "cuda_visible_devices": "0", "allocated_gib": 5.225533962249756, "reserved_gib": 8.041015625, "peak_allocated_gib": 7.100478649139404, "gpu_time_budget": null, "module": "model.layers.13.mlp.down_proj", "step": 2304}
{"stage": "sequential-round-coordinate", "pid": 2308657, "time": 1789682657.2753017, "cuda_visible_devices": "0", "allocated_gib": 5.225533962249756, "reserved_gib": 8.041015625, "peak_allocated_gib": 7.100478649139404, "gpu_time_budget": null, "module": "model.layers.13.mlp.down_proj", "step": 2432}
{"stage": "sequential-round-coordinate", "pid": 2308657, "time": 1789682657.7048934, "cuda_visible_devices": "0", "allocated_gib": 5.225533962249756, "reserved_gib": 8.041015625, "peak_allocated_gib": 7.100478649139404, "gpu_time_budget": null, "module": "model.layers.13.mlp.down_proj", "step": 2560}
{"stage": "sequential-round-coordinate", "pid": 2308657, "time": 1789682658.1347277, "cuda_visible_devices": "0", "allocated_gib": 5.225533962249756, "reserved_gib": 8.041015625, "peak_allocated_gib": 7.100478649139404, "gpu_time_budget": null, "module": "model.layers.13.mlp.down_proj", "step": 2688}
{"stage": "sequential-round-coordinate", "pid": 2308657, "time": 1789682658.5636368, "cuda_visible_devices": "0", "allocated_gib": 5.225533962249756, "reserved_gib": 8.041015625, "peak_allocated_gib": 7.100478649139404, "gpu_time_budget": null, "module": "model.layers.13.mlp.down_proj", "step": 2816}
{"stage": "sequential-round-coordinate", "pid": 2308657, "time": 1789682658.99739, "cuda_visible_devices": "0", "allocated_gib": 5.225533962249756, "reserved_gib": 8.041015625, "peak_allocated_gib": 7.100478649139404, "gpu_time_budget": null, "module": "model.layers.13.mlp.down_proj", "step": 2944}
{"stage": "sequential-round-coordinate", "pid": 2308657, "time": 1789682659.4274557, "cuda_visible_devices": "0", "allocated_gib": 5.225533962249756, "reserved_gib": 8.041015625, "peak_allocated_gib": 7.100478649139404, "gpu_time_budget": null, "module": "model.layers.13.mlp.down_proj", "step": 3072}
{"stage": "sequential-round-coordinate", "pid": 2308657, "time": 1789682659.8581698, "cuda_visible_devices": "0", "allocated_gib": 5.225533962249756, "reserved_gib": 8.041015625, "peak_allocated_gib": 7.100478649139404, "gpu_time_budget": null, "module": "model.layers.13.mlp.down_proj", "step": 3200}
{"stage": "sequential-round-coordinate", "pid": 2308657, "time": 1789682660.2881458, "cuda_visible_devices": "0", "allocated_gib": 5.225533962249756, "reserved_gib": 8.041015625, "peak_allocated_gib": 7.100478649139404, "gpu_time_budget": null, "module": "model.layers.13.mlp.down_proj", "step": 3328}
{"stage": "sequential-round-coordinate", "pid": 2308657, "time": 1789682660.7193727, "cuda_visible_devices": "0", "allocated_gib": 5.225533962249756, "reserved_gib": 8.041015625, "peak_allocated_gib": 7.100478649139404, "gpu_time_budget": null, "module": "model.layers.13.mlp.down_proj", "step": 3456}
{"stage": "sequential-round-coordinate", "pid": 2308657, "time": 1789682661.15033, "cuda_visible_devices": "0", "allocated_gib": 5.225533962249756, "reserved_gib": 8.041015625, "peak_allocated_gib": 7.100478649139404, "gpu_time_budget": null, "module": "model.layers.13.mlp.down_proj", "step": 3584}
{"stage": "sequential-round-coordinate", "pid": 2308657, "time": 1789682661.5825746, "cuda_visible_devices": "0", "allocated_gib": 5.225533962249756, "reserved_gib": 8.041015625, "peak_allocated_gib": 7.100478649139404, "gpu_time_budget": null, "module": "model.layers.13.mlp.down_proj", "step": 3712}
{"stage": "sequential-round-coordinate", "pid": 2308657, "time": 1789682662.0176005, "cuda_visible_devices": "0", "allocated_gib": 5.225533962249756, "reserved_gib": 8.041015625, "peak_allocated_gib": 7.100478649139404, "gpu_time_budget": null, "module": "model.layers.13.mlp.down_proj", "step": 3840}
{"stage": "sequential-round-coordinate", "pid": 2308657, "time": 1789682662.451381, "cuda_visible_devices": "0", "allocated_gib": 5.225533962249756, "reserved_gib": 8.041015625, "peak_allocated_gib": 7.100478649139404, "gpu_time_budget": null, "module": "model.layers.13.mlp.down_proj", "step": 3968}
{"stage": "sequential-round-coordinate", "pid": 2308657, "time": 1789682662.8881147, "cuda_visible_devices": "0", "allocated_gib": 5.225533962249756, "reserved_gib": 8.041015625, "peak_allocated_gib": 7.100478649139404, "gpu_time_budget": null, "module": "model.layers.13.mlp.down_proj", "step": 4096}
{"stage": "sequential-round-coordinate", "pid": 2308657, "time": 1789682663.319676, "cuda_visible_devices": "0", "allocated_gib": 5.225533962249756, "reserved_gib": 8.041015625, "peak_allocated_gib": 7.100478649139404, "gpu_time_budget": null, "module": "model.layers.13.mlp.down_proj", "step": 4224}
{"stage": "sequential-round-coordinate", "pid": 2308657, "time": 1789682663.7537446, "cuda_visible_devices": "0", "allocated_gib": 5.225533962249756, "reserved_gib": 8.041015625, "peak_allocated_gib": 7.100478649139404, "gpu_time_budget": null, "module": "model.layers.13.mlp.down_proj", "step": 4352}
{"stage": "sequential-round-coordinate", "pid": 2308657, "time": 1789682664.185742, "cuda_visible_devices": "0", "allocated_gib": 5.225533962249756, "reserved_gib": 8.041015625, "peak_allocated_gib": 7.100478649139404, "gpu_time_budget": null, "module": "model.layers.13.mlp.down_proj", "step": 4480}
{"stage": "sequential-round-coordinate", "pid": 2308657, "time": 1789682664.6173937, "cuda_visible_devices": "0", "allocated_gib": 5.225533962249756, "reserved_gib": 8.041015625, "peak_allocated_gib": 7.100478649139404, "gpu_time_budget": null, "module": "model.layers.13.mlp.down_proj", "step": 4608}
{"stage": "sequential-round-coordinate", "pid": 2308657, "time": 1789682665.0491617, "cuda_visible_devices": "0", "allocated_gib": 5.225533962249756, "reserved_gib": 8.041015625, "peak_allocated_gib": 7.100478649139404, "gpu_time_budget": null, "module": "model.layers.13.mlp.down_proj", "step": 4736}
{"stage": "sequential-round-coordinate", "pid": 2308657, "time": 1789682665.4832084, "cuda_visible_devices": "0", "allocated_gib": 5.225533962249756, "reserved_gib": 8.041015625, "peak_allocated_gib": 7.100478649139404, "gpu_time_budget": null, "module": "model.layers.13.mlp.down_proj", "step": 4864}
{"stage": "sequential-round-coordinate", "pid": 2308657, "time": 1789682665.917739, "cuda_visible_devices": "0", "allocated_gib": 5.225533962249756, "reserved_gib": 8.041015625, "peak_allocated_gib": 7.100478649139404, "gpu_time_budget": null, "module": "model.layers.13.mlp.down_proj", "step": 4992}
{"stage": "sequential-round-coordinate", "pid": 2308657, "time": 1789682666.351802, "cuda_visible_devices": "0", "allocated_gib": 5.225533962249756, "reserved_gib": 8.041015625, "peak_allocated_gib": 7.100478649139404, "gpu_time_budget": null, "module": "model.layers.13.mlp.down_proj", "step": 5120}
{"stage": "sequential-round-coordinate", "pid": 2308657, "time": 1789682666.783392, "cuda_visible_devices": "0", "allocated_gib": 5.225533962249756, "reserved_gib": 8.041015625, "peak_allocated_gib": 7.100478649139404, "gpu_time_budget": null, "module": "model.layers.13.mlp.down_proj", "step": 5248}
{"stage": "sequential-round-coordinate", "pid": 2308657, "time": 1789682667.216635, "cuda_visible_devices": "0", "allocated_gib": 5.225533962249756, "reserved_gib": 8.041015625, "peak_allocated_gib": 7.100478649139404, "gpu_time_budget": null, "module": "model.layers.13.mlp.down_proj", "step": 5376}
{"stage": "sequential-round-coordinate", "pid": 2308657, "time": 1789682667.6497018, "cuda_visible_devices": "0", "allocated_gib": 5.225533962249756, "reserved_gib": 8.041015625, "peak_allocated_gib": 7.100478649139404, "gpu_time_budget": null, "module": "model.layers.13.mlp.down_proj", "step": 5504}
{"stage": "sequential-round-coordinate", "pid": 2308657, "time": 1789682668.0827842, "cuda_visible_devices": "0", "allocated_gib": 5.225533962249756, "reserved_gib": 8.041015625, "peak_allocated_gib": 7.100478649139404, "gpu_time_budget": null, "module": "model.layers.13.mlp.down_proj", "step": 5632}
{"stage": "sequential-round-coordinate", "pid": 2308657, "time": 1789682668.5157814, "cuda_visible_devices": "0", "allocated_gib": 5.225533962249756, "reserved_gib": 8.041015625, "peak_allocated_gib": 7.100478649139404, "gpu_time_budget": null, "module": "model.layers.13.mlp.down_proj", "step": 5760}
{"stage": "sequential-round-coordinate", "pid": 2308657, "time": 1789682668.94956, "cuda_visible_devices": "0", "allocated_gib": 5.225533962249756, "reserved_gib": 8.041015625, "peak_allocated_gib": 7.100478649139404, "gpu_time_budget": null, "module": "model.layers.13.mlp.down_proj", "step": 5888}
{"stage": "sequential-round-coordinate", "pid": 2308657, "time": 1789682669.384591, "cuda_visible_devices": "0", "allocated_gib": 5.225533962249756, "reserved_gib": 8.041015625, "peak_allocated_gib": 7.100478649139404, "gpu_time_budget": null, "module": "model.layers.13.mlp.down_proj", "step": 6016}
{"stage": "sequential-round-coordinate", "pid": 2308657, "time": 1789682669.8179462, "cuda_visible_devices": "0", "allocated_gib": 5.225533962249756, "reserved_gib": 8.041015625, "peak_allocated_gib": 7.100478649139404, "gpu_time_budget": null, "module": "model.layers.13.mlp.down_proj", "step": 6144}
{"stage": "sequential-round-coordinate", "pid": 2308657, "time": 1789682670.2511065, "cuda_visible_devices": "0", "allocated_gib": 5.225533962249756, "reserved_gib": 8.041015625, "peak_allocated_gib": 7.100478649139404, "gpu_time_budget": null, "module": "model.layers.13.mlp.down_proj", "step": 6272}
{"stage": "sequential-round-coordinate", "pid": 2308657, "time": 1789682670.6881187, "cuda_visible_devices": "0", "allocated_gib": 5.225533962249756, "reserved_gib": 8.041015625, "peak_allocated_gib": 7.100478649139404, "gpu_time_budget": null, "module": "model.layers.13.mlp.down_proj", "step": 6400}
{"stage": "sequential-round-coordinate", "pid": 2308657, "time": 1789682671.1216674, "cuda_visible_devices": "0", "allocated_gib": 5.225533962249756, "reserved_gib": 8.041015625, "peak_allocated_gib": 7.100478649139404, "gpu_time_budget": null, "module": "model.layers.13.mlp.down_proj", "step": 6528}
{"stage": "sequential-round-coordinate", "pid": 2308657, "time": 1789682671.5547903, "cuda_visible_devices": "0", "allocated_gib": 5.225533962249756, "reserved_gib": 8.041015625, "peak_allocated_gib": 7.100478649139404, "gpu_time_budget": null, "module": "model.layers.13.mlp.down_proj", "step": 6656}
{"stage": "sequential-round-coordinate", "pid": 2308657, "time": 1789682671.987906, "cuda_visible_devices": "0", "allocated_gib": 5.225533962249756, "reserved_gib": 8.041015625, "peak_allocated_gib": 7.100478649139404, "gpu_time_budget": null, "module": "model.layers.13.mlp.down_proj", "step": 6784}
{"stage": "sequential-round-coordinate", "pid": 2308657, "time": 1789682672.4215667, "cuda_visible_devices": "0", "allocated_gib": 5.225533962249756, "reserved_gib": 8.041015625, "peak_allocated_gib": 7.100478649139404, "gpu_time_budget": null, "module": "model.layers.13.mlp.down_proj", "step": 6912}
{"stage": "sequential-round-coordinate", "pid": 2308657, "time": 1789682672.8592925, "cuda_visible_devices": "0", "allocated_gib": 5.225533962249756, "reserved_gib": 8.041015625, "peak_allocated_gib": 7.100478649139404, "gpu_time_budget": null, "module": "model.layers.13.mlp.down_proj", "step": 7040}
{"stage": "sequential-round-coordinate", "pid": 2308657, "time": 1789682673.2926142, "cuda_visible_devices": "0", "allocated_gib": 5.225533962249756, "reserved_gib": 8.041015625, "peak_allocated_gib": 7.100478649139404, "gpu_time_budget": null, "module": "model.layers.13.mlp.down_proj", "step": 7168}
{"stage": "sequential-round-coordinate", "pid": 2308657, "time": 1789682673.7263093, "cuda_visible_devices": "0", "allocated_gib": 5.225533962249756, "reserved_gib": 8.041015625, "peak_allocated_gib": 7.100478649139404, "gpu_time_budget": null, "module": "model.layers.13.mlp.down_proj", "step": 7296}
{"stage": "sequential-round-coordinate", "pid": 2308657, "time": 1789682674.1603284, "cuda_visible_devices": "0", "allocated_gib": 5.225533962249756, "reserved_gib": 8.041015625, "peak_allocated_gib": 7.100478649139404, "gpu_time_budget": null, "module": "model.layers.13.mlp.down_proj", "step": 7424}
{"stage": "sequential-round-coordinate", "pid": 2308657, "time": 1789682674.5938883, "cuda_visible_devices": "0", "allocated_gib": 5.225533962249756, "reserved_gib": 8.041015625, "peak_allocated_gib": 7.100478649139404, "gpu_time_budget": null, "module": "model.layers.13.mlp.down_proj", "step": 7552}
{"stage": "sequential-round-coordinate", "pid": 2308657, "time": 1789682675.027959, "cuda_visible_devices": "0", "allocated_gib": 5.225533962249756, "reserved_gib": 8.041015625, "peak_allocated_gib": 7.100478649139404, "gpu_time_budget": null, "module": "model.layers.13.mlp.down_proj", "step": 7680}
{"stage": "sequential-round-coordinate", "pid": 2308657, "time": 1789682675.46147, "cuda_visible_devices": "0", "allocated_gib": 5.225533962249756, "reserved_gib": 8.041015625, "peak_allocated_gib": 7.100478649139404, "gpu_time_budget": null, "module": "model.layers.13.mlp.down_proj", "step": 7808}
{"stage": "sequential-round-coordinate", "pid": 2308657, "time": 1789682675.895064, "cuda_visible_devices": "0", "allocated_gib": 5.225533962249756, "reserved_gib": 8.041015625, "peak_allocated_gib": 7.100478649139404, "gpu_time_budget": null, "module": "model.layers.13.mlp.down_proj", "step": 7936}
{"stage": "sequential-round-coordinate", "pid": 2308657, "time": 1789682676.3297043, "cuda_visible_devices": "0", "allocated_gib": 5.225533962249756, "reserved_gib": 8.041015625, "peak_allocated_gib": 7.100478649139404, "gpu_time_budget": null, "module": "model.layers.13.mlp.down_proj", "step": 8064}
{"stage": "sequential-round-coordinate", "pid": 2308657, "time": 1789682676.8046572, "cuda_visible_devices": "0", "allocated_gib": 5.225533962249756, "reserved_gib": 8.041015625, "peak_allocated_gib": 7.100478649139404, "gpu_time_budget": null, "module": "model.layers.13.mlp.down_proj", "step": 8192}
{"stage": "sequential-round-train-nll", "pid": 2308657, "time": 1789682676.8447998, "cuda_visible_devices": "0", "allocated_gib": 3.795783519744873, "reserved_gib": 3.80078125, "peak_allocated_gib": 7.100478649139404, "gpu_time_budget": null, "module": "model.layers.13.mlp.down_proj", "step": 512}
Evaluation segment 1/1: start=0, windows=8, seqlen=2048
{"stage": "sequential-round-train-nll", "pid": 2308657, "time": 1789682678.6102154, "cuda_visible_devices": "0", "allocated_gib": 3.795783519744873, "reserved_gib": 5.791015625, "peak_allocated_gib": 7.100478649139404, "gpu_time_budget": null, "module": "model.layers.13.mlp.down_proj", "step": 2048}
Evaluation segment 1/1: start=0, windows=8, seqlen=2048
{"stage": "sequential-round-train-nll", "pid": 2308657, "time": 1789682680.3448145, "cuda_visible_devices": "0", "allocated_gib": 3.795783519744873, "reserved_gib": 5.791015625, "peak_allocated_gib": 7.100478649139404, "gpu_time_budget": null, "module": "model.layers.13.mlp.down_proj", "step": 8192}
Evaluation segment 1/1: start=0, windows=8, seqlen=2048
{"stage": "sequential-module-completed", "pid": 2308657, "time": 1789682682.2959917, "cuda_visible_devices": "0", "allocated_gib": 3.795783519744873, "reserved_gib": 5.791015625, "peak_allocated_gib": 7.100478649139404, "gpu_time_budget": null, "module": "model.layers.13.mlp.down_proj", "completed": 14, "total": 28, "selected_train_nll": 3.0258937644537864, "elapsed_seconds": 452.16892034804914}
{"stage": "sequential-round-fit", "pid": 2308657, "time": 1789682683.9739888, "cuda_visible_devices": "0", "allocated_gib": 3.795783519744873, "reserved_gib": 5.791015625, "peak_allocated_gib": 7.100478649139404, "gpu_time_budget": null, "module": "model.layers.14.mlp.down_proj", "fit_rows": 49152, "heldout_rows": 16384}
{"stage": "sequential-round-coordinate", "pid": 2308657, "time": 1789682684.604859, "cuda_visible_devices": "0", "allocated_gib": 5.225533962249756, "reserved_gib": 8.041015625, "peak_allocated_gib": 7.100478649139404, "gpu_time_budget": null, "module": "model.layers.14.mlp.down_proj", "step": 128}
{"stage": "sequential-round-coordinate", "pid": 2308657, "time": 1789682685.0386999, "cuda_visible_devices": "0", "allocated_gib": 5.225533962249756, "reserved_gib": 8.041015625, "peak_allocated_gib": 7.100478649139404, "gpu_time_budget": null, "module": "model.layers.14.mlp.down_proj", "step": 256}
{"stage": "sequential-round-coordinate", "pid": 2308657, "time": 1789682685.4731934, "cuda_visible_devices": "0", "allocated_gib": 5.225533962249756, "reserved_gib": 8.041015625, "peak_allocated_gib": 7.100478649139404, "gpu_time_budget": null, "module": "model.layers.14.mlp.down_proj", "step": 384}
{"stage": "sequential-round-coordinate", "pid": 2308657, "time": 1789682685.9491568, "cuda_visible_devices": "0", "allocated_gib": 5.225533962249756, "reserved_gib": 8.041015625, "peak_allocated_gib": 7.100478649139404, "gpu_time_budget": null, "module": "model.layers.14.mlp.down_proj", "step": 512}
{"stage": "sequential-round-coordinate", "pid": 2308657, "time": 1789682686.3814044, "cuda_visible_devices": "0", "allocated_gib": 5.225533962249756, "reserved_gib": 8.041015625, "peak_allocated_gib": 7.100478649139404, "gpu_time_budget": null, "module": "model.layers.14.mlp.down_proj", "step": 640}
{"stage": "sequential-round-coordinate", "pid": 2308657, "time": 1789682686.815147, "cuda_visible_devices": "0", "allocated_gib": 5.225533962249756, "reserved_gib": 8.041015625, "peak_allocated_gib": 7.100478649139404, "gpu_time_budget": null, "module": "model.layers.14.mlp.down_proj", "step": 768}
{"stage": "sequential-round-coordinate", "pid": 2308657, "time": 1789682687.2480621, "cuda_visible_devices": "0", "allocated_gib": 5.225533962249756, "reserved_gib": 8.041015625, "peak_allocated_gib": 7.100478649139404, "gpu_time_budget": null, "module": "model.layers.14.mlp.down_proj", "step": 896}
{"stage": "sequential-round-coordinate", "pid": 2308657, "time": 1789682687.6790164, "cuda_visible_devices": "0", "allocated_gib": 5.225533962249756, "reserved_gib": 8.041015625, "peak_allocated_gib": 7.100478649139404, "gpu_time_budget": null, "module": "model.layers.14.mlp.down_proj", "step": 1024}
{"stage": "sequential-round-coordinate", "pid": 2308657, "time": 1789682688.1088924, "cuda_visible_devices": "0", "allocated_gib": 5.225533962249756, "reserved_gib": 8.041015625, "peak_allocated_gib": 7.100478649139404, "gpu_time_budget": null, "module": "model.layers.14.mlp.down_proj", "step": 1152}
{"stage": "sequential-round-coordinate", "pid": 2308657, "time": 1789682688.546727, "cuda_visible_devices": "0", "allocated_gib": 5.225533962249756, "reserved_gib": 8.041015625, "peak_allocated_gib": 7.100478649139404, "gpu_time_budget": null, "module": "model.layers.14.mlp.down_proj", "step": 1280}
{"stage": "sequential-round-coordinate", "pid": 2308657, "time": 1789682688.9831529, "cuda_visible_devices": "0", "allocated_gib": 5.225533962249756, "reserved_gib": 8.041015625, "peak_allocated_gib": 7.100478649139404, "gpu_time_budget": null, "module": "model.layers.14.mlp.down_proj", "step": 1408}
{"stage": "sequential-round-coordinate", "pid": 2308657, "time": 1789682689.4191334, "cuda_visible_devices": "0", "allocated_gib": 5.225533962249756, "reserved_gib": 8.041015625, "peak_allocated_gib": 7.100478649139404, "gpu_time_budget": null, "module": "model.layers.14.mlp.down_proj", "step": 1536}
{"stage": "sequential-round-coordinate", "pid": 2308657, "time": 1789682689.8556004, "cuda_visible_devices": "0", "allocated_gib": 5.225533962249756, "reserved_gib": 8.041015625, "peak_allocated_gib": 7.100478649139404, "gpu_time_budget": null, "module": "model.layers.14.mlp.down_proj", "step": 1664}
{"stage": "sequential-round-coordinate", "pid": 2308657, "time": 1789682690.292567, "cuda_visible_devices": "0", "allocated_gib": 5.225533962249756, "reserved_gib": 8.041015625, "peak_allocated_gib": 7.100478649139404, "gpu_time_budget": null, "module": "model.layers.14.mlp.down_proj", "step": 1792}
{"stage": "sequential-round-coordinate", "pid": 2308657, "time": 1789682690.727837, "cuda_visible_devices": "0", "allocated_gib": 5.225533962249756, "reserved_gib": 8.041015625, "peak_allocated_gib": 7.100478649139404, "gpu_time_budget": null, "module": "model.layers.14.mlp.down_proj", "step": 1920}
{"stage": "sequential-round-coordinate", "pid": 2308657, "time": 1789682691.2153451, "cuda_visible_devices": "0", "allocated_gib": 5.225533962249756, "reserved_gib": 8.041015625, "peak_allocated_gib": 7.100478649139404, "gpu_time_budget": null, "module": "model.layers.14.mlp.down_proj", "step": 2048}
{"stage": "sequential-round-coordinate", "pid": 2308657, "time": 1789682691.6522825, "cuda_visible_devices": "0", "allocated_gib": 5.225533962249756, "reserved_gib": 8.041015625, "peak_allocated_gib": 7.100478649139404, "gpu_time_budget": null, "module": "model.layers.14.mlp.down_proj", "step": 2176}
{"stage": "sequential-round-coordinate", "pid": 2308657, "time": 1789682692.085696, "cuda_visible_devices": "0", "allocated_gib": 5.225533962249756, "reserved_gib": 8.041015625, "peak_allocated_gib": 7.100478649139404, "gpu_time_budget": null, "module": "model.layers.14.mlp.down_proj", "step": 2304}
{"stage": "sequential-round-coordinate", "pid": 2308657, "time": 1789682692.519892, "cuda_visible_devices": "0", "allocated_gib": 5.225533962249756, "reserved_gib": 8.041015625, "peak_allocated_gib": 7.100478649139404, "gpu_time_budget": null, "module": "model.layers.14.mlp.down_proj", "step": 2432}
{"stage": "sequential-round-coordinate", "pid": 2308657, "time": 1789682692.961073, "cuda_visible_devices": "0", "allocated_gib": 5.225533962249756, "reserved_gib": 8.041015625, "peak_allocated_gib": 7.100478649139404, "gpu_time_budget": null, "module": "model.layers.14.mlp.down_proj", "step": 2560}
{"stage": "sequential-round-coordinate", "pid": 2308657, "time": 1789682693.3947318, "cuda_visible_devices": "0", "allocated_gib": 5.225533962249756, "reserved_gib": 8.041015625, "peak_allocated_gib": 7.100478649139404, "gpu_time_budget": null, "module": "model.layers.14.mlp.down_proj", "step": 2688}
{"stage": "sequential-round-coordinate", "pid": 2308657, "time": 1789682693.8288546, "cuda_visible_devices": "0", "allocated_gib": 5.225533962249756, "reserved_gib": 8.041015625, "peak_allocated_gib": 7.100478649139404, "gpu_time_budget": null, "module": "model.layers.14.mlp.down_proj", "step": 2816}
{"stage": "sequential-round-coordinate", "pid": 2308657, "time": 1789682694.2633524, "cuda_visible_devices": "0", "allocated_gib": 5.225533962249756, "reserved_gib": 8.041015625, "peak_allocated_gib": 7.100478649139404, "gpu_time_budget": null, "module": "model.layers.14.mlp.down_proj", "step": 2944}
{"stage": "sequential-round-coordinate", "pid": 2308657, "time": 1789682694.702869, "cuda_visible_devices": "0", "allocated_gib": 5.225533962249756, "reserved_gib": 8.041015625, "peak_allocated_gib": 7.100478649139404, "gpu_time_budget": null, "module": "model.layers.14.mlp.down_proj", "step": 3072}
{"stage": "sequential-round-coordinate", "pid": 2308657, "time": 1789682695.1374445, "cuda_visible_devices": "0", "allocated_gib": 5.225533962249756, "reserved_gib": 8.041015625, "peak_allocated_gib": 7.100478649139404, "gpu_time_budget": null, "module": "model.layers.14.mlp.down_proj", "step": 3200}
{"stage": "sequential-round-coordinate", "pid": 2308657, "time": 1789682695.5715377, "cuda_visible_devices": "0", "allocated_gib": 5.225533962249756, "reserved_gib": 8.041015625, "peak_allocated_gib": 7.100478649139404, "gpu_time_budget": null, "module": "model.layers.14.mlp.down_proj", "step": 3328}
{"stage": "sequential-round-coordinate", "pid": 2308657, "time": 1789682696.0053468, "cuda_visible_devices": "0", "allocated_gib": 5.225533962249756, "reserved_gib": 8.041015625, "peak_allocated_gib": 7.100478649139404, "gpu_time_budget": null, "module": "model.layers.14.mlp.down_proj", "step": 3456}
{"stage": "sequential-round-coordinate", "pid": 2308657, "time": 1789682696.4496584, "cuda_visible_devices": "0", "allocated_gib": 5.225533962249756, "reserved_gib": 8.041015625, "peak_allocated_gib": 7.100478649139404, "gpu_time_budget": null, "module": "model.layers.14.mlp.down_proj", "step": 3584}
{"stage": "sequential-round-coordinate", "pid": 2308657, "time": 1789682696.8844597, "cuda_visible_devices": "0", "allocated_gib": 5.225533962249756, "reserved_gib": 8.041015625, "peak_allocated_gib": 7.100478649139404, "gpu_time_budget": null, "module": "model.layers.14.mlp.down_proj", "step": 3712}
{"stage": "sequential-round-coordinate", "pid": 2308657, "time": 1789682697.3181188, "cuda_visible_devices": "0", "allocated_gib": 5.225533962249756, "reserved_gib": 8.041015625, "peak_allocated_gib": 7.100478649139404, "gpu_time_budget": null, "module": "model.layers.14.mlp.down_proj", "step": 3840}
{"stage": "sequential-round-coordinate", "pid": 2308657, "time": 1789682697.7472155, "cuda_visible_devices": "0", "allocated_gib": 5.225533962249756, "reserved_gib": 8.041015625, "peak_allocated_gib": 7.100478649139404, "gpu_time_budget": null, "module": "model.layers.14.mlp.down_proj", "step": 3968}
{"stage": "sequential-round-coordinate", "pid": 2308657, "time": 1789682698.1757371, "cuda_visible_devices": "0", "allocated_gib": 5.225533962249756, "reserved_gib": 8.041015625, "peak_allocated_gib": 7.100478649139404, "gpu_time_budget": null, "module": "model.layers.14.mlp.down_proj", "step": 4096}
{"stage": "sequential-round-coordinate", "pid": 2308657, "time": 1789682698.6046348, "cuda_visible_devices": "0", "allocated_gib": 5.225533962249756, "reserved_gib": 8.041015625, "peak_allocated_gib": 7.100478649139404, "gpu_time_budget": null, "module": "model.layers.14.mlp.down_proj", "step": 4224}
{"stage": "sequential-round-coordinate", "pid": 2308657, "time": 1789682699.0363636, "cuda_visible_devices": "0", "allocated_gib": 5.225533962249756, "reserved_gib": 8.041015625, "peak_allocated_gib": 7.100478649139404, "gpu_time_budget": null, "module": "model.layers.14.mlp.down_proj", "step": 4352}
{"stage": "sequential-round-coordinate", "pid": 2308657, "time": 1789682699.4691346, "cuda_visible_devices": "0", "allocated_gib": 5.225533962249756, "reserved_gib": 8.041015625, "peak_allocated_gib": 7.100478649139404, "gpu_time_budget": null, "module": "model.layers.14.mlp.down_proj", "step": 4480}
{"stage": "sequential-round-coordinate", "pid": 2308657, "time": 1789682699.901653, "cuda_visible_devices": "0", "allocated_gib": 5.225533962249756, "reserved_gib": 8.041015625, "peak_allocated_gib": 7.100478649139404, "gpu_time_budget": null, "module": "model.layers.14.mlp.down_proj", "step": 4608}
{"stage": "sequential-round-coordinate", "pid": 2308657, "time": 1789682700.3338034, "cuda_visible_devices": "0", "allocated_gib": 5.225533962249756, "reserved_gib": 8.041015625, "peak_allocated_gib": 7.100478649139404, "gpu_time_budget": null, "module": "model.layers.14.mlp.down_proj", "step": 4736}
{"stage": "sequential-round-coordinate", "pid": 2308657, "time": 1789682700.7652247, "cuda_visible_devices": "0", "allocated_gib": 5.225533962249756, "reserved_gib": 8.041015625, "peak_allocated_gib": 7.100478649139404, "gpu_time_budget": null, "module": "model.layers.14.mlp.down_proj", "step": 4864}
{"stage": "sequential-round-coordinate", "pid": 2308657, "time": 1789682701.1997771, "cuda_visible_devices": "0", "allocated_gib": 5.225533962249756, "reserved_gib": 8.041015625, "peak_allocated_gib": 7.100478649139404, "gpu_time_budget": null, "module": "model.layers.14.mlp.down_proj", "step": 4992}
{"stage": "sequential-round-coordinate", "pid": 2308657, "time": 1789682701.6332157, "cuda_visible_devices": "0", "allocated_gib": 5.225533962249756, "reserved_gib": 8.041015625, "peak_allocated_gib": 7.100478649139404, "gpu_time_budget": null, "module": "model.layers.14.mlp.down_proj", "step": 5120}
{"stage": "sequential-round-coordinate", "pid": 2308657, "time": 1789682702.0653837, "cuda_visible_devices": "0", "allocated_gib": 5.225533962249756, "reserved_gib": 8.041015625, "peak_allocated_gib": 7.100478649139404, "gpu_time_budget": null, "module": "model.layers.14.mlp.down_proj", "step": 5248}
{"stage": "sequential-round-coordinate", "pid": 2308657, "time": 1789682702.497707, "cuda_visible_devices": "0", "allocated_gib": 5.225533962249756, "reserved_gib": 8.041015625, "peak_allocated_gib": 7.100478649139404, "gpu_time_budget": null, "module": "model.layers.14.mlp.down_proj", "step": 5376}
{"stage": "sequential-round-coordinate", "pid": 2308657, "time": 1789682702.9275422, "cuda_visible_devices": "0", "allocated_gib": 5.225533962249756, "reserved_gib": 8.041015625, "peak_allocated_gib": 7.100478649139404, "gpu_time_budget": null, "module": "model.layers.14.mlp.down_proj", "step": 5504}
{"stage": "sequential-round-coordinate", "pid": 2308657, "time": 1789682703.357278, "cuda_visible_devices": "0", "allocated_gib": 5.225533962249756, "reserved_gib": 8.041015625, "peak_allocated_gib": 7.100478649139404, "gpu_time_budget": null, "module": "model.layers.14.mlp.down_proj", "step": 5632}
{"stage": "sequential-round-coordinate", "pid": 2308657, "time": 1789682703.7866757, "cuda_visible_devices": "0", "allocated_gib": 5.225533962249756, "reserved_gib": 8.041015625, "peak_allocated_gib": 7.100478649139404, "gpu_time_budget": null, "module": "model.layers.14.mlp.down_proj", "step": 5760}
{"stage": "sequential-round-coordinate", "pid": 2308657, "time": 1789682704.2201893, "cuda_visible_devices": "0", "allocated_gib": 5.225533962249756, "reserved_gib": 8.041015625, "peak_allocated_gib": 7.100478649139404, "gpu_time_budget": null, "module": "model.layers.14.mlp.down_proj", "step": 5888}
{"stage": "sequential-round-coordinate", "pid": 2308657, "time": 1789682704.6515167, "cuda_visible_devices": "0", "allocated_gib": 5.225533962249756, "reserved_gib": 8.041015625, "peak_allocated_gib": 7.100478649139404, "gpu_time_budget": null, "module": "model.layers.14.mlp.down_proj", "step": 6016}
{"stage": "sequential-round-coordinate", "pid": 2308657, "time": 1789682705.0821722, "cuda_visible_devices": "0", "allocated_gib": 5.225533962249756, "reserved_gib": 8.041015625, "peak_allocated_gib": 7.100478649139404, "gpu_time_budget": null, "module": "model.layers.14.mlp.down_proj", "step": 6144}
{"stage": "sequential-round-coordinate", "pid": 2308657, "time": 1789682705.5138621, "cuda_visible_devices": "0", "allocated_gib": 5.225533962249756, "reserved_gib": 8.041015625, "peak_allocated_gib": 7.100478649139404, "gpu_time_budget": null, "module": "model.layers.14.mlp.down_proj", "step": 6272}
{"stage": "sequential-round-coordinate", "pid": 2308657, "time": 1789682705.945201, "cuda_visible_devices": "0", "allocated_gib": 5.225533962249756, "reserved_gib": 8.041015625, "peak_allocated_gib": 7.100478649139404, "gpu_time_budget": null, "module": "model.layers.14.mlp.down_proj", "step": 6400}
{"stage": "sequential-round-coordinate", "pid": 2308657, "time": 1789682706.3773468, "cuda_visible_devices": "0", "allocated_gib": 5.225533962249756, "reserved_gib": 8.041015625, "peak_allocated_gib": 7.100478649139404, "gpu_time_budget": null, "module": "model.layers.14.mlp.down_proj", "step": 6528}
{"stage": "sequential-round-coordinate", "pid": 2308657, "time": 1789682706.8120944, "cuda_visible_devices": "0", "allocated_gib": 5.225533962249756, "reserved_gib": 8.041015625, "peak_allocated_gib": 7.100478649139404, "gpu_time_budget": null, "module": "model.layers.14.mlp.down_proj", "step": 6656}
{"stage": "sequential-round-coordinate", "pid": 2308657, "time": 1789682707.244967, "cuda_visible_devices": "0", "allocated_gib": 5.225533962249756, "reserved_gib": 8.041015625, "peak_allocated_gib": 7.100478649139404, "gpu_time_budget": null, "module": "model.layers.14.mlp.down_proj", "step": 6784}
{"stage": "sequential-round-coordinate", "pid": 2308657, "time": 1789682707.676357, "cuda_visible_devices": "0", "allocated_gib": 5.225533962249756, "reserved_gib": 8.041015625, "peak_allocated_gib": 7.100478649139404, "gpu_time_budget": null, "module": "model.layers.14.mlp.down_proj", "step": 6912}
{"stage": "sequential-round-coordinate", "pid": 2308657, "time": 1789682708.108453, "cuda_visible_devices": "0", "allocated_gib": 5.225533962249756, "reserved_gib": 8.041015625, "peak_allocated_gib": 7.100478649139404, "gpu_time_budget": null, "module": "model.layers.14.mlp.down_proj", "step": 7040}
{"stage": "sequential-round-coordinate", "pid": 2308657, "time": 1789682708.5416327, "cuda_visible_devices": "0", "allocated_gib": 5.225533962249756, "reserved_gib": 8.041015625, "peak_allocated_gib": 7.100478649139404, "gpu_time_budget": null, "module": "model.layers.14.mlp.down_proj", "step": 7168}
{"stage": "sequential-round-coordinate", "pid": 2308657, "time": 1789682708.975361, "cuda_visible_devices": "0", "allocated_gib": 5.225533962249756, "reserved_gib": 8.041015625, "peak_allocated_gib": 7.100478649139404, "gpu_time_budget": null, "module": "model.layers.14.mlp.down_proj", "step": 7296}
{"stage": "sequential-round-coordinate", "pid": 2308657, "time": 1789682709.4078898, "cuda_visible_devices": "0", "allocated_gib": 5.225533962249756, "reserved_gib": 8.041015625, "peak_allocated_gib": 7.100478649139404, "gpu_time_budget": null, "module": "model.layers.14.mlp.down_proj", "step": 7424}
{"stage": "sequential-round-coordinate", "pid": 2308657, "time": 1789682709.840135, "cuda_visible_devices": "0", "allocated_gib": 5.225533962249756, "reserved_gib": 8.041015625, "peak_allocated_gib": 7.100478649139404, "gpu_time_budget": null, "module": "model.layers.14.mlp.down_proj", "step": 7552}
{"stage": "sequential-round-coordinate", "pid": 2308657, "time": 1789682710.2713113, "cuda_visible_devices": "0", "allocated_gib": 5.225533962249756, "reserved_gib": 8.041015625, "peak_allocated_gib": 7.100478649139404, "gpu_time_budget": null, "module": "model.layers.14.mlp.down_proj", "step": 7680}
{"stage": "sequential-round-coordinate", "pid": 2308657, "time": 1789682710.7040842, "cuda_visible_devices": "0", "allocated_gib": 5.225533962249756, "reserved_gib": 8.041015625, "peak_allocated_gib": 7.100478649139404, "gpu_time_budget": null, "module": "model.layers.14.mlp.down_proj", "step": 7808}
{"stage": "sequential-round-coordinate", "pid": 2308657, "time": 1789682711.1363432, "cuda_visible_devices": "0", "allocated_gib": 5.225533962249756, "reserved_gib": 8.041015625, "peak_allocated_gib": 7.100478649139404, "gpu_time_budget": null, "module": "model.layers.14.mlp.down_proj", "step": 7936}
{"stage": "sequential-round-coordinate", "pid": 2308657, "time": 1789682711.5697625, "cuda_visible_devices": "0", "allocated_gib": 5.225533962249756, "reserved_gib": 8.041015625, "peak_allocated_gib": 7.100478649139404, "gpu_time_budget": null, "module": "model.layers.14.mlp.down_proj", "step": 8064}
{"stage": "sequential-round-coordinate", "pid": 2308657, "time": 1789682712.046017, "cuda_visible_devices": "0", "allocated_gib": 5.225533962249756, "reserved_gib": 8.041015625, "peak_allocated_gib": 7.100478649139404, "gpu_time_budget": null, "module": "model.layers.14.mlp.down_proj", "step": 8192}
{"stage": "sequential-round-train-nll", "pid": 2308657, "time": 1789682712.0885472, "cuda_visible_devices": "0", "allocated_gib": 3.795783519744873, "reserved_gib": 3.80078125, "peak_allocated_gib": 7.100478649139404, "gpu_time_budget": null, "module": "model.layers.14.mlp.down_proj", "step": 512}
Evaluation segment 1/1: start=0, windows=8, seqlen=2048
{"stage": "sequential-round-train-nll", "pid": 2308657, "time": 1789682713.8333292, "cuda_visible_devices": "0", "allocated_gib": 3.795783519744873, "reserved_gib": 5.791015625, "peak_allocated_gib": 7.100478649139404, "gpu_time_budget": null, "module": "model.layers.14.mlp.down_proj", "step": 2048}
Evaluation segment 1/1: start=0, windows=8, seqlen=2048
{"stage": "sequential-round-train-nll", "pid": 2308657, "time": 1789682715.550674, "cuda_visible_devices": "0", "allocated_gib": 3.795783519744873, "reserved_gib": 5.791015625, "peak_allocated_gib": 7.100478649139404, "gpu_time_budget": null, "module": "model.layers.14.mlp.down_proj", "step": 8192}
Evaluation segment 1/1: start=0, windows=8, seqlen=2048
{"stage": "sequential-module-completed", "pid": 2308657, "time": 1789682717.3558345, "cuda_visible_devices": "0", "allocated_gib": 3.795783519744873, "reserved_gib": 5.791015625, "peak_allocated_gib": 7.100478649139404, "gpu_time_budget": null, "module": "model.layers.14.mlp.down_proj", "completed": 15, "total": 28, "selected_train_nll": 3.0258937644537864, "elapsed_seconds": 487.2287613520166}
{"stage": "sequential-round-fit", "pid": 2308657, "time": 1789682719.0551183, "cuda_visible_devices": "0", "allocated_gib": 3.795783519744873, "reserved_gib": 5.791015625, "peak_allocated_gib": 7.100478649139404, "gpu_time_budget": null, "module": "model.layers.15.mlp.down_proj", "fit_rows": 49152, "heldout_rows": 16384}
{"stage": "sequential-round-coordinate", "pid": 2308657, "time": 1789682719.7089317, "cuda_visible_devices": "0", "allocated_gib": 5.225533962249756, "reserved_gib": 8.041015625, "peak_allocated_gib": 7.100478649139404, "gpu_time_budget": null, "module": "model.layers.15.mlp.down_proj", "step": 128}
{"stage": "sequential-round-coordinate", "pid": 2308657, "time": 1789682720.142737, "cuda_visible_devices": "0", "allocated_gib": 5.225533962249756, "reserved_gib": 8.041015625, "peak_allocated_gib": 7.100478649139404, "gpu_time_budget": null, "module": "model.layers.15.mlp.down_proj", "step": 256}
{"stage": "sequential-round-coordinate", "pid": 2308657, "time": 1789682720.5741258, "cuda_visible_devices": "0", "allocated_gib": 5.225533962249756, "reserved_gib": 8.041015625, "peak_allocated_gib": 7.100478649139404, "gpu_time_budget": null, "module": "model.layers.15.mlp.down_proj", "step": 384}
{"stage": "sequential-round-coordinate", "pid": 2308657, "time": 1789682721.0565577, "cuda_visible_devices": "0", "allocated_gib": 5.225533962249756, "reserved_gib": 8.041015625, "peak_allocated_gib": 7.100478649139404, "gpu_time_budget": null, "module": "model.layers.15.mlp.down_proj", "step": 512}
{"stage": "sequential-round-coordinate", "pid": 2308657, "time": 1789682721.4902482, "cuda_visible_devices": "0", "allocated_gib": 5.225533962249756, "reserved_gib": 8.041015625, "peak_allocated_gib": 7.100478649139404, "gpu_time_budget": null, "module": "model.layers.15.mlp.down_proj", "step": 640}
{"stage": "sequential-round-coordinate", "pid": 2308657, "time": 1789682721.9305012, "cuda_visible_devices": "0", "allocated_gib": 5.225533962249756, "reserved_gib": 8.041015625, "peak_allocated_gib": 7.100478649139404, "gpu_time_budget": null, "module": "model.layers.15.mlp.down_proj", "step": 768}
{"stage": "sequential-round-coordinate", "pid": 2308657, "time": 1789682722.3667307, "cuda_visible_devices": "0", "allocated_gib": 5.225533962249756, "reserved_gib": 8.041015625, "peak_allocated_gib": 7.100478649139404, "gpu_time_budget": null, "module": "model.layers.15.mlp.down_proj", "step": 896}
{"stage": "sequential-round-coordinate", "pid": 2308657, "time": 1789682722.8035326, "cuda_visible_devices": "0", "allocated_gib": 5.225533962249756, "reserved_gib": 8.041015625, "peak_allocated_gib": 7.100478649139404, "gpu_time_budget": null, "module": "model.layers.15.mlp.down_proj", "step": 1024}
{"stage": "sequential-round-coordinate", "pid": 2308657, "time": 1789682723.24099, "cuda_visible_devices": "0", "allocated_gib": 5.225533962249756, "reserved_gib": 8.041015625, "peak_allocated_gib": 7.100478649139404, "gpu_time_budget": null, "module": "model.layers.15.mlp.down_proj", "step": 1152}
{"stage": "sequential-round-coordinate", "pid": 2308657, "time": 1789682723.6752074, "cuda_visible_devices": "0", "allocated_gib": 5.225533962249756, "reserved_gib": 8.041015625, "peak_allocated_gib": 7.100478649139404, "gpu_time_budget": null, "module": "model.layers.15.mlp.down_proj", "step": 1280}
{"stage": "sequential-round-coordinate", "pid": 2308657, "time": 1789682724.114242, "cuda_visible_devices": "0", "allocated_gib": 5.225533962249756, "reserved_gib": 8.041015625, "peak_allocated_gib": 7.100478649139404, "gpu_time_budget": null, "module": "model.layers.15.mlp.down_proj", "step": 1408}
{"stage": "sequential-round-coordinate", "pid": 2308657, "time": 1789682724.5494044, "cuda_visible_devices": "0", "allocated_gib": 5.225533962249756, "reserved_gib": 8.041015625, "peak_allocated_gib": 7.100478649139404, "gpu_time_budget": null, "module": "model.layers.15.mlp.down_proj", "step": 1536}
{"stage": "sequential-round-coordinate", "pid": 2308657, "time": 1789682724.986941, "cuda_visible_devices": "0", "allocated_gib": 5.225533962249756, "reserved_gib": 8.041015625, "peak_allocated_gib": 7.100478649139404, "gpu_time_budget": null, "module": "model.layers.15.mlp.down_proj", "step": 1664}
{"stage": "sequential-round-coordinate", "pid": 2308657, "time": 1789682725.4249907, "cuda_visible_devices": "0", "allocated_gib": 5.225533962249756, "reserved_gib": 8.041015625, "peak_allocated_gib": 7.100478649139404, "gpu_time_budget": null, "module": "model.layers.15.mlp.down_proj", "step": 1792}
{"stage": "sequential-round-coordinate", "pid": 2308657, "time": 1789682725.8598425, "cuda_visible_devices": "0", "allocated_gib": 5.225533962249756, "reserved_gib": 8.041015625, "peak_allocated_gib": 7.100478649139404, "gpu_time_budget": null, "module": "model.layers.15.mlp.down_proj", "step": 1920}
{"stage": "sequential-round-coordinate", "pid": 2308657, "time": 1789682726.3481812, "cuda_visible_devices": "0", "allocated_gib": 5.225533962249756, "reserved_gib": 8.041015625, "peak_allocated_gib": 7.100478649139404, "gpu_time_budget": null, "module": "model.layers.15.mlp.down_proj", "step": 2048}
{"stage": "sequential-round-coordinate", "pid": 2308657, "time": 1789682726.7854123, "cuda_visible_devices": "0", "allocated_gib": 5.225533962249756, "reserved_gib": 8.041015625, "peak_allocated_gib": 7.100478649139404, "gpu_time_budget": null, "module": "model.layers.15.mlp.down_proj", "step": 2176}
{"stage": "sequential-round-coordinate", "pid": 2308657, "time": 1789682727.2219179, "cuda_visible_devices": "0", "allocated_gib": 5.225533962249756, "reserved_gib": 8.041015625, "peak_allocated_gib": 7.100478649139404, "gpu_time_budget": null, "module": "model.layers.15.mlp.down_proj", "step": 2304}
{"stage": "sequential-round-coordinate", "pid": 2308657, "time": 1789682727.6570935, "cuda_visible_devices": "0", "allocated_gib": 5.225533962249756, "reserved_gib": 8.041015625, "peak_allocated_gib": 7.100478649139404, "gpu_time_budget": null, "module": "model.layers.15.mlp.down_proj", "step": 2432}
{"stage": "sequential-round-coordinate", "pid": 2308657, "time": 1789682728.0929897, "cuda_visible_devices": "0", "allocated_gib": 5.225533962249756, "reserved_gib": 8.041015625, "peak_allocated_gib": 7.100478649139404, "gpu_time_budget": null, "module": "model.layers.15.mlp.down_proj", "step": 2560}
{"stage": "sequential-round-coordinate", "pid": 2308657, "time": 1789682728.5283651, "cuda_visible_devices": "0", "allocated_gib": 5.225533962249756, "reserved_gib": 8.041015625, "peak_allocated_gib": 7.100478649139404, "gpu_time_budget": null, "module": "model.layers.15.mlp.down_proj", "step": 2688}
{"stage": "sequential-round-coordinate", "pid": 2308657, "time": 1789682728.9694614, "cuda_visible_devices": "0", "allocated_gib": 5.225533962249756, "reserved_gib": 8.041015625, "peak_allocated_gib": 7.100478649139404, "gpu_time_budget": null, "module": "model.layers.15.mlp.down_proj", "step": 2816}
{"stage": "sequential-round-coordinate", "pid": 2308657, "time": 1789682729.4035115, "cuda_visible_devices": "0", "allocated_gib": 5.225533962249756, "reserved_gib": 8.041015625, "peak_allocated_gib": 7.100478649139404, "gpu_time_budget": null, "module": "model.layers.15.mlp.down_proj", "step": 2944}
{"stage": "sequential-round-coordinate", "pid": 2308657, "time": 1789682729.8424673, "cuda_visible_devices": "0", "allocated_gib": 5.225533962249756, "reserved_gib": 8.041015625, "peak_allocated_gib": 7.100478649139404, "gpu_time_budget": null, "module": "model.layers.15.mlp.down_proj", "step": 3072}
{"stage": "sequential-round-coordinate", "pid": 2308657, "time": 1789682730.279985, "cuda_visible_devices": "0", "allocated_gib": 5.225533962249756, "reserved_gib": 8.041015625, "peak_allocated_gib": 7.100478649139404, "gpu_time_budget": null, "module": "model.layers.15.mlp.down_proj", "step": 3200}
{"stage": "sequential-round-coordinate", "pid": 2308657, "time": 1789682730.7176714, "cuda_visible_devices": "0", "allocated_gib": 5.225533962249756, "reserved_gib": 8.041015625, "peak_allocated_gib": 7.100478649139404, "gpu_time_budget": null, "module": "model.layers.15.mlp.down_proj", "step": 3328}
{"stage": "sequential-round-coordinate", "pid": 2308657, "time": 1789682731.1550453, "cuda_visible_devices": "0", "allocated_gib": 5.225533962249756, "reserved_gib": 8.041015625, "peak_allocated_gib": 7.100478649139404, "gpu_time_budget": null, "module": "model.layers.15.mlp.down_proj", "step": 3456}
{"stage": "sequential-round-coordinate", "pid": 2308657, "time": 1789682731.590812, "cuda_visible_devices": "0", "allocated_gib": 5.225533962249756, "reserved_gib": 8.041015625, "peak_allocated_gib": 7.100478649139404, "gpu_time_budget": null, "module": "model.layers.15.mlp.down_proj", "step": 3584}
{"stage": "sequential-round-coordinate", "pid": 2308657, "time": 1789682732.027105, "cuda_visible_devices": "0", "allocated_gib": 5.225533962249756, "reserved_gib": 8.041015625, "peak_allocated_gib": 7.100478649139404, "gpu_time_budget": null, "module": "model.layers.15.mlp.down_proj", "step": 3712}
{"stage": "sequential-round-coordinate", "pid": 2308657, "time": 1789682732.4633634, "cuda_visible_devices": "0", "allocated_gib": 5.225533962249756, "reserved_gib": 8.041015625, "peak_allocated_gib": 7.100478649139404, "gpu_time_budget": null, "module": "model.layers.15.mlp.down_proj", "step": 3840}
{"stage": "sequential-round-coordinate", "pid": 2308657, "time": 1789682732.9001095, "cuda_visible_devices": "0", "allocated_gib": 5.225533962249756, "reserved_gib": 8.041015625, "peak_allocated_gib": 7.100478649139404, "gpu_time_budget": null, "module": "model.layers.15.mlp.down_proj", "step": 3968}
{"stage": "sequential-round-coordinate", "pid": 2308657, "time": 1789682733.3391926, "cuda_visible_devices": "0", "allocated_gib": 5.225533962249756, "reserved_gib": 8.041015625, "peak_allocated_gib": 7.100478649139404, "gpu_time_budget": null, "module": "model.layers.15.mlp.down_proj", "step": 4096}
{"stage": "sequential-round-coordinate", "pid": 2308657, "time": 1789682733.780788, "cuda_visible_devices": "0", "allocated_gib": 5.225533962249756, "reserved_gib": 8.041015625, "peak_allocated_gib": 7.100478649139404, "gpu_time_budget": null, "module": "model.layers.15.mlp.down_proj", "step": 4224}
{"stage": "sequential-round-coordinate", "pid": 2308657, "time": 1789682734.2184582, "cuda_visible_devices": "0", "allocated_gib": 5.225533962249756, "reserved_gib": 8.041015625, "peak_allocated_gib": 7.100478649139404, "gpu_time_budget": null, "module": "model.layers.15.mlp.down_proj", "step": 4352}
{"stage": "sequential-round-coordinate", "pid": 2308657, "time": 1789682734.6551719, "cuda_visible_devices": "0", "allocated_gib": 5.225533962249756, "reserved_gib": 8.041015625, "peak_allocated_gib": 7.100478649139404, "gpu_time_budget": null, "module": "model.layers.15.mlp.down_proj", "step": 4480}
{"stage": "sequential-round-coordinate", "pid": 2308657, "time": 1789682735.0910497, "cuda_visible_devices": "0", "allocated_gib": 5.225533962249756, "reserved_gib": 8.041015625, "peak_allocated_gib": 7.100478649139404, "gpu_time_budget": null, "module": "model.layers.15.mlp.down_proj", "step": 4608}
{"stage": "sequential-round-coordinate", "pid": 2308657, "time": 1789682735.5350127, "cuda_visible_devices": "0", "allocated_gib": 5.225533962249756, "reserved_gib": 8.041015625, "peak_allocated_gib": 7.100478649139404, "gpu_time_budget": null, "module": "model.layers.15.mlp.down_proj", "step": 4736}
{"stage": "sequential-round-coordinate", "pid": 2308657, "time": 1789682735.9730856, "cuda_visible_devices": "0", "allocated_gib": 5.225533962249756, "reserved_gib": 8.041015625, "peak_allocated_gib": 7.100478649139404, "gpu_time_budget": null, "module": "model.layers.15.mlp.down_proj", "step": 4864}
{"stage": "sequential-round-coordinate", "pid": 2308657, "time": 1789682736.4104476, "cuda_visible_devices": "0", "allocated_gib": 5.225533962249756, "reserved_gib": 8.041015625, "peak_allocated_gib": 7.100478649139404, "gpu_time_budget": null, "module": "model.layers.15.mlp.down_proj", "step": 4992}
{"stage": "sequential-round-coordinate", "pid": 2308657, "time": 1789682736.8494048, "cuda_visible_devices": "0", "allocated_gib": 5.225533962249756, "reserved_gib": 8.041015625, "peak_allocated_gib": 7.100478649139404, "gpu_time_budget": null, "module": "model.layers.15.mlp.down_proj", "step": 5120}
{"stage": "sequential-round-coordinate", "pid": 2308657, "time": 1789682737.2860978, "cuda_visible_devices": "0", "allocated_gib": 5.225533962249756, "reserved_gib": 8.041015625, "peak_allocated_gib": 7.100478649139404, "gpu_time_budget": null, "module": "model.layers.15.mlp.down_proj", "step": 5248}
{"stage": "sequential-round-coordinate", "pid": 2308657, "time": 1789682737.7231028, "cuda_visible_devices": "0", "allocated_gib": 5.225533962249756, "reserved_gib": 8.041015625, "peak_allocated_gib": 7.100478649139404, "gpu_time_budget": null, "module": "model.layers.15.mlp.down_proj", "step": 5376}
{"stage": "sequential-round-coordinate", "pid": 2308657, "time": 1789682738.1581454, "cuda_visible_devices": "0", "allocated_gib": 5.225533962249756, "reserved_gib": 8.041015625, "peak_allocated_gib": 7.100478649139404, "gpu_time_budget": null, "module": "model.layers.15.mlp.down_proj", "step": 5504}
{"stage": "sequential-round-coordinate", "pid": 2308657, "time": 1789682738.5958836, "cuda_visible_devices": "0", "allocated_gib": 5.225533962249756, "reserved_gib": 8.041015625, "peak_allocated_gib": 7.100478649139404, "gpu_time_budget": null, "module": "model.layers.15.mlp.down_proj", "step": 5632}
{"stage": "sequential-round-coordinate", "pid": 2308657, "time": 1789682739.0323982, "cuda_visible_devices": "0", "allocated_gib": 5.225533962249756, "reserved_gib": 8.041015625, "peak_allocated_gib": 7.100478649139404, "gpu_time_budget": null, "module": "model.layers.15.mlp.down_proj", "step": 5760}
{"stage": "sequential-round-coordinate", "pid": 2308657, "time": 1789682739.4689605, "cuda_visible_devices": "0", "allocated_gib": 5.225533962249756, "reserved_gib": 8.041015625, "peak_allocated_gib": 7.100478649139404, "gpu_time_budget": null, "module": "model.layers.15.mlp.down_proj", "step": 5888}
{"stage": "sequential-round-coordinate", "pid": 2308657, "time": 1789682739.9035504, "cuda_visible_devices": "0", "allocated_gib": 5.225533962249756, "reserved_gib": 8.041015625, "peak_allocated_gib": 7.100478649139404, "gpu_time_budget": null, "module": "model.layers.15.mlp.down_proj", "step": 6016}
{"stage": "sequential-round-coordinate", "pid": 2308657, "time": 1789682740.3404858, "cuda_visible_devices": "0", "allocated_gib": 5.225533962249756, "reserved_gib": 8.041015625, "peak_allocated_gib": 7.100478649139404, "gpu_time_budget": null, "module": "model.layers.15.mlp.down_proj", "step": 6144}
{"stage": "sequential-round-coordinate", "pid": 2308657, "time": 1789682740.7761488, "cuda_visible_devices": "0", "allocated_gib": 5.225533962249756, "reserved_gib": 8.041015625, "peak_allocated_gib": 7.100478649139404, "gpu_time_budget": null, "module": "model.layers.15.mlp.down_proj", "step": 6272}
{"stage": "sequential-round-coordinate", "pid": 2308657, "time": 1789682741.2127733, "cuda_visible_devices": "0", "allocated_gib": 5.225533962249756, "reserved_gib": 8.041015625, "peak_allocated_gib": 7.100478649139404, "gpu_time_budget": null, "module": "model.layers.15.mlp.down_proj", "step": 6400}
{"stage": "sequential-round-coordinate", "pid": 2308657, "time": 1789682741.6546698, "cuda_visible_devices": "0", "allocated_gib": 5.225533962249756, "reserved_gib": 8.041015625, "peak_allocated_gib": 7.100478649139404, "gpu_time_budget": null, "module": "model.layers.15.mlp.down_proj", "step": 6528}
{"stage": "sequential-round-coordinate", "pid": 2308657, "time": 1789682742.0964231, "cuda_visible_devices": "0", "allocated_gib": 5.225533962249756, "reserved_gib": 8.041015625, "peak_allocated_gib": 7.100478649139404, "gpu_time_budget": null, "module": "model.layers.15.mlp.down_proj", "step": 6656}
{"stage": "sequential-round-coordinate", "pid": 2308657, "time": 1789682742.5404875, "cuda_visible_devices": "0", "allocated_gib": 5.225533962249756, "reserved_gib": 8.041015625, "peak_allocated_gib": 7.100478649139404, "gpu_time_budget": null, "module": "model.layers.15.mlp.down_proj", "step": 6784}
{"stage": "sequential-round-coordinate", "pid": 2308657, "time": 1789682742.978967, "cuda_visible_devices": "0", "allocated_gib": 5.225533962249756, "reserved_gib": 8.041015625, "peak_allocated_gib": 7.100478649139404, "gpu_time_budget": null, "module": "model.layers.15.mlp.down_proj", "step": 6912}
{"stage": "sequential-round-coordinate", "pid": 2308657, "time": 1789682743.414704, "cuda_visible_devices": "0", "allocated_gib": 5.225533962249756, "reserved_gib": 8.041015625, "peak_allocated_gib": 7.100478649139404, "gpu_time_budget": null, "module": "model.layers.15.mlp.down_proj", "step": 7040}
{"stage": "sequential-round-coordinate", "pid": 2308657, "time": 1789682743.8530066, "cuda_visible_devices": "0", "allocated_gib": 5.225533962249756, "reserved_gib": 8.041015625, "peak_allocated_gib": 7.100478649139404, "gpu_time_budget": null, "module": "model.layers.15.mlp.down_proj", "step": 7168}
{"stage": "sequential-round-coordinate", "pid": 2308657, "time": 1789682744.2904394, "cuda_visible_devices": "0", "allocated_gib": 5.225533962249756, "reserved_gib": 8.041015625, "peak_allocated_gib": 7.100478649139404, "gpu_time_budget": null, "module": "model.layers.15.mlp.down_proj", "step": 7296}
{"stage": "sequential-round-coordinate", "pid": 2308657, "time": 1789682744.7226923, "cuda_visible_devices": "0", "allocated_gib": 5.225533962249756, "reserved_gib": 8.041015625, "peak_allocated_gib": 7.100478649139404, "gpu_time_budget": null, "module": "model.layers.15.mlp.down_proj", "step": 7424}
{"stage": "sequential-round-coordinate", "pid": 2308657, "time": 1789682745.1556065, "cuda_visible_devices": "0", "allocated_gib": 5.225533962249756, "reserved_gib": 8.041015625, "peak_allocated_gib": 7.100478649139404, "gpu_time_budget": null, "module": "model.layers.15.mlp.down_proj", "step": 7552}
{"stage": "sequential-round-coordinate", "pid": 2308657, "time": 1789682745.5900016, "cuda_visible_devices": "0", "allocated_gib": 5.225533962249756, "reserved_gib": 8.041015625, "peak_allocated_gib": 7.100478649139404, "gpu_time_budget": null, "module": "model.layers.15.mlp.down_proj", "step": 7680}
{"stage": "sequential-round-coordinate", "pid": 2308657, "time": 1789682746.023768, "cuda_visible_devices": "0", "allocated_gib": 5.225533962249756, "reserved_gib": 8.041015625, "peak_allocated_gib": 7.100478649139404, "gpu_time_budget": null, "module": "model.layers.15.mlp.down_proj", "step": 7808}
{"stage": "sequential-round-coordinate", "pid": 2308657, "time": 1789682746.4575787, "cuda_visible_devices": "0", "allocated_gib": 5.225533962249756, "reserved_gib": 8.041015625, "peak_allocated_gib": 7.100478649139404, "gpu_time_budget": null, "module": "model.layers.15.mlp.down_proj", "step": 7936}
{"stage": "sequential-round-coordinate", "pid": 2308657, "time": 1789682746.8917925, "cuda_visible_devices": "0", "allocated_gib": 5.225533962249756, "reserved_gib": 8.041015625, "peak_allocated_gib": 7.100478649139404, "gpu_time_budget": null, "module": "model.layers.15.mlp.down_proj", "step": 8064}
{"stage": "sequential-round-coordinate", "pid": 2308657, "time": 1789682747.376801, "cuda_visible_devices": "0", "allocated_gib": 5.225533962249756, "reserved_gib": 8.041015625, "peak_allocated_gib": 7.100478649139404, "gpu_time_budget": null, "module": "model.layers.15.mlp.down_proj", "step": 8192}
{"stage": "sequential-round-train-nll", "pid": 2308657, "time": 1789682747.4190497, "cuda_visible_devices": "0", "allocated_gib": 3.795783519744873, "reserved_gib": 3.80078125, "peak_allocated_gib": 7.100478649139404, "gpu_time_budget": null, "module": "model.layers.15.mlp.down_proj", "step": 512}
Evaluation segment 1/1: start=0, windows=8, seqlen=2048
{"stage": "sequential-round-train-nll", "pid": 2308657, "time": 1789682749.1886535, "cuda_visible_devices": "0", "allocated_gib": 3.795783519744873, "reserved_gib": 5.791015625, "peak_allocated_gib": 7.100478649139404, "gpu_time_budget": null, "module": "model.layers.15.mlp.down_proj", "step": 2048}
Evaluation segment 1/1: start=0, windows=8, seqlen=2048
{"stage": "sequential-round-train-nll", "pid": 2308657, "time": 1789682750.9387903, "cuda_visible_devices": "0", "allocated_gib": 3.795783519744873, "reserved_gib": 5.791015625, "peak_allocated_gib": 7.100478649139404, "gpu_time_budget": null, "module": "model.layers.15.mlp.down_proj", "step": 8192}
Evaluation segment 1/1: start=0, windows=8, seqlen=2048
{"stage": "sequential-module-completed", "pid": 2308657, "time": 1789682752.949844, "cuda_visible_devices": "0", "allocated_gib": 3.795783519744873, "reserved_gib": 5.791015625, "peak_allocated_gib": 7.100478649139404, "gpu_time_budget": null, "module": "model.layers.15.mlp.down_proj", "completed": 16, "total": 28, "selected_train_nll": 3.0258937644537864, "elapsed_seconds": 522.8227725470206}
{"stage": "sequential-round-fit", "pid": 2308657, "time": 1789682754.9509182, "cuda_visible_devices": "0", "allocated_gib": 3.795783519744873, "reserved_gib": 5.791015625, "peak_allocated_gib": 7.100478649139404, "gpu_time_budget": null, "module": "model.layers.16.mlp.down_proj", "fit_rows": 49152, "heldout_rows": 16384}
{"stage": "sequential-round-coordinate", "pid": 2308657, "time": 1789682755.6204913, "cuda_visible_devices": "0", "allocated_gib": 5.225533962249756, "reserved_gib": 8.041015625, "peak_allocated_gib": 7.100478649139404, "gpu_time_budget": null, "module": "model.layers.16.mlp.down_proj", "step": 128}
{"stage": "sequential-round-coordinate", "pid": 2308657, "time": 1789682756.0523672, "cuda_visible_devices": "0", "allocated_gib": 5.225533962249756, "reserved_gib": 8.041015625, "peak_allocated_gib": 7.100478649139404, "gpu_time_budget": null, "module": "model.layers.16.mlp.down_proj", "step": 256}
{"stage": "sequential-round-coordinate", "pid": 2308657, "time": 1789682756.4854136, "cuda_visible_devices": "0", "allocated_gib": 5.225533962249756, "reserved_gib": 8.041015625, "peak_allocated_gib": 7.100478649139404, "gpu_time_budget": null, "module": "model.layers.16.mlp.down_proj", "step": 384}
{"stage": "sequential-round-coordinate", "pid": 2308657, "time": 1789682756.9589686, "cuda_visible_devices": "0", "allocated_gib": 5.225533962249756, "reserved_gib": 8.041015625, "peak_allocated_gib": 7.100478649139404, "gpu_time_budget": null, "module": "model.layers.16.mlp.down_proj", "step": 512}
{"stage": "sequential-round-coordinate", "pid": 2308657, "time": 1789682757.3964317, "cuda_visible_devices": "0", "allocated_gib": 5.225533962249756, "reserved_gib": 8.041015625, "peak_allocated_gib": 7.100478649139404, "gpu_time_budget": null, "module": "model.layers.16.mlp.down_proj", "step": 640}
{"stage": "sequential-round-coordinate", "pid": 2308657, "time": 1789682757.8382964, "cuda_visible_devices": "0", "allocated_gib": 5.225533962249756, "reserved_gib": 8.041015625, "peak_allocated_gib": 7.100478649139404, "gpu_time_budget": null, "module": "model.layers.16.mlp.down_proj", "step": 768}
{"stage": "sequential-round-coordinate", "pid": 2308657, "time": 1789682758.2719946, "cuda_visible_devices": "0", "allocated_gib": 5.225533962249756, "reserved_gib": 8.041015625, "peak_allocated_gib": 7.100478649139404, "gpu_time_budget": null, "module": "model.layers.16.mlp.down_proj", "step": 896}
{"stage": "sequential-round-coordinate", "pid": 2308657, "time": 1789682758.7074199, "cuda_visible_devices": "0", "allocated_gib": 5.225533962249756, "reserved_gib": 8.041015625, "peak_allocated_gib": 7.100478649139404, "gpu_time_budget": null, "module": "model.layers.16.mlp.down_proj", "step": 1024}
{"stage": "sequential-round-coordinate", "pid": 2308657, "time": 1789682760.0665689, "cuda_visible_devices": "0", "allocated_gib": 5.225533962249756, "reserved_gib": 8.041015625, "peak_allocated_gib": 7.100478649139404, "gpu_time_budget": null, "module": "model.layers.16.mlp.down_proj", "step": 1152}
{"stage": "sequential-round-coordinate", "pid": 2308657, "time": 1789682760.5008085, "cuda_visible_devices": "0", "allocated_gib": 5.225533962249756, "reserved_gib": 8.041015625, "peak_allocated_gib": 7.100478649139404, "gpu_time_budget": null, "module": "model.layers.16.mlp.down_proj", "step": 1280}
{"stage": "sequential-round-coordinate", "pid": 2308657, "time": 1789682760.9354725, "cuda_visible_devices": "0", "allocated_gib": 5.225533962249756, "reserved_gib": 8.041015625, "peak_allocated_gib": 7.100478649139404, "gpu_time_budget": null, "module": "model.layers.16.mlp.down_proj", "step": 1408}
{"stage": "sequential-round-coordinate", "pid": 2308657, "time": 1789682761.3680053, "cuda_visible_devices": "0", "allocated_gib": 5.225533962249756, "reserved_gib": 8.041015625, "peak_allocated_gib": 7.100478649139404, "gpu_time_budget": null, "module": "model.layers.16.mlp.down_proj", "step": 1536}
{"stage": "sequential-round-coordinate", "pid": 2308657, "time": 1789682761.8017058, "cuda_visible_devices": "0", "allocated_gib": 5.225533962249756, "reserved_gib": 8.041015625, "peak_allocated_gib": 7.100478649139404, "gpu_time_budget": null, "module": "model.layers.16.mlp.down_proj", "step": 1664}
{"stage": "sequential-round-coordinate", "pid": 2308657, "time": 1789682762.2322495, "cuda_visible_devices": "0", "allocated_gib": 5.225533962249756, "reserved_gib": 8.041015625, "peak_allocated_gib": 7.100478649139404, "gpu_time_budget": null, "module": "model.layers.16.mlp.down_proj", "step": 1792}
{"stage": "sequential-round-coordinate", "pid": 2308657, "time": 1789682762.6625195, "cuda_visible_devices": "0", "allocated_gib": 5.225533962249756, "reserved_gib": 8.041015625, "peak_allocated_gib": 7.100478649139404, "gpu_time_budget": null, "module": "model.layers.16.mlp.down_proj", "step": 1920}
{"stage": "sequential-round-coordinate", "pid": 2308657, "time": 1789682763.133642, "cuda_visible_devices": "0", "allocated_gib": 5.225533962249756, "reserved_gib": 8.041015625, "peak_allocated_gib": 7.100478649139404, "gpu_time_budget": null, "module": "model.layers.16.mlp.down_proj", "step": 2048}
{"stage": "sequential-round-coordinate", "pid": 2308657, "time": 1789682763.5649295, "cuda_visible_devices": "0", "allocated_gib": 5.225533962249756, "reserved_gib": 8.041015625, "peak_allocated_gib": 7.100478649139404, "gpu_time_budget": null, "module": "model.layers.16.mlp.down_proj", "step": 2176}
{"stage": "sequential-round-coordinate", "pid": 2308657, "time": 1789682763.9969683, "cuda_visible_devices": "0", "allocated_gib": 5.225533962249756, "reserved_gib": 8.041015625, "peak_allocated_gib": 7.100478649139404, "gpu_time_budget": null, "module": "model.layers.16.mlp.down_proj", "step": 2304}
{"stage": "sequential-round-coordinate", "pid": 2308657, "time": 1789682764.4287422, "cuda_visible_devices": "0", "allocated_gib": 5.225533962249756, "reserved_gib": 8.041015625, "peak_allocated_gib": 7.100478649139404, "gpu_time_budget": null, "module": "model.layers.16.mlp.down_proj", "step": 2432}
{"stage": "sequential-round-coordinate", "pid": 2308657, "time": 1789682764.862044, "cuda_visible_devices": "0", "allocated_gib": 5.225533962249756, "reserved_gib": 8.041015625, "peak_allocated_gib": 7.100478649139404, "gpu_time_budget": null, "module": "model.layers.16.mlp.down_proj", "step": 2560}
{"stage": "sequential-round-coordinate", "pid": 2308657, "time": 1789682765.296011, "cuda_visible_devices": "0", "allocated_gib": 5.225533962249756, "reserved_gib": 8.041015625, "peak_allocated_gib": 7.100478649139404, "gpu_time_budget": null, "module": "model.layers.16.mlp.down_proj", "step": 2688}
{"stage": "sequential-round-coordinate", "pid": 2308657, "time": 1789682765.72872, "cuda_visible_devices": "0", "allocated_gib": 5.225533962249756, "reserved_gib": 8.041015625, "peak_allocated_gib": 7.100478649139404, "gpu_time_budget": null, "module": "model.layers.16.mlp.down_proj", "step": 2816}
{"stage": "sequential-round-coordinate", "pid": 2308657, "time": 1789682766.1641643, "cuda_visible_devices": "0", "allocated_gib": 5.225533962249756, "reserved_gib": 8.041015625, "peak_allocated_gib": 7.100478649139404, "gpu_time_budget": null, "module": "model.layers.16.mlp.down_proj", "step": 2944}
{"stage": "sequential-round-coordinate", "pid": 2308657, "time": 1789682766.6067183, "cuda_visible_devices": "0", "allocated_gib": 5.225533962249756, "reserved_gib": 8.041015625, "peak_allocated_gib": 7.100478649139404, "gpu_time_budget": null, "module": "model.layers.16.mlp.down_proj", "step": 3072}
{"stage": "sequential-round-coordinate", "pid": 2308657, "time": 1789682767.0440931, "cuda_visible_devices": "0", "allocated_gib": 5.225533962249756, "reserved_gib": 8.041015625, "peak_allocated_gib": 7.100478649139404, "gpu_time_budget": null, "module": "model.layers.16.mlp.down_proj", "step": 3200}
{"stage": "sequential-round-coordinate", "pid": 2308657, "time": 1789682767.4803183, "cuda_visible_devices": "0", "allocated_gib": 5.225533962249756, "reserved_gib": 8.041015625, "peak_allocated_gib": 7.100478649139404, "gpu_time_budget": null, "module": "model.layers.16.mlp.down_proj", "step": 3328}
{"stage": "sequential-round-coordinate", "pid": 2308657, "time": 1789682767.9173324, "cuda_visible_devices": "0", "allocated_gib": 5.225533962249756, "reserved_gib": 8.041015625, "peak_allocated_gib": 7.100478649139404, "gpu_time_budget": null, "module": "model.layers.16.mlp.down_proj", "step": 3456}
{"stage": "sequential-round-coordinate", "pid": 2308657, "time": 1789682768.3544881, "cuda_visible_devices": "0", "allocated_gib": 5.225533962249756, "reserved_gib": 8.041015625, "peak_allocated_gib": 7.100478649139404, "gpu_time_budget": null, "module": "model.layers.16.mlp.down_proj", "step": 3584}
{"stage": "sequential-round-coordinate", "pid": 2308657, "time": 1789682768.7910786, "cuda_visible_devices": "0", "allocated_gib": 5.225533962249756, "reserved_gib": 8.041015625, "peak_allocated_gib": 7.100478649139404, "gpu_time_budget": null, "module": "model.layers.16.mlp.down_proj", "step": 3712}
{"stage": "sequential-round-coordinate", "pid": 2308657, "time": 1789682769.2275167, "cuda_visible_devices": "0", "allocated_gib": 5.225533962249756, "reserved_gib": 8.041015625, "peak_allocated_gib": 7.100478649139404, "gpu_time_budget": null, "module": "model.layers.16.mlp.down_proj", "step": 3840}
{"stage": "sequential-round-coordinate", "pid": 2308657, "time": 1789682769.662325, "cuda_visible_devices": "0", "allocated_gib": 5.225533962249756, "reserved_gib": 8.041015625, "peak_allocated_gib": 7.100478649139404, "gpu_time_budget": null, "module": "model.layers.16.mlp.down_proj", "step": 3968}
{"stage": "sequential-round-coordinate", "pid": 2308657, "time": 1789682770.099225, "cuda_visible_devices": "0", "allocated_gib": 5.225533962249756, "reserved_gib": 8.041015625, "peak_allocated_gib": 7.100478649139404, "gpu_time_budget": null, "module": "model.layers.16.mlp.down_proj", "step": 4096}
{"stage": "sequential-round-coordinate", "pid": 2308657, "time": 1789682770.535239, "cuda_visible_devices": "0", "allocated_gib": 5.225533962249756, "reserved_gib": 8.041015625, "peak_allocated_gib": 7.100478649139404, "gpu_time_budget": null, "module": "model.layers.16.mlp.down_proj", "step": 4224}
{"stage": "sequential-round-coordinate", "pid": 2308657, "time": 1789682770.9713998, "cuda_visible_devices": "0", "allocated_gib": 5.225533962249756, "reserved_gib": 8.041015625, "peak_allocated_gib": 7.100478649139404, "gpu_time_budget": null, "module": "model.layers.16.mlp.down_proj", "step": 4352}
{"stage": "sequential-round-coordinate", "pid": 2308657, "time": 1789682771.40967, "cuda_visible_devices": "0", "allocated_gib": 5.225533962249756, "reserved_gib": 8.041015625, "peak_allocated_gib": 7.100478649139404, "gpu_time_budget": null, "module": "model.layers.16.mlp.down_proj", "step": 4480}
{"stage": "sequential-round-coordinate", "pid": 2308657, "time": 1789682771.8460076, "cuda_visible_devices": "0", "allocated_gib": 5.225533962249756, "reserved_gib": 8.041015625, "peak_allocated_gib": 7.100478649139404, "gpu_time_budget": null, "module": "model.layers.16.mlp.down_proj", "step": 4608}
{"stage": "sequential-round-coordinate", "pid": 2308657, "time": 1789682772.2808506, "cuda_visible_devices": "0", "allocated_gib": 5.225533962249756, "reserved_gib": 8.041015625, "peak_allocated_gib": 7.100478649139404, "gpu_time_budget": null, "module": "model.layers.16.mlp.down_proj", "step": 4736}
{"stage": "sequential-round-coordinate", "pid": 2308657, "time": 1789682772.7143579, "cuda_visible_devices": "0", "allocated_gib": 5.225533962249756, "reserved_gib": 8.041015625, "peak_allocated_gib": 7.100478649139404, "gpu_time_budget": null, "module": "model.layers.16.mlp.down_proj", "step": 4864}
{"stage": "sequential-round-coordinate", "pid": 2308657, "time": 1789682773.1524434, "cuda_visible_devices": "0", "allocated_gib": 5.225533962249756, "reserved_gib": 8.041015625, "peak_allocated_gib": 7.100478649139404, "gpu_time_budget": null, "module": "model.layers.16.mlp.down_proj", "step": 4992}
{"stage": "sequential-round-coordinate", "pid": 2308657, "time": 1789682773.588654, "cuda_visible_devices": "0", "allocated_gib": 5.225533962249756, "reserved_gib": 8.041015625, "peak_allocated_gib": 7.100478649139404, "gpu_time_budget": null, "module": "model.layers.16.mlp.down_proj", "step": 5120}
{"stage": "sequential-round-coordinate", "pid": 2308657, "time": 1789682774.0260582, "cuda_visible_devices": "0", "allocated_gib": 5.225533962249756, "reserved_gib": 8.041015625, "peak_allocated_gib": 7.100478649139404, "gpu_time_budget": null, "module": "model.layers.16.mlp.down_proj", "step": 5248}
{"stage": "sequential-round-coordinate", "pid": 2308657, "time": 1789682774.462432, "cuda_visible_devices": "0", "allocated_gib": 5.225533962249756, "reserved_gib": 8.041015625, "peak_allocated_gib": 7.100478649139404, "gpu_time_budget": null, "module": "model.layers.16.mlp.down_proj", "step": 5376}
{"stage": "sequential-round-coordinate", "pid": 2308657, "time": 1789682774.8993835, "cuda_visible_devices": "0", "allocated_gib": 5.225533962249756, "reserved_gib": 8.041015625, "peak_allocated_gib": 7.100478649139404, "gpu_time_budget": null, "module": "model.layers.16.mlp.down_proj", "step": 5504}
{"stage": "sequential-round-coordinate", "pid": 2308657, "time": 1789682775.3310113, "cuda_visible_devices": "0", "allocated_gib": 5.225533962249756, "reserved_gib": 8.041015625, "peak_allocated_gib": 7.100478649139404, "gpu_time_budget": null, "module": "model.layers.16.mlp.down_proj", "step": 5632}
{"stage": "sequential-round-coordinate", "pid": 2308657, "time": 1789682775.7676303, "cuda_visible_devices": "0", "allocated_gib": 5.225533962249756, "reserved_gib": 8.041015625, "peak_allocated_gib": 7.100478649139404, "gpu_time_budget": null, "module": "model.layers.16.mlp.down_proj", "step": 5760}
{"stage": "sequential-round-coordinate", "pid": 2308657, "time": 1789682776.2011094, "cuda_visible_devices": "0", "allocated_gib": 5.225533962249756, "reserved_gib": 8.041015625, "peak_allocated_gib": 7.100478649139404, "gpu_time_budget": null, "module": "model.layers.16.mlp.down_proj", "step": 5888}
{"stage": "sequential-round-coordinate", "pid": 2308657, "time": 1789682776.639281, "cuda_visible_devices": "0", "allocated_gib": 5.225533962249756, "reserved_gib": 8.041015625, "peak_allocated_gib": 7.100478649139404, "gpu_time_budget": null, "module": "model.layers.16.mlp.down_proj", "step": 6016}
{"stage": "sequential-round-coordinate", "pid": 2308657, "time": 1789682777.0770586, "cuda_visible_devices": "0", "allocated_gib": 5.225533962249756, "reserved_gib": 8.041015625, "peak_allocated_gib": 7.100478649139404, "gpu_time_budget": null, "module": "model.layers.16.mlp.down_proj", "step": 6144}
{"stage": "sequential-round-coordinate", "pid": 2308657, "time": 1789682777.5243268, "cuda_visible_devices": "0", "allocated_gib": 5.225533962249756, "reserved_gib": 8.041015625, "peak_allocated_gib": 7.100478649139404, "gpu_time_budget": null, "module": "model.layers.16.mlp.down_proj", "step": 6272}
{"stage": "sequential-round-coordinate", "pid": 2308657, "time": 1789682777.9597502, "cuda_visible_devices": "0", "allocated_gib": 5.225533962249756, "reserved_gib": 8.041015625, "peak_allocated_gib": 7.100478649139404, "gpu_time_budget": null, "module": "model.layers.16.mlp.down_proj", "step": 6400}
{"stage": "sequential-round-coordinate", "pid": 2308657, "time": 1789682778.3932629, "cuda_visible_devices": "0", "allocated_gib": 5.225533962249756, "reserved_gib": 8.041015625, "peak_allocated_gib": 7.100478649139404, "gpu_time_budget": null, "module": "model.layers.16.mlp.down_proj", "step": 6528}
{"stage": "sequential-round-coordinate", "pid": 2308657, "time": 1789682778.826649, "cuda_visible_devices": "0", "allocated_gib": 5.225533962249756, "reserved_gib": 8.041015625, "peak_allocated_gib": 7.100478649139404, "gpu_time_budget": null, "module": "model.layers.16.mlp.down_proj", "step": 6656}
{"stage": "sequential-round-coordinate", "pid": 2308657, "time": 1789682779.259902, "cuda_visible_devices": "0", "allocated_gib": 5.225533962249756, "reserved_gib": 8.041015625, "peak_allocated_gib": 7.100478649139404, "gpu_time_budget": null, "module": "model.layers.16.mlp.down_proj", "step": 6784}
{"stage": "sequential-round-coordinate", "pid": 2308657, "time": 1789682779.6935623, "cuda_visible_devices": "0", "allocated_gib": 5.225533962249756, "reserved_gib": 8.041015625, "peak_allocated_gib": 7.100478649139404, "gpu_time_budget": null, "module": "model.layers.16.mlp.down_proj", "step": 6912}
{"stage": "sequential-round-coordinate", "pid": 2308657, "time": 1789682780.1263995, "cuda_visible_devices": "0", "allocated_gib": 5.225533962249756, "reserved_gib": 8.041015625, "peak_allocated_gib": 7.100478649139404, "gpu_time_budget": null, "module": "model.layers.16.mlp.down_proj", "step": 7040}
{"stage": "sequential-round-coordinate", "pid": 2308657, "time": 1789682780.559621, "cuda_visible_devices": "0", "allocated_gib": 5.225533962249756, "reserved_gib": 8.041015625, "peak_allocated_gib": 7.100478649139404, "gpu_time_budget": null, "module": "model.layers.16.mlp.down_proj", "step": 7168}
{"stage": "sequential-round-coordinate", "pid": 2308657, "time": 1789682780.9934378, "cuda_visible_devices": "0", "allocated_gib": 5.225533962249756, "reserved_gib": 8.041015625, "peak_allocated_gib": 7.100478649139404, "gpu_time_budget": null, "module": "model.layers.16.mlp.down_proj", "step": 7296}
{"stage": "sequential-round-coordinate", "pid": 2308657, "time": 1789682781.4254549, "cuda_visible_devices": "0", "allocated_gib": 5.225533962249756, "reserved_gib": 8.041015625, "peak_allocated_gib": 7.100478649139404, "gpu_time_budget": null, "module": "model.layers.16.mlp.down_proj", "step": 7424}
{"stage": "sequential-round-coordinate", "pid": 2308657, "time": 1789682781.8620777, "cuda_visible_devices": "0", "allocated_gib": 5.225533962249756, "reserved_gib": 8.041015625, "peak_allocated_gib": 7.100478649139404, "gpu_time_budget": null, "module": "model.layers.16.mlp.down_proj", "step": 7552}
{"stage": "sequential-round-coordinate", "pid": 2308657, "time": 1789682782.3009539, "cuda_visible_devices": "0", "allocated_gib": 5.225533962249756, "reserved_gib": 8.041015625, "peak_allocated_gib": 7.100478649139404, "gpu_time_budget": null, "module": "model.layers.16.mlp.down_proj", "step": 7680}
{"stage": "sequential-round-coordinate", "pid": 2308657, "time": 1789682782.7345228, "cuda_visible_devices": "0", "allocated_gib": 5.225533962249756, "reserved_gib": 8.041015625, "peak_allocated_gib": 7.100478649139404, "gpu_time_budget": null, "module": "model.layers.16.mlp.down_proj", "step": 7808}
{"stage": "sequential-round-coordinate", "pid": 2308657, "time": 1789682783.1646466, "cuda_visible_devices": "0", "allocated_gib": 5.225533962249756, "reserved_gib": 8.041015625, "peak_allocated_gib": 7.100478649139404, "gpu_time_budget": null, "module": "model.layers.16.mlp.down_proj", "step": 7936}
{"stage": "sequential-round-coordinate", "pid": 2308657, "time": 1789682783.5969877, "cuda_visible_devices": "0", "allocated_gib": 5.225533962249756, "reserved_gib": 8.041015625, "peak_allocated_gib": 7.100478649139404, "gpu_time_budget": null, "module": "model.layers.16.mlp.down_proj", "step": 8064}
{"stage": "sequential-round-coordinate", "pid": 2308657, "time": 1789682784.0802743, "cuda_visible_devices": "0", "allocated_gib": 5.225533962249756, "reserved_gib": 8.041015625, "peak_allocated_gib": 7.100478649139404, "gpu_time_budget": null, "module": "model.layers.16.mlp.down_proj", "step": 8192}
{"stage": "sequential-round-train-nll", "pid": 2308657, "time": 1789682784.1194706, "cuda_visible_devices": "0", "allocated_gib": 3.795783519744873, "reserved_gib": 3.80078125, "peak_allocated_gib": 7.100478649139404, "gpu_time_budget": null, "module": "model.layers.16.mlp.down_proj", "step": 512}
Evaluation segment 1/1: start=0, windows=8, seqlen=2048
{"stage": "sequential-round-train-nll", "pid": 2308657, "time": 1789682785.8712559, "cuda_visible_devices": "0", "allocated_gib": 3.795783519744873, "reserved_gib": 5.791015625, "peak_allocated_gib": 7.100478649139404, "gpu_time_budget": null, "module": "model.layers.16.mlp.down_proj", "step": 2048}
Evaluation segment 1/1: start=0, windows=8, seqlen=2048
{"stage": "sequential-round-train-nll", "pid": 2308657, "time": 1789682787.6114502, "cuda_visible_devices": "0", "allocated_gib": 3.795783519744873, "reserved_gib": 5.791015625, "peak_allocated_gib": 7.100478649139404, "gpu_time_budget": null, "module": "model.layers.16.mlp.down_proj", "step": 8192}
Evaluation segment 1/1: start=0, windows=8, seqlen=2048
{"stage": "sequential-module-completed", "pid": 2308657, "time": 1789682789.5067406, "cuda_visible_devices": "0", "allocated_gib": 3.795783519744873, "reserved_gib": 5.791015625, "peak_allocated_gib": 7.100478649139404, "gpu_time_budget": null, "module": "model.layers.16.mlp.down_proj", "completed": 17, "total": 28, "selected_train_nll": 3.0258937644537864, "elapsed_seconds": 559.3796695719939}
{"stage": "sequential-round-fit", "pid": 2308657, "time": 1789682791.4593709, "cuda_visible_devices": "0", "allocated_gib": 3.795783519744873, "reserved_gib": 5.791015625, "peak_allocated_gib": 7.100478649139404, "gpu_time_budget": null, "module": "model.layers.17.mlp.down_proj", "fit_rows": 49152, "heldout_rows": 16384}
{"stage": "sequential-round-coordinate", "pid": 2308657, "time": 1789682792.113329, "cuda_visible_devices": "0", "allocated_gib": 5.225533962249756, "reserved_gib": 8.041015625, "peak_allocated_gib": 7.100478649139404, "gpu_time_budget": null, "module": "model.layers.17.mlp.down_proj", "step": 128}
{"stage": "sequential-round-coordinate", "pid": 2308657, "time": 1789682792.546679, "cuda_visible_devices": "0", "allocated_gib": 5.225533962249756, "reserved_gib": 8.041015625, "peak_allocated_gib": 7.100478649139404, "gpu_time_budget": null, "module": "model.layers.17.mlp.down_proj", "step": 256}
{"stage": "sequential-round-coordinate", "pid": 2308657, "time": 1789682792.9814682, "cuda_visible_devices": "0", "allocated_gib": 5.225533962249756, "reserved_gib": 8.041015625, "peak_allocated_gib": 7.100478649139404, "gpu_time_budget": null, "module": "model.layers.17.mlp.down_proj", "step": 384}
{"stage": "sequential-round-coordinate", "pid": 2308657, "time": 1789682793.4644308, "cuda_visible_devices": "0", "allocated_gib": 5.225533962249756, "reserved_gib": 8.041015625, "peak_allocated_gib": 7.100478649139404, "gpu_time_budget": null, "module": "model.layers.17.mlp.down_proj", "step": 512}
{"stage": "sequential-round-coordinate", "pid": 2308657, "time": 1789682793.8988433, "cuda_visible_devices": "0", "allocated_gib": 5.225533962249756, "reserved_gib": 8.041015625, "peak_allocated_gib": 7.100478649139404, "gpu_time_budget": null, "module": "model.layers.17.mlp.down_proj", "step": 640}
{"stage": "sequential-round-coordinate", "pid": 2308657, "time": 1789682794.3301382, "cuda_visible_devices": "0", "allocated_gib": 5.225533962249756, "reserved_gib": 8.041015625, "peak_allocated_gib": 7.100478649139404, "gpu_time_budget": null, "module": "model.layers.17.mlp.down_proj", "step": 768}
{"stage": "sequential-round-coordinate", "pid": 2308657, "time": 1789682794.7600174, "cuda_visible_devices": "0", "allocated_gib": 5.225533962249756, "reserved_gib": 8.041015625, "peak_allocated_gib": 7.100478649139404, "gpu_time_budget": null, "module": "model.layers.17.mlp.down_proj", "step": 896}
{"stage": "sequential-round-coordinate", "pid": 2308657, "time": 1789682795.1909616, "cuda_visible_devices": "0", "allocated_gib": 5.225533962249756, "reserved_gib": 8.041015625, "peak_allocated_gib": 7.100478649139404, "gpu_time_budget": null, "module": "model.layers.17.mlp.down_proj", "step": 1024}
{"stage": "sequential-round-coordinate", "pid": 2308657, "time": 1789682795.621283, "cuda_visible_devices": "0", "allocated_gib": 5.225533962249756, "reserved_gib": 8.041015625, "peak_allocated_gib": 7.100478649139404, "gpu_time_budget": null, "module": "model.layers.17.mlp.down_proj", "step": 1152}
{"stage": "sequential-round-coordinate", "pid": 2308657, "time": 1789682796.0500894, "cuda_visible_devices": "0", "allocated_gib": 5.225533962249756, "reserved_gib": 8.041015625, "peak_allocated_gib": 7.100478649139404, "gpu_time_budget": null, "module": "model.layers.17.mlp.down_proj", "step": 1280}
{"stage": "sequential-round-coordinate", "pid": 2308657, "time": 1789682796.4793959, "cuda_visible_devices": "0", "allocated_gib": 5.225533962249756, "reserved_gib": 8.041015625, "peak_allocated_gib": 7.100478649139404, "gpu_time_budget": null, "module": "model.layers.17.mlp.down_proj", "step": 1408}
{"stage": "sequential-round-coordinate", "pid": 2308657, "time": 1789682796.9087832, "cuda_visible_devices": "0", "allocated_gib": 5.225533962249756, "reserved_gib": 8.041015625, "peak_allocated_gib": 7.100478649139404, "gpu_time_budget": null, "module": "model.layers.17.mlp.down_proj", "step": 1536}
{"stage": "sequential-round-coordinate", "pid": 2308657, "time": 1789682797.3374949, "cuda_visible_devices": "0", "allocated_gib": 5.225533962249756, "reserved_gib": 8.041015625, "peak_allocated_gib": 7.100478649139404, "gpu_time_budget": null, "module": "model.layers.17.mlp.down_proj", "step": 1664}
{"stage": "sequential-round-coordinate", "pid": 2308657, "time": 1789682797.7662594, "cuda_visible_devices": "0", "allocated_gib": 5.225533962249756, "reserved_gib": 8.041015625, "peak_allocated_gib": 7.100478649139404, "gpu_time_budget": null, "module": "model.layers.17.mlp.down_proj", "step": 1792}
{"stage": "sequential-round-coordinate", "pid": 2308657, "time": 1789682798.195732, "cuda_visible_devices": "0", "allocated_gib": 5.225533962249756, "reserved_gib": 8.041015625, "peak_allocated_gib": 7.100478649139404, "gpu_time_budget": null, "module": "model.layers.17.mlp.down_proj", "step": 1920}
{"stage": "sequential-round-coordinate", "pid": 2308657, "time": 1789682798.6670163, "cuda_visible_devices": "0", "allocated_gib": 5.225533962249756, "reserved_gib": 8.041015625, "peak_allocated_gib": 7.100478649139404, "gpu_time_budget": null, "module": "model.layers.17.mlp.down_proj", "step": 2048}
{"stage": "sequential-round-coordinate", "pid": 2308657, "time": 1789682799.0973036, "cuda_visible_devices": "0", "allocated_gib": 5.225533962249756, "reserved_gib": 8.041015625, "peak_allocated_gib": 7.100478649139404, "gpu_time_budget": null, "module": "model.layers.17.mlp.down_proj", "step": 2176}
{"stage": "sequential-round-coordinate", "pid": 2308657, "time": 1789682799.5272791, "cuda_visible_devices": "0", "allocated_gib": 5.225533962249756, "reserved_gib": 8.041015625, "peak_allocated_gib": 7.100478649139404, "gpu_time_budget": null, "module": "model.layers.17.mlp.down_proj", "step": 2304}
{"stage": "sequential-round-coordinate", "pid": 2308657, "time": 1789682799.9578369, "cuda_visible_devices": "0", "allocated_gib": 5.225533962249756, "reserved_gib": 8.041015625, "peak_allocated_gib": 7.100478649139404, "gpu_time_budget": null, "module": "model.layers.17.mlp.down_proj", "step": 2432}
{"stage": "sequential-round-coordinate", "pid": 2308657, "time": 1789682800.387836, "cuda_visible_devices": "0", "allocated_gib": 5.225533962249756, "reserved_gib": 8.041015625, "peak_allocated_gib": 7.100478649139404, "gpu_time_budget": null, "module": "model.layers.17.mlp.down_proj", "step": 2560}
{"stage": "sequential-round-coordinate", "pid": 2308657, "time": 1789682800.820453, "cuda_visible_devices": "0", "allocated_gib": 5.225533962249756, "reserved_gib": 8.041015625, "peak_allocated_gib": 7.100478649139404, "gpu_time_budget": null, "module": "model.layers.17.mlp.down_proj", "step": 2688}
{"stage": "sequential-round-coordinate", "pid": 2308657, "time": 1789682801.2538354, "cuda_visible_devices": "0", "allocated_gib": 5.225533962249756, "reserved_gib": 8.041015625, "peak_allocated_gib": 7.100478649139404, "gpu_time_budget": null, "module": "model.layers.17.mlp.down_proj", "step": 2816}
{"stage": "sequential-round-coordinate", "pid": 2308657, "time": 1789682801.6832936, "cuda_visible_devices": "0", "allocated_gib": 5.225533962249756, "reserved_gib": 8.041015625, "peak_allocated_gib": 7.100478649139404, "gpu_time_budget": null, "module": "model.layers.17.mlp.down_proj", "step": 2944}
{"stage": "sequential-round-coordinate", "pid": 2308657, "time": 1789682802.115699, "cuda_visible_devices": "0", "allocated_gib": 5.225533962249756, "reserved_gib": 8.041015625, "peak_allocated_gib": 7.100478649139404, "gpu_time_budget": null, "module": "model.layers.17.mlp.down_proj", "step": 3072}
{"stage": "sequential-round-coordinate", "pid": 2308657, "time": 1789682802.5491889, "cuda_visible_devices": "0", "allocated_gib": 5.225533962249756, "reserved_gib": 8.041015625, "peak_allocated_gib": 7.100478649139404, "gpu_time_budget": null, "module": "model.layers.17.mlp.down_proj", "step": 3200}
{"stage": "sequential-round-coordinate", "pid": 2308657, "time": 1789682802.9829824, "cuda_visible_devices": "0", "allocated_gib": 5.225533962249756, "reserved_gib": 8.041015625, "peak_allocated_gib": 7.100478649139404, "gpu_time_budget": null, "module": "model.layers.17.mlp.down_proj", "step": 3328}
{"stage": "sequential-round-coordinate", "pid": 2308657, "time": 1789682803.4137034, "cuda_visible_devices": "0", "allocated_gib": 5.225533962249756, "reserved_gib": 8.041015625, "peak_allocated_gib": 7.100478649139404, "gpu_time_budget": null, "module": "model.layers.17.mlp.down_proj", "step": 3456}
{"stage": "sequential-round-coordinate", "pid": 2308657, "time": 1789682803.8457117, "cuda_visible_devices": "0", "allocated_gib": 5.225533962249756, "reserved_gib": 8.041015625, "peak_allocated_gib": 7.100478649139404, "gpu_time_budget": null, "module": "model.layers.17.mlp.down_proj", "step": 3584}
{"stage": "sequential-round-coordinate", "pid": 2308657, "time": 1789682804.2791073, "cuda_visible_devices": "0", "allocated_gib": 5.225533962249756, "reserved_gib": 8.041015625, "peak_allocated_gib": 7.100478649139404, "gpu_time_budget": null, "module": "model.layers.17.mlp.down_proj", "step": 3712}
{"stage": "sequential-round-coordinate", "pid": 2308657, "time": 1789682804.7118552, "cuda_visible_devices": "0", "allocated_gib": 5.225533962249756, "reserved_gib": 8.041015625, "peak_allocated_gib": 7.100478649139404, "gpu_time_budget": null, "module": "model.layers.17.mlp.down_proj", "step": 3840}
{"stage": "sequential-round-coordinate", "pid": 2308657, "time": 1789682805.1454666, "cuda_visible_devices": "0", "allocated_gib": 5.225533962249756, "reserved_gib": 8.041015625, "peak_allocated_gib": 7.100478649139404, "gpu_time_budget": null, "module": "model.layers.17.mlp.down_proj", "step": 3968}
{"stage": "sequential-round-coordinate", "pid": 2308657, "time": 1789682805.577668, "cuda_visible_devices": "0", "allocated_gib": 5.225533962249756, "reserved_gib": 8.041015625, "peak_allocated_gib": 7.100478649139404, "gpu_time_budget": null, "module": "model.layers.17.mlp.down_proj", "step": 4096}
{"stage": "sequential-round-coordinate", "pid": 2308657, "time": 1789682806.0100994, "cuda_visible_devices": "0", "allocated_gib": 5.225533962249756, "reserved_gib": 8.041015625, "peak_allocated_gib": 7.100478649139404, "gpu_time_budget": null, "module": "model.layers.17.mlp.down_proj", "step": 4224}
{"stage": "sequential-round-coordinate", "pid": 2308657, "time": 1789682806.4436388, "cuda_visible_devices": "0", "allocated_gib": 5.225533962249756, "reserved_gib": 8.041015625, "peak_allocated_gib": 7.100478649139404, "gpu_time_budget": null, "module": "model.layers.17.mlp.down_proj", "step": 4352}
{"stage": "sequential-round-coordinate", "pid": 2308657, "time": 1789682806.8805575, "cuda_visible_devices": "0", "allocated_gib": 5.225533962249756, "reserved_gib": 8.041015625, "peak_allocated_gib": 7.100478649139404, "gpu_time_budget": null, "module": "model.layers.17.mlp.down_proj", "step": 4480}
{"stage": "sequential-round-coordinate", "pid": 2308657, "time": 1789682807.3162856, "cuda_visible_devices": "0", "allocated_gib": 5.225533962249756, "reserved_gib": 8.041015625, "peak_allocated_gib": 7.100478649139404, "gpu_time_budget": null, "module": "model.layers.17.mlp.down_proj", "step": 4608}
{"stage": "sequential-round-coordinate", "pid": 2308657, "time": 1789682807.7556915, "cuda_visible_devices": "0", "allocated_gib": 5.225533962249756, "reserved_gib": 8.041015625, "peak_allocated_gib": 7.100478649139404, "gpu_time_budget": null, "module": "model.layers.17.mlp.down_proj", "step": 4736}
{"stage": "sequential-round-coordinate", "pid": 2308657, "time": 1789682808.1896267, "cuda_visible_devices": "0", "allocated_gib": 5.225533962249756, "reserved_gib": 8.041015625, "peak_allocated_gib": 7.100478649139404, "gpu_time_budget": null, "module": "model.layers.17.mlp.down_proj", "step": 4864}
{"stage": "sequential-round-coordinate", "pid": 2308657, "time": 1789682808.6244404, "cuda_visible_devices": "0", "allocated_gib": 5.225533962249756, "reserved_gib": 8.041015625, "peak_allocated_gib": 7.100478649139404, "gpu_time_budget": null, "module": "model.layers.17.mlp.down_proj", "step": 4992}
{"stage": "sequential-round-coordinate", "pid": 2308657, "time": 1789682809.0658686, "cuda_visible_devices": "0", "allocated_gib": 5.225533962249756, "reserved_gib": 8.041015625, "peak_allocated_gib": 7.100478649139404, "gpu_time_budget": null, "module": "model.layers.17.mlp.down_proj", "step": 5120}
{"stage": "sequential-round-coordinate", "pid": 2308657, "time": 1789682809.5025027, "cuda_visible_devices": "0", "allocated_gib": 5.225533962249756, "reserved_gib": 8.041015625, "peak_allocated_gib": 7.100478649139404, "gpu_time_budget": null, "module": "model.layers.17.mlp.down_proj", "step": 5248}
{"stage": "sequential-round-coordinate", "pid": 2308657, "time": 1789682809.9418762, "cuda_visible_devices": "0", "allocated_gib": 5.225533962249756, "reserved_gib": 8.041015625, "peak_allocated_gib": 7.100478649139404, "gpu_time_budget": null, "module": "model.layers.17.mlp.down_proj", "step": 5376}
{"stage": "sequential-round-coordinate", "pid": 2308657, "time": 1789682810.3804054, "cuda_visible_devices": "0", "allocated_gib": 5.225533962249756, "reserved_gib": 8.041015625, "peak_allocated_gib": 7.100478649139404, "gpu_time_budget": null, "module": "model.layers.17.mlp.down_proj", "step": 5504}
{"stage": "sequential-round-coordinate", "pid": 2308657, "time": 1789682810.8175588, "cuda_visible_devices": "0", "allocated_gib": 5.225533962249756, "reserved_gib": 8.041015625, "peak_allocated_gib": 7.100478649139404, "gpu_time_budget": null, "module": "model.layers.17.mlp.down_proj", "step": 5632}
{"stage": "sequential-round-coordinate", "pid": 2308657, "time": 1789682811.2548687, "cuda_visible_devices": "0", "allocated_gib": 5.225533962249756, "reserved_gib": 8.041015625, "peak_allocated_gib": 7.100478649139404, "gpu_time_budget": null, "module": "model.layers.17.mlp.down_proj", "step": 5760}
{"stage": "sequential-round-coordinate", "pid": 2308657, "time": 1789682811.691921, "cuda_visible_devices": "0", "allocated_gib": 5.225533962249756, "reserved_gib": 8.041015625, "peak_allocated_gib": 7.100478649139404, "gpu_time_budget": null, "module": "model.layers.17.mlp.down_proj", "step": 5888}
{"stage": "sequential-round-coordinate", "pid": 2308657, "time": 1789682812.1339252, "cuda_visible_devices": "0", "allocated_gib": 5.225533962249756, "reserved_gib": 8.041015625, "peak_allocated_gib": 7.100478649139404, "gpu_time_budget": null, "module": "model.layers.17.mlp.down_proj", "step": 6016}
{"stage": "sequential-round-coordinate", "pid": 2308657, "time": 1789682812.5708861, "cuda_visible_devices": "0", "allocated_gib": 5.225533962249756, "reserved_gib": 8.041015625, "peak_allocated_gib": 7.100478649139404, "gpu_time_budget": null, "module": "model.layers.17.mlp.down_proj", "step": 6144}
{"stage": "sequential-round-coordinate", "pid": 2308657, "time": 1789682813.0045166, "cuda_visible_devices": "0", "allocated_gib": 5.225533962249756, "reserved_gib": 8.041015625, "peak_allocated_gib": 7.100478649139404, "gpu_time_budget": null, "module": "model.layers.17.mlp.down_proj", "step": 6272}
{"stage": "sequential-round-coordinate", "pid": 2308657, "time": 1789682813.4379728, "cuda_visible_devices": "0", "allocated_gib": 5.225533962249756, "reserved_gib": 8.041015625, "peak_allocated_gib": 7.100478649139404, "gpu_time_budget": null, "module": "model.layers.17.mlp.down_proj", "step": 6400}
{"stage": "sequential-round-coordinate", "pid": 2308657, "time": 1789682813.8690116, "cuda_visible_devices": "0", "allocated_gib": 5.225533962249756, "reserved_gib": 8.041015625, "peak_allocated_gib": 7.100478649139404, "gpu_time_budget": null, "module": "model.layers.17.mlp.down_proj", "step": 6528}
{"stage": "sequential-round-coordinate", "pid": 2308657, "time": 1789682814.302809, "cuda_visible_devices": "0", "allocated_gib": 5.225533962249756, "reserved_gib": 8.041015625, "peak_allocated_gib": 7.100478649139404, "gpu_time_budget": null, "module": "model.layers.17.mlp.down_proj", "step": 6656}
{"stage": "sequential-round-coordinate", "pid": 2308657, "time": 1789682814.7413783, "cuda_visible_devices": "0", "allocated_gib": 5.225533962249756, "reserved_gib": 8.041015625, "peak_allocated_gib": 7.100478649139404, "gpu_time_budget": null, "module": "model.layers.17.mlp.down_proj", "step": 6784}
{"stage": "sequential-round-coordinate", "pid": 2308657, "time": 1789682815.177934, "cuda_visible_devices": "0", "allocated_gib": 5.225533962249756, "reserved_gib": 8.041015625, "peak_allocated_gib": 7.100478649139404, "gpu_time_budget": null, "module": "model.layers.17.mlp.down_proj", "step": 6912}
{"stage": "sequential-round-coordinate", "pid": 2308657, "time": 1789682815.6105154, "cuda_visible_devices": "0", "allocated_gib": 5.225533962249756, "reserved_gib": 8.041015625, "peak_allocated_gib": 7.100478649139404, "gpu_time_budget": null, "module": "model.layers.17.mlp.down_proj", "step": 7040}
{"stage": "sequential-round-coordinate", "pid": 2308657, "time": 1789682816.0416732, "cuda_visible_devices": "0", "allocated_gib": 5.225533962249756, "reserved_gib": 8.041015625, "peak_allocated_gib": 7.100478649139404, "gpu_time_budget": null, "module": "model.layers.17.mlp.down_proj", "step": 7168}
{"stage": "sequential-round-coordinate", "pid": 2308657, "time": 1789682816.4751937, "cuda_visible_devices": "0", "allocated_gib": 5.225533962249756, "reserved_gib": 8.041015625, "peak_allocated_gib": 7.100478649139404, "gpu_time_budget": null, "module": "model.layers.17.mlp.down_proj", "step": 7296}
{"stage": "sequential-round-coordinate", "pid": 2308657, "time": 1789682816.9086635, "cuda_visible_devices": "0", "allocated_gib": 5.225533962249756, "reserved_gib": 8.041015625, "peak_allocated_gib": 7.100478649139404, "gpu_time_budget": null, "module": "model.layers.17.mlp.down_proj", "step": 7424}
{"stage": "sequential-round-coordinate", "pid": 2308657, "time": 1789682817.343161, "cuda_visible_devices": "0", "allocated_gib": 5.225533962249756, "reserved_gib": 8.041015625, "peak_allocated_gib": 7.100478649139404, "gpu_time_budget": null, "module": "model.layers.17.mlp.down_proj", "step": 7552}
{"stage": "sequential-round-coordinate", "pid": 2308657, "time": 1789682817.7793608, "cuda_visible_devices": "0", "allocated_gib": 5.225533962249756, "reserved_gib": 8.041015625, "peak_allocated_gib": 7.100478649139404, "gpu_time_budget": null, "module": "model.layers.17.mlp.down_proj", "step": 7680}
{"stage": "sequential-round-coordinate", "pid": 2308657, "time": 1789682818.213365, "cuda_visible_devices": "0", "allocated_gib": 5.225533962249756, "reserved_gib": 8.041015625, "peak_allocated_gib": 7.100478649139404, "gpu_time_budget": null, "module": "model.layers.17.mlp.down_proj", "step": 7808}
{"stage": "sequential-round-coordinate", "pid": 2308657, "time": 1789682818.6473644, "cuda_visible_devices": "0", "allocated_gib": 5.225533962249756, "reserved_gib": 8.041015625, "peak_allocated_gib": 7.100478649139404, "gpu_time_budget": null, "module": "model.layers.17.mlp.down_proj", "step": 7936}
{"stage": "sequential-round-coordinate", "pid": 2308657, "time": 1789682819.0813713, "cuda_visible_devices": "0", "allocated_gib": 5.225533962249756, "reserved_gib": 8.041015625, "peak_allocated_gib": 7.100478649139404, "gpu_time_budget": null, "module": "model.layers.17.mlp.down_proj", "step": 8064}
{"stage": "sequential-round-coordinate", "pid": 2308657, "time": 1789682819.5606732, "cuda_visible_devices": "0", "allocated_gib": 5.225533962249756, "reserved_gib": 8.041015625, "peak_allocated_gib": 7.100478649139404, "gpu_time_budget": null, "module": "model.layers.17.mlp.down_proj", "step": 8192}
{"stage": "sequential-round-train-nll", "pid": 2308657, "time": 1789682819.6017456, "cuda_visible_devices": "0", "allocated_gib": 3.795783519744873, "reserved_gib": 3.80078125, "peak_allocated_gib": 7.100478649139404, "gpu_time_budget": null, "module": "model.layers.17.mlp.down_proj", "step": 512}
Evaluation segment 1/1: start=0, windows=8, seqlen=2048
{"stage": "sequential-round-train-nll", "pid": 2308657, "time": 1789682821.3761218, "cuda_visible_devices": "0", "allocated_gib": 3.795783519744873, "reserved_gib": 5.791015625, "peak_allocated_gib": 7.100478649139404, "gpu_time_budget": null, "module": "model.layers.17.mlp.down_proj", "step": 2048}
Evaluation segment 1/1: start=0, windows=8, seqlen=2048
{"stage": "sequential-round-train-nll", "pid": 2308657, "time": 1789682823.1107266, "cuda_visible_devices": "0", "allocated_gib": 3.795783519744873, "reserved_gib": 5.791015625, "peak_allocated_gib": 7.100478649139404, "gpu_time_budget": null, "module": "model.layers.17.mlp.down_proj", "step": 8192}
Evaluation segment 1/1: start=0, windows=8, seqlen=2048
{"stage": "sequential-module-completed", "pid": 2308657, "time": 1789682824.9863825, "cuda_visible_devices": "0", "allocated_gib": 3.795783519744873, "reserved_gib": 5.791015625, "peak_allocated_gib": 7.100478649139404, "gpu_time_budget": null, "module": "model.layers.17.mlp.down_proj", "completed": 18, "total": 28, "selected_train_nll": 3.0258937644537864, "elapsed_seconds": 594.8593133999966}
{"stage": "sequential-round-fit", "pid": 2308657, "time": 1789682826.9681964, "cuda_visible_devices": "0", "allocated_gib": 3.795783519744873, "reserved_gib": 5.791015625, "peak_allocated_gib": 7.100478649139404, "gpu_time_budget": null, "module": "model.layers.18.mlp.down_proj", "fit_rows": 49152, "heldout_rows": 16384}
{"stage": "sequential-round-coordinate", "pid": 2308657, "time": 1789682827.630806, "cuda_visible_devices": "0", "allocated_gib": 5.225533962249756, "reserved_gib": 8.041015625, "peak_allocated_gib": 7.100478649139404, "gpu_time_budget": null, "module": "model.layers.18.mlp.down_proj", "step": 128}
{"stage": "sequential-round-coordinate", "pid": 2308657, "time": 1789682828.0633454, "cuda_visible_devices": "0", "allocated_gib": 5.225533962249756, "reserved_gib": 8.041015625, "peak_allocated_gib": 7.100478649139404, "gpu_time_budget": null, "module": "model.layers.18.mlp.down_proj", "step": 256}
{"stage": "sequential-round-coordinate", "pid": 2308657, "time": 1789682828.4933279, "cuda_visible_devices": "0", "allocated_gib": 5.225533962249756, "reserved_gib": 8.041015625, "peak_allocated_gib": 7.100478649139404, "gpu_time_budget": null, "module": "model.layers.18.mlp.down_proj", "step": 384}
{"stage": "sequential-round-coordinate", "pid": 2308657, "time": 1789682828.963244, "cuda_visible_devices": "0", "allocated_gib": 5.225533962249756, "reserved_gib": 8.041015625, "peak_allocated_gib": 7.100478649139404, "gpu_time_budget": null, "module": "model.layers.18.mlp.down_proj", "step": 512}
{"stage": "sequential-round-coordinate", "pid": 2308657, "time": 1789682829.393175, "cuda_visible_devices": "0", "allocated_gib": 5.225533962249756, "reserved_gib": 8.041015625, "peak_allocated_gib": 7.100478649139404, "gpu_time_budget": null, "module": "model.layers.18.mlp.down_proj", "step": 640}
{"stage": "sequential-round-coordinate", "pid": 2308657, "time": 1789682829.8234508, "cuda_visible_devices": "0", "allocated_gib": 5.225533962249756, "reserved_gib": 8.041015625, "peak_allocated_gib": 7.100478649139404, "gpu_time_budget": null, "module": "model.layers.18.mlp.down_proj", "step": 768}
{"stage": "sequential-round-coordinate", "pid": 2308657, "time": 1789682830.2528324, "cuda_visible_devices": "0", "allocated_gib": 5.225533962249756, "reserved_gib": 8.041015625, "peak_allocated_gib": 7.100478649139404, "gpu_time_budget": null, "module": "model.layers.18.mlp.down_proj", "step": 896}
{"stage": "sequential-round-coordinate", "pid": 2308657, "time": 1789682830.6836967, "cuda_visible_devices": "0", "allocated_gib": 5.225533962249756, "reserved_gib": 8.041015625, "peak_allocated_gib": 7.100478649139404, "gpu_time_budget": null, "module": "model.layers.18.mlp.down_proj", "step": 1024}
{"stage": "sequential-round-coordinate", "pid": 2308657, "time": 1789682831.1145215, "cuda_visible_devices": "0", "allocated_gib": 5.225533962249756, "reserved_gib": 8.041015625, "peak_allocated_gib": 7.100478649139404, "gpu_time_budget": null, "module": "model.layers.18.mlp.down_proj", "step": 1152}
{"stage": "sequential-round-coordinate", "pid": 2308657, "time": 1789682831.5457273, "cuda_visible_devices": "0", "allocated_gib": 5.225533962249756, "reserved_gib": 8.041015625, "peak_allocated_gib": 7.100478649139404, "gpu_time_budget": null, "module": "model.layers.18.mlp.down_proj", "step": 1280}
{"stage": "sequential-round-coordinate", "pid": 2308657, "time": 1789682831.9780834, "cuda_visible_devices": "0", "allocated_gib": 5.225533962249756, "reserved_gib": 8.041015625, "peak_allocated_gib": 7.100478649139404, "gpu_time_budget": null, "module": "model.layers.18.mlp.down_proj", "step": 1408}
{"stage": "sequential-round-coordinate", "pid": 2308657, "time": 1789682832.4133315, "cuda_visible_devices": "0", "allocated_gib": 5.225533962249756, "reserved_gib": 8.041015625, "peak_allocated_gib": 7.100478649139404, "gpu_time_budget": null, "module": "model.layers.18.mlp.down_proj", "step": 1536}
{"stage": "sequential-round-coordinate", "pid": 2308657, "time": 1789682832.8443577, "cuda_visible_devices": "0", "allocated_gib": 5.225533962249756, "reserved_gib": 8.041015625, "peak_allocated_gib": 7.100478649139404, "gpu_time_budget": null, "module": "model.layers.18.mlp.down_proj", "step": 1664}
{"stage": "sequential-round-coordinate", "pid": 2308657, "time": 1789682833.2760878, "cuda_visible_devices": "0", "allocated_gib": 5.225533962249756, "reserved_gib": 8.041015625, "peak_allocated_gib": 7.100478649139404, "gpu_time_budget": null, "module": "model.layers.18.mlp.down_proj", "step": 1792}
{"stage": "sequential-round-coordinate", "pid": 2308657, "time": 1789682833.7106314, "cuda_visible_devices": "0", "allocated_gib": 5.225533962249756, "reserved_gib": 8.041015625, "peak_allocated_gib": 7.100478649139404, "gpu_time_budget": null, "module": "model.layers.18.mlp.down_proj", "step": 1920}
{"stage": "sequential-round-coordinate", "pid": 2308657, "time": 1789682834.184404, "cuda_visible_devices": "0", "allocated_gib": 5.225533962249756, "reserved_gib": 8.041015625, "peak_allocated_gib": 7.100478649139404, "gpu_time_budget": null, "module": "model.layers.18.mlp.down_proj", "step": 2048}
{"stage": "sequential-round-coordinate", "pid": 2308657, "time": 1789682834.618834, "cuda_visible_devices": "0", "allocated_gib": 5.225533962249756, "reserved_gib": 8.041015625, "peak_allocated_gib": 7.100478649139404, "gpu_time_budget": null, "module": "model.layers.18.mlp.down_proj", "step": 2176}
{"stage": "sequential-round-coordinate", "pid": 2308657, "time": 1789682835.05202, "cuda_visible_devices": "0", "allocated_gib": 5.225533962249756, "reserved_gib": 8.041015625, "peak_allocated_gib": 7.100478649139404, "gpu_time_budget": null, "module": "model.layers.18.mlp.down_proj", "step": 2304}
{"stage": "sequential-round-coordinate", "pid": 2308657, "time": 1789682835.4855692, "cuda_visible_devices": "0", "allocated_gib": 5.225533962249756, "reserved_gib": 8.041015625, "peak_allocated_gib": 7.100478649139404, "gpu_time_budget": null, "module": "model.layers.18.mlp.down_proj", "step": 2432}
{"stage": "sequential-round-coordinate", "pid": 2308657, "time": 1789682835.918533, "cuda_visible_devices": "0", "allocated_gib": 5.225533962249756, "reserved_gib": 8.041015625, "peak_allocated_gib": 7.100478649139404, "gpu_time_budget": null, "module": "model.layers.18.mlp.down_proj", "step": 2560}
{"stage": "sequential-round-coordinate", "pid": 2308657, "time": 1789682836.3517592, "cuda_visible_devices": "0", "allocated_gib": 5.225533962249756, "reserved_gib": 8.041015625, "peak_allocated_gib": 7.100478649139404, "gpu_time_budget": null, "module": "model.layers.18.mlp.down_proj", "step": 2688}
{"stage": "sequential-round-coordinate", "pid": 2308657, "time": 1789682836.784832, "cuda_visible_devices": "0", "allocated_gib": 5.225533962249756, "reserved_gib": 8.041015625, "peak_allocated_gib": 7.100478649139404, "gpu_time_budget": null, "module": "model.layers.18.mlp.down_proj", "step": 2816}
{"stage": "sequential-round-coordinate", "pid": 2308657, "time": 1789682837.2165887, "cuda_visible_devices": "0", "allocated_gib": 5.225533962249756, "reserved_gib": 8.041015625, "peak_allocated_gib": 7.100478649139404, "gpu_time_budget": null, "module": "model.layers.18.mlp.down_proj", "step": 2944}
{"stage": "sequential-round-coordinate", "pid": 2308657, "time": 1789682837.6497386, "cuda_visible_devices": "0", "allocated_gib": 5.225533962249756, "reserved_gib": 8.041015625, "peak_allocated_gib": 7.100478649139404, "gpu_time_budget": null, "module": "model.layers.18.mlp.down_proj", "step": 3072}
{"stage": "sequential-round-coordinate", "pid": 2308657, "time": 1789682838.0847642, "cuda_visible_devices": "0", "allocated_gib": 5.225533962249756, "reserved_gib": 8.041015625, "peak_allocated_gib": 7.100478649139404, "gpu_time_budget": null, "module": "model.layers.18.mlp.down_proj", "step": 3200}
{"stage": "sequential-round-coordinate", "pid": 2308657, "time": 1789682838.5213077, "cuda_visible_devices": "0", "allocated_gib": 5.225533962249756, "reserved_gib": 8.041015625, "peak_allocated_gib": 7.100478649139404, "gpu_time_budget": null, "module": "model.layers.18.mlp.down_proj", "step": 3328}
{"stage": "sequential-round-coordinate", "pid": 2308657, "time": 1789682838.954803, "cuda_visible_devices": "0", "allocated_gib": 5.225533962249756, "reserved_gib": 8.041015625, "peak_allocated_gib": 7.100478649139404, "gpu_time_budget": null, "module": "model.layers.18.mlp.down_proj", "step": 3456}
{"stage": "sequential-round-coordinate", "pid": 2308657, "time": 1789682839.3915403, "cuda_visible_devices": "0", "allocated_gib": 5.225533962249756, "reserved_gib": 8.041015625, "peak_allocated_gib": 7.100478649139404, "gpu_time_budget": null, "module": "model.layers.18.mlp.down_proj", "step": 3584}
{"stage": "sequential-round-coordinate", "pid": 2308657, "time": 1789682839.8266723, "cuda_visible_devices": "0", "allocated_gib": 5.225533962249756, "reserved_gib": 8.041015625, "peak_allocated_gib": 7.100478649139404, "gpu_time_budget": null, "module": "model.layers.18.mlp.down_proj", "step": 3712}
{"stage": "sequential-round-coordinate", "pid": 2308657, "time": 1789682840.261434, "cuda_visible_devices": "0", "allocated_gib": 5.225533962249756, "reserved_gib": 8.041015625, "peak_allocated_gib": 7.100478649139404, "gpu_time_budget": null, "module": "model.layers.18.mlp.down_proj", "step": 3840}
{"stage": "sequential-round-coordinate", "pid": 2308657, "time": 1789682840.6936219, "cuda_visible_devices": "0", "allocated_gib": 5.225533962249756, "reserved_gib": 8.041015625, "peak_allocated_gib": 7.100478649139404, "gpu_time_budget": null, "module": "model.layers.18.mlp.down_proj", "step": 3968}
{"stage": "sequential-round-coordinate", "pid": 2308657, "time": 1789682841.1241338, "cuda_visible_devices": "0", "allocated_gib": 5.225533962249756, "reserved_gib": 8.041015625, "peak_allocated_gib": 7.100478649139404, "gpu_time_budget": null, "module": "model.layers.18.mlp.down_proj", "step": 4096}
{"stage": "sequential-round-coordinate", "pid": 2308657, "time": 1789682841.5584376, "cuda_visible_devices": "0", "allocated_gib": 5.225533962249756, "reserved_gib": 8.041015625, "peak_allocated_gib": 7.100478649139404, "gpu_time_budget": null, "module": "model.layers.18.mlp.down_proj", "step": 4224}
{"stage": "sequential-round-coordinate", "pid": 2308657, "time": 1789682841.9961588, "cuda_visible_devices": "0", "allocated_gib": 5.225533962249756, "reserved_gib": 8.041015625, "peak_allocated_gib": 7.100478649139404, "gpu_time_budget": null, "module": "model.layers.18.mlp.down_proj", "step": 4352}
{"stage": "sequential-round-coordinate", "pid": 2308657, "time": 1789682842.4320703, "cuda_visible_devices": "0", "allocated_gib": 5.225533962249756, "reserved_gib": 8.041015625, "peak_allocated_gib": 7.100478649139404, "gpu_time_budget": null, "module": "model.layers.18.mlp.down_proj", "step": 4480}
{"stage": "sequential-round-coordinate", "pid": 2308657, "time": 1789682842.8657951, "cuda_visible_devices": "0", "allocated_gib": 5.225533962249756, "reserved_gib": 8.041015625, "peak_allocated_gib": 7.100478649139404, "gpu_time_budget": null, "module": "model.layers.18.mlp.down_proj", "step": 4608}
{"stage": "sequential-round-coordinate", "pid": 2308657, "time": 1789682843.2971323, "cuda_visible_devices": "0", "allocated_gib": 5.225533962249756, "reserved_gib": 8.041015625, "peak_allocated_gib": 7.100478649139404, "gpu_time_budget": null, "module": "model.layers.18.mlp.down_proj", "step": 4736}
{"stage": "sequential-round-coordinate", "pid": 2308657, "time": 1789682843.7284787, "cuda_visible_devices": "0", "allocated_gib": 5.225533962249756, "reserved_gib": 8.041015625, "peak_allocated_gib": 7.100478649139404, "gpu_time_budget": null, "module": "model.layers.18.mlp.down_proj", "step": 4864}
{"stage": "sequential-round-coordinate", "pid": 2308657, "time": 1789682844.1613503, "cuda_visible_devices": "0", "allocated_gib": 5.225533962249756, "reserved_gib": 8.041015625, "peak_allocated_gib": 7.100478649139404, "gpu_time_budget": null, "module": "model.layers.18.mlp.down_proj", "step": 4992}
{"stage": "sequential-round-coordinate", "pid": 2308657, "time": 1789682844.594177, "cuda_visible_devices": "0", "allocated_gib": 5.225533962249756, "reserved_gib": 8.041015625, "peak_allocated_gib": 7.100478649139404, "gpu_time_budget": null, "module": "model.layers.18.mlp.down_proj", "step": 5120}
{"stage": "sequential-round-coordinate", "pid": 2308657, "time": 1789682845.0306096, "cuda_visible_devices": "0", "allocated_gib": 5.225533962249756, "reserved_gib": 8.041015625, "peak_allocated_gib": 7.100478649139404, "gpu_time_budget": null, "module": "model.layers.18.mlp.down_proj", "step": 5248}
{"stage": "sequential-round-coordinate", "pid": 2308657, "time": 1789682845.4639485, "cuda_visible_devices": "0", "allocated_gib": 5.225533962249756, "reserved_gib": 8.041015625, "peak_allocated_gib": 7.100478649139404, "gpu_time_budget": null, "module": "model.layers.18.mlp.down_proj", "step": 5376}
{"stage": "sequential-round-coordinate", "pid": 2308657, "time": 1789682845.8960614, "cuda_visible_devices": "0", "allocated_gib": 5.225533962249756, "reserved_gib": 8.041015625, "peak_allocated_gib": 7.100478649139404, "gpu_time_budget": null, "module": "model.layers.18.mlp.down_proj", "step": 5504}
{"stage": "sequential-round-coordinate", "pid": 2308657, "time": 1789682846.3252895, "cuda_visible_devices": "0", "allocated_gib": 5.225533962249756, "reserved_gib": 8.041015625, "peak_allocated_gib": 7.100478649139404, "gpu_time_budget": null, "module": "model.layers.18.mlp.down_proj", "step": 5632}
{"stage": "sequential-round-coordinate", "pid": 2308657, "time": 1789682846.756227, "cuda_visible_devices": "0", "allocated_gib": 5.225533962249756, "reserved_gib": 8.041015625, "peak_allocated_gib": 7.100478649139404, "gpu_time_budget": null, "module": "model.layers.18.mlp.down_proj", "step": 5760}
{"stage": "sequential-round-coordinate", "pid": 2308657, "time": 1789682847.1872098, "cuda_visible_devices": "0", "allocated_gib": 5.225533962249756, "reserved_gib": 8.041015625, "peak_allocated_gib": 7.100478649139404, "gpu_time_budget": null, "module": "model.layers.18.mlp.down_proj", "step": 5888}
{"stage": "sequential-round-coordinate", "pid": 2308657, "time": 1789682847.6190257, "cuda_visible_devices": "0", "allocated_gib": 5.225533962249756, "reserved_gib": 8.041015625, "peak_allocated_gib": 7.100478649139404, "gpu_time_budget": null, "module": "model.layers.18.mlp.down_proj", "step": 6016}
{"stage": "sequential-round-coordinate", "pid": 2308657, "time": 1789682848.0509102, "cuda_visible_devices": "0", "allocated_gib": 5.225533962249756, "reserved_gib": 8.041015625, "peak_allocated_gib": 7.100478649139404, "gpu_time_budget": null, "module": "model.layers.18.mlp.down_proj", "step": 6144}
{"stage": "sequential-round-coordinate", "pid": 2308657, "time": 1789682848.4827187, "cuda_visible_devices": "0", "allocated_gib": 5.225533962249756, "reserved_gib": 8.041015625, "peak_allocated_gib": 7.100478649139404, "gpu_time_budget": null, "module": "model.layers.18.mlp.down_proj", "step": 6272}
{"stage": "sequential-round-coordinate", "pid": 2308657, "time": 1789682848.9123428, "cuda_visible_devices": "0", "allocated_gib": 5.225533962249756, "reserved_gib": 8.041015625, "peak_allocated_gib": 7.100478649139404, "gpu_time_budget": null, "module": "model.layers.18.mlp.down_proj", "step": 6400}
{"stage": "sequential-round-coordinate", "pid": 2308657, "time": 1789682849.3448868, "cuda_visible_devices": "0", "allocated_gib": 5.225533962249756, "reserved_gib": 8.041015625, "peak_allocated_gib": 7.100478649139404, "gpu_time_budget": null, "module": "model.layers.18.mlp.down_proj", "step": 6528}
{"stage": "sequential-round-coordinate", "pid": 2308657, "time": 1789682849.7755513, "cuda_visible_devices": "0", "allocated_gib": 5.225533962249756, "reserved_gib": 8.041015625, "peak_allocated_gib": 7.100478649139404, "gpu_time_budget": null, "module": "model.layers.18.mlp.down_proj", "step": 6656}
{"stage": "sequential-round-coordinate", "pid": 2308657, "time": 1789682850.2055051, "cuda_visible_devices": "0", "allocated_gib": 5.225533962249756, "reserved_gib": 8.041015625, "peak_allocated_gib": 7.100478649139404, "gpu_time_budget": null, "module": "model.layers.18.mlp.down_proj", "step": 6784}
{"stage": "sequential-round-coordinate", "pid": 2308657, "time": 1789682850.6366642, "cuda_visible_devices": "0", "allocated_gib": 5.225533962249756, "reserved_gib": 8.041015625, "peak_allocated_gib": 7.100478649139404, "gpu_time_budget": null, "module": "model.layers.18.mlp.down_proj", "step": 6912}
{"stage": "sequential-round-coordinate", "pid": 2308657, "time": 1789682851.071836, "cuda_visible_devices": "0", "allocated_gib": 5.225533962249756, "reserved_gib": 8.041015625, "peak_allocated_gib": 7.100478649139404, "gpu_time_budget": null, "module": "model.layers.18.mlp.down_proj", "step": 7040}
{"stage": "sequential-round-coordinate", "pid": 2308657, "time": 1789682851.5033565, "cuda_visible_devices": "0", "allocated_gib": 5.225533962249756, "reserved_gib": 8.041015625, "peak_allocated_gib": 7.100478649139404, "gpu_time_budget": null, "module": "model.layers.18.mlp.down_proj", "step": 7168}
{"stage": "sequential-round-coordinate", "pid": 2308657, "time": 1789682851.9365716, "cuda_visible_devices": "0", "allocated_gib": 5.225533962249756, "reserved_gib": 8.041015625, "peak_allocated_gib": 7.100478649139404, "gpu_time_budget": null, "module": "model.layers.18.mlp.down_proj", "step": 7296}
{"stage": "sequential-round-coordinate", "pid": 2308657, "time": 1789682852.3709803, "cuda_visible_devices": "0", "allocated_gib": 5.225533962249756, "reserved_gib": 8.041015625, "peak_allocated_gib": 7.100478649139404, "gpu_time_budget": null, "module": "model.layers.18.mlp.down_proj", "step": 7424}
{"stage": "sequential-round-coordinate", "pid": 2308657, "time": 1789682852.804787, "cuda_visible_devices": "0", "allocated_gib": 5.225533962249756, "reserved_gib": 8.041015625, "peak_allocated_gib": 7.100478649139404, "gpu_time_budget": null, "module": "model.layers.18.mlp.down_proj", "step": 7552}
{"stage": "sequential-round-coordinate", "pid": 2308657, "time": 1789682853.2393115, "cuda_visible_devices": "0", "allocated_gib": 5.225533962249756, "reserved_gib": 8.041015625, "peak_allocated_gib": 7.100478649139404, "gpu_time_budget": null, "module": "model.layers.18.mlp.down_proj", "step": 7680}
{"stage": "sequential-round-coordinate", "pid": 2308657, "time": 1789682853.6698952, "cuda_visible_devices": "0", "allocated_gib": 5.225533962249756, "reserved_gib": 8.041015625, "peak_allocated_gib": 7.100478649139404, "gpu_time_budget": null, "module": "model.layers.18.mlp.down_proj", "step": 7808}
{"stage": "sequential-round-coordinate", "pid": 2308657, "time": 1789682854.1007192, "cuda_visible_devices": "0", "allocated_gib": 5.225533962249756, "reserved_gib": 8.041015625, "peak_allocated_gib": 7.100478649139404, "gpu_time_budget": null, "module": "model.layers.18.mlp.down_proj", "step": 7936}
{"stage": "sequential-round-coordinate", "pid": 2308657, "time": 1789682854.5329673, "cuda_visible_devices": "0", "allocated_gib": 5.225533962249756, "reserved_gib": 8.041015625, "peak_allocated_gib": 7.100478649139404, "gpu_time_budget": null, "module": "model.layers.18.mlp.down_proj", "step": 8064}
{"stage": "sequential-round-coordinate", "pid": 2308657, "time": 1789682855.009994, "cuda_visible_devices": "0", "allocated_gib": 5.225533962249756, "reserved_gib": 8.041015625, "peak_allocated_gib": 7.100478649139404, "gpu_time_budget": null, "module": "model.layers.18.mlp.down_proj", "step": 8192}
{"stage": "sequential-round-train-nll", "pid": 2308657, "time": 1789682855.0525086, "cuda_visible_devices": "0", "allocated_gib": 3.795783519744873, "reserved_gib": 3.80078125, "peak_allocated_gib": 7.100478649139404, "gpu_time_budget": null, "module": "model.layers.18.mlp.down_proj", "step": 512}
Evaluation segment 1/1: start=0, windows=8, seqlen=2048
{"stage": "sequential-round-train-nll", "pid": 2308657, "time": 1789682856.822768, "cuda_visible_devices": "0", "allocated_gib": 3.795783519744873, "reserved_gib": 5.791015625, "peak_allocated_gib": 7.100478649139404, "gpu_time_budget": null, "module": "model.layers.18.mlp.down_proj", "step": 2048}
Evaluation segment 1/1: start=0, windows=8, seqlen=2048
{"stage": "sequential-round-train-nll", "pid": 2308657, "time": 1789682858.5702136, "cuda_visible_devices": "0", "allocated_gib": 3.795783519744873, "reserved_gib": 5.791015625, "peak_allocated_gib": 7.100478649139404, "gpu_time_budget": null, "module": "model.layers.18.mlp.down_proj", "step": 8192}
Evaluation segment 1/1: start=0, windows=8, seqlen=2048
{"stage": "sequential-module-completed", "pid": 2308657, "time": 1789682860.5103104, "cuda_visible_devices": "0", "allocated_gib": 3.795783519744873, "reserved_gib": 5.791015625, "peak_allocated_gib": 7.100478649139404, "gpu_time_budget": null, "module": "model.layers.18.mlp.down_proj", "completed": 19, "total": 28, "selected_train_nll": 3.0258937644537864, "elapsed_seconds": 630.3832252090797}
{"stage": "sequential-round-fit", "pid": 2308657, "time": 1789682862.853193, "cuda_visible_devices": "0", "allocated_gib": 3.795783519744873, "reserved_gib": 5.791015625, "peak_allocated_gib": 7.100478649139404, "gpu_time_budget": null, "module": "model.layers.19.mlp.down_proj", "fit_rows": 49152, "heldout_rows": 16384}
{"stage": "sequential-round-coordinate", "pid": 2308657, "time": 1789682863.5124433, "cuda_visible_devices": "0", "allocated_gib": 5.225533962249756, "reserved_gib": 8.041015625, "peak_allocated_gib": 7.100478649139404, "gpu_time_budget": null, "module": "model.layers.19.mlp.down_proj", "step": 128}
{"stage": "sequential-round-coordinate", "pid": 2308657, "time": 1789682863.9464962, "cuda_visible_devices": "0", "allocated_gib": 5.225533962249756, "reserved_gib": 8.041015625, "peak_allocated_gib": 7.100478649139404, "gpu_time_budget": null, "module": "model.layers.19.mlp.down_proj", "step": 256}
{"stage": "sequential-round-coordinate", "pid": 2308657, "time": 1789682864.381135, "cuda_visible_devices": "0", "allocated_gib": 5.225533962249756, "reserved_gib": 8.041015625, "peak_allocated_gib": 7.100478649139404, "gpu_time_budget": null, "module": "model.layers.19.mlp.down_proj", "step": 384}
{"stage": "sequential-round-coordinate", "pid": 2308657, "time": 1789682864.8607645, "cuda_visible_devices": "0", "allocated_gib": 5.225533962249756, "reserved_gib": 8.041015625, "peak_allocated_gib": 7.100478649139404, "gpu_time_budget": null, "module": "model.layers.19.mlp.down_proj", "step": 512}
{"stage": "sequential-round-coordinate", "pid": 2308657, "time": 1789682865.297113, "cuda_visible_devices": "0", "allocated_gib": 5.225533962249756, "reserved_gib": 8.041015625, "peak_allocated_gib": 7.100478649139404, "gpu_time_budget": null, "module": "model.layers.19.mlp.down_proj", "step": 640}
{"stage": "sequential-round-coordinate", "pid": 2308657, "time": 1789682865.7303512, "cuda_visible_devices": "0", "allocated_gib": 5.225533962249756, "reserved_gib": 8.041015625, "peak_allocated_gib": 7.100478649139404, "gpu_time_budget": null, "module": "model.layers.19.mlp.down_proj", "step": 768}
{"stage": "sequential-round-coordinate", "pid": 2308657, "time": 1789682866.1634977, "cuda_visible_devices": "0", "allocated_gib": 5.225533962249756, "reserved_gib": 8.041015625, "peak_allocated_gib": 7.100478649139404, "gpu_time_budget": null, "module": "model.layers.19.mlp.down_proj", "step": 896}
{"stage": "sequential-round-coordinate", "pid": 2308657, "time": 1789682866.5974686, "cuda_visible_devices": "0", "allocated_gib": 5.225533962249756, "reserved_gib": 8.041015625, "peak_allocated_gib": 7.100478649139404, "gpu_time_budget": null, "module": "model.layers.19.mlp.down_proj", "step": 1024}
{"stage": "sequential-round-coordinate", "pid": 2308657, "time": 1789682867.0361524, "cuda_visible_devices": "0", "allocated_gib": 5.225533962249756, "reserved_gib": 8.041015625, "peak_allocated_gib": 7.100478649139404, "gpu_time_budget": null, "module": "model.layers.19.mlp.down_proj", "step": 1152}
{"stage": "sequential-round-coordinate", "pid": 2308657, "time": 1789682867.4668145, "cuda_visible_devices": "0", "allocated_gib": 5.225533962249756, "reserved_gib": 8.041015625, "peak_allocated_gib": 7.100478649139404, "gpu_time_budget": null, "module": "model.layers.19.mlp.down_proj", "step": 1280}
{"stage": "sequential-round-coordinate", "pid": 2308657, "time": 1789682867.8992875, "cuda_visible_devices": "0", "allocated_gib": 5.225533962249756, "reserved_gib": 8.041015625, "peak_allocated_gib": 7.100478649139404, "gpu_time_budget": null, "module": "model.layers.19.mlp.down_proj", "step": 1408}
{"stage": "sequential-round-coordinate", "pid": 2308657, "time": 1789682868.3300636, "cuda_visible_devices": "0", "allocated_gib": 5.225533962249756, "reserved_gib": 8.041015625, "peak_allocated_gib": 7.100478649139404, "gpu_time_budget": null, "module": "model.layers.19.mlp.down_proj", "step": 1536}
{"stage": "sequential-round-coordinate", "pid": 2308657, "time": 1789682868.7665033, "cuda_visible_devices": "0", "allocated_gib": 5.225533962249756, "reserved_gib": 8.041015625, "peak_allocated_gib": 7.100478649139404, "gpu_time_budget": null, "module": "model.layers.19.mlp.down_proj", "step": 1664}
{"stage": "sequential-round-coordinate", "pid": 2308657, "time": 1789682869.20159, "cuda_visible_devices": "0", "allocated_gib": 5.225533962249756, "reserved_gib": 8.041015625, "peak_allocated_gib": 7.100478649139404, "gpu_time_budget": null, "module": "model.layers.19.mlp.down_proj", "step": 1792}
{"stage": "sequential-round-coordinate", "pid": 2308657, "time": 1789682869.6343408, "cuda_visible_devices": "0", "allocated_gib": 5.225533962249756, "reserved_gib": 8.041015625, "peak_allocated_gib": 7.100478649139404, "gpu_time_budget": null, "module": "model.layers.19.mlp.down_proj", "step": 1920}
{"stage": "sequential-round-coordinate", "pid": 2308657, "time": 1789682870.1176496, "cuda_visible_devices": "0", "allocated_gib": 5.225533962249756, "reserved_gib": 8.041015625, "peak_allocated_gib": 7.100478649139404, "gpu_time_budget": null, "module": "model.layers.19.mlp.down_proj", "step": 2048}
{"stage": "sequential-round-coordinate", "pid": 2308657, "time": 1789682870.5479743, "cuda_visible_devices": "0", "allocated_gib": 5.225533962249756, "reserved_gib": 8.041015625, "peak_allocated_gib": 7.100478649139404, "gpu_time_budget": null, "module": "model.layers.19.mlp.down_proj", "step": 2176}
{"stage": "sequential-round-coordinate", "pid": 2308657, "time": 1789682870.9792216, "cuda_visible_devices": "0", "allocated_gib": 5.225533962249756, "reserved_gib": 8.041015625, "peak_allocated_gib": 7.100478649139404, "gpu_time_budget": null, "module": "model.layers.19.mlp.down_proj", "step": 2304}
{"stage": "sequential-round-coordinate", "pid": 2308657, "time": 1789682871.413243, "cuda_visible_devices": "0", "allocated_gib": 5.225533962249756, "reserved_gib": 8.041015625, "peak_allocated_gib": 7.100478649139404, "gpu_time_budget": null, "module": "model.layers.19.mlp.down_proj", "step": 2432}
{"stage": "sequential-round-coordinate", "pid": 2308657, "time": 1789682871.8430974, "cuda_visible_devices": "0", "allocated_gib": 5.225533962249756, "reserved_gib": 8.041015625, "peak_allocated_gib": 7.100478649139404, "gpu_time_budget": null, "module": "model.layers.19.mlp.down_proj", "step": 2560}
{"stage": "sequential-round-coordinate", "pid": 2308657, "time": 1789682872.2721689, "cuda_visible_devices": "0", "allocated_gib": 5.225533962249756, "reserved_gib": 8.041015625, "peak_allocated_gib": 7.100478649139404, "gpu_time_budget": null, "module": "model.layers.19.mlp.down_proj", "step": 2688}
{"stage": "sequential-round-coordinate", "pid": 2308657, "time": 1789682872.7009912, "cuda_visible_devices": "0", "allocated_gib": 5.225533962249756, "reserved_gib": 8.041015625, "peak_allocated_gib": 7.100478649139404, "gpu_time_budget": null, "module": "model.layers.19.mlp.down_proj", "step": 2816}
{"stage": "sequential-round-coordinate", "pid": 2308657, "time": 1789682873.1312764, "cuda_visible_devices": "0", "allocated_gib": 5.225533962249756, "reserved_gib": 8.041015625, "peak_allocated_gib": 7.100478649139404, "gpu_time_budget": null, "module": "model.layers.19.mlp.down_proj", "step": 2944}
{"stage": "sequential-round-coordinate", "pid": 2308657, "time": 1789682873.5599844, "cuda_visible_devices": "0", "allocated_gib": 5.225533962249756, "reserved_gib": 8.041015625, "peak_allocated_gib": 7.100478649139404, "gpu_time_budget": null, "module": "model.layers.19.mlp.down_proj", "step": 3072}
{"stage": "sequential-round-coordinate", "pid": 2308657, "time": 1789682873.9896507, "cuda_visible_devices": "0", "allocated_gib": 5.225533962249756, "reserved_gib": 8.041015625, "peak_allocated_gib": 7.100478649139404, "gpu_time_budget": null, "module": "model.layers.19.mlp.down_proj", "step": 3200}
{"stage": "sequential-round-coordinate", "pid": 2308657, "time": 1789682874.4189284, "cuda_visible_devices": "0", "allocated_gib": 5.225533962249756, "reserved_gib": 8.041015625, "peak_allocated_gib": 7.100478649139404, "gpu_time_budget": null, "module": "model.layers.19.mlp.down_proj", "step": 3328}
{"stage": "sequential-round-coordinate", "pid": 2308657, "time": 1789682874.8475413, "cuda_visible_devices": "0", "allocated_gib": 5.225533962249756, "reserved_gib": 8.041015625, "peak_allocated_gib": 7.100478649139404, "gpu_time_budget": null, "module": "model.layers.19.mlp.down_proj", "step": 3456}
{"stage": "sequential-round-coordinate", "pid": 2308657, "time": 1789682875.2798808, "cuda_visible_devices": "0", "allocated_gib": 5.225533962249756, "reserved_gib": 8.041015625, "peak_allocated_gib": 7.100478649139404, "gpu_time_budget": null, "module": "model.layers.19.mlp.down_proj", "step": 3584}
{"stage": "sequential-round-coordinate", "pid": 2308657, "time": 1789682875.7127912, "cuda_visible_devices": "0", "allocated_gib": 5.225533962249756, "reserved_gib": 8.041015625, "peak_allocated_gib": 7.100478649139404, "gpu_time_budget": null, "module": "model.layers.19.mlp.down_proj", "step": 3712}
{"stage": "sequential-round-coordinate", "pid": 2308657, "time": 1789682876.145494, "cuda_visible_devices": "0", "allocated_gib": 5.225533962249756, "reserved_gib": 8.041015625, "peak_allocated_gib": 7.100478649139404, "gpu_time_budget": null, "module": "model.layers.19.mlp.down_proj", "step": 3840}
{"stage": "sequential-round-coordinate", "pid": 2308657, "time": 1789682876.5778458, "cuda_visible_devices": "0", "allocated_gib": 5.225533962249756, "reserved_gib": 8.041015625, "peak_allocated_gib": 7.100478649139404, "gpu_time_budget": null, "module": "model.layers.19.mlp.down_proj", "step": 3968}
{"stage": "sequential-round-coordinate", "pid": 2308657, "time": 1789682877.009748, "cuda_visible_devices": "0", "allocated_gib": 5.225533962249756, "reserved_gib": 8.041015625, "peak_allocated_gib": 7.100478649139404, "gpu_time_budget": null, "module": "model.layers.19.mlp.down_proj", "step": 4096}
{"stage": "sequential-round-coordinate", "pid": 2308657, "time": 1789682877.4419887, "cuda_visible_devices": "0", "allocated_gib": 5.225533962249756, "reserved_gib": 8.041015625, "peak_allocated_gib": 7.100478649139404, "gpu_time_budget": null, "module": "model.layers.19.mlp.down_proj", "step": 4224}
{"stage": "sequential-round-coordinate", "pid": 2308657, "time": 1789682877.8742177, "cuda_visible_devices": "0", "allocated_gib": 5.225533962249756, "reserved_gib": 8.041015625, "peak_allocated_gib": 7.100478649139404, "gpu_time_budget": null, "module": "model.layers.19.mlp.down_proj", "step": 4352}
{"stage": "sequential-round-coordinate", "pid": 2308657, "time": 1789682878.3058348, "cuda_visible_devices": "0", "allocated_gib": 5.225533962249756, "reserved_gib": 8.041015625, "peak_allocated_gib": 7.100478649139404, "gpu_time_budget": null, "module": "model.layers.19.mlp.down_proj", "step": 4480}
{"stage": "sequential-round-coordinate", "pid": 2308657, "time": 1789682878.7382464, "cuda_visible_devices": "0", "allocated_gib": 5.225533962249756, "reserved_gib": 8.041015625, "peak_allocated_gib": 7.100478649139404, "gpu_time_budget": null, "module": "model.layers.19.mlp.down_proj", "step": 4608}
{"stage": "sequential-round-coordinate", "pid": 2308657, "time": 1789682879.1724746, "cuda_visible_devices": "0", "allocated_gib": 5.225533962249756, "reserved_gib": 8.041015625, "peak_allocated_gib": 7.100478649139404, "gpu_time_budget": null, "module": "model.layers.19.mlp.down_proj", "step": 4736}
{"stage": "sequential-round-coordinate", "pid": 2308657, "time": 1789682879.606672, "cuda_visible_devices": "0", "allocated_gib": 5.225533962249756, "reserved_gib": 8.041015625, "peak_allocated_gib": 7.100478649139404, "gpu_time_budget": null, "module": "model.layers.19.mlp.down_proj", "step": 4864}
{"stage": "sequential-round-coordinate", "pid": 2308657, "time": 1789682880.0378873, "cuda_visible_devices": "0", "allocated_gib": 5.225533962249756, "reserved_gib": 8.041015625, "peak_allocated_gib": 7.100478649139404, "gpu_time_budget": null, "module": "model.layers.19.mlp.down_proj", "step": 4992}
{"stage": "sequential-round-coordinate", "pid": 2308657, "time": 1789682880.4691522, "cuda_visible_devices": "0", "allocated_gib": 5.225533962249756, "reserved_gib": 8.041015625, "peak_allocated_gib": 7.100478649139404, "gpu_time_budget": null, "module": "model.layers.19.mlp.down_proj", "step": 5120}
{"stage": "sequential-round-coordinate", "pid": 2308657, "time": 1789682880.9012809, "cuda_visible_devices": "0", "allocated_gib": 5.225533962249756, "reserved_gib": 8.041015625, "peak_allocated_gib": 7.100478649139404, "gpu_time_budget": null, "module": "model.layers.19.mlp.down_proj", "step": 5248}
{"stage": "sequential-round-coordinate", "pid": 2308657, "time": 1789682881.332871, "cuda_visible_devices": "0", "allocated_gib": 5.225533962249756, "reserved_gib": 8.041015625, "peak_allocated_gib": 7.100478649139404, "gpu_time_budget": null, "module": "model.layers.19.mlp.down_proj", "step": 5376}
{"stage": "sequential-round-coordinate", "pid": 2308657, "time": 1789682881.7632165, "cuda_visible_devices": "0", "allocated_gib": 5.225533962249756, "reserved_gib": 8.041015625, "peak_allocated_gib": 7.100478649139404, "gpu_time_budget": null, "module": "model.layers.19.mlp.down_proj", "step": 5504}
{"stage": "sequential-round-coordinate", "pid": 2308657, "time": 1789682882.194801, "cuda_visible_devices": "0", "allocated_gib": 5.225533962249756, "reserved_gib": 8.041015625, "peak_allocated_gib": 7.100478649139404, "gpu_time_budget": null, "module": "model.layers.19.mlp.down_proj", "step": 5632}
{"stage": "sequential-round-coordinate", "pid": 2308657, "time": 1789682882.6292958, "cuda_visible_devices": "0", "allocated_gib": 5.225533962249756, "reserved_gib": 8.041015625, "peak_allocated_gib": 7.100478649139404, "gpu_time_budget": null, "module": "model.layers.19.mlp.down_proj", "step": 5760}
{"stage": "sequential-round-coordinate", "pid": 2308657, "time": 1789682883.0606804, "cuda_visible_devices": "0", "allocated_gib": 5.225533962249756, "reserved_gib": 8.041015625, "peak_allocated_gib": 7.100478649139404, "gpu_time_budget": null, "module": "model.layers.19.mlp.down_proj", "step": 5888}
{"stage": "sequential-round-coordinate", "pid": 2308657, "time": 1789682883.4917092, "cuda_visible_devices": "0", "allocated_gib": 5.225533962249756, "reserved_gib": 8.041015625, "peak_allocated_gib": 7.100478649139404, "gpu_time_budget": null, "module": "model.layers.19.mlp.down_proj", "step": 6016}
{"stage": "sequential-round-coordinate", "pid": 2308657, "time": 1789682883.923831, "cuda_visible_devices": "0", "allocated_gib": 5.225533962249756, "reserved_gib": 8.041015625, "peak_allocated_gib": 7.100478649139404, "gpu_time_budget": null, "module": "model.layers.19.mlp.down_proj", "step": 6144}
{"stage": "sequential-round-coordinate", "pid": 2308657, "time": 1789682884.3577983, "cuda_visible_devices": "0", "allocated_gib": 5.225533962249756, "reserved_gib": 8.041015625, "peak_allocated_gib": 7.100478649139404, "gpu_time_budget": null, "module": "model.layers.19.mlp.down_proj", "step": 6272}
{"stage": "sequential-round-coordinate", "pid": 2308657, "time": 1789682884.7896988, "cuda_visible_devices": "0", "allocated_gib": 5.225533962249756, "reserved_gib": 8.041015625, "peak_allocated_gib": 7.100478649139404, "gpu_time_budget": null, "module": "model.layers.19.mlp.down_proj", "step": 6400}
{"stage": "sequential-round-coordinate", "pid": 2308657, "time": 1789682885.2270107, "cuda_visible_devices": "0", "allocated_gib": 5.225533962249756, "reserved_gib": 8.041015625, "peak_allocated_gib": 7.100478649139404, "gpu_time_budget": null, "module": "model.layers.19.mlp.down_proj", "step": 6528}
{"stage": "sequential-round-coordinate", "pid": 2308657, "time": 1789682885.6626132, "cuda_visible_devices": "0", "allocated_gib": 5.225533962249756, "reserved_gib": 8.041015625, "peak_allocated_gib": 7.100478649139404, "gpu_time_budget": null, "module": "model.layers.19.mlp.down_proj", "step": 6656}
{"stage": "sequential-round-coordinate", "pid": 2308657, "time": 1789682886.0975997, "cuda_visible_devices": "0", "allocated_gib": 5.225533962249756, "reserved_gib": 8.041015625, "peak_allocated_gib": 7.100478649139404, "gpu_time_budget": null, "module": "model.layers.19.mlp.down_proj", "step": 6784}
{"stage": "sequential-round-coordinate", "pid": 2308657, "time": 1789682886.534317, "cuda_visible_devices": "0", "allocated_gib": 5.225533962249756, "reserved_gib": 8.041015625, "peak_allocated_gib": 7.100478649139404, "gpu_time_budget": null, "module": "model.layers.19.mlp.down_proj", "step": 6912}
{"stage": "sequential-round-coordinate", "pid": 2308657, "time": 1789682886.9708452, "cuda_visible_devices": "0", "allocated_gib": 5.225533962249756, "reserved_gib": 8.041015625, "peak_allocated_gib": 7.100478649139404, "gpu_time_budget": null, "module": "model.layers.19.mlp.down_proj", "step": 7040}
{"stage": "sequential-round-coordinate", "pid": 2308657, "time": 1789682887.4100633, "cuda_visible_devices": "0", "allocated_gib": 5.225533962249756, "reserved_gib": 8.041015625, "peak_allocated_gib": 7.100478649139404, "gpu_time_budget": null, "module": "model.layers.19.mlp.down_proj", "step": 7168}
{"stage": "sequential-round-coordinate", "pid": 2308657, "time": 1789682887.8548982, "cuda_visible_devices": "0", "allocated_gib": 5.225533962249756, "reserved_gib": 8.041015625, "peak_allocated_gib": 7.100478649139404, "gpu_time_budget": null, "module": "model.layers.19.mlp.down_proj", "step": 7296}
{"stage": "sequential-round-coordinate", "pid": 2308657, "time": 1789682888.2906373, "cuda_visible_devices": "0", "allocated_gib": 5.225533962249756, "reserved_gib": 8.041015625, "peak_allocated_gib": 7.100478649139404, "gpu_time_budget": null, "module": "model.layers.19.mlp.down_proj", "step": 7424}
{"stage": "sequential-round-coordinate", "pid": 2308657, "time": 1789682888.7267582, "cuda_visible_devices": "0", "allocated_gib": 5.225533962249756, "reserved_gib": 8.041015625, "peak_allocated_gib": 7.100478649139404, "gpu_time_budget": null, "module": "model.layers.19.mlp.down_proj", "step": 7552}
{"stage": "sequential-round-coordinate", "pid": 2308657, "time": 1789682889.1664894, "cuda_visible_devices": "0", "allocated_gib": 5.225533962249756, "reserved_gib": 8.041015625, "peak_allocated_gib": 7.100478649139404, "gpu_time_budget": null, "module": "model.layers.19.mlp.down_proj", "step": 7680}
{"stage": "sequential-round-coordinate", "pid": 2308657, "time": 1789682889.6069462, "cuda_visible_devices": "0", "allocated_gib": 5.225533962249756, "reserved_gib": 8.041015625, "peak_allocated_gib": 7.100478649139404, "gpu_time_budget": null, "module": "model.layers.19.mlp.down_proj", "step": 7808}
{"stage": "sequential-round-coordinate", "pid": 2308657, "time": 1789682890.0444446, "cuda_visible_devices": "0", "allocated_gib": 5.225533962249756, "reserved_gib": 8.041015625, "peak_allocated_gib": 7.100478649139404, "gpu_time_budget": null, "module": "model.layers.19.mlp.down_proj", "step": 7936}
{"stage": "sequential-round-coordinate", "pid": 2308657, "time": 1789682890.4791343, "cuda_visible_devices": "0", "allocated_gib": 5.225533962249756, "reserved_gib": 8.041015625, "peak_allocated_gib": 7.100478649139404, "gpu_time_budget": null, "module": "model.layers.19.mlp.down_proj", "step": 8064}
{"stage": "sequential-round-coordinate", "pid": 2308657, "time": 1789682890.9548314, "cuda_visible_devices": "0", "allocated_gib": 5.225533962249756, "reserved_gib": 8.041015625, "peak_allocated_gib": 7.100478649139404, "gpu_time_budget": null, "module": "model.layers.19.mlp.down_proj", "step": 8192}
{"stage": "sequential-round-train-nll", "pid": 2308657, "time": 1789682890.9996333, "cuda_visible_devices": "0", "allocated_gib": 3.795783519744873, "reserved_gib": 3.80078125, "peak_allocated_gib": 7.100478649139404, "gpu_time_budget": null, "module": "model.layers.19.mlp.down_proj", "step": 512}
Evaluation segment 1/1: start=0, windows=8, seqlen=2048
{"stage": "sequential-round-train-nll", "pid": 2308657, "time": 1789682892.7756782, "cuda_visible_devices": "0", "allocated_gib": 3.795783519744873, "reserved_gib": 5.791015625, "peak_allocated_gib": 7.100478649139404, "gpu_time_budget": null, "module": "model.layers.19.mlp.down_proj", "step": 2048}
Evaluation segment 1/1: start=0, windows=8, seqlen=2048
{"stage": "sequential-round-train-nll", "pid": 2308657, "time": 1789682894.4889889, "cuda_visible_devices": "0", "allocated_gib": 3.795783519744873, "reserved_gib": 5.791015625, "peak_allocated_gib": 7.100478649139404, "gpu_time_budget": null, "module": "model.layers.19.mlp.down_proj", "step": 8192}
Evaluation segment 1/1: start=0, windows=8, seqlen=2048
{"stage": "sequential-module-completed", "pid": 2308657, "time": 1789682896.32865, "cuda_visible_devices": "0", "allocated_gib": 3.795783519744873, "reserved_gib": 5.791015625, "peak_allocated_gib": 7.100478649139404, "gpu_time_budget": null, "module": "model.layers.19.mlp.down_proj", "completed": 20, "total": 28, "selected_train_nll": 3.0229020200257315, "elapsed_seconds": 666.2015755920438}
{"stage": "sequential-round-fit", "pid": 2308657, "time": 1789682898.5753756, "cuda_visible_devices": "0", "allocated_gib": 3.795783519744873, "reserved_gib": 5.791015625, "peak_allocated_gib": 7.100478649139404, "gpu_time_budget": null, "module": "model.layers.20.mlp.down_proj", "fit_rows": 49152, "heldout_rows": 16384}
{"stage": "sequential-round-coordinate", "pid": 2308657, "time": 1789682899.2502098, "cuda_visible_devices": "0", "allocated_gib": 5.225533962249756, "reserved_gib": 8.041015625, "peak_allocated_gib": 7.100478649139404, "gpu_time_budget": null, "module": "model.layers.20.mlp.down_proj", "step": 128}
{"stage": "sequential-round-coordinate", "pid": 2308657, "time": 1789682899.682806, "cuda_visible_devices": "0", "allocated_gib": 5.225533962249756, "reserved_gib": 8.041015625, "peak_allocated_gib": 7.100478649139404, "gpu_time_budget": null, "module": "model.layers.20.mlp.down_proj", "step": 256}
{"stage": "sequential-round-coordinate", "pid": 2308657, "time": 1789682900.1141171, "cuda_visible_devices": "0", "allocated_gib": 5.225533962249756, "reserved_gib": 8.041015625, "peak_allocated_gib": 7.100478649139404, "gpu_time_budget": null, "module": "model.layers.20.mlp.down_proj", "step": 384}
{"stage": "sequential-round-coordinate", "pid": 2308657, "time": 1789682900.6010187, "cuda_visible_devices": "0", "allocated_gib": 5.225533962249756, "reserved_gib": 8.041015625, "peak_allocated_gib": 7.100478649139404, "gpu_time_budget": null, "module": "model.layers.20.mlp.down_proj", "step": 512}
{"stage": "sequential-round-coordinate", "pid": 2308657, "time": 1789682901.0358472, "cuda_visible_devices": "0", "allocated_gib": 5.225533962249756, "reserved_gib": 8.041015625, "peak_allocated_gib": 7.100478649139404, "gpu_time_budget": null, "module": "model.layers.20.mlp.down_proj", "step": 640}
{"stage": "sequential-round-coordinate", "pid": 2308657, "time": 1789682901.4684782, "cuda_visible_devices": "0", "allocated_gib": 5.225533962249756, "reserved_gib": 8.041015625, "peak_allocated_gib": 7.100478649139404, "gpu_time_budget": null, "module": "model.layers.20.mlp.down_proj", "step": 768}
{"stage": "sequential-round-coordinate", "pid": 2308657, "time": 1789682901.9022202, "cuda_visible_devices": "0", "allocated_gib": 5.225533962249756, "reserved_gib": 8.041015625, "peak_allocated_gib": 7.100478649139404, "gpu_time_budget": null, "module": "model.layers.20.mlp.down_proj", "step": 896}
{"stage": "sequential-round-coordinate", "pid": 2308657, "time": 1789682902.330954, "cuda_visible_devices": "0", "allocated_gib": 5.225533962249756, "reserved_gib": 8.041015625, "peak_allocated_gib": 7.100478649139404, "gpu_time_budget": null, "module": "model.layers.20.mlp.down_proj", "step": 1024}
{"stage": "sequential-round-coordinate", "pid": 2308657, "time": 1789682902.7622867, "cuda_visible_devices": "0", "allocated_gib": 5.225533962249756, "reserved_gib": 8.041015625, "peak_allocated_gib": 7.100478649139404, "gpu_time_budget": null, "module": "model.layers.20.mlp.down_proj", "step": 1152}
{"stage": "sequential-round-coordinate", "pid": 2308657, "time": 1789682903.1951847, "cuda_visible_devices": "0", "allocated_gib": 5.225533962249756, "reserved_gib": 8.041015625, "peak_allocated_gib": 7.100478649139404, "gpu_time_budget": null, "module": "model.layers.20.mlp.down_proj", "step": 1280}
{"stage": "sequential-round-coordinate", "pid": 2308657, "time": 1789682903.627462, "cuda_visible_devices": "0", "allocated_gib": 5.225533962249756, "reserved_gib": 8.041015625, "peak_allocated_gib": 7.100478649139404, "gpu_time_budget": null, "module": "model.layers.20.mlp.down_proj", "step": 1408}
{"stage": "sequential-round-coordinate", "pid": 2308657, "time": 1789682904.0597641, "cuda_visible_devices": "0", "allocated_gib": 5.225533962249756, "reserved_gib": 8.041015625, "peak_allocated_gib": 7.100478649139404, "gpu_time_budget": null, "module": "model.layers.20.mlp.down_proj", "step": 1536}
{"stage": "sequential-round-coordinate", "pid": 2308657, "time": 1789682904.4922633, "cuda_visible_devices": "0", "allocated_gib": 5.225533962249756, "reserved_gib": 8.041015625, "peak_allocated_gib": 7.100478649139404, "gpu_time_budget": null, "module": "model.layers.20.mlp.down_proj", "step": 1664}
{"stage": "sequential-round-coordinate", "pid": 2308657, "time": 1789682904.923756, "cuda_visible_devices": "0", "allocated_gib": 5.225533962249756, "reserved_gib": 8.041015625, "peak_allocated_gib": 7.100478649139404, "gpu_time_budget": null, "module": "model.layers.20.mlp.down_proj", "step": 1792}
{"stage": "sequential-round-coordinate", "pid": 2308657, "time": 1789682905.3524442, "cuda_visible_devices": "0", "allocated_gib": 5.225533962249756, "reserved_gib": 8.041015625, "peak_allocated_gib": 7.100478649139404, "gpu_time_budget": null, "module": "model.layers.20.mlp.down_proj", "step": 1920}
{"stage": "sequential-round-coordinate", "pid": 2308657, "time": 1789682905.835903, "cuda_visible_devices": "0", "allocated_gib": 5.225533962249756, "reserved_gib": 8.041015625, "peak_allocated_gib": 7.100478649139404, "gpu_time_budget": null, "module": "model.layers.20.mlp.down_proj", "step": 2048}
{"stage": "sequential-round-coordinate", "pid": 2308657, "time": 1789682906.2705314, "cuda_visible_devices": "0", "allocated_gib": 5.225533962249756, "reserved_gib": 8.041015625, "peak_allocated_gib": 7.100478649139404, "gpu_time_budget": null, "module": "model.layers.20.mlp.down_proj", "step": 2176}
{"stage": "sequential-round-coordinate", "pid": 2308657, "time": 1789682906.700468, "cuda_visible_devices": "0", "allocated_gib": 5.225533962249756, "reserved_gib": 8.041015625, "peak_allocated_gib": 7.100478649139404, "gpu_time_budget": null, "module": "model.layers.20.mlp.down_proj", "step": 2304}
{"stage": "sequential-round-coordinate", "pid": 2308657, "time": 1789682907.1310604, "cuda_visible_devices": "0", "allocated_gib": 5.225533962249756, "reserved_gib": 8.041015625, "peak_allocated_gib": 7.100478649139404, "gpu_time_budget": null, "module": "model.layers.20.mlp.down_proj", "step": 2432}
{"stage": "sequential-round-coordinate", "pid": 2308657, "time": 1789682907.5612004, "cuda_visible_devices": "0", "allocated_gib": 5.225533962249756, "reserved_gib": 8.041015625, "peak_allocated_gib": 7.100478649139404, "gpu_time_budget": null, "module": "model.layers.20.mlp.down_proj", "step": 2560}
{"stage": "sequential-round-coordinate", "pid": 2308657, "time": 1789682907.9973385, "cuda_visible_devices": "0", "allocated_gib": 5.225533962249756, "reserved_gib": 8.041015625, "peak_allocated_gib": 7.100478649139404, "gpu_time_budget": null, "module": "model.layers.20.mlp.down_proj", "step": 2688}
{"stage": "sequential-round-coordinate", "pid": 2308657, "time": 1789682908.4311357, "cuda_visible_devices": "0", "allocated_gib": 5.225533962249756, "reserved_gib": 8.041015625, "peak_allocated_gib": 7.100478649139404, "gpu_time_budget": null, "module": "model.layers.20.mlp.down_proj", "step": 2816}
{"stage": "sequential-round-coordinate", "pid": 2308657, "time": 1789682908.8646052, "cuda_visible_devices": "0", "allocated_gib": 5.225533962249756, "reserved_gib": 8.041015625, "peak_allocated_gib": 7.100478649139404, "gpu_time_budget": null, "module": "model.layers.20.mlp.down_proj", "step": 2944}
{"stage": "sequential-round-coordinate", "pid": 2308657, "time": 1789682909.2976897, "cuda_visible_devices": "0", "allocated_gib": 5.225533962249756, "reserved_gib": 8.041015625, "peak_allocated_gib": 7.100478649139404, "gpu_time_budget": null, "module": "model.layers.20.mlp.down_proj", "step": 3072}
{"stage": "sequential-round-coordinate", "pid": 2308657, "time": 1789682909.730721, "cuda_visible_devices": "0", "allocated_gib": 5.225533962249756, "reserved_gib": 8.041015625, "peak_allocated_gib": 7.100478649139404, "gpu_time_budget": null, "module": "model.layers.20.mlp.down_proj", "step": 3200}
{"stage": "sequential-round-coordinate", "pid": 2308657, "time": 1789682910.163566, "cuda_visible_devices": "0", "allocated_gib": 5.225533962249756, "reserved_gib": 8.041015625, "peak_allocated_gib": 7.100478649139404, "gpu_time_budget": null, "module": "model.layers.20.mlp.down_proj", "step": 3328}
{"stage": "sequential-round-coordinate", "pid": 2308657, "time": 1789682910.5978441, "cuda_visible_devices": "0", "allocated_gib": 5.225533962249756, "reserved_gib": 8.041015625, "peak_allocated_gib": 7.100478649139404, "gpu_time_budget": null, "module": "model.layers.20.mlp.down_proj", "step": 3456}
{"stage": "sequential-round-coordinate", "pid": 2308657, "time": 1789682911.030976, "cuda_visible_devices": "0", "allocated_gib": 5.225533962249756, "reserved_gib": 8.041015625, "peak_allocated_gib": 7.100478649139404, "gpu_time_budget": null, "module": "model.layers.20.mlp.down_proj", "step": 3584}
{"stage": "sequential-round-coordinate", "pid": 2308657, "time": 1789682911.4638722, "cuda_visible_devices": "0", "allocated_gib": 5.225533962249756, "reserved_gib": 8.041015625, "peak_allocated_gib": 7.100478649139404, "gpu_time_budget": null, "module": "model.layers.20.mlp.down_proj", "step": 3712}
{"stage": "sequential-round-coordinate", "pid": 2308657, "time": 1789682911.8967006, "cuda_visible_devices": "0", "allocated_gib": 5.225533962249756, "reserved_gib": 8.041015625, "peak_allocated_gib": 7.100478649139404, "gpu_time_budget": null, "module": "model.layers.20.mlp.down_proj", "step": 3840}
{"stage": "sequential-round-coordinate", "pid": 2308657, "time": 1789682912.3297844, "cuda_visible_devices": "0", "allocated_gib": 5.225533962249756, "reserved_gib": 8.041015625, "peak_allocated_gib": 7.100478649139404, "gpu_time_budget": null, "module": "model.layers.20.mlp.down_proj", "step": 3968}
{"stage": "sequential-round-coordinate", "pid": 2308657, "time": 1789682912.7623017, "cuda_visible_devices": "0", "allocated_gib": 5.225533962249756, "reserved_gib": 8.041015625, "peak_allocated_gib": 7.100478649139404, "gpu_time_budget": null, "module": "model.layers.20.mlp.down_proj", "step": 4096}
{"stage": "sequential-round-coordinate", "pid": 2308657, "time": 1789682913.1985404, "cuda_visible_devices": "0", "allocated_gib": 5.225533962249756, "reserved_gib": 8.041015625, "peak_allocated_gib": 7.100478649139404, "gpu_time_budget": null, "module": "model.layers.20.mlp.down_proj", "step": 4224}
{"stage": "sequential-round-coordinate", "pid": 2308657, "time": 1789682913.6331615, "cuda_visible_devices": "0", "allocated_gib": 5.225533962249756, "reserved_gib": 8.041015625, "peak_allocated_gib": 7.100478649139404, "gpu_time_budget": null, "module": "model.layers.20.mlp.down_proj", "step": 4352}
{"stage": "sequential-round-coordinate", "pid": 2308657, "time": 1789682914.0669086, "cuda_visible_devices": "0", "allocated_gib": 5.225533962249756, "reserved_gib": 8.041015625, "peak_allocated_gib": 7.100478649139404, "gpu_time_budget": null, "module": "model.layers.20.mlp.down_proj", "step": 4480}
{"stage": "sequential-round-coordinate", "pid": 2308657, "time": 1789682914.499421, "cuda_visible_devices": "0", "allocated_gib": 5.225533962249756, "reserved_gib": 8.041015625, "peak_allocated_gib": 7.100478649139404, "gpu_time_budget": null, "module": "model.layers.20.mlp.down_proj", "step": 4608}
{"stage": "sequential-round-coordinate", "pid": 2308657, "time": 1789682914.9292428, "cuda_visible_devices": "0", "allocated_gib": 5.225533962249756, "reserved_gib": 8.041015625, "peak_allocated_gib": 7.100478649139404, "gpu_time_budget": null, "module": "model.layers.20.mlp.down_proj", "step": 4736}
{"stage": "sequential-round-coordinate", "pid": 2308657, "time": 1789682915.3611884, "cuda_visible_devices": "0", "allocated_gib": 5.225533962249756, "reserved_gib": 8.041015625, "peak_allocated_gib": 7.100478649139404, "gpu_time_budget": null, "module": "model.layers.20.mlp.down_proj", "step": 4864}
{"stage": "sequential-round-coordinate", "pid": 2308657, "time": 1789682915.7904685, "cuda_visible_devices": "0", "allocated_gib": 5.225533962249756, "reserved_gib": 8.041015625, "peak_allocated_gib": 7.100478649139404, "gpu_time_budget": null, "module": "model.layers.20.mlp.down_proj", "step": 4992}
{"stage": "sequential-round-coordinate", "pid": 2308657, "time": 1789682916.2205293, "cuda_visible_devices": "0", "allocated_gib": 5.225533962249756, "reserved_gib": 8.041015625, "peak_allocated_gib": 7.100478649139404, "gpu_time_budget": null, "module": "model.layers.20.mlp.down_proj", "step": 5120}
{"stage": "sequential-round-coordinate", "pid": 2308657, "time": 1789682916.649693, "cuda_visible_devices": "0", "allocated_gib": 5.225533962249756, "reserved_gib": 8.041015625, "peak_allocated_gib": 7.100478649139404, "gpu_time_budget": null, "module": "model.layers.20.mlp.down_proj", "step": 5248}
{"stage": "sequential-round-coordinate", "pid": 2308657, "time": 1789682917.0823617, "cuda_visible_devices": "0", "allocated_gib": 5.225533962249756, "reserved_gib": 8.041015625, "peak_allocated_gib": 7.100478649139404, "gpu_time_budget": null, "module": "model.layers.20.mlp.down_proj", "step": 5376}
{"stage": "sequential-round-coordinate", "pid": 2308657, "time": 1789682917.5154164, "cuda_visible_devices": "0", "allocated_gib": 5.225533962249756, "reserved_gib": 8.041015625, "peak_allocated_gib": 7.100478649139404, "gpu_time_budget": null, "module": "model.layers.20.mlp.down_proj", "step": 5504}
{"stage": "sequential-round-coordinate", "pid": 2308657, "time": 1789682917.947741, "cuda_visible_devices": "0", "allocated_gib": 5.225533962249756, "reserved_gib": 8.041015625, "peak_allocated_gib": 7.100478649139404, "gpu_time_budget": null, "module": "model.layers.20.mlp.down_proj", "step": 5632}
{"stage": "sequential-round-coordinate", "pid": 2308657, "time": 1789682918.3804717, "cuda_visible_devices": "0", "allocated_gib": 5.225533962249756, "reserved_gib": 8.041015625, "peak_allocated_gib": 7.100478649139404, "gpu_time_budget": null, "module": "model.layers.20.mlp.down_proj", "step": 5760}
{"stage": "sequential-round-coordinate", "pid": 2308657, "time": 1789682918.8132415, "cuda_visible_devices": "0", "allocated_gib": 5.225533962249756, "reserved_gib": 8.041015625, "peak_allocated_gib": 7.100478649139404, "gpu_time_budget": null, "module": "model.layers.20.mlp.down_proj", "step": 5888}
{"stage": "sequential-round-coordinate", "pid": 2308657, "time": 1789682919.2473733, "cuda_visible_devices": "0", "allocated_gib": 5.225533962249756, "reserved_gib": 8.041015625, "peak_allocated_gib": 7.100478649139404, "gpu_time_budget": null, "module": "model.layers.20.mlp.down_proj", "step": 6016}
{"stage": "sequential-round-coordinate", "pid": 2308657, "time": 1789682919.680433, "cuda_visible_devices": "0", "allocated_gib": 5.225533962249756, "reserved_gib": 8.041015625, "peak_allocated_gib": 7.100478649139404, "gpu_time_budget": null, "module": "model.layers.20.mlp.down_proj", "step": 6144}
{"stage": "sequential-round-coordinate", "pid": 2308657, "time": 1789682920.1144376, "cuda_visible_devices": "0", "allocated_gib": 5.225533962249756, "reserved_gib": 8.041015625, "peak_allocated_gib": 7.100478649139404, "gpu_time_budget": null, "module": "model.layers.20.mlp.down_proj", "step": 6272}
{"stage": "sequential-round-coordinate", "pid": 2308657, "time": 1789682920.5474627, "cuda_visible_devices": "0", "allocated_gib": 5.225533962249756, "reserved_gib": 8.041015625, "peak_allocated_gib": 7.100478649139404, "gpu_time_budget": null, "module": "model.layers.20.mlp.down_proj", "step": 6400}
{"stage": "sequential-round-coordinate", "pid": 2308657, "time": 1789682920.98192, "cuda_visible_devices": "0", "allocated_gib": 5.225533962249756, "reserved_gib": 8.041015625, "peak_allocated_gib": 7.100478649139404, "gpu_time_budget": null, "module": "model.layers.20.mlp.down_proj", "step": 6528}
{"stage": "sequential-round-coordinate", "pid": 2308657, "time": 1789682921.4170926, "cuda_visible_devices": "0", "allocated_gib": 5.225533962249756, "reserved_gib": 8.041015625, "peak_allocated_gib": 7.100478649139404, "gpu_time_budget": null, "module": "model.layers.20.mlp.down_proj", "step": 6656}
{"stage": "sequential-round-coordinate", "pid": 2308657, "time": 1789682921.8542285, "cuda_visible_devices": "0", "allocated_gib": 5.225533962249756, "reserved_gib": 8.041015625, "peak_allocated_gib": 7.100478649139404, "gpu_time_budget": null, "module": "model.layers.20.mlp.down_proj", "step": 6784}
{"stage": "sequential-round-coordinate", "pid": 2308657, "time": 1789682922.2881398, "cuda_visible_devices": "0", "allocated_gib": 5.225533962249756, "reserved_gib": 8.041015625, "peak_allocated_gib": 7.100478649139404, "gpu_time_budget": null, "module": "model.layers.20.mlp.down_proj", "step": 6912}
{"stage": "sequential-round-coordinate", "pid": 2308657, "time": 1789682922.7217867, "cuda_visible_devices": "0", "allocated_gib": 5.225533962249756, "reserved_gib": 8.041015625, "peak_allocated_gib": 7.100478649139404, "gpu_time_budget": null, "module": "model.layers.20.mlp.down_proj", "step": 7040}
{"stage": "sequential-round-coordinate", "pid": 2308657, "time": 1789682923.155505, "cuda_visible_devices": "0", "allocated_gib": 5.225533962249756, "reserved_gib": 8.041015625, "peak_allocated_gib": 7.100478649139404, "gpu_time_budget": null, "module": "model.layers.20.mlp.down_proj", "step": 7168}
{"stage": "sequential-round-coordinate", "pid": 2308657, "time": 1789682923.5891492, "cuda_visible_devices": "0", "allocated_gib": 5.225533962249756, "reserved_gib": 8.041015625, "peak_allocated_gib": 7.100478649139404, "gpu_time_budget": null, "module": "model.layers.20.mlp.down_proj", "step": 7296}
{"stage": "sequential-round-coordinate", "pid": 2308657, "time": 1789682924.0228584, "cuda_visible_devices": "0", "allocated_gib": 5.225533962249756, "reserved_gib": 8.041015625, "peak_allocated_gib": 7.100478649139404, "gpu_time_budget": null, "module": "model.layers.20.mlp.down_proj", "step": 7424}
{"stage": "sequential-round-coordinate", "pid": 2308657, "time": 1789682924.456216, "cuda_visible_devices": "0", "allocated_gib": 5.225533962249756, "reserved_gib": 8.041015625, "peak_allocated_gib": 7.100478649139404, "gpu_time_budget": null, "module": "model.layers.20.mlp.down_proj", "step": 7552}
{"stage": "sequential-round-coordinate", "pid": 2308657, "time": 1789682924.8852339, "cuda_visible_devices": "0", "allocated_gib": 5.225533962249756, "reserved_gib": 8.041015625, "peak_allocated_gib": 7.100478649139404, "gpu_time_budget": null, "module": "model.layers.20.mlp.down_proj", "step": 7680}
{"stage": "sequential-round-coordinate", "pid": 2308657, "time": 1789682925.3146868, "cuda_visible_devices": "0", "allocated_gib": 5.225533962249756, "reserved_gib": 8.041015625, "peak_allocated_gib": 7.100478649139404, "gpu_time_budget": null, "module": "model.layers.20.mlp.down_proj", "step": 7808}
{"stage": "sequential-round-coordinate", "pid": 2308657, "time": 1789682925.7451055, "cuda_visible_devices": "0", "allocated_gib": 5.225533962249756, "reserved_gib": 8.041015625, "peak_allocated_gib": 7.100478649139404, "gpu_time_budget": null, "module": "model.layers.20.mlp.down_proj", "step": 7936}
{"stage": "sequential-round-coordinate", "pid": 2308657, "time": 1789682926.1747215, "cuda_visible_devices": "0", "allocated_gib": 5.225533962249756, "reserved_gib": 8.041015625, "peak_allocated_gib": 7.100478649139404, "gpu_time_budget": null, "module": "model.layers.20.mlp.down_proj", "step": 8064}
{"stage": "sequential-round-coordinate", "pid": 2308657, "time": 1789682926.6542382, "cuda_visible_devices": "0", "allocated_gib": 5.225533962249756, "reserved_gib": 8.041015625, "peak_allocated_gib": 7.100478649139404, "gpu_time_budget": null, "module": "model.layers.20.mlp.down_proj", "step": 8192}
{"stage": "sequential-round-train-nll", "pid": 2308657, "time": 1789682926.6977673, "cuda_visible_devices": "0", "allocated_gib": 3.795783519744873, "reserved_gib": 3.80078125, "peak_allocated_gib": 7.100478649139404, "gpu_time_budget": null, "module": "model.layers.20.mlp.down_proj", "step": 512}
Evaluation segment 1/1: start=0, windows=8, seqlen=2048
{"stage": "sequential-round-train-nll", "pid": 2308657, "time": 1789682928.4114504, "cuda_visible_devices": "0", "allocated_gib": 3.795783519744873, "reserved_gib": 5.791015625, "peak_allocated_gib": 7.100478649139404, "gpu_time_budget": null, "module": "model.layers.20.mlp.down_proj", "step": 2048}
Evaluation segment 1/1: start=0, windows=8, seqlen=2048
{"stage": "sequential-round-train-nll", "pid": 2308657, "time": 1789682930.0960412, "cuda_visible_devices": "0", "allocated_gib": 3.795783519744873, "reserved_gib": 5.791015625, "peak_allocated_gib": 7.100478649139404, "gpu_time_budget": null, "module": "model.layers.20.mlp.down_proj", "step": 8192}
Evaluation segment 1/1: start=0, windows=8, seqlen=2048
{"stage": "sequential-module-completed", "pid": 2308657, "time": 1789682931.9127781, "cuda_visible_devices": "0", "allocated_gib": 3.795783519744873, "reserved_gib": 5.791015625, "peak_allocated_gib": 7.100478649139404, "gpu_time_budget": null, "module": "model.layers.20.mlp.down_proj", "completed": 21, "total": 28, "selected_train_nll": 3.0229020200257315, "elapsed_seconds": 701.7857050569728}
{"stage": "sequential-round-fit", "pid": 2308657, "time": 1789682934.0876198, "cuda_visible_devices": "0", "allocated_gib": 3.795783519744873, "reserved_gib": 5.791015625, "peak_allocated_gib": 7.100478649139404, "gpu_time_budget": null, "module": "model.layers.21.mlp.down_proj", "fit_rows": 49152, "heldout_rows": 16384}
{"stage": "sequential-round-coordinate", "pid": 2308657, "time": 1789682934.7278552, "cuda_visible_devices": "0", "allocated_gib": 5.225533962249756, "reserved_gib": 8.041015625, "peak_allocated_gib": 7.100478649139404, "gpu_time_budget": null, "module": "model.layers.21.mlp.down_proj", "step": 128}
{"stage": "sequential-round-coordinate", "pid": 2308657, "time": 1789682935.156536, "cuda_visible_devices": "0", "allocated_gib": 5.225533962249756, "reserved_gib": 8.041015625, "peak_allocated_gib": 7.100478649139404, "gpu_time_budget": null, "module": "model.layers.21.mlp.down_proj", "step": 256}
{"stage": "sequential-round-coordinate", "pid": 2308657, "time": 1789682935.585259, "cuda_visible_devices": "0", "allocated_gib": 5.225533962249756, "reserved_gib": 8.041015625, "peak_allocated_gib": 7.100478649139404, "gpu_time_budget": null, "module": "model.layers.21.mlp.down_proj", "step": 384}
{"stage": "sequential-round-coordinate", "pid": 2308657, "time": 1789682936.0623248, "cuda_visible_devices": "0", "allocated_gib": 5.225533962249756, "reserved_gib": 8.041015625, "peak_allocated_gib": 7.100478649139404, "gpu_time_budget": null, "module": "model.layers.21.mlp.down_proj", "step": 512}
{"stage": "sequential-round-coordinate", "pid": 2308657, "time": 1789682936.4914377, "cuda_visible_devices": "0", "allocated_gib": 5.225533962249756, "reserved_gib": 8.041015625, "peak_allocated_gib": 7.100478649139404, "gpu_time_budget": null, "module": "model.layers.21.mlp.down_proj", "step": 640}
{"stage": "sequential-round-coordinate", "pid": 2308657, "time": 1789682936.919594, "cuda_visible_devices": "0", "allocated_gib": 5.225533962249756, "reserved_gib": 8.041015625, "peak_allocated_gib": 7.100478649139404, "gpu_time_budget": null, "module": "model.layers.21.mlp.down_proj", "step": 768}
{"stage": "sequential-round-coordinate", "pid": 2308657, "time": 1789682937.3479178, "cuda_visible_devices": "0", "allocated_gib": 5.225533962249756, "reserved_gib": 8.041015625, "peak_allocated_gib": 7.100478649139404, "gpu_time_budget": null, "module": "model.layers.21.mlp.down_proj", "step": 896}
{"stage": "sequential-round-coordinate", "pid": 2308657, "time": 1789682937.7783556, "cuda_visible_devices": "0", "allocated_gib": 5.225533962249756, "reserved_gib": 8.041015625, "peak_allocated_gib": 7.100478649139404, "gpu_time_budget": null, "module": "model.layers.21.mlp.down_proj", "step": 1024}
{"stage": "sequential-round-coordinate", "pid": 2308657, "time": 1789682938.2096667, "cuda_visible_devices": "0", "allocated_gib": 5.225533962249756, "reserved_gib": 8.041015625, "peak_allocated_gib": 7.100478649139404, "gpu_time_budget": null, "module": "model.layers.21.mlp.down_proj", "step": 1152}
{"stage": "sequential-round-coordinate", "pid": 2308657, "time": 1789682938.6409295, "cuda_visible_devices": "0", "allocated_gib": 5.225533962249756, "reserved_gib": 8.041015625, "peak_allocated_gib": 7.100478649139404, "gpu_time_budget": null, "module": "model.layers.21.mlp.down_proj", "step": 1280}
{"stage": "sequential-round-coordinate", "pid": 2308657, "time": 1789682939.0726352, "cuda_visible_devices": "0", "allocated_gib": 5.225533962249756, "reserved_gib": 8.041015625, "peak_allocated_gib": 7.100478649139404, "gpu_time_budget": null, "module": "model.layers.21.mlp.down_proj", "step": 1408}
{"stage": "sequential-round-coordinate", "pid": 2308657, "time": 1789682939.5030427, "cuda_visible_devices": "0", "allocated_gib": 5.225533962249756, "reserved_gib": 8.041015625, "peak_allocated_gib": 7.100478649139404, "gpu_time_budget": null, "module": "model.layers.21.mlp.down_proj", "step": 1536}
{"stage": "sequential-round-coordinate", "pid": 2308657, "time": 1789682939.9350238, "cuda_visible_devices": "0", "allocated_gib": 5.225533962249756, "reserved_gib": 8.041015625, "peak_allocated_gib": 7.100478649139404, "gpu_time_budget": null, "module": "model.layers.21.mlp.down_proj", "step": 1664}
{"stage": "sequential-round-coordinate", "pid": 2308657, "time": 1789682940.3677957, "cuda_visible_devices": "0", "allocated_gib": 5.225533962249756, "reserved_gib": 8.041015625, "peak_allocated_gib": 7.100478649139404, "gpu_time_budget": null, "module": "model.layers.21.mlp.down_proj", "step": 1792}
{"stage": "sequential-round-coordinate", "pid": 2308657, "time": 1789682940.7991686, "cuda_visible_devices": "0", "allocated_gib": 5.225533962249756, "reserved_gib": 8.041015625, "peak_allocated_gib": 7.100478649139404, "gpu_time_budget": null, "module": "model.layers.21.mlp.down_proj", "step": 1920}
{"stage": "sequential-round-coordinate", "pid": 2308657, "time": 1789682941.315374, "cuda_visible_devices": "0", "allocated_gib": 5.225533962249756, "reserved_gib": 8.041015625, "peak_allocated_gib": 7.100478649139404, "gpu_time_budget": null, "module": "model.layers.21.mlp.down_proj", "step": 2048}
{"stage": "sequential-round-coordinate", "pid": 2308657, "time": 1789682941.7495725, "cuda_visible_devices": "0", "allocated_gib": 5.225533962249756, "reserved_gib": 8.041015625, "peak_allocated_gib": 7.100478649139404, "gpu_time_budget": null, "module": "model.layers.21.mlp.down_proj", "step": 2176}
{"stage": "sequential-round-coordinate", "pid": 2308657, "time": 1789682942.183796, "cuda_visible_devices": "0", "allocated_gib": 5.225533962249756, "reserved_gib": 8.041015625, "peak_allocated_gib": 7.100478649139404, "gpu_time_budget": null, "module": "model.layers.21.mlp.down_proj", "step": 2304}
{"stage": "sequential-round-coordinate", "pid": 2308657, "time": 1789682942.61512, "cuda_visible_devices": "0", "allocated_gib": 5.225533962249756, "reserved_gib": 8.041015625, "peak_allocated_gib": 7.100478649139404, "gpu_time_budget": null, "module": "model.layers.21.mlp.down_proj", "step": 2432}
{"stage": "sequential-round-coordinate", "pid": 2308657, "time": 1789682943.0434017, "cuda_visible_devices": "0", "allocated_gib": 5.225533962249756, "reserved_gib": 8.041015625, "peak_allocated_gib": 7.100478649139404, "gpu_time_budget": null, "module": "model.layers.21.mlp.down_proj", "step": 2560}
{"stage": "sequential-round-coordinate", "pid": 2308657, "time": 1789682943.4714565, "cuda_visible_devices": "0", "allocated_gib": 5.225533962249756, "reserved_gib": 8.041015625, "peak_allocated_gib": 7.100478649139404, "gpu_time_budget": null, "module": "model.layers.21.mlp.down_proj", "step": 2688}
{"stage": "sequential-round-coordinate", "pid": 2308657, "time": 1789682943.8993962, "cuda_visible_devices": "0", "allocated_gib": 5.225533962249756, "reserved_gib": 8.041015625, "peak_allocated_gib": 7.100478649139404, "gpu_time_budget": null, "module": "model.layers.21.mlp.down_proj", "step": 2816}
{"stage": "sequential-round-coordinate", "pid": 2308657, "time": 1789682944.3280485, "cuda_visible_devices": "0", "allocated_gib": 5.225533962249756, "reserved_gib": 8.041015625, "peak_allocated_gib": 7.100478649139404, "gpu_time_budget": null, "module": "model.layers.21.mlp.down_proj", "step": 2944}
{"stage": "sequential-round-coordinate", "pid": 2308657, "time": 1789682944.7594736, "cuda_visible_devices": "0", "allocated_gib": 5.225533962249756, "reserved_gib": 8.041015625, "peak_allocated_gib": 7.100478649139404, "gpu_time_budget": null, "module": "model.layers.21.mlp.down_proj", "step": 3072}
{"stage": "sequential-round-coordinate", "pid": 2308657, "time": 1789682945.1908634, "cuda_visible_devices": "0", "allocated_gib": 5.225533962249756, "reserved_gib": 8.041015625, "peak_allocated_gib": 7.100478649139404, "gpu_time_budget": null, "module": "model.layers.21.mlp.down_proj", "step": 3200}
{"stage": "sequential-round-coordinate", "pid": 2308657, "time": 1789682945.621212, "cuda_visible_devices": "0", "allocated_gib": 5.225533962249756, "reserved_gib": 8.041015625, "peak_allocated_gib": 7.100478649139404, "gpu_time_budget": null, "module": "model.layers.21.mlp.down_proj", "step": 3328}
{"stage": "sequential-round-coordinate", "pid": 2308657, "time": 1789682946.0616286, "cuda_visible_devices": "0", "allocated_gib": 5.225533962249756, "reserved_gib": 8.041015625, "peak_allocated_gib": 7.100478649139404, "gpu_time_budget": null, "module": "model.layers.21.mlp.down_proj", "step": 3456}
{"stage": "sequential-round-coordinate", "pid": 2308657, "time": 1789682946.49537, "cuda_visible_devices": "0", "allocated_gib": 5.225533962249756, "reserved_gib": 8.041015625, "peak_allocated_gib": 7.100478649139404, "gpu_time_budget": null, "module": "model.layers.21.mlp.down_proj", "step": 3584}
{"stage": "sequential-round-coordinate", "pid": 2308657, "time": 1789682946.9281526, "cuda_visible_devices": "0", "allocated_gib": 5.225533962249756, "reserved_gib": 8.041015625, "peak_allocated_gib": 7.100478649139404, "gpu_time_budget": null, "module": "model.layers.21.mlp.down_proj", "step": 3712}
{"stage": "sequential-round-coordinate", "pid": 2308657, "time": 1789682947.359402, "cuda_visible_devices": "0", "allocated_gib": 5.225533962249756, "reserved_gib": 8.041015625, "peak_allocated_gib": 7.100478649139404, "gpu_time_budget": null, "module": "model.layers.21.mlp.down_proj", "step": 3840}
{"stage": "sequential-round-coordinate", "pid": 2308657, "time": 1789682947.791829, "cuda_visible_devices": "0", "allocated_gib": 5.225533962249756, "reserved_gib": 8.041015625, "peak_allocated_gib": 7.100478649139404, "gpu_time_budget": null, "module": "model.layers.21.mlp.down_proj", "step": 3968}
{"stage": "sequential-round-coordinate", "pid": 2308657, "time": 1789682948.2240975, "cuda_visible_devices": "0", "allocated_gib": 5.225533962249756, "reserved_gib": 8.041015625, "peak_allocated_gib": 7.100478649139404, "gpu_time_budget": null, "module": "model.layers.21.mlp.down_proj", "step": 4096}
{"stage": "sequential-round-coordinate", "pid": 2308657, "time": 1789682948.6563685, "cuda_visible_devices": "0", "allocated_gib": 5.225533962249756, "reserved_gib": 8.041015625, "peak_allocated_gib": 7.100478649139404, "gpu_time_budget": null, "module": "model.layers.21.mlp.down_proj", "step": 4224}
{"stage": "sequential-round-coordinate", "pid": 2308657, "time": 1789682949.0896387, "cuda_visible_devices": "0", "allocated_gib": 5.225533962249756, "reserved_gib": 8.041015625, "peak_allocated_gib": 7.100478649139404, "gpu_time_budget": null, "module": "model.layers.21.mlp.down_proj", "step": 4352}
{"stage": "sequential-round-coordinate", "pid": 2308657, "time": 1789682949.5205984, "cuda_visible_devices": "0", "allocated_gib": 5.225533962249756, "reserved_gib": 8.041015625, "peak_allocated_gib": 7.100478649139404, "gpu_time_budget": null, "module": "model.layers.21.mlp.down_proj", "step": 4480}
{"stage": "sequential-round-coordinate", "pid": 2308657, "time": 1789682949.9506423, "cuda_visible_devices": "0", "allocated_gib": 5.225533962249756, "reserved_gib": 8.041015625, "peak_allocated_gib": 7.100478649139404, "gpu_time_budget": null, "module": "model.layers.21.mlp.down_proj", "step": 4608}
{"stage": "sequential-round-coordinate", "pid": 2308657, "time": 1789682950.3828769, "cuda_visible_devices": "0", "allocated_gib": 5.225533962249756, "reserved_gib": 8.041015625, "peak_allocated_gib": 7.100478649139404, "gpu_time_budget": null, "module": "model.layers.21.mlp.down_proj", "step": 4736}
{"stage": "sequential-round-coordinate", "pid": 2308657, "time": 1789682950.8155353, "cuda_visible_devices": "0", "allocated_gib": 5.225533962249756, "reserved_gib": 8.041015625, "peak_allocated_gib": 7.100478649139404, "gpu_time_budget": null, "module": "model.layers.21.mlp.down_proj", "step": 4864}
{"stage": "sequential-round-coordinate", "pid": 2308657, "time": 1789682951.2513182, "cuda_visible_devices": "0", "allocated_gib": 5.225533962249756, "reserved_gib": 8.041015625, "peak_allocated_gib": 7.100478649139404, "gpu_time_budget": null, "module": "model.layers.21.mlp.down_proj", "step": 4992}
{"stage": "sequential-round-coordinate", "pid": 2308657, "time": 1789682951.6823041, "cuda_visible_devices": "0", "allocated_gib": 5.225533962249756, "reserved_gib": 8.041015625, "peak_allocated_gib": 7.100478649139404, "gpu_time_budget": null, "module": "model.layers.21.mlp.down_proj", "step": 5120}
{"stage": "sequential-round-coordinate", "pid": 2308657, "time": 1789682952.1147835, "cuda_visible_devices": "0", "allocated_gib": 5.225533962249756, "reserved_gib": 8.041015625, "peak_allocated_gib": 7.100478649139404, "gpu_time_budget": null, "module": "model.layers.21.mlp.down_proj", "step": 5248}
{"stage": "sequential-round-coordinate", "pid": 2308657, "time": 1789682952.5469685, "cuda_visible_devices": "0", "allocated_gib": 5.225533962249756, "reserved_gib": 8.041015625, "peak_allocated_gib": 7.100478649139404, "gpu_time_budget": null, "module": "model.layers.21.mlp.down_proj", "step": 5376}
{"stage": "sequential-round-coordinate", "pid": 2308657, "time": 1789682952.979095, "cuda_visible_devices": "0", "allocated_gib": 5.225533962249756, "reserved_gib": 8.041015625, "peak_allocated_gib": 7.100478649139404, "gpu_time_budget": null, "module": "model.layers.21.mlp.down_proj", "step": 5504}
{"stage": "sequential-round-coordinate", "pid": 2308657, "time": 1789682953.4114225, "cuda_visible_devices": "0", "allocated_gib": 5.225533962249756, "reserved_gib": 8.041015625, "peak_allocated_gib": 7.100478649139404, "gpu_time_budget": null, "module": "model.layers.21.mlp.down_proj", "step": 5632}
{"stage": "sequential-round-coordinate", "pid": 2308657, "time": 1789682953.843733, "cuda_visible_devices": "0", "allocated_gib": 5.225533962249756, "reserved_gib": 8.041015625, "peak_allocated_gib": 7.100478649139404, "gpu_time_budget": null, "module": "model.layers.21.mlp.down_proj", "step": 5760}
{"stage": "sequential-round-coordinate", "pid": 2308657, "time": 1789682954.276435, "cuda_visible_devices": "0", "allocated_gib": 5.225533962249756, "reserved_gib": 8.041015625, "peak_allocated_gib": 7.100478649139404, "gpu_time_budget": null, "module": "model.layers.21.mlp.down_proj", "step": 5888}
{"stage": "sequential-round-coordinate", "pid": 2308657, "time": 1789682954.7063358, "cuda_visible_devices": "0", "allocated_gib": 5.225533962249756, "reserved_gib": 8.041015625, "peak_allocated_gib": 7.100478649139404, "gpu_time_budget": null, "module": "model.layers.21.mlp.down_proj", "step": 6016}
{"stage": "sequential-round-coordinate", "pid": 2308657, "time": 1789682955.1348436, "cuda_visible_devices": "0", "allocated_gib": 5.225533962249756, "reserved_gib": 8.041015625, "peak_allocated_gib": 7.100478649139404, "gpu_time_budget": null, "module": "model.layers.21.mlp.down_proj", "step": 6144}
{"stage": "sequential-round-coordinate", "pid": 2308657, "time": 1789682955.5638921, "cuda_visible_devices": "0", "allocated_gib": 5.225533962249756, "reserved_gib": 8.041015625, "peak_allocated_gib": 7.100478649139404, "gpu_time_budget": null, "module": "model.layers.21.mlp.down_proj", "step": 6272}
{"stage": "sequential-round-coordinate", "pid": 2308657, "time": 1789682955.9947877, "cuda_visible_devices": "0", "allocated_gib": 5.225533962249756, "reserved_gib": 8.041015625, "peak_allocated_gib": 7.100478649139404, "gpu_time_budget": null, "module": "model.layers.21.mlp.down_proj", "step": 6400}
{"stage": "sequential-round-coordinate", "pid": 2308657, "time": 1789682956.4254408, "cuda_visible_devices": "0", "allocated_gib": 5.225533962249756, "reserved_gib": 8.041015625, "peak_allocated_gib": 7.100478649139404, "gpu_time_budget": null, "module": "model.layers.21.mlp.down_proj", "step": 6528}
{"stage": "sequential-round-coordinate", "pid": 2308657, "time": 1789682956.8583715, "cuda_visible_devices": "0", "allocated_gib": 5.225533962249756, "reserved_gib": 8.041015625, "peak_allocated_gib": 7.100478649139404, "gpu_time_budget": null, "module": "model.layers.21.mlp.down_proj", "step": 6656}
{"stage": "sequential-round-coordinate", "pid": 2308657, "time": 1789682957.3054142, "cuda_visible_devices": "0", "allocated_gib": 5.225533962249756, "reserved_gib": 8.041015625, "peak_allocated_gib": 7.100478649139404, "gpu_time_budget": null, "module": "model.layers.21.mlp.down_proj", "step": 6784}
{"stage": "sequential-round-coordinate", "pid": 2308657, "time": 1789682957.7390623, "cuda_visible_devices": "0", "allocated_gib": 5.225533962249756, "reserved_gib": 8.041015625, "peak_allocated_gib": 7.100478649139404, "gpu_time_budget": null, "module": "model.layers.21.mlp.down_proj", "step": 6912}
{"stage": "sequential-round-coordinate", "pid": 2308657, "time": 1789682958.1731508, "cuda_visible_devices": "0", "allocated_gib": 5.225533962249756, "reserved_gib": 8.041015625, "peak_allocated_gib": 7.100478649139404, "gpu_time_budget": null, "module": "model.layers.21.mlp.down_proj", "step": 7040}
{"stage": "sequential-round-coordinate", "pid": 2308657, "time": 1789682958.6071308, "cuda_visible_devices": "0", "allocated_gib": 5.225533962249756, "reserved_gib": 8.041015625, "peak_allocated_gib": 7.100478649139404, "gpu_time_budget": null, "module": "model.layers.21.mlp.down_proj", "step": 7168}
{"stage": "sequential-round-coordinate", "pid": 2308657, "time": 1789682959.0419877, "cuda_visible_devices": "0", "allocated_gib": 5.225533962249756, "reserved_gib": 8.041015625, "peak_allocated_gib": 7.100478649139404, "gpu_time_budget": null, "module": "model.layers.21.mlp.down_proj", "step": 7296}
{"stage": "sequential-round-coordinate", "pid": 2308657, "time": 1789682959.475408, "cuda_visible_devices": "0", "allocated_gib": 5.225533962249756, "reserved_gib": 8.041015625, "peak_allocated_gib": 7.100478649139404, "gpu_time_budget": null, "module": "model.layers.21.mlp.down_proj", "step": 7424}
{"stage": "sequential-round-coordinate", "pid": 2308657, "time": 1789682959.9091415, "cuda_visible_devices": "0", "allocated_gib": 5.225533962249756, "reserved_gib": 8.041015625, "peak_allocated_gib": 7.100478649139404, "gpu_time_budget": null, "module": "model.layers.21.mlp.down_proj", "step": 7552}
{"stage": "sequential-round-coordinate", "pid": 2308657, "time": 1789682960.3430514, "cuda_visible_devices": "0", "allocated_gib": 5.225533962249756, "reserved_gib": 8.041015625, "peak_allocated_gib": 7.100478649139404, "gpu_time_budget": null, "module": "model.layers.21.mlp.down_proj", "step": 7680}
{"stage": "sequential-round-coordinate", "pid": 2308657, "time": 1789682960.7774618, "cuda_visible_devices": "0", "allocated_gib": 5.225533962249756, "reserved_gib": 8.041015625, "peak_allocated_gib": 7.100478649139404, "gpu_time_budget": null, "module": "model.layers.21.mlp.down_proj", "step": 7808}
{"stage": "sequential-round-coordinate", "pid": 2308657, "time": 1789682961.210766, "cuda_visible_devices": "0", "allocated_gib": 5.225533962249756, "reserved_gib": 8.041015625, "peak_allocated_gib": 7.100478649139404, "gpu_time_budget": null, "module": "model.layers.21.mlp.down_proj", "step": 7936}
{"stage": "sequential-round-coordinate", "pid": 2308657, "time": 1789682961.6444197, "cuda_visible_devices": "0", "allocated_gib": 5.225533962249756, "reserved_gib": 8.041015625, "peak_allocated_gib": 7.100478649139404, "gpu_time_budget": null, "module": "model.layers.21.mlp.down_proj", "step": 8064}
{"stage": "sequential-round-coordinate", "pid": 2308657, "time": 1789682962.1272736, "cuda_visible_devices": "0", "allocated_gib": 5.225533962249756, "reserved_gib": 8.041015625, "peak_allocated_gib": 7.100478649139404, "gpu_time_budget": null, "module": "model.layers.21.mlp.down_proj", "step": 8192}
{"stage": "sequential-round-train-nll", "pid": 2308657, "time": 1789682962.1698112, "cuda_visible_devices": "0", "allocated_gib": 3.795783519744873, "reserved_gib": 3.80078125, "peak_allocated_gib": 7.100478649139404, "gpu_time_budget": null, "module": "model.layers.21.mlp.down_proj", "step": 512}
Evaluation segment 1/1: start=0, windows=8, seqlen=2048
{"stage": "sequential-round-train-nll", "pid": 2308657, "time": 1789682963.9252453, "cuda_visible_devices": "0", "allocated_gib": 3.795783519744873, "reserved_gib": 5.791015625, "peak_allocated_gib": 7.100478649139404, "gpu_time_budget": null, "module": "model.layers.21.mlp.down_proj", "step": 2048}
Evaluation segment 1/1: start=0, windows=8, seqlen=2048
{"stage": "sequential-round-train-nll", "pid": 2308657, "time": 1789682965.6943552, "cuda_visible_devices": "0", "allocated_gib": 3.795783519744873, "reserved_gib": 5.791015625, "peak_allocated_gib": 7.100478649139404, "gpu_time_budget": null, "module": "model.layers.21.mlp.down_proj", "step": 8192}
Evaluation segment 1/1: start=0, windows=8, seqlen=2048
{"stage": "sequential-module-completed", "pid": 2308657, "time": 1789682967.6989434, "cuda_visible_devices": "0", "allocated_gib": 3.795783519744873, "reserved_gib": 5.791015625, "peak_allocated_gib": 7.100478649139404, "gpu_time_budget": null, "module": "model.layers.21.mlp.down_proj", "completed": 22, "total": 28, "selected_train_nll": 3.0229020200257315, "elapsed_seconds": 737.5718726780033}
{"stage": "sequential-round-fit", "pid": 2308657, "time": 1789682970.1120088, "cuda_visible_devices": "0", "allocated_gib": 3.795783519744873, "reserved_gib": 5.791015625, "peak_allocated_gib": 7.100478649139404, "gpu_time_budget": null, "module": "model.layers.22.mlp.down_proj", "fit_rows": 49152, "heldout_rows": 16384}
{"stage": "sequential-round-coordinate", "pid": 2308657, "time": 1789682970.7708066, "cuda_visible_devices": "0", "allocated_gib": 5.225533962249756, "reserved_gib": 8.041015625, "peak_allocated_gib": 7.100478649139404, "gpu_time_budget": null, "module": "model.layers.22.mlp.down_proj", "step": 128}
{"stage": "sequential-round-coordinate", "pid": 2308657, "time": 1789682971.2042704, "cuda_visible_devices": "0", "allocated_gib": 5.225533962249756, "reserved_gib": 8.041015625, "peak_allocated_gib": 7.100478649139404, "gpu_time_budget": null, "module": "model.layers.22.mlp.down_proj", "step": 256}
{"stage": "sequential-round-coordinate", "pid": 2308657, "time": 1789682971.6370769, "cuda_visible_devices": "0", "allocated_gib": 5.225533962249756, "reserved_gib": 8.041015625, "peak_allocated_gib": 7.100478649139404, "gpu_time_budget": null, "module": "model.layers.22.mlp.down_proj", "step": 384}
{"stage": "sequential-round-coordinate", "pid": 2308657, "time": 1789682972.118891, "cuda_visible_devices": "0", "allocated_gib": 5.225533962249756, "reserved_gib": 8.041015625, "peak_allocated_gib": 7.100478649139404, "gpu_time_budget": null, "module": "model.layers.22.mlp.down_proj", "step": 512}
{"stage": "sequential-round-coordinate", "pid": 2308657, "time": 1789682972.552437, "cuda_visible_devices": "0", "allocated_gib": 5.225533962249756, "reserved_gib": 8.041015625, "peak_allocated_gib": 7.100478649139404, "gpu_time_budget": null, "module": "model.layers.22.mlp.down_proj", "step": 640}
{"stage": "sequential-round-coordinate", "pid": 2308657, "time": 1789682972.9850519, "cuda_visible_devices": "0", "allocated_gib": 5.225533962249756, "reserved_gib": 8.041015625, "peak_allocated_gib": 7.100478649139404, "gpu_time_budget": null, "module": "model.layers.22.mlp.down_proj", "step": 768}
{"stage": "sequential-round-coordinate", "pid": 2308657, "time": 1789682973.4179728, "cuda_visible_devices": "0", "allocated_gib": 5.225533962249756, "reserved_gib": 8.041015625, "peak_allocated_gib": 7.100478649139404, "gpu_time_budget": null, "module": "model.layers.22.mlp.down_proj", "step": 896}
{"stage": "sequential-round-coordinate", "pid": 2308657, "time": 1789682973.8561378, "cuda_visible_devices": "0", "allocated_gib": 5.225533962249756, "reserved_gib": 8.041015625, "peak_allocated_gib": 7.100478649139404, "gpu_time_budget": null, "module": "model.layers.22.mlp.down_proj", "step": 1024}
{"stage": "sequential-round-coordinate", "pid": 2308657, "time": 1789682974.2894003, "cuda_visible_devices": "0", "allocated_gib": 5.225533962249756, "reserved_gib": 8.041015625, "peak_allocated_gib": 7.100478649139404, "gpu_time_budget": null, "module": "model.layers.22.mlp.down_proj", "step": 1152}
{"stage": "sequential-round-coordinate", "pid": 2308657, "time": 1789682974.7228367, "cuda_visible_devices": "0", "allocated_gib": 5.225533962249756, "reserved_gib": 8.041015625, "peak_allocated_gib": 7.100478649139404, "gpu_time_budget": null, "module": "model.layers.22.mlp.down_proj", "step": 1280}
{"stage": "sequential-round-coordinate", "pid": 2308657, "time": 1789682975.1563904, "cuda_visible_devices": "0", "allocated_gib": 5.225533962249756, "reserved_gib": 8.041015625, "peak_allocated_gib": 7.100478649139404, "gpu_time_budget": null, "module": "model.layers.22.mlp.down_proj", "step": 1408}
{"stage": "sequential-round-coordinate", "pid": 2308657, "time": 1789682975.5872045, "cuda_visible_devices": "0", "allocated_gib": 5.225533962249756, "reserved_gib": 8.041015625, "peak_allocated_gib": 7.100478649139404, "gpu_time_budget": null, "module": "model.layers.22.mlp.down_proj", "step": 1536}
{"stage": "sequential-round-coordinate", "pid": 2308657, "time": 1789682976.0217292, "cuda_visible_devices": "0", "allocated_gib": 5.225533962249756, "reserved_gib": 8.041015625, "peak_allocated_gib": 7.100478649139404, "gpu_time_budget": null, "module": "model.layers.22.mlp.down_proj", "step": 1664}
{"stage": "sequential-round-coordinate", "pid": 2308657, "time": 1789682976.4552372, "cuda_visible_devices": "0", "allocated_gib": 5.225533962249756, "reserved_gib": 8.041015625, "peak_allocated_gib": 7.100478649139404, "gpu_time_budget": null, "module": "model.layers.22.mlp.down_proj", "step": 1792}
{"stage": "sequential-round-coordinate", "pid": 2308657, "time": 1789682976.8882053, "cuda_visible_devices": "0", "allocated_gib": 5.225533962249756, "reserved_gib": 8.041015625, "peak_allocated_gib": 7.100478649139404, "gpu_time_budget": null, "module": "model.layers.22.mlp.down_proj", "step": 1920}
{"stage": "sequential-round-coordinate", "pid": 2308657, "time": 1789682977.3670118, "cuda_visible_devices": "0", "allocated_gib": 5.225533962249756, "reserved_gib": 8.041015625, "peak_allocated_gib": 7.100478649139404, "gpu_time_budget": null, "module": "model.layers.22.mlp.down_proj", "step": 2048}
{"stage": "sequential-round-coordinate", "pid": 2308657, "time": 1789682977.8013382, "cuda_visible_devices": "0", "allocated_gib": 5.225533962249756, "reserved_gib": 8.041015625, "peak_allocated_gib": 7.100478649139404, "gpu_time_budget": null, "module": "model.layers.22.mlp.down_proj", "step": 2176}
{"stage": "sequential-round-coordinate", "pid": 2308657, "time": 1789682978.23501, "cuda_visible_devices": "0", "allocated_gib": 5.225533962249756, "reserved_gib": 8.041015625, "peak_allocated_gib": 7.100478649139404, "gpu_time_budget": null, "module": "model.layers.22.mlp.down_proj", "step": 2304}
{"stage": "sequential-round-coordinate", "pid": 2308657, "time": 1789682978.6688905, "cuda_visible_devices": "0", "allocated_gib": 5.225533962249756, "reserved_gib": 8.041015625, "peak_allocated_gib": 7.100478649139404, "gpu_time_budget": null, "module": "model.layers.22.mlp.down_proj", "step": 2432}
{"stage": "sequential-round-coordinate", "pid": 2308657, "time": 1789682979.1035562, "cuda_visible_devices": "0", "allocated_gib": 5.225533962249756, "reserved_gib": 8.041015625, "peak_allocated_gib": 7.100478649139404, "gpu_time_budget": null, "module": "model.layers.22.mlp.down_proj", "step": 2560}
{"stage": "sequential-round-coordinate", "pid": 2308657, "time": 1789682979.5375047, "cuda_visible_devices": "0", "allocated_gib": 5.225533962249756, "reserved_gib": 8.041015625, "peak_allocated_gib": 7.100478649139404, "gpu_time_budget": null, "module": "model.layers.22.mlp.down_proj", "step": 2688}
{"stage": "sequential-round-coordinate", "pid": 2308657, "time": 1789682979.9726617, "cuda_visible_devices": "0", "allocated_gib": 5.225533962249756, "reserved_gib": 8.041015625, "peak_allocated_gib": 7.100478649139404, "gpu_time_budget": null, "module": "model.layers.22.mlp.down_proj", "step": 2816}
{"stage": "sequential-round-coordinate", "pid": 2308657, "time": 1789682980.406697, "cuda_visible_devices": "0", "allocated_gib": 5.225533962249756, "reserved_gib": 8.041015625, "peak_allocated_gib": 7.100478649139404, "gpu_time_budget": null, "module": "model.layers.22.mlp.down_proj", "step": 2944}
{"stage": "sequential-round-coordinate", "pid": 2308657, "time": 1789682980.839913, "cuda_visible_devices": "0", "allocated_gib": 5.225533962249756, "reserved_gib": 8.041015625, "peak_allocated_gib": 7.100478649139404, "gpu_time_budget": null, "module": "model.layers.22.mlp.down_proj", "step": 3072}
{"stage": "sequential-round-coordinate", "pid": 2308657, "time": 1789682981.2759767, "cuda_visible_devices": "0", "allocated_gib": 5.225533962249756, "reserved_gib": 8.041015625, "peak_allocated_gib": 7.100478649139404, "gpu_time_budget": null, "module": "model.layers.22.mlp.down_proj", "step": 3200}
{"stage": "sequential-round-coordinate", "pid": 2308657, "time": 1789682981.7099106, "cuda_visible_devices": "0", "allocated_gib": 5.225533962249756, "reserved_gib": 8.041015625, "peak_allocated_gib": 7.100478649139404, "gpu_time_budget": null, "module": "model.layers.22.mlp.down_proj", "step": 3328}
{"stage": "sequential-round-coordinate", "pid": 2308657, "time": 1789682982.1444154, "cuda_visible_devices": "0", "allocated_gib": 5.225533962249756, "reserved_gib": 8.041015625, "peak_allocated_gib": 7.100478649139404, "gpu_time_budget": null, "module": "model.layers.22.mlp.down_proj", "step": 3456}
{"stage": "sequential-round-coordinate", "pid": 2308657, "time": 1789682982.5778556, "cuda_visible_devices": "0", "allocated_gib": 5.225533962249756, "reserved_gib": 8.041015625, "peak_allocated_gib": 7.100478649139404, "gpu_time_budget": null, "module": "model.layers.22.mlp.down_proj", "step": 3584}
{"stage": "sequential-round-coordinate", "pid": 2308657, "time": 1789682983.0110998, "cuda_visible_devices": "0", "allocated_gib": 5.225533962249756, "reserved_gib": 8.041015625, "peak_allocated_gib": 7.100478649139404, "gpu_time_budget": null, "module": "model.layers.22.mlp.down_proj", "step": 3712}
{"stage": "sequential-round-coordinate", "pid": 2308657, "time": 1789682983.4446273, "cuda_visible_devices": "0", "allocated_gib": 5.225533962249756, "reserved_gib": 8.041015625, "peak_allocated_gib": 7.100478649139404, "gpu_time_budget": null, "module": "model.layers.22.mlp.down_proj", "step": 3840}
{"stage": "sequential-round-coordinate", "pid": 2308657, "time": 1789682983.8781428, "cuda_visible_devices": "0", "allocated_gib": 5.225533962249756, "reserved_gib": 8.041015625, "peak_allocated_gib": 7.100478649139404, "gpu_time_budget": null, "module": "model.layers.22.mlp.down_proj", "step": 3968}
{"stage": "sequential-round-coordinate", "pid": 2308657, "time": 1789682984.3148353, "cuda_visible_devices": "0", "allocated_gib": 5.225533962249756, "reserved_gib": 8.041015625, "peak_allocated_gib": 7.100478649139404, "gpu_time_budget": null, "module": "model.layers.22.mlp.down_proj", "step": 4096}
{"stage": "sequential-round-coordinate", "pid": 2308657, "time": 1789682984.7493477, "cuda_visible_devices": "0", "allocated_gib": 5.225533962249756, "reserved_gib": 8.041015625, "peak_allocated_gib": 7.100478649139404, "gpu_time_budget": null, "module": "model.layers.22.mlp.down_proj", "step": 4224}
{"stage": "sequential-round-coordinate", "pid": 2308657, "time": 1789682985.182712, "cuda_visible_devices": "0", "allocated_gib": 5.225533962249756, "reserved_gib": 8.041015625, "peak_allocated_gib": 7.100478649139404, "gpu_time_budget": null, "module": "model.layers.22.mlp.down_proj", "step": 4352}
{"stage": "sequential-round-coordinate", "pid": 2308657, "time": 1789682985.61392, "cuda_visible_devices": "0", "allocated_gib": 5.225533962249756, "reserved_gib": 8.041015625, "peak_allocated_gib": 7.100478649139404, "gpu_time_budget": null, "module": "model.layers.22.mlp.down_proj", "step": 4480}
{"stage": "sequential-round-coordinate", "pid": 2308657, "time": 1789682986.0427272, "cuda_visible_devices": "0", "allocated_gib": 5.225533962249756, "reserved_gib": 8.041015625, "peak_allocated_gib": 7.100478649139404, "gpu_time_budget": null, "module": "model.layers.22.mlp.down_proj", "step": 4608}
{"stage": "sequential-round-coordinate", "pid": 2308657, "time": 1789682986.4736676, "cuda_visible_devices": "0", "allocated_gib": 5.225533962249756, "reserved_gib": 8.041015625, "peak_allocated_gib": 7.100478649139404, "gpu_time_budget": null, "module": "model.layers.22.mlp.down_proj", "step": 4736}
{"stage": "sequential-round-coordinate", "pid": 2308657, "time": 1789682986.9052503, "cuda_visible_devices": "0", "allocated_gib": 5.225533962249756, "reserved_gib": 8.041015625, "peak_allocated_gib": 7.100478649139404, "gpu_time_budget": null, "module": "model.layers.22.mlp.down_proj", "step": 4864}
{"stage": "sequential-round-coordinate", "pid": 2308657, "time": 1789682987.3343682, "cuda_visible_devices": "0", "allocated_gib": 5.225533962249756, "reserved_gib": 8.041015625, "peak_allocated_gib": 7.100478649139404, "gpu_time_budget": null, "module": "model.layers.22.mlp.down_proj", "step": 4992}
{"stage": "sequential-round-coordinate", "pid": 2308657, "time": 1789682987.7637055, "cuda_visible_devices": "0", "allocated_gib": 5.225533962249756, "reserved_gib": 8.041015625, "peak_allocated_gib": 7.100478649139404, "gpu_time_budget": null, "module": "model.layers.22.mlp.down_proj", "step": 5120}
{"stage": "sequential-round-coordinate", "pid": 2308657, "time": 1789682988.1933928, "cuda_visible_devices": "0", "allocated_gib": 5.225533962249756, "reserved_gib": 8.041015625, "peak_allocated_gib": 7.100478649139404, "gpu_time_budget": null, "module": "model.layers.22.mlp.down_proj", "step": 5248}
{"stage": "sequential-round-coordinate", "pid": 2308657, "time": 1789682988.6242757, "cuda_visible_devices": "0", "allocated_gib": 5.225533962249756, "reserved_gib": 8.041015625, "peak_allocated_gib": 7.100478649139404, "gpu_time_budget": null, "module": "model.layers.22.mlp.down_proj", "step": 5376}
{"stage": "sequential-round-coordinate", "pid": 2308657, "time": 1789682989.053854, "cuda_visible_devices": "0", "allocated_gib": 5.225533962249756, "reserved_gib": 8.041015625, "peak_allocated_gib": 7.100478649139404, "gpu_time_budget": null, "module": "model.layers.22.mlp.down_proj", "step": 5504}
{"stage": "sequential-round-coordinate", "pid": 2308657, "time": 1789682989.4835715, "cuda_visible_devices": "0", "allocated_gib": 5.225533962249756, "reserved_gib": 8.041015625, "peak_allocated_gib": 7.100478649139404, "gpu_time_budget": null, "module": "model.layers.22.mlp.down_proj", "step": 5632}
{"stage": "sequential-round-coordinate", "pid": 2308657, "time": 1789682989.913499, "cuda_visible_devices": "0", "allocated_gib": 5.225533962249756, "reserved_gib": 8.041015625, "peak_allocated_gib": 7.100478649139404, "gpu_time_budget": null, "module": "model.layers.22.mlp.down_proj", "step": 5760}
{"stage": "sequential-round-coordinate", "pid": 2308657, "time": 1789682990.3428097, "cuda_visible_devices": "0", "allocated_gib": 5.225533962249756, "reserved_gib": 8.041015625, "peak_allocated_gib": 7.100478649139404, "gpu_time_budget": null, "module": "model.layers.22.mlp.down_proj", "step": 5888}
{"stage": "sequential-round-coordinate", "pid": 2308657, "time": 1789682990.7718492, "cuda_visible_devices": "0", "allocated_gib": 5.225533962249756, "reserved_gib": 8.041015625, "peak_allocated_gib": 7.100478649139404, "gpu_time_budget": null, "module": "model.layers.22.mlp.down_proj", "step": 6016}
{"stage": "sequential-round-coordinate", "pid": 2308657, "time": 1789682991.2001824, "cuda_visible_devices": "0", "allocated_gib": 5.225533962249756, "reserved_gib": 8.041015625, "peak_allocated_gib": 7.100478649139404, "gpu_time_budget": null, "module": "model.layers.22.mlp.down_proj", "step": 6144}
{"stage": "sequential-round-coordinate", "pid": 2308657, "time": 1789682991.6299512, "cuda_visible_devices": "0", "allocated_gib": 5.225533962249756, "reserved_gib": 8.041015625, "peak_allocated_gib": 7.100478649139404, "gpu_time_budget": null, "module": "model.layers.22.mlp.down_proj", "step": 6272}
{"stage": "sequential-round-coordinate", "pid": 2308657, "time": 1789682992.059189, "cuda_visible_devices": "0", "allocated_gib": 5.225533962249756, "reserved_gib": 8.041015625, "peak_allocated_gib": 7.100478649139404, "gpu_time_budget": null, "module": "model.layers.22.mlp.down_proj", "step": 6400}
{"stage": "sequential-round-coordinate", "pid": 2308657, "time": 1789682992.4887128, "cuda_visible_devices": "0", "allocated_gib": 5.225533962249756, "reserved_gib": 8.041015625, "peak_allocated_gib": 7.100478649139404, "gpu_time_budget": null, "module": "model.layers.22.mlp.down_proj", "step": 6528}
{"stage": "sequential-round-coordinate", "pid": 2308657, "time": 1789682992.917026, "cuda_visible_devices": "0", "allocated_gib": 5.225533962249756, "reserved_gib": 8.041015625, "peak_allocated_gib": 7.100478649139404, "gpu_time_budget": null, "module": "model.layers.22.mlp.down_proj", "step": 6656}
{"stage": "sequential-round-coordinate", "pid": 2308657, "time": 1789682993.3466482, "cuda_visible_devices": "0", "allocated_gib": 5.225533962249756, "reserved_gib": 8.041015625, "peak_allocated_gib": 7.100478649139404, "gpu_time_budget": null, "module": "model.layers.22.mlp.down_proj", "step": 6784}
{"stage": "sequential-round-coordinate", "pid": 2308657, "time": 1789682993.7751365, "cuda_visible_devices": "0", "allocated_gib": 5.225533962249756, "reserved_gib": 8.041015625, "peak_allocated_gib": 7.100478649139404, "gpu_time_budget": null, "module": "model.layers.22.mlp.down_proj", "step": 6912}
{"stage": "sequential-round-coordinate", "pid": 2308657, "time": 1789682994.2037828, "cuda_visible_devices": "0", "allocated_gib": 5.225533962249756, "reserved_gib": 8.041015625, "peak_allocated_gib": 7.100478649139404, "gpu_time_budget": null, "module": "model.layers.22.mlp.down_proj", "step": 7040}
{"stage": "sequential-round-coordinate", "pid": 2308657, "time": 1789682994.633276, "cuda_visible_devices": "0", "allocated_gib": 5.225533962249756, "reserved_gib": 8.041015625, "peak_allocated_gib": 7.100478649139404, "gpu_time_budget": null, "module": "model.layers.22.mlp.down_proj", "step": 7168}
{"stage": "sequential-round-coordinate", "pid": 2308657, "time": 1789682995.062648, "cuda_visible_devices": "0", "allocated_gib": 5.225533962249756, "reserved_gib": 8.041015625, "peak_allocated_gib": 7.100478649139404, "gpu_time_budget": null, "module": "model.layers.22.mlp.down_proj", "step": 7296}
{"stage": "sequential-round-coordinate", "pid": 2308657, "time": 1789682995.495913, "cuda_visible_devices": "0", "allocated_gib": 5.225533962249756, "reserved_gib": 8.041015625, "peak_allocated_gib": 7.100478649139404, "gpu_time_budget": null, "module": "model.layers.22.mlp.down_proj", "step": 7424}
{"stage": "sequential-round-coordinate", "pid": 2308657, "time": 1789682995.9259558, "cuda_visible_devices": "0", "allocated_gib": 5.225533962249756, "reserved_gib": 8.041015625, "peak_allocated_gib": 7.100478649139404, "gpu_time_budget": null, "module": "model.layers.22.mlp.down_proj", "step": 7552}
{"stage": "sequential-round-coordinate", "pid": 2308657, "time": 1789682996.3565104, "cuda_visible_devices": "0", "allocated_gib": 5.225533962249756, "reserved_gib": 8.041015625, "peak_allocated_gib": 7.100478649139404, "gpu_time_budget": null, "module": "model.layers.22.mlp.down_proj", "step": 7680}
{"stage": "sequential-round-coordinate", "pid": 2308657, "time": 1789682996.7890508, "cuda_visible_devices": "0", "allocated_gib": 5.225533962249756, "reserved_gib": 8.041015625, "peak_allocated_gib": 7.100478649139404, "gpu_time_budget": null, "module": "model.layers.22.mlp.down_proj", "step": 7808}
{"stage": "sequential-round-coordinate", "pid": 2308657, "time": 1789682997.2196295, "cuda_visible_devices": "0", "allocated_gib": 5.225533962249756, "reserved_gib": 8.041015625, "peak_allocated_gib": 7.100478649139404, "gpu_time_budget": null, "module": "model.layers.22.mlp.down_proj", "step": 7936}
{"stage": "sequential-round-coordinate", "pid": 2308657, "time": 1789682997.6508403, "cuda_visible_devices": "0", "allocated_gib": 5.225533962249756, "reserved_gib": 8.041015625, "peak_allocated_gib": 7.100478649139404, "gpu_time_budget": null, "module": "model.layers.22.mlp.down_proj", "step": 8064}
{"stage": "sequential-round-coordinate", "pid": 2308657, "time": 1789682998.128585, "cuda_visible_devices": "0", "allocated_gib": 5.225533962249756, "reserved_gib": 8.041015625, "peak_allocated_gib": 7.100478649139404, "gpu_time_budget": null, "module": "model.layers.22.mlp.down_proj", "step": 8192}
{"stage": "sequential-round-train-nll", "pid": 2308657, "time": 1789682998.1725087, "cuda_visible_devices": "0", "allocated_gib": 3.795783519744873, "reserved_gib": 3.80078125, "peak_allocated_gib": 7.100478649139404, "gpu_time_budget": null, "module": "model.layers.22.mlp.down_proj", "step": 512}
Evaluation segment 1/1: start=0, windows=8, seqlen=2048
{"stage": "sequential-round-train-nll", "pid": 2308657, "time": 1789682999.8745372, "cuda_visible_devices": "0", "allocated_gib": 3.795783519744873, "reserved_gib": 5.791015625, "peak_allocated_gib": 7.100478649139404, "gpu_time_budget": null, "module": "model.layers.22.mlp.down_proj", "step": 2048}
Evaluation segment 1/1: start=0, windows=8, seqlen=2048
{"stage": "sequential-round-train-nll", "pid": 2308657, "time": 1789683001.5650508, "cuda_visible_devices": "0", "allocated_gib": 3.795783519744873, "reserved_gib": 5.791015625, "peak_allocated_gib": 7.100478649139404, "gpu_time_budget": null, "module": "model.layers.22.mlp.down_proj", "step": 8192}
Evaluation segment 1/1: start=0, windows=8, seqlen=2048
{"stage": "sequential-module-completed", "pid": 2308657, "time": 1789683003.4685833, "cuda_visible_devices": "0", "allocated_gib": 3.795783519744873, "reserved_gib": 5.791015625, "peak_allocated_gib": 7.100478649139404, "gpu_time_budget": null, "module": "model.layers.22.mlp.down_proj", "completed": 23, "total": 28, "selected_train_nll": 3.022355583998529, "elapsed_seconds": 773.3415143290767}
{"stage": "sequential-round-fit", "pid": 2308657, "time": 1789683005.8950994, "cuda_visible_devices": "0", "allocated_gib": 3.795783519744873, "reserved_gib": 5.791015625, "peak_allocated_gib": 7.100478649139404, "gpu_time_budget": null, "module": "model.layers.23.mlp.down_proj", "fit_rows": 49152, "heldout_rows": 16384}
{"stage": "sequential-round-coordinate", "pid": 2308657, "time": 1789683006.540334, "cuda_visible_devices": "0", "allocated_gib": 5.225533962249756, "reserved_gib": 8.041015625, "peak_allocated_gib": 7.100478649139404, "gpu_time_budget": null, "module": "model.layers.23.mlp.down_proj", "step": 128}
{"stage": "sequential-round-coordinate", "pid": 2308657, "time": 1789683006.9718182, "cuda_visible_devices": "0", "allocated_gib": 5.225533962249756, "reserved_gib": 8.041015625, "peak_allocated_gib": 7.100478649139404, "gpu_time_budget": null, "module": "model.layers.23.mlp.down_proj", "step": 256}
{"stage": "sequential-round-coordinate", "pid": 2308657, "time": 1789683007.4039965, "cuda_visible_devices": "0", "allocated_gib": 5.225533962249756, "reserved_gib": 8.041015625, "peak_allocated_gib": 7.100478649139404, "gpu_time_budget": null, "module": "model.layers.23.mlp.down_proj", "step": 384}
{"stage": "sequential-round-coordinate", "pid": 2308657, "time": 1789683007.877045, "cuda_visible_devices": "0", "allocated_gib": 5.225533962249756, "reserved_gib": 8.041015625, "peak_allocated_gib": 7.100478649139404, "gpu_time_budget": null, "module": "model.layers.23.mlp.down_proj", "step": 512}
{"stage": "sequential-round-coordinate", "pid": 2308657, "time": 1789683008.311128, "cuda_visible_devices": "0", "allocated_gib": 5.225533962249756, "reserved_gib": 8.041015625, "peak_allocated_gib": 7.100478649139404, "gpu_time_budget": null, "module": "model.layers.23.mlp.down_proj", "step": 640}
{"stage": "sequential-round-coordinate", "pid": 2308657, "time": 1789683008.7429948, "cuda_visible_devices": "0", "allocated_gib": 5.225533962249756, "reserved_gib": 8.041015625, "peak_allocated_gib": 7.100478649139404, "gpu_time_budget": null, "module": "model.layers.23.mlp.down_proj", "step": 768}
{"stage": "sequential-round-coordinate", "pid": 2308657, "time": 1789683009.1738522, "cuda_visible_devices": "0", "allocated_gib": 5.225533962249756, "reserved_gib": 8.041015625, "peak_allocated_gib": 7.100478649139404, "gpu_time_budget": null, "module": "model.layers.23.mlp.down_proj", "step": 896}
{"stage": "sequential-round-coordinate", "pid": 2308657, "time": 1789683009.6090837, "cuda_visible_devices": "0", "allocated_gib": 5.225533962249756, "reserved_gib": 8.041015625, "peak_allocated_gib": 7.100478649139404, "gpu_time_budget": null, "module": "model.layers.23.mlp.down_proj", "step": 1024}
{"stage": "sequential-round-coordinate", "pid": 2308657, "time": 1789683010.0398893, "cuda_visible_devices": "0", "allocated_gib": 5.225533962249756, "reserved_gib": 8.041015625, "peak_allocated_gib": 7.100478649139404, "gpu_time_budget": null, "module": "model.layers.23.mlp.down_proj", "step": 1152}
{"stage": "sequential-round-coordinate", "pid": 2308657, "time": 1789683010.4727306, "cuda_visible_devices": "0", "allocated_gib": 5.225533962249756, "reserved_gib": 8.041015625, "peak_allocated_gib": 7.100478649139404, "gpu_time_budget": null, "module": "model.layers.23.mlp.down_proj", "step": 1280}
{"stage": "sequential-round-coordinate", "pid": 2308657, "time": 1789683010.9022186, "cuda_visible_devices": "0", "allocated_gib": 5.225533962249756, "reserved_gib": 8.041015625, "peak_allocated_gib": 7.100478649139404, "gpu_time_budget": null, "module": "model.layers.23.mlp.down_proj", "step": 1408}
{"stage": "sequential-round-coordinate", "pid": 2308657, "time": 1789683011.3307595, "cuda_visible_devices": "0", "allocated_gib": 5.225533962249756, "reserved_gib": 8.041015625, "peak_allocated_gib": 7.100478649139404, "gpu_time_budget": null, "module": "model.layers.23.mlp.down_proj", "step": 1536}
{"stage": "sequential-round-coordinate", "pid": 2308657, "time": 1789683011.759733, "cuda_visible_devices": "0", "allocated_gib": 5.225533962249756, "reserved_gib": 8.041015625, "peak_allocated_gib": 7.100478649139404, "gpu_time_budget": null, "module": "model.layers.23.mlp.down_proj", "step": 1664}
{"stage": "sequential-round-coordinate", "pid": 2308657, "time": 1789683012.1882007, "cuda_visible_devices": "0", "allocated_gib": 5.225533962249756, "reserved_gib": 8.041015625, "peak_allocated_gib": 7.100478649139404, "gpu_time_budget": null, "module": "model.layers.23.mlp.down_proj", "step": 1792}
{"stage": "sequential-round-coordinate", "pid": 2308657, "time": 1789683012.6180844, "cuda_visible_devices": "0", "allocated_gib": 5.225533962249756, "reserved_gib": 8.041015625, "peak_allocated_gib": 7.100478649139404, "gpu_time_budget": null, "module": "model.layers.23.mlp.down_proj", "step": 1920}
{"stage": "sequential-round-coordinate", "pid": 2308657, "time": 1789683013.0931225, "cuda_visible_devices": "0", "allocated_gib": 5.225533962249756, "reserved_gib": 8.041015625, "peak_allocated_gib": 7.100478649139404, "gpu_time_budget": null, "module": "model.layers.23.mlp.down_proj", "step": 2048}
{"stage": "sequential-round-coordinate", "pid": 2308657, "time": 1789683013.525788, "cuda_visible_devices": "0", "allocated_gib": 5.225533962249756, "reserved_gib": 8.041015625, "peak_allocated_gib": 7.100478649139404, "gpu_time_budget": null, "module": "model.layers.23.mlp.down_proj", "step": 2176}
{"stage": "sequential-round-coordinate", "pid": 2308657, "time": 1789683013.9615042, "cuda_visible_devices": "0", "allocated_gib": 5.225533962249756, "reserved_gib": 8.041015625, "peak_allocated_gib": 7.100478649139404, "gpu_time_budget": null, "module": "model.layers.23.mlp.down_proj", "step": 2304}
{"stage": "sequential-round-coordinate", "pid": 2308657, "time": 1789683014.3942893, "cuda_visible_devices": "0", "allocated_gib": 5.225533962249756, "reserved_gib": 8.041015625, "peak_allocated_gib": 7.100478649139404, "gpu_time_budget": null, "module": "model.layers.23.mlp.down_proj", "step": 2432}
{"stage": "sequential-round-coordinate", "pid": 2308657, "time": 1789683014.8271987, "cuda_visible_devices": "0", "allocated_gib": 5.225533962249756, "reserved_gib": 8.041015625, "peak_allocated_gib": 7.100478649139404, "gpu_time_budget": null, "module": "model.layers.23.mlp.down_proj", "step": 2560}
{"stage": "sequential-round-coordinate", "pid": 2308657, "time": 1789683015.2607539, "cuda_visible_devices": "0", "allocated_gib": 5.225533962249756, "reserved_gib": 8.041015625, "peak_allocated_gib": 7.100478649139404, "gpu_time_budget": null, "module": "model.layers.23.mlp.down_proj", "step": 2688}
{"stage": "sequential-round-coordinate", "pid": 2308657, "time": 1789683015.6930761, "cuda_visible_devices": "0", "allocated_gib": 5.225533962249756, "reserved_gib": 8.041015625, "peak_allocated_gib": 7.100478649139404, "gpu_time_budget": null, "module": "model.layers.23.mlp.down_proj", "step": 2816}
{"stage": "sequential-round-coordinate", "pid": 2308657, "time": 1789683016.1268706, "cuda_visible_devices": "0", "allocated_gib": 5.225533962249756, "reserved_gib": 8.041015625, "peak_allocated_gib": 7.100478649139404, "gpu_time_budget": null, "module": "model.layers.23.mlp.down_proj", "step": 2944}
{"stage": "sequential-round-coordinate", "pid": 2308657, "time": 1789683016.5599618, "cuda_visible_devices": "0", "allocated_gib": 5.225533962249756, "reserved_gib": 8.041015625, "peak_allocated_gib": 7.100478649139404, "gpu_time_budget": null, "module": "model.layers.23.mlp.down_proj", "step": 3072}
{"stage": "sequential-round-coordinate", "pid": 2308657, "time": 1789683016.9931958, "cuda_visible_devices": "0", "allocated_gib": 5.225533962249756, "reserved_gib": 8.041015625, "peak_allocated_gib": 7.100478649139404, "gpu_time_budget": null, "module": "model.layers.23.mlp.down_proj", "step": 3200}
{"stage": "sequential-round-coordinate", "pid": 2308657, "time": 1789683017.425729, "cuda_visible_devices": "0", "allocated_gib": 5.225533962249756, "reserved_gib": 8.041015625, "peak_allocated_gib": 7.100478649139404, "gpu_time_budget": null, "module": "model.layers.23.mlp.down_proj", "step": 3328}
{"stage": "sequential-round-coordinate", "pid": 2308657, "time": 1789683017.8582234, "cuda_visible_devices": "0", "allocated_gib": 5.225533962249756, "reserved_gib": 8.041015625, "peak_allocated_gib": 7.100478649139404, "gpu_time_budget": null, "module": "model.layers.23.mlp.down_proj", "step": 3456}
{"stage": "sequential-round-coordinate", "pid": 2308657, "time": 1789683018.2908711, "cuda_visible_devices": "0", "allocated_gib": 5.225533962249756, "reserved_gib": 8.041015625, "peak_allocated_gib": 7.100478649139404, "gpu_time_budget": null, "module": "model.layers.23.mlp.down_proj", "step": 3584}
{"stage": "sequential-round-coordinate", "pid": 2308657, "time": 1789683018.723802, "cuda_visible_devices": "0", "allocated_gib": 5.225533962249756, "reserved_gib": 8.041015625, "peak_allocated_gib": 7.100478649139404, "gpu_time_budget": null, "module": "model.layers.23.mlp.down_proj", "step": 3712}
{"stage": "sequential-round-coordinate", "pid": 2308657, "time": 1789683019.1564305, "cuda_visible_devices": "0", "allocated_gib": 5.225533962249756, "reserved_gib": 8.041015625, "peak_allocated_gib": 7.100478649139404, "gpu_time_budget": null, "module": "model.layers.23.mlp.down_proj", "step": 3840}
{"stage": "sequential-round-coordinate", "pid": 2308657, "time": 1789683019.5882223, "cuda_visible_devices": "0", "allocated_gib": 5.225533962249756, "reserved_gib": 8.041015625, "peak_allocated_gib": 7.100478649139404, "gpu_time_budget": null, "module": "model.layers.23.mlp.down_proj", "step": 3968}
{"stage": "sequential-round-coordinate", "pid": 2308657, "time": 1789683020.0210438, "cuda_visible_devices": "0", "allocated_gib": 5.225533962249756, "reserved_gib": 8.041015625, "peak_allocated_gib": 7.100478649139404, "gpu_time_budget": null, "module": "model.layers.23.mlp.down_proj", "step": 4096}
{"stage": "sequential-round-coordinate", "pid": 2308657, "time": 1789683020.453564, "cuda_visible_devices": "0", "allocated_gib": 5.225533962249756, "reserved_gib": 8.041015625, "peak_allocated_gib": 7.100478649139404, "gpu_time_budget": null, "module": "model.layers.23.mlp.down_proj", "step": 4224}
{"stage": "sequential-round-coordinate", "pid": 2308657, "time": 1789683020.8861606, "cuda_visible_devices": "0", "allocated_gib": 5.225533962249756, "reserved_gib": 8.041015625, "peak_allocated_gib": 7.100478649139404, "gpu_time_budget": null, "module": "model.layers.23.mlp.down_proj", "step": 4352}
{"stage": "sequential-round-coordinate", "pid": 2308657, "time": 1789683021.3196452, "cuda_visible_devices": "0", "allocated_gib": 5.225533962249756, "reserved_gib": 8.041015625, "peak_allocated_gib": 7.100478649139404, "gpu_time_budget": null, "module": "model.layers.23.mlp.down_proj", "step": 4480}
{"stage": "sequential-round-coordinate", "pid": 2308657, "time": 1789683021.7530675, "cuda_visible_devices": "0", "allocated_gib": 5.225533962249756, "reserved_gib": 8.041015625, "peak_allocated_gib": 7.100478649139404, "gpu_time_budget": null, "module": "model.layers.23.mlp.down_proj", "step": 4608}
{"stage": "sequential-round-coordinate", "pid": 2308657, "time": 1789683022.1857316, "cuda_visible_devices": "0", "allocated_gib": 5.225533962249756, "reserved_gib": 8.041015625, "peak_allocated_gib": 7.100478649139404, "gpu_time_budget": null, "module": "model.layers.23.mlp.down_proj", "step": 4736}
{"stage": "sequential-round-coordinate", "pid": 2308657, "time": 1789683022.6181555, "cuda_visible_devices": "0", "allocated_gib": 5.225533962249756, "reserved_gib": 8.041015625, "peak_allocated_gib": 7.100478649139404, "gpu_time_budget": null, "module": "model.layers.23.mlp.down_proj", "step": 4864}
{"stage": "sequential-round-coordinate", "pid": 2308657, "time": 1789683023.0519164, "cuda_visible_devices": "0", "allocated_gib": 5.225533962249756, "reserved_gib": 8.041015625, "peak_allocated_gib": 7.100478649139404, "gpu_time_budget": null, "module": "model.layers.23.mlp.down_proj", "step": 4992}
{"stage": "sequential-round-coordinate", "pid": 2308657, "time": 1789683023.484781, "cuda_visible_devices": "0", "allocated_gib": 5.225533962249756, "reserved_gib": 8.041015625, "peak_allocated_gib": 7.100478649139404, "gpu_time_budget": null, "module": "model.layers.23.mlp.down_proj", "step": 5120}
{"stage": "sequential-round-coordinate", "pid": 2308657, "time": 1789683023.9181743, "cuda_visible_devices": "0", "allocated_gib": 5.225533962249756, "reserved_gib": 8.041015625, "peak_allocated_gib": 7.100478649139404, "gpu_time_budget": null, "module": "model.layers.23.mlp.down_proj", "step": 5248}
{"stage": "sequential-round-coordinate", "pid": 2308657, "time": 1789683024.4005368, "cuda_visible_devices": "0", "allocated_gib": 5.225533962249756, "reserved_gib": 8.041015625, "peak_allocated_gib": 7.100478649139404, "gpu_time_budget": null, "module": "model.layers.23.mlp.down_proj", "step": 5376}
{"stage": "sequential-round-coordinate", "pid": 2308657, "time": 1789683024.8368342, "cuda_visible_devices": "0", "allocated_gib": 5.225533962249756, "reserved_gib": 8.041015625, "peak_allocated_gib": 7.100478649139404, "gpu_time_budget": null, "module": "model.layers.23.mlp.down_proj", "step": 5504}
{"stage": "sequential-round-coordinate", "pid": 2308657, "time": 1789683025.269511, "cuda_visible_devices": "0", "allocated_gib": 5.225533962249756, "reserved_gib": 8.041015625, "peak_allocated_gib": 7.100478649139404, "gpu_time_budget": null, "module": "model.layers.23.mlp.down_proj", "step": 5632}
{"stage": "sequential-round-coordinate", "pid": 2308657, "time": 1789683025.7025454, "cuda_visible_devices": "0", "allocated_gib": 5.225533962249756, "reserved_gib": 8.041015625, "peak_allocated_gib": 7.100478649139404, "gpu_time_budget": null, "module": "model.layers.23.mlp.down_proj", "step": 5760}
{"stage": "sequential-round-coordinate", "pid": 2308657, "time": 1789683026.1353488, "cuda_visible_devices": "0", "allocated_gib": 5.225533962249756, "reserved_gib": 8.041015625, "peak_allocated_gib": 7.100478649139404, "gpu_time_budget": null, "module": "model.layers.23.mlp.down_proj", "step": 5888}
{"stage": "sequential-round-coordinate", "pid": 2308657, "time": 1789683026.5657566, "cuda_visible_devices": "0", "allocated_gib": 5.225533962249756, "reserved_gib": 8.041015625, "peak_allocated_gib": 7.100478649139404, "gpu_time_budget": null, "module": "model.layers.23.mlp.down_proj", "step": 6016}
{"stage": "sequential-round-coordinate", "pid": 2308657, "time": 1789683026.9987483, "cuda_visible_devices": "0", "allocated_gib": 5.225533962249756, "reserved_gib": 8.041015625, "peak_allocated_gib": 7.100478649139404, "gpu_time_budget": null, "module": "model.layers.23.mlp.down_proj", "step": 6144}
{"stage": "sequential-round-coordinate", "pid": 2308657, "time": 1789683027.432597, "cuda_visible_devices": "0", "allocated_gib": 5.225533962249756, "reserved_gib": 8.041015625, "peak_allocated_gib": 7.100478649139404, "gpu_time_budget": null, "module": "model.layers.23.mlp.down_proj", "step": 6272}
{"stage": "sequential-round-coordinate", "pid": 2308657, "time": 1789683027.875566, "cuda_visible_devices": "0", "allocated_gib": 5.225533962249756, "reserved_gib": 8.041015625, "peak_allocated_gib": 7.100478649139404, "gpu_time_budget": null, "module": "model.layers.23.mlp.down_proj", "step": 6400}
{"stage": "sequential-round-coordinate", "pid": 2308657, "time": 1789683028.3147664, "cuda_visible_devices": "0", "allocated_gib": 5.225533962249756, "reserved_gib": 8.041015625, "peak_allocated_gib": 7.100478649139404, "gpu_time_budget": null, "module": "model.layers.23.mlp.down_proj", "step": 6528}
{"stage": "sequential-round-coordinate", "pid": 2308657, "time": 1789683028.7453108, "cuda_visible_devices": "0", "allocated_gib": 5.225533962249756, "reserved_gib": 8.041015625, "peak_allocated_gib": 7.100478649139404, "gpu_time_budget": null, "module": "model.layers.23.mlp.down_proj", "step": 6656}
{"stage": "sequential-round-coordinate", "pid": 2308657, "time": 1789683029.1758475, "cuda_visible_devices": "0", "allocated_gib": 5.225533962249756, "reserved_gib": 8.041015625, "peak_allocated_gib": 7.100478649139404, "gpu_time_budget": null, "module": "model.layers.23.mlp.down_proj", "step": 6784}
{"stage": "sequential-round-coordinate", "pid": 2308657, "time": 1789683029.6059847, "cuda_visible_devices": "0", "allocated_gib": 5.225533962249756, "reserved_gib": 8.041015625, "peak_allocated_gib": 7.100478649139404, "gpu_time_budget": null, "module": "model.layers.23.mlp.down_proj", "step": 6912}
{"stage": "sequential-round-coordinate", "pid": 2308657, "time": 1789683030.0346563, "cuda_visible_devices": "0", "allocated_gib": 5.225533962249756, "reserved_gib": 8.041015625, "peak_allocated_gib": 7.100478649139404, "gpu_time_budget": null, "module": "model.layers.23.mlp.down_proj", "step": 7040}
{"stage": "sequential-round-coordinate", "pid": 2308657, "time": 1789683030.467392, "cuda_visible_devices": "0", "allocated_gib": 5.225533962249756, "reserved_gib": 8.041015625, "peak_allocated_gib": 7.100478649139404, "gpu_time_budget": null, "module": "model.layers.23.mlp.down_proj", "step": 7168}
{"stage": "sequential-round-coordinate", "pid": 2308657, "time": 1789683030.9003675, "cuda_visible_devices": "0", "allocated_gib": 5.225533962249756, "reserved_gib": 8.041015625, "peak_allocated_gib": 7.100478649139404, "gpu_time_budget": null, "module": "model.layers.23.mlp.down_proj", "step": 7296}
{"stage": "sequential-round-coordinate", "pid": 2308657, "time": 1789683031.3325593, "cuda_visible_devices": "0", "allocated_gib": 5.225533962249756, "reserved_gib": 8.041015625, "peak_allocated_gib": 7.100478649139404, "gpu_time_budget": null, "module": "model.layers.23.mlp.down_proj", "step": 7424}
{"stage": "sequential-round-coordinate", "pid": 2308657, "time": 1789683031.7615778, "cuda_visible_devices": "0", "allocated_gib": 5.225533962249756, "reserved_gib": 8.041015625, "peak_allocated_gib": 7.100478649139404, "gpu_time_budget": null, "module": "model.layers.23.mlp.down_proj", "step": 7552}
{"stage": "sequential-round-coordinate", "pid": 2308657, "time": 1789683032.1965663, "cuda_visible_devices": "0", "allocated_gib": 5.225533962249756, "reserved_gib": 8.041015625, "peak_allocated_gib": 7.100478649139404, "gpu_time_budget": null, "module": "model.layers.23.mlp.down_proj", "step": 7680}
{"stage": "sequential-round-coordinate", "pid": 2308657, "time": 1789683032.6295662, "cuda_visible_devices": "0", "allocated_gib": 5.225533962249756, "reserved_gib": 8.041015625, "peak_allocated_gib": 7.100478649139404, "gpu_time_budget": null, "module": "model.layers.23.mlp.down_proj", "step": 7808}
{"stage": "sequential-round-coordinate", "pid": 2308657, "time": 1789683033.0621321, "cuda_visible_devices": "0", "allocated_gib": 5.225533962249756, "reserved_gib": 8.041015625, "peak_allocated_gib": 7.100478649139404, "gpu_time_budget": null, "module": "model.layers.23.mlp.down_proj", "step": 7936}
{"stage": "sequential-round-coordinate", "pid": 2308657, "time": 1789683033.4955828, "cuda_visible_devices": "0", "allocated_gib": 5.225533962249756, "reserved_gib": 8.041015625, "peak_allocated_gib": 7.100478649139404, "gpu_time_budget": null, "module": "model.layers.23.mlp.down_proj", "step": 8064}
{"stage": "sequential-round-coordinate", "pid": 2308657, "time": 1789683033.9769323, "cuda_visible_devices": "0", "allocated_gib": 5.225533962249756, "reserved_gib": 8.041015625, "peak_allocated_gib": 7.100478649139404, "gpu_time_budget": null, "module": "model.layers.23.mlp.down_proj", "step": 8192}
{"stage": "sequential-round-train-nll", "pid": 2308657, "time": 1789683034.0184178, "cuda_visible_devices": "0", "allocated_gib": 3.795783519744873, "reserved_gib": 3.80078125, "peak_allocated_gib": 7.100478649139404, "gpu_time_budget": null, "module": "model.layers.23.mlp.down_proj", "step": 512}
Evaluation segment 1/1: start=0, windows=8, seqlen=2048
{"stage": "sequential-round-train-nll", "pid": 2308657, "time": 1789683035.7626107, "cuda_visible_devices": "0", "allocated_gib": 3.795783519744873, "reserved_gib": 5.791015625, "peak_allocated_gib": 7.100478649139404, "gpu_time_budget": null, "module": "model.layers.23.mlp.down_proj", "step": 2048}
Evaluation segment 1/1: start=0, windows=8, seqlen=2048
{"stage": "sequential-round-train-nll", "pid": 2308657, "time": 1789683037.5069208, "cuda_visible_devices": "0", "allocated_gib": 3.795783519744873, "reserved_gib": 5.791015625, "peak_allocated_gib": 7.100478649139404, "gpu_time_budget": null, "module": "model.layers.23.mlp.down_proj", "step": 8192}
Evaluation segment 1/1: start=0, windows=8, seqlen=2048
{"stage": "sequential-module-completed", "pid": 2308657, "time": 1789683039.5040467, "cuda_visible_devices": "0", "allocated_gib": 3.795783519744873, "reserved_gib": 5.791015625, "peak_allocated_gib": 7.100478649139404, "gpu_time_budget": null, "module": "model.layers.23.mlp.down_proj", "completed": 24, "total": 28, "selected_train_nll": 3.022355583998529, "elapsed_seconds": 809.3769737560069}
{"stage": "sequential-round-fit", "pid": 2308657, "time": 1789683042.1388638, "cuda_visible_devices": "0", "allocated_gib": 3.795783519744873, "reserved_gib": 5.791015625, "peak_allocated_gib": 7.100478649139404, "gpu_time_budget": null, "module": "model.layers.24.mlp.down_proj", "fit_rows": 49152, "heldout_rows": 16384}
{"stage": "sequential-round-coordinate", "pid": 2308657, "time": 1789683042.8279643, "cuda_visible_devices": "0", "allocated_gib": 5.225533962249756, "reserved_gib": 8.041015625, "peak_allocated_gib": 7.100478649139404, "gpu_time_budget": null, "module": "model.layers.24.mlp.down_proj", "step": 128}
{"stage": "sequential-round-coordinate", "pid": 2308657, "time": 1789683043.2670803, "cuda_visible_devices": "0", "allocated_gib": 5.225533962249756, "reserved_gib": 8.041015625, "peak_allocated_gib": 7.100478649139404, "gpu_time_budget": null, "module": "model.layers.24.mlp.down_proj", "step": 256}
{"stage": "sequential-round-coordinate", "pid": 2308657, "time": 1789683043.700527, "cuda_visible_devices": "0", "allocated_gib": 5.225533962249756, "reserved_gib": 8.041015625, "peak_allocated_gib": 7.100478649139404, "gpu_time_budget": null, "module": "model.layers.24.mlp.down_proj", "step": 384}
{"stage": "sequential-round-coordinate", "pid": 2308657, "time": 1789683044.18209, "cuda_visible_devices": "0", "allocated_gib": 5.225533962249756, "reserved_gib": 8.041015625, "peak_allocated_gib": 7.100478649139404, "gpu_time_budget": null, "module": "model.layers.24.mlp.down_proj", "step": 512}
{"stage": "sequential-round-coordinate", "pid": 2308657, "time": 1789683044.6158195, "cuda_visible_devices": "0", "allocated_gib": 5.225533962249756, "reserved_gib": 8.041015625, "peak_allocated_gib": 7.100478649139404, "gpu_time_budget": null, "module": "model.layers.24.mlp.down_proj", "step": 640}
{"stage": "sequential-round-coordinate", "pid": 2308657, "time": 1789683045.049873, "cuda_visible_devices": "0", "allocated_gib": 5.225533962249756, "reserved_gib": 8.041015625, "peak_allocated_gib": 7.100478649139404, "gpu_time_budget": null, "module": "model.layers.24.mlp.down_proj", "step": 768}
{"stage": "sequential-round-coordinate", "pid": 2308657, "time": 1789683045.4793692, "cuda_visible_devices": "0", "allocated_gib": 5.225533962249756, "reserved_gib": 8.041015625, "peak_allocated_gib": 7.100478649139404, "gpu_time_budget": null, "module": "model.layers.24.mlp.down_proj", "step": 896}
{"stage": "sequential-round-coordinate", "pid": 2308657, "time": 1789683045.908438, "cuda_visible_devices": "0", "allocated_gib": 5.225533962249756, "reserved_gib": 8.041015625, "peak_allocated_gib": 7.100478649139404, "gpu_time_budget": null, "module": "model.layers.24.mlp.down_proj", "step": 1024}
{"stage": "sequential-round-coordinate", "pid": 2308657, "time": 1789683046.3373153, "cuda_visible_devices": "0", "allocated_gib": 5.225533962249756, "reserved_gib": 8.041015625, "peak_allocated_gib": 7.100478649139404, "gpu_time_budget": null, "module": "model.layers.24.mlp.down_proj", "step": 1152}
{"stage": "sequential-round-coordinate", "pid": 2308657, "time": 1789683046.7662795, "cuda_visible_devices": "0", "allocated_gib": 5.225533962249756, "reserved_gib": 8.041015625, "peak_allocated_gib": 7.100478649139404, "gpu_time_budget": null, "module": "model.layers.24.mlp.down_proj", "step": 1280}
{"stage": "sequential-round-coordinate", "pid": 2308657, "time": 1789683047.1966681, "cuda_visible_devices": "0", "allocated_gib": 5.225533962249756, "reserved_gib": 8.041015625, "peak_allocated_gib": 7.100478649139404, "gpu_time_budget": null, "module": "model.layers.24.mlp.down_proj", "step": 1408}
{"stage": "sequential-round-coordinate", "pid": 2308657, "time": 1789683047.6295407, "cuda_visible_devices": "0", "allocated_gib": 5.225533962249756, "reserved_gib": 8.041015625, "peak_allocated_gib": 7.100478649139404, "gpu_time_budget": null, "module": "model.layers.24.mlp.down_proj", "step": 1536}
{"stage": "sequential-round-coordinate", "pid": 2308657, "time": 1789683048.0675762, "cuda_visible_devices": "0", "allocated_gib": 5.225533962249756, "reserved_gib": 8.041015625, "peak_allocated_gib": 7.100478649139404, "gpu_time_budget": null, "module": "model.layers.24.mlp.down_proj", "step": 1664}
{"stage": "sequential-round-coordinate", "pid": 2308657, "time": 1789683048.5008516, "cuda_visible_devices": "0", "allocated_gib": 5.225533962249756, "reserved_gib": 8.041015625, "peak_allocated_gib": 7.100478649139404, "gpu_time_budget": null, "module": "model.layers.24.mlp.down_proj", "step": 1792}
{"stage": "sequential-round-coordinate", "pid": 2308657, "time": 1789683048.9337413, "cuda_visible_devices": "0", "allocated_gib": 5.225533962249756, "reserved_gib": 8.041015625, "peak_allocated_gib": 7.100478649139404, "gpu_time_budget": null, "module": "model.layers.24.mlp.down_proj", "step": 1920}
{"stage": "sequential-round-coordinate", "pid": 2308657, "time": 1789683049.4168668, "cuda_visible_devices": "0", "allocated_gib": 5.225533962249756, "reserved_gib": 8.041015625, "peak_allocated_gib": 7.100478649139404, "gpu_time_budget": null, "module": "model.layers.24.mlp.down_proj", "step": 2048}
{"stage": "sequential-round-coordinate", "pid": 2308657, "time": 1789683049.847767, "cuda_visible_devices": "0", "allocated_gib": 5.225533962249756, "reserved_gib": 8.041015625, "peak_allocated_gib": 7.100478649139404, "gpu_time_budget": null, "module": "model.layers.24.mlp.down_proj", "step": 2176}
{"stage": "sequential-round-coordinate", "pid": 2308657, "time": 1789683050.2806652, "cuda_visible_devices": "0", "allocated_gib": 5.225533962249756, "reserved_gib": 8.041015625, "peak_allocated_gib": 7.100478649139404, "gpu_time_budget": null, "module": "model.layers.24.mlp.down_proj", "step": 2304}
{"stage": "sequential-round-coordinate", "pid": 2308657, "time": 1789683050.7163408, "cuda_visible_devices": "0", "allocated_gib": 5.225533962249756, "reserved_gib": 8.041015625, "peak_allocated_gib": 7.100478649139404, "gpu_time_budget": null, "module": "model.layers.24.mlp.down_proj", "step": 2432}
{"stage": "sequential-round-coordinate", "pid": 2308657, "time": 1789683051.1462922, "cuda_visible_devices": "0", "allocated_gib": 5.225533962249756, "reserved_gib": 8.041015625, "peak_allocated_gib": 7.100478649139404, "gpu_time_budget": null, "module": "model.layers.24.mlp.down_proj", "step": 2560}
{"stage": "sequential-round-coordinate", "pid": 2308657, "time": 1789683051.5777237, "cuda_visible_devices": "0", "allocated_gib": 5.225533962249756, "reserved_gib": 8.041015625, "peak_allocated_gib": 7.100478649139404, "gpu_time_budget": null, "module": "model.layers.24.mlp.down_proj", "step": 2688}
{"stage": "sequential-round-coordinate", "pid": 2308657, "time": 1789683052.0084305, "cuda_visible_devices": "0", "allocated_gib": 5.225533962249756, "reserved_gib": 8.041015625, "peak_allocated_gib": 7.100478649139404, "gpu_time_budget": null, "module": "model.layers.24.mlp.down_proj", "step": 2816}
{"stage": "sequential-round-coordinate", "pid": 2308657, "time": 1789683052.4379492, "cuda_visible_devices": "0", "allocated_gib": 5.225533962249756, "reserved_gib": 8.041015625, "peak_allocated_gib": 7.100478649139404, "gpu_time_budget": null, "module": "model.layers.24.mlp.down_proj", "step": 2944}
{"stage": "sequential-round-coordinate", "pid": 2308657, "time": 1789683052.8674965, "cuda_visible_devices": "0", "allocated_gib": 5.225533962249756, "reserved_gib": 8.041015625, "peak_allocated_gib": 7.100478649139404, "gpu_time_budget": null, "module": "model.layers.24.mlp.down_proj", "step": 3072}
{"stage": "sequential-round-coordinate", "pid": 2308657, "time": 1789683053.2991912, "cuda_visible_devices": "0", "allocated_gib": 5.225533962249756, "reserved_gib": 8.041015625, "peak_allocated_gib": 7.100478649139404, "gpu_time_budget": null, "module": "model.layers.24.mlp.down_proj", "step": 3200}
{"stage": "sequential-round-coordinate", "pid": 2308657, "time": 1789683053.7289088, "cuda_visible_devices": "0", "allocated_gib": 5.225533962249756, "reserved_gib": 8.041015625, "peak_allocated_gib": 7.100478649139404, "gpu_time_budget": null, "module": "model.layers.24.mlp.down_proj", "step": 3328}
{"stage": "sequential-round-coordinate", "pid": 2308657, "time": 1789683054.1585872, "cuda_visible_devices": "0", "allocated_gib": 5.225533962249756, "reserved_gib": 8.041015625, "peak_allocated_gib": 7.100478649139404, "gpu_time_budget": null, "module": "model.layers.24.mlp.down_proj", "step": 3456}
{"stage": "sequential-round-coordinate", "pid": 2308657, "time": 1789683054.5881717, "cuda_visible_devices": "0", "allocated_gib": 5.225533962249756, "reserved_gib": 8.041015625, "peak_allocated_gib": 7.100478649139404, "gpu_time_budget": null, "module": "model.layers.24.mlp.down_proj", "step": 3584}
{"stage": "sequential-round-coordinate", "pid": 2308657, "time": 1789683055.0183573, "cuda_visible_devices": "0", "allocated_gib": 5.225533962249756, "reserved_gib": 8.041015625, "peak_allocated_gib": 7.100478649139404, "gpu_time_budget": null, "module": "model.layers.24.mlp.down_proj", "step": 3712}
{"stage": "sequential-round-coordinate", "pid": 2308657, "time": 1789683055.4487154, "cuda_visible_devices": "0", "allocated_gib": 5.225533962249756, "reserved_gib": 8.041015625, "peak_allocated_gib": 7.100478649139404, "gpu_time_budget": null, "module": "model.layers.24.mlp.down_proj", "step": 3840}
{"stage": "sequential-round-coordinate", "pid": 2308657, "time": 1789683055.8781018, "cuda_visible_devices": "0", "allocated_gib": 5.225533962249756, "reserved_gib": 8.041015625, "peak_allocated_gib": 7.100478649139404, "gpu_time_budget": null, "module": "model.layers.24.mlp.down_proj", "step": 3968}
{"stage": "sequential-round-coordinate", "pid": 2308657, "time": 1789683056.3075333, "cuda_visible_devices": "0", "allocated_gib": 5.225533962249756, "reserved_gib": 8.041015625, "peak_allocated_gib": 7.100478649139404, "gpu_time_budget": null, "module": "model.layers.24.mlp.down_proj", "step": 4096}
{"stage": "sequential-round-coordinate", "pid": 2308657, "time": 1789683056.7367876, "cuda_visible_devices": "0", "allocated_gib": 5.225533962249756, "reserved_gib": 8.041015625, "peak_allocated_gib": 7.100478649139404, "gpu_time_budget": null, "module": "model.layers.24.mlp.down_proj", "step": 4224}
{"stage": "sequential-round-coordinate", "pid": 2308657, "time": 1789683057.1662471, "cuda_visible_devices": "0", "allocated_gib": 5.225533962249756, "reserved_gib": 8.041015625, "peak_allocated_gib": 7.100478649139404, "gpu_time_budget": null, "module": "model.layers.24.mlp.down_proj", "step": 4352}
{"stage": "sequential-round-coordinate", "pid": 2308657, "time": 1789683057.5960248, "cuda_visible_devices": "0", "allocated_gib": 5.225533962249756, "reserved_gib": 8.041015625, "peak_allocated_gib": 7.100478649139404, "gpu_time_budget": null, "module": "model.layers.24.mlp.down_proj", "step": 4480}
{"stage": "sequential-round-coordinate", "pid": 2308657, "time": 1789683058.0304284, "cuda_visible_devices": "0", "allocated_gib": 5.225533962249756, "reserved_gib": 8.041015625, "peak_allocated_gib": 7.100478649139404, "gpu_time_budget": null, "module": "model.layers.24.mlp.down_proj", "step": 4608}
{"stage": "sequential-round-coordinate", "pid": 2308657, "time": 1789683058.4604816, "cuda_visible_devices": "0", "allocated_gib": 5.225533962249756, "reserved_gib": 8.041015625, "peak_allocated_gib": 7.100478649139404, "gpu_time_budget": null, "module": "model.layers.24.mlp.down_proj", "step": 4736}
{"stage": "sequential-round-coordinate", "pid": 2308657, "time": 1789683058.889691, "cuda_visible_devices": "0", "allocated_gib": 5.225533962249756, "reserved_gib": 8.041015625, "peak_allocated_gib": 7.100478649139404, "gpu_time_budget": null, "module": "model.layers.24.mlp.down_proj", "step": 4864}
{"stage": "sequential-round-coordinate", "pid": 2308657, "time": 1789683059.3207426, "cuda_visible_devices": "0", "allocated_gib": 5.225533962249756, "reserved_gib": 8.041015625, "peak_allocated_gib": 7.100478649139404, "gpu_time_budget": null, "module": "model.layers.24.mlp.down_proj", "step": 4992}
{"stage": "sequential-round-coordinate", "pid": 2308657, "time": 1789683059.7495334, "cuda_visible_devices": "0", "allocated_gib": 5.225533962249756, "reserved_gib": 8.041015625, "peak_allocated_gib": 7.100478649139404, "gpu_time_budget": null, "module": "model.layers.24.mlp.down_proj", "step": 5120}
{"stage": "sequential-round-coordinate", "pid": 2308657, "time": 1789683060.1780798, "cuda_visible_devices": "0", "allocated_gib": 5.225533962249756, "reserved_gib": 8.041015625, "peak_allocated_gib": 7.100478649139404, "gpu_time_budget": null, "module": "model.layers.24.mlp.down_proj", "step": 5248}
{"stage": "sequential-round-coordinate", "pid": 2308657, "time": 1789683060.6066003, "cuda_visible_devices": "0", "allocated_gib": 5.225533962249756, "reserved_gib": 8.041015625, "peak_allocated_gib": 7.100478649139404, "gpu_time_budget": null, "module": "model.layers.24.mlp.down_proj", "step": 5376}
{"stage": "sequential-round-coordinate", "pid": 2308657, "time": 1789683061.0358114, "cuda_visible_devices": "0", "allocated_gib": 5.225533962249756, "reserved_gib": 8.041015625, "peak_allocated_gib": 7.100478649139404, "gpu_time_budget": null, "module": "model.layers.24.mlp.down_proj", "step": 5504}
{"stage": "sequential-round-coordinate", "pid": 2308657, "time": 1789683061.4642992, "cuda_visible_devices": "0", "allocated_gib": 5.225533962249756, "reserved_gib": 8.041015625, "peak_allocated_gib": 7.100478649139404, "gpu_time_budget": null, "module": "model.layers.24.mlp.down_proj", "step": 5632}
{"stage": "sequential-round-coordinate", "pid": 2308657, "time": 1789683061.8944783, "cuda_visible_devices": "0", "allocated_gib": 5.225533962249756, "reserved_gib": 8.041015625, "peak_allocated_gib": 7.100478649139404, "gpu_time_budget": null, "module": "model.layers.24.mlp.down_proj", "step": 5760}
{"stage": "sequential-round-coordinate", "pid": 2308657, "time": 1789683062.3235953, "cuda_visible_devices": "0", "allocated_gib": 5.225533962249756, "reserved_gib": 8.041015625, "peak_allocated_gib": 7.100478649139404, "gpu_time_budget": null, "module": "model.layers.24.mlp.down_proj", "step": 5888}
{"stage": "sequential-round-coordinate", "pid": 2308657, "time": 1789683062.7527785, "cuda_visible_devices": "0", "allocated_gib": 5.225533962249756, "reserved_gib": 8.041015625, "peak_allocated_gib": 7.100478649139404, "gpu_time_budget": null, "module": "model.layers.24.mlp.down_proj", "step": 6016}
{"stage": "sequential-round-coordinate", "pid": 2308657, "time": 1789683063.181834, "cuda_visible_devices": "0", "allocated_gib": 5.225533962249756, "reserved_gib": 8.041015625, "peak_allocated_gib": 7.100478649139404, "gpu_time_budget": null, "module": "model.layers.24.mlp.down_proj", "step": 6144}
{"stage": "sequential-round-coordinate", "pid": 2308657, "time": 1789683063.6120791, "cuda_visible_devices": "0", "allocated_gib": 5.225533962249756, "reserved_gib": 8.041015625, "peak_allocated_gib": 7.100478649139404, "gpu_time_budget": null, "module": "model.layers.24.mlp.down_proj", "step": 6272}
{"stage": "sequential-round-coordinate", "pid": 2308657, "time": 1789683064.0432904, "cuda_visible_devices": "0", "allocated_gib": 5.225533962249756, "reserved_gib": 8.041015625, "peak_allocated_gib": 7.100478649139404, "gpu_time_budget": null, "module": "model.layers.24.mlp.down_proj", "step": 6400}
{"stage": "sequential-round-coordinate", "pid": 2308657, "time": 1789683064.4722729, "cuda_visible_devices": "0", "allocated_gib": 5.225533962249756, "reserved_gib": 8.041015625, "peak_allocated_gib": 7.100478649139404, "gpu_time_budget": null, "module": "model.layers.24.mlp.down_proj", "step": 6528}
{"stage": "sequential-round-coordinate", "pid": 2308657, "time": 1789683064.9021578, "cuda_visible_devices": "0", "allocated_gib": 5.225533962249756, "reserved_gib": 8.041015625, "peak_allocated_gib": 7.100478649139404, "gpu_time_budget": null, "module": "model.layers.24.mlp.down_proj", "step": 6656}
{"stage": "sequential-round-coordinate", "pid": 2308657, "time": 1789683065.3318326, "cuda_visible_devices": "0", "allocated_gib": 5.225533962249756, "reserved_gib": 8.041015625, "peak_allocated_gib": 7.100478649139404, "gpu_time_budget": null, "module": "model.layers.24.mlp.down_proj", "step": 6784}
{"stage": "sequential-round-coordinate", "pid": 2308657, "time": 1789683065.7610655, "cuda_visible_devices": "0", "allocated_gib": 5.225533962249756, "reserved_gib": 8.041015625, "peak_allocated_gib": 7.100478649139404, "gpu_time_budget": null, "module": "model.layers.24.mlp.down_proj", "step": 6912}
{"stage": "sequential-round-coordinate", "pid": 2308657, "time": 1789683066.193072, "cuda_visible_devices": "0", "allocated_gib": 5.225533962249756, "reserved_gib": 8.041015625, "peak_allocated_gib": 7.100478649139404, "gpu_time_budget": null, "module": "model.layers.24.mlp.down_proj", "step": 7040}
{"stage": "sequential-round-coordinate", "pid": 2308657, "time": 1789683066.6228266, "cuda_visible_devices": "0", "allocated_gib": 5.225533962249756, "reserved_gib": 8.041015625, "peak_allocated_gib": 7.100478649139404, "gpu_time_budget": null, "module": "model.layers.24.mlp.down_proj", "step": 7168}
{"stage": "sequential-round-coordinate", "pid": 2308657, "time": 1789683067.0523384, "cuda_visible_devices": "0", "allocated_gib": 5.225533962249756, "reserved_gib": 8.041015625, "peak_allocated_gib": 7.100478649139404, "gpu_time_budget": null, "module": "model.layers.24.mlp.down_proj", "step": 7296}
{"stage": "sequential-round-coordinate", "pid": 2308657, "time": 1789683067.482515, "cuda_visible_devices": "0", "allocated_gib": 5.225533962249756, "reserved_gib": 8.041015625, "peak_allocated_gib": 7.100478649139404, "gpu_time_budget": null, "module": "model.layers.24.mlp.down_proj", "step": 7424}
{"stage": "sequential-round-coordinate", "pid": 2308657, "time": 1789683067.9157307, "cuda_visible_devices": "0", "allocated_gib": 5.225533962249756, "reserved_gib": 8.041015625, "peak_allocated_gib": 7.100478649139404, "gpu_time_budget": null, "module": "model.layers.24.mlp.down_proj", "step": 7552}
{"stage": "sequential-round-coordinate", "pid": 2308657, "time": 1789683068.3475063, "cuda_visible_devices": "0", "allocated_gib": 5.225533962249756, "reserved_gib": 8.041015625, "peak_allocated_gib": 7.100478649139404, "gpu_time_budget": null, "module": "model.layers.24.mlp.down_proj", "step": 7680}
{"stage": "sequential-round-coordinate", "pid": 2308657, "time": 1789683068.7782528, "cuda_visible_devices": "0", "allocated_gib": 5.225533962249756, "reserved_gib": 8.041015625, "peak_allocated_gib": 7.100478649139404, "gpu_time_budget": null, "module": "model.layers.24.mlp.down_proj", "step": 7808}
{"stage": "sequential-round-coordinate", "pid": 2308657, "time": 1789683069.2093637, "cuda_visible_devices": "0", "allocated_gib": 5.225533962249756, "reserved_gib": 8.041015625, "peak_allocated_gib": 7.100478649139404, "gpu_time_budget": null, "module": "model.layers.24.mlp.down_proj", "step": 7936}
{"stage": "sequential-round-coordinate", "pid": 2308657, "time": 1789683069.6416087, "cuda_visible_devices": "0", "allocated_gib": 5.225533962249756, "reserved_gib": 8.041015625, "peak_allocated_gib": 7.100478649139404, "gpu_time_budget": null, "module": "model.layers.24.mlp.down_proj", "step": 8064}
{"stage": "sequential-round-coordinate", "pid": 2308657, "time": 1789683070.1253474, "cuda_visible_devices": "0", "allocated_gib": 5.225533962249756, "reserved_gib": 8.041015625, "peak_allocated_gib": 7.100478649139404, "gpu_time_budget": null, "module": "model.layers.24.mlp.down_proj", "step": 8192}
{"stage": "sequential-round-train-nll", "pid": 2308657, "time": 1789683070.1620812, "cuda_visible_devices": "0", "allocated_gib": 3.795783519744873, "reserved_gib": 3.80078125, "peak_allocated_gib": 7.100478649139404, "gpu_time_budget": null, "module": "model.layers.24.mlp.down_proj", "step": 512}
Evaluation segment 1/1: start=0, windows=8, seqlen=2048
{"stage": "sequential-round-train-nll", "pid": 2308657, "time": 1789683071.8846545, "cuda_visible_devices": "0", "allocated_gib": 3.795783519744873, "reserved_gib": 5.791015625, "peak_allocated_gib": 7.100478649139404, "gpu_time_budget": null, "module": "model.layers.24.mlp.down_proj", "step": 2048}
Evaluation segment 1/1: start=0, windows=8, seqlen=2048
{"stage": "sequential-round-train-nll", "pid": 2308657, "time": 1789683073.615525, "cuda_visible_devices": "0", "allocated_gib": 3.795783519744873, "reserved_gib": 5.791015625, "peak_allocated_gib": 7.100478649139404, "gpu_time_budget": null, "module": "model.layers.24.mlp.down_proj", "step": 8192}
Evaluation segment 1/1: start=0, windows=8, seqlen=2048
{"stage": "sequential-module-completed", "pid": 2308657, "time": 1789683075.5600286, "cuda_visible_devices": "0", "allocated_gib": 3.795783519744873, "reserved_gib": 5.791015625, "peak_allocated_gib": 7.100478649139404, "gpu_time_budget": null, "module": "model.layers.24.mlp.down_proj", "completed": 25, "total": 28, "selected_train_nll": 3.0204473088695813, "elapsed_seconds": 845.4329576590098}
{"stage": "sequential-round-fit", "pid": 2308657, "time": 1789683078.1643116, "cuda_visible_devices": "0", "allocated_gib": 3.795783519744873, "reserved_gib": 5.791015625, "peak_allocated_gib": 7.100478649139404, "gpu_time_budget": null, "module": "model.layers.25.mlp.down_proj", "fit_rows": 49152, "heldout_rows": 16384}
{"stage": "sequential-round-coordinate", "pid": 2308657, "time": 1789683078.8215363, "cuda_visible_devices": "0", "allocated_gib": 5.225533962249756, "reserved_gib": 8.041015625, "peak_allocated_gib": 7.100478649139404, "gpu_time_budget": null, "module": "model.layers.25.mlp.down_proj", "step": 128}
{"stage": "sequential-round-coordinate", "pid": 2308657, "time": 1789683079.2555566, "cuda_visible_devices": "0", "allocated_gib": 5.225533962249756, "reserved_gib": 8.041015625, "peak_allocated_gib": 7.100478649139404, "gpu_time_budget": null, "module": "model.layers.25.mlp.down_proj", "step": 256}
{"stage": "sequential-round-coordinate", "pid": 2308657, "time": 1789683079.689373, "cuda_visible_devices": "0", "allocated_gib": 5.225533962249756, "reserved_gib": 8.041015625, "peak_allocated_gib": 7.100478649139404, "gpu_time_budget": null, "module": "model.layers.25.mlp.down_proj", "step": 384}
{"stage": "sequential-round-coordinate", "pid": 2308657, "time": 1789683080.1721249, "cuda_visible_devices": "0", "allocated_gib": 5.225533962249756, "reserved_gib": 8.041015625, "peak_allocated_gib": 7.100478649139404, "gpu_time_budget": null, "module": "model.layers.25.mlp.down_proj", "step": 512}
{"stage": "sequential-round-coordinate", "pid": 2308657, "time": 1789683080.6044145, "cuda_visible_devices": "0", "allocated_gib": 5.225533962249756, "reserved_gib": 8.041015625, "peak_allocated_gib": 7.100478649139404, "gpu_time_budget": null, "module": "model.layers.25.mlp.down_proj", "step": 640}
{"stage": "sequential-round-coordinate", "pid": 2308657, "time": 1789683081.0376942, "cuda_visible_devices": "0", "allocated_gib": 5.225533962249756, "reserved_gib": 8.041015625, "peak_allocated_gib": 7.100478649139404, "gpu_time_budget": null, "module": "model.layers.25.mlp.down_proj", "step": 768}
{"stage": "sequential-round-coordinate", "pid": 2308657, "time": 1789683081.4691696, "cuda_visible_devices": "0", "allocated_gib": 5.225533962249756, "reserved_gib": 8.041015625, "peak_allocated_gib": 7.100478649139404, "gpu_time_budget": null, "module": "model.layers.25.mlp.down_proj", "step": 896}
{"stage": "sequential-round-coordinate", "pid": 2308657, "time": 1789683081.900058, "cuda_visible_devices": "0", "allocated_gib": 5.225533962249756, "reserved_gib": 8.041015625, "peak_allocated_gib": 7.100478649139404, "gpu_time_budget": null, "module": "model.layers.25.mlp.down_proj", "step": 1024}
{"stage": "sequential-round-coordinate", "pid": 2308657, "time": 1789683082.3315635, "cuda_visible_devices": "0", "allocated_gib": 5.225533962249756, "reserved_gib": 8.041015625, "peak_allocated_gib": 7.100478649139404, "gpu_time_budget": null, "module": "model.layers.25.mlp.down_proj", "step": 1152}
{"stage": "sequential-round-coordinate", "pid": 2308657, "time": 1789683082.7689352, "cuda_visible_devices": "0", "allocated_gib": 5.225533962249756, "reserved_gib": 8.041015625, "peak_allocated_gib": 7.100478649139404, "gpu_time_budget": null, "module": "model.layers.25.mlp.down_proj", "step": 1280}
{"stage": "sequential-round-coordinate", "pid": 2308657, "time": 1789683083.2046158, "cuda_visible_devices": "0", "allocated_gib": 5.225533962249756, "reserved_gib": 8.041015625, "peak_allocated_gib": 7.100478649139404, "gpu_time_budget": null, "module": "model.layers.25.mlp.down_proj", "step": 1408}
{"stage": "sequential-round-coordinate", "pid": 2308657, "time": 1789683083.6378508, "cuda_visible_devices": "0", "allocated_gib": 5.225533962249756, "reserved_gib": 8.041015625, "peak_allocated_gib": 7.100478649139404, "gpu_time_budget": null, "module": "model.layers.25.mlp.down_proj", "step": 1536}
{"stage": "sequential-round-coordinate", "pid": 2308657, "time": 1789683084.0706823, "cuda_visible_devices": "0", "allocated_gib": 5.225533962249756, "reserved_gib": 8.041015625, "peak_allocated_gib": 7.100478649139404, "gpu_time_budget": null, "module": "model.layers.25.mlp.down_proj", "step": 1664}
{"stage": "sequential-round-coordinate", "pid": 2308657, "time": 1789683084.5045056, "cuda_visible_devices": "0", "allocated_gib": 5.225533962249756, "reserved_gib": 8.041015625, "peak_allocated_gib": 7.100478649139404, "gpu_time_budget": null, "module": "model.layers.25.mlp.down_proj", "step": 1792}
{"stage": "sequential-round-coordinate", "pid": 2308657, "time": 1789683084.9388015, "cuda_visible_devices": "0", "allocated_gib": 5.225533962249756, "reserved_gib": 8.041015625, "peak_allocated_gib": 7.100478649139404, "gpu_time_budget": null, "module": "model.layers.25.mlp.down_proj", "step": 1920}
{"stage": "sequential-round-coordinate", "pid": 2308657, "time": 1789683085.4131057, "cuda_visible_devices": "0", "allocated_gib": 5.225533962249756, "reserved_gib": 8.041015625, "peak_allocated_gib": 7.100478649139404, "gpu_time_budget": null, "module": "model.layers.25.mlp.down_proj", "step": 2048}
{"stage": "sequential-round-coordinate", "pid": 2308657, "time": 1789683085.845478, "cuda_visible_devices": "0", "allocated_gib": 5.225533962249756, "reserved_gib": 8.041015625, "peak_allocated_gib": 7.100478649139404, "gpu_time_budget": null, "module": "model.layers.25.mlp.down_proj", "step": 2176}
{"stage": "sequential-round-coordinate", "pid": 2308657, "time": 1789683086.2771077, "cuda_visible_devices": "0", "allocated_gib": 5.225533962249756, "reserved_gib": 8.041015625, "peak_allocated_gib": 7.100478649139404, "gpu_time_budget": null, "module": "model.layers.25.mlp.down_proj", "step": 2304}
{"stage": "sequential-round-coordinate", "pid": 2308657, "time": 1789683086.706539, "cuda_visible_devices": "0", "allocated_gib": 5.225533962249756, "reserved_gib": 8.041015625, "peak_allocated_gib": 7.100478649139404, "gpu_time_budget": null, "module": "model.layers.25.mlp.down_proj", "step": 2432}
{"stage": "sequential-round-coordinate", "pid": 2308657, "time": 1789683087.137332, "cuda_visible_devices": "0", "allocated_gib": 5.225533962249756, "reserved_gib": 8.041015625, "peak_allocated_gib": 7.100478649139404, "gpu_time_budget": null, "module": "model.layers.25.mlp.down_proj", "step": 2560}
{"stage": "sequential-round-coordinate", "pid": 2308657, "time": 1789683087.5691268, "cuda_visible_devices": "0", "allocated_gib": 5.225533962249756, "reserved_gib": 8.041015625, "peak_allocated_gib": 7.100478649139404, "gpu_time_budget": null, "module": "model.layers.25.mlp.down_proj", "step": 2688}
{"stage": "sequential-round-coordinate", "pid": 2308657, "time": 1789683088.0045867, "cuda_visible_devices": "0", "allocated_gib": 5.225533962249756, "reserved_gib": 8.041015625, "peak_allocated_gib": 7.100478649139404, "gpu_time_budget": null, "module": "model.layers.25.mlp.down_proj", "step": 2816}
{"stage": "sequential-round-coordinate", "pid": 2308657, "time": 1789683088.4485059, "cuda_visible_devices": "0", "allocated_gib": 5.225533962249756, "reserved_gib": 8.041015625, "peak_allocated_gib": 7.100478649139404, "gpu_time_budget": null, "module": "model.layers.25.mlp.down_proj", "step": 2944}
{"stage": "sequential-round-coordinate", "pid": 2308657, "time": 1789683088.882797, "cuda_visible_devices": "0", "allocated_gib": 5.225533962249756, "reserved_gib": 8.041015625, "peak_allocated_gib": 7.100478649139404, "gpu_time_budget": null, "module": "model.layers.25.mlp.down_proj", "step": 3072}
{"stage": "sequential-round-coordinate", "pid": 2308657, "time": 1789683089.3169885, "cuda_visible_devices": "0", "allocated_gib": 5.225533962249756, "reserved_gib": 8.041015625, "peak_allocated_gib": 7.100478649139404, "gpu_time_budget": null, "module": "model.layers.25.mlp.down_proj", "step": 3200}
{"stage": "sequential-round-coordinate", "pid": 2308657, "time": 1789683089.7555492, "cuda_visible_devices": "0", "allocated_gib": 5.225533962249756, "reserved_gib": 8.041015625, "peak_allocated_gib": 7.100478649139404, "gpu_time_budget": null, "module": "model.layers.25.mlp.down_proj", "step": 3328}
{"stage": "sequential-round-coordinate", "pid": 2308657, "time": 1789683090.1931303, "cuda_visible_devices": "0", "allocated_gib": 5.225533962249756, "reserved_gib": 8.041015625, "peak_allocated_gib": 7.100478649139404, "gpu_time_budget": null, "module": "model.layers.25.mlp.down_proj", "step": 3456}
{"stage": "sequential-round-coordinate", "pid": 2308657, "time": 1789683090.6319814, "cuda_visible_devices": "0", "allocated_gib": 5.225533962249756, "reserved_gib": 8.041015625, "peak_allocated_gib": 7.100478649139404, "gpu_time_budget": null, "module": "model.layers.25.mlp.down_proj", "step": 3584}
{"stage": "sequential-round-coordinate", "pid": 2308657, "time": 1789683091.067519, "cuda_visible_devices": "0", "allocated_gib": 5.225533962249756, "reserved_gib": 8.041015625, "peak_allocated_gib": 7.100478649139404, "gpu_time_budget": null, "module": "model.layers.25.mlp.down_proj", "step": 3712}
{"stage": "sequential-round-coordinate", "pid": 2308657, "time": 1789683091.5015316, "cuda_visible_devices": "0", "allocated_gib": 5.225533962249756, "reserved_gib": 8.041015625, "peak_allocated_gib": 7.100478649139404, "gpu_time_budget": null, "module": "model.layers.25.mlp.down_proj", "step": 3840}
{"stage": "sequential-round-coordinate", "pid": 2308657, "time": 1789683091.9385405, "cuda_visible_devices": "0", "allocated_gib": 5.225533962249756, "reserved_gib": 8.041015625, "peak_allocated_gib": 7.100478649139404, "gpu_time_budget": null, "module": "model.layers.25.mlp.down_proj", "step": 3968}
{"stage": "sequential-round-coordinate", "pid": 2308657, "time": 1789683092.382343, "cuda_visible_devices": "0", "allocated_gib": 5.225533962249756, "reserved_gib": 8.041015625, "peak_allocated_gib": 7.100478649139404, "gpu_time_budget": null, "module": "model.layers.25.mlp.down_proj", "step": 4096}
{"stage": "sequential-round-coordinate", "pid": 2308657, "time": 1789683092.8193345, "cuda_visible_devices": "0", "allocated_gib": 5.225533962249756, "reserved_gib": 8.041015625, "peak_allocated_gib": 7.100478649139404, "gpu_time_budget": null, "module": "model.layers.25.mlp.down_proj", "step": 4224}
{"stage": "sequential-round-coordinate", "pid": 2308657, "time": 1789683093.256607, "cuda_visible_devices": "0", "allocated_gib": 5.225533962249756, "reserved_gib": 8.041015625, "peak_allocated_gib": 7.100478649139404, "gpu_time_budget": null, "module": "model.layers.25.mlp.down_proj", "step": 4352}
{"stage": "sequential-round-coordinate", "pid": 2308657, "time": 1789683093.6936362, "cuda_visible_devices": "0", "allocated_gib": 5.225533962249756, "reserved_gib": 8.041015625, "peak_allocated_gib": 7.100478649139404, "gpu_time_budget": null, "module": "model.layers.25.mlp.down_proj", "step": 4480}
{"stage": "sequential-round-coordinate", "pid": 2308657, "time": 1789683094.132111, "cuda_visible_devices": "0", "allocated_gib": 5.225533962249756, "reserved_gib": 8.041015625, "peak_allocated_gib": 7.100478649139404, "gpu_time_budget": null, "module": "model.layers.25.mlp.down_proj", "step": 4608}
{"stage": "sequential-round-coordinate", "pid": 2308657, "time": 1789683094.5683162, "cuda_visible_devices": "0", "allocated_gib": 5.225533962249756, "reserved_gib": 8.041015625, "peak_allocated_gib": 7.100478649139404, "gpu_time_budget": null, "module": "model.layers.25.mlp.down_proj", "step": 4736}
{"stage": "sequential-round-coordinate", "pid": 2308657, "time": 1789683095.0005357, "cuda_visible_devices": "0", "allocated_gib": 5.225533962249756, "reserved_gib": 8.041015625, "peak_allocated_gib": 7.100478649139404, "gpu_time_budget": null, "module": "model.layers.25.mlp.down_proj", "step": 4864}
{"stage": "sequential-round-coordinate", "pid": 2308657, "time": 1789683095.4345863, "cuda_visible_devices": "0", "allocated_gib": 5.225533962249756, "reserved_gib": 8.041015625, "peak_allocated_gib": 7.100478649139404, "gpu_time_budget": null, "module": "model.layers.25.mlp.down_proj", "step": 4992}
{"stage": "sequential-round-coordinate", "pid": 2308657, "time": 1789683095.8716462, "cuda_visible_devices": "0", "allocated_gib": 5.225533962249756, "reserved_gib": 8.041015625, "peak_allocated_gib": 7.100478649139404, "gpu_time_budget": null, "module": "model.layers.25.mlp.down_proj", "step": 5120}
{"stage": "sequential-round-coordinate", "pid": 2308657, "time": 1789683096.3068037, "cuda_visible_devices": "0", "allocated_gib": 5.225533962249756, "reserved_gib": 8.041015625, "peak_allocated_gib": 7.100478649139404, "gpu_time_budget": null, "module": "model.layers.25.mlp.down_proj", "step": 5248}
{"stage": "sequential-round-coordinate", "pid": 2308657, "time": 1789683096.742917, "cuda_visible_devices": "0", "allocated_gib": 5.225533962249756, "reserved_gib": 8.041015625, "peak_allocated_gib": 7.100478649139404, "gpu_time_budget": null, "module": "model.layers.25.mlp.down_proj", "step": 5376}
{"stage": "sequential-round-coordinate", "pid": 2308657, "time": 1789683097.1791303, "cuda_visible_devices": "0", "allocated_gib": 5.225533962249756, "reserved_gib": 8.041015625, "peak_allocated_gib": 7.100478649139404, "gpu_time_budget": null, "module": "model.layers.25.mlp.down_proj", "step": 5504}
{"stage": "sequential-round-coordinate", "pid": 2308657, "time": 1789683097.6153572, "cuda_visible_devices": "0", "allocated_gib": 5.225533962249756, "reserved_gib": 8.041015625, "peak_allocated_gib": 7.100478649139404, "gpu_time_budget": null, "module": "model.layers.25.mlp.down_proj", "step": 5632}
{"stage": "sequential-round-coordinate", "pid": 2308657, "time": 1789683098.0471058, "cuda_visible_devices": "0", "allocated_gib": 5.225533962249756, "reserved_gib": 8.041015625, "peak_allocated_gib": 7.100478649139404, "gpu_time_budget": null, "module": "model.layers.25.mlp.down_proj", "step": 5760}
{"stage": "sequential-round-coordinate", "pid": 2308657, "time": 1789683098.478137, "cuda_visible_devices": "0", "allocated_gib": 5.225533962249756, "reserved_gib": 8.041015625, "peak_allocated_gib": 7.100478649139404, "gpu_time_budget": null, "module": "model.layers.25.mlp.down_proj", "step": 5888}
{"stage": "sequential-round-coordinate", "pid": 2308657, "time": 1789683098.908653, "cuda_visible_devices": "0", "allocated_gib": 5.225533962249756, "reserved_gib": 8.041015625, "peak_allocated_gib": 7.100478649139404, "gpu_time_budget": null, "module": "model.layers.25.mlp.down_proj", "step": 6016}
{"stage": "sequential-round-coordinate", "pid": 2308657, "time": 1789683099.3405466, "cuda_visible_devices": "0", "allocated_gib": 5.225533962249756, "reserved_gib": 8.041015625, "peak_allocated_gib": 7.100478649139404, "gpu_time_budget": null, "module": "model.layers.25.mlp.down_proj", "step": 6144}
{"stage": "sequential-round-coordinate", "pid": 2308657, "time": 1789683099.7719991, "cuda_visible_devices": "0", "allocated_gib": 5.225533962249756, "reserved_gib": 8.041015625, "peak_allocated_gib": 7.100478649139404, "gpu_time_budget": null, "module": "model.layers.25.mlp.down_proj", "step": 6272}
{"stage": "sequential-round-coordinate", "pid": 2308657, "time": 1789683100.200663, "cuda_visible_devices": "0", "allocated_gib": 5.225533962249756, "reserved_gib": 8.041015625, "peak_allocated_gib": 7.100478649139404, "gpu_time_budget": null, "module": "model.layers.25.mlp.down_proj", "step": 6400}
{"stage": "sequential-round-coordinate", "pid": 2308657, "time": 1789683100.6313875, "cuda_visible_devices": "0", "allocated_gib": 5.225533962249756, "reserved_gib": 8.041015625, "peak_allocated_gib": 7.100478649139404, "gpu_time_budget": null, "module": "model.layers.25.mlp.down_proj", "step": 6528}
{"stage": "sequential-round-coordinate", "pid": 2308657, "time": 1789683101.0635555, "cuda_visible_devices": "0", "allocated_gib": 5.225533962249756, "reserved_gib": 8.041015625, "peak_allocated_gib": 7.100478649139404, "gpu_time_budget": null, "module": "model.layers.25.mlp.down_proj", "step": 6656}
{"stage": "sequential-round-coordinate", "pid": 2308657, "time": 1789683101.497338, "cuda_visible_devices": "0", "allocated_gib": 5.225533962249756, "reserved_gib": 8.041015625, "peak_allocated_gib": 7.100478649139404, "gpu_time_budget": null, "module": "model.layers.25.mlp.down_proj", "step": 6784}
{"stage": "sequential-round-coordinate", "pid": 2308657, "time": 1789683101.9291792, "cuda_visible_devices": "0", "allocated_gib": 5.225533962249756, "reserved_gib": 8.041015625, "peak_allocated_gib": 7.100478649139404, "gpu_time_budget": null, "module": "model.layers.25.mlp.down_proj", "step": 6912}
{"stage": "sequential-round-coordinate", "pid": 2308657, "time": 1789683102.3630412, "cuda_visible_devices": "0", "allocated_gib": 5.225533962249756, "reserved_gib": 8.041015625, "peak_allocated_gib": 7.100478649139404, "gpu_time_budget": null, "module": "model.layers.25.mlp.down_proj", "step": 7040}
{"stage": "sequential-round-coordinate", "pid": 2308657, "time": 1789683102.795679, "cuda_visible_devices": "0", "allocated_gib": 5.225533962249756, "reserved_gib": 8.041015625, "peak_allocated_gib": 7.100478649139404, "gpu_time_budget": null, "module": "model.layers.25.mlp.down_proj", "step": 7168}
{"stage": "sequential-round-coordinate", "pid": 2308657, "time": 1789683103.2269716, "cuda_visible_devices": "0", "allocated_gib": 5.225533962249756, "reserved_gib": 8.041015625, "peak_allocated_gib": 7.100478649139404, "gpu_time_budget": null, "module": "model.layers.25.mlp.down_proj", "step": 7296}
{"stage": "sequential-round-coordinate", "pid": 2308657, "time": 1789683103.6580706, "cuda_visible_devices": "0", "allocated_gib": 5.225533962249756, "reserved_gib": 8.041015625, "peak_allocated_gib": 7.100478649139404, "gpu_time_budget": null, "module": "model.layers.25.mlp.down_proj", "step": 7424}
{"stage": "sequential-round-coordinate", "pid": 2308657, "time": 1789683104.0928552, "cuda_visible_devices": "0", "allocated_gib": 5.225533962249756, "reserved_gib": 8.041015625, "peak_allocated_gib": 7.100478649139404, "gpu_time_budget": null, "module": "model.layers.25.mlp.down_proj", "step": 7552}
{"stage": "sequential-round-coordinate", "pid": 2308657, "time": 1789683104.522834, "cuda_visible_devices": "0", "allocated_gib": 5.225533962249756, "reserved_gib": 8.041015625, "peak_allocated_gib": 7.100478649139404, "gpu_time_budget": null, "module": "model.layers.25.mlp.down_proj", "step": 7680}
{"stage": "sequential-round-coordinate", "pid": 2308657, "time": 1789683104.9582417, "cuda_visible_devices": "0", "allocated_gib": 5.225533962249756, "reserved_gib": 8.041015625, "peak_allocated_gib": 7.100478649139404, "gpu_time_budget": null, "module": "model.layers.25.mlp.down_proj", "step": 7808}
{"stage": "sequential-round-coordinate", "pid": 2308657, "time": 1789683105.3905706, "cuda_visible_devices": "0", "allocated_gib": 5.225533962249756, "reserved_gib": 8.041015625, "peak_allocated_gib": 7.100478649139404, "gpu_time_budget": null, "module": "model.layers.25.mlp.down_proj", "step": 7936}
{"stage": "sequential-round-coordinate", "pid": 2308657, "time": 1789683105.8225012, "cuda_visible_devices": "0", "allocated_gib": 5.225533962249756, "reserved_gib": 8.041015625, "peak_allocated_gib": 7.100478649139404, "gpu_time_budget": null, "module": "model.layers.25.mlp.down_proj", "step": 8064}
{"stage": "sequential-round-coordinate", "pid": 2308657, "time": 1789683106.3053157, "cuda_visible_devices": "0", "allocated_gib": 5.225533962249756, "reserved_gib": 8.041015625, "peak_allocated_gib": 7.100478649139404, "gpu_time_budget": null, "module": "model.layers.25.mlp.down_proj", "step": 8192}
{"stage": "sequential-round-train-nll", "pid": 2308657, "time": 1789683106.34754, "cuda_visible_devices": "0", "allocated_gib": 3.795783519744873, "reserved_gib": 3.80078125, "peak_allocated_gib": 7.100478649139404, "gpu_time_budget": null, "module": "model.layers.25.mlp.down_proj", "step": 512}
Evaluation segment 1/1: start=0, windows=8, seqlen=2048
{"stage": "sequential-round-train-nll", "pid": 2308657, "time": 1789683108.0836852, "cuda_visible_devices": "0", "allocated_gib": 3.795783519744873, "reserved_gib": 5.791015625, "peak_allocated_gib": 7.100478649139404, "gpu_time_budget": null, "module": "model.layers.25.mlp.down_proj", "step": 2048}
Evaluation segment 1/1: start=0, windows=8, seqlen=2048
{"stage": "sequential-round-train-nll", "pid": 2308657, "time": 1789683109.8138452, "cuda_visible_devices": "0", "allocated_gib": 3.795783519744873, "reserved_gib": 5.791015625, "peak_allocated_gib": 7.100478649139404, "gpu_time_budget": null, "module": "model.layers.25.mlp.down_proj", "step": 8192}
Evaluation segment 1/1: start=0, windows=8, seqlen=2048
{"stage": "sequential-module-completed", "pid": 2308657, "time": 1789683111.8321464, "cuda_visible_devices": "0", "allocated_gib": 3.795783519744873, "reserved_gib": 5.791015625, "peak_allocated_gib": 7.100478649139404, "gpu_time_budget": null, "module": "model.layers.25.mlp.down_proj", "completed": 26, "total": 28, "selected_train_nll": 3.0204473088695813, "elapsed_seconds": 881.7050665940624}
{"stage": "sequential-round-fit", "pid": 2308657, "time": 1789683114.6151383, "cuda_visible_devices": "0", "allocated_gib": 3.795783519744873, "reserved_gib": 5.791015625, "peak_allocated_gib": 7.100478649139404, "gpu_time_budget": null, "module": "model.layers.26.mlp.down_proj", "fit_rows": 49152, "heldout_rows": 16384}
{"stage": "sequential-round-coordinate", "pid": 2308657, "time": 1789683115.2781668, "cuda_visible_devices": "0", "allocated_gib": 5.225533962249756, "reserved_gib": 8.041015625, "peak_allocated_gib": 7.100478649139404, "gpu_time_budget": null, "module": "model.layers.26.mlp.down_proj", "step": 128}
{"stage": "sequential-round-coordinate", "pid": 2308657, "time": 1789683115.7117145, "cuda_visible_devices": "0", "allocated_gib": 5.225533962249756, "reserved_gib": 8.041015625, "peak_allocated_gib": 7.100478649139404, "gpu_time_budget": null, "module": "model.layers.26.mlp.down_proj", "step": 256}
{"stage": "sequential-round-coordinate", "pid": 2308657, "time": 1789683116.1457138, "cuda_visible_devices": "0", "allocated_gib": 5.225533962249756, "reserved_gib": 8.041015625, "peak_allocated_gib": 7.100478649139404, "gpu_time_budget": null, "module": "model.layers.26.mlp.down_proj", "step": 384}
{"stage": "sequential-round-coordinate", "pid": 2308657, "time": 1789683116.6329868, "cuda_visible_devices": "0", "allocated_gib": 5.225533962249756, "reserved_gib": 8.041015625, "peak_allocated_gib": 7.100478649139404, "gpu_time_budget": null, "module": "model.layers.26.mlp.down_proj", "step": 512}
{"stage": "sequential-round-coordinate", "pid": 2308657, "time": 1789683117.0681672, "cuda_visible_devices": "0", "allocated_gib": 5.225533962249756, "reserved_gib": 8.041015625, "peak_allocated_gib": 7.100478649139404, "gpu_time_budget": null, "module": "model.layers.26.mlp.down_proj", "step": 640}
{"stage": "sequential-round-coordinate", "pid": 2308657, "time": 1789683117.5019855, "cuda_visible_devices": "0", "allocated_gib": 5.225533962249756, "reserved_gib": 8.041015625, "peak_allocated_gib": 7.100478649139404, "gpu_time_budget": null, "module": "model.layers.26.mlp.down_proj", "step": 768}
{"stage": "sequential-round-coordinate", "pid": 2308657, "time": 1789683117.932795, "cuda_visible_devices": "0", "allocated_gib": 5.225533962249756, "reserved_gib": 8.041015625, "peak_allocated_gib": 7.100478649139404, "gpu_time_budget": null, "module": "model.layers.26.mlp.down_proj", "step": 896}
{"stage": "sequential-round-coordinate", "pid": 2308657, "time": 1789683118.3620653, "cuda_visible_devices": "0", "allocated_gib": 5.225533962249756, "reserved_gib": 8.041015625, "peak_allocated_gib": 7.100478649139404, "gpu_time_budget": null, "module": "model.layers.26.mlp.down_proj", "step": 1024}
{"stage": "sequential-round-coordinate", "pid": 2308657, "time": 1789683118.7911482, "cuda_visible_devices": "0", "allocated_gib": 5.225533962249756, "reserved_gib": 8.041015625, "peak_allocated_gib": 7.100478649139404, "gpu_time_budget": null, "module": "model.layers.26.mlp.down_proj", "step": 1152}
{"stage": "sequential-round-coordinate", "pid": 2308657, "time": 1789683119.2198122, "cuda_visible_devices": "0", "allocated_gib": 5.225533962249756, "reserved_gib": 8.041015625, "peak_allocated_gib": 7.100478649139404, "gpu_time_budget": null, "module": "model.layers.26.mlp.down_proj", "step": 1280}
{"stage": "sequential-round-coordinate", "pid": 2308657, "time": 1789683119.6496243, "cuda_visible_devices": "0", "allocated_gib": 5.225533962249756, "reserved_gib": 8.041015625, "peak_allocated_gib": 7.100478649139404, "gpu_time_budget": null, "module": "model.layers.26.mlp.down_proj", "step": 1408}
{"stage": "sequential-round-coordinate", "pid": 2308657, "time": 1789683120.0795045, "cuda_visible_devices": "0", "allocated_gib": 5.225533962249756, "reserved_gib": 8.041015625, "peak_allocated_gib": 7.100478649139404, "gpu_time_budget": null, "module": "model.layers.26.mlp.down_proj", "step": 1536}
{"stage": "sequential-round-coordinate", "pid": 2308657, "time": 1789683120.5117407, "cuda_visible_devices": "0", "allocated_gib": 5.225533962249756, "reserved_gib": 8.041015625, "peak_allocated_gib": 7.100478649139404, "gpu_time_budget": null, "module": "model.layers.26.mlp.down_proj", "step": 1664}
{"stage": "sequential-round-coordinate", "pid": 2308657, "time": 1789683120.9407759, "cuda_visible_devices": "0", "allocated_gib": 5.225533962249756, "reserved_gib": 8.041015625, "peak_allocated_gib": 7.100478649139404, "gpu_time_budget": null, "module": "model.layers.26.mlp.down_proj", "step": 1792}
{"stage": "sequential-round-coordinate", "pid": 2308657, "time": 1789683121.369819, "cuda_visible_devices": "0", "allocated_gib": 5.225533962249756, "reserved_gib": 8.041015625, "peak_allocated_gib": 7.100478649139404, "gpu_time_budget": null, "module": "model.layers.26.mlp.down_proj", "step": 1920}
{"stage": "sequential-round-coordinate", "pid": 2308657, "time": 1789683121.8502975, "cuda_visible_devices": "0", "allocated_gib": 5.225533962249756, "reserved_gib": 8.041015625, "peak_allocated_gib": 7.100478649139404, "gpu_time_budget": null, "module": "model.layers.26.mlp.down_proj", "step": 2048}
{"stage": "sequential-round-coordinate", "pid": 2308657, "time": 1789683122.2834675, "cuda_visible_devices": "0", "allocated_gib": 5.225533962249756, "reserved_gib": 8.041015625, "peak_allocated_gib": 7.100478649139404, "gpu_time_budget": null, "module": "model.layers.26.mlp.down_proj", "step": 2176}
{"stage": "sequential-round-coordinate", "pid": 2308657, "time": 1789683122.71595, "cuda_visible_devices": "0", "allocated_gib": 5.225533962249756, "reserved_gib": 8.041015625, "peak_allocated_gib": 7.100478649139404, "gpu_time_budget": null, "module": "model.layers.26.mlp.down_proj", "step": 2304}
{"stage": "sequential-round-coordinate", "pid": 2308657, "time": 1789683123.1468997, "cuda_visible_devices": "0", "allocated_gib": 5.225533962249756, "reserved_gib": 8.041015625, "peak_allocated_gib": 7.100478649139404, "gpu_time_budget": null, "module": "model.layers.26.mlp.down_proj", "step": 2432}
{"stage": "sequential-round-coordinate", "pid": 2308657, "time": 1789683123.5774555, "cuda_visible_devices": "0", "allocated_gib": 5.225533962249756, "reserved_gib": 8.041015625, "peak_allocated_gib": 7.100478649139404, "gpu_time_budget": null, "module": "model.layers.26.mlp.down_proj", "step": 2560}
{"stage": "sequential-round-coordinate", "pid": 2308657, "time": 1789683124.0107129, "cuda_visible_devices": "0", "allocated_gib": 5.225533962249756, "reserved_gib": 8.041015625, "peak_allocated_gib": 7.100478649139404, "gpu_time_budget": null, "module": "model.layers.26.mlp.down_proj", "step": 2688}
{"stage": "sequential-round-coordinate", "pid": 2308657, "time": 1789683124.4394352, "cuda_visible_devices": "0", "allocated_gib": 5.225533962249756, "reserved_gib": 8.041015625, "peak_allocated_gib": 7.100478649139404, "gpu_time_budget": null, "module": "model.layers.26.mlp.down_proj", "step": 2816}
{"stage": "sequential-round-coordinate", "pid": 2308657, "time": 1789683124.8674414, "cuda_visible_devices": "0", "allocated_gib": 5.225533962249756, "reserved_gib": 8.041015625, "peak_allocated_gib": 7.100478649139404, "gpu_time_budget": null, "module": "model.layers.26.mlp.down_proj", "step": 2944}
{"stage": "sequential-round-coordinate", "pid": 2308657, "time": 1789683125.2961664, "cuda_visible_devices": "0", "allocated_gib": 5.225533962249756, "reserved_gib": 8.041015625, "peak_allocated_gib": 7.100478649139404, "gpu_time_budget": null, "module": "model.layers.26.mlp.down_proj", "step": 3072}
{"stage": "sequential-round-coordinate", "pid": 2308657, "time": 1789683125.7250898, "cuda_visible_devices": "0", "allocated_gib": 5.225533962249756, "reserved_gib": 8.041015625, "peak_allocated_gib": 7.100478649139404, "gpu_time_budget": null, "module": "model.layers.26.mlp.down_proj", "step": 3200}
{"stage": "sequential-round-coordinate", "pid": 2308657, "time": 1789683126.1568458, "cuda_visible_devices": "0", "allocated_gib": 5.225533962249756, "reserved_gib": 8.041015625, "peak_allocated_gib": 7.100478649139404, "gpu_time_budget": null, "module": "model.layers.26.mlp.down_proj", "step": 3328}
{"stage": "sequential-round-coordinate", "pid": 2308657, "time": 1789683126.5888877, "cuda_visible_devices": "0", "allocated_gib": 5.225533962249756, "reserved_gib": 8.041015625, "peak_allocated_gib": 7.100478649139404, "gpu_time_budget": null, "module": "model.layers.26.mlp.down_proj", "step": 3456}
{"stage": "sequential-round-coordinate", "pid": 2308657, "time": 1789683127.0179803, "cuda_visible_devices": "0", "allocated_gib": 5.225533962249756, "reserved_gib": 8.041015625, "peak_allocated_gib": 7.100478649139404, "gpu_time_budget": null, "module": "model.layers.26.mlp.down_proj", "step": 3584}
{"stage": "sequential-round-coordinate", "pid": 2308657, "time": 1789683127.4466126, "cuda_visible_devices": "0", "allocated_gib": 5.225533962249756, "reserved_gib": 8.041015625, "peak_allocated_gib": 7.100478649139404, "gpu_time_budget": null, "module": "model.layers.26.mlp.down_proj", "step": 3712}
{"stage": "sequential-round-coordinate", "pid": 2308657, "time": 1789683127.874515, "cuda_visible_devices": "0", "allocated_gib": 5.225533962249756, "reserved_gib": 8.041015625, "peak_allocated_gib": 7.100478649139404, "gpu_time_budget": null, "module": "model.layers.26.mlp.down_proj", "step": 3840}
{"stage": "sequential-round-coordinate", "pid": 2308657, "time": 1789683128.3029382, "cuda_visible_devices": "0", "allocated_gib": 5.225533962249756, "reserved_gib": 8.041015625, "peak_allocated_gib": 7.100478649139404, "gpu_time_budget": null, "module": "model.layers.26.mlp.down_proj", "step": 3968}
{"stage": "sequential-round-coordinate", "pid": 2308657, "time": 1789683128.7305787, "cuda_visible_devices": "0", "allocated_gib": 5.225533962249756, "reserved_gib": 8.041015625, "peak_allocated_gib": 7.100478649139404, "gpu_time_budget": null, "module": "model.layers.26.mlp.down_proj", "step": 4096}
{"stage": "sequential-round-coordinate", "pid": 2308657, "time": 1789683129.1592343, "cuda_visible_devices": "0", "allocated_gib": 5.225533962249756, "reserved_gib": 8.041015625, "peak_allocated_gib": 7.100478649139404, "gpu_time_budget": null, "module": "model.layers.26.mlp.down_proj", "step": 4224}
{"stage": "sequential-round-coordinate", "pid": 2308657, "time": 1789683129.5906928, "cuda_visible_devices": "0", "allocated_gib": 5.225533962249756, "reserved_gib": 8.041015625, "peak_allocated_gib": 7.100478649139404, "gpu_time_budget": null, "module": "model.layers.26.mlp.down_proj", "step": 4352}
{"stage": "sequential-round-coordinate", "pid": 2308657, "time": 1789683130.0213878, "cuda_visible_devices": "0", "allocated_gib": 5.225533962249756, "reserved_gib": 8.041015625, "peak_allocated_gib": 7.100478649139404, "gpu_time_budget": null, "module": "model.layers.26.mlp.down_proj", "step": 4480}
{"stage": "sequential-round-coordinate", "pid": 2308657, "time": 1789683130.450354, "cuda_visible_devices": "0", "allocated_gib": 5.225533962249756, "reserved_gib": 8.041015625, "peak_allocated_gib": 7.100478649139404, "gpu_time_budget": null, "module": "model.layers.26.mlp.down_proj", "step": 4608}
{"stage": "sequential-round-coordinate", "pid": 2308657, "time": 1789683130.8807547, "cuda_visible_devices": "0", "allocated_gib": 5.225533962249756, "reserved_gib": 8.041015625, "peak_allocated_gib": 7.100478649139404, "gpu_time_budget": null, "module": "model.layers.26.mlp.down_proj", "step": 4736}
{"stage": "sequential-round-coordinate", "pid": 2308657, "time": 1789683131.3116822, "cuda_visible_devices": "0", "allocated_gib": 5.225533962249756, "reserved_gib": 8.041015625, "peak_allocated_gib": 7.100478649139404, "gpu_time_budget": null, "module": "model.layers.26.mlp.down_proj", "step": 4864}
{"stage": "sequential-round-coordinate", "pid": 2308657, "time": 1789683131.7417407, "cuda_visible_devices": "0", "allocated_gib": 5.225533962249756, "reserved_gib": 8.041015625, "peak_allocated_gib": 7.100478649139404, "gpu_time_budget": null, "module": "model.layers.26.mlp.down_proj", "step": 4992}
{"stage": "sequential-round-coordinate", "pid": 2308657, "time": 1789683132.1702223, "cuda_visible_devices": "0", "allocated_gib": 5.225533962249756, "reserved_gib": 8.041015625, "peak_allocated_gib": 7.100478649139404, "gpu_time_budget": null, "module": "model.layers.26.mlp.down_proj", "step": 5120}
{"stage": "sequential-round-coordinate", "pid": 2308657, "time": 1789683132.5989776, "cuda_visible_devices": "0", "allocated_gib": 5.225533962249756, "reserved_gib": 8.041015625, "peak_allocated_gib": 7.100478649139404, "gpu_time_budget": null, "module": "model.layers.26.mlp.down_proj", "step": 5248}
{"stage": "sequential-round-coordinate", "pid": 2308657, "time": 1789683133.0274904, "cuda_visible_devices": "0", "allocated_gib": 5.225533962249756, "reserved_gib": 8.041015625, "peak_allocated_gib": 7.100478649139404, "gpu_time_budget": null, "module": "model.layers.26.mlp.down_proj", "step": 5376}
{"stage": "sequential-round-coordinate", "pid": 2308657, "time": 1789683133.4559875, "cuda_visible_devices": "0", "allocated_gib": 5.225533962249756, "reserved_gib": 8.041015625, "peak_allocated_gib": 7.100478649139404, "gpu_time_budget": null, "module": "model.layers.26.mlp.down_proj", "step": 5504}
{"stage": "sequential-round-coordinate", "pid": 2308657, "time": 1789683133.887479, "cuda_visible_devices": "0", "allocated_gib": 5.225533962249756, "reserved_gib": 8.041015625, "peak_allocated_gib": 7.100478649139404, "gpu_time_budget": null, "module": "model.layers.26.mlp.down_proj", "step": 5632}
{"stage": "sequential-round-coordinate", "pid": 2308657, "time": 1789683134.3172615, "cuda_visible_devices": "0", "allocated_gib": 5.225533962249756, "reserved_gib": 8.041015625, "peak_allocated_gib": 7.100478649139404, "gpu_time_budget": null, "module": "model.layers.26.mlp.down_proj", "step": 5760}
{"stage": "sequential-round-coordinate", "pid": 2308657, "time": 1789683134.7490182, "cuda_visible_devices": "0", "allocated_gib": 5.225533962249756, "reserved_gib": 8.041015625, "peak_allocated_gib": 7.100478649139404, "gpu_time_budget": null, "module": "model.layers.26.mlp.down_proj", "step": 5888}
{"stage": "sequential-round-coordinate", "pid": 2308657, "time": 1789683135.180535, "cuda_visible_devices": "0", "allocated_gib": 5.225533962249756, "reserved_gib": 8.041015625, "peak_allocated_gib": 7.100478649139404, "gpu_time_budget": null, "module": "model.layers.26.mlp.down_proj", "step": 6016}
{"stage": "sequential-round-coordinate", "pid": 2308657, "time": 1789683135.611555, "cuda_visible_devices": "0", "allocated_gib": 5.225533962249756, "reserved_gib": 8.041015625, "peak_allocated_gib": 7.100478649139404, "gpu_time_budget": null, "module": "model.layers.26.mlp.down_proj", "step": 6144}
{"stage": "sequential-round-coordinate", "pid": 2308657, "time": 1789683136.0415177, "cuda_visible_devices": "0", "allocated_gib": 5.225533962249756, "reserved_gib": 8.041015625, "peak_allocated_gib": 7.100478649139404, "gpu_time_budget": null, "module": "model.layers.26.mlp.down_proj", "step": 6272}
{"stage": "sequential-round-coordinate", "pid": 2308657, "time": 1789683136.4705348, "cuda_visible_devices": "0", "allocated_gib": 5.225533962249756, "reserved_gib": 8.041015625, "peak_allocated_gib": 7.100478649139404, "gpu_time_budget": null, "module": "model.layers.26.mlp.down_proj", "step": 6400}
{"stage": "sequential-round-coordinate", "pid": 2308657, "time": 1789683136.900618, "cuda_visible_devices": "0", "allocated_gib": 5.225533962249756, "reserved_gib": 8.041015625, "peak_allocated_gib": 7.100478649139404, "gpu_time_budget": null, "module": "model.layers.26.mlp.down_proj", "step": 6528}
{"stage": "sequential-round-coordinate", "pid": 2308657, "time": 1789683137.3322027, "cuda_visible_devices": "0", "allocated_gib": 5.225533962249756, "reserved_gib": 8.041015625, "peak_allocated_gib": 7.100478649139404, "gpu_time_budget": null, "module": "model.layers.26.mlp.down_proj", "step": 6656}
{"stage": "sequential-round-coordinate", "pid": 2308657, "time": 1789683137.7629042, "cuda_visible_devices": "0", "allocated_gib": 5.225533962249756, "reserved_gib": 8.041015625, "peak_allocated_gib": 7.100478649139404, "gpu_time_budget": null, "module": "model.layers.26.mlp.down_proj", "step": 6784}
{"stage": "sequential-round-coordinate", "pid": 2308657, "time": 1789683138.1974456, "cuda_visible_devices": "0", "allocated_gib": 5.225533962249756, "reserved_gib": 8.041015625, "peak_allocated_gib": 7.100478649139404, "gpu_time_budget": null, "module": "model.layers.26.mlp.down_proj", "step": 6912}
{"stage": "sequential-round-coordinate", "pid": 2308657, "time": 1789683138.6306791, "cuda_visible_devices": "0", "allocated_gib": 5.225533962249756, "reserved_gib": 8.041015625, "peak_allocated_gib": 7.100478649139404, "gpu_time_budget": null, "module": "model.layers.26.mlp.down_proj", "step": 7040}
{"stage": "sequential-round-coordinate", "pid": 2308657, "time": 1789683139.062509, "cuda_visible_devices": "0", "allocated_gib": 5.225533962249756, "reserved_gib": 8.041015625, "peak_allocated_gib": 7.100478649139404, "gpu_time_budget": null, "module": "model.layers.26.mlp.down_proj", "step": 7168}
{"stage": "sequential-round-coordinate", "pid": 2308657, "time": 1789683139.49442, "cuda_visible_devices": "0", "allocated_gib": 5.225533962249756, "reserved_gib": 8.041015625, "peak_allocated_gib": 7.100478649139404, "gpu_time_budget": null, "module": "model.layers.26.mlp.down_proj", "step": 7296}
{"stage": "sequential-round-coordinate", "pid": 2308657, "time": 1789683139.924967, "cuda_visible_devices": "0", "allocated_gib": 5.225533962249756, "reserved_gib": 8.041015625, "peak_allocated_gib": 7.100478649139404, "gpu_time_budget": null, "module": "model.layers.26.mlp.down_proj", "step": 7424}
{"stage": "sequential-round-coordinate", "pid": 2308657, "time": 1789683140.3576841, "cuda_visible_devices": "0", "allocated_gib": 5.225533962249756, "reserved_gib": 8.041015625, "peak_allocated_gib": 7.100478649139404, "gpu_time_budget": null, "module": "model.layers.26.mlp.down_proj", "step": 7552}
{"stage": "sequential-round-coordinate", "pid": 2308657, "time": 1789683140.7896926, "cuda_visible_devices": "0", "allocated_gib": 5.225533962249756, "reserved_gib": 8.041015625, "peak_allocated_gib": 7.100478649139404, "gpu_time_budget": null, "module": "model.layers.26.mlp.down_proj", "step": 7680}
{"stage": "sequential-round-coordinate", "pid": 2308657, "time": 1789683141.2233286, "cuda_visible_devices": "0", "allocated_gib": 5.225533962249756, "reserved_gib": 8.041015625, "peak_allocated_gib": 7.100478649139404, "gpu_time_budget": null, "module": "model.layers.26.mlp.down_proj", "step": 7808}
{"stage": "sequential-round-coordinate", "pid": 2308657, "time": 1789683141.6537557, "cuda_visible_devices": "0", "allocated_gib": 5.225533962249756, "reserved_gib": 8.041015625, "peak_allocated_gib": 7.100478649139404, "gpu_time_budget": null, "module": "model.layers.26.mlp.down_proj", "step": 7936}
{"stage": "sequential-round-coordinate", "pid": 2308657, "time": 1789683142.0838041, "cuda_visible_devices": "0", "allocated_gib": 5.225533962249756, "reserved_gib": 8.041015625, "peak_allocated_gib": 7.100478649139404, "gpu_time_budget": null, "module": "model.layers.26.mlp.down_proj", "step": 8064}
{"stage": "sequential-round-coordinate", "pid": 2308657, "time": 1789683142.5576427, "cuda_visible_devices": "0", "allocated_gib": 5.225533962249756, "reserved_gib": 8.041015625, "peak_allocated_gib": 7.100478649139404, "gpu_time_budget": null, "module": "model.layers.26.mlp.down_proj", "step": 8192}
{"stage": "sequential-round-train-nll", "pid": 2308657, "time": 1789683142.5938954, "cuda_visible_devices": "0", "allocated_gib": 3.795783519744873, "reserved_gib": 3.80078125, "peak_allocated_gib": 7.100478649139404, "gpu_time_budget": null, "module": "model.layers.26.mlp.down_proj", "step": 512}
Evaluation segment 1/1: start=0, windows=8, seqlen=2048
{"stage": "sequential-round-train-nll", "pid": 2308657, "time": 1789683144.329062, "cuda_visible_devices": "0", "allocated_gib": 3.795783519744873, "reserved_gib": 5.791015625, "peak_allocated_gib": 7.100478649139404, "gpu_time_budget": null, "module": "model.layers.26.mlp.down_proj", "step": 2048}
Evaluation segment 1/1: start=0, windows=8, seqlen=2048
{"stage": "sequential-round-train-nll", "pid": 2308657, "time": 1789683146.087036, "cuda_visible_devices": "0", "allocated_gib": 3.795783519744873, "reserved_gib": 5.791015625, "peak_allocated_gib": 7.100478649139404, "gpu_time_budget": null, "module": "model.layers.26.mlp.down_proj", "step": 8192}
Evaluation segment 1/1: start=0, windows=8, seqlen=2048
{"stage": "sequential-module-completed", "pid": 2308657, "time": 1789683148.1687152, "cuda_visible_devices": "0", "allocated_gib": 3.795783519744873, "reserved_gib": 5.791015625, "peak_allocated_gib": 7.100478649139404, "gpu_time_budget": null, "module": "model.layers.26.mlp.down_proj", "completed": 27, "total": 28, "selected_train_nll": 3.0204473088695813, "elapsed_seconds": 918.0416400369722}
{"stage": "sequential-round-fit", "pid": 2308657, "time": 1789683151.0472403, "cuda_visible_devices": "0", "allocated_gib": 3.795783519744873, "reserved_gib": 5.791015625, "peak_allocated_gib": 7.100478649139404, "gpu_time_budget": null, "module": "model.layers.27.mlp.down_proj", "fit_rows": 49152, "heldout_rows": 16384}
{"stage": "sequential-round-coordinate", "pid": 2308657, "time": 1789683151.7100139, "cuda_visible_devices": "0", "allocated_gib": 5.225533962249756, "reserved_gib": 8.041015625, "peak_allocated_gib": 7.100478649139404, "gpu_time_budget": null, "module": "model.layers.27.mlp.down_proj", "step": 128}
{"stage": "sequential-round-coordinate", "pid": 2308657, "time": 1789683152.1442273, "cuda_visible_devices": "0", "allocated_gib": 5.225533962249756, "reserved_gib": 8.041015625, "peak_allocated_gib": 7.100478649139404, "gpu_time_budget": null, "module": "model.layers.27.mlp.down_proj", "step": 256}
{"stage": "sequential-round-coordinate", "pid": 2308657, "time": 1789683152.5780609, "cuda_visible_devices": "0", "allocated_gib": 5.225533962249756, "reserved_gib": 8.041015625, "peak_allocated_gib": 7.100478649139404, "gpu_time_budget": null, "module": "model.layers.27.mlp.down_proj", "step": 384}
{"stage": "sequential-round-coordinate", "pid": 2308657, "time": 1789683153.0599756, "cuda_visible_devices": "0", "allocated_gib": 5.225533962249756, "reserved_gib": 8.041015625, "peak_allocated_gib": 7.100478649139404, "gpu_time_budget": null, "module": "model.layers.27.mlp.down_proj", "step": 512}
{"stage": "sequential-round-coordinate", "pid": 2308657, "time": 1789683153.4942772, "cuda_visible_devices": "0", "allocated_gib": 5.225533962249756, "reserved_gib": 8.041015625, "peak_allocated_gib": 7.100478649139404, "gpu_time_budget": null, "module": "model.layers.27.mlp.down_proj", "step": 640}
{"stage": "sequential-round-coordinate", "pid": 2308657, "time": 1789683153.9283857, "cuda_visible_devices": "0", "allocated_gib": 5.225533962249756, "reserved_gib": 8.041015625, "peak_allocated_gib": 7.100478649139404, "gpu_time_budget": null, "module": "model.layers.27.mlp.down_proj", "step": 768}
{"stage": "sequential-round-coordinate", "pid": 2308657, "time": 1789683154.3617845, "cuda_visible_devices": "0", "allocated_gib": 5.225533962249756, "reserved_gib": 8.041015625, "peak_allocated_gib": 7.100478649139404, "gpu_time_budget": null, "module": "model.layers.27.mlp.down_proj", "step": 896}
{"stage": "sequential-round-coordinate", "pid": 2308657, "time": 1789683154.7917027, "cuda_visible_devices": "0", "allocated_gib": 5.225533962249756, "reserved_gib": 8.041015625, "peak_allocated_gib": 7.100478649139404, "gpu_time_budget": null, "module": "model.layers.27.mlp.down_proj", "step": 1024}
{"stage": "sequential-round-coordinate", "pid": 2308657, "time": 1789683155.2234178, "cuda_visible_devices": "0", "allocated_gib": 5.225533962249756, "reserved_gib": 8.041015625, "peak_allocated_gib": 7.100478649139404, "gpu_time_budget": null, "module": "model.layers.27.mlp.down_proj", "step": 1152}
{"stage": "sequential-round-coordinate", "pid": 2308657, "time": 1789683155.6528764, "cuda_visible_devices": "0", "allocated_gib": 5.225533962249756, "reserved_gib": 8.041015625, "peak_allocated_gib": 7.100478649139404, "gpu_time_budget": null, "module": "model.layers.27.mlp.down_proj", "step": 1280}
{"stage": "sequential-round-coordinate", "pid": 2308657, "time": 1789683156.08368, "cuda_visible_devices": "0", "allocated_gib": 5.225533962249756, "reserved_gib": 8.041015625, "peak_allocated_gib": 7.100478649139404, "gpu_time_budget": null, "module": "model.layers.27.mlp.down_proj", "step": 1408}
{"stage": "sequential-round-coordinate", "pid": 2308657, "time": 1789683156.5122025, "cuda_visible_devices": "0", "allocated_gib": 5.225533962249756, "reserved_gib": 8.041015625, "peak_allocated_gib": 7.100478649139404, "gpu_time_budget": null, "module": "model.layers.27.mlp.down_proj", "step": 1536}
{"stage": "sequential-round-coordinate", "pid": 2308657, "time": 1789683156.9444005, "cuda_visible_devices": "0", "allocated_gib": 5.225533962249756, "reserved_gib": 8.041015625, "peak_allocated_gib": 7.100478649139404, "gpu_time_budget": null, "module": "model.layers.27.mlp.down_proj", "step": 1664}
{"stage": "sequential-round-coordinate", "pid": 2308657, "time": 1789683157.374281, "cuda_visible_devices": "0", "allocated_gib": 5.225533962249756, "reserved_gib": 8.041015625, "peak_allocated_gib": 7.100478649139404, "gpu_time_budget": null, "module": "model.layers.27.mlp.down_proj", "step": 1792}
{"stage": "sequential-round-coordinate", "pid": 2308657, "time": 1789683157.804814, "cuda_visible_devices": "0", "allocated_gib": 5.225533962249756, "reserved_gib": 8.041015625, "peak_allocated_gib": 7.100478649139404, "gpu_time_budget": null, "module": "model.layers.27.mlp.down_proj", "step": 1920}
{"stage": "sequential-round-coordinate", "pid": 2308657, "time": 1789683158.2827172, "cuda_visible_devices": "0", "allocated_gib": 5.225533962249756, "reserved_gib": 8.041015625, "peak_allocated_gib": 7.100478649139404, "gpu_time_budget": null, "module": "model.layers.27.mlp.down_proj", "step": 2048}
{"stage": "sequential-round-coordinate", "pid": 2308657, "time": 1789683158.7112591, "cuda_visible_devices": "0", "allocated_gib": 5.225533962249756, "reserved_gib": 8.041015625, "peak_allocated_gib": 7.100478649139404, "gpu_time_budget": null, "module": "model.layers.27.mlp.down_proj", "step": 2176}
{"stage": "sequential-round-coordinate", "pid": 2308657, "time": 1789683159.1404421, "cuda_visible_devices": "0", "allocated_gib": 5.225533962249756, "reserved_gib": 8.041015625, "peak_allocated_gib": 7.100478649139404, "gpu_time_budget": null, "module": "model.layers.27.mlp.down_proj", "step": 2304}
{"stage": "sequential-round-coordinate", "pid": 2308657, "time": 1789683159.5690286, "cuda_visible_devices": "0", "allocated_gib": 5.225533962249756, "reserved_gib": 8.041015625, "peak_allocated_gib": 7.100478649139404, "gpu_time_budget": null, "module": "model.layers.27.mlp.down_proj", "step": 2432}
{"stage": "sequential-round-coordinate", "pid": 2308657, "time": 1789683159.9978096, "cuda_visible_devices": "0", "allocated_gib": 5.225533962249756, "reserved_gib": 8.041015625, "peak_allocated_gib": 7.100478649139404, "gpu_time_budget": null, "module": "model.layers.27.mlp.down_proj", "step": 2560}
{"stage": "sequential-round-coordinate", "pid": 2308657, "time": 1789683160.4272985, "cuda_visible_devices": "0", "allocated_gib": 5.225533962249756, "reserved_gib": 8.041015625, "peak_allocated_gib": 7.100478649139404, "gpu_time_budget": null, "module": "model.layers.27.mlp.down_proj", "step": 2688}
{"stage": "sequential-round-coordinate", "pid": 2308657, "time": 1789683160.8559515, "cuda_visible_devices": "0", "allocated_gib": 5.225533962249756, "reserved_gib": 8.041015625, "peak_allocated_gib": 7.100478649139404, "gpu_time_budget": null, "module": "model.layers.27.mlp.down_proj", "step": 2816}
{"stage": "sequential-round-coordinate", "pid": 2308657, "time": 1789683161.2854767, "cuda_visible_devices": "0", "allocated_gib": 5.225533962249756, "reserved_gib": 8.041015625, "peak_allocated_gib": 7.100478649139404, "gpu_time_budget": null, "module": "model.layers.27.mlp.down_proj", "step": 2944}
{"stage": "sequential-round-coordinate", "pid": 2308657, "time": 1789683161.7141979, "cuda_visible_devices": "0", "allocated_gib": 5.225533962249756, "reserved_gib": 8.041015625, "peak_allocated_gib": 7.100478649139404, "gpu_time_budget": null, "module": "model.layers.27.mlp.down_proj", "step": 3072}
{"stage": "sequential-round-coordinate", "pid": 2308657, "time": 1789683162.142847, "cuda_visible_devices": "0", "allocated_gib": 5.225533962249756, "reserved_gib": 8.041015625, "peak_allocated_gib": 7.100478649139404, "gpu_time_budget": null, "module": "model.layers.27.mlp.down_proj", "step": 3200}
{"stage": "sequential-round-coordinate", "pid": 2308657, "time": 1789683162.5724988, "cuda_visible_devices": "0", "allocated_gib": 5.225533962249756, "reserved_gib": 8.041015625, "peak_allocated_gib": 7.100478649139404, "gpu_time_budget": null, "module": "model.layers.27.mlp.down_proj", "step": 3328}
{"stage": "sequential-round-coordinate", "pid": 2308657, "time": 1789683163.0020971, "cuda_visible_devices": "0", "allocated_gib": 5.225533962249756, "reserved_gib": 8.041015625, "peak_allocated_gib": 7.100478649139404, "gpu_time_budget": null, "module": "model.layers.27.mlp.down_proj", "step": 3456}
{"stage": "sequential-round-coordinate", "pid": 2308657, "time": 1789683163.4310322, "cuda_visible_devices": "0", "allocated_gib": 5.225533962249756, "reserved_gib": 8.041015625, "peak_allocated_gib": 7.100478649139404, "gpu_time_budget": null, "module": "model.layers.27.mlp.down_proj", "step": 3584}
{"stage": "sequential-round-coordinate", "pid": 2308657, "time": 1789683163.8607757, "cuda_visible_devices": "0", "allocated_gib": 5.225533962249756, "reserved_gib": 8.041015625, "peak_allocated_gib": 7.100478649139404, "gpu_time_budget": null, "module": "model.layers.27.mlp.down_proj", "step": 3712}
{"stage": "sequential-round-coordinate", "pid": 2308657, "time": 1789683164.2898004, "cuda_visible_devices": "0", "allocated_gib": 5.225533962249756, "reserved_gib": 8.041015625, "peak_allocated_gib": 7.100478649139404, "gpu_time_budget": null, "module": "model.layers.27.mlp.down_proj", "step": 3840}
{"stage": "sequential-round-coordinate", "pid": 2308657, "time": 1789683164.719719, "cuda_visible_devices": "0", "allocated_gib": 5.225533962249756, "reserved_gib": 8.041015625, "peak_allocated_gib": 7.100478649139404, "gpu_time_budget": null, "module": "model.layers.27.mlp.down_proj", "step": 3968}
{"stage": "sequential-round-coordinate", "pid": 2308657, "time": 1789683165.1501932, "cuda_visible_devices": "0", "allocated_gib": 5.225533962249756, "reserved_gib": 8.041015625, "peak_allocated_gib": 7.100478649139404, "gpu_time_budget": null, "module": "model.layers.27.mlp.down_proj", "step": 4096}
{"stage": "sequential-round-coordinate", "pid": 2308657, "time": 1789683165.5791805, "cuda_visible_devices": "0", "allocated_gib": 5.225533962249756, "reserved_gib": 8.041015625, "peak_allocated_gib": 7.100478649139404, "gpu_time_budget": null, "module": "model.layers.27.mlp.down_proj", "step": 4224}
{"stage": "sequential-round-coordinate", "pid": 2308657, "time": 1789683166.010596, "cuda_visible_devices": "0", "allocated_gib": 5.225533962249756, "reserved_gib": 8.041015625, "peak_allocated_gib": 7.100478649139404, "gpu_time_budget": null, "module": "model.layers.27.mlp.down_proj", "step": 4352}
{"stage": "sequential-round-coordinate", "pid": 2308657, "time": 1789683166.4418452, "cuda_visible_devices": "0", "allocated_gib": 5.225533962249756, "reserved_gib": 8.041015625, "peak_allocated_gib": 7.100478649139404, "gpu_time_budget": null, "module": "model.layers.27.mlp.down_proj", "step": 4480}
{"stage": "sequential-round-coordinate", "pid": 2308657, "time": 1789683166.872817, "cuda_visible_devices": "0", "allocated_gib": 5.225533962249756, "reserved_gib": 8.041015625, "peak_allocated_gib": 7.100478649139404, "gpu_time_budget": null, "module": "model.layers.27.mlp.down_proj", "step": 4608}
{"stage": "sequential-round-coordinate", "pid": 2308657, "time": 1789683167.3040814, "cuda_visible_devices": "0", "allocated_gib": 5.225533962249756, "reserved_gib": 8.041015625, "peak_allocated_gib": 7.100478649139404, "gpu_time_budget": null, "module": "model.layers.27.mlp.down_proj", "step": 4736}
{"stage": "sequential-round-coordinate", "pid": 2308657, "time": 1789683167.7353585, "cuda_visible_devices": "0", "allocated_gib": 5.225533962249756, "reserved_gib": 8.041015625, "peak_allocated_gib": 7.100478649139404, "gpu_time_budget": null, "module": "model.layers.27.mlp.down_proj", "step": 4864}
{"stage": "sequential-round-coordinate", "pid": 2308657, "time": 1789683168.1669123, "cuda_visible_devices": "0", "allocated_gib": 5.225533962249756, "reserved_gib": 8.041015625, "peak_allocated_gib": 7.100478649139404, "gpu_time_budget": null, "module": "model.layers.27.mlp.down_proj", "step": 4992}
{"stage": "sequential-round-coordinate", "pid": 2308657, "time": 1789683168.5975018, "cuda_visible_devices": "0", "allocated_gib": 5.225533962249756, "reserved_gib": 8.041015625, "peak_allocated_gib": 7.100478649139404, "gpu_time_budget": null, "module": "model.layers.27.mlp.down_proj", "step": 5120}
{"stage": "sequential-round-coordinate", "pid": 2308657, "time": 1789683169.028433, "cuda_visible_devices": "0", "allocated_gib": 5.225533962249756, "reserved_gib": 8.041015625, "peak_allocated_gib": 7.100478649139404, "gpu_time_budget": null, "module": "model.layers.27.mlp.down_proj", "step": 5248}
{"stage": "sequential-round-coordinate", "pid": 2308657, "time": 1789683169.4589095, "cuda_visible_devices": "0", "allocated_gib": 5.225533962249756, "reserved_gib": 8.041015625, "peak_allocated_gib": 7.100478649139404, "gpu_time_budget": null, "module": "model.layers.27.mlp.down_proj", "step": 5376}
{"stage": "sequential-round-coordinate", "pid": 2308657, "time": 1789683169.8893914, "cuda_visible_devices": "0", "allocated_gib": 5.225533962249756, "reserved_gib": 8.041015625, "peak_allocated_gib": 7.100478649139404, "gpu_time_budget": null, "module": "model.layers.27.mlp.down_proj", "step": 5504}
{"stage": "sequential-round-coordinate", "pid": 2308657, "time": 1789683170.325631, "cuda_visible_devices": "0", "allocated_gib": 5.225533962249756, "reserved_gib": 8.041015625, "peak_allocated_gib": 7.100478649139404, "gpu_time_budget": null, "module": "model.layers.27.mlp.down_proj", "step": 5632}
{"stage": "sequential-round-coordinate", "pid": 2308657, "time": 1789683170.7551847, "cuda_visible_devices": "0", "allocated_gib": 5.225533962249756, "reserved_gib": 8.041015625, "peak_allocated_gib": 7.100478649139404, "gpu_time_budget": null, "module": "model.layers.27.mlp.down_proj", "step": 5760}
{"stage": "sequential-round-coordinate", "pid": 2308657, "time": 1789683171.1875691, "cuda_visible_devices": "0", "allocated_gib": 5.225533962249756, "reserved_gib": 8.041015625, "peak_allocated_gib": 7.100478649139404, "gpu_time_budget": null, "module": "model.layers.27.mlp.down_proj", "step": 5888}
{"stage": "sequential-round-coordinate", "pid": 2308657, "time": 1789683171.6189966, "cuda_visible_devices": "0", "allocated_gib": 5.225533962249756, "reserved_gib": 8.041015625, "peak_allocated_gib": 7.100478649139404, "gpu_time_budget": null, "module": "model.layers.27.mlp.down_proj", "step": 6016}
{"stage": "sequential-round-coordinate", "pid": 2308657, "time": 1789683172.0510023, "cuda_visible_devices": "0", "allocated_gib": 5.225533962249756, "reserved_gib": 8.041015625, "peak_allocated_gib": 7.100478649139404, "gpu_time_budget": null, "module": "model.layers.27.mlp.down_proj", "step": 6144}
{"stage": "sequential-round-coordinate", "pid": 2308657, "time": 1789683172.4847324, "cuda_visible_devices": "0", "allocated_gib": 5.225533962249756, "reserved_gib": 8.041015625, "peak_allocated_gib": 7.100478649139404, "gpu_time_budget": null, "module": "model.layers.27.mlp.down_proj", "step": 6272}
{"stage": "sequential-round-coordinate", "pid": 2308657, "time": 1789683172.916981, "cuda_visible_devices": "0", "allocated_gib": 5.225533962249756, "reserved_gib": 8.041015625, "peak_allocated_gib": 7.100478649139404, "gpu_time_budget": null, "module": "model.layers.27.mlp.down_proj", "step": 6400}
{"stage": "sequential-round-coordinate", "pid": 2308657, "time": 1789683173.3500774, "cuda_visible_devices": "0", "allocated_gib": 5.225533962249756, "reserved_gib": 8.041015625, "peak_allocated_gib": 7.100478649139404, "gpu_time_budget": null, "module": "model.layers.27.mlp.down_proj", "step": 6528}
{"stage": "sequential-round-coordinate", "pid": 2308657, "time": 1789683173.7804213, "cuda_visible_devices": "0", "allocated_gib": 5.225533962249756, "reserved_gib": 8.041015625, "peak_allocated_gib": 7.100478649139404, "gpu_time_budget": null, "module": "model.layers.27.mlp.down_proj", "step": 6656}
{"stage": "sequential-round-coordinate", "pid": 2308657, "time": 1789683174.2117271, "cuda_visible_devices": "0", "allocated_gib": 5.225533962249756, "reserved_gib": 8.041015625, "peak_allocated_gib": 7.100478649139404, "gpu_time_budget": null, "module": "model.layers.27.mlp.down_proj", "step": 6784}
{"stage": "sequential-round-coordinate", "pid": 2308657, "time": 1789683174.6425188, "cuda_visible_devices": "0", "allocated_gib": 5.225533962249756, "reserved_gib": 8.041015625, "peak_allocated_gib": 7.100478649139404, "gpu_time_budget": null, "module": "model.layers.27.mlp.down_proj", "step": 6912}
{"stage": "sequential-round-coordinate", "pid": 2308657, "time": 1789683175.0796607, "cuda_visible_devices": "0", "allocated_gib": 5.225533962249756, "reserved_gib": 8.041015625, "peak_allocated_gib": 7.100478649139404, "gpu_time_budget": null, "module": "model.layers.27.mlp.down_proj", "step": 7040}
{"stage": "sequential-round-coordinate", "pid": 2308657, "time": 1789683175.5142689, "cuda_visible_devices": "0", "allocated_gib": 5.225533962249756, "reserved_gib": 8.041015625, "peak_allocated_gib": 7.100478649139404, "gpu_time_budget": null, "module": "model.layers.27.mlp.down_proj", "step": 7168}
{"stage": "sequential-round-coordinate", "pid": 2308657, "time": 1789683175.9435267, "cuda_visible_devices": "0", "allocated_gib": 5.225533962249756, "reserved_gib": 8.041015625, "peak_allocated_gib": 7.100478649139404, "gpu_time_budget": null, "module": "model.layers.27.mlp.down_proj", "step": 7296}
{"stage": "sequential-round-coordinate", "pid": 2308657, "time": 1789683176.3734198, "cuda_visible_devices": "0", "allocated_gib": 5.225533962249756, "reserved_gib": 8.041015625, "peak_allocated_gib": 7.100478649139404, "gpu_time_budget": null, "module": "model.layers.27.mlp.down_proj", "step": 7424}
{"stage": "sequential-round-coordinate", "pid": 2308657, "time": 1789683176.8053434, "cuda_visible_devices": "0", "allocated_gib": 5.225533962249756, "reserved_gib": 8.041015625, "peak_allocated_gib": 7.100478649139404, "gpu_time_budget": null, "module": "model.layers.27.mlp.down_proj", "step": 7552}
{"stage": "sequential-round-coordinate", "pid": 2308657, "time": 1789683177.2388332, "cuda_visible_devices": "0", "allocated_gib": 5.225533962249756, "reserved_gib": 8.041015625, "peak_allocated_gib": 7.100478649139404, "gpu_time_budget": null, "module": "model.layers.27.mlp.down_proj", "step": 7680}
{"stage": "sequential-round-coordinate", "pid": 2308657, "time": 1789683177.669678, "cuda_visible_devices": "0", "allocated_gib": 5.225533962249756, "reserved_gib": 8.041015625, "peak_allocated_gib": 7.100478649139404, "gpu_time_budget": null, "module": "model.layers.27.mlp.down_proj", "step": 7808}
{"stage": "sequential-round-coordinate", "pid": 2308657, "time": 1789683178.0989945, "cuda_visible_devices": "0", "allocated_gib": 5.225533962249756, "reserved_gib": 8.041015625, "peak_allocated_gib": 7.100478649139404, "gpu_time_budget": null, "module": "model.layers.27.mlp.down_proj", "step": 7936}
{"stage": "sequential-round-coordinate", "pid": 2308657, "time": 1789683178.530984, "cuda_visible_devices": "0", "allocated_gib": 5.225533962249756, "reserved_gib": 8.041015625, "peak_allocated_gib": 7.100478649139404, "gpu_time_budget": null, "module": "model.layers.27.mlp.down_proj", "step": 8064}
{"stage": "sequential-round-coordinate", "pid": 2308657, "time": 1789683179.0014343, "cuda_visible_devices": "0", "allocated_gib": 5.225533962249756, "reserved_gib": 8.041015625, "peak_allocated_gib": 7.100478649139404, "gpu_time_budget": null, "module": "model.layers.27.mlp.down_proj", "step": 8192}
{"stage": "sequential-round-train-nll", "pid": 2308657, "time": 1789683179.0447946, "cuda_visible_devices": "0", "allocated_gib": 3.795783519744873, "reserved_gib": 3.80078125, "peak_allocated_gib": 7.100478649139404, "gpu_time_budget": null, "module": "model.layers.27.mlp.down_proj", "step": 512}
Evaluation segment 1/1: start=0, windows=8, seqlen=2048
{"stage": "sequential-round-train-nll", "pid": 2308657, "time": 1789683180.7845757, "cuda_visible_devices": "0", "allocated_gib": 3.795783519744873, "reserved_gib": 5.791015625, "peak_allocated_gib": 7.100478649139404, "gpu_time_budget": null, "module": "model.layers.27.mlp.down_proj", "step": 2048}
Evaluation segment 1/1: start=0, windows=8, seqlen=2048
{"stage": "sequential-round-train-nll", "pid": 2308657, "time": 1789683182.5132103, "cuda_visible_devices": "0", "allocated_gib": 3.795783519744873, "reserved_gib": 5.791015625, "peak_allocated_gib": 7.100478649139404, "gpu_time_budget": null, "module": "model.layers.27.mlp.down_proj", "step": 8192}
Evaluation segment 1/1: start=0, windows=8, seqlen=2048
{"stage": "sequential-module-completed", "pid": 2308657, "time": 1789683184.4512136, "cuda_visible_devices": "0", "allocated_gib": 3.795783519744873, "reserved_gib": 5.791015625, "peak_allocated_gib": 7.100478649139404, "gpu_time_budget": null, "module": "model.layers.27.mlp.down_proj", "completed": 28, "total": 28, "selected_train_nll": 3.0204473088695813, "elapsed_seconds": 954.3241420229897}
Loading checkpoint shards:   0%|          | 0/2 [00:00<?, ?it/s]Loading checkpoint shards:  50%|█████     | 1/2 [00:00<00:00,  1.59it/s]Loading checkpoint shards: 100%|██████████| 2/2 [00:00<00:00,  3.17it/s]
{"stage": "sequential-full-validation", "pid": 2308657, "time": 1789683204.9998357, "cuda_visible_devices": "0", "allocated_gib": 3.795783519744873, "reserved_gib": 3.83984375, "peak_allocated_gib": 7.100478649139404, "gpu_time_budget": null}
Evaluation segment 1/2: start=0, windows=128, seqlen=2048
Evaluation segment 2/2: start=262144, windows=1, seqlen=193
{"stage": "completed", "pid": 2308657, "time": 1789683231.9844716, "cuda_visible_devices": "0", "allocated_gib": 3.795783519744873, "reserved_gib": 5.79296875, "peak_allocated_gib": 7.100478649139404, "gpu_time_budget": null, "elapsed_seconds": 1001.8573975790059, "result": {"parent": "/home/dongpeiyan/projects/rotation-quant/runs/phase5/qwen3-1p7b/uniform-initial-s42/static_w4a8.pt", "parent_metadata": {"parent": "/home/dongpeiyan/projects/rotation-quant/runs/phase5/qwen3-1p7b/joint100-s42/checkpoint-0100/static_w4a8.pt", "method": "matched Joint100 down INT8 initialization; no postprocessing or QAT yet"}, "mode": "round", "initial_train_nll": 3.0333426037460383, "selected_train_nll": 3.0204473088695813, "completed_targets": ["model.layers.0.mlp.down_proj", "model.layers.1.mlp.down_proj", "model.layers.2.mlp.down_proj", "model.layers.3.mlp.down_proj", "model.layers.4.mlp.down_proj", "model.layers.5.mlp.down_proj", "model.layers.6.mlp.down_proj", "model.layers.7.mlp.down_proj", "model.layers.8.mlp.down_proj", "model.layers.9.mlp.down_proj", "model.layers.10.mlp.down_proj", "model.layers.11.mlp.down_proj", "model.layers.12.mlp.down_proj", "model.layers.13.mlp.down_proj", "model.layers.14.mlp.down_proj", "model.layers.15.mlp.down_proj", "model.layers.16.mlp.down_proj", "model.layers.17.mlp.down_proj", "model.layers.18.mlp.down_proj", "model.layers.19.mlp.down_proj", "model.layers.20.mlp.down_proj", "model.layers.21.mlp.down_proj", "model.layers.22.mlp.down_proj", "model.layers.23.mlp.down_proj", "model.layers.24.mlp.down_proj", "model.layers.25.mlp.down_proj", "model.layers.26.mlp.down_proj", "model.layers.27.mlp.down_proj"], "new_module_results": [{"module": "model.layers.0.mlp.down_proj", "selected_step": 0, "previous_train_nll": 3.0333426037460383, "selected_train_nll": 3.0333426037460383, "trials": [{"step": 0, "fit_mse": 0.0009800437837839127, "heldout_mse": 0.000989182386547327, "changed_codes": 0, "train_nll": 3.0333426037460383}, {"step": 512, "fit_mse": 0.000677356612868607, "heldout_mse": 0.0007451296551153064, "changed_codes": 389565, "train_nll": 3.037730974165642}, {"step": 2048, "fit_mse": 0.0005520317936316133, "heldout_mse": 0.000698112475220114, "changed_codes": 1144113, "train_nll": 3.037022847238724}, {"step": 8192, "fit_mse": 0.0004525595286395401, "heldout_mse": 0.0006500715389847755, "changed_codes": 1628263, "train_nll": 3.036772719553781}]}, {"module": "model.layers.1.mlp.down_proj", "selected_step": 8192, "previous_train_nll": 3.0333426037460383, "selected_train_nll": 3.031097359072782, "trials": [{"step": 0, "fit_mse": 0.0016376179410144687, "heldout_mse": 0.0016790824010968208, "changed_codes": 0, "train_nll": 3.0333426037460383}, {"step": 512, "fit_mse": 0.0011890907771885395, "heldout_mse": 0.0013438386376947165, "changed_codes": 388410, "train_nll": 3.0346851517586915}, {"step": 2048, "fit_mse": 0.0010462270583957434, "heldout_mse": 0.0013647270388901234, "changed_codes": 1398532, "train_nll": 3.033913179708996}, {"step": 8192, "fit_mse": 0.000922315230127424, "heldout_mse": 0.001372160972096026, "changed_codes": 2069290, "train_nll": 3.031097359072782}]}, {"module": "model.layers.2.mlp.down_proj", "selected_step": 14, "previous_train_nll": 3.031097359072782, "selected_train_nll": 3.027613693663862, "trials": [{"step": 0, "fit_mse": 2.3228659629821777, "heldout_mse": 2.326805591583252, "changed_codes": 0, "train_nll": 3.031097359072782}, {"step": 14, "fit_mse": 2.043215274810791, "heldout_mse": 2.2165679931640625, "changed_codes": 2019, "train_nll": 3.027613693663862}]}, {"module": "model.layers.3.mlp.down_proj", "selected_step": 512, "previous_train_nll": 3.027613693663862, "selected_train_nll": 3.0269689859391318, "trials": [{"step": 0, "fit_mse": 0.0048781754449009895, "heldout_mse": 0.005027884617447853, "changed_codes": 0, "train_nll": 3.027613693663862}, {"step": 512, "fit_mse": 0.003408146556466818, "heldout_mse": 0.0038097626529634, "changed_codes": 441529, "train_nll": 3.0269689859391318}, {"step": 2048, "fit_mse": 0.0029530241154134274, "heldout_mse": 0.003697903361171484, "changed_codes": 1170862, "train_nll": 3.033859478278198}, {"step": 8192, "fit_mse": 0.0025699660181999207, "heldout_mse": 0.0035886787809431553, "changed_codes": 1599613, "train_nll": 3.030639655424998}]}, {"module": "model.layers.4.mlp.down_proj", "selected_step": 0, "previous_train_nll": 3.0269689859391318, "selected_train_nll": 3.0269689859391318, "trials": [{"step": 0, "fit_mse": 0.005076962988823652, "heldout_mse": 0.005068465135991573, "changed_codes": 0, "train_nll": 3.0269689859391318}, {"step": 512, "fit_mse": 0.0035592778585851192, "heldout_mse": 0.0037771109491586685, "changed_codes": 436003, "train_nll": 3.031985742767561}, {"step": 2048, "fit_mse": 0.003066929057240486, "heldout_mse": 0.003528053406625986, "changed_codes": 1156994, "train_nll": 3.035391544032714}, {"step": 8192, "fit_mse": 0.002685647225007415, "heldout_mse": 0.0033379457890987396, "changed_codes": 1480990, "train_nll": 3.031823399094848}]}, {"module": "model.layers.5.mlp.down_proj", "selected_step": 0, "previous_train_nll": 3.0269689859391318, "selected_train_nll": 3.0269689859391318, "trials": [{"step": 0, "fit_mse": 0.005642542149871588, "heldout_mse": 0.005618391092866659, "changed_codes": 0, "train_nll": 3.0269689859391318}, {"step": 512, "fit_mse": 0.004224730189889669, "heldout_mse": 0.004435592330992222, "changed_codes": 397960, "train_nll": 3.027798703550134}, {"step": 2048, "fit_mse": 0.0036765914410352707, "heldout_mse": 0.004127330146729946, "changed_codes": 847475, "train_nll": 3.029703892405851}, {"step": 8192, "fit_mse": 0.0031981549691408873, "heldout_mse": 0.003890982363373041, "changed_codes": 1225696, "train_nll": 3.0313138459282643}]}, {"module": "model.layers.6.mlp.down_proj", "selected_step": 0, "previous_train_nll": 3.0269689859391318, "selected_train_nll": 3.0269689859391318, "trials": [{"step": 0, "fit_mse": 0.007105115335434675, "heldout_mse": 0.006906399503350258, "changed_codes": 0, "train_nll": 3.0269689859391318}, {"step": 512, "fit_mse": 0.005229740869253874, "heldout_mse": 0.005396554712206125, "changed_codes": 428071, "train_nll": 3.0289127496585895}, {"step": 2048, "fit_mse": 0.0045377942733466625, "heldout_mse": 0.004990985617041588, "changed_codes": 924246, "train_nll": 3.0298471330646897}, {"step": 8192, "fit_mse": 0.003966427408158779, "heldout_mse": 0.004691894166171551, "changed_codes": 1294622, "train_nll": 3.029765191595647}]}, {"module": "model.layers.7.mlp.down_proj", "selected_step": 0, "previous_train_nll": 3.0269689859391318, "selected_train_nll": 3.0269689859391318, "trials": [{"step": 0, "fit_mse": 0.007997114211320877, "heldout_mse": 0.007767223287373781, "changed_codes": 0, "train_nll": 3.0269689859391318}, {"step": 512, "fit_mse": 0.005744227673858404, "heldout_mse": 0.0059248218312859535, "changed_codes": 435070, "train_nll": 3.0316584530080637}, {"step": 2048, "fit_mse": 0.004962129984050989, "heldout_mse": 0.005427396856248379, "changed_codes": 994479, "train_nll": 3.0309960948813246}, {"step": 8192, "fit_mse": 0.004352021962404251, "heldout_mse": 0.005087737925350666, "changed_codes": 1337034, "train_nll": 3.0281763758283535}]}, {"module": "model.layers.8.mlp.down_proj", "selected_step": 0, "previous_train_nll": 3.0269689859391318, "selected_train_nll": 3.0269689859391318, "trials": [{"step": 0, "fit_mse": 0.009890465065836906, "heldout_mse": 0.00952790305018425, "changed_codes": 0, "train_nll": 3.0269689859391318}, {"step": 512, "fit_mse": 0.006962993647903204, "heldout_mse": 0.007131052203476429, "changed_codes": 452837, "train_nll": 3.0308642519498896}, {"step": 2048, "fit_mse": 0.0059943958185613155, "heldout_mse": 0.006556130014359951, "changed_codes": 990406, "train_nll": 3.0293545535760447}, {"step": 8192, "fit_mse": 0.005237109959125519, "heldout_mse": 0.0061652204021811485, "changed_codes": 1360398, "train_nll": 3.029597785227822}]}, {"module": "model.layers.9.mlp.down_proj", "selected_step": 0, "previous_train_nll": 3.0269689859391318, "selected_train_nll": 3.0269689859391318, "trials": [{"step": 0, "fit_mse": 0.016038130968809128, "heldout_mse": 0.015596067532896996, "changed_codes": 0, "train_nll": 3.0269689859391318}, {"step": 512, "fit_mse": 0.010396713390946388, "heldout_mse": 0.010847920551896095, "changed_codes": 482122, "train_nll": 3.0299898002744956}, {"step": 2048, "fit_mse": 0.008834241889417171, "heldout_mse": 0.009915840812027454, "changed_codes": 1127354, "train_nll": 3.028217366389267}, {"step": 8192, "fit_mse": 0.0076718442142009735, "heldout_mse": 0.0092955082654953, "changed_codes": 1540499, "train_nll": 3.029195655771299}]}, {"module": "model.layers.10.mlp.down_proj", "selected_step": 0, "previous_train_nll": 3.0269689859391318, "selected_train_nll": 3.0269689859391318, "trials": [{"step": 0, "fit_mse": 0.025607723742723465, "heldout_mse": 0.025097394362092018, "changed_codes": 0, "train_nll": 3.0269689859391318}, {"step": 512, "fit_mse": 0.017113618552684784, "heldout_mse": 0.017810378223657608, "changed_codes": 508828, "train_nll": 3.030718394266398}, {"step": 2048, "fit_mse": 0.014370866119861603, "heldout_mse": 0.01612374372780323, "changed_codes": 1304940, "train_nll": 3.0310747136074254}, {"step": 8192, "fit_mse": 0.012380925938487053, "heldout_mse": 0.015125690028071404, "changed_codes": 1789721, "train_nll": 3.0299940394279994}]}, {"module": "model.layers.11.mlp.down_proj", "selected_step": 2048, "previous_train_nll": 3.0269689859391318, "selected_train_nll": 3.0258937644537864, "trials": [{"step": 0, "fit_mse": 0.029644262045621872, "heldout_mse": 0.029293354600667953, "changed_codes": 0, "train_nll": 3.0269689859391318}, {"step": 512, "fit_mse": 0.020233802497386932, "heldout_mse": 0.021306876093149185, "changed_codes": 517237, "train_nll": 3.030660653055582}, {"step": 2048, "fit_mse": 0.017014963552355766, "heldout_mse": 0.019321031868457794, "changed_codes": 1272558, "train_nll": 3.0258937644537864}, {"step": 8192, "fit_mse": 0.014616738073527813, "heldout_mse": 0.01811746135354042, "changed_codes": 1765367, "train_nll": 3.030093746508584}]}, {"module": "model.layers.12.mlp.down_proj", "selected_step": 0, "previous_train_nll": 3.0258937644537864, "selected_train_nll": 3.0258937644537864, "trials": [{"step": 0, "fit_mse": 0.03703700751066208, "heldout_mse": 0.03669479861855507, "changed_codes": 0, "train_nll": 3.0258937644537864}, {"step": 512, "fit_mse": 0.02494664117693901, "heldout_mse": 0.02613528072834015, "changed_codes": 547462, "train_nll": 3.02605485309133}, {"step": 2048, "fit_mse": 0.0207289457321167, "heldout_mse": 0.023382673040032387, "changed_codes": 1379406, "train_nll": 3.026798984421281}, {"step": 8192, "fit_mse": 0.01763862743973732, "heldout_mse": 0.021831423044204712, "changed_codes": 1918551, "train_nll": 3.027808955218905}]}, {"module": "model.layers.13.mlp.down_proj", "selected_step": 0, "previous_train_nll": 3.0258937644537864, "selected_train_nll": 3.0258937644537864, "trials": [{"step": 0, "fit_mse": 0.04398670047521591, "heldout_mse": 0.044235710054636, "changed_codes": 0, "train_nll": 3.0258937644537864}, {"step": 512, "fit_mse": 0.030979342758655548, "heldout_mse": 0.03283308446407318, "changed_codes": 527558, "train_nll": 3.0284245091983584}, {"step": 2048, "fit_mse": 0.026034703478217125, "heldout_mse": 0.029757078737020493, "changed_codes": 1369887, "train_nll": 3.0268745134050095}, {"step": 8192, "fit_mse": 0.02226988598704338, "heldout_mse": 0.02800140529870987, "changed_codes": 1912869, "train_nll": 3.0296559565867414}]}, {"module": "model.layers.14.mlp.down_proj", "selected_step": 0, "previous_train_nll": 3.0258937644537864, "selected_train_nll": 3.0258937644537864, "trials": [{"step": 0, "fit_mse": 0.06103450059890747, "heldout_mse": 0.06042051315307617, "changed_codes": 0, "train_nll": 3.0258937644537864}, {"step": 512, "fit_mse": 0.04395105689764023, "heldout_mse": 0.045303378254175186, "changed_codes": 514099, "train_nll": 3.026832173502298}, {"step": 2048, "fit_mse": 0.03719650208950043, "heldout_mse": 0.04137195646762848, "changed_codes": 1365899, "train_nll": 3.027951267079472}, {"step": 8192, "fit_mse": 0.0318603441119194, "heldout_mse": 0.03905901685357094, "changed_codes": 1954035, "train_nll": 3.0273342204261326}]}, {"module": "model.layers.15.mlp.down_proj", "selected_step": 0, "previous_train_nll": 3.0258937644537864, "selected_train_nll": 3.0258937644537864, "trials": [{"step": 0, "fit_mse": 0.09641575068235397, "heldout_mse": 0.09634102880954742, "changed_codes": 0, "train_nll": 3.0258937644537864}, {"step": 512, "fit_mse": 0.06489133834838867, "heldout_mse": 0.06764603406190872, "changed_codes": 508141, "train_nll": 3.0278921653263673}, {"step": 2048, "fit_mse": 0.05439309403300285, "heldout_mse": 0.06088665872812271, "changed_codes": 1505054, "train_nll": 3.0294218677249325}, {"step": 8192, "fit_mse": 0.04638068377971649, "heldout_mse": 0.0570528581738472, "changed_codes": 2100535, "train_nll": 3.026833560208729}]}, {"module": "model.layers.16.mlp.down_proj", "selected_step": 0, "previous_train_nll": 3.0258937644537864, "selected_train_nll": 3.0258937644537864, "trials": [{"step": 0, "fit_mse": 0.260191410779953, "heldout_mse": 0.26260241866111755, "changed_codes": 0, "train_nll": 3.0258937644537864}, {"step": 512, "fit_mse": 0.16933004558086395, "heldout_mse": 0.17839327454566956, "changed_codes": 387261, "train_nll": 3.0280835869334095}, {"step": 2048, "fit_mse": 0.1413116157054901, "heldout_mse": 0.15969710052013397, "changed_codes": 1612524, "train_nll": 3.02801655198694}, {"step": 8192, "fit_mse": 0.11978964507579803, "heldout_mse": 0.14937518537044525, "changed_codes": 2460603, "train_nll": 3.027536927143561}]}, {"module": "model.layers.17.mlp.down_proj", "selected_step": 0, "previous_train_nll": 3.0258937644537864, "selected_train_nll": 3.0258937644537864, "trials": [{"step": 0, "fit_mse": 0.354815810918808, "heldout_mse": 0.3643924593925476, "changed_codes": 0, "train_nll": 3.0258937644537864}, {"step": 512, "fit_mse": 0.2345428466796875, "heldout_mse": 0.2505282759666443, "changed_codes": 367576, "train_nll": 3.027387903825755}, {"step": 2048, "fit_mse": 0.1982780396938324, "heldout_mse": 0.22870656847953796, "changed_codes": 1498095, "train_nll": 3.028108885455977}, {"step": 8192, "fit_mse": 0.16940194368362427, "heldout_mse": 0.21657750010490417, "changed_codes": 2343913, "train_nll": 3.027340411257779}]}, {"module": "model.layers.18.mlp.down_proj", "selected_step": 0, "previous_train_nll": 3.0258937644537864, "selected_train_nll": 3.0258937644537864, "trials": [{"step": 0, "fit_mse": 0.5819059610366821, "heldout_mse": 0.5847013592720032, "changed_codes": 0, "train_nll": 3.0258937644537864}, {"step": 512, "fit_mse": 0.4011704921722412, "heldout_mse": 0.4223629832267761, "changed_codes": 357497, "train_nll": 3.0294013973262346}, {"step": 2048, "fit_mse": 0.34289488196372986, "heldout_mse": 0.3905229866504669, "changed_codes": 1486804, "train_nll": 3.027307978266438}, {"step": 8192, "fit_mse": 0.29404839873313904, "heldout_mse": 0.3735142946243286, "changed_codes": 2542250, "train_nll": 3.027212151574251}]}, {"module": "model.layers.19.mlp.down_proj", "selected_step": 8192, "previous_train_nll": 3.0258937644537864, "selected_train_nll": 3.0229020200257315, "trials": [{"step": 0, "fit_mse": 1.308140516281128, "heldout_mse": 1.33688485622406, "changed_codes": 0, "train_nll": 3.0258937644537864}, {"step": 512, "fit_mse": 0.8364455699920654, "heldout_mse": 0.8895367383956909, "changed_codes": 360616, "train_nll": 3.024501825767691}, {"step": 2048, "fit_mse": 0.7113561630249023, "heldout_mse": 0.8263246417045593, "changed_codes": 1346243, "train_nll": 3.0234177317062745}, {"step": 8192, "fit_mse": 0.6091129183769226, "heldout_mse": 0.7965953350067139, "changed_codes": 2766025, "train_nll": 3.0229020200257315}]}, {"module": "model.layers.20.mlp.down_proj", "selected_step": 0, "previous_train_nll": 3.0229020200257315, "selected_train_nll": 3.0229020200257315, "trials": [{"step": 0, "fit_mse": 1.9574079513549805, "heldout_mse": 1.9291982650756836, "changed_codes": 0, "train_nll": 3.0229020200257315}, {"step": 512, "fit_mse": 1.2888760566711426, "heldout_mse": 1.3961422443389893, "changed_codes": 354612, "train_nll": 3.024233067405603}, {"step": 2048, "fit_mse": 1.100973129272461, "heldout_mse": 1.3327984809875488, "changed_codes": 1246889, "train_nll": 3.0234101250822776}, {"step": 8192, "fit_mse": 0.950551450252533, "heldout_mse": 1.3109772205352783, "changed_codes": 3007924, "train_nll": 3.0239224225034587}]}, {"module": "model.layers.21.mlp.down_proj", "selected_step": 0, "previous_train_nll": 3.0229020200257315, "selected_train_nll": 3.0229020200257315, "trials": [{"step": 0, "fit_mse": 2.80220103263855, "heldout_mse": 2.802058219909668, "changed_codes": 0, "train_nll": 3.0229020200257315}, {"step": 512, "fit_mse": 1.9029576778411865, "heldout_mse": 2.0842864513397217, "changed_codes": 350701, "train_nll": 3.0241029253336578}, {"step": 2048, "fit_mse": 1.6355713605880737, "heldout_mse": 2.0062499046325684, "changed_codes": 1239246, "train_nll": 3.0254292286612063}, {"step": 8192, "fit_mse": 1.4115108251571655, "heldout_mse": 2.005333423614502, "changed_codes": 3288015, "train_nll": 3.025153681701993}]}, {"module": "model.layers.22.mlp.down_proj", "selected_step": 512, "previous_train_nll": 3.0229020200257315, "selected_train_nll": 3.022355583998529, "trials": [{"step": 0, "fit_mse": 3.5986411571502686, "heldout_mse": 3.535766124725342, "changed_codes": 0, "train_nll": 3.0229020200257315}, {"step": 512, "fit_mse": 2.248081684112549, "heldout_mse": 2.5193185806274414, "changed_codes": 348946, "train_nll": 3.022355583998529}, {"step": 2048, "fit_mse": 1.925819754600525, "heldout_mse": 2.4993789196014404, "changed_codes": 1298237, "train_nll": 3.024193303569416}, {"step": 8192, "fit_mse": 1.6486711502075195, "heldout_mse": 2.5527429580688477, "changed_codes": 3331668, "train_nll": 3.0252950756642805}]}, {"module": "model.layers.23.mlp.down_proj", "selected_step": 0, "previous_train_nll": 3.022355583998529, "selected_train_nll": 3.022355583998529, "trials": [{"step": 0, "fit_mse": 3.791950225830078, "heldout_mse": 3.753685474395752, "changed_codes": 0, "train_nll": 3.022355583998529}, {"step": 512, "fit_mse": 2.5136194229125977, "heldout_mse": 2.869722366333008, "changed_codes": 334029, "train_nll": 3.0242732003968875}, {"step": 2048, "fit_mse": 2.1642565727233887, "heldout_mse": 2.8418846130371094, "changed_codes": 1262213, "train_nll": 3.0248260931439908}, {"step": 8192, "fit_mse": 1.850570559501648, "heldout_mse": 2.9860680103302, "changed_codes": 3009939, "train_nll": 3.0253282221090725}]}, {"module": "model.layers.24.mlp.down_proj", "selected_step": 512, "previous_train_nll": 3.022355583998529, "selected_train_nll": 3.0204473088695813, "trials": [{"step": 0, "fit_mse": 5.917197227478027, "heldout_mse": 5.621993541717529, "changed_codes": 0, "train_nll": 3.022355583998529}, {"step": 512, "fit_mse": 3.1857428550720215, "heldout_mse": 3.560441017150879, "changed_codes": 348807, "train_nll": 3.0204473088695813}, {"step": 2048, "fit_mse": 2.707228183746338, "heldout_mse": 3.553291082382202, "changed_codes": 1326241, "train_nll": 3.022116250153468}, {"step": 8192, "fit_mse": 2.2943220138549805, "heldout_mse": 3.6815578937530518, "changed_codes": 2737299, "train_nll": 3.0216379681244474}]}, {"module": "model.layers.25.mlp.down_proj", "selected_step": 0, "previous_train_nll": 3.0204473088695813, "selected_train_nll": 3.0204473088695813, "trials": [{"step": 0, "fit_mse": 6.985459804534912, "heldout_mse": 6.533674716949463, "changed_codes": 0, "train_nll": 3.0204473088695813}, {"step": 512, "fit_mse": 3.9956817626953125, "heldout_mse": 4.292871952056885, "changed_codes": 376550, "train_nll": 3.0221886971761505}, {"step": 2048, "fit_mse": 3.362386703491211, "heldout_mse": 4.29644250869751, "changed_codes": 1405597, "train_nll": 3.0222988437464267}, {"step": 8192, "fit_mse": 2.84049654006958, "heldout_mse": 4.429244041442871, "changed_codes": 2602338, "train_nll": 3.0234465806933777}]}, {"module": "model.layers.26.mlp.down_proj", "selected_step": 0, "previous_train_nll": 3.0204473088695813, "selected_train_nll": 3.0204473088695813, "trials": [{"step": 0, "fit_mse": 11.712493896484375, "heldout_mse": 11.405467987060547, "changed_codes": 0, "train_nll": 3.0204473088695813}, {"step": 512, "fit_mse": 5.115387916564941, "heldout_mse": 5.767085075378418, "changed_codes": 388766, "train_nll": 3.0212297424078827}, {"step": 2048, "fit_mse": 4.230264663696289, "heldout_mse": 5.788802623748779, "changed_codes": 1506220, "train_nll": 3.0219337161151243}, {"step": 8192, "fit_mse": 3.5420713424682617, "heldout_mse": 5.9045915603637695, "changed_codes": 2517763, "train_nll": 3.02208522636184}]}, {"module": "model.layers.27.mlp.down_proj", "selected_step": 0, "previous_train_nll": 3.0204473088695813, "selected_train_nll": 3.0204473088695813, "trials": [{"step": 0, "fit_mse": 101.2001953125, "heldout_mse": 102.68415832519531, "changed_codes": 0, "train_nll": 3.0204473088695813}, {"step": 512, "fit_mse": 8.818621635437012, "heldout_mse": 10.016528129577637, "changed_codes": 426302, "train_nll": 3.023538316796408}, {"step": 2048, "fit_mse": 7.375190258026123, "heldout_mse": 10.066648483276367, "changed_codes": 1610463, "train_nll": 3.0241159959222057}, {"step": 8192, "fit_mse": 6.277585506439209, "heldout_mse": 10.768985748291016, "changed_codes": 3632919, "train_nll": 3.02474549935858}]}], "validation_status": "completed", "validation": {"token_count": 262337, "predicted_tokens": 262208, "segments": [{"start_token": 0, "seqlen": 2048, "windows": 128, "predicted_tokens": 262016, "ppl": 19.519893646240234, "nll": 2.971434132519296}, {"start_token": 262144, "seqlen": 193, "windows": 1, "predicted_tokens": 192, "ppl": 22.48731231689453, "nll": 3.1129512531337418}], "unscored_tail_tokens": 0, "nll": 2.9715377574550645, "ppl": 19.521916498772708, "evaluation_precision": "existing evaluator: BF16 logits CE, per-token loss to FP32; log(float32 PPL), weighted by predicted tokens", "acceptance_source": "/home/dongpeiyan/projects/rotation-quant/scripts/phase2/validation_acceptance.py", "evaluator_source": "/home/dongpeiyan/projects/rotation-quant/worktrees/SpinQuant-multimodel/experiments/phase3/architecture.py", "parent": "/home/dongpeiyan/projects/rotation-quant/runs/phase5/qwen3-1p7b/uniform-initial-s42/static_w4a8.pt", "parent_metadata": {"parent": "/home/dongpeiyan/projects/rotation-quant/runs/phase5/qwen3-1p7b/joint100-s42/checkpoint-0100/static_w4a8.pt", "method": "matched Joint100 down INT8 initialization; no postprocessing or QAT yet"}, "method": "sequential frozen-package postprocessing; no gradient training in this stage", "format": "196 W4 / 196 static INT8; BF16 KV16 prefill"}}}
